n_train,n_calib,n_test,accuracy,roc_auc,log_loss,brier,pos_rate,buy_hit_50,buy_n_50,buy_hit_55,buy_n_55,buy_hit_60,buy_n_60,ticker,horizon,fold,train_end_idx,test_start_idx
399,100,63,0.4603,0.5602,2.0686,0.2938,0.4444,0.44,50,0.5714,21,,0,AAPL,5,0,499,504
449,113,63,0.619,0.6347,1.1314,0.2528,0.6032,0.8182,22,0.8182,22,0.7692,13,AAPL,5,1,562,567
500,125,63,0.4444,0.4643,0.8044,0.3025,0.5556,,0,,0,,0,AAPL,5,2,625,630
550,138,63,0.5873,0.499,0.6871,0.247,0.5873,0.5873,63,,0,,0,AAPL,5,3,688,693
600,151,63,0.4921,0.5697,0.6865,0.2489,0.4762,0.4839,62,0.5,42,1.0,3,AAPL,5,4,751,756
651,163,63,0.4921,0.4153,1.9192,0.3181,0.5397,0.5263,38,0.0,4,0.0,4,AAPL,5,5,814,819
701,176,63,0.2857,0.5765,8.5301,0.5912,0.7143,,0,,0,,0,AAPL,5,6,877,882
752,188,63,0.5556,0.5644,0.696,0.2513,0.4127,0.4706,34,0.4706,34,,0,AAPL,5,7,940,945
802,201,63,0.4444,0.5821,3.5709,0.3869,0.5873,0.5625,16,1.0,2,,0,AAPL,5,8,1003,1008
399,100,63,0.5714,0.517,0.6877,0.2471,0.5714,0.5714,63,0.5789,57,0.5789,57,ABNB,5,0,499,504
449,113,63,0.4762,0.55,2.2111,0.3539,0.4444,0.459,61,0.459,61,0.459,61,ABNB,5,1,562,567
500,125,63,0.6667,0.5,0.6572,0.2321,0.6667,0.6667,63,0.6667,63,,0,ABNB,5,2,625,630
550,138,63,0.4921,0.439,0.7387,0.271,0.4921,0.4921,63,0.4921,63,0.3,10,ABNB,5,3,688,693
600,151,63,0.3651,0.3869,1.2021,0.289,0.4762,0.4,50,0.3878,49,,0,ABNB,5,4,751,756
651,163,63,0.619,0.6414,0.6457,0.2308,0.5238,0.6098,41,0.6316,38,,0,ABNB,5,5,814,819
701,176,63,0.3651,0.4259,1.2068,0.287,0.4286,0.3898,59,,0,,0,ABNB,5,6,877,882
752,188,63,0.4762,0.5847,0.6908,0.2492,0.5397,1.0,1,1.0,1,1.0,1,ABNB,5,7,940,945
802,201,63,0.6032,0.7031,0.8776,0.2368,0.5556,0.8571,14,0.8571,14,,0,ABNB,5,8,1003,1008
399,100,63,0.5079,0.4552,0.7938,0.2946,0.4286,0.4,20,0.4,20,0.4,20,ABT,5,0,499,504
449,113,63,0.4921,0.5842,5.3564,0.4273,0.4921,0.4921,63,0.4921,63,0.4921,63,ABT,5,1,562,567
500,125,63,0.4286,0.5477,0.774,0.2907,0.6508,0.7273,11,,0,,0,ABT,5,2,625,630
550,138,63,0.5079,0.5318,3.9849,0.3808,0.4921,,0,,0,,0,ABT,5,3,688,693
600,151,63,0.5714,0.5577,0.6924,0.2494,0.5556,0.625,32,0.6207,29,0.6207,29,ABT,5,4,751,756
651,163,63,0.5397,0.5857,1.124,0.2548,0.5397,0.6,25,0.6,25,0.6,25,ABT,5,5,814,819
701,176,63,0.4603,0.5949,0.6941,0.2522,0.4444,0.4483,58,0.5417,24,0.5417,24,ABT,5,6,877,882
752,188,63,0.6667,0.6613,0.8365,0.2272,0.4603,0.6111,36,0.5882,34,0.8333,12,ABT,5,7,940,945
802,201,63,0.3651,0.4385,4.6414,0.5183,0.2063,0.2245,49,0.2245,49,0.2245,49,ABT,5,8,1003,1008
399,100,63,0.381,0.5417,0.7066,0.2575,0.381,0.381,63,1.0,2,1.0,2,ADSK,5,0,499,504
449,113,63,0.5556,0.5638,0.8867,0.2438,0.5556,0.5556,63,0.7778,9,0.75,8,ADSK,5,1,562,567
500,125,63,0.3333,0.4007,0.8578,0.3297,0.7619,0.6875,16,0.3333,6,,0,ADSK,5,2,625,630
550,138,63,0.4921,0.5,0.7073,0.257,0.4921,0.4921,63,0.4921,63,,0,ADSK,5,3,688,693
600,151,63,0.5873,0.6379,1.3204,0.3076,0.4603,0.5273,55,0.5273,55,0.5273,55,ADSK,5,4,751,756
651,163,63,0.5238,0.5117,0.7213,0.2632,0.5556,0.7778,9,0.7778,9,0.875,8,ADSK,5,5,814,819
701,176,63,0.4127,0.3125,0.746,0.2758,0.4921,0.4483,58,0.4483,58,0.3913,46,ADSK,5,6,877,882
752,188,63,0.3651,0.5,0.7001,0.2535,0.3651,0.3651,63,,0,,0,ADSK,5,7,940,945
802,201,63,0.4127,0.7277,0.7039,0.2526,0.4127,0.4127,63,0.68,25,0.68,25,ADSK,5,8,1003,1008
399,100,63,0.6667,0.6408,1.2182,0.2084,0.4444,0.6522,23,0.8333,18,0.8333,18,AI,5,0,499,504
449,113,63,0.5079,0.6618,0.7102,0.2584,0.4921,,0,,0,,0,AI,5,1,562,567
500,125,63,0.5079,0.5751,0.6792,0.2432,0.4921,,0,,0,,0,AI,5,2,625,630
550,138,63,0.4444,0.6505,0.7612,0.2828,0.5556,,0,,0,,0,AI,5,3,688,693
600,151,63,0.6508,0.7783,1.5471,0.2562,0.381,0.5217,46,0.5217,46,0.5217,46,AI,5,4,751,756
651,163,63,0.5397,0.5293,0.9364,0.2622,0.4286,0.4737,38,0.0,1,0.0,1,AI,5,5,814,819
701,176,63,0.3492,0.5139,9.6685,0.6232,0.3492,0.3492,63,0.3492,63,0.3492,63,AI,5,6,877,882
752,188,63,0.6032,0.619,1.1217,0.2549,0.4127,0.5172,29,0.5,28,0.4815,27,AI,5,7,940,945
802,201,63,0.4127,0.3957,2.075,0.4416,0.3651,0.3158,38,0.3158,38,0.3158,38,AI,5,8,1003,1008
399,100,63,0.3968,0.6111,2.6623,0.3723,0.619,1.0,1,1.0,1,1.0,1,ALK,5,0,499,504
449,113,63,0.3651,0.4636,1.4408,0.2964,0.3651,0.3651,63,0.1111,9,0.0,3,ALK,5,1,562,567
500,125,63,0.8254,0.5804,0.5738,0.192,0.8254,0.8254,63,0.8605,43,0.8718,39,ALK,5,2,625,630
550,138,63,0.3333,0.3472,4.1995,0.4679,0.7619,0.6364,22,,0,,0,ALK,5,3,688,693
600,151,63,0.3333,0.5,0.8829,0.3401,0.3333,0.3333,63,0.3333,63,0.3333,63,ALK,5,4,751,756
651,163,63,0.5556,0.4865,1.1711,0.2729,0.5873,0.6216,37,0.6,35,0.4375,16,ALK,5,5,814,819
701,176,63,0.6825,0.6903,0.6355,0.2217,0.4286,0.6129,31,,0,,0,ALK,5,6,877,882
752,188,63,0.381,0.4745,0.7404,0.2734,0.6508,0.5833,12,,0,,0,ALK,5,7,940,945
802,201,63,0.381,0.5355,0.9745,0.2814,0.3492,0.3607,61,0.3729,59,0.0,1,ALK,5,8,1003,1008
399,100,63,0.3968,0.5932,1.3909,0.2754,0.3968,0.3968,63,0.6154,13,0.7273,11,AMD,5,0,499,504
449,113,63,0.5238,0.4444,0.6994,0.2531,0.5238,0.5238,63,0.4737,38,,0,AMD,5,1,562,567
500,125,63,0.3968,0.4229,1.91,0.3157,0.5397,0.3,10,0.3,10,0.3,10,AMD,5,2,625,630
550,138,63,0.381,0.5,0.7005,0.2537,0.381,0.381,63,,0,,0,AMD,5,3,688,693
600,151,63,0.4603,0.4506,0.7249,0.2655,0.5079,0.4737,38,0.4737,38,0.4737,38,AMD,5,4,751,756
651,163,63,0.2698,0.5,0.7463,0.2765,0.7302,,0,,0,,0,AMD,5,5,814,819
701,176,63,0.6349,0.5616,0.7182,0.257,0.6032,0.6415,53,,0,,0,AMD,5,6,877,882
752,188,63,0.4127,0.4332,0.7235,0.2651,0.5556,0.4375,16,0.25,4,,0,AMD,5,7,940,945
802,201,63,0.5556,0.2759,1.9865,0.3368,0.7143,0.6604,53,0.5946,37,0.5946,37,AMD,5,8,1003,1008
399,100,63,0.5079,0.5207,0.7681,0.2826,0.5238,0.75,4,1.0,1,,0,AMPX,5,0,499,504
449,113,63,0.6984,0.561,1.1326,0.2497,0.3492,0.6154,13,,0,,0,AMPX,5,1,562,567
500,125,63,0.2857,0.6512,1.5267,0.3338,0.7143,,0,,0,,0,AMPX,5,2,625,630
550,138,63,0.5079,0.453,0.703,0.2548,0.5238,0.5172,58,0.45,20,,0,AMPX,5,3,688,693
600,151,63,0.5556,0.5,0.6903,0.2486,0.5556,0.5556,63,0.5556,63,,0,AMPX,5,4,751,756
651,163,63,0.619,0.5721,0.6434,0.2259,0.6825,0.6792,53,0.6792,53,0.6792,53,AMPX,5,5,814,819
399,100,63,0.6984,0.5114,0.6538,0.2305,0.6984,0.6984,63,0.6984,63,1.0,1,AMZN,5,0,499,504
449,113,63,0.3333,0.5578,0.7316,0.2674,0.3333,0.3333,63,0.5556,9,0.5556,9,AMZN,5,1,562,567
500,125,63,0.7302,0.7157,0.8718,0.2323,0.6825,0.8824,34,0.8824,34,0.871,31,AMZN,5,2,625,630
550,138,63,0.4603,0.4242,0.7866,0.285,0.6032,0.5476,42,0.5625,16,0.4286,7,AMZN,5,3,688,693
600,151,63,0.3651,0.6109,1.003,0.2953,0.3651,0.3651,63,0.3962,53,0.4643,28,AMZN,5,4,751,756
651,163,63,0.381,0.5198,0.8129,0.2849,0.6667,0.7143,7,1.0,3,,0,AMZN,5,5,814,819
701,176,63,0.5714,0.551,0.913,0.2535,0.5556,0.5833,48,0.5833,48,0.5938,32,AMZN,5,6,877,882
752,188,63,0.6667,0.6698,0.6698,0.2384,0.4286,0.6364,22,0.6667,21,1.0,4,AMZN,5,7,940,945
802,201,63,0.3968,0.3776,0.8123,0.3069,0.6667,0.5588,34,0.5455,33,0.5455,33,AMZN,5,8,1003,1008
399,100,63,0.4921,0.5632,1.2542,0.3087,0.3968,0.434,53,0.434,53,0.434,53,APLD,5,0,499,504
449,113,63,0.6825,0.6435,0.6555,0.2316,0.5714,0.6538,52,,0,,0,APLD,5,1,562,567
500,125,63,0.5556,0.5566,2.5919,0.3324,0.5556,0.7333,15,0.7333,15,0.7333,15,APLD,5,2,625,630
550,138,63,0.5397,0.4716,0.7343,0.2691,0.5397,0.5397,63,0.5091,55,0.5091,55,APLD,5,3,688,693
600,151,63,0.5238,0.5,0.6933,0.2501,0.4762,,0,,0,,0,APLD,5,4,751,756
651,163,63,0.4762,0.5545,0.6727,0.2431,0.619,0.875,8,1.0,5,1.0,5,APLD,5,5,814,819
701,176,63,0.4444,0.5043,0.7197,0.2632,0.6349,0.6316,19,0.8,5,1.0,4,APLD,5,6,877,882
752,188,63,0.4921,0.4587,0.6969,0.2519,0.5556,0.5254,59,,0,,0,APLD,5,7,940,945
802,201,63,0.5079,0.3145,0.7849,0.2902,0.5079,0.5079,63,0.4255,47,0.1818,11,APLD,5,8,1003,1008
399,100,63,0.3175,0.6767,0.8591,0.3138,0.3175,0.3175,63,0.4667,30,0.4667,30,ARM,5,0,499,504
449,113,63,0.6349,0.511,0.6684,0.2374,0.6825,0.6724,58,0.6829,41,0.7,40,ARM,5,1,562,567
399,100,63,0.3968,0.4926,0.8188,0.3098,0.3968,0.3968,63,0.3968,63,0.3968,63,ASAN,5,0,499,504
449,113,63,0.5397,0.5413,1.5859,0.2713,0.4921,0.5625,16,0.5625,16,0.6429,14,ASAN,5,1,562,567
500,125,63,0.4921,0.5294,0.7308,0.2678,0.5397,0.525,40,0.5676,37,1.0,2,ASAN,5,2,625,630
550,138,63,0.4286,0.5263,0.705,0.2559,0.6032,1.0,2,,0,,0,ASAN,5,3,688,693
600,151,63,0.5397,0.6944,0.6495,0.2288,0.5238,0.5345,58,0.7241,29,0.7241,29,ASAN,5,4,751,756
651,163,63,0.4286,0.5226,0.7287,0.2676,0.4286,0.4286,63,0.4407,59,,0,ASAN,5,5,814,819
701,176,63,0.5556,0.5888,0.6916,0.2491,0.4444,0.5,30,0.5,30,0.5,30,ASAN,5,6,877,882
752,188,63,0.4762,0.5289,2.624,0.3462,0.3333,0.38,50,0.3103,29,0.3333,27,ASAN,5,7,940,945
802,201,63,0.4762,0.5769,2.3288,0.3116,0.381,0.4211,57,0.44,25,0.4167,12,ASAN,5,8,1003,1008
399,100,63,0.619,0.6454,0.6649,0.2375,0.4444,0.5667,30,0.5833,24,0.5833,24,ASTS,5,0,499,504
449,113,63,0.254,0.5376,1.2091,0.4685,0.8095,1.0,4,1.0,4,1.0,4,ASTS,5,1,562,567
500,125,63,0.4127,0.5,0.7472,0.2766,0.4127,0.4127,63,0.4127,63,,0,ASTS,5,2,625,630
550,138,63,0.4444,0.5931,3.0287,0.4258,0.4286,0.4355,62,0.4355,62,0.4355,62,ASTS,5,3,688,693
600,151,63,0.5238,0.4803,1.5038,0.3169,0.5238,0.5556,27,0.3333,6,0.3333,6,ASTS,5,4,751,756
651,163,63,0.4921,0.3624,0.7711,0.2867,0.5079,,0,,0,,0,ASTS,5,5,814,819
701,176,63,0.5873,0.5365,0.6875,0.2495,0.5397,0.75,16,,0,,0,ASTS,5,6,877,882
752,188,63,0.5397,0.5439,0.6985,0.2528,0.5079,0.5714,21,0.5714,21,0.5714,21,ASTS,5,7,940,945
802,201,63,0.4127,0.724,0.7014,0.2542,0.4127,0.4127,63,0.5417,48,0.6,5,ASTS,5,8,1003,1008
399,100,63,0.6984,0.5682,0.6405,0.2283,0.6508,0.6833,60,,0,,0,AXP,5,0,499,504
449,113,63,0.6349,0.671,0.8458,0.2247,0.5873,0.6207,58,0.6207,58,0.6207,58,AXP,5,1,562,567
500,125,63,0.619,0.5126,3.9106,0.3477,0.746,0.7805,41,0.7805,41,0.7805,41,AXP,5,2,625,630
550,138,63,0.4762,0.4879,2.0124,0.3515,0.4762,0.4762,63,0.4762,63,0.4762,63,AXP,5,3,688,693
600,151,63,0.4921,0.6028,0.8025,0.2976,0.4921,0.4921,63,0.4921,63,0.4921,63,AXP,5,4,751,756
651,163,63,0.5079,0.5156,0.691,0.2489,0.5079,0.5079,63,1.0,1,,0,AXP,5,5,814,819
701,176,63,0.5238,0.5326,4.0241,0.3941,0.6825,0.8095,21,0.6,5,0.0,1,AXP,5,6,877,882
752,188,63,0.4762,0.5,0.7232,0.2648,0.5238,,0,,0,,0,AXP,5,7,940,945
802,201,63,0.4127,0.3789,0.8958,0.331,0.4127,0.4127,63,0.2105,19,0.2105,19,AXP,5,8,1003,1008
399,100,63,0.5556,0.3599,0.8028,0.2939,0.6825,0.6415,53,0.6415,53,0.0,2,AZN,5,0,499,504
449,113,63,0.3651,0.3523,0.8152,0.3089,0.4921,0.3902,41,0.3902,41,0.3902,41,AZN,5,1,562,567
500,125,63,0.381,0.5,0.7179,0.2624,0.381,0.381,63,,0,,0,AZN,5,2,625,630
550,138,63,0.5079,0.5774,0.6531,0.2339,0.5873,0.875,8,0.875,8,0.875,8,AZN,5,3,688,693
600,151,63,0.619,0.6764,0.623,0.2201,0.5714,0.6429,42,0.7308,26,0.8125,16,AZN,5,4,751,756
651,163,63,0.4127,0.6117,0.7237,0.2653,0.6667,0.8571,7,0.8,5,0.8,5,AZN,5,5,814,819
701,176,63,0.2698,0.3484,2.0378,0.3759,0.4603,0.2927,41,0.2927,41,0.3243,37,AZN,5,6,877,882
752,188,63,0.4286,0.51,0.6755,0.2433,0.6508,0.619,21,0.619,21,1.0,7,AZN,5,7,940,945
802,201,63,0.3175,0.5727,0.745,0.2741,0.3175,0.3175,63,0.375,8,0.375,8,AZN,5,8,1003,1008
399,100,63,0.3175,0.305,1.3029,0.3356,0.3333,0.1765,34,0.1481,27,0.1538,26,BA,5,0,499,504
449,113,63,0.5079,0.5035,0.7127,0.2589,0.4921,0.5,16,0.0,1,0.0,1,BA,5,1,562,567
500,125,63,0.5238,0.5668,0.6815,0.2442,0.3651,0.4103,39,,0,,0,BA,5,2,625,630
550,138,63,0.5397,0.5255,3.339,0.3045,0.6667,0.6327,49,0.6327,49,0.6818,44,BA,5,3,688,693
600,151,63,0.7619,0.7668,1.2347,0.2104,0.6032,0.717,53,0.8148,27,0.8125,16,BA,5,4,751,756
651,163,63,0.5714,0.571,2.5232,0.3043,0.6508,0.675,40,0.675,40,1.0,3,BA,5,5,814,819
701,176,63,0.6032,0.5189,4.511,0.3442,0.3968,0.5,16,0.5,16,0.5,16,BA,5,6,877,882
752,188,63,0.746,0.6752,1.3505,0.2516,0.6667,0.8095,42,0.8095,42,0.8333,6,BA,5,7,940,945
802,201,63,0.6825,0.7163,1.4485,0.2176,0.3968,0.6923,13,0.75,12,0.75,12,BA,5,8,1003,1008
399,100,63,0.5238,0.5079,0.9477,0.2723,0.3333,0.3448,29,0.3448,29,0.3448,29,BETR,5,0,499,504
449,113,63,0.5714,0.5214,0.6845,0.2454,0.5556,0.5667,60,0.5667,60,,0,BETR,5,1,562,567
399,100,63,0.3333,0.3545,0.7733,0.2895,0.5397,0.4048,42,0.4048,42,,0,BRKR,5,0,499,504
449,113,63,0.4603,0.6136,4.6042,0.3816,0.4603,0.4603,63,0.459,61,0.5526,38,BRKR,5,1,562,567
500,125,63,0.5079,0.599,0.6922,0.2495,0.4762,0.4918,61,,0,,0,BRKR,5,2,625,630
550,138,63,0.5714,0.6015,0.6801,0.2445,0.5238,0.5938,32,0.5938,32,0.64,25,BRKR,5,3,688,693
600,151,63,0.4286,0.6357,2.6101,0.3502,0.381,0.38,50,0.38,50,0.38,50,BRKR,5,4,751,756
651,163,63,0.4444,0.4617,0.7021,0.2588,0.5079,0.4348,23,0.4737,19,0.5333,15,BRKR,5,5,814,819
701,176,63,0.5397,0.6076,0.6549,0.2356,0.6349,0.7619,21,0.7619,21,1.0,6,BRKR,5,6,877,882
752,188,63,0.3651,0.3403,0.8188,0.3062,0.4603,0.28,25,0.125,8,0.125,8,BRKR,5,7,940,945
802,201,63,0.6032,0.4926,0.6827,0.2446,0.6032,0.6032,63,0.5902,61,0.5714,7,BRKR,5,8,1003,1008
399,100,63,0.7778,0.6042,1.0864,0.2332,0.7619,0.7931,58,0.7931,58,1.0,2,BSX,5,0,499,504
449,113,63,0.5556,0.5122,1.2569,0.3054,0.5556,0.5556,63,0.5556,63,0.5556,63,BSX,5,1,562,567
500,125,63,0.7778,0.5,0.5576,0.1844,0.7778,0.7778,63,0.7778,63,0.7778,63,BSX,5,2,625,630
550,138,63,0.7302,0.3254,0.6639,0.2307,0.7302,0.7302,63,0.7302,63,0.7302,63,BSX,5,3,688,693
600,151,63,0.5238,0.5161,0.966,0.2795,0.4921,0.5085,59,0.5085,59,0.5085,59,BSX,5,4,751,756
651,163,63,0.4603,0.5,0.7591,0.2817,0.4603,0.4603,63,0.4603,63,0.4603,63,BSX,5,5,814,819
701,176,63,0.5238,0.5571,1.6642,0.2879,0.5238,0.5238,63,0.5323,62,0.5714,14,BSX,5,6,877,882
752,188,63,0.5079,0.5541,0.679,0.2445,0.4444,0.4737,57,,0,,0,BSX,5,7,940,945
802,201,63,0.3016,0.5108,1.2364,0.3032,0.3016,0.3016,63,0.3016,63,0.0,2,BSX,5,8,1003,1008
399,100,63,0.6032,0.5748,0.695,0.2492,0.3492,0.4516,31,0.4667,30,0.4286,28,CAVA,5,0,499,504
449,113,63,0.6667,0.6097,0.6604,0.2317,0.5556,0.6346,52,0.6346,52,0.5455,11,CAVA,5,1,562,567
500,125,63,0.6825,0.6984,0.8028,0.2093,0.6508,0.7838,37,0.7838,37,0.7838,37,CAVA,5,2,625,630
399,100,63,0.6349,0.5125,0.6769,0.2419,0.6349,0.6349,63,,0,,0,CI,5,0,499,504
449,113,63,0.4762,0.5,0.7222,0.2643,0.4762,0.4762,63,0.4762,63,,0,CI,5,1,562,567
500,125,63,0.4921,0.452,4.2552,0.3993,0.4762,0.4839,62,0.439,41,0.4474,38,CI,5,2,625,630
550,138,63,0.3651,0.3966,0.7396,0.2731,0.5873,0.4211,19,0.4211,19,,0,CI,5,3,688,693
600,151,63,0.6508,0.5227,0.6474,0.2274,0.6508,0.6508,63,0.6508,63,0.6508,63,CI,5,4,751,756
651,163,63,0.5397,0.5048,0.6879,0.2505,0.381,0.3684,19,0.375,16,0.4,10,CI,5,5,814,819
701,176,63,0.4286,0.432,0.7137,0.2602,0.5079,0.3889,18,,0,,0,CI,5,6,877,882
752,188,63,0.7143,0.6608,1.0379,0.2173,0.619,0.6842,57,0.6842,57,0.6774,31,CI,5,7,940,945
802,201,63,0.6032,0.6482,2.6854,0.2861,0.5079,0.5714,49,0.64,25,0.64,25,CI,5,8,1003,1008
399,100,63,0.5397,0.4812,0.7186,0.2616,0.5397,0.5397,63,0.5397,63,0.5323,62,CNC,5,0,499,504
449,113,63,0.4127,0.4792,1.1715,0.2724,0.4127,0.4127,63,0.25,4,0.3333,3,CNC,5,1,562,567
500,125,63,0.5873,0.5969,1.3138,0.2491,0.4603,0.6154,13,0.6154,13,0.6154,13,CNC,5,2,625,630
550,138,63,0.4921,0.5238,1.7732,0.3261,0.5397,0.5167,60,0.549,51,0.54,50,CNC,5,3,688,693
600,151,63,0.381,0.3555,1.8995,0.3104,0.5873,0.4762,42,0.4762,42,0.5128,39,CNC,5,4,751,756
651,163,63,0.2063,0.3977,0.7769,0.2911,0.2063,0.2063,63,0.1333,30,0.125,8,CNC,5,5,814,819
701,176,63,0.3651,0.5,0.7236,0.2652,0.6349,,0,,0,,0,CNC,5,6,877,882
752,188,63,0.4921,0.5,0.6972,0.252,0.5079,,0,,0,,0,CNC,5,7,940,945
802,201,63,0.2857,0.4216,1.3419,0.3395,0.7143,,0,,0,,0,CNC,5,8,1003,1008
399,100,63,0.6508,0.4346,0.6992,0.2509,0.6508,0.6508,63,0.6071,56,0.6071,56,COST,5,0,499,504
449,113,63,0.6667,0.7568,0.5818,0.1989,0.6667,0.6667,63,0.6897,58,0.6897,58,COST,5,1,562,567
500,125,63,0.5714,0.5897,0.6837,0.2453,0.6349,0.697,33,0.697,33,0.697,33,COST,5,2,625,630
550,138,63,0.6825,0.6117,1.704,0.2346,0.6667,0.6774,62,0.6774,62,0.6774,62,COST,5,3,688,693
600,151,63,0.5714,0.4017,0.7371,0.2707,0.5714,0.5714,63,0.4839,31,0.4839,31,COST,5,4,751,756
651,163,63,0.4444,0.4071,1.0617,0.3193,0.4444,0.434,53,0.4423,52,0.4423,52,COST,5,5,814,819
701,176,63,0.3492,0.6702,0.7523,0.2793,0.3492,0.3492,63,0.3962,53,0.75,8,COST,5,6,877,882
752,188,63,0.4444,0.4224,1.8851,0.3024,0.5397,0.4857,35,0.4545,11,0.4545,11,COST,5,7,940,945
802,201,63,0.4444,0.5143,0.7287,0.2675,0.5556,,0,,0,,0,COST,5,8,1003,1008
399,100,63,0.4603,0.5,0.7337,0.2699,0.4603,0.4603,63,0.4603,63,0.4603,63,CRM,5,0,499,504
449,113,63,0.5079,0.5832,5.5066,0.4063,0.5079,0.5079,63,0.5079,63,0.5079,63,CRM,5,1,562,567
500,125,63,0.7143,0.5,0.63,0.2187,0.7143,0.7143,63,0.7143,63,,0,CRM,5,2,625,630
550,138,63,0.5238,0.6657,0.6965,0.2516,0.4762,0.5,60,0.5,60,0.5714,49,CRM,5,3,688,693
600,151,63,0.619,0.7485,0.793,0.2056,0.4286,0.5385,39,0.9,10,0.9,10,CRM,5,4,751,756
651,163,63,0.4127,0.5837,0.762,0.2822,0.4127,0.4127,63,0.4333,60,0.5333,15,CRM,5,5,814,819
701,176,63,0.5873,0.579,0.7877,0.2851,0.5873,0.5873,63,0.5873,63,0.5873,63,CRM,5,6,877,882
752,188,63,0.4127,0.4403,0.9828,0.2816,0.4444,0.3548,31,0.45,20,0.4737,19,CRM,5,7,940,945
802,201,63,0.5714,0.6399,3.2293,0.3411,0.4762,0.5263,57,0.5263,57,0.5,52,CRM,5,8,1003,1008
399,100,63,0.5079,0.5,0.7802,0.2896,0.5079,0.5079,63,0.5079,63,0.5079,63,CRWD,5,0,499,504
449,113,63,0.4603,0.5548,1.6837,0.3104,0.4603,0.4603,63,0.4603,63,0.5227,44,CRWD,5,1,562,567
500,125,63,0.3492,0.403,5.5406,0.4938,0.6508,,0,,0,,0,CRWD,5,2,625,630
550,138,63,0.6984,0.5138,0.6378,0.2246,0.6984,0.6984,63,0.6923,39,1.0,2,CRWD,5,3,688,693
600,151,63,0.5079,0.6079,0.6882,0.2477,0.5079,0.5079,63,0.5641,39,0.5641,39,CRWD,5,4,751,756
651,163,63,0.5238,0.5152,0.6874,0.2473,0.5238,0.5238,63,1.0,1,1.0,1,CRWD,5,5,814,819
701,176,63,0.4921,0.4701,0.6876,0.2473,0.619,0.5897,39,1.0,2,1.0,2,CRWD,5,6,877,882
752,188,63,0.3333,0.682,1.2893,0.3418,0.3333,0.3333,63,0.3846,52,0.5,30,CRWD,5,7,940,945
802,201,63,0.6508,0.4933,0.6614,0.2343,0.6508,0.6508,63,0.6471,51,0.6471,51,CRWD,5,8,1003,1008
399,100,63,0.5397,0.5464,0.9005,0.2506,0.4921,0.5172,58,0.5172,58,,0,DDOG,5,0,499,504
449,113,63,0.4921,0.628,2.6024,0.3321,0.4921,0.4921,63,0.4921,63,0.4921,63,DDOG,5,1,562,567
500,125,63,0.5556,0.6178,2.5256,0.3052,0.5714,0.7857,14,0.7857,14,1.0,6,DDOG,5,2,625,630
550,138,63,0.6032,0.6253,0.7779,0.2719,0.4762,0.5758,33,0.5172,29,0.5172,29,DDOG,5,3,688,693
600,151,63,0.381,0.3934,0.735,0.2707,0.4762,0.4182,55,0.4167,48,,0,DDOG,5,4,751,756
651,163,63,0.7937,0.725,1.5549,0.2513,0.6825,0.8571,42,0.8571,42,0.8333,30,DDOG,5,5,814,819
701,176,63,0.3175,0.3672,1.0208,0.3938,0.6984,0.5455,11,0.5556,9,0.5556,9,DDOG,5,6,877,882
752,188,63,0.2222,0.4569,0.8725,0.3375,0.2381,0.2258,62,0.2258,62,0.2258,62,DDOG,5,7,940,945
802,201,63,0.5873,0.6174,0.6712,0.2374,0.6349,0.6667,42,0.6667,42,0.6667,42,DDOG,5,8,1003,1008
399,100,63,0.6508,0.469,0.6715,0.2389,0.3651,1.0,1,1.0,1,1.0,1,DNA,5,0,499,504
449,113,63,0.7143,0.73,0.7056,0.2561,0.2063,0.4,25,0.4348,23,0.381,21,DNA,5,1,562,567
500,125,63,0.6032,0.2921,0.7334,0.2679,0.3968,,0,,0,,0,DNA,5,2,625,630
550,138,63,0.3333,0.5,0.9035,0.349,0.6667,,0,,0,,0,DNA,5,3,688,693
600,151,63,0.381,0.4255,0.7937,0.2983,0.3651,0.3462,52,0.3111,45,0.3158,38,DNA,5,4,751,756
651,163,63,0.5397,0.5,0.6907,0.2488,0.5397,0.5397,63,,0,,0,DNA,5,5,814,819
701,176,63,0.3968,0.4813,0.7177,0.2622,0.381,0.375,56,,0,,0,DNA,5,6,877,882
752,188,63,0.3968,0.5537,0.915,0.3262,0.6032,,0,,0,,0,DNA,5,7,940,945
802,201,63,0.5873,0.574,0.6788,0.2432,0.4603,0.5789,19,0.5789,19,0.5789,19,DNA,5,8,1003,1008
399,100,63,0.4286,0.5,0.6947,0.2508,0.5714,,0,,0,,0,DUOL,5,0,499,504
449,113,63,0.4762,0.5983,0.6931,0.25,0.3175,0.3415,41,0.3793,29,0.3793,29,DUOL,5,1,562,567
500,125,63,0.254,0.5845,0.8437,0.323,0.7778,1.0,2,,0,,0,DUOL,5,2,625,630
550,138,63,0.5873,0.5,0.6828,0.2448,0.5873,0.5873,63,,0,,0,DUOL,5,3,688,693
600,151,63,0.6032,0.5,0.6732,0.2401,0.6032,0.6032,63,0.6032,63,,0,DUOL,5,4,751,756
651,163,63,0.2222,0.5,0.8758,0.339,0.2222,0.2222,63,0.2222,63,0.2222,63,DUOL,5,5,814,819
701,176,63,0.3651,0.4723,0.7566,0.2813,0.3651,0.3509,57,0.3509,57,,0,DUOL,5,6,877,882
752,188,63,0.3968,0.4914,0.9282,0.3543,0.254,0.225,40,0.225,40,0.225,40,DUOL,5,7,940,945
802,201,63,0.4921,0.4252,0.7637,0.2819,0.4127,0.125,8,0.1429,7,0.1429,7,DUOL,5,8,1003,1008
399,100,63,0.619,0.5288,1.7995,0.2701,0.381,,0,,0,,0,ETSY,5,0,499,504
449,113,63,0.4921,0.5318,0.7451,0.2742,0.5079,,0,,0,,0,ETSY,5,1,562,567
500,125,63,0.5238,0.4549,0.7123,0.2586,0.5397,0.5323,62,0.5128,39,0.4737,19,ETSY,5,2,625,630
550,138,63,0.4921,0.452,0.7523,0.2751,0.5238,0.5111,45,0.5714,7,,0,ETSY,5,3,688,693
600,151,63,0.4444,0.4969,1.6725,0.3035,0.4286,0.4231,52,0.4545,22,0.4545,22,ETSY,5,4,751,756
651,163,63,0.4127,0.3638,3.6486,0.4147,0.5873,,0,,0,,0,ETSY,5,5,814,819
701,176,63,0.4921,0.427,0.6887,0.2493,0.5556,0.8,5,0.8,5,1.0,1,ETSY,5,6,877,882
752,188,63,0.4921,0.5726,0.6885,0.2478,0.4921,0.4921,63,1.0,1,1.0,1,ETSY,5,7,940,945
802,201,63,0.6349,0.6397,0.5675,0.2041,0.6349,0.6349,63,0.8421,19,1.0,11,ETSY,5,8,1003,1008
399,100,63,0.5556,0.5,0.6874,0.2472,0.4444,,0,,0,,0,FIVN,5,0,499,504
449,113,63,0.3333,0.6497,1.805,0.3634,0.3333,0.3333,63,0.339,59,0.339,59,FIVN,5,1,562,567
500,125,63,0.5238,0.501,0.7103,0.2596,0.4921,0.5714,7,0.5,6,0.5,6,FIVN,5,2,625,630
550,138,63,0.4762,0.5274,1.1629,0.2785,0.6032,0.6667,15,0.7143,14,0.6923,13,FIVN,5,3,688,693
600,151,63,0.4603,0.6296,0.7008,0.2539,0.4286,0.4426,61,0.4426,61,0.6923,13,FIVN,5,4,751,756
651,163,63,0.4762,0.475,0.7217,0.2625,0.4444,0.449,49,0.2857,7,0.5,4,FIVN,5,5,814,819
701,176,63,0.5397,0.4665,0.7047,0.2556,0.4603,,0,,0,,0,FIVN,5,6,877,882
752,188,63,0.6349,0.5,0.6576,0.2324,0.3651,,0,,0,,0,FIVN,5,7,940,945
802,201,63,0.4444,0.4263,0.7095,0.2581,0.4762,0.1429,7,,0,,0,FIVN,5,8,1003,1008
399,100,63,0.6508,0.6635,2.4949,0.2921,0.381,0.5556,18,0.5556,18,0.5556,18,FSLY,5,0,499,504
449,113,63,0.4286,0.625,6.6298,0.4881,0.4286,0.4286,63,0.4286,63,0.4737,57,FSLY,5,1,562,567
500,125,63,0.5556,0.5367,1.1359,0.2578,0.4444,0.5,18,0.6,5,0.6,5,FSLY,5,2,625,630
550,138,63,0.5079,0.5827,0.7238,0.2636,0.5079,1.0,1,1.0,1,1.0,1,FSLY,5,3,688,693
600,151,63,0.4603,0.5256,3.0717,0.3578,0.381,0.375,40,0.4074,27,0.3913,23,FSLY,5,4,751,756
651,163,63,0.4286,0.4491,0.7338,0.27,0.5714,,0,,0,,0,FSLY,5,5,814,819
701,176,63,0.5397,0.5227,0.6981,0.2524,0.5238,0.5455,44,0.5385,13,,0,FSLY,5,6,877,882
752,188,63,0.3968,0.5493,0.6767,0.2462,0.3492,0.3333,48,0.45,20,0.6667,6,FSLY,5,7,940,945
802,201,63,0.4444,0.6568,1.2969,0.447,0.7143,1.0,10,1.0,3,1.0,3,FSLY,5,8,1003,1008
399,100,63,0.5556,0.5,0.6891,0.248,0.4444,,0,,0,,0,FTNT,5,0,499,504
449,113,63,0.5238,0.6924,0.671,0.241,0.4286,0.4694,49,0.6842,19,0.6842,19,FTNT,5,1,562,567
500,125,63,0.4286,0.5263,1.0116,0.3819,0.6032,1.0,2,1.0,2,1.0,2,FTNT,5,2,625,630
550,138,63,0.3175,0.543,0.9913,0.2925,0.6825,,0,,0,,0,FTNT,5,3,688,693
600,151,63,0.4762,0.6253,0.6487,0.2398,0.4762,0.4694,49,0.4694,49,0.9091,11,FTNT,5,4,751,756
651,163,63,0.3492,0.4534,0.9483,0.2684,0.3492,0.3492,63,0.2,5,0.0,1,FTNT,5,5,814,819
701,176,63,0.6667,0.5353,2.7431,0.3068,0.6032,0.6667,51,0.55,20,0.55,20,FTNT,5,6,877,882
752,188,63,0.5556,0.5446,0.6705,0.2415,0.4603,0.6,5,0.6,5,,0,FTNT,5,7,940,945
802,201,63,0.5238,0.6024,0.6967,0.2516,0.5714,0.6154,26,0.6154,26,0.6154,26,FTNT,5,8,1003,1008
399,100,63,0.381,0.5385,7.9782,0.5419,0.619,,0,,0,,0,GM,5,0,499,504
449,113,63,0.4762,0.3692,0.7225,0.2643,0.4762,0.4762,63,0.2143,14,0.1667,6,GM,5,1,562,567
500,125,63,0.6349,0.463,0.6817,0.2442,0.6349,0.6349,63,0.5,8,0.5,8,GM,5,2,625,630
550,138,63,0.3492,0.5,0.729,0.2679,0.3492,0.3492,63,0.3492,63,,0,GM,5,3,688,693
600,151,63,0.4603,0.5,0.6949,0.2509,0.5397,,0,,0,,0,GM,5,4,751,756
651,163,63,0.4444,0.4857,0.7293,0.2664,0.5556,,0,,0,,0,GM,5,5,814,819
701,176,63,0.3175,0.7523,0.8329,0.3141,0.6825,,0,,0,,0,GM,5,6,877,882
752,188,63,0.4444,0.3205,0.7556,0.2808,0.5714,0.5385,13,0.4,10,0.4,10,GM,5,7,940,945
802,201,63,0.4444,0.5638,0.7306,0.2677,0.4444,0.4444,63,0.4444,63,0.5882,17,GM,5,8,1003,1008
399,100,63,0.5714,0.4789,0.7426,0.2675,0.3968,0.0,2,0.0,2,,0,GME,5,0,499,504
449,113,63,0.4603,0.3889,0.7439,0.2737,0.4762,0.4,20,0.5556,9,0.625,8,GME,5,1,562,567
500,125,63,0.4762,0.538,0.7136,0.2601,0.5397,1.0,1,,0,,0,GME,5,2,625,630
550,138,63,0.5556,0.5143,0.691,0.2489,0.5556,0.5556,63,1.0,1,,0,GME,5,3,688,693
600,151,63,0.6667,0.6368,0.651,0.2303,0.5714,0.8,25,0.8,25,1.0,1,GME,5,4,751,756
651,163,63,0.4921,0.3646,3.8045,0.3939,0.5238,1.0,1,1.0,1,1.0,1,GME,5,5,814,819
701,176,63,0.5397,0.5309,3.2686,0.3482,0.4603,,0,,0,,0,GME,5,6,877,882
752,188,63,0.5238,0.5,0.6926,0.2497,0.5238,0.5238,63,,0,,0,GME,5,7,940,945
802,201,63,0.381,0.3818,0.7627,0.2808,0.4762,0.3953,43,,0,,0,GME,5,8,1003,1008
399,100,63,0.4762,0.4956,1.9548,0.3282,0.6508,0.6429,28,0.6429,28,0.6429,28,GOOG,5,0,499,504
449,113,63,0.5714,0.571,0.701,0.2523,0.4603,0.5208,48,0.5208,48,0.0,3,GOOG,5,1,562,567
500,125,63,0.6349,0.3717,0.7095,0.2542,0.6349,0.6349,63,0.6349,63,0.6316,57,GOOG,5,2,625,630
550,138,63,0.5556,0.5,0.6955,0.251,0.5556,0.5556,63,0.5556,63,0.5556,63,GOOG,5,3,688,693
600,151,63,0.3651,0.481,0.783,0.293,0.3651,0.3651,63,0.371,62,0.3462,26,GOOG,5,4,751,756
651,163,63,0.746,0.4681,0.6859,0.2464,0.746,0.746,63,,0,,0,GOOG,5,5,814,819
701,176,63,0.2857,0.5262,1.3001,0.4923,0.7302,1.0,1,,0,,0,GOOG,5,6,877,882
752,188,63,0.5714,0.5908,0.675,0.2413,0.5556,0.5645,62,0.5926,54,,0,GOOG,5,7,940,945
802,201,63,0.6349,0.406,0.7084,0.2541,0.6349,0.6349,63,0.6349,63,0.5849,53,GOOG,5,8,1003,1008
399,100,63,0.4444,0.5,0.7047,0.2558,0.4444,0.4444,63,,0,,0,HUM,5,0,499,504
449,113,63,0.3968,0.4953,0.8829,0.3275,0.6032,,0,,0,,0,HUM,5,1,562,567
500,125,63,0.4921,0.5071,6.2599,0.4482,0.4762,0.4839,62,0.4783,46,0.4783,46,HUM,5,2,625,630
550,138,63,0.5079,0.5,0.7005,0.2536,0.5079,0.5079,63,0.5,60,,0,HUM,5,3,688,693
600,151,63,0.6032,0.6566,1.1377,0.2581,0.4444,0.5306,49,0.5652,23,0.5652,23,HUM,5,4,751,756
651,163,63,0.6032,0.5434,0.7467,0.2709,0.5556,0.6471,34,0.6071,28,0.5455,22,HUM,5,5,814,819
701,176,63,0.5238,0.4889,2.1721,0.3242,0.5079,0.625,8,0.625,8,,0,HUM,5,6,877,882
752,188,63,0.5714,0.3732,0.7107,0.2585,0.3968,0.25,4,0.25,4,0.25,4,HUM,5,7,940,945
802,201,63,0.3016,0.3238,0.7509,0.2786,0.6825,0.4737,19,0.4167,12,,0,HUM,5,8,1003,1008
399,100,63,0.5556,0.5648,0.7583,0.2729,0.5556,0.5574,61,0.5556,54,0.5556,54,HY,5,0,499,504
449,113,63,0.4286,0.4275,1.5632,0.3469,0.4603,0.4222,45,0.4222,45,0.4222,45,HY,5,1,562,567
500,125,63,0.4127,0.374,2.4047,0.3775,0.5556,0.4783,46,0.4783,46,0.4651,43,HY,5,2,625,630
550,138,63,0.4444,0.5,0.7007,0.2538,0.4444,0.4444,63,,0,,0,HY,5,3,688,693
600,151,63,0.5714,0.6924,0.5656,0.2055,0.4762,0.5306,49,0.6,30,0.6207,29,HY,5,4,751,756
651,163,63,0.5397,0.6143,0.612,0.222,0.4444,0.0,1,,0,,0,HY,5,5,814,819
701,176,63,0.6032,0.5255,2.327,0.3069,0.4444,0.5882,17,,0,,0,HY,5,6,877,882
752,188,63,0.5238,0.5818,0.6861,0.2466,0.5238,0.5238,63,0.6471,17,0.6875,16,HY,5,7,940,945
802,201,63,0.4921,0.5701,0.6968,0.2515,0.4921,0.4921,63,0.625,16,0.6667,15,HY,5,8,1003,1008
399,100,63,0.5714,0.5645,0.6754,0.242,0.4921,1.0,4,1.0,2,1.0,2,INSM,5,0,499,504
449,113,63,0.4762,0.4959,0.9532,0.2749,0.5397,0.5714,7,0.5714,7,0.5714,7,INSM,5,1,562,567
500,125,63,0.619,0.6152,0.6852,0.246,0.4286,0.56,25,0.56,25,1.0,2,INSM,5,2,625,630
550,138,63,0.619,0.6045,0.6549,0.2323,0.5397,0.619,42,1.0,5,1.0,5,INSM,5,3,688,693
600,151,63,0.619,0.6332,2.2664,0.2844,0.4286,0.5484,31,0.5484,31,0.6111,18,INSM,5,4,751,756
651,163,63,0.3968,0.4303,0.7606,0.2824,0.7302,0.6667,24,0.6667,24,0.7273,22,INSM,5,5,814,819
701,176,63,0.6984,0.5965,2.5209,0.3008,0.7302,0.7755,49,1.0,1,1.0,1,INSM,5,6,877,882
752,188,63,0.3333,0.3401,0.8624,0.331,0.3333,0.3333,63,0.3333,63,0.3051,59,INSM,5,7,940,945
802,201,63,0.3968,0.6105,1.195,0.2885,0.3968,0.3968,63,0.3968,63,0.7778,9,INSM,5,8,1003,1008
399,100,63,0.3492,0.5227,1.7213,0.3998,0.3492,0.3492,63,0.3492,63,0.3492,63,INTC,5,0,499,504
449,113,63,0.5079,0.5576,0.6873,0.2471,0.4286,0.4444,36,,0,,0,INTC,5,1,562,567
500,125,63,0.4921,0.5639,3.4604,0.3494,0.5397,0.5278,36,0.5278,36,0.5143,35,INTC,5,2,625,630
550,138,63,0.3968,0.6221,1.0706,0.314,0.3175,0.3448,58,0.3448,58,0.3448,58,INTC,5,3,688,693
600,151,63,0.5397,0.5526,0.6866,0.2468,0.4444,0.0,1,,0,,0,INTC,5,4,751,756
651,163,63,0.4762,0.5615,0.7,0.2535,0.4921,0.4444,18,0.6,10,0.6,10,INTC,5,5,814,819
701,176,63,0.4286,0.6465,1.8321,0.3763,0.6825,1.0,7,1.0,7,1.0,4,INTC,5,6,877,882
752,188,63,0.5873,0.5938,0.6884,0.2476,0.5079,1.0,6,,0,,0,INTC,5,7,940,945
802,201,63,0.619,0.5169,0.7038,0.2546,0.6825,0.6939,49,0.75,16,0.6667,6,INTC,5,8,1003,1008
399,100,63,0.5873,0.5192,0.6819,0.2442,0.4127,,0,,0,,0,IREN,5,0,499,504
449,113,63,0.619,0.4192,2.7955,0.3221,0.4762,0.8,10,0.8889,9,,0,IREN,5,1,562,567
500,125,63,0.4444,0.5052,0.7705,0.2871,0.5873,0.5833,12,0.6667,9,0.7143,7,IREN,5,2,625,630
550,138,63,0.4762,0.5,0.6941,0.2505,0.5238,,0,,0,,0,IREN,5,3,688,693
600,151,63,0.5714,0.5772,5.375,0.4196,0.4286,0.5,44,0.5,44,0.5,44,IREN,5,4,751,756
651,163,63,0.7143,0.5938,0.6308,0.2198,0.746,0.7636,55,0.8148,27,0.8,25,IREN,5,5,814,819
701,176,63,0.1587,0.3698,1.0812,0.4312,0.8413,,0,,0,,0,IREN,5,6,877,882
752,188,63,0.4444,0.5286,0.7783,0.2906,0.4444,0.4444,63,0.4516,62,0.4516,62,IREN,5,7,940,945
802,201,63,0.5397,0.6212,0.7144,0.26,0.5397,0.5397,63,0.5397,63,0.5397,63,IREN,5,8,1003,1008
399,100,63,0.5238,0.5495,0.7131,0.2596,0.4762,0.5,44,0.5,44,0.5,44,JNJ,5,0,499,504
449,113,63,0.619,0.609,1.8027,0.2695,0.619,0.619,63,0.6129,62,0.6744,43,JNJ,5,1,562,567
500,125,63,0.5397,0.5289,5.7537,0.4199,0.4603,,0,,0,,0,JNJ,5,2,625,630
550,138,63,0.4444,0.5985,0.8302,0.3109,0.4444,0.4444,63,0.4444,63,0.4912,57,JNJ,5,3,688,693
600,151,63,0.4127,0.5322,0.6963,0.2516,0.5873,,0,,0,,0,JNJ,5,4,751,756
651,163,63,0.6984,0.4741,0.6721,0.2395,0.7143,0.7167,60,,0,,0,JNJ,5,5,814,819
701,176,63,0.4762,0.4101,3.1068,0.3656,0.5873,0.5526,38,0.5526,38,,0,JNJ,5,6,877,882
752,188,63,0.6984,0.6364,0.6803,0.2436,0.6984,0.6984,63,,0,,0,JNJ,5,7,940,945
802,201,63,0.4286,0.5648,0.7255,0.266,0.4286,0.4286,63,0.4286,63,0.5714,14,JNJ,5,8,1003,1008
399,100,63,0.6984,0.6652,0.6058,0.2084,0.3492,0.5385,39,0.5385,39,0.5385,39,KVUE,5,0,499,504
449,113,63,0.3968,0.5,0.7075,0.2572,0.3968,0.3968,63,,0,,0,KVUE,5,1,562,567
500,125,63,0.6349,0.5972,0.6773,0.2429,0.5714,0.6512,43,0.5882,17,0.5882,17,KVUE,5,2,625,630
550,138,63,0.4762,0.5732,3.0638,0.3589,0.5238,,0,,0,,0,KVUE,5,3,688,693
399,100,63,0.4286,0.5135,0.7019,0.2545,0.5873,1.0,1,1.0,1,1.0,1,LLY,5,0,499,504
449,113,63,0.7143,0.5914,0.5791,0.2004,0.7143,0.7143,63,0.7143,63,0.7632,38,LLY,5,1,562,567
500,125,63,0.4286,0.3964,1.6886,0.3817,0.4444,0.4355,62,0.3571,42,0.3571,42,LLY,5,2,625,630
550,138,63,0.6032,0.5074,2.974,0.3066,0.6032,0.6032,63,0.6032,63,0.6429,42,LLY,5,3,688,693
600,151,63,0.6349,0.6348,0.6496,0.2303,0.4762,0.6842,19,0.6842,19,0.6842,19,LLY,5,4,751,756
651,163,63,0.4603,0.3657,0.7389,0.2722,0.4762,0.3333,12,0.3333,12,0.3333,12,LLY,5,5,814,819
701,176,63,0.4127,0.4156,0.7177,0.2623,0.7302,0.6552,29,0.6316,19,0.75,8,LLY,5,6,877,882
752,188,63,0.4286,0.5385,0.7423,0.2743,0.619,1.0,3,,0,,0,LLY,5,7,940,945
802,201,63,0.3968,0.5,0.7386,0.2725,0.3968,0.3968,63,0.3968,63,,0,LLY,5,8,1003,1008
399,100,63,0.5714,0.512,2.0895,0.3002,0.4127,0.4545,11,0.4545,11,0.4545,11,LULU,5,0,499,504
449,113,63,0.3175,0.3029,0.828,0.3155,0.3175,0.3175,63,0.3175,63,0.1795,39,LULU,5,1,562,567
500,125,63,0.5238,0.5395,0.7229,0.2648,0.6984,0.7333,30,,0,,0,LULU,5,2,625,630
550,138,63,0.4603,0.5833,5.3085,0.4066,0.5714,0.625,8,0.625,8,0.625,8,LULU,5,3,688,693
600,151,63,0.4127,0.5,0.7014,0.2541,0.4127,0.4127,63,,0,,0,LULU,5,4,751,756
651,163,63,0.3651,0.6361,0.8346,0.3117,0.3333,0.3443,61,0.3443,61,0.3443,61,LULU,5,5,814,819
701,176,63,0.6508,0.5893,0.6543,0.2308,0.4444,0.7143,14,0.7143,14,0.7143,14,LULU,5,6,877,882
752,188,63,0.3492,0.3553,0.7808,0.2889,0.4921,0.3958,48,,0,,0,LULU,5,7,940,945
802,201,63,0.5556,0.7607,0.6738,0.2404,0.4444,,0,,0,,0,LULU,5,8,1003,1008
399,100,63,0.4762,0.5667,5.5483,0.4202,0.5238,,0,,0,,0,LYFT,5,0,499,504
449,113,63,0.4444,0.525,6.4726,0.525,0.127,0.1351,37,0.1471,34,0.1471,34,LYFT,5,1,562,567
500,125,63,0.3492,0.5,0.8452,0.3229,0.6508,,0,,0,,0,LYFT,5,2,625,630
550,138,63,0.4603,0.5131,1.6977,0.3189,0.4762,0.3333,12,0.3333,12,,0,LYFT,5,3,688,693
600,151,63,0.5238,0.4869,0.708,0.2585,0.5079,0.5417,24,0.5455,11,1.0,2,LYFT,5,4,751,756
651,163,63,0.5397,0.6025,1.2131,0.2929,0.3492,0.2941,17,0.2941,17,0.2941,17,LYFT,5,5,814,819
701,176,63,0.3175,0.7407,3.9403,0.5044,0.6825,,0,,0,,0,LYFT,5,6,877,882
752,188,63,0.6984,0.4264,1.7586,0.2555,0.3016,,0,,0,,0,LYFT,5,7,940,945
802,201,63,0.4762,0.5741,0.8063,0.2978,0.4286,0.45,60,0.45,60,0.4468,47,LYFT,5,8,1003,1008
399,100,63,0.5079,0.5,0.7354,0.2701,0.5079,0.5079,63,0.5079,63,0.5079,63,META,5,0,499,504
449,113,63,0.5873,0.4889,0.6816,0.2443,0.6508,0.6364,55,0.7143,7,0.7143,7,META,5,1,562,567
500,125,63,0.4762,0.4247,0.722,0.2642,0.4762,0.4762,63,0.4762,63,0.3929,28,META,5,2,625,630
550,138,63,0.6667,0.5561,0.6611,0.2339,0.6667,0.6667,63,0.7091,55,0.0,1,META,5,3,688,693
600,151,63,0.619,0.6918,0.7974,0.2105,0.6349,0.629,62,0.629,62,0.8148,27,META,5,4,751,756
651,163,63,0.4762,0.4547,0.9867,0.2867,0.4286,0.4464,56,0.4464,56,0.4231,52,META,5,5,814,819
701,176,63,0.381,0.313,3.9897,0.4599,0.381,0.381,63,0.3673,49,0.3542,48,META,5,6,877,882
752,188,63,0.4603,0.3925,3.5524,0.3763,0.4603,0.4603,63,0.25,16,0.25,16,META,5,7,940,945
399,100,63,0.5556,0.7541,1.0705,0.2404,0.4444,,0,,0,,0,MP,5,0,499,504
449,113,63,0.5238,0.5506,1.3935,0.2818,0.2857,0.35,40,0.35,40,0.35,40,MP,5,1,562,567
500,125,63,0.4603,0.5915,1.2429,0.4423,0.8095,0.84,25,0.84,25,,0,MP,5,2,625,630
550,138,63,0.5397,0.6516,0.6998,0.2533,0.6032,0.8462,13,1.0,1,1.0,1,MP,5,3,688,693
600,151,63,0.4444,0.4508,0.7596,0.2804,0.4603,0.3846,26,0.4286,21,0.4286,21,MP,5,4,751,756
651,163,63,0.5873,0.4579,1.3269,0.3178,0.6508,0.6271,59,0.5769,26,0.5769,26,MP,5,5,814,819
701,176,63,0.5079,0.4879,0.7028,0.2546,0.4762,0.4,5,0.4,5,0.4,5,MP,5,6,877,882
752,188,63,0.5556,0.5806,1.1519,0.2616,0.5556,0.5614,57,0.6364,44,0.5714,21,MP,5,7,940,945
802,201,63,0.6508,0.7979,0.6234,0.2165,0.5079,0.5962,52,0.8696,23,1.0,8,MP,5,8,1003,1008
399,100,63,0.3651,0.5158,0.7643,0.2843,0.6349,,0,,0,,0,MRNA,5,0,499,504
449,113,63,0.4286,0.5324,1.2771,0.3211,0.4286,0.4286,63,0.4407,59,0.4407,59,MRNA,5,1,562,567
500,125,63,0.254,0.4688,11.8943,0.7461,0.254,0.254,63,0.254,63,0.254,63,MRNA,5,2,625,630
550,138,63,0.6032,0.5,0.6718,0.2394,0.3968,,0,,0,,0,MRNA,5,3,688,693
600,151,63,0.5873,0.5,0.6825,0.2446,0.4127,,0,,0,,0,MRNA,5,4,751,756
651,163,63,0.4603,0.5398,0.7704,0.2878,0.5556,1.0,1,1.0,1,1.0,1,MRNA,5,5,814,819
701,176,63,0.5397,0.3778,1.9654,0.3242,0.4603,,0,,0,,0,MRNA,5,6,877,882
752,188,63,0.381,0.4712,0.7407,0.2734,0.619,,0,,0,,0,MRNA,5,7,940,945
802,201,63,0.4921,0.4678,0.734,0.27,0.5873,0.5714,35,0.375,8,0.0,3,MRNA,5,8,1003,1008
399,100,63,0.5556,0.5202,0.6871,0.247,0.4762,0.52,50,0.4375,16,,0,MSFT,5,0,499,504
399,100,63,0.5397,0.6075,1.2751,0.2922,0.5397,0.6,25,0.6,25,0.8333,6,MU,5,0,499,504
449,113,63,0.4921,0.3755,1.0681,0.3237,0.4286,0.4138,29,0.0588,17,0.0588,17,MU,5,1,562,567
500,125,63,0.4444,0.4878,0.7587,0.2816,0.5556,,0,,0,,0,MU,5,2,625,630
550,138,63,0.6667,0.6912,0.6701,0.2385,0.5397,1.0,13,,0,,0,MU,5,3,688,693
600,151,63,0.5079,0.4355,1.2035,0.2847,0.4921,,0,,0,,0,MU,5,4,751,756
651,163,63,0.2381,0.2279,4.2968,0.4183,0.6032,0.2727,22,0.2727,22,0.2727,22,MU,5,5,814,819
701,176,63,0.6984,0.5162,1.6189,0.2764,0.7937,0.8039,51,0.8039,51,,0,MU,5,6,877,882
752,188,63,0.6825,0.5,0.6315,0.2197,0.6825,0.6825,63,0.6825,63,0.6825,63,MU,5,7,940,945
802,201,63,0.6984,0.663,0.5808,0.1967,0.7143,0.8095,42,0.8049,41,0.8049,41,MU,5,8,1003,1008
399,100,63,0.619,0.6343,2.1773,0.2573,0.4286,0.5405,37,0.5405,37,,0,NET,5,0,499,504
449,113,63,0.5397,0.5172,7.1059,0.4528,0.5397,0.5397,63,0.5397,63,0.5397,63,NET,5,1,562,567
500,125,63,0.619,0.628,0.6826,0.244,0.4921,0.64,25,0.6471,17,0.6471,17,NET,5,2,625,630
550,138,63,0.2381,0.5667,5.4398,0.5399,0.7619,,0,,0,,0,NET,5,3,688,693
600,151,63,0.4444,0.5786,0.6863,0.2466,0.4444,0.4444,63,0.7143,7,1.0,1,NET,5,4,751,756
651,163,63,0.3492,0.5813,1.3792,0.269,0.7619,0.8889,9,1.0,7,1.0,7,NET,5,5,814,819
701,176,63,0.619,0.4957,0.6867,0.2462,0.619,0.619,63,0.6034,58,0.6034,58,NET,5,6,877,882
752,188,63,0.4444,0.5,0.7434,0.2746,0.4444,0.4444,63,0.4444,63,0.4444,63,NET,5,7,940,945
802,201,63,0.6349,0.5125,0.6544,0.2309,0.6349,0.6349,63,0.6349,63,0.6349,63,NET,5,8,1003,1008
399,100,63,0.6032,0.6197,1.1494,0.2614,0.619,0.6167,60,,0,,0,NFLX,5,0,499,504
449,113,63,0.5079,0.4219,0.7123,0.2594,0.5079,0.5079,63,0.1429,7,0.1429,7,NFLX,5,1,562,567
500,125,63,0.6984,0.5,0.6572,0.2321,0.6984,0.6984,63,0.6984,63,,0,NFLX,5,2,625,630
550,138,63,0.4127,0.4812,0.6985,0.2534,0.6508,0.5909,22,0.5909,22,0.5909,22,NFLX,5,3,688,693
600,151,63,0.4762,0.3168,4.8836,0.4026,0.6032,0.549,51,0.549,51,0.549,51,NFLX,5,4,751,756
651,163,63,0.5238,0.5543,0.9666,0.2764,0.5397,0.5323,62,0.5323,62,0.5323,62,NFLX,5,5,814,819
701,176,63,0.5238,0.5423,0.7871,0.2921,0.4921,0.5088,57,0.5088,57,0.5088,57,NFLX,5,6,877,882
752,188,63,0.2063,0.5098,1.015,0.4015,0.1905,0.1935,62,0.1935,62,0.1935,62,NFLX,5,7,940,945
802,201,63,0.4603,0.5047,3.4192,0.4022,0.4127,0.3889,36,0.3889,36,0.3889,36,NFLX,5,8,1003,1008
399,100,63,0.6349,0.5725,0.6687,0.2379,0.4286,0.75,8,,0,,0,NIO,5,0,499,504
449,113,63,0.5714,0.5732,1.8351,0.279,0.3492,0.4074,27,0.5,16,0.5385,13,NIO,5,1,562,567
500,125,63,0.4762,0.6602,1.1562,0.2694,0.5556,0.6667,6,0.6667,6,0.6667,6,NIO,5,2,625,630
550,138,63,0.5397,0.7143,0.5969,0.2162,0.4444,0.0,1,0.0,1,,0,NIO,5,3,688,693
600,151,63,0.4762,0.5662,1.0458,0.3032,0.5238,,0,,0,,0,NIO,5,4,751,756
651,163,63,0.5238,0.4577,1.6896,0.3116,0.4921,0.5098,51,0.5098,51,0.5098,51,NIO,5,5,814,819
701,176,63,0.4286,0.5317,5.7075,0.4785,0.5873,0.6667,3,0.6667,3,,0,NIO,5,6,877,882
752,188,63,0.5079,0.5879,0.723,0.2648,0.3016,0.3571,42,0.359,39,,0,NIO,5,7,940,945
802,201,63,0.4762,0.5682,0.7003,0.2538,0.5238,,0,,0,,0,NIO,5,8,1003,1008
399,100,63,0.5714,0.5852,0.6439,0.2294,0.5079,0.5439,57,1.0,3,1.0,3,NOK,5,0,499,504
449,113,63,0.4286,0.6764,2.625,0.3396,0.5714,,0,,0,,0,NOK,5,1,562,567
500,125,63,0.4286,0.39,0.8161,0.3065,0.6667,0.5682,44,1.0,3,1.0,3,NOK,5,2,625,630
550,138,63,0.5397,0.6055,0.6682,0.2421,0.5397,0.5397,63,0.5714,56,0.5714,56,NOK,5,3,688,693
600,151,63,0.5873,0.6143,0.6956,0.2507,0.5873,0.6897,29,1.0,9,1.0,6,NOK,5,4,751,756
651,163,63,0.4444,0.5051,0.73,0.267,0.4444,0.4286,49,0.4615,13,0.75,8,NOK,5,5,814,819
701,176,63,0.5079,0.5306,0.6835,0.2454,0.7778,0.8,30,0.8,30,0.8,30,NOK,5,6,877,882
752,188,63,0.6508,0.6337,2.2501,0.2779,0.5714,0.6591,44,0.75,12,0.75,12,NOK,5,7,940,945
802,201,63,0.7143,0.5735,0.6462,0.227,0.7143,0.7213,61,0.8889,9,0.8889,9,NOK,5,8,1003,1008
399,100,63,0.5238,0.6061,1.1057,0.2473,0.5556,0.6471,17,0.6,15,0.5714,14,NVDA,5,0,499,504
399,100,63,0.3968,0.5,0.696,0.2514,0.6032,,0,,0,,0,NVMI,5,0,499,504
449,113,63,0.5873,0.3358,2.0192,0.336,0.5873,0.5873,63,0.5714,49,0.5714,49,NVMI,5,1,562,567
500,125,63,0.4762,0.5,0.7207,0.2636,0.4762,0.4762,63,0.4762,63,,0,NVMI,5,2,625,630
550,138,63,0.6984,0.6274,0.5899,0.2002,0.6984,0.6984,63,0.7647,51,0.7647,51,NVMI,5,3,688,693
600,151,63,0.3651,0.6083,0.7038,0.2537,0.3333,0.339,59,0.5385,13,0.5385,13,NVMI,5,4,751,756
651,163,63,0.4921,0.613,0.7077,0.256,0.6349,0.6818,22,0.6818,22,0.6818,22,NVMI,5,5,814,819
701,176,63,0.6508,0.7022,0.6759,0.2414,0.5714,0.8889,18,,0,,0,NVMI,5,6,877,882
752,188,63,0.4444,0.5855,0.6827,0.2448,0.6984,0.9091,11,0.875,8,,0,NVMI,5,7,940,945
802,201,63,0.6984,0.7525,0.5977,0.2035,0.5397,0.6829,41,0.7568,37,0.7568,37,NVMI,5,8,1003,1008
399,100,63,0.4127,0.4879,0.7677,0.2897,0.4921,0.425,40,0.425,40,0.425,40,NVO,5,0,499,504
449,113,63,0.4762,0.4677,0.7186,0.2619,0.5079,0.4737,19,0.5,18,0.4167,12,NVO,5,1,562,567
500,125,63,0.4127,0.4053,5.7028,0.4739,0.3968,0.3636,44,0.3636,44,0.3636,44,NVO,5,2,625,630
550,138,63,0.381,0.4595,0.6988,0.2528,0.3968,0.375,56,,0,,0,NVO,5,3,688,693
600,151,63,0.619,0.6651,0.8756,0.2345,0.381,,0,,0,,0,NVO,5,4,751,756
651,163,63,0.4603,0.502,0.8316,0.3106,0.5397,,0,,0,,0,NVO,5,5,814,819
701,176,63,0.3016,0.3633,4.0728,0.4152,0.4444,0.1,20,0.125,16,0.125,16,NVO,5,6,877,882
752,188,63,0.6508,0.6658,0.6053,0.2192,0.5556,0.7097,31,0.7037,27,0.7037,27,NVO,5,7,940,945
802,201,63,0.6032,0.6883,0.6654,0.238,0.5714,0.5902,61,0.6136,44,0.6136,44,NVO,5,8,1003,1008
399,100,63,0.6984,0.559,0.6462,0.2232,0.6667,0.7018,57,0.7018,57,0.7018,57,ONTO,5,0,499,504
449,113,63,0.5556,0.504,3.3093,0.3566,0.4762,0.5278,36,0.5278,36,0.4848,33,ONTO,5,1,562,567
500,125,63,0.6032,0.6327,0.6832,0.2413,0.5714,0.6897,29,0.6897,29,0.6897,29,ONTO,5,2,625,630
550,138,63,0.5714,0.5652,3.1182,0.2957,0.6349,0.6226,53,0.6596,47,0.6596,47,ONTO,5,3,688,693
600,151,63,0.3492,0.5854,0.8751,0.3354,0.3492,0.3492,63,0.3492,63,0.386,57,ONTO,5,4,751,756
651,163,63,0.4921,0.5332,0.7296,0.2678,0.4444,0.4643,56,0.4545,55,0.463,54,ONTO,5,5,814,819
701,176,63,0.3968,0.6311,0.7203,0.2633,0.6032,,0,,0,,0,ONTO,5,6,877,882
752,188,63,0.381,0.5342,5.429,0.4563,0.619,,0,,0,,0,ONTO,5,7,940,945
802,201,63,0.5397,0.6141,3.3853,0.3875,0.6349,0.6897,29,0.72,25,,0,ONTO,5,8,1003,1008
399,100,63,0.5556,0.5125,0.8266,0.2996,0.3333,0.3478,23,0.3478,23,0.3478,23,OPEN,5,0,499,504
449,113,63,0.4286,0.5399,0.9008,0.3432,0.3492,0.3704,54,0.3704,54,0.3704,54,OPEN,5,1,562,567
500,125,63,0.6825,0.6869,0.8476,0.2235,0.4762,0.7083,24,0.7083,24,0.7083,24,OPEN,5,2,625,630
550,138,63,0.4921,0.4599,0.754,0.2787,0.2857,0.2083,24,0.1818,22,0.1818,22,OPEN,5,3,688,693
600,151,63,0.619,0.4308,0.7153,0.2533,0.3175,0.0,4,0.0,4,0.0,4,OPEN,5,4,751,756
651,163,63,0.4921,0.3935,1.1995,0.2843,0.4603,0.2857,7,,0,,0,OPEN,5,5,814,819
701,176,63,0.4127,0.461,0.8861,0.3314,0.5873,,0,,0,,0,OPEN,5,6,877,882
752,188,63,0.6984,0.5455,0.654,0.2321,0.3016,,0,,0,,0,OPEN,5,7,940,945
802,201,63,0.6032,0.6759,0.6367,0.2235,0.4286,1.0,2,1.0,1,1.0,1,OPEN,5,8,1003,1008
399,100,63,0.2698,0.2058,1.0812,0.4072,0.3333,0.1429,35,0.0625,16,0.0625,16,ORIC,5,0,499,504
449,113,63,0.4921,0.4253,0.7466,0.2749,0.3968,0.2308,13,0.2,10,0.2,10,ORIC,5,1,562,567
500,125,63,0.4921,0.5,0.7256,0.2658,0.5079,,0,,0,,0,ORIC,5,2,625,630
550,138,63,0.619,0.6602,0.6971,0.2509,0.5397,0.8571,14,0.6667,6,0.6667,6,ORIC,5,3,688,693
600,151,63,0.381,0.664,0.8232,0.3068,0.381,0.381,63,0.4773,44,0.4773,44,ORIC,5,4,751,756
651,163,63,0.5556,0.6353,0.7061,0.2554,0.6508,0.76,25,0.76,25,0.7,10,ORIC,5,5,814,819
701,176,63,0.4127,0.5,0.7401,0.2732,0.5873,,0,,0,,0,ORIC,5,6,877,882
752,188,63,0.3492,0.5,0.7062,0.2565,0.3492,0.3492,63,,0,,0,ORIC,5,7,940,945
802,201,63,0.6032,0.6653,0.6682,0.2377,0.4603,0.5588,34,0.8,10,0.8,10,ORIC,5,8,1003,1008
399,100,63,0.5556,0.6009,1.042,0.35,0.4603,1.0,1,,0,,0,PFE,5,0,499,504
449,113,63,0.4444,0.4579,0.8024,0.301,0.6032,0.5556,27,1.0,1,,0,PFE,5,1,562,567
500,125,63,0.4127,0.4205,1.2045,0.287,0.3968,0.2692,26,0.4118,17,0.3333,6,PFE,5,2,625,630
550,138,63,0.5397,0.5096,3.0344,0.3387,0.4603,0.5,30,0.5,28,0.5,28,PFE,5,3,688,693
600,151,63,0.5714,0.6095,1.1096,0.2477,0.4603,0.5278,36,0.6364,11,0.7,10,PFE,5,4,751,756
651,163,63,0.5238,0.5663,0.942,0.2663,0.6349,0.7083,24,0.7083,24,0.8571,7,PFE,5,5,814,819
701,176,63,0.4444,0.5,0.6948,0.2508,0.4444,0.4444,63,,0,,0,PFE,5,6,877,882
752,188,63,0.3333,0.5465,3.8299,0.4015,0.6667,,0,,0,,0,PFE,5,7,940,945
802,201,63,0.4603,0.4246,0.7069,0.2568,0.4127,0.2778,18,0.2778,18,0.5,2,PFE,5,8,1003,1008
399,100,63,0.6508,0.7138,0.8362,0.2196,0.4444,0.6364,22,0.75,12,0.75,12,PL,5,0,499,504
449,113,63,0.5397,0.5934,1.3842,0.2728,0.4762,1.0,1,1.0,1,1.0,1,PL,5,1,562,567
500,125,63,0.4444,0.5021,0.8248,0.3119,0.5873,0.75,4,0.0,1,0.0,1,PL,5,2,625,630
550,138,63,0.3492,0.424,0.8174,0.3073,0.6667,1.0,1,1.0,1,1.0,1,PL,5,3,688,693
600,151,63,0.3651,0.5505,6.3843,0.4999,0.3651,0.3651,63,0.3729,59,0.3729,59,PL,5,4,751,756
651,163,63,0.6508,0.6359,3.0062,0.3261,0.6349,0.7647,34,0.7931,29,,0,PL,5,5,814,819
701,176,63,0.4762,0.5453,0.7489,0.2769,0.6032,0.6087,23,0.5714,21,,0,PL,5,6,877,882
752,188,63,0.4286,0.3609,0.7289,0.2677,0.6508,0.5581,43,0.5581,43,,0,PL,5,7,940,945
802,201,63,0.5714,0.5366,1.2262,0.2931,0.6508,0.6842,38,0.6842,38,0.6842,38,PL,5,8,1003,1008
399,100,63,0.4921,0.503,0.7587,0.2723,0.5079,0.5,10,0.5,10,0.5,6,PLTR,5,0,499,504
449,113,63,0.6349,0.4636,4.3374,0.3462,0.6349,0.6393,61,0.617,47,0.617,47,PLTR,5,1,562,567
500,125,63,0.5873,0.5459,1.5827,0.2649,0.6825,0.7297,37,0.6786,28,0.6786,28,PLTR,5,2,625,630
550,138,63,0.7302,0.4007,1.1223,0.2465,0.7619,0.7541,61,0.7333,45,,0,PLTR,5,3,688,693
600,151,63,0.5714,0.5398,0.7179,0.2607,0.5556,0.5645,62,0.5645,62,0.5645,62,PLTR,5,4,751,756
651,163,63,0.7619,0.5208,0.5494,0.1834,0.7619,0.7619,63,0.7619,63,0.7619,63,PLTR,5,5,814,819
701,176,63,0.5079,0.4909,0.7523,0.2775,0.5238,0.5185,54,0.5185,54,0.5185,54,PLTR,5,6,877,882
752,188,63,0.3651,0.4092,0.8203,0.3113,0.3651,0.3651,63,0.3651,63,0.3651,63,PLTR,5,7,940,945
802,201,63,0.4444,0.5929,3.2351,0.342,0.4444,0.4444,63,0.4444,63,0.56,25,PLTR,5,8,1003,1008
399,100,63,0.3492,0.5876,0.9121,0.3489,0.6508,,0,,0,,0,PUBM,5,0,499,504
449,113,63,0.4921,0.5131,0.6831,0.2452,0.5238,0.5385,13,0.75,8,0.75,8,PUBM,5,1,562,567
500,125,63,0.4921,0.5403,0.983,0.3427,0.4921,0.4921,63,0.4921,63,0.5254,59,PUBM,5,2,625,630
550,138,63,0.5397,0.5,0.6901,0.2485,0.5397,0.5397,63,,0,,0,PUBM,5,3,688,693
600,151,63,0.3968,0.6621,3.7018,0.3571,0.3968,0.3968,63,0.4898,49,0.5,28,PUBM,5,4,751,756
651,163,63,0.5079,0.4677,0.7022,0.2545,0.4921,,0,,0,,0,PUBM,5,5,814,819
701,176,63,0.3968,0.6305,0.6694,0.2444,0.3968,0.3968,63,0.875,8,0.875,8,PUBM,5,6,877,882
752,188,63,0.619,0.5012,0.7165,0.2561,0.3016,0.3077,13,0.3077,13,0.3333,6,PUBM,5,7,940,945
802,201,63,0.3968,0.4879,0.7398,0.273,0.6032,,0,,0,,0,PUBM,5,8,1003,1008
399,100,63,0.5556,0.5689,2.0979,0.3038,0.5556,0.8889,9,,0,,0,PYPL,5,0,499,504
449,113,63,0.4603,0.6531,0.704,0.2555,0.4603,0.4603,63,0.4603,63,0.7,20,PYPL,5,1,562,567
500,125,63,0.3333,0.6226,0.8441,0.3225,0.6984,1.0,2,,0,,0,PYPL,5,2,625,630
550,138,63,0.5238,0.6439,0.6729,0.2399,0.5238,0.5238,63,0.75,20,,0,PYPL,5,3,688,693
600,151,63,0.4921,0.4577,0.7795,0.2897,0.4921,0.4921,63,0.4921,63,0.4921,63,PYPL,5,4,751,756
651,163,63,0.5397,0.5,0.6943,0.2505,0.5397,0.5397,63,0.5397,63,,0,PYPL,5,5,814,819
701,176,63,0.4762,0.5136,0.6856,0.2493,0.4921,0.4821,56,0.4821,56,1.0,2,PYPL,5,6,877,882
752,188,63,0.1746,0.6717,1.4541,0.3091,0.1587,0.1613,62,0.1613,62,0.5714,7,PYPL,5,7,940,945
802,201,63,0.4762,0.4294,2.3827,0.3324,0.4921,0.4706,34,0.125,8,0.125,8,PYPL,5,8,1003,1008
399,100,63,0.5556,0.5674,2.7522,0.3102,0.4286,0.4762,21,0.4762,21,0.4762,21,QS,5,0,499,504
449,113,63,0.5714,0.7422,1.0899,0.2425,0.3492,0.449,49,0.5,34,0.6667,6,QS,5,1,562,567
500,125,63,0.6349,0.68,0.6414,0.2264,0.4286,0.6429,14,0.6429,14,0.6429,14,QS,5,2,625,630
550,138,63,0.5556,0.5141,0.7638,0.278,0.4762,1.0,2,,0,,0,QS,5,3,688,693
600,151,63,0.5873,0.683,0.612,0.218,0.4921,1.0,5,1.0,5,1.0,5,QS,5,4,751,756
651,163,63,0.381,0.5609,5.2054,0.4493,0.619,,0,,0,,0,QS,5,5,814,819
701,176,63,0.3651,0.4087,1.4539,0.3054,0.6349,,0,,0,,0,QS,5,6,877,882
752,188,63,0.3651,0.5488,0.7331,0.27,0.3492,0.3548,62,0.3729,59,,0,QS,5,7,940,945
802,201,63,0.5238,0.5655,1.7445,0.3248,0.4921,0.5094,53,0.5435,46,0.5435,46,QS,5,8,1003,1008
399,100,63,0.5556,0.5,0.7317,0.2671,0.4444,,0,,0,,0,QUBT,5,0,499,504
449,113,63,0.6032,0.5587,0.6627,0.2374,0.3651,0.45,20,0.4615,13,0.4615,13,QUBT,5,1,562,567
500,125,63,0.4286,0.482,0.7446,0.2745,0.5714,,0,,0,,0,QUBT,5,2,625,630
550,138,63,0.3968,0.5,0.7245,0.2656,0.6032,,0,,0,,0,QUBT,5,3,688,693
600,151,63,0.4603,0.6907,0.7718,0.2841,0.4603,0.4603,63,0.4603,63,0.5778,45,QUBT,5,4,751,756
651,163,63,0.5873,0.5135,0.6834,0.2452,0.5873,0.5873,63,1.0,1,1.0,1,QUBT,5,5,814,819
701,176,63,0.3175,0.3495,0.8531,0.3166,0.3968,0.3448,58,0.3448,58,0.2857,7,QUBT,5,6,877,882
752,188,63,0.6984,0.6852,0.6675,0.2373,0.4286,0.6667,24,0.6667,24,0.6667,24,QUBT,5,7,940,945
802,201,63,0.4286,0.533,2.7523,0.3159,0.4603,0.434,53,0.5714,21,0.5714,21,QUBT,5,8,1003,1008
399,100,63,0.4921,0.5214,1.932,0.3268,0.4444,0.45,40,0.45,40,0.45,40,QURE,5,0,499,504
449,113,63,0.5873,0.5658,0.6464,0.2279,0.3333,0.1429,7,0.1667,6,,0,QURE,5,1,562,567
500,125,63,0.6508,0.5817,0.8544,0.228,0.381,1.0,2,1.0,2,1.0,1,QURE,5,2,625,630
550,138,63,0.3333,0.7806,0.7961,0.2994,0.6667,,0,,0,,0,QURE,5,3,688,693
600,151,63,0.5079,0.5519,0.9659,0.2743,0.4921,0.5,50,0.5714,14,0.5833,12,QURE,5,4,751,756
651,163,63,0.4921,0.5963,0.6977,0.2525,0.4921,0.4921,63,0.4921,63,0.6316,19,QURE,5,5,814,819
701,176,63,0.3968,0.4754,0.7224,0.266,0.619,0.5455,11,0.5455,11,0.5455,11,QURE,5,6,877,882
752,188,63,0.5873,0.6199,0.6864,0.2466,0.4286,0.5111,45,,0,,0,QURE,5,7,940,945
802,201,63,0.619,0.578,0.6692,0.2389,0.619,0.6829,41,0.65,20,0.65,20,QURE,5,8,1003,1008
399,100,63,0.5397,0.6337,0.6773,0.2422,0.3968,0.3571,14,0.3571,14,0.3571,14,ROKU,5,0,499,504
449,113,63,0.5079,0.5576,0.7828,0.2907,0.4762,0.4915,59,0.4915,59,0.5088,57,ROKU,5,1,562,567
500,125,63,0.6349,0.7071,0.5802,0.2055,0.6349,1.0,17,1.0,17,1.0,17,ROKU,5,2,625,630
550,138,63,0.4921,0.563,1.1726,0.2756,0.5079,0.5,26,,0,,0,ROKU,5,3,688,693
600,151,63,0.6667,0.7183,0.581,0.201,0.4127,0.5862,29,0.8,15,0.8,15,ROKU,5,4,751,756
651,163,63,0.3175,0.7099,0.8671,0.3335,0.7778,1.0,6,1.0,6,1.0,1,ROKU,5,5,814,819
701,176,63,0.5556,0.6494,0.769,0.2814,0.7143,0.8696,23,0.8333,18,,0,ROKU,5,6,877,882
752,188,63,0.3492,0.2964,0.941,0.3607,0.4444,0.3415,41,0.3415,41,0.3415,41,ROKU,5,7,940,945
802,201,63,0.4444,0.5442,0.7302,0.2685,0.6667,0.7692,13,0.7692,13,0.7692,13,ROKU,5,8,1003,1008
399,100,63,0.4127,0.5176,0.7972,0.3012,0.381,0.3934,61,0.3934,61,0.3934,61,ROST,5,0,499,504
449,113,63,0.5238,0.549,1.648,0.2914,0.5238,0.5238,63,0.5769,26,0.56,25,ROST,5,1,562,567
500,125,63,0.6032,0.6,0.6741,0.2405,0.4444,0.5405,37,,0,,0,ROST,5,2,625,630
550,138,63,0.5079,0.5423,1.1321,0.2596,0.4921,0.5,62,0.5,62,0.6667,9,ROST,5,3,688,693
600,151,63,0.5397,0.5758,0.6745,0.2426,0.5238,1.0,4,1.0,4,1.0,4,ROST,5,4,751,756
651,163,63,0.746,0.8394,0.5115,0.1722,0.5873,0.7059,51,0.7838,37,0.7838,37,ROST,5,5,814,819
701,176,63,0.3492,0.3838,3.8786,0.4264,0.6667,0.6667,3,0.6667,3,0.6667,3,ROST,5,6,877,882
752,188,63,0.3492,0.6098,0.7878,0.2963,0.6508,,0,,0,,0,ROST,5,7,940,945
802,201,63,0.4444,0.418,0.8689,0.3177,0.6508,0.5789,38,0.5789,38,1.0,1,ROST,5,8,1003,1008
399,100,63,0.3651,0.7174,0.7913,0.2976,0.3651,0.3651,63,0.3651,63,0.3651,63,S,5,0,499,504
449,113,63,0.5079,0.5766,0.6955,0.2508,0.5079,0.5079,63,0.5079,63,0.6923,13,S,5,1,562,567
500,125,63,0.5397,0.6194,0.6866,0.2467,0.5556,0.75,12,0.75,12,,0,S,5,2,625,630
550,138,63,0.5556,0.5551,0.7477,0.2711,0.4762,0.5357,28,0.5,16,0.5,16,S,5,3,688,693
600,151,63,0.4286,0.5242,1.7456,0.3362,0.4286,0.4286,63,0.4286,28,0.4074,27,S,5,4,751,756
651,163,63,0.5714,0.5821,0.8527,0.2936,0.3968,0.4375,16,0.4375,16,0.4375,16,S,5,5,814,819
701,176,63,0.6508,0.6283,1.3589,0.2621,0.4603,0.6667,21,0.5833,12,0.6,10,S,5,6,877,882
752,188,63,0.7143,0.6793,0.7036,0.253,0.4127,0.6429,28,0.55,20,0.55,20,S,5,7,940,945
802,201,63,0.3968,0.4963,0.7109,0.2589,0.6032,,0,,0,,0,S,5,8,1003,1008
399,100,63,0.4127,0.5132,0.6911,0.2492,0.3968,0.4032,62,,0,,0,SHOP,5,0,499,504
449,113,63,0.6032,0.6273,2.0732,0.297,0.4762,0.5806,31,0.5806,31,0.5806,31,SHOP,5,1,562,567
500,125,63,0.4603,0.4586,0.8182,0.3051,0.5238,0.4444,9,0.4444,9,0.4444,9,SHOP,5,2,625,630
550,138,63,0.381,0.5368,1.9356,0.4089,0.6667,1.0,3,1.0,3,1.0,3,SHOP,5,3,688,693
600,151,63,0.4603,0.5,0.6984,0.2526,0.4603,0.4603,63,,0,,0,SHOP,5,4,751,756
651,163,63,0.6984,0.5295,0.6388,0.2263,0.6667,0.6885,61,0.6667,45,1.0,2,SHOP,5,5,814,819
701,176,63,0.5556,0.5531,0.687,0.2461,0.5556,0.5556,63,0.5556,63,0.8333,6,SHOP,5,6,877,882
752,188,63,0.5079,0.5176,0.8482,0.3,0.5079,0.5079,63,0.5682,44,0.5682,44,SHOP,5,7,940,945
802,201,63,0.5873,0.7311,0.6361,0.2244,0.4444,0.52,50,0.52,50,0.6667,27,SHOP,5,8,1003,1008
399,100,63,0.4921,0.5963,0.777,0.2851,0.5079,0.5,48,0.5,48,0.5,44,SMCI,5,0,499,504
449,113,63,0.5556,0.5814,1.1887,0.2735,0.3175,0.3824,34,0.3824,34,0.3824,34,SMCI,5,1,562,567
500,125,63,0.4444,0.3431,1.308,0.3311,0.4286,0.2143,14,0.2308,13,0.25,12,SMCI,5,2,625,630
550,138,63,0.6032,0.5907,1.5333,0.2505,0.5079,0.7333,15,0.7333,15,0.7333,15,SMCI,5,3,688,693
600,151,63,0.6032,0.5255,0.6927,0.2489,0.4444,0.6154,13,,0,,0,SMCI,5,4,751,756
651,163,63,0.3492,0.4253,0.7264,0.2665,0.6032,0.2857,7,0.0,1,0.0,1,SMCI,5,5,814,819
701,176,63,0.5397,0.4615,0.9273,0.2606,0.5397,0.5397,63,0.4,10,0.5,8,SMCI,5,6,877,882
752,188,63,0.3968,0.5947,1.2583,0.3074,0.3968,0.3968,63,0.4706,17,0.4706,17,SMCI,5,7,940,945
802,201,63,0.6032,0.6699,0.8111,0.2214,0.5397,0.6552,29,0.6786,28,0.6786,28,SMCI,5,8,1003,1008
399,100,63,0.5556,0.566,1.2507,0.3,0.5873,0.6452,31,0.6452,31,0.6452,31,SMMT,5,0,499,504
449,113,63,0.4127,0.4617,1.5355,0.3294,0.5079,0.4194,31,0.4286,21,0.4286,21,SMMT,5,1,562,567
500,125,63,0.3492,0.3518,0.7398,0.2724,0.5079,0.0909,11,0.0,5,0.0,5,SMMT,5,2,625,630
550,138,63,0.5238,0.5455,0.6708,0.2419,0.4762,0.5,60,,0,,0,SMMT,5,3,688,693
600,151,63,0.5873,0.5572,0.6765,0.2417,0.5873,0.5873,63,0.6222,45,,0,SMMT,5,4,751,756
651,163,63,0.4921,0.6219,0.6601,0.2371,0.6667,0.75,20,1.0,6,1.0,6,SMMT,5,5,814,819
701,176,63,0.3333,0.4263,7.639,0.571,0.3333,0.3333,63,0.3333,63,0.3103,58,SMMT,5,6,877,882
752,188,63,0.4127,0.4984,0.7901,0.2938,0.4127,0.4127,63,0.4127,63,0.4,20,SMMT,5,7,940,945
802,201,63,0.3968,0.5,0.6983,0.2526,0.6032,,0,,0,,0,SMMT,5,8,1003,1008
399,100,63,0.4603,0.5556,2.3619,0.334,0.4444,0.4444,54,0.4444,45,0.4444,45,SNOW,5,0,499,504
449,113,63,0.2857,0.4704,8.3367,0.5979,0.2857,0.2857,63,0.2857,63,0.2609,46,SNOW,5,1,562,567
500,125,63,0.6349,0.6436,0.6534,0.2303,0.4921,0.6818,22,0.6818,22,0.6818,22,SNOW,5,2,625,630
550,138,63,0.3492,0.6105,0.7865,0.2953,0.7143,1.0,4,1.0,4,,0,SNOW,5,3,688,693
600,151,63,0.6032,0.5816,0.6784,0.2427,0.5397,0.5918,49,,0,,0,SNOW,5,4,751,756
651,163,63,0.3651,0.4226,8.5115,0.5847,0.6032,0.25,4,0.25,4,0.25,4,SNOW,5,5,814,819
701,176,63,0.5714,0.642,0.6686,0.2374,0.5714,0.6957,23,0.7273,22,0.6154,13,SNOW,5,6,877,882
752,188,63,0.3968,0.5,0.7319,0.2692,0.3968,0.3968,63,0.3968,63,,0,SNOW,5,7,940,945
802,201,63,0.3651,0.6835,0.7633,0.2865,0.3492,0.3548,62,0.4359,39,0.4359,39,SNOW,5,8,1003,1008
399,100,63,0.6667,0.643,0.64,0.2249,0.4603,0.8333,12,0.8333,12,0.8333,12,TEAM,5,0,499,504
449,113,63,0.3968,0.5753,3.7236,0.4378,0.3968,0.3968,63,0.4255,47,0.4255,47,TEAM,5,1,562,567
500,125,63,0.619,0.488,0.6678,0.2375,0.6349,0.629,62,0.625,56,0.75,8,TEAM,5,2,625,630
550,138,63,0.2857,0.6481,0.8553,0.3235,0.7143,,0,,0,,0,TEAM,5,3,688,693
600,151,63,0.3016,0.6645,0.821,0.3125,0.3016,0.3016,63,0.3016,63,0.3016,63,TEAM,5,4,751,756
651,163,63,0.5556,0.4912,0.7132,0.2582,0.4127,0.4,10,0.4,10,0.4,10,TEAM,5,5,814,819
701,176,63,0.5079,0.7307,2.435,0.3498,0.4603,0.4833,60,0.4833,60,0.4833,60,TEAM,5,6,877,882
752,188,63,0.4127,0.5228,4.5114,0.4172,0.3651,0.3704,54,0.3878,49,0.3571,28,TEAM,5,7,940,945
802,201,63,0.3968,0.4963,0.8203,0.3066,0.3968,0.3968,63,0.3968,63,0.381,21,TEAM,5,8,1003,1008
399,100,63,0.4603,0.6857,3.7077,0.3642,0.5714,0.5833,12,,0,,0,TGT,5,0,499,504
449,113,63,0.3968,0.5728,1.0378,0.3136,0.3651,0.377,61,0.4,50,0.3171,41,TGT,5,1,562,567
500,125,63,0.5238,0.6444,2.2599,0.2908,0.5238,0.5238,63,0.5238,63,0.537,54,TGT,5,2,625,630
550,138,63,0.6349,0.5802,0.6734,0.2392,0.5714,0.614,57,0.614,57,0.614,57,TGT,5,3,688,693
600,151,63,0.2857,0.4506,0.8786,0.3386,0.3175,0.2881,59,0.2982,57,0.3019,53,TGT,5,4,751,756
651,163,63,0.4762,0.4338,2.8479,0.3491,0.5238,,0,,0,,0,TGT,5,5,814,819
701,176,63,0.6508,0.4186,0.6721,0.2388,0.3175,0.0,2,0.0,2,0.0,2,TGT,5,6,877,882
752,188,63,0.3175,0.5,0.8133,0.3087,0.6825,,0,,0,,0,TGT,5,7,940,945
802,201,63,0.5079,0.5,0.6931,0.25,0.5079,0.5079,63,,0,,0,TGT,5,8,1003,1008
399,100,63,0.619,0.6217,0.6823,0.2416,0.5397,0.5926,54,0.6286,35,0.6286,35,TJX,5,0,499,504
449,113,63,0.7143,0.5074,0.8283,0.2183,0.6667,0.7069,58,0.7069,58,0.6207,29,TJX,5,1,562,567
500,125,63,0.4762,0.5375,0.7419,0.2757,0.4603,0.4677,62,0.4677,62,0.4677,62,TJX,5,2,625,630
550,138,63,0.6032,0.6015,1.3303,0.2535,0.5556,0.6136,44,1.0,1,1.0,1,TJX,5,3,688,693
600,151,63,0.4444,0.5862,0.6945,0.2537,0.5556,,0,,0,,0,TJX,5,4,751,756
651,163,63,0.5238,0.5869,0.6775,0.2461,0.5238,0.5254,59,0.5254,59,0.6875,16,TJX,5,5,814,819
701,176,63,0.5079,0.6424,0.6904,0.2548,0.6349,0.7647,17,0.7647,17,,0,TJX,5,6,877,882
752,188,63,0.619,0.6689,0.6204,0.2188,0.5397,0.6562,32,0.6562,32,1.0,2,TJX,5,7,940,945
802,201,63,0.5238,0.5199,0.9229,0.2588,0.4444,0.4783,46,0.4878,41,,0,TJX,5,8,1003,1008
399,100,63,0.3651,0.3799,3.7385,0.3739,0.3651,0.2703,37,0.2703,37,,0,TPR,5,0,499,504
449,113,63,0.4921,0.4927,0.9338,0.2693,0.4127,0.4464,56,0.4314,51,0.4043,47,TPR,5,1,562,567
500,125,63,0.3651,0.566,0.7259,0.2664,0.6508,1.0,1,,0,,0,TPR,5,2,625,630
550,138,63,0.3651,0.5831,3.349,0.4693,0.7937,0.8571,14,0.9,10,1.0,5,TPR,5,3,688,693
600,151,63,0.5397,0.5046,0.6981,0.2523,0.5397,0.5397,63,0.5397,63,0.5556,9,TPR,5,4,751,756
651,163,63,0.7143,0.5407,0.6294,0.2185,0.7143,0.7288,59,0.7407,54,0.7097,31,TPR,5,5,814,819
701,176,63,0.4603,0.3788,0.8568,0.3228,0.5238,0.4906,53,0.4906,53,0.4906,53,TPR,5,6,877,882
752,188,63,0.4762,0.4086,0.6817,0.2445,0.7143,0.6579,38,0.6486,37,0.6486,37,TPR,5,7,940,945
802,201,63,0.3492,0.5,0.8542,0.327,0.3492,0.3492,63,0.3492,63,0.3492,63,TPR,5,8,1003,1008
399,100,63,0.6032,0.6069,0.6705,0.2388,0.4921,0.575,40,,0,,0,TSLA,5,0,499,504
449,113,63,0.6667,0.6505,0.9405,0.261,0.4444,0.5745,47,0.5745,47,0.5745,47,TSLA,5,1,562,567
500,125,63,0.4127,0.4828,0.6997,0.256,0.5397,0.0,3,,0,,0,TSLA,5,2,625,630
550,138,63,0.5079,0.6401,4.1451,0.4113,0.4921,,0,,0,,0,TSLA,5,3,688,693
600,151,63,0.619,0.5673,0.6814,0.2442,0.381,,0,,0,,0,TSLA,5,4,751,756
651,163,63,0.4603,0.5294,0.7409,0.2732,0.5397,,0,,0,,0,TSLA,5,5,814,819
701,176,63,0.3651,0.4891,5.4255,0.4506,0.6349,,0,,0,,0,TSLA,5,6,877,882
752,188,63,0.5873,0.5983,0.6783,0.2427,0.4921,0.6667,15,0.7778,9,,0,TSLA,5,7,940,945
802,201,63,0.3175,0.5478,0.7697,0.2799,0.3651,0.3333,60,0.5714,14,0.6154,13,TSLA,5,8,1003,1008
399,100,63,0.619,0.5641,0.6656,0.2363,0.619,0.619,63,0.6596,47,,0,TSM,5,0,499,504
449,113,63,0.5873,0.4615,0.7038,0.2532,0.619,0.6102,59,0.6102,59,0.6102,59,TSM,5,1,562,567
500,125,63,0.6032,0.4384,0.6697,0.2398,0.6032,0.6032,63,0.6032,63,0.6032,63,TSM,5,2,625,630
550,138,63,0.5556,0.4865,0.9384,0.2629,0.5873,0.5738,61,0.5738,61,0.5738,61,TSM,5,3,688,693
600,151,63,0.381,0.5876,0.7471,0.2766,0.381,0.381,63,0.381,63,0.4524,42,TSM,5,4,751,756
651,163,63,0.7143,0.4949,0.9322,0.2604,0.7302,0.7258,62,,0,,0,TSM,5,5,814,819
701,176,63,0.4921,0.4558,1.9047,0.3132,0.5873,0.5581,43,0.5294,34,,0,TSM,5,6,877,882
752,188,63,0.6508,0.5,0.657,0.2321,0.6508,0.6508,63,0.6508,63,,0,TSM,5,7,940,945
802,201,63,0.5556,0.5527,0.8124,0.2927,0.5397,0.5484,62,0.5484,62,0.5484,62,TSM,5,8,1003,1008
399,100,63,0.4762,0.6538,3.0298,0.3449,0.5873,1.0,4,1.0,4,1.0,4,UAL,5,0,499,504
449,113,63,0.6349,0.5217,5.5817,0.3549,0.3651,,0,,0,,0,UAL,5,1,562,567
500,125,63,0.0476,0.9333,1.0338,0.4118,0.9524,,0,,0,,0,UAL,5,2,625,630
550,138,63,0.6667,0.5,0.6454,0.2259,0.6667,0.6667,63,0.6667,63,0.6667,63,UAL,5,3,688,693
600,151,63,0.4444,0.4857,1.0477,0.388,0.4444,0.4444,63,0.4444,63,0.4444,63,UAL,5,4,751,756
651,163,63,0.6032,0.6384,0.632,0.2226,0.6032,0.6032,63,0.6275,51,0.8235,17,UAL,5,5,814,819
701,176,63,0.5397,0.6485,0.6604,0.2356,0.5238,0.5323,62,0.5323,62,1.0,9,UAL,5,6,877,882
752,188,63,0.6349,0.6827,0.6704,0.2397,0.619,0.6818,44,1.0,9,1.0,6,UAL,5,7,940,945
802,201,63,0.5873,0.5348,0.7503,0.2618,0.4127,0.5,24,0.5,24,0.625,8,UAL,5,8,1003,1008
399,100,63,0.5079,0.6064,1.595,0.2778,0.5079,0.5079,63,0.5079,63,0.5079,63,UNH,5,0,499,504
449,113,63,0.4286,0.6507,1.0478,0.3109,0.5873,0.6,5,0.6,5,0.6,5,UNH,5,1,562,567
500,125,63,0.4603,0.5475,1.5864,0.3435,0.5238,0.4737,19,0.5833,12,0.5833,12,UNH,5,2,625,630
550,138,63,0.5238,0.747,2.2235,0.2819,0.5238,0.5238,63,0.6122,49,0.6122,49,UNH,5,3,688,693
600,151,63,0.5079,0.4698,0.7783,0.2953,0.5079,0.5079,63,0.4808,52,0.4186,43,UNH,5,4,751,756
651,163,63,0.381,0.5321,2.9833,0.4118,0.381,0.381,63,0.3871,62,0.3871,62,UNH,5,5,814,819
701,176,63,0.5397,0.6179,0.6988,0.2532,0.6032,0.8462,13,1.0,1,1.0,1,UNH,5,6,877,882
752,188,63,0.4762,0.4894,0.6975,0.2522,0.5238,,0,,0,,0,UNH,5,7,940,945
802,201,63,0.3651,0.5854,0.71,0.258,0.6508,1.0,1,,0,,0,UNH,5,8,1003,1008
399,100,63,0.4603,0.5882,1.276,0.3248,0.4603,0.4603,63,0.4603,63,0.4603,63,V,5,0,499,504
449,113,63,0.3968,0.5,0.7814,0.2929,0.3968,0.3968,63,0.3968,63,0.3968,63,V,5,1,562,567
500,125,63,0.2698,0.7813,3.7577,0.4813,0.7302,,0,,0,,0,V,5,2,625,630
550,138,63,0.4127,0.4055,2.935,0.3903,0.6984,0.6061,33,0.5714,7,0.5714,7,V,5,3,688,693
600,151,63,0.4762,0.644,0.7022,0.2547,0.6349,1.0,7,1.0,3,1.0,3,V,5,4,751,756
651,163,63,0.3968,0.4326,1.6541,0.3,0.5397,0.4444,36,0.4444,36,0.4444,36,V,5,5,814,819
701,176,63,0.4286,0.5449,1.2539,0.3102,0.4444,0.4355,62,0.4355,62,0.4444,45,V,5,6,877,882
752,188,63,0.4762,0.5152,8.1172,0.5159,0.4762,0.4762,63,0.4762,63,0.4762,63,V,5,7,940,945
802,201,63,0.3968,0.5,0.7111,0.259,0.3968,0.3968,63,,0,,0,V,5,8,1003,1008
399,100,63,0.4603,0.428,3.5527,0.3785,0.5714,0.5238,42,0.5405,37,0.4667,15,VKTX,5,0,499,504
449,113,63,0.3492,0.3054,0.828,0.3149,0.3492,0.3492,63,0.3492,63,0.1818,33,VKTX,5,1,562,567
500,125,63,0.381,0.2913,0.744,0.2752,0.4921,0.1,10,0.1,10,,0,VKTX,5,2,625,630
550,138,63,0.746,0.6629,0.66,0.2335,0.254,,0,,0,,0,VKTX,5,3,688,693
600,151,63,0.7302,0.7297,0.634,0.2207,0.4603,0.7,30,0.7,30,,0,VKTX,5,4,751,756
651,163,63,0.3492,0.5593,0.7715,0.287,0.6508,0.5,2,0.5,2,,0,VKTX,5,5,814,819
701,176,63,0.5238,0.5379,0.682,0.2448,0.5873,0.6129,31,1.0,2,1.0,2,VKTX,5,6,877,882
752,188,63,0.6349,0.5217,0.9501,0.268,0.3651,0.5,16,0.5,16,0.5,16,VKTX,5,7,940,945
802,201,63,0.6032,0.555,1.2315,0.294,0.5714,0.6774,31,0.6667,9,,0,VKTX,5,8,1003,1008
399,100,63,0.6032,0.5568,0.7198,0.26,0.3968,0.5,12,0.5,10,0.5556,9,VZ,5,0,499,504
449,113,63,0.5079,0.5786,0.7051,0.2558,0.5556,0.7,10,0.625,8,,0,VZ,5,1,562,567
500,125,63,0.3968,0.4383,1.1952,0.2828,0.5556,0.2857,7,0.25,4,0.3333,3,VZ,5,2,625,630
550,138,63,0.4286,0.5967,1.9723,0.3287,0.4286,0.4286,63,0.4545,22,0.4545,22,VZ,5,3,688,693
600,151,63,0.6984,0.7372,0.8653,0.2286,0.619,0.8846,26,0.8846,26,1.0,5,VZ,5,4,751,756
651,163,63,0.5079,0.5136,2.109,0.3087,0.4762,0.4737,19,0.4737,19,0.8571,7,VZ,5,5,814,819
701,176,63,0.4286,0.5432,0.7034,0.2565,0.4286,0.4286,63,0.4545,22,0.5263,19,VZ,5,6,877,882
752,188,63,0.5873,0.6034,0.8792,0.2456,0.5873,0.5902,61,0.5902,61,0.5902,61,VZ,5,7,940,945
802,201,63,0.5238,0.5634,0.7037,0.2565,0.5397,0.5667,30,0.5667,30,0.5667,30,VZ,5,8,1003,1008
399,100,63,0.4603,0.4621,5.8714,0.4584,0.6032,0.5769,26,0.5769,26,0.5789,19,WMT,5,0,499,504
449,113,63,0.6349,0.672,0.6405,0.2245,0.5873,0.7692,26,0.7692,26,0.7692,26,WMT,5,1,562,567
500,125,63,0.6667,0.5778,0.6412,0.2245,0.7619,0.8,45,0.8125,32,0.8125,32,WMT,5,2,625,630
550,138,63,0.5397,0.5885,0.6742,0.2415,0.6984,0.8,25,0.8,25,0.8,25,WMT,5,3,688,693
600,151,63,0.5397,0.4635,0.7221,0.2629,0.5397,0.5397,63,0.5532,47,0.5532,47,WMT,5,4,751,756
651,163,63,0.5873,0.6367,1.0994,0.2451,0.5873,0.5873,63,0.5873,63,0.6458,48,WMT,5,5,814,819
701,176,63,0.5397,0.5439,0.6958,0.2505,0.4762,0.5238,21,0.625,16,0.625,16,WMT,5,6,877,882
752,188,63,0.4762,0.6017,0.6672,0.238,0.6825,0.9167,12,0.9167,12,0.9,10,WMT,5,7,940,945
802,201,63,0.5079,0.5,0.7037,0.2552,0.5079,0.5079,63,0.5079,63,,0,WMT,5,8,1003,1008
399,100,63,0.3651,0.6087,0.9598,0.2757,0.3651,0.3651,63,0.377,61,0.6,10,ZM,5,0,499,504
449,113,63,0.5556,0.7005,0.6615,0.2348,0.5556,0.5556,63,0.7778,18,0.7647,17,ZM,5,1,562,567
500,125,63,0.4603,0.6203,7.2817,0.5175,0.6508,1.0,7,1.0,1,1.0,1,ZM,5,2,625,630
550,138,63,0.4921,0.5106,0.6949,0.2508,0.4762,0.4821,56,,0,,0,ZM,5,3,688,693
600,151,63,0.5397,0.5,0.6915,0.2492,0.5397,0.5397,63,0.5397,63,,0,ZM,5,4,751,756
651,163,63,0.3492,0.5011,0.7411,0.2744,0.3333,0.3333,60,0.3333,60,0.5,2,ZM,5,5,814,819
701,176,63,0.3968,0.6105,3.5574,0.456,0.6032,,0,,0,,0,ZM,5,6,877,882
752,188,63,0.3968,0.5228,0.7131,0.2599,0.5397,0.25,8,0.25,8,0.25,8,ZM,5,7,940,945
802,201,63,0.7619,0.7908,0.5842,0.1985,0.6349,0.8049,41,0.9,20,0.9,20,ZM,5,8,1003,1008
399,100,63,0.5397,0.4146,1.6776,0.3041,0.6508,0.6071,56,0.6071,56,0.6071,56,COIN,5,0,499,504
449,113,63,0.4286,0.5504,1.0562,0.3166,0.4286,0.4286,63,0.4286,63,0.4286,63,COIN,5,1,562,567
500,125,63,0.5873,0.4179,1.4293,0.2901,0.6349,0.6167,60,0.4286,7,0.4286,7,COIN,5,2,625,630
550,138,63,0.4762,0.6561,1.2143,0.2737,0.4762,0.4762,63,0.6923,26,0.7273,22,COIN,5,3,688,693
600,151,63,0.5397,0.5705,2.6294,0.3481,0.3968,0.4545,44,0.4545,44,0.4545,44,COIN,5,4,751,756
651,163,63,0.6825,0.682,0.6025,0.2147,0.5397,0.6842,38,,0,,0,COIN,5,5,814,819
701,176,63,0.5238,0.5197,0.7017,0.254,0.5079,0.5208,48,,0,,0,COIN,5,6,877,882
752,188,63,0.254,0.5,0.6965,0.2517,0.254,0.254,63,,0,,0,COIN,5,7,940,945
802,201,63,0.6032,0.5878,1.7984,0.2709,0.5873,0.7,30,0.64,25,0.64,25,COIN,5,8,1003,1008
399,100,63,0.5397,0.5358,1.843,0.287,0.4921,0.5263,38,,0,,0,AVGO,5,0,499,504
449,113,63,0.6508,0.6939,1.4901,0.2352,0.4762,0.6176,34,0.6364,33,0.6364,33,AVGO,5,1,562,567
500,125,63,0.5397,0.6576,0.7231,0.2611,0.5238,0.5526,38,0.6562,32,0.6562,32,AVGO,5,2,625,630
550,138,63,0.6349,0.5864,1.8154,0.2702,0.5238,0.6087,46,0.6087,46,0.6,45,AVGO,5,3,688,693
600,151,63,0.4444,0.4577,0.7391,0.2719,0.4444,0.4444,63,0.4474,38,0.2,10,AVGO,5,4,751,756
651,163,63,0.6349,0.4674,0.7572,0.2779,0.7619,0.7451,51,,0,,0,AVGO,5,5,814,819
701,176,63,0.5556,0.5489,2.5634,0.3197,0.5873,0.68,25,0.68,25,0.68,25,AVGO,5,6,877,882
752,188,63,0.5873,0.5927,0.6976,0.2517,0.4921,0.5472,53,0.5472,53,0.5472,53,AVGO,5,7,940,945
802,201,63,0.4921,0.6255,0.7641,0.283,0.4921,0.4898,49,0.4878,41,0.4878,41,AVGO,5,8,1003,1008
399,100,63,0.6032,0.4911,0.681,0.2436,0.6032,0.6032,63,0.6032,63,0.6032,63,ANET,5,0,499,504
449,113,63,0.5079,0.5907,0.7534,0.2781,0.5079,0.5079,63,0.5161,62,0.5161,62,ANET,5,1,562,567
500,125,63,0.3492,0.273,0.7697,0.2858,0.619,0.4722,36,0.3529,17,0.3529,17,ANET,5,2,625,630
550,138,63,0.6984,0.6,0.6636,0.2328,0.7143,0.7097,62,1.0,10,1.0,9,ANET,5,3,688,693
600,151,63,0.381,0.625,7.8033,0.5496,0.3651,0.371,62,0.371,62,0.3898,59,ANET,5,4,751,756
651,163,63,0.6825,0.4302,0.6517,0.2294,0.6825,0.6825,63,0.6667,60,0.5,6,ANET,5,5,814,819
701,176,63,0.5556,0.5,0.6878,0.2473,0.5556,0.5556,63,0.5556,63,,0,ANET,5,6,877,882
752,188,63,0.5397,0.5,0.6907,0.2488,0.5397,0.5397,63,0.5397,63,,0,ANET,5,7,940,945
802,201,63,0.5238,0.4955,4.8594,0.3955,0.5238,0.5238,63,0.5238,63,0.5122,41,ANET,5,8,1003,1008
399,100,63,0.3968,0.4921,0.7754,0.2882,0.6667,0.625,16,0.625,16,0.625,16,AMAT,5,0,499,504
449,113,63,0.5714,0.5136,0.9721,0.27,0.5238,0.5517,58,0.5517,58,0.5517,58,AMAT,5,1,562,567
500,125,63,0.5714,0.7037,0.8309,0.2909,0.5714,0.5714,63,0.5714,63,0.5902,61,AMAT,5,2,625,630
550,138,63,0.5397,0.5025,0.7328,0.2682,0.5397,0.5397,63,0.5397,63,0.5397,63,AMAT,5,3,688,693
600,151,63,0.3968,0.3837,0.7466,0.2762,0.3968,0.3968,63,0.2105,19,0.2105,19,AMAT,5,4,751,756
651,163,63,0.381,0.4475,1.4221,0.2867,0.5873,0.375,8,0.375,8,0.375,8,AMAT,5,5,814,819
701,176,63,0.3968,0.4641,6.4145,0.5017,0.6984,0.6667,18,1.0,8,1.0,8,AMAT,5,6,877,882
752,188,63,0.6825,0.4314,0.6927,0.2498,0.6825,0.6825,63,,0,,0,AMAT,5,7,940,945
802,201,63,0.6032,0.5221,1.1312,0.2552,0.6032,0.614,57,0.614,57,0.614,57,AMAT,5,8,1003,1008
399,100,63,0.5397,0.5025,0.9295,0.2605,0.5397,0.541,61,0.541,61,0.541,61,LRCX,5,0,499,504
449,113,63,0.4127,0.3977,2.6816,0.3674,0.4921,0.4423,52,0.4694,49,0.4194,31,LRCX,5,1,562,567
500,125,63,0.5238,0.4792,0.7094,0.2575,0.5397,0.5357,56,0.5357,56,0.3333,3,LRCX,5,2,625,630
550,138,63,0.5079,0.5509,1.3526,0.2616,0.5714,0.7273,11,0.6667,9,0.6667,9,LRCX,5,3,688,693
600,151,63,0.4286,0.3281,1.9055,0.3121,0.5079,0.4643,56,0.25,8,0.1667,6,LRCX,5,4,751,756
651,163,63,0.6984,0.5919,1.8016,0.2679,0.6825,0.7308,52,0.7308,52,,0,LRCX,5,5,814,819
701,176,63,0.381,0.4927,0.9758,0.3765,0.746,0.8333,12,0.8333,12,,0,LRCX,5,6,877,882
752,188,63,0.6825,0.5512,0.6396,0.2238,0.6825,0.6825,63,0.7073,41,0.7073,41,LRCX,5,7,940,945
802,201,63,0.6032,0.5653,0.6951,0.2488,0.6032,0.6032,63,0.6032,63,0.6296,54,LRCX,5,8,1003,1008
399,100,63,0.6508,0.5488,0.6365,0.2225,0.6825,0.7333,45,0.7273,44,0.7273,44,VRT,5,0,499,504
449,113,63,0.381,0.4776,0.9258,0.3483,0.381,0.381,63,0.3846,52,0.3846,52,VRT,5,1,562,567
500,125,63,0.7302,0.5185,0.6156,0.2118,0.7302,0.7302,63,0.7302,63,0.7302,63,VRT,5,2,625,630
550,138,63,0.5873,0.6744,0.6506,0.2372,0.4921,0.5439,57,0.5439,57,0.5439,57,VRT,5,3,688,693
600,151,63,0.4127,0.1237,3.6631,0.4229,0.4603,0.4333,60,0.1714,35,0.05,20,VRT,5,4,751,756
651,163,63,0.6667,0.3322,0.6657,0.2363,0.6667,0.6667,63,0.5,26,,0,VRT,5,5,814,819
701,176,63,0.5556,0.5545,0.6888,0.2481,0.5714,0.6,40,0.6,40,0.5833,36,VRT,5,6,877,882
752,188,63,0.5873,0.4684,1.6213,0.2804,0.6032,0.6111,54,0.6111,54,0.5778,45,VRT,5,7,940,945
802,201,63,0.6349,0.5444,2.9959,0.316,0.7619,0.7778,45,0.7778,45,0.7778,45,VRT,5,8,1003,1008
399,100,63,0.7937,0.6722,1.0064,0.1998,0.7143,0.7963,54,0.7963,54,0.7963,54,ETN,5,0,499,504
449,113,63,0.4444,0.4168,1.5554,0.3472,0.4444,0.4444,63,0.4444,63,0.4444,63,ETN,5,1,562,567
500,125,63,0.6349,0.5147,0.6837,0.2428,0.6667,0.661,59,0.661,59,0.661,59,ETN,5,2,625,630
550,138,63,0.5079,0.5582,0.6909,0.2489,0.4444,0.4746,59,0.5,2,,0,ETN,5,3,688,693
600,151,63,0.4603,0.4173,0.7409,0.2735,0.4603,0.4603,63,0.3696,46,0.4375,32,ETN,5,4,751,756
651,163,63,0.619,0.3819,0.6944,0.2506,0.619,0.619,63,,0,,0,ETN,5,5,814,819
701,176,63,0.6508,0.6173,0.6774,0.2377,0.5556,0.6327,49,0.6327,49,,0,ETN,5,6,877,882
752,188,63,0.6349,0.591,0.8686,0.2336,0.5714,0.6102,59,0.6102,59,0.75,4,ETN,5,7,940,945
802,201,63,0.6508,0.6184,0.6394,0.2253,0.6032,0.6429,56,0.6429,56,0.6604,53,ETN,5,8,1003,1008
399,100,63,0.3968,0.5,0.7733,0.2892,0.3968,0.3968,63,0.3968,63,0.3968,63,NOW,5,0,499,504
449,113,63,0.6032,0.3846,6.1618,0.411,0.619,0.6129,62,0.6129,62,0.5714,56,NOW,5,1,562,567
500,125,63,0.4444,0.561,1.1921,0.2839,0.6984,0.7647,17,1.0,4,1.0,1,NOW,5,2,625,630
550,138,63,0.5397,0.5786,0.6862,0.248,0.5397,0.5397,63,0.5397,63,0.5952,42,NOW,5,3,688,693
600,151,63,0.381,0.3519,3.836,0.4102,0.4127,0.3934,61,0.3934,61,0.3934,61,NOW,5,4,751,756
651,163,63,0.3968,0.4808,0.7037,0.2553,0.4127,0.4032,62,,0,,0,NOW,5,5,814,819
701,176,63,0.5238,0.5833,0.6862,0.2466,0.4762,,0,,0,,0,NOW,5,6,877,882
752,188,63,0.6984,0.5203,0.6571,0.232,0.3016,,0,,0,,0,NOW,5,7,940,945
802,201,63,0.5079,0.5,0.701,0.2539,0.4921,,0,,0,,0,NOW,5,8,1003,1008
399,100,63,0.4127,0.5,0.9605,0.3663,0.4127,0.4127,63,0.4127,63,0.4127,63,EQIX,5,0,499,504
449,113,63,0.4921,0.4093,2.6414,0.3437,0.4921,0.4921,63,0.25,12,0.25,12,EQIX,5,1,562,567
500,125,63,0.3968,0.5,0.711,0.2589,0.6032,,0,,0,,0,EQIX,5,2,625,630
550,138,63,0.5556,0.5577,0.6822,0.2446,0.5556,0.5556,63,0.6,40,,0,EQIX,5,3,688,693
600,151,63,0.4127,0.5842,1.6346,0.2918,0.4127,0.4127,63,0.4565,46,0.5556,9,EQIX,5,4,751,756
651,163,63,0.5079,0.4763,0.7123,0.2594,0.4762,0.4915,59,0.4412,34,0.4412,34,EQIX,5,5,814,819
701,176,63,0.5397,0.4658,1.8974,0.3121,0.5556,0.5625,48,0.5625,48,0.5625,48,EQIX,5,6,877,882
752,188,63,0.3651,0.3317,0.79,0.2949,0.619,0.4828,29,0.5,6,0.5,6,EQIX,5,7,940,945
802,201,63,0.6825,0.7262,0.6735,0.2383,0.6508,0.7561,41,0.84,25,1.0,2,EQIX,5,8,1003,1008
399,100,63,0.4921,0.5,0.7023,0.2546,0.4921,0.4921,63,0.4921,63,,0,DLR,5,0,499,504
449,113,63,0.4444,0.6429,0.6998,0.2533,0.5556,,0,,0,,0,DLR,5,1,562,567
500,125,63,0.4603,0.4768,0.7034,0.2551,0.6032,0.5769,26,0.56,25,,0,DLR,5,2,625,630
550,138,63,0.5873,0.4626,1.0995,0.2484,0.4762,0.5385,52,0.5,40,0.5,40,DLR,5,3,688,693
600,151,63,0.4762,0.601,3.7308,0.3724,0.4762,0.4762,63,0.5,40,0.5,40,DLR,5,4,751,756
651,163,63,0.4762,0.5096,0.6791,0.2459,0.4603,0.4655,58,0.6,5,0.6,5,DLR,5,5,814,819
701,176,63,0.6349,0.6526,0.85,0.2269,0.4444,0.6316,19,0.6316,19,0.6316,19,DLR,5,6,877,882
752,188,63,0.4603,0.5,0.7767,0.2823,0.5556,0.5455,11,1.0,1,1.0,1,DLR,5,7,940,945
802,201,63,0.4286,0.4298,0.7166,0.2616,0.5873,0.5263,19,0.5,18,,0,DLR,5,8,1003,1008
399,100,63,0.4603,0.3898,0.8296,0.3094,0.5556,0.5098,51,0.4898,49,0.4898,49,WDC,5,0,499,504
449,113,63,0.5556,0.5198,0.6888,0.2478,0.5397,0.55,60,0.55,60,,0,WDC,5,1,562,567
500,125,63,0.6825,0.7145,0.5756,0.195,0.6825,0.6825,63,0.6825,63,0.75,56,WDC,5,2,625,630
550,138,63,0.5714,0.7122,1.3135,0.2457,0.4921,0.5385,52,0.625,40,0.625,40,WDC,5,3,688,693
600,151,63,0.4444,0.5806,2.674,0.4193,0.5397,0.3333,3,0.3333,3,0.3333,3,WDC,5,4,751,756
651,163,63,0.1429,0.5431,13.4779,0.8661,0.9206,1.0,4,,0,,0,WDC,5,5,814,819
701,176,63,0.7937,0.5551,0.7737,0.184,0.8254,0.8197,61,0.8197,61,0.8197,61,WDC,5,6,877,882
752,188,63,0.6825,0.702,0.8152,0.2118,0.7302,0.8421,38,0.8421,38,0.8333,30,WDC,5,7,940,945
802,201,63,0.6984,0.4312,2.0996,0.2897,0.6984,0.6984,63,0.6984,63,0.6222,45,WDC,5,8,1003,1008
399,100,63,0.3333,0.2911,6.0543,0.537,0.5397,0.375,32,0.375,32,0.375,32,STX,5,0,499,504
449,113,63,0.5079,0.4425,0.8854,0.3055,0.5079,0.5079,63,0.3636,11,0.3636,11,STX,5,1,562,567
500,125,63,0.6032,0.5465,1.4299,0.3323,0.6667,0.7429,35,0.7353,34,,0,STX,5,2,625,630
550,138,63,0.4127,0.5338,4.5268,0.4372,0.4127,0.4127,63,0.4127,63,0.4127,63,STX,5,3,688,693
600,151,63,0.5238,0.4657,0.7262,0.2643,0.5238,0.5238,63,0.4167,12,0.4167,12,STX,5,4,751,756
651,163,63,0.2063,0.5,0.7544,0.2805,0.7937,,0,,0,,0,STX,5,5,814,819
701,176,63,0.8095,0.5,0.6173,0.2123,0.8095,0.8095,63,0.8095,63,,0,STX,5,6,877,882
752,188,63,0.619,0.5,0.6783,0.2419,0.619,0.619,63,0.619,63,0.619,63,STX,5,7,940,945
802,201,63,0.7302,0.36,0.6029,0.2041,0.7302,0.7302,63,0.7302,63,0.7302,63,STX,5,8,1003,1008
399,100,63,0.5556,0.5,0.7103,0.2578,0.5556,0.5556,63,0.5556,63,0.5556,63,ASML,5,0,499,504
449,113,63,0.5079,0.474,1.4299,0.297,0.5556,0.5455,44,0.5526,38,0.5526,38,ASML,5,1,562,567
500,125,63,0.4603,0.6511,3.0725,0.3621,0.4603,0.4603,63,0.4833,60,0.4833,60,ASML,5,2,625,630
550,138,63,0.4286,0.4789,0.974,0.2813,0.5714,0.5,16,0.4667,15,0.5455,11,ASML,5,3,688,693
600,151,63,0.4603,0.4646,0.6983,0.2526,0.4762,0.4667,60,0.4,10,1.0,1,ASML,5,4,751,756
651,163,63,0.4603,0.3955,0.7027,0.2547,0.5238,0.0,1,0.0,1,0.0,1,ASML,5,5,814,819
701,176,63,0.7302,0.5147,0.6712,0.2395,0.7302,0.7302,63,0.8333,6,0.8333,6,ASML,5,6,877,882
752,188,63,0.3492,0.3136,5.9975,0.5072,0.6349,0.4615,13,0.4615,13,0.4545,11,ASML,5,7,940,945
802,201,63,0.5079,0.5751,0.7068,0.256,0.5079,0.5079,63,0.5806,31,0.5806,31,ASML,5,8,1003,1008
399,100,63,0.5873,0.5879,2.7529,0.3101,0.6032,0.6304,46,0.7692,13,0.7692,13,CEG,5,0,499,504
449,113,63,0.5238,0.6379,1.3434,0.2643,0.5238,0.5238,63,0.5238,63,0.5238,63,CEG,5,1,562,567
500,125,63,0.7619,0.824,0.6029,0.2059,0.5397,0.8276,29,0.8214,28,1.0,2,CEG,5,2,625,630
550,138,63,0.5556,0.4762,1.0447,0.3059,0.4603,0.5122,41,0.5122,41,0.5122,41,CEG,5,3,688,693
600,151,63,0.5714,0.5256,1.6011,0.28,0.6825,0.6667,48,0.6809,47,0.6744,43,CEG,5,4,751,756
651,163,63,0.5238,0.4909,0.7019,0.2543,0.4762,0.5,24,0.5,24,0.5,24,CEG,5,5,814,819
701,176,63,0.6349,0.4875,0.6684,0.2377,0.6349,0.6349,63,0.629,62,,0,CEG,5,6,877,882
752,188,63,0.4762,0.5884,0.726,0.266,0.3968,0.4259,54,0.451,51,0.451,51,CEG,5,7,940,945
802,201,63,0.4603,0.4566,0.7656,0.284,0.4444,0.4516,62,0.4062,32,0.4194,31,CEG,5,8,1003,1008
399,100,63,0.4127,0.4436,0.9865,0.3717,0.8095,0.7692,26,0.7692,26,0.7692,26,VST,5,0,499,504
449,113,63,0.5238,0.5237,1.3489,0.3677,0.4762,0.5,58,0.5,58,0.5,58,VST,5,1,562,567
500,125,63,0.5556,0.5079,2.609,0.334,0.6667,0.6458,48,0.6458,48,0.6596,47,VST,5,2,625,630
550,138,63,0.5873,0.5639,0.6697,0.2384,0.5873,0.5873,63,0.625,48,,0,VST,5,3,688,693
600,151,63,0.5079,0.4496,0.9744,0.2794,0.5079,0.5079,63,0.4815,27,0.5,26,VST,5,4,751,756
651,163,63,0.7302,0.5064,0.6325,0.2255,0.7302,0.7302,63,0.7273,11,0.7273,11,VST,5,5,814,819
701,176,63,0.4286,0.4769,1.4398,0.2987,0.4286,0.4286,63,0.4286,63,0.3333,9,VST,5,6,877,882
752,188,63,0.4127,0.5572,3.0354,0.3442,0.4127,0.4127,63,0.4762,21,0.4762,21,VST,5,7,940,945
802,201,63,0.4444,0.4857,0.9478,0.2682,0.4444,0.4444,63,0.0,1,0.0,1,VST,5,8,1003,1008
399,100,63,0.2857,0.2374,2.7528,0.4036,0.4921,0.15,20,0.15,20,0.15,20,LIN,5,0,499,504
449,113,63,0.6032,0.5,0.6802,0.2435,0.6032,0.6032,63,,0,,0,LIN,5,1,562,567
500,125,63,0.5873,0.5135,0.6777,0.2423,0.5873,0.5873,63,0.5873,63,1.0,1,LIN,5,2,625,630
550,138,63,0.5238,0.5909,0.664,0.2376,0.5238,0.5238,63,0.5238,63,1.0,6,LIN,5,3,688,693
600,151,63,0.6825,0.6207,0.8438,0.2225,0.619,0.6667,57,0.6471,51,0.6957,46,LIN,5,4,751,756
651,163,63,0.6349,0.54,0.6509,0.2306,0.6032,0.623,61,0.623,61,0.623,61,LIN,5,5,814,819
701,176,63,0.3651,0.5288,1.0086,0.2978,0.3492,0.32,50,0.2889,45,0.4783,23,LIN,5,6,877,882
752,188,63,0.6508,0.668,0.6072,0.2093,0.6508,0.7714,35,0.7714,35,0.7714,35,LIN,5,7,940,945
802,201,63,0.4286,0.6416,4.8955,0.4143,0.6032,1.0,2,1.0,2,1.0,2,LIN,5,8,1003,1008
399,100,63,0.4921,0.5796,0.6913,0.2491,0.4921,0.4921,63,0.6154,13,,0,MRVL,5,0,499,504
449,113,63,0.619,0.5994,2.5154,0.3003,0.4603,0.5714,35,0.5185,27,0.5,24,MRVL,5,1,562,567
500,125,63,0.5397,0.575,0.6669,0.2438,0.7619,0.913,23,0.913,23,0.913,23,MRVL,5,2,625,630
550,138,63,0.4603,0.5103,1.1602,0.2684,0.5714,0.625,8,,0,,0,MRVL,5,3,688,693
600,151,63,0.381,0.6245,0.796,0.2988,0.381,0.381,63,0.4,60,0.4773,44,MRVL,5,4,751,756
651,163,63,0.6667,0.5,0.653,0.2301,0.6667,0.6667,63,0.6667,63,,0,MRVL,5,5,814,819
701,176,63,0.7302,0.713,1.5287,0.2451,0.6349,0.8108,37,0.7619,21,,0,MRVL,5,6,877,882
752,188,63,0.5873,0.6189,0.6218,0.2242,0.4444,0.52,50,0.5135,37,,0,MRVL,5,7,940,945
802,201,63,0.3651,0.4831,2.6199,0.3433,0.6825,0.6364,11,0.8,5,0.8,5,MRVL,5,8,1003,1008
399,100,63,0.6032,0.5,0.6719,0.2395,0.6032,0.6032,63,0.6032,63,0.6032,63,CLS,5,0,499,504
449,113,63,0.5397,0.4838,1.4001,0.2775,0.5397,0.5397,63,0.5593,59,0.5593,59,CLS,5,1,562,567
500,125,63,0.6508,0.5217,0.6521,0.2297,0.6349,0.6452,62,0.6452,62,0.6452,62,CLS,5,2,625,630
550,138,63,0.5873,0.5057,0.6828,0.2448,0.6667,0.6739,46,0.6739,46,,0,CLS,5,3,688,693
600,151,63,0.4921,0.6215,3.2332,0.3374,0.4921,0.4921,63,0.4921,63,0.4921,63,CLS,5,4,751,756
651,163,63,0.873,0.5705,0.5659,0.1872,0.873,0.873,63,0.873,63,0.9062,32,CLS,5,5,814,819
701,176,63,0.6667,0.5,0.6366,0.2223,0.6667,0.6667,63,0.6667,63,0.6667,63,CLS,5,6,877,882
752,188,63,0.4286,0.576,0.8642,0.326,0.4444,0.4286,56,0.4286,56,0.4286,56,CLS,5,7,940,945
802,201,63,0.5873,0.526,0.9827,0.2764,0.5873,0.5873,63,0.5932,59,0.6111,54,CLS,5,8,1003,1008
399,100,63,0.4921,0.5582,0.7544,0.2789,0.4127,0.4423,52,0.4423,52,0.4423,52,SYM,5,0,499,504
449,113,63,0.4921,0.5913,0.7073,0.2561,0.5556,0.56,25,,0,,0,SYM,5,1,562,567
500,125,63,0.5397,0.6223,0.6433,0.2319,0.3651,0.4286,42,0.4286,42,,0,SYM,5,2,625,630
550,138,63,0.4762,0.6477,0.8459,0.3216,0.7937,0.8696,23,,0,,0,SYM,5,3,688,693
600,151,63,0.3492,0.412,7.8629,0.5684,0.6349,0.4545,11,0.5556,9,,0,SYM,5,4,751,756
651,163,63,0.4444,0.537,0.7252,0.2672,0.4286,0.4333,60,0.4333,60,0.4483,58,SYM,5,5,814,819
701,176,63,0.4921,0.4042,0.8615,0.3142,0.4921,0.4921,63,0.5082,61,0.5082,61,SYM,5,6,877,882
399,100,63,0.5714,0.5847,0.9453,0.2656,0.4603,0.5556,18,0.5294,17,0.5333,15,MNDY,5,0,499,504
449,113,63,0.6667,0.6653,2.421,0.2673,0.4127,0.5926,27,0.5926,27,0.6154,26,MNDY,5,1,562,567
500,125,63,0.3492,0.4845,3.8357,0.4113,0.6508,,0,,0,,0,MNDY,5,2,625,630
550,138,63,0.5238,0.5212,0.7217,0.2636,0.4762,0.5,42,0.5,42,0.5,42,MNDY,5,3,688,693
600,151,63,0.6667,0.6878,0.6396,0.2234,0.4444,0.6129,31,0.6129,31,0.6129,31,MNDY,5,4,751,756
651,163,63,0.4603,0.4389,0.6977,0.2523,0.4762,0.0,4,,0,,0,MNDY,5,5,814,819
701,176,63,0.5714,0.588,0.6816,0.2442,0.5714,0.5714,63,0.8182,11,,0,MNDY,5,6,877,882
752,188,63,0.4603,0.4488,3.4252,0.4071,0.2857,0.2778,36,0.2778,36,0.2778,36,MNDY,5,7,940,945
802,201,63,0.5079,0.5847,0.709,0.2578,0.3968,0.4444,54,0.4444,54,,0,MNDY,5,8,1003,1008
399,100,63,0.619,0.6265,1.0912,0.2416,0.4286,0.6364,11,0.6364,11,0.6364,11,FVRR,5,0,499,504
449,113,63,0.4921,0.5111,1.6683,0.3029,0.4921,0.4828,29,,0,,0,FVRR,5,1,562,567
500,125,63,0.619,0.7011,1.5973,0.2736,0.5714,0.8,20,,0,,0,FVRR,5,2,625,630
550,138,63,0.4921,0.4844,7.8557,0.496,0.4921,0.0,1,,0,,0,FVRR,5,3,688,693
600,151,63,0.5079,0.5292,0.6918,0.2494,0.5079,0.6,5,0.6,5,,0,FVRR,5,4,751,756
651,163,63,0.619,0.5372,1.3824,0.2717,0.3175,0.375,16,0.375,16,0.3571,14,FVRR,5,5,814,819
701,176,63,0.5079,0.5413,0.7946,0.2895,0.5079,0.5135,37,0.5333,30,0.5333,30,FVRR,5,6,877,882
752,188,63,0.381,0.6003,0.8966,0.34,0.3492,0.3607,61,0.4038,52,0.4038,52,FVRR,5,7,940,945
802,201,63,0.2857,0.3269,0.8961,0.3458,0.381,0.2667,45,0.2667,45,0.2667,45,FVRR,5,8,1003,1008
399,100,63,0.3333,0.4643,1.9248,0.3217,0.6667,,0,,0,,0,APD,5,0,499,504
449,113,63,0.5556,0.6138,0.7413,0.2718,0.5873,0.9091,11,0.9091,11,0.8571,7,APD,5,1,562,567
500,125,63,0.3968,0.4408,0.7232,0.2649,0.5556,0.4348,23,0.4091,22,0.6667,6,APD,5,2,625,630
550,138,63,0.3651,0.3864,7.5428,0.5348,0.5397,0.4062,32,0.4286,14,0.4286,14,APD,5,3,688,693
600,151,63,0.4603,0.5,0.71,0.2584,0.4603,0.4603,63,0.4603,63,,0,APD,5,4,751,756
651,163,63,0.5556,0.5687,0.7091,0.2576,0.6508,0.76,25,,0,,0,APD,5,5,814,819
701,176,63,0.381,0.5144,0.7115,0.2591,0.381,0.381,63,,0,,0,APD,5,6,877,882
752,188,63,0.4603,0.5139,0.6747,0.2405,0.6508,0.64,25,0.7619,21,0.7619,21,APD,5,7,940,945
802,201,63,0.5873,0.533,0.713,0.2584,0.5397,0.6111,36,0.6,35,,0,APD,5,8,1003,1008
399,100,63,0.254,0.3875,5.0576,0.5117,0.7619,1.0,1,,0,,0,EME,5,0,499,504
449,113,63,0.4921,0.5323,0.7758,0.2884,0.4921,0.4921,63,0.4921,63,0.4921,63,EME,5,1,562,567
500,125,63,0.7302,0.6196,0.5654,0.1922,0.7302,0.7302,63,0.7302,63,0.7302,63,EME,5,2,625,630
550,138,63,0.5714,0.6369,0.6336,0.2307,0.5238,0.5536,56,0.5385,52,0.6333,30,EME,5,3,688,693
600,151,63,0.4762,0.598,4.6629,0.4064,0.4762,0.4762,63,0.4762,63,0.4839,62,EME,5,4,751,756
651,163,63,0.746,0.4953,1.7461,0.2454,0.746,0.746,63,0.7391,23,0.7273,22,EME,5,5,814,819
701,176,63,0.619,0.4043,0.6791,0.243,0.6349,0.629,62,0.6,55,0.6038,53,EME,5,6,877,882
752,188,63,0.6984,0.5,0.626,0.2169,0.6984,0.6984,63,0.6984,63,0.6984,63,EME,5,7,940,945
802,201,63,0.6825,0.5,0.6254,0.2169,0.6825,0.6825,63,0.6825,63,0.6825,63,EME,5,8,1003,1008
399,100,63,0.619,0.5,0.6719,0.2394,0.619,0.619,63,0.619,63,,0,KLAC,5,0,499,504
449,113,63,0.4444,0.4679,0.755,0.276,0.5556,0.5,18,0.5,18,0.5,18,KLAC,5,1,562,567
500,125,63,0.5714,0.7052,0.7195,0.2613,0.5714,0.5714,63,0.5714,63,0.5714,63,KLAC,5,2,625,630
550,138,63,0.6349,0.5989,0.6402,0.2241,0.6349,0.6349,63,0.6349,63,0.6939,49,KLAC,5,3,688,693
600,151,63,0.5556,0.5265,0.7279,0.2652,0.4444,0.5,52,0.5102,49,0.5102,49,KLAC,5,4,751,756
651,163,63,0.4444,0.4909,0.7833,0.2906,0.619,0.6,20,0.5455,11,0.5455,11,KLAC,5,5,814,819
701,176,63,0.4444,0.561,0.7074,0.2574,0.6508,0.875,8,0.875,8,0.8571,7,KLAC,5,6,877,882
752,188,63,0.5238,0.531,1.0754,0.315,0.6349,0.625,40,0.641,39,1.0,2,KLAC,5,7,940,945
802,201,63,0.7143,0.8346,0.5831,0.1967,0.7143,0.7143,63,0.7778,54,0.7925,53,KLAC,5,8,1003,1008
399,100,63,0.3492,0.469,3.595,0.3971,0.6508,,0,,0,,0,TXN,5,0,499,504
449,113,63,0.619,0.5,0.6671,0.237,0.619,0.619,63,0.619,63,,0,TXN,5,1,562,567
500,125,63,0.5873,0.5998,0.6699,0.2385,0.5873,0.5873,63,0.5873,63,0.6471,51,TXN,5,2,625,630
550,138,63,0.4127,0.575,0.9602,0.3591,0.3651,0.3833,60,0.375,56,0.4082,49,TXN,5,3,688,693
600,151,63,0.4603,0.5202,0.7604,0.2825,0.4762,0.4643,56,0.434,53,0.434,53,TXN,5,4,751,756
651,163,63,0.381,0.5141,0.7218,0.2654,0.6349,0.6,5,0.6,5,0.6,5,TXN,5,5,814,819
701,176,63,0.5873,0.5,0.6783,0.2426,0.4127,,0,,0,,0,TXN,5,6,877,882
752,188,63,0.2698,0.339,1.0039,0.3738,0.6667,0.1667,6,0.1667,6,0.1667,6,TXN,5,7,940,945
802,201,63,0.5714,0.5139,0.6826,0.2448,0.5714,0.5714,63,0.5714,63,,0,TXN,5,8,1003,1008
399,100,63,0.5238,0.5535,2.1128,0.3127,0.5238,0.6154,13,0.6667,3,,0,MCHP,5,0,499,504
449,113,63,0.7143,0.6695,0.623,0.2173,0.3968,0.7059,17,0.6875,16,,0,MCHP,5,1,562,567
500,125,63,0.5873,0.6905,0.6582,0.2329,0.4921,0.5641,39,0.6786,28,0.8182,11,MCHP,5,2,625,630
550,138,63,0.3016,0.5987,5.7841,0.5078,0.3016,0.3016,63,0.36,50,0.36,50,MCHP,5,3,688,693
600,151,63,0.5556,0.4934,1.4201,0.2832,0.5238,0.541,61,0.3333,6,0.3333,6,MCHP,5,4,751,756
651,163,63,0.4762,0.6571,0.719,0.264,0.5238,,0,,0,,0,MCHP,5,5,814,819
701,176,63,0.5714,0.5406,2.0722,0.2959,0.4286,0.5,16,0.5,16,,0,MCHP,5,6,877,882
752,188,63,0.5556,0.434,1.1787,0.2743,0.5873,0.5818,55,0.6087,46,0.4583,24,MCHP,5,7,940,945
802,201,63,0.4762,0.4387,0.7063,0.2563,0.5873,0.5588,34,0.5455,33,0.5333,30,MCHP,5,8,1003,1008
399,100,63,0.4603,0.5305,2.9022,0.3717,0.6508,0.7692,13,0.8333,12,1.0,3,NXPI,5,0,499,504
449,113,63,0.5397,0.4604,0.7039,0.2551,0.5397,0.5397,63,0.5397,63,0.5397,63,NXPI,5,1,562,567
500,125,63,0.5714,0.6815,0.6652,0.2382,0.5397,0.5574,61,0.5574,61,0.5574,61,NXPI,5,2,625,630
550,138,63,0.4444,0.5458,1.2906,0.3192,0.4286,0.4333,60,0.4194,31,0.4231,26,NXPI,5,3,688,693
600,151,63,0.4921,0.6089,1.8305,0.2955,0.5079,0.5,48,0.5106,47,0.5106,47,NXPI,5,4,751,756
651,163,63,0.6032,0.6616,0.6371,0.2275,0.5238,0.6818,22,0.6923,13,0.75,12,NXPI,5,5,814,819
701,176,63,0.5397,0.5398,0.6906,0.25,0.5079,0.7143,7,1.0,3,1.0,3,NXPI,5,6,877,882
752,188,63,0.5397,0.563,0.6784,0.248,0.4921,0.5385,26,0.5,24,0.5,20,NXPI,5,7,940,945
802,201,63,0.4286,0.4232,1.9066,0.3143,0.6032,0.5385,26,0.4706,17,0.4706,17,NXPI,5,8,1003,1008
399,100,63,0.6032,0.5,0.6721,0.2395,0.6032,0.6032,63,0.6032,63,0.6032,63,DELL,5,0,499,504
449,113,63,0.4444,0.5316,1.0137,0.3604,0.4444,0.4444,63,0.4444,63,0.4516,62,DELL,5,1,562,567
500,125,63,0.7302,0.6111,1.0312,0.2125,0.6667,0.7358,53,0.7358,53,0.75,16,DELL,5,2,625,630
550,138,63,0.4762,0.6112,0.7371,0.2697,0.4127,0.4407,59,0.4407,59,0.5238,21,DELL,5,3,688,693
600,151,63,0.5556,0.5348,0.6916,0.2492,0.5238,0.5581,43,0.0,1,,0,DELL,5,4,751,756
651,163,63,0.4921,0.6017,0.6185,0.2217,0.6825,0.7895,19,0.7895,19,0.875,8,DELL,5,5,814,819
701,176,63,0.6032,0.6247,0.6882,0.2431,0.5397,0.6047,43,0.8,5,1.0,2,DELL,5,6,877,882
752,188,63,0.4762,0.5993,0.7086,0.2582,0.4286,0.4483,58,0.4259,54,0.5,30,DELL,5,7,940,945
802,201,63,0.7937,0.7074,0.6326,0.22,0.746,0.8269,52,0.8485,33,1.0,2,DELL,5,8,1003,1008
399,100,63,0.5556,0.6512,3.2875,0.3539,0.5714,1.0,8,1.0,8,1.0,8,GLW,5,0,499,504
449,113,63,0.4762,0.659,0.6956,0.2512,0.5873,1.0,4,,0,,0,GLW,5,1,562,567
500,125,63,0.7937,0.61,0.6578,0.2323,0.7937,0.7937,63,1.0,11,,0,GLW,5,2,625,630
550,138,63,0.6032,0.5789,0.6369,0.226,0.6032,0.6032,63,0.6032,63,1.0,6,GLW,5,3,688,693
600,151,63,0.4444,0.7107,0.734,0.2694,0.4444,0.4444,63,0.4444,63,0.6786,28,GLW,5,4,751,756
651,163,63,0.8254,0.5,0.616,0.2117,0.8254,0.8254,63,0.8254,63,,0,GLW,5,5,814,819
701,176,63,0.7143,0.5,0.6582,0.2326,0.7143,0.7143,63,,0,,0,GLW,5,6,877,882
752,188,63,0.6032,0.4318,0.681,0.2436,0.6984,0.6667,57,0.6667,57,0.6667,57,GLW,5,7,940,945
802,201,63,0.5873,0.6003,0.6787,0.2429,0.5873,0.5873,63,0.5873,63,0.5873,63,GLW,5,8,1003,1008
399,100,63,0.5397,0.5754,0.6827,0.2448,0.5873,0.6333,30,0.6207,29,,0,FLEX,5,0,499,504
449,113,63,0.4286,0.535,1.6201,0.2871,0.4603,0.4426,61,0.6364,11,0.6364,11,FLEX,5,1,562,567
500,125,63,0.6984,0.5173,0.6836,0.2452,0.7143,0.7167,60,1.0,1,1.0,1,FLEX,5,2,625,630
550,138,63,0.4444,0.2682,1.2356,0.3023,0.5238,0.3333,6,0.2,5,0.2,5,FLEX,5,3,688,693
600,151,63,0.4603,0.5035,0.9085,0.3261,0.4603,0.4603,63,0.5472,53,0.5472,53,FLEX,5,4,751,756
651,163,63,0.2222,0.5,0.6971,0.252,0.7778,,0,,0,,0,FLEX,5,5,814,819
701,176,63,0.6508,0.5083,0.6591,0.2332,0.6508,0.6508,63,0.6591,44,0.6512,43,FLEX,5,6,877,882
752,188,63,0.5556,0.5968,0.6893,0.2518,0.5079,0.5333,60,0.5333,60,0.5333,60,FLEX,5,7,940,945
802,201,63,0.7302,0.25,1.3608,0.249,0.7302,0.7302,63,0.7302,63,0.7302,63,FLEX,5,8,1003,1008
399,100,63,0.5079,0.506,0.9805,0.2826,0.4921,0.5,48,0.5,48,0.5,48,JBL,5,0,499,504
449,113,63,0.4127,0.5135,0.9636,0.3672,0.4127,0.4127,63,0.4127,63,0.4127,63,JBL,5,1,562,567
500,125,63,0.3333,0.3325,0.7478,0.2759,0.7302,0.625,16,0.5,12,0.5,12,JBL,5,2,625,630
550,138,63,0.3333,0.6423,1.9846,0.3422,0.6667,,0,,0,,0,JBL,5,3,688,693
600,151,63,0.5238,0.4742,0.7196,0.2625,0.5238,0.5238,63,0.5,34,0.5,34,JBL,5,4,751,756
651,163,63,0.6508,0.6185,0.6285,0.2186,0.7143,0.7091,55,0.7091,55,0.7091,55,JBL,5,5,814,819
701,176,63,0.5714,0.6089,0.7055,0.2564,0.4921,0.5417,48,0.5417,48,0.5417,48,JBL,5,6,877,882
752,188,63,0.5714,0.3601,0.7094,0.257,0.5714,0.5714,63,0.5714,63,0.5714,63,JBL,5,7,940,945
802,201,63,0.6667,0.6366,0.6479,0.2275,0.6825,0.6964,56,0.8182,22,0.8095,21,JBL,5,8,1003,1008
399,100,63,0.3968,0.3793,3.3131,0.4984,0.381,0.3654,52,0.3654,52,0.3654,52,GFS,5,0,499,504
449,113,63,0.4921,0.5,0.6976,0.2522,0.5079,,0,,0,,0,GFS,5,1,562,567
500,125,63,0.5397,0.5485,0.6893,0.2481,0.4762,0.5116,43,,0,,0,GFS,5,2,625,630
550,138,63,0.4127,0.6544,0.7402,0.2687,0.381,0.3818,55,0.65,20,,0,GFS,5,3,688,693
600,151,63,0.6508,0.6608,0.6557,0.2314,0.5079,0.619,42,0.625,40,,0,GFS,5,4,751,756
651,163,63,0.4444,0.3662,0.7925,0.2968,0.5238,0.4667,30,0.4286,28,0.4286,28,GFS,5,5,814,819
701,176,63,0.4921,0.4919,1.2203,0.2898,0.5238,0.5294,17,0.8,10,0.8,10,GFS,5,6,877,882
752,188,63,0.5397,0.5689,0.9508,0.2702,0.5714,0.6667,21,,0,,0,GFS,5,7,940,945
802,201,63,0.381,0.6117,0.9095,0.347,0.6667,1.0,3,,0,,0,GFS,5,8,1003,1008
399,100,63,0.5714,0.7065,0.6534,0.2319,0.7302,1.0,19,1.0,19,1.0,19,NEE,5,0,499,504
449,113,63,0.5873,0.5,0.6975,0.2513,0.5873,0.5873,63,0.5873,63,0.5873,63,NEE,5,1,562,567
500,125,63,0.6032,0.5079,1.5723,0.2625,0.6032,0.6032,63,0.6032,63,0.6364,11,NEE,5,2,625,630
550,138,63,0.3651,0.612,1.6505,0.4531,0.3651,0.3651,63,0.371,62,0.3833,60,NEE,5,3,688,693
600,151,63,0.4921,0.5816,0.7572,0.2802,0.4603,0.4754,61,0.4754,61,0.4754,61,NEE,5,4,751,756
651,163,63,0.4286,0.5,0.7178,0.262,0.5873,1.0,1,,0,,0,NEE,5,5,814,819
701,176,63,0.4286,0.4074,0.968,0.3524,0.5714,,0,,0,,0,NEE,5,6,877,882
752,188,63,0.3492,0.5122,1.1172,0.4274,0.6508,,0,,0,,0,NEE,5,7,940,945
802,201,63,0.5714,0.4609,0.6853,0.2461,0.5714,0.5714,63,0.551,49,,0,NEE,5,8,1003,1008
399,100,63,0.6984,0.5,0.6642,0.2349,0.746,0.7593,54,0.7547,53,,0,D,5,0,499,504
449,113,63,0.5556,0.5712,0.6948,0.2508,0.5238,0.7273,11,,0,,0,D,5,1,562,567
500,125,63,0.5714,0.3474,0.8182,0.3042,0.5556,0.5667,60,0.4444,36,0.4444,36,D,5,2,625,630
550,138,63,0.5238,0.4736,3.5472,0.3739,0.4603,0.4912,57,0.5,56,0.3846,26,D,5,3,688,693
600,151,63,0.5714,0.5792,0.6421,0.2318,0.5714,0.5714,63,0.5714,63,0.75,12,D,5,4,751,756
651,163,63,0.2698,0.2913,0.7387,0.2727,0.6825,0.4348,23,0.4348,23,,0,D,5,5,814,819
701,176,63,0.5556,0.6265,0.6727,0.2409,0.4286,0.4902,51,0.5102,49,0.5455,44,D,5,6,877,882
752,188,63,0.4444,0.5143,0.8618,0.3083,0.5556,0.5,52,0.625,8,0.625,8,D,5,7,940,945
802,201,63,0.5873,0.5842,0.6849,0.2457,0.5079,0.7143,14,0.7143,14,0.0,1,D,5,8,1003,1008
399,100,63,0.3651,0.5043,9.6756,0.6259,0.3651,0.3651,63,0.3651,63,0.3651,63,CHTR,5,0,499,504
449,113,63,0.4127,0.4381,0.9026,0.2982,0.5873,,0,,0,,0,CHTR,5,1,562,567
500,125,63,0.5397,0.4594,0.7209,0.2624,0.4603,,0,,0,,0,CHTR,5,2,625,630
550,138,63,0.4762,0.5439,0.6936,0.2502,0.4762,0.4762,63,,0,,0,CHTR,5,3,688,693
600,151,63,0.3492,0.5632,0.7257,0.2656,0.6508,,0,,0,,0,CHTR,5,4,751,756
651,163,63,0.6032,0.5689,1.1771,0.2709,0.381,0.4857,35,0.2,10,0.2,10,CHTR,5,5,814,819
701,176,63,0.3492,0.4878,0.8781,0.3362,0.3492,0.3492,63,0.3492,63,0.3492,63,CHTR,5,6,877,882
752,188,63,0.5079,0.5,0.6931,0.25,0.5079,0.5079,63,,0,,0,CHTR,5,7,940,945
802,201,63,0.6508,0.5,0.6733,0.2401,0.3492,,0,,0,,0,CHTR,5,8,1003,1008
399,100,63,0.6349,0.7515,1.0011,0.2062,0.4286,0.5417,48,0.8,10,0.8,10,BIO,5,0,499,504
449,113,63,0.4921,0.6995,0.6969,0.2577,0.5556,0.6667,9,0.6667,9,1.0,2,BIO,5,1,562,567
500,125,63,0.6032,0.7449,1.1526,0.2646,0.5556,0.7273,22,0.8462,13,0.8462,13,BIO,5,2,625,630
550,138,63,0.5079,0.7379,1.3513,0.258,0.4921,0.5,4,0.5,4,0.5,4,BIO,5,3,688,693
600,151,63,0.3492,0.5055,2.6411,0.4932,0.3492,0.3492,63,0.3492,63,0.3492,63,BIO,5,4,751,756
651,163,63,0.6349,0.6437,0.6824,0.2443,0.6032,0.7027,37,1.0,1,1.0,1,BIO,5,5,814,819
701,176,63,0.5556,0.5335,0.721,0.2615,0.5397,0.5652,46,,0,,0,BIO,5,6,877,882
752,188,63,0.5397,0.5852,0.6946,0.2507,0.4127,0.4681,47,,0,,0,BIO,5,7,940,945
802,201,63,0.4921,0.3952,0.7425,0.2737,0.4921,0.4921,63,0.3846,26,0.3846,26,BIO,5,8,1003,1008
399,100,63,0.2698,0.5761,10.0077,0.6728,0.7302,,0,,0,,0,HOOD,5,0,499,504
449,113,63,0.6032,0.4939,1.819,0.2756,0.5556,0.6,50,0.6,50,0.6,50,HOOD,5,1,562,567
500,125,63,0.7143,0.6667,0.5574,0.189,0.7143,0.7143,63,0.7143,63,0.7143,63,HOOD,5,2,625,630
550,138,63,0.7619,0.5431,0.5573,0.1843,0.7619,0.7619,63,0.7759,58,0.7759,58,HOOD,5,3,688,693
600,151,63,0.5079,0.4879,3.4053,0.3794,0.5079,0.5079,63,0.5098,51,0.5102,49,HOOD,5,4,751,756
651,163,63,0.873,0.5,0.5272,0.1688,0.873,0.873,63,0.873,63,0.873,63,HOOD,5,5,814,819
701,176,63,0.4921,0.5645,0.777,0.2889,0.4921,0.4921,63,0.4921,63,0.4921,63,HOOD,5,6,877,882
752,188,63,0.381,0.5693,1.7077,0.3284,0.3492,0.3396,53,0.3396,53,0.3396,53,HOOD,5,7,940,945
802,201,63,0.5556,0.5313,2.0958,0.3025,0.4762,0.5238,42,0.5238,42,0.5263,38,HOOD,5,8,1003,1008
399,100,63,0.4286,0.5,0.7832,0.2933,0.4286,0.4286,63,0.4286,63,0.4286,63,PINS,5,0,499,504
449,113,63,0.5238,0.6038,0.6382,0.2269,0.3651,0.434,53,0.4412,34,,0,PINS,5,1,562,567
500,125,63,0.4127,0.4127,2.7082,0.3853,0.5873,,0,,0,,0,PINS,5,2,625,630
550,138,63,0.5238,0.4853,0.6918,0.2493,0.5397,0.5323,62,,0,,0,PINS,5,3,688,693
600,151,63,0.6032,0.6368,0.8615,0.2317,0.3968,,0,,0,,0,PINS,5,4,751,756
651,163,63,0.6032,0.6587,0.7362,0.269,0.6825,0.7647,34,0.8889,18,0.8889,18,PINS,5,5,814,819
701,176,63,0.5238,0.51,1.3037,0.3121,0.3968,0.4,25,0.4,25,0.3889,18,PINS,5,6,877,882
752,188,63,0.381,0.4866,6.9358,0.5852,0.381,0.381,63,0.381,63,0.381,63,PINS,5,7,940,945
802,201,63,0.4762,0.5879,0.7267,0.2662,0.4762,0.4762,63,0.4762,63,0.5625,32,PINS,5,8,1003,1008
399,100,63,0.3968,0.6,1.615,0.2798,0.3175,0.3125,48,0.4,35,,0,MDB,5,0,499,504
449,113,63,0.3651,0.4495,3.6306,0.4129,0.3651,0.3651,63,0.3651,63,0.3725,51,MDB,5,1,562,567
500,125,63,0.6032,0.627,0.6349,0.2271,0.4921,0.7143,14,0.7692,13,0.7692,13,MDB,5,2,625,630
550,138,63,0.3968,0.4414,0.9323,0.3345,0.5714,0.4375,16,0.4167,12,0.4167,12,MDB,5,3,688,693
600,151,63,0.3968,0.4211,5.5766,0.5062,0.3968,0.3968,63,0.3333,45,0.3333,45,MDB,5,4,751,756
651,163,63,0.5556,0.5571,0.7057,0.256,0.5238,0.7273,11,,0,,0,MDB,5,5,814,819
701,176,63,0.6825,0.4886,0.6819,0.2443,0.6984,0.6935,62,,0,,0,MDB,5,6,877,882
752,188,63,0.5714,0.5833,5.0099,0.3747,0.4762,0.8,5,0.8,5,,0,MDB,5,7,940,945
802,201,63,0.4762,0.5833,0.9877,0.2894,0.4762,0.4762,63,0.4889,45,0.4889,45,MDB,5,8,1003,1008
399,100,63,0.5873,0.496,0.8437,0.3071,0.4762,0.5833,24,0.5909,22,0.5909,22,RKLB,5,0,499,504
449,113,63,0.619,0.6364,0.683,0.2435,0.5238,0.6216,37,0.5,4,0.5,4,RKLB,5,1,562,567
500,125,63,0.2698,0.5213,0.8595,0.3308,0.746,1.0,1,1.0,1,,0,RKLB,5,2,625,630
550,138,63,0.4603,0.5067,7.4666,0.506,0.5714,0.5833,12,0.625,8,0.625,8,RKLB,5,3,688,693
600,151,63,0.381,0.4272,0.7761,0.2904,0.4127,0.3673,49,0.3673,49,0.3673,49,RKLB,5,4,751,756
651,163,63,0.5714,0.4861,0.6744,0.2408,0.6508,0.625,56,0.625,56,0.6562,32,RKLB,5,5,814,819
701,176,63,0.4603,0.5248,0.7022,0.2544,0.4603,0.4603,63,0.5714,7,0.5714,7,RKLB,5,6,877,882
752,188,63,0.4444,0.3947,1.8968,0.3087,0.4921,0.4615,52,0.2727,11,1.0,2,RKLB,5,7,940,945
802,201,63,0.5714,0.5391,1.383,0.2731,0.5714,0.6216,37,0.6471,17,0.6471,17,RKLB,5,8,1003,1008
399,100,63,0.5079,0.3952,1.9276,0.3216,0.4921,0.5,10,0.625,8,0.0,2,STLA,5,0,499,504
449,113,63,0.3333,0.5357,7.077,0.5186,0.3333,0.3333,63,0.3571,42,0.3571,42,STLA,5,1,562,567
500,125,63,0.381,0.3955,0.8664,0.3302,0.4762,0.4211,57,0.4182,55,0.4182,55,STLA,5,2,625,630
550,138,63,0.4921,0.5609,2.8001,0.3322,0.381,0.4091,44,0.5,18,0.5,18,STLA,5,3,688,693
600,151,63,0.4921,0.6719,0.8469,0.316,0.4921,0.4921,63,0.4921,63,0.4921,63,STLA,5,4,751,756
651,163,63,0.4444,0.466,0.7468,0.2758,0.4603,0.4211,38,0.4444,36,0.4706,34,STLA,5,5,814,819
701,176,63,0.3492,0.3224,0.829,0.3068,0.5556,0.125,8,0.125,8,0.125,8,STLA,5,6,877,882
752,188,63,0.4286,0.5046,0.9288,0.2602,0.4286,0.4286,63,0.5,2,0.5,2,STLA,5,7,940,945
802,201,63,0.5397,0.4853,0.6911,0.249,0.5397,0.5397,63,,0,,0,STLA,5,8,1003,1008
399,100,63,0.5714,0.7603,0.6716,0.2401,0.5714,0.5714,63,0.5714,63,0.5714,63,FIG,5,0,499,504
449,113,63,0.4444,0.7402,1.1135,0.2571,0.3651,0.3966,58,0.3966,58,0.5833,24,FIG,5,1,562,567
500,125,63,0.4921,0.4758,1.2808,0.3202,0.6032,0.6,30,0.6,30,0.6,30,FIG,5,2,625,630
550,138,63,0.6349,0.6066,0.877,0.3006,0.5238,0.7083,24,0.7083,24,0.7083,24,FIG,5,3,688,693
600,151,63,0.4603,0.5123,0.713,0.2667,0.2857,0.1,20,0.1,20,0.1,20,FIG,5,4,751,756
651,163,63,0.5556,0.5172,0.6788,0.2438,0.4603,1.0,1,1.0,1,1.0,1,FIG,5,5,814,819
701,176,63,0.6667,0.7916,4.1019,0.3453,0.3968,0.5435,46,0.5435,46,0.5435,46,FIG,5,6,877,882
399,100,63,0.5714,0.4922,0.6858,0.2463,0.4127,0.3333,3,0.3333,3,0.3333,3,AMC,5,0,499,504
449,113,63,0.5397,0.569,6.3906,0.4225,0.4603,,0,,0,,0,AMC,5,1,562,567
500,125,63,0.5714,0.5657,0.6639,0.2356,0.381,0.4483,29,,0,,0,AMC,5,2,625,630
550,138,63,0.619,0.5741,1.3916,0.2754,0.2857,0.35,20,0.35,20,0.35,20,AMC,5,3,688,693
600,151,63,0.4921,0.6147,1.0422,0.3741,0.3651,0.4151,53,0.4314,51,0.4314,51,AMC,5,4,751,756
651,163,63,0.4444,0.4814,1.5707,0.3471,0.4921,0.4231,26,,0,,0,AMC,5,5,814,819
701,176,63,0.6825,0.7029,0.6036,0.2071,0.3175,,0,,0,,0,AMC,5,6,877,882
752,188,63,0.6667,0.6266,0.6194,0.2151,0.2698,0.1667,6,,0,,0,AMC,5,7,940,945
802,201,63,0.4444,0.4002,0.8469,0.3249,0.3333,0.15,20,0.15,20,0.1053,19,AMC,5,8,1003,1008
399,100,63,0.7937,0.4546,0.614,0.2107,0.7937,0.7937,63,0.7937,63,0.7,10,AFL,5,0,499,504
449,113,63,0.6667,0.5482,0.6237,0.2178,0.6667,0.6667,63,0.6667,63,0.6667,63,AFL,5,1,562,567
500,125,63,0.5079,0.5309,3.5251,0.3625,0.5714,0.5758,33,0.68,25,0.6667,24,AFL,5,2,625,630
550,138,63,0.5079,0.5423,1.696,0.3121,0.4921,0.5,62,0.5,62,0.5,62,AFL,5,3,688,693
600,151,63,0.6349,0.6299,0.6252,0.2186,0.6349,0.6349,63,0.6349,63,0.7353,34,AFL,5,4,751,756
651,163,63,0.5238,0.498,0.8109,0.289,0.5079,0.5455,22,0.5455,22,0.5556,18,AFL,5,5,814,819
701,176,63,0.5397,0.5374,1.8516,0.2885,0.619,0.7273,22,0.6842,19,0.6842,19,AFL,5,6,877,882
752,188,63,0.5714,0.7444,0.6895,0.2488,0.4603,0.5185,54,0.5185,54,0.625,40,AFL,5,7,940,945
802,201,63,0.6508,0.6935,0.6345,0.2224,0.5079,0.6087,46,0.6087,46,0.9091,11,AFL,5,8,1003,1008
399,100,63,0.5714,0.7233,0.6344,0.2298,0.5714,0.5714,63,0.6591,44,0.6591,44,ALL,5,0,499,504
449,113,63,0.4286,0.5197,1.2368,0.3122,0.3016,0.3191,47,0.2821,39,0.2821,39,ALL,5,1,562,567
500,125,63,0.4603,0.3514,2.1897,0.3414,0.5397,,0,,0,,0,ALL,5,2,625,630
550,138,63,0.5714,0.4933,0.923,0.2558,0.4286,,0,,0,,0,ALL,5,3,688,693
600,151,63,0.4921,0.5918,1.108,0.2475,0.6349,0.7857,14,0.7692,13,0.7692,13,ALL,5,4,751,756
651,163,63,0.4127,0.4123,0.7387,0.2723,0.5079,0.381,21,,0,,0,ALL,5,5,814,819
701,176,63,0.5079,0.4295,0.6989,0.2528,0.3968,0.2,10,0.0,3,,0,ALL,5,6,877,882
752,188,63,0.619,0.6303,2.5582,0.317,0.5397,0.7273,22,0.7273,22,0.8,5,ALL,5,7,940,945
802,201,63,0.4603,0.4798,0.7096,0.258,0.4921,0.4545,33,0.4545,33,,0,ALL,5,8,1003,1008
399,100,63,0.7619,0.4278,0.8126,0.2034,0.7619,0.7619,63,0.7619,63,0.7619,63,AIG,5,0,499,504
449,113,63,0.4286,0.5273,1.0242,0.3784,0.4286,0.4286,63,0.4286,63,0.4407,59,AIG,5,1,562,567
500,125,63,0.619,0.5224,0.6667,0.2371,0.619,0.619,63,0.619,63,0.6222,45,AIG,5,2,625,630
550,138,63,0.4444,0.5786,0.7281,0.2658,0.4444,0.4444,63,0.5385,26,0.5385,26,AIG,5,3,688,693
600,151,63,0.4921,0.6274,1.2995,0.4346,0.6984,0.8333,18,0.6667,3,1.0,2,AIG,5,4,751,756
651,163,63,0.4286,0.4652,2.5039,0.3038,0.4127,0.3214,28,0.3214,28,,0,AIG,5,5,814,819
701,176,63,0.5714,0.5556,0.6514,0.2341,0.4286,,0,,0,,0,AIG,5,6,877,882
752,188,63,0.6349,0.6821,1.2405,0.2246,0.6032,0.6596,47,0.6596,47,0.6444,45,AIG,5,7,940,945
802,201,63,0.5238,0.6825,0.6551,0.2349,0.5079,0.5179,56,0.537,54,0.875,16,AIG,5,8,1003,1008
399,100,63,0.2698,0.4802,9.6071,0.6813,0.7302,,0,,0,,0,AMP,5,0,499,504
449,113,63,0.5079,0.4834,0.7858,0.2869,0.5079,0.5079,63,0.5079,63,0.5079,63,AMP,5,1,562,567
500,125,63,0.8095,0.6471,0.4597,0.1541,0.8095,0.8095,63,0.8095,63,0.8095,63,AMP,5,2,625,630
550,138,63,0.4286,0.7094,0.7654,0.28,0.4286,0.4286,63,0.4286,63,0.6364,22,AMP,5,3,688,693
600,151,63,0.5397,0.5902,0.7294,0.2668,0.5079,0.5263,57,0.5263,57,0.5263,57,AMP,5,4,751,756
651,163,63,0.5238,0.5672,0.9208,0.2563,0.5238,0.5238,63,0.5238,63,0.6923,13,AMP,5,5,814,819
701,176,63,0.619,0.5702,0.667,0.2377,0.4127,0.625,8,0.625,8,0.625,8,AMP,5,6,877,882
752,188,63,0.4762,0.5262,0.7134,0.2596,0.6825,0.6923,26,0.6923,26,0.6923,26,AMP,5,7,940,945
802,201,63,0.4127,0.4298,2.2107,0.3523,0.4127,0.4127,63,0.3333,27,0.2857,21,AMP,5,8,1003,1008
399,100,63,0.4127,0.7687,0.6183,0.2241,0.5873,,0,,0,,0,AON,5,0,499,504
449,113,63,0.5079,0.5217,2.0818,0.3702,0.6349,0.7143,21,0.7143,21,0.7143,21,AON,5,1,562,567
500,125,63,0.6032,0.7159,6.4952,0.4523,0.6984,1.0,19,1.0,15,1.0,4,AON,5,2,625,630
550,138,63,0.6032,0.5994,0.6757,0.241,0.5397,0.6098,41,0.6364,33,0.6364,33,AON,5,3,688,693
600,151,63,0.4127,0.497,0.7412,0.2718,0.4603,0.4231,52,0.6111,18,0.6111,18,AON,5,4,751,756
651,163,63,0.5556,0.5,0.6911,0.249,0.5556,0.5556,63,,0,,0,AON,5,5,814,819
701,176,63,0.4921,0.4949,0.7058,0.2562,0.4762,0.45,20,0.45,20,,0,AON,5,6,877,882
752,188,63,0.5238,0.4995,1.1448,0.2635,0.4603,0.4667,15,0.5,8,0.5,8,AON,5,7,940,945
802,201,63,0.5079,0.5312,0.6847,0.2459,0.5079,0.5079,63,1.0,2,1.0,2,AON,5,8,1003,1008
399,100,63,0.6032,0.5158,1.7784,0.2638,0.6032,0.6032,63,0.6032,63,0.6,25,APO,5,0,499,504
449,113,63,0.6508,0.6164,0.6336,0.2213,0.6508,0.6508,63,0.6508,63,0.6508,63,APO,5,1,562,567
500,125,63,0.7937,0.4977,0.6783,0.2426,0.7937,0.7937,63,0.7333,15,,0,APO,5,2,625,630
550,138,63,0.5556,0.625,0.7059,0.2557,0.5556,0.5556,63,0.5556,63,0.5556,63,APO,5,3,688,693
600,151,63,0.381,0.61,0.8489,0.3227,0.381,0.381,63,0.381,63,0.381,63,APO,5,4,751,756
651,163,63,0.5397,0.5969,1.8516,0.2886,0.5397,0.5397,63,0.5397,63,0.5,10,APO,5,5,814,819
701,176,63,0.4444,0.5128,0.7372,0.2716,0.4444,0.4426,61,0.45,60,0.4528,53,APO,5,6,877,882
752,188,63,0.5714,0.5,0.6834,0.2451,0.4286,,0,,0,,0,APO,5,7,940,945
802,201,63,0.3968,0.3828,3.1145,0.3702,0.4762,0.25,16,0.25,16,0.25,16,APO,5,8,1003,1008
399,100,63,0.5238,0.6262,0.777,0.2856,0.6984,0.7692,26,0.7692,26,0.7692,26,ACGL,5,0,499,504
449,113,63,0.4127,0.4532,7.283,0.5174,0.3968,0.38,50,0.38,50,0.3673,49,ACGL,5,1,562,567
500,125,63,0.5397,0.6146,0.694,0.2504,0.5397,0.5397,63,0.5397,63,0.6957,23,ACGL,5,2,625,630
550,138,63,0.4444,0.5,0.7017,0.2543,0.4444,0.4444,63,,0,,0,ACGL,5,3,688,693
600,151,63,0.5714,0.5889,0.9326,0.2606,0.5873,0.6923,26,0.7143,7,0.0,1,ACGL,5,4,751,756
651,163,63,0.5238,0.5076,0.8457,0.3,0.4762,0.5,22,0.5,22,0.5,22,ACGL,5,5,814,819
701,176,63,0.5397,0.4417,0.7468,0.2722,0.5397,0.5397,63,0.4444,18,0.4118,17,ACGL,5,6,877,882
752,188,63,0.5873,0.5574,0.6782,0.2424,0.6032,0.62,50,0.6579,38,0.0,1,ACGL,5,7,940,945
802,201,63,0.5397,0.5101,0.7516,0.2756,0.4603,0.5,8,,0,,0,ACGL,5,8,1003,1008
399,100,63,0.4762,0.6051,0.7552,0.2793,0.4762,0.4762,63,0.5,52,0.4878,41,ARES,5,0,499,504
449,113,63,0.5238,0.6545,2.4361,0.2776,0.5238,0.5238,63,0.5238,63,0.7037,27,ARES,5,1,562,567
500,125,63,0.5079,0.5889,0.6759,0.2475,0.7143,0.7333,30,0.7333,30,0.7333,30,ARES,5,2,625,630
550,138,63,0.6032,0.5988,0.6934,0.2489,0.5873,0.6304,46,0.6304,46,0.6304,46,ARES,5,3,688,693
600,151,63,0.5079,0.5585,5.9892,0.4286,0.5079,0.5079,63,0.5246,61,0.5246,61,ARES,5,4,751,756
651,163,63,0.6825,0.5,0.6515,0.2293,0.6825,0.6825,63,0.6825,63,,0,ARES,5,5,814,819
701,176,63,0.4921,0.5601,0.7349,0.27,0.4762,0.4839,62,0.5,60,0.5,58,ARES,5,6,877,882
752,188,63,0.5714,0.5578,1.5502,0.2588,0.4603,0.5208,48,0.4889,45,,0,ARES,5,7,940,945
802,201,63,0.4444,0.2811,7.7782,0.5377,0.4444,0.4444,63,0.4444,63,0.4074,54,ARES,5,8,1003,1008
399,100,63,0.6508,0.6898,0.8147,0.2163,0.5714,0.6346,52,0.6346,52,0.6346,52,AJG,5,0,499,504
449,113,63,0.5397,0.8118,0.7196,0.2604,0.746,1.0,18,1.0,12,1.0,12,AJG,5,1,562,567
500,125,63,0.4286,0.3648,0.8099,0.3005,0.5556,0.4889,45,0.4889,45,0.4773,44,AJG,5,2,625,630
550,138,63,0.6032,0.4895,2.2993,0.3001,0.6032,0.6032,63,0.6032,63,0.6032,63,AJG,5,3,688,693
600,151,63,0.6508,0.5,0.6549,0.2311,0.6508,0.6508,63,0.6508,63,,0,AJG,5,4,751,756
651,163,63,0.4603,0.4722,0.7242,0.2653,0.4286,0.4426,61,0.4426,61,0.0,4,AJG,5,5,814,819
701,176,63,0.4921,0.5086,0.7197,0.2623,0.4921,0.4921,63,0.4921,63,0.5,12,AJG,5,6,877,882
752,188,63,0.3968,0.4932,0.7698,0.2875,0.3968,0.3968,63,0.3968,63,0.3934,61,AJG,5,7,940,945
802,201,63,0.5079,0.5,0.6931,0.25,0.5079,0.5079,63,,0,,0,AJG,5,8,1003,1008
399,100,63,0.6349,0.6106,0.8431,0.2265,0.5714,0.6182,55,0.6182,55,0.6182,55,AIZ,5,0,499,504
449,113,63,0.4286,0.5567,0.6963,0.2533,0.4127,0.4107,56,0.45,40,1.0,1,AIZ,5,1,562,567
500,125,63,0.5079,0.555,1.3533,0.2619,0.619,0.625,32,0.6333,30,0.0,1,AIZ,5,2,625,630
550,138,63,0.5079,0.5958,0.6804,0.2454,0.4921,0.5,58,0.7273,11,,0,AIZ,5,3,688,693
600,151,63,0.4444,0.7959,0.6766,0.2435,0.4444,0.4444,63,0.6579,38,0.7059,34,AIZ,5,4,751,756
651,163,63,0.5079,0.5367,2.0869,0.3025,0.4444,0.4211,19,0.3889,18,0.5,14,AIZ,5,5,814,819
701,176,63,0.4444,0.6076,0.9609,0.2802,0.6349,0.7778,9,,0,,0,AIZ,5,6,877,882
752,188,63,0.381,0.4781,0.6991,0.2556,0.5556,0.4,20,,0,,0,AIZ,5,7,940,945
802,201,63,0.6825,0.5676,0.6738,0.2305,0.6984,0.7069,58,0.7069,58,0.7667,30,AIZ,5,8,1003,1008
399,100,63,0.3651,0.4881,0.6996,0.2532,0.6667,0.625,8,0.625,8,0.5,4,BAC,5,0,499,504
449,113,63,0.5714,0.6065,0.6597,0.2341,0.5714,0.5714,63,0.5714,63,0.9,10,BAC,5,1,562,567
500,125,63,0.4762,0.6645,5.2303,0.4712,0.619,0.875,8,0.875,8,0.8333,6,BAC,5,2,625,630
550,138,63,0.5556,0.5576,0.6628,0.2352,0.6349,0.6875,32,0.6875,32,0.6875,32,BAC,5,3,688,693
600,151,63,0.5238,0.7359,3.702,0.3668,0.5238,0.5238,63,0.5238,63,0.5238,63,BAC,5,4,751,756
651,163,63,0.6508,0.5,0.6931,0.25,0.6508,0.6508,63,,0,,0,BAC,5,5,814,819
701,176,63,0.4762,0.5913,0.7985,0.3001,0.6667,0.8462,13,,0,,0,BAC,5,6,877,882
752,188,63,0.5873,0.5795,0.676,0.2415,0.5873,0.5873,63,0.5873,63,,0,BAC,5,7,940,945
802,201,63,0.3968,0.5353,1.2596,0.3084,0.3968,0.3968,63,0.3929,28,0.3929,28,BAC,5,8,1003,1008
399,100,63,0.4762,0.5091,0.8133,0.2955,0.5238,,0,,0,,0,BLK,5,0,499,504
449,113,63,0.3492,0.4451,0.715,0.2609,0.6349,0.0,1,,0,,0,BLK,5,1,562,567
500,125,63,0.7143,0.4591,0.6094,0.2118,0.7302,0.7258,62,0.7258,62,0.7,50,BLK,5,2,625,630
550,138,63,0.4921,0.4451,3.9801,0.3771,0.4921,0.4921,63,0.4643,28,0.4643,28,BLK,5,3,688,693
600,151,63,0.4762,0.6348,3.7147,0.369,0.4762,0.4762,63,0.4762,63,0.4839,62,BLK,5,4,751,756
651,163,63,0.7302,0.6221,0.6514,0.2289,0.7302,0.7377,61,0.8049,41,,0,BLK,5,5,814,819
701,176,63,0.5714,0.5926,0.6772,0.2421,0.5714,0.5714,63,0.6275,51,,0,BLK,5,6,877,882
752,188,63,0.5556,0.6293,0.6636,0.2356,0.5397,0.5714,42,0.8,15,1.0,6,BLK,5,7,940,945
802,201,63,0.5873,0.4875,1.6207,0.2872,0.5873,0.5873,63,0.5385,26,0.5385,26,BLK,5,8,1003,1008
399,100,63,0.4762,0.5902,0.7053,0.2555,0.5079,0.4906,53,0.5682,44,0.5854,41,BX,5,0,499,504
449,113,63,0.5714,0.4219,4.4383,0.3932,0.5397,0.566,53,0.4074,27,0.4074,27,BX,5,1,562,567
500,125,63,0.5556,0.57,1.4033,0.2839,0.5714,0.6053,38,0.6207,29,,0,BX,5,2,625,630
550,138,63,0.4762,0.4853,0.7471,0.2752,0.5397,0.5106,47,0.5106,47,0.5385,39,BX,5,3,688,693
600,151,63,0.4603,0.5,0.7875,0.2945,0.4603,0.4603,63,0.4603,63,0.4603,63,BX,5,4,751,756
651,163,63,0.6508,0.5122,0.6821,0.246,0.6508,0.6508,63,1.0,1,1.0,1,BX,5,5,814,819
701,176,63,0.381,0.4343,0.7327,0.2696,0.381,0.381,63,0.2308,13,0.2308,13,BX,5,6,877,882
752,188,63,0.4921,0.5152,0.6929,0.2499,0.4762,0.4839,62,,0,,0,BX,5,7,940,945
802,201,63,0.4921,0.5,0.7061,0.2554,0.4762,0.4833,60,,0,,0,BX,5,8,1003,1008
399,100,63,0.5556,0.4974,1.4224,0.281,0.4444,,0,,0,,0,BNY,5,0,499,504
449,113,63,0.4286,0.4583,0.7256,0.2657,0.5714,0.5,10,0.5,10,0.5,10,BNY,5,1,562,567
500,125,63,0.3333,0.3729,1.9805,0.3368,0.4286,0.3585,53,0.0,1,0.0,1,BNY,5,2,625,630
550,138,63,0.5714,0.5766,1.4369,0.2854,0.5397,0.5778,45,0.65,40,0.4444,9,BNY,5,3,688,693
600,151,63,0.5079,0.5735,0.7531,0.277,0.4603,0.4833,60,0.5,58,0.5,58,BNY,5,4,751,756
651,163,63,0.3651,0.4955,1.2872,0.3233,0.3333,0.3443,61,0.3443,61,0.3443,61,BNY,5,5,814,819
701,176,63,0.4286,0.5,0.7142,0.2605,0.5714,,0,,0,,0,BNY,5,6,877,882
752,188,63,0.4921,0.5403,0.689,0.2496,0.5079,,0,,0,,0,BNY,5,7,940,945
399,100,63,0.6508,0.5211,0.6844,0.2456,0.6508,0.6508,63,1.0,1,1.0,1,BRO,5,0,499,504
449,113,63,0.6349,0.4878,0.6632,0.2348,0.6508,0.6452,62,0.6452,62,0.6452,62,BRO,5,1,562,567
500,125,63,0.6349,0.5102,0.7841,0.2537,0.6667,0.661,59,0.661,59,0.6724,58,BRO,5,2,625,630
550,138,63,0.5238,0.6045,0.9523,0.2759,0.5238,0.5238,63,0.5238,63,0.5238,63,BRO,5,3,688,693
600,151,63,0.6508,0.6829,0.6291,0.2195,0.6508,0.6508,63,0.8824,17,0.8824,17,BRO,5,4,751,756
651,163,63,0.3175,0.3984,3.34,0.3804,0.3968,0.2353,34,0.28,25,0.28,25,BRO,5,5,814,819
701,176,63,0.4603,0.5,0.7166,0.2616,0.4603,0.4603,63,0.4603,63,,0,BRO,5,6,877,882
752,188,63,0.3492,0.5,0.7189,0.2629,0.3492,0.3492,63,,0,,0,BRO,5,7,940,945
802,201,63,0.5714,0.5,0.6848,0.2458,0.4286,,0,,0,,0,BRO,5,8,1003,1008
399,100,63,0.6032,0.575,0.6753,0.241,0.5556,0.6042,48,0.6042,48,,0,COF,5,0,499,504
449,113,63,0.4921,0.4914,0.7621,0.2826,0.4762,0.4821,56,0.4821,56,0.4821,56,COF,5,1,562,567
500,125,63,0.7143,0.5111,0.6733,0.2401,0.7143,0.7143,63,1.0,1,,0,COF,5,2,625,630
550,138,63,0.4921,0.4965,0.712,0.2591,0.4921,0.4921,63,0.48,25,0.48,25,COF,5,3,688,693
600,151,63,0.5397,0.5553,0.7223,0.263,0.5397,0.5397,63,0.5192,52,0.5652,46,COF,5,4,751,756
651,163,63,0.4444,0.5,0.7003,0.2536,0.5556,,0,,0,,0,COF,5,5,814,819
701,176,63,0.5397,0.5035,0.7076,0.257,0.4921,0.5208,48,0.3571,14,0.3571,14,COF,5,6,877,882
752,188,63,0.4286,0.4393,0.7239,0.2653,0.5714,,0,,0,,0,COF,5,7,940,945
802,201,63,0.4603,0.4754,1.0429,0.3474,0.381,0.4,50,0.3158,19,0.3158,19,COF,5,8,1003,1008
399,100,63,0.5397,0.5551,0.8389,0.3046,0.5556,0.5484,62,0.5484,62,0.5484,62,CBOE,5,0,499,504
449,113,63,0.3968,0.3905,0.7308,0.2685,0.4603,0.4151,53,0.375,24,0.375,24,CBOE,5,1,562,567
500,125,63,0.4762,0.5818,4.137,0.3634,0.5238,,0,,0,,0,CBOE,5,2,625,630
550,138,63,0.5238,0.5303,0.6967,0.2517,0.5238,0.5238,63,0.5238,63,,0,CBOE,5,3,688,693
600,151,63,0.3968,0.4932,0.7426,0.2745,0.6032,0.5,2,0.5,2,0.5,2,CBOE,5,4,751,756
651,163,63,0.4921,0.539,0.787,0.2925,0.6825,0.7619,21,0.7368,19,,0,CBOE,5,5,814,819
701,176,63,0.4603,0.6587,0.7434,0.2697,0.4603,0.4603,63,0.4603,63,0.6452,31,CBOE,5,6,877,882
752,188,63,0.3651,0.3513,0.7404,0.2732,0.5079,0.3667,30,0.3667,30,0.25,8,CBOE,5,7,940,945
802,201,63,0.6349,0.6278,0.6136,0.2115,0.7143,0.8056,36,0.8056,36,0.8056,36,CBOE,5,8,1003,1008
399,100,63,0.2698,0.4962,6.2071,0.5078,0.7302,,0,,0,,0,SCHW,5,0,499,504
449,113,63,0.5079,0.4919,0.7314,0.2665,0.5079,0.5102,49,0.4444,9,0.4444,9,SCHW,5,1,562,567
500,125,63,0.5238,0.5712,0.7047,0.2566,0.5238,0.5238,63,0.5238,63,0.4286,14,SCHW,5,2,625,630
550,138,63,0.746,0.7324,2.4541,0.2734,0.619,0.8108,37,0.8333,36,0.6667,3,SCHW,5,3,688,693
600,151,63,0.4921,0.4708,0.7026,0.2547,0.5079,,0,,0,,0,SCHW,5,4,751,756
651,163,63,0.2857,0.6068,0.7344,0.2703,0.7143,,0,,0,,0,SCHW,5,5,814,819
701,176,63,0.4603,0.4594,0.7595,0.2817,0.4603,0.4603,63,0.4167,48,0.4167,48,SCHW,5,6,877,882
752,188,63,0.5873,0.5817,0.6743,0.2406,0.619,0.6383,47,0.72,25,,0,SCHW,5,7,940,945
802,201,63,0.5556,0.5643,0.7307,0.2665,0.4444,0.5,48,0.5,48,0.5,48,SCHW,5,8,1003,1008
399,100,63,0.5238,0.3712,0.7552,0.2795,0.5238,0.5238,63,0.4286,35,0.4118,34,CB,5,0,499,504
449,113,63,0.5397,0.4909,0.6942,0.2504,0.5397,0.5397,63,0.5397,63,0.0,1,CB,5,1,562,567
500,125,63,0.5397,0.5483,0.6941,0.2505,0.5873,0.6429,28,0.6429,28,0.6429,28,CB,5,2,625,630
550,138,63,0.4127,0.4943,1.2462,0.3097,0.4127,0.4127,63,0.4035,57,0.4035,57,CB,5,3,688,693
600,151,63,0.6349,0.6616,0.7059,0.2562,0.6667,0.8065,31,,0,,0,CB,5,4,751,756
651,163,63,0.5714,0.5,0.6914,0.2491,0.4286,,0,,0,,0,CB,5,5,814,819
701,176,63,0.3651,0.5,0.7139,0.2604,0.6349,,0,,0,,0,CB,5,6,877,882
752,188,63,0.4762,0.5723,0.7117,0.2594,0.6349,0.8182,11,1.0,3,1.0,3,CB,5,7,940,945
802,201,63,0.5238,0.5554,0.6811,0.2442,0.4921,0.52,25,0.7143,14,0.7273,11,CB,5,8,1003,1008
399,100,63,0.381,0.5374,1.9747,0.4113,0.619,,0,,0,,0,CINF,5,0,499,504
449,113,63,0.4921,0.5287,0.6975,0.2517,0.4921,0.4921,63,0.6,10,0.6,10,CINF,5,1,562,567
500,125,63,0.5714,0.5879,0.6496,0.2301,0.6667,0.7419,31,0.7419,31,0.7419,31,CINF,5,2,625,630
550,138,63,0.4603,0.7005,0.8679,0.3111,0.3968,0.4237,59,0.5385,39,0.5385,39,CINF,5,3,688,693
600,151,63,0.7302,0.7196,1.9027,0.2315,0.6349,0.8108,37,0.8462,26,0.8462,26,CINF,5,4,751,756
651,163,63,0.5397,0.4732,0.7555,0.2789,0.5238,0.625,16,0.6364,11,0.6364,11,CINF,5,5,814,819
701,176,63,0.4921,0.5469,0.6862,0.2476,0.5556,0.5556,27,0.5556,27,0.5556,27,CINF,5,6,877,882
752,188,63,0.4603,0.5969,0.7331,0.2696,0.4603,0.4528,53,0.4528,53,0.4528,53,CINF,5,7,940,945
802,201,63,0.5397,0.6628,0.7072,0.254,0.4603,0.5,48,0.5,48,0.6429,14,CINF,5,8,1003,1008
399,100,63,0.619,0.5962,0.6484,0.2281,0.619,0.619,63,0.6829,41,0.6829,41,C,5,0,499,504
449,113,63,0.4921,0.4239,0.9126,0.3129,0.4921,0.4921,63,0.434,53,0.4737,19,C,5,1,562,567
500,125,63,0.4921,0.4316,0.7142,0.2603,0.619,0.5745,47,0.5745,47,,0,C,5,2,625,630
550,138,63,0.6508,0.6508,0.6571,0.2321,0.6508,0.6508,63,0.6613,62,,0,C,5,3,688,693
600,151,63,0.4921,0.4633,0.732,0.2643,0.5556,0.5273,55,0.52,50,0.52,50,C,5,4,751,756
651,163,63,0.6984,0.6208,0.9045,0.2444,0.6984,0.7358,53,0.72,50,,0,C,5,5,814,819
701,176,63,0.3651,0.354,1.7393,0.3378,0.5873,0.4615,39,0.4615,39,0.45,20,C,5,6,877,882
752,188,63,0.6032,0.6558,0.656,0.2319,0.6508,0.6667,48,0.6667,48,0.9048,21,C,5,7,940,945
802,201,63,0.4127,0.5051,0.9645,0.2773,0.4286,0.4194,62,0.4186,43,0.5385,13,C,5,8,1003,1008
399,100,63,0.5556,0.5434,0.6909,0.2489,0.5556,0.5556,63,,0,,0,CFG,5,0,499,504
449,113,63,0.5079,0.4505,0.8454,0.3032,0.6349,0.5918,49,0.5918,49,0.5918,49,CFG,5,1,562,567
500,125,63,0.3492,0.4503,4.1359,0.421,0.619,0.25,4,,0,,0,CFG,5,2,625,630
550,138,63,0.5556,0.5278,2.6835,0.3378,0.5714,0.6176,34,0.6176,34,0.6176,34,CFG,5,3,688,693
600,151,63,0.6032,0.8256,1.191,0.2085,0.5079,0.5686,51,0.5686,51,0.6087,46,CFG,5,4,751,756
651,163,63,0.5397,0.6315,1.5486,0.2568,0.6349,0.6667,33,0.6667,33,0.7273,22,CFG,5,5,814,819
701,176,63,0.381,0.3948,2.183,0.339,0.619,,0,,0,,0,CFG,5,6,877,882
752,188,63,0.5873,0.532,0.6959,0.2514,0.7302,0.75,40,,0,,0,CFG,5,7,940,945
802,201,63,0.3968,0.6158,0.8003,0.3008,0.3968,0.3968,63,0.4167,60,0.4167,60,CFG,5,8,1003,1008
399,100,63,0.6349,0.6547,0.6452,0.2292,0.4603,0.6667,18,0.6667,15,1.0,1,CME,5,0,499,504
449,113,63,0.4762,0.4621,1.214,0.2925,0.3968,0.3182,22,0.3182,22,0.3182,22,CME,5,1,562,567
500,125,63,0.381,0.4245,4.995,0.4482,0.6349,1.0,1,,0,,0,CME,5,2,625,630
550,138,63,0.6825,0.5,0.6805,0.2437,0.6825,0.6825,63,,0,,0,CME,5,3,688,693
600,151,63,0.6984,0.5605,0.6232,0.2161,0.7143,0.7241,58,0.7241,58,0.7429,35,CME,5,4,751,756
651,163,63,0.5238,0.517,0.7,0.2531,0.5714,0.5577,52,0.5833,36,0.5833,36,CME,5,5,814,819
701,176,63,0.4921,0.4342,1.0352,0.3063,0.4444,0.4643,56,0.463,54,0.463,54,CME,5,6,877,882
752,188,63,0.5873,0.594,1.8629,0.2908,0.6349,0.6346,52,0.6346,52,1.0,1,CME,5,7,940,945
802,201,63,0.4286,0.3824,0.8332,0.3087,0.4603,0.4054,37,0.4054,37,,0,CME,5,8,1003,1008
399,100,63,0.5397,0.4959,1.035,0.3048,0.5397,0.5397,63,0.5397,63,0.5397,63,ERIE,5,0,499,504
449,113,63,0.5714,0.4046,2.3416,0.3151,0.5556,0.5645,62,0.5645,62,0.5645,62,ERIE,5,1,562,567
500,125,63,0.5873,0.3846,0.6823,0.2446,0.5873,0.5873,63,0.5873,63,,0,ERIE,5,2,625,630
550,138,63,0.4921,0.5694,0.7187,0.2625,0.4286,0.4576,59,0.4655,58,,0,ERIE,5,3,688,693
600,151,63,0.5714,0.5139,0.7138,0.2586,0.4286,0.5,14,0.5,12,0.5,12,ERIE,5,4,751,756
651,163,63,0.4286,0.4821,0.7261,0.2663,0.5556,0.0,1,,0,,0,ERIE,5,5,814,819
701,176,63,0.3492,0.464,0.7589,0.2818,0.3492,0.3492,63,0.3043,23,0.3043,23,ERIE,5,6,877,882
752,188,63,0.5556,0.5669,0.6873,0.2471,0.5397,0.5882,34,1.0,2,,0,ERIE,5,7,940,945
802,201,63,0.6032,0.3558,0.7008,0.2527,0.3968,,0,,0,,0,ERIE,5,8,1003,1008
399,100,63,0.4444,0.5755,0.6974,0.2559,0.4444,0.4444,63,0.4444,63,0.5,18,FDS,5,0,499,504
449,113,63,0.5556,0.5357,0.6838,0.2454,0.5556,0.5556,63,,0,,0,FDS,5,1,562,567
500,125,63,0.6667,0.7244,1.7764,0.2583,0.619,0.7812,32,0.875,16,0.875,16,FDS,5,2,625,630
550,138,63,0.4762,0.4152,0.7821,0.2917,0.5238,0.5,42,0.3333,15,0.3333,15,FDS,5,3,688,693
600,151,63,0.5079,0.5766,0.6601,0.2366,0.5079,0.5079,63,1.0,4,1.0,4,FDS,5,4,751,756
651,163,63,0.4127,0.4785,2.137,0.321,0.3016,0.3125,48,0.1,10,0.1111,9,FDS,5,5,814,819
701,176,63,0.6667,0.6984,2.3748,0.3151,0.3651,0.5333,30,0.5333,30,0.5333,30,FDS,5,6,877,882
752,188,63,0.6032,0.6,0.6723,0.2398,0.4762,1.0,5,1.0,2,1.0,2,FDS,5,7,940,945
802,201,63,0.4921,0.651,0.7019,0.2546,0.4444,0.0,4,0.0,4,0.0,4,FDS,5,8,1003,1008
399,100,63,0.4921,0.4898,0.6879,0.2474,0.6667,0.6786,28,0.6786,28,0.4,5,FIS,5,0,499,504
449,113,63,0.4921,0.4078,0.7761,0.2862,0.4921,0.4921,63,0.4921,63,0.4921,63,FIS,5,1,562,567
500,125,63,0.7302,0.482,0.8852,0.2378,0.746,0.7419,62,0.7308,26,0.7308,26,FIS,5,2,625,630
550,138,63,0.3968,0.3163,0.8121,0.307,0.3968,0.3968,63,0.3968,63,0.3968,63,FIS,5,3,688,693
600,151,63,0.6032,0.7302,0.6421,0.2254,0.5397,0.5882,51,0.6585,41,0.6842,38,FIS,5,4,751,756
651,163,63,0.4603,0.4758,0.7607,0.281,0.5238,0.0,1,0.0,1,0.0,1,FIS,5,5,814,819
701,176,63,0.4921,0.517,0.7576,0.2807,0.4286,0.449,49,0.449,49,0.449,49,FIS,5,6,877,882
752,188,63,0.619,0.5689,0.7111,0.2557,0.381,0.5,18,0.5294,17,0.5294,17,FIS,5,7,940,945
802,201,63,0.4762,0.6469,5.7866,0.4337,0.4444,0.459,61,0.459,61,0.4906,53,FIS,5,8,1003,1008
399,100,63,0.5397,0.531,3.4282,0.3857,0.619,0.6562,32,0.8125,16,1.0,4,FITB,5,0,499,504
449,113,63,0.5079,0.5152,0.6814,0.2462,0.4762,0.0,1,0.0,1,0.0,1,FITB,5,1,562,567
500,125,63,0.5079,0.4274,0.9622,0.2747,0.6032,0.5636,55,0.5636,55,,0,FITB,5,2,625,630
550,138,63,0.381,0.4316,0.7795,0.2918,0.4286,0.38,50,0.3673,49,0.3784,37,FITB,5,3,688,693
600,151,63,0.5397,0.7535,0.5936,0.207,0.5397,0.5397,63,0.7586,29,0.8148,27,FITB,5,4,751,756
651,163,63,0.5079,0.7216,0.6823,0.2437,0.5397,1.0,3,1.0,3,1.0,3,FITB,5,5,814,819
701,176,63,0.4762,0.5338,0.7006,0.2538,0.4762,0.3846,13,0.3846,13,,0,FITB,5,6,877,882
752,188,63,0.5079,0.52,0.7652,0.2835,0.6508,0.6562,32,0.6818,22,1.0,1,FITB,5,7,940,945
802,201,63,0.5556,0.5696,0.7263,0.2629,0.4127,0.4643,28,0.4643,28,0.4615,26,FITB,5,8,1003,1008
399,100,63,0.5397,0.5514,1.18,0.2772,0.5079,1.0,3,1.0,3,1.0,2,BEN,5,0,499,504
449,113,63,0.3651,0.5658,1.4183,0.3719,0.4286,0.3898,59,0.3793,58,0.3793,58,BEN,5,1,562,567
500,125,63,0.5397,0.5,0.6924,0.2496,0.5397,0.5397,63,,0,,0,BEN,5,2,625,630
550,138,63,0.4921,0.5152,0.7062,0.2566,0.5238,1.0,1,1.0,1,1.0,1,BEN,5,3,688,693
600,151,63,0.6508,0.7828,0.6297,0.2188,0.5238,0.6122,49,0.8214,28,0.8214,28,BEN,5,4,751,756
651,163,63,0.3175,0.4056,4.0991,0.4271,0.7143,0.5833,12,0.5,2,,0,BEN,5,5,814,819
701,176,63,0.6508,0.694,0.6764,0.2417,0.3651,1.0,1,1.0,1,1.0,1,BEN,5,6,877,882
752,188,63,0.6032,0.4687,0.7015,0.254,0.7778,0.7727,44,0.7586,29,,0,BEN,5,7,940,945
802,201,63,0.5079,0.5267,0.792,0.294,0.5079,0.5079,63,0.5079,63,0.5085,59,BEN,5,8,1003,1008
399,100,63,0.6508,0.613,0.6432,0.2257,0.3651,0.5333,15,0.5333,15,0.5333,15,GPN,5,0,499,504
449,113,63,0.381,0.5,9.8691,0.619,0.381,0.381,63,0.381,63,0.381,63,GPN,5,1,562,567
500,125,63,0.3968,0.6275,0.7546,0.2801,0.6508,1.0,3,1.0,3,1.0,3,GPN,5,2,625,630
550,138,63,0.5397,0.6516,1.4587,0.2972,0.4603,,0,,0,,0,GPN,5,3,688,693
600,151,63,0.4127,0.724,3.6686,0.3495,0.4127,0.4127,63,0.4127,63,0.6,35,GPN,5,4,751,756
651,163,63,0.619,0.6581,0.6298,0.2191,0.619,0.619,63,0.6441,59,0.6441,59,GPN,5,5,814,819
701,176,63,0.619,0.7411,1.5279,0.2402,0.3968,0.5455,11,0.5455,11,0.5455,11,GPN,5,6,877,882
752,188,63,0.3651,0.4321,1.0559,0.3965,0.4286,0.3673,49,0.3673,49,0.3673,49,GPN,5,7,940,945
802,201,63,0.3968,0.7092,0.693,0.2511,0.3651,0.377,61,0.5294,34,0.5294,34,GPN,5,8,1003,1008
399,100,63,0.4603,0.4944,6.5265,0.47,0.4603,0.4603,63,0.4468,47,0.4468,47,GL,5,0,499,504
449,113,63,0.4762,0.4485,0.6943,0.2506,0.4762,0.4762,63,,0,,0,GL,5,1,562,567
500,125,63,0.3175,0.5198,0.7103,0.2586,0.6825,,0,,0,,0,GL,5,2,625,630
550,138,63,0.7937,0.7765,0.578,0.1948,0.7143,0.82,50,0.8286,35,0.875,32,GL,5,3,688,693
600,151,63,0.5556,0.6394,0.7917,0.2848,0.5714,0.5645,62,0.5645,62,0.5645,62,GL,5,4,751,756
651,163,63,0.6032,0.598,3.2116,0.3233,0.5556,0.9167,12,0.9167,12,0.9167,12,GL,5,5,814,819
701,176,63,0.4127,0.394,0.8187,0.3063,0.4603,0.4091,44,0.3043,23,0.3043,23,GL,5,6,877,882
752,188,63,0.5873,0.576,0.6913,0.2491,0.5556,0.6098,41,,0,,0,GL,5,7,940,945
802,201,63,0.4127,0.4696,0.723,0.2649,0.6349,0.5882,17,0.5,2,,0,GL,5,8,1003,1008
399,100,63,0.6825,0.5,0.6367,0.2221,0.6825,0.6825,63,0.6825,63,0.6825,63,GS,5,0,499,504
449,113,63,0.5873,0.5696,0.6933,0.2496,0.5873,0.5873,63,0.5873,63,0.5873,63,GS,5,1,562,567
500,125,63,0.5556,0.5011,0.9273,0.2578,0.6032,0.6136,44,0.6136,44,0.6136,44,GS,5,2,625,630
550,138,63,0.5714,0.4578,0.9711,0.2807,0.5714,0.5714,63,0.5536,56,0.549,51,GS,5,3,688,693
600,151,63,0.5238,0.553,0.795,0.2917,0.5238,0.5238,63,0.549,51,0.549,51,GS,5,4,751,756
651,163,63,0.3968,0.4432,0.7191,0.2629,0.7143,0.6667,21,,0,,0,GS,5,5,814,819
701,176,63,0.4762,0.5,0.7107,0.2587,0.4762,0.4762,63,0.4762,63,,0,GS,5,6,877,882
752,188,63,0.6825,0.5554,0.8619,0.2287,0.6508,0.678,59,0.678,59,,0,GS,5,7,940,945
802,201,63,0.5397,0.3952,1.4724,0.3512,0.4921,0.5172,58,0.5088,57,0.5088,57,GS,5,8,1003,1008
399,100,63,0.5873,0.4953,0.6462,0.2276,0.746,0.7561,41,0.7561,41,0.7561,41,HIG,5,0,499,504
449,113,63,0.4921,0.5161,1.0745,0.3825,0.4921,0.4921,63,0.4921,63,0.4921,63,HIG,5,1,562,567
500,125,63,0.5873,0.5712,0.6934,0.2367,0.6984,0.8,30,0.8,30,0.8,30,HIG,5,2,625,630
550,138,63,0.4921,0.4375,0.7369,0.2711,0.5079,0.5,62,0.4918,61,0.4918,61,HIG,5,3,688,693
600,151,63,0.746,0.5903,0.6673,0.2298,0.7619,0.8077,52,0.8077,52,0.8077,52,HIG,5,4,751,756
651,163,63,0.4762,0.4834,0.7421,0.2736,0.4921,0.4821,56,0.4821,56,0.4821,56,HIG,5,5,814,819
701,176,63,0.5397,0.4843,0.6918,0.2493,0.5397,0.5397,63,0.5397,63,,0,HIG,5,6,877,882
752,188,63,0.5714,0.6097,0.8871,0.2427,0.5556,0.5645,62,0.6038,53,0.8,5,HIG,5,7,940,945
802,201,63,0.3968,0.4615,1.025,0.2969,0.381,0.3871,62,0.3871,62,0.0,4,HIG,5,8,1003,1008
399,100,63,0.6032,0.6186,1.1175,0.2474,0.6508,0.7,40,0.7179,39,0.8,10,HBAN,5,0,499,504
449,113,63,0.6032,0.5818,0.6818,0.2451,0.5714,0.5932,59,0.5932,59,0.5932,59,HBAN,5,1,562,567
500,125,63,0.5238,0.5133,3.0327,0.3378,0.6508,0.6341,41,0.6571,35,0.6571,35,HBAN,5,2,625,630
550,138,63,0.5238,0.498,0.706,0.2562,0.4762,0.5,14,0.4615,13,0.0,1,HBAN,5,3,688,693
600,151,63,0.5238,0.6152,1.5386,0.2546,0.5238,0.5238,63,0.75,16,0.75,16,HBAN,5,4,751,756
651,163,63,0.4603,0.4056,0.7536,0.2792,0.5556,1.0,1,1.0,1,1.0,1,HBAN,5,5,814,819
701,176,63,0.5714,0.4721,0.6925,0.2493,0.3968,0.375,8,0.375,8,0.4,5,HBAN,5,6,877,882
752,188,63,0.3651,0.6473,1.4938,0.3128,0.6349,,0,,0,,0,HBAN,5,7,940,945
802,201,63,0.3651,0.4576,0.9676,0.2794,0.3651,0.3607,61,0.3725,51,,0,HBAN,5,8,1003,1008
399,100,63,0.3016,0.7234,0.8727,0.3364,0.746,1.0,3,1.0,2,,0,IBKR,5,0,499,504
449,113,63,0.4286,0.3837,1.0696,0.3998,0.4286,0.4286,63,0.4286,63,0.4286,63,IBKR,5,1,562,567
500,125,63,0.746,0.6938,0.5171,0.1765,0.7937,0.7833,60,0.7966,59,0.8519,54,IBKR,5,2,625,630
550,138,63,0.7302,0.7295,0.5877,0.1998,0.6508,0.7143,56,0.7143,56,0.7826,46,IBKR,5,3,688,693
600,151,63,0.5714,0.6621,0.7044,0.2584,0.4762,0.5294,51,0.5217,46,0.5217,46,IBKR,5,4,751,756
651,163,63,0.4603,0.4747,0.7347,0.2704,0.7143,0.6897,29,0.6897,29,0.6897,29,IBKR,5,5,814,819
701,176,63,0.4762,0.4621,1.6185,0.2838,0.6032,0.5714,35,0.5714,35,0.5714,35,IBKR,5,6,877,882
752,188,63,0.5556,0.4607,0.6954,0.2509,0.5556,0.5556,63,0.5556,63,0.4444,9,IBKR,5,7,940,945
802,201,63,0.5238,0.4773,2.1109,0.3072,0.5238,0.5238,63,0.55,60,0.55,60,IBKR,5,8,1003,1008
399,100,63,0.5873,0.4631,0.6858,0.2464,0.5873,0.5873,63,0.566,53,,0,ICE,5,0,499,504
449,113,63,0.6984,0.5975,0.6132,0.2112,0.6984,0.6984,63,0.6984,63,0.8261,23,ICE,5,1,562,567
500,125,63,0.6349,0.5311,1.1449,0.2556,0.6984,0.678,59,0.75,28,0.7778,27,ICE,5,2,625,630
550,138,63,0.5556,0.6791,0.6739,0.2402,0.5556,0.5556,63,0.6222,45,0.6222,45,ICE,5,3,688,693
600,151,63,0.6667,0.6207,0.8353,0.2191,0.6349,0.661,59,0.6923,52,0.6667,48,ICE,5,4,751,756
651,163,63,0.2698,0.3571,0.7127,0.2597,0.6667,0.3333,12,0.3333,12,,0,ICE,5,5,814,819
701,176,63,0.1905,0.433,0.7982,0.3021,0.1905,0.1905,63,0.1905,63,,0,ICE,5,6,877,882
752,188,63,0.5397,0.7028,0.6093,0.2173,0.7619,0.88,25,0.9,20,0.9,20,ICE,5,7,940,945
802,201,63,0.4603,0.4843,0.7764,0.2892,0.4603,0.4528,53,0.4528,53,0.4528,53,ICE,5,8,1003,1008
399,100,63,0.5079,0.4854,0.7152,0.2606,0.5238,0.625,8,,0,,0,IVZ,5,0,499,504
449,113,63,0.5397,0.5077,0.6953,0.251,0.5556,0.5652,46,0.5652,46,,0,IVZ,5,1,562,567
500,125,63,0.4762,0.6197,3.2634,0.3485,0.6508,0.9,10,0.8571,7,0.8,5,IVZ,5,2,625,630
550,138,63,0.6032,0.536,0.6773,0.2421,0.4603,0.6429,14,0.6429,14,,0,IVZ,5,3,688,693
600,151,63,0.7143,0.8148,2.6235,0.2663,0.4286,0.6,45,0.6136,44,0.6136,44,IVZ,5,4,751,756
651,163,63,0.6349,0.6263,1.5502,0.2595,0.5873,0.64,50,0.6222,45,0.6222,45,IVZ,5,5,814,819
701,176,63,0.3333,0.4847,6.7,0.5389,0.6667,0.5,4,0.5,4,,0,IVZ,5,6,877,882
752,188,63,0.4762,0.4745,3.2869,0.3573,0.5873,0.5625,32,,0,,0,IVZ,5,7,940,945
802,201,63,0.5714,0.3981,0.7347,0.2678,0.5714,0.5714,63,0.5714,63,0.5714,63,IVZ,5,8,1003,1008
399,100,63,0.5238,0.447,0.6978,0.2523,0.4762,,0,,0,,0,JKHY,5,0,499,504
449,113,63,0.5079,0.559,0.6763,0.2435,0.5079,0.5082,61,0.75,4,0.75,4,JKHY,5,1,562,567
500,125,63,0.4762,0.525,0.7034,0.255,0.5556,0.75,4,,0,,0,JKHY,5,2,625,630
550,138,63,0.6667,0.7516,0.5468,0.19,0.4127,0.5758,33,0.7273,11,0.7273,11,JKHY,5,3,688,693
600,151,63,0.5238,0.5,0.6736,0.2432,0.5873,0.5686,51,0.6667,15,0.6154,13,JKHY,5,4,751,756
651,163,63,0.4603,0.4079,2.3839,0.3316,0.4286,0.36,25,0.2222,9,0.2222,9,JKHY,5,5,814,819
701,176,63,0.4603,0.6136,6.6115,0.4901,0.4603,0.4603,63,0.4833,60,0.4833,60,JKHY,5,6,877,882
752,188,63,0.6825,0.7677,0.8599,0.2318,0.5397,0.8889,18,,0,,0,JKHY,5,7,940,945
802,201,63,0.3175,0.5564,0.7326,0.2696,0.3175,0.3175,63,0.4091,22,,0,JKHY,5,8,1003,1008
399,100,63,0.4921,0.5,0.6931,0.25,0.4921,0.4921,63,,0,,0,ABBV,5,0,499,504
449,113,63,0.6667,0.7092,0.6053,0.2085,0.6667,0.8621,29,0.8846,26,0.8846,26,ABBV,5,1,562,567
500,125,63,0.5873,0.5156,0.6816,0.2443,0.5079,0.875,8,0.875,8,0.875,8,ABBV,5,2,625,630
550,138,63,0.4762,0.5475,5.1009,0.4063,0.4762,0.4762,63,0.5116,43,0.5116,43,ABBV,5,3,688,693
600,151,63,0.5873,0.6063,0.6736,0.2404,0.6032,0.7308,26,0.72,25,0.72,25,ABBV,5,4,751,756
651,163,63,0.4921,0.463,0.7344,0.265,0.6349,0.6429,28,0.6429,28,0.5455,11,ABBV,5,5,814,819
701,176,63,0.619,0.6518,0.6356,0.2235,0.5873,0.6066,61,0.6066,61,0.7308,26,ABBV,5,6,877,882
752,188,63,0.4444,0.2276,2.4777,0.3748,0.4444,0.4444,63,0.4,55,0.1538,26,ABBV,5,7,940,945
802,201,63,0.4286,0.5094,0.7301,0.2683,0.4127,0.4194,62,0.4194,62,0.4545,22,ABBV,5,8,1003,1008
399,100,63,0.5397,0.5202,0.7455,0.2726,0.5238,0.5556,36,,0,,0,A,5,0,499,504
449,113,63,0.5238,0.6426,1.828,0.2773,0.5079,0.5278,36,0.5588,34,0.9,10,A,5,1,562,567
500,125,63,0.6349,0.6689,0.6575,0.2327,0.5556,0.65,40,0.72,25,,0,A,5,2,625,630
550,138,63,0.5714,0.5786,0.6873,0.2471,0.5079,0.5806,31,0.5806,31,0.5806,31,A,5,3,688,693
600,151,63,0.3016,0.4593,3.9382,0.5037,0.3016,0.3016,63,0.3016,63,0.3016,63,A,5,4,751,756
651,163,63,0.4444,0.4416,2.5718,0.3276,0.6032,0.56,25,0.56,25,0.56,25,A,5,5,814,819
701,176,63,0.5873,0.5425,0.6992,0.2521,0.6667,0.66,50,0.6667,45,0.6667,45,A,5,6,877,882
752,188,63,0.6508,0.4789,1.0788,0.2304,0.2698,0.2222,9,0.0,6,,0,A,5,7,940,945
802,201,63,0.3968,0.3842,2.7352,0.3935,0.3968,0.3968,63,0.2903,31,0.2414,29,A,5,8,1003,1008
399,100,63,0.4286,0.5974,0.9136,0.3481,0.6032,1.0,2,1.0,2,,0,ALGN,5,0,499,504
449,113,63,0.3968,0.55,0.7493,0.2776,0.3968,0.3968,63,0.4068,59,0.4211,38,ALGN,5,1,562,567
500,125,63,0.4286,0.5173,5.4512,0.5156,0.4444,0.4355,62,0.4355,62,0.4355,62,ALGN,5,2,625,630
550,138,63,0.4921,0.5588,0.7028,0.2551,0.5397,0.75,4,,0,,0,ALGN,5,3,688,693
600,151,63,0.6032,0.5,0.69,0.2484,0.3968,,0,,0,,0,ALGN,5,4,751,756
651,163,63,0.3968,0.56,0.7118,0.2597,0.6032,,0,,0,,0,ALGN,5,5,814,819
701,176,63,0.4603,0.5,0.7061,0.2565,0.4603,0.4603,63,0.4603,63,,0,ALGN,5,6,877,882
752,188,63,0.4127,0.5296,1.3887,0.2758,0.5873,,0,,0,,0,ALGN,5,7,940,945
802,201,63,0.5238,0.5929,0.6738,0.2414,0.381,0.4375,48,0.4375,48,,0,ALGN,5,8,1003,1008
399,100,63,0.3968,0.3974,3.8326,0.4068,0.3968,0.3968,63,0.3968,63,0.3617,47,AMGN,5,0,499,504
449,113,63,0.5397,0.4062,0.6916,0.2492,0.5397,0.5397,63,,0,,0,AMGN,5,1,562,567
500,125,63,0.4762,0.5,0.6961,0.2515,0.5238,,0,,0,,0,AMGN,5,2,625,630
550,138,63,0.4921,0.8548,0.533,0.1809,0.4921,0.4921,63,0.9231,26,0.9231,26,AMGN,5,3,688,693
600,151,63,0.6984,0.6754,0.6684,0.2344,0.4286,0.7222,18,0.6667,12,0.6,10,AMGN,5,4,751,756
651,163,63,0.4286,0.3503,0.8268,0.3122,0.5873,0.6667,3,1.0,1,1.0,1,AMGN,5,5,814,819
701,176,63,0.4603,0.4909,1.2147,0.2916,0.4603,0.3684,19,0.4545,11,0.4545,11,AMGN,5,6,877,882
752,188,63,0.3651,0.4135,0.7281,0.2627,0.619,0.0,1,0.0,1,0.0,1,AMGN,5,7,940,945
802,201,63,0.4286,0.4042,0.7816,0.2922,0.3968,0.2963,27,0.2963,27,0.2963,27,AMGN,5,8,1003,1008
399,100,63,0.5079,0.5323,0.693,0.2499,0.4921,,0,,0,,0,BAX,5,0,499,504
449,113,63,0.5238,0.4848,7.598,0.478,0.5238,0.5238,63,0.5238,63,0.5238,63,BAX,5,1,562,567
500,125,63,0.4921,0.5635,0.6828,0.2478,0.4921,0.4915,59,0.5556,27,0.5417,24,BAX,5,2,625,630
550,138,63,0.4127,0.3985,1.4853,0.3166,0.4762,0.2941,17,0.2941,17,0.3333,9,BAX,5,3,688,693
600,151,63,0.5397,0.61,1.8377,0.2815,0.5397,0.5397,63,0.5882,51,0.6429,28,BAX,5,4,751,756
651,163,63,0.619,0.5786,0.9178,0.2532,0.4444,0.7,10,0.7,10,0.0,1,BAX,5,5,814,819
701,176,63,0.3651,0.3888,3.845,0.4149,0.4444,0.3235,34,0.3235,34,0.3235,34,BAX,5,6,877,882
752,188,63,0.3651,0.4875,0.7032,0.255,0.6349,,0,,0,,0,BAX,5,7,940,945
802,201,63,0.4603,0.6085,0.6792,0.2424,0.4286,0.4364,55,0.9,10,0.9,10,BAX,5,8,1003,1008
399,100,63,0.6825,0.7312,1.2576,0.2169,0.4603,0.6098,41,0.7143,21,0.7143,21,BDX,5,0,499,504
449,113,63,0.4444,0.4783,2.4753,0.3687,0.5238,0.4667,30,0.4815,27,0.4815,27,BDX,5,1,562,567
500,125,63,0.6984,0.7923,0.6628,0.2354,0.5079,0.6667,39,0.6667,39,0.6667,39,BDX,5,2,625,630
550,138,63,0.6984,0.6739,2.1723,0.2433,0.5714,0.7073,41,0.7073,41,0.7073,41,BDX,5,3,688,693
600,151,63,0.4286,0.5753,0.8171,0.3085,0.381,0.3966,58,0.3966,58,0.3966,58,BDX,5,4,751,756
651,163,63,0.6349,0.6082,0.6444,0.2276,0.6349,0.6349,63,0.623,61,0.6909,55,BDX,5,5,814,819
701,176,63,0.4762,0.4766,0.7888,0.2852,0.4127,0.3871,31,0.4444,27,0.4444,27,BDX,5,6,877,882
752,188,63,0.6508,0.7066,0.6536,0.2304,0.5238,0.7391,23,0.9,10,,0,BDX,5,7,940,945
802,201,63,0.381,0.6457,1.6225,0.3717,0.3333,0.35,60,0.4082,49,0.4082,49,BDX,5,8,1003,1008
399,100,63,0.4127,0.3799,0.7148,0.2608,0.5873,0.5,42,,0,,0,TECH,5,0,499,504
449,113,63,0.5556,0.6554,1.4974,0.2391,0.3651,0.4324,37,0.4828,29,0.6667,3,TECH,5,1,562,567
500,125,63,0.4921,0.5141,0.9067,0.2522,0.5238,0.5085,59,0.75,4,0.75,4,TECH,5,2,625,630
550,138,63,0.6508,0.6516,0.6629,0.2347,0.5397,0.7143,28,0.7143,28,0.7143,14,TECH,5,3,688,693
600,151,63,0.2857,0.6982,1.5829,0.3587,0.2698,0.2742,62,0.35,40,0.35,40,TECH,5,4,751,756
651,163,63,0.4762,0.4758,0.773,0.2853,0.5079,0.4828,29,0.4828,29,0.4828,29,TECH,5,5,814,819
701,176,63,0.4921,0.5294,0.6858,0.2466,0.5397,1.0,2,1.0,2,1.0,1,TECH,5,6,877,882
752,188,63,0.4444,0.7918,0.6765,0.2432,0.5556,,0,,0,,0,TECH,5,7,940,945
802,201,63,0.4444,0.3637,1.6088,0.3505,0.4286,0.4355,62,0.4364,55,0.1875,16,TECH,5,8,1003,1008
399,100,63,0.2698,0.4384,3.291,0.5125,0.3968,0.2941,51,0.28,50,0.28,50,BIIB,5,0,499,504
449,113,63,0.5556,0.5449,0.6816,0.2442,0.4444,,0,,0,,0,BIIB,5,1,562,567
500,125,63,0.6667,0.5965,0.686,0.2464,0.3175,0.4706,17,0.5,4,0.5,4,BIIB,5,2,625,630
550,138,63,0.6508,0.6668,1.6457,0.2875,0.3651,0.5185,27,0.5185,27,0.52,25,BIIB,5,3,688,693
600,151,63,0.5556,0.5625,0.7633,0.2813,0.5079,0.8333,6,,0,,0,BIIB,5,4,751,756
651,163,63,0.3492,0.5504,1.0114,0.3908,0.6508,,0,,0,,0,BIIB,5,5,814,819
701,176,63,0.5397,0.428,0.7516,0.2771,0.6667,0.6275,51,1.0,2,1.0,2,BIIB,5,6,877,882
752,188,63,0.6984,0.4785,0.6719,0.2338,0.6984,0.6984,63,0.6984,63,0.6923,26,BIIB,5,7,940,945
802,201,63,0.4921,0.6452,0.7431,0.274,0.4921,0.4921,63,0.4921,63,0.4921,63,BIIB,5,8,1003,1008
399,100,63,0.5556,0.495,1.2066,0.2788,0.4921,0.6364,11,0.6364,11,0.6364,11,BMY,5,0,499,504
449,113,63,0.6032,0.5051,0.712,0.258,0.5556,0.5862,58,0.0,3,0.0,3,BMY,5,1,562,567
500,125,63,0.5397,0.4359,0.7477,0.2676,0.619,0.5862,58,0.5862,58,0.5862,58,BMY,5,2,625,630
550,138,63,0.5079,0.4531,0.738,0.2716,0.4921,,0,,0,,0,BMY,5,3,688,693
600,151,63,0.5714,0.45,1.0043,0.2826,0.3651,0.0,4,0.0,4,0.0,4,BMY,5,4,751,756
651,163,63,0.4762,0.4959,0.9356,0.2634,0.5556,0.5625,16,0.5714,14,0.5714,14,BMY,5,5,814,819
701,176,63,0.5397,0.5,0.69,0.2484,0.4603,,0,,0,,0,BMY,5,6,877,882
752,188,63,0.3016,0.6495,1.6876,0.3167,0.6984,,0,,0,,0,BMY,5,7,940,945
802,201,63,0.4286,0.5604,0.6991,0.2528,0.381,0.3696,46,,0,,0,BMY,5,8,1003,1008
399,100,63,0.4444,0.4429,0.8911,0.3244,0.4444,0.4444,63,0.4444,63,0.3846,52,CAH,5,0,499,504
449,113,63,0.5397,0.4143,0.7161,0.2612,0.5397,0.5397,63,0.4909,55,0.4909,55,CAH,5,1,562,567
500,125,63,0.6825,0.6411,0.6884,0.247,0.6032,0.6957,46,,0,,0,CAH,5,2,625,630
550,138,63,0.5556,0.4605,1.4105,0.2813,0.6032,0.5833,60,,0,,0,CAH,5,3,688,693
600,151,63,0.6508,0.5,0.6582,0.2327,0.6508,0.6508,63,0.6508,63,,0,CAH,5,4,751,756
651,163,63,0.5238,0.4909,0.7105,0.2584,0.5238,0.5238,63,0.5,40,0.5128,39,CAH,5,5,814,819
701,176,63,0.619,0.5561,1.6309,0.2757,0.619,0.619,63,0.5926,54,0.6136,44,CAH,5,6,877,882
752,188,63,0.619,0.5256,0.6754,0.2412,0.619,0.619,63,1.0,2,,0,CAH,5,7,940,945
802,201,63,0.4127,0.4761,0.7755,0.2896,0.3651,0.3704,54,0.3704,54,0.3704,54,CAH,5,8,1003,1008
399,100,63,0.5079,0.5016,0.703,0.2549,0.5873,0.65,20,,0,,0,CRL,5,0,499,504
449,113,63,0.3492,0.7251,3.9619,0.3822,0.3492,0.3492,63,0.3492,63,0.5294,34,CRL,5,1,562,567
500,125,63,0.4603,0.5869,4.2043,0.3855,0.4286,0.4426,61,0.5,34,0.4688,32,CRL,5,2,625,630
550,138,63,0.381,0.5543,6.1601,0.4922,0.3492,0.3607,61,0.386,57,0.386,57,CRL,5,3,688,693
600,151,63,0.5397,0.503,0.6964,0.2516,0.5079,0.7143,7,,0,,0,CRL,5,4,751,756
651,163,63,0.4603,0.5,0.7231,0.2648,0.5397,,0,,0,,0,CRL,5,5,814,819
701,176,63,0.5714,0.6106,0.6713,0.2392,0.4762,0.5385,39,0.5714,35,,0,CRL,5,6,877,882
752,188,63,0.4762,0.5041,0.7518,0.2758,0.5714,0.8,5,0.8,5,0.8,5,CRL,5,7,940,945
802,201,63,0.619,0.5942,0.6725,0.2397,0.6032,0.6522,46,0.6667,18,0.6429,14,CRL,5,8,1003,1008
399,100,63,0.619,0.6481,1.299,0.2435,0.4286,0.6,15,,0,,0,COO,5,0,499,504
449,113,63,0.5238,0.4359,0.7328,0.2657,0.4762,0.5,2,,0,,0,COO,5,1,562,567
500,125,63,0.5873,0.6038,2.5111,0.304,0.5079,0.5833,36,,0,,0,COO,5,2,625,630
550,138,63,0.3651,0.5,0.7174,0.2621,0.3651,0.3651,63,,0,,0,COO,5,3,688,693
600,151,63,0.6032,0.8493,1.2001,0.2141,0.5714,0.5902,61,0.5902,61,0.5902,61,COO,5,4,751,756
651,163,63,0.6349,0.6286,0.7764,0.2751,0.4286,0.5625,32,0.5625,32,0.5625,32,COO,5,5,814,819
701,176,63,0.619,0.6025,0.809,0.2752,0.5238,0.5957,47,0.5957,47,0.6341,41,COO,5,6,877,882
752,188,63,0.7302,0.7256,0.6263,0.2137,0.6667,0.7551,49,0.7778,36,0.8214,28,COO,5,7,940,945
802,201,63,0.3333,0.4372,0.9079,0.3506,0.3175,0.2885,52,0.2885,52,0.2885,52,COO,5,8,1003,1008
399,100,63,0.4444,0.4781,2.3178,0.3148,0.4444,0.2941,17,0.1667,6,0.5,2,CVS,5,0,499,504
449,113,63,0.5397,0.5,0.6901,0.2485,0.5397,0.5397,63,,0,,0,CVS,5,1,562,567
500,125,63,0.5079,0.5469,0.6962,0.2539,0.5079,0.5079,63,0.5333,30,0.5333,30,CVS,5,2,625,630
550,138,63,0.3333,0.3576,1.7636,0.344,0.5238,0.2632,19,0.2632,19,0.2632,19,CVS,5,3,688,693
600,151,63,0.5238,0.5736,1.0168,0.2804,0.5714,1.0,6,1.0,6,,0,CVS,5,4,751,756
651,163,63,0.5556,0.5409,0.6905,0.2492,0.5238,0.551,49,0.4583,24,0.4583,24,CVS,5,5,814,819
701,176,63,0.2698,0.6573,0.6825,0.2494,0.7302,,0,,0,,0,CVS,5,6,877,882
752,188,63,0.5714,0.5237,1.6107,0.2813,0.5714,0.5714,63,0.5714,63,0.5714,28,CVS,5,7,940,945
802,201,63,0.5397,0.4021,0.7009,0.2551,0.5397,0.5397,63,0.4909,55,0.4706,51,CVS,5,8,1003,1008
399,100,63,0.5556,0.6187,1.284,0.2989,0.5238,0.6316,19,,0,,0,DHR,5,0,499,504
449,113,63,0.6349,0.6247,2.7286,0.3011,0.5238,0.9167,12,0.9167,12,0.9167,12,DHR,5,1,562,567
500,125,63,0.619,0.6038,0.6763,0.2412,0.4921,0.6207,29,0.5294,17,0.5714,14,DHR,5,2,625,630
550,138,63,0.4286,0.4892,4.1504,0.4412,0.4286,0.4286,63,0.4355,62,0.4355,62,DHR,5,3,688,693
600,151,63,0.3968,0.4037,2.3606,0.3276,0.5079,0.425,40,0.425,40,0.4545,22,DHR,5,4,751,756
651,163,63,0.5873,0.5,0.6896,0.2482,0.5873,0.5873,63,,0,,0,DHR,5,5,814,819
701,176,63,0.4127,0.4841,1.3771,0.2722,0.4286,0.4167,60,0.6667,9,0.625,8,DHR,5,6,877,882
752,188,63,0.4286,0.5135,0.688,0.2479,0.5873,1.0,1,1.0,1,1.0,1,DHR,5,7,940,945
802,201,63,0.3016,0.4009,3.0339,0.4265,0.2698,0.2787,61,0.2787,61,0.2941,51,DHR,5,8,1003,1008
399,100,63,0.6349,0.3402,0.8208,0.2971,0.6349,0.6349,63,0.375,16,0.2,10,DVA,5,0,499,504
449,113,63,0.4127,0.5452,0.8214,0.3118,0.4127,0.4127,63,0.4127,63,0.4127,63,DVA,5,1,562,567
500,125,63,0.5873,0.5,0.6848,0.2458,0.5873,0.5873,63,,0,,0,DVA,5,2,625,630
550,138,63,0.381,0.3853,0.7906,0.2949,0.6032,0.4706,17,0.4706,17,0.4375,16,DVA,5,3,688,693
600,151,63,0.5714,0.463,0.6887,0.2478,0.5714,0.5714,63,0.5517,58,,0,DVA,5,4,751,756
651,163,63,0.5079,0.4207,2.2069,0.3489,0.4762,0.4909,55,0.4,30,0.3043,23,DVA,5,5,814,819
701,176,63,0.4921,0.4133,0.7579,0.2809,0.4921,0.4921,63,0.4118,34,0.4118,34,DVA,5,6,877,882
752,188,63,0.5079,0.4571,0.9523,0.2686,0.4444,0.0,3,0.0,2,0.0,2,DVA,5,7,940,945
802,201,63,0.3651,0.5,0.7062,0.2565,0.6349,,0,,0,,0,DVA,5,8,1003,1008
399,100,63,0.4762,0.4848,0.8029,0.2927,0.4762,0.4615,39,0.44,25,,0,DXCM,5,0,499,504
449,113,63,0.3651,0.3537,0.94,0.3315,0.3492,0.2857,42,0.0,8,0.0,8,DXCM,5,1,562,567
500,125,63,0.5397,0.5949,4.6502,0.3985,0.4444,0.4889,45,0.4889,45,0.4889,45,DXCM,5,2,625,630
550,138,63,0.6032,0.6505,0.6988,0.2521,0.6032,0.8421,19,0.8421,19,,0,DXCM,5,3,688,693
600,151,63,0.4286,0.4606,0.764,0.2836,0.5238,0.4286,21,0.4286,21,0.4286,21,DXCM,5,4,751,756
651,163,63,0.5714,0.5277,0.7773,0.284,0.5079,0.5532,47,0.5294,34,0.5,32,DXCM,5,5,814,819
701,176,63,0.3175,0.388,0.8185,0.3108,0.3651,0.3077,52,0.3077,52,0.2941,51,DXCM,5,6,877,882
752,188,63,0.6032,0.7494,0.7217,0.2554,0.7143,0.8571,28,,0,,0,DXCM,5,7,940,945
802,201,63,0.4603,0.6279,0.6639,0.243,0.4127,0.4286,56,0.4182,55,,0,DXCM,5,8,1003,1008
399,100,63,0.5079,0.6653,3.4071,0.3291,0.5079,1.0,1,1.0,1,1.0,1,EW,5,0,499,504
449,113,63,0.3968,0.359,0.7985,0.3005,0.4603,0.4082,49,0.3958,48,0.3421,38,EW,5,1,562,567
500,125,63,0.4762,0.5727,0.7437,0.274,0.4762,0.4762,63,0.4762,63,0.5185,54,EW,5,2,625,630
550,138,63,0.6032,0.6317,1.0772,0.2379,0.5714,0.6486,37,0.6667,36,0.6667,36,EW,5,3,688,693
600,151,63,0.5238,0.4772,1.0638,0.2987,0.5397,0.75,8,0.75,8,0.75,8,EW,5,4,751,756
651,163,63,0.5714,0.5559,0.7112,0.2584,0.4921,0.6,20,0.2857,7,0.2857,7,EW,5,5,814,819
701,176,63,0.4286,0.4153,0.7206,0.2636,0.5556,0.4848,33,0.4643,28,,0,EW,5,6,877,882
752,188,63,0.3968,0.536,0.7251,0.2659,0.3492,0.3667,60,0.3636,11,0.4,5,EW,5,7,940,945
802,201,63,0.4762,0.4545,0.7079,0.2572,0.4762,0.0,3,0.0,3,0.0,3,EW,5,8,1003,1008
399,100,63,0.2222,0.6312,1.0217,0.3047,0.2222,0.2222,63,0.2222,63,0.303,33,GILD,5,0,499,504
449,113,63,0.4286,0.5,0.7337,0.27,0.5714,,0,,0,,0,GILD,5,1,562,567
500,125,63,0.1429,0.4198,6.8681,0.6086,0.8571,,0,,0,,0,GILD,5,2,625,630
550,138,63,0.4127,0.448,0.7019,0.2543,0.5873,0.5,20,0.5,20,1.0,1,GILD,5,3,688,693
600,151,63,0.5714,0.4604,0.6947,0.2506,0.5714,0.5714,63,0.525,40,0.65,20,GILD,5,4,751,756
651,163,63,0.6349,0.5457,0.6482,0.2288,0.6349,0.6349,63,0.6349,63,0.6571,35,GILD,5,5,814,819
701,176,63,0.4444,0.5,0.7339,0.2701,0.4444,0.4444,63,0.4444,63,,0,GILD,5,6,877,882
752,188,63,0.6349,0.3408,3.0544,0.3456,0.6349,0.6349,63,0.2857,14,0.2857,14,GILD,5,7,940,945
802,201,63,0.3968,0.3889,0.731,0.2686,0.3968,0.3968,63,0.1875,16,0.1875,16,GILD,5,8,1003,1008
399,100,63,0.619,0.6034,0.6711,0.2389,0.5714,0.6429,42,0.6429,42,,0,HCA,5,0,499,504
449,113,63,0.6349,0.5761,0.6571,0.2315,0.6349,0.6349,63,0.6349,63,0.6667,60,HCA,5,1,562,567
500,125,63,0.7143,0.6186,0.6161,0.2121,0.6508,0.7091,55,0.7091,55,0.7091,55,HCA,5,2,625,630
550,138,63,0.3651,0.7087,3.7421,0.4349,0.3651,0.3651,63,0.3651,63,0.3651,63,HCA,5,3,688,693
600,151,63,0.619,0.5158,0.6906,0.2463,0.6032,0.6129,62,0.6129,62,0.6154,13,HCA,5,4,751,756
651,163,63,0.619,0.5849,0.6908,0.2477,0.5714,0.65,40,0.65,40,0.65,40,HCA,5,5,814,819
701,176,63,0.381,0.5216,2.7746,0.395,0.7143,0.875,8,0.875,8,1.0,1,HCA,5,6,877,882
752,188,63,0.5873,0.4896,0.6775,0.2423,0.5873,0.5873,63,0.5873,63,1.0,1,HCA,5,7,940,945
802,201,63,0.3333,0.424,1.0313,0.3822,0.3333,0.3333,63,0.3333,63,0.2917,48,HCA,5,8,1003,1008
399,100,63,0.3968,0.5326,0.7336,0.2701,0.3968,0.3968,63,0.4138,58,,0,HSIC,5,0,499,504
449,113,63,0.4762,0.4682,0.7688,0.2818,0.4762,0.4651,43,0.4651,43,0.3636,11,HSIC,5,1,562,567
500,125,63,0.5238,0.4929,1.0579,0.2862,0.5238,0.5238,63,0.5625,32,0.2,5,HSIC,5,2,625,630
550,138,63,0.6667,0.6358,0.6227,0.2211,0.5714,0.6364,55,,0,,0,HSIC,5,3,688,693
600,151,63,0.5079,0.7084,0.65,0.2373,0.3968,0.4444,54,0.4444,54,0.6667,6,HSIC,5,4,751,756
651,163,63,0.5556,0.6162,0.6598,0.2422,0.5238,0.619,21,0.619,21,0.6,5,HSIC,5,5,814,819
701,176,63,0.5397,0.6285,0.7254,0.2685,0.4921,0.5167,60,0.5167,60,0.5167,60,HSIC,5,6,877,882
752,188,63,0.4762,0.5259,2.6723,0.3718,0.5397,0.6667,3,,0,,0,HSIC,5,7,940,945
802,201,63,0.619,0.4853,0.6966,0.251,0.3968,0.6,5,0.6,5,,0,HSIC,5,8,1003,1008
399,100,63,0.6667,0.5326,1.9561,0.25,0.3175,0.3333,3,0.5,2,0.5,2,IDXX,5,0,499,504
449,113,63,0.4603,0.5821,3.8319,0.4118,0.3968,0.4118,51,0.4118,51,0.4082,49,IDXX,5,1,562,567
500,125,63,0.381,0.5119,1.0825,0.4122,0.3333,0.3393,56,0.3393,56,0.3393,56,IDXX,5,2,625,630
550,138,63,0.4127,0.5,0.7314,0.269,0.5873,,0,,0,,0,IDXX,5,3,688,693
600,151,63,0.3333,0.3251,0.7692,0.2871,0.4921,0.3778,45,0.25,4,0.25,4,IDXX,5,4,751,756
651,163,63,0.3492,0.5571,1.2233,0.4561,0.6508,,0,,0,,0,IDXX,5,5,814,819
701,176,63,0.5079,0.506,0.7074,0.2569,0.5079,0.5116,43,,0,,0,IDXX,5,6,877,882
752,188,63,0.2857,0.5,0.7419,0.2743,0.2857,0.2857,63,0.2857,63,,0,IDXX,5,7,940,945
802,201,63,0.381,0.6488,7.6696,0.5803,0.2857,0.3158,57,0.3208,53,0.3208,53,IDXX,5,8,1003,1008
399,100,63,0.5238,0.5908,6.9799,0.478,0.3651,0.4255,47,0.4255,47,0.4255,47,INCY,5,0,499,504
449,113,63,0.3333,0.5233,0.7821,0.2938,0.6825,1.0,1,1.0,1,1.0,1,INCY,5,1,562,567
500,125,63,0.3651,0.5,0.7526,0.2794,0.6349,,0,,0,,0,INCY,5,2,625,630
550,138,63,0.5397,0.5147,0.6901,0.2485,0.5397,0.5397,63,0.5397,63,1.0,1,INCY,5,3,688,693
600,151,63,0.4286,0.5,0.7268,0.2667,0.4286,0.4286,63,0.4286,63,,0,INCY,5,4,751,756
651,163,63,0.6508,0.374,1.8695,0.2926,0.7302,0.7069,58,0.6667,48,,0,INCY,5,5,814,819
701,176,63,0.4921,0.5147,7.7654,0.5304,0.6349,1.0,8,1.0,8,,0,INCY,5,6,877,882
752,188,63,0.4603,0.5,0.6931,0.25,0.4603,0.4603,63,,0,,0,INCY,5,7,940,945
802,201,63,0.4286,0.3879,0.7244,0.2654,0.4286,0.4286,63,0.4286,63,0.0,1,INCY,5,8,1003,1008
399,100,63,0.4444,0.5,0.6945,0.2507,0.4444,0.4444,63,,0,,0,PODD,5,0,499,504
449,113,63,0.5238,0.4854,0.7683,0.2823,0.5238,0.5349,43,0.5,28,0.5,28,PODD,5,1,562,567
500,125,63,0.3968,0.3916,0.7805,0.2927,0.6032,0.5,28,0.1,10,0.1,10,PODD,5,2,625,630
550,138,63,0.4762,0.6256,5.5371,0.47,0.6825,0.7778,18,0.7778,18,,0,PODD,5,3,688,693
600,151,63,0.4444,0.6322,0.6946,0.2508,0.4286,0.4355,62,0.5238,42,,0,PODD,5,4,751,756
651,163,63,0.4444,0.5051,0.9304,0.2639,0.4444,0.4444,63,0.4286,35,0.75,4,PODD,5,5,814,819
701,176,63,0.4444,0.4352,0.8192,0.3047,0.5714,1.0,1,1.0,1,1.0,1,PODD,5,6,877,882
752,188,63,0.746,0.5,0.6346,0.2209,0.254,,0,,0,,0,PODD,5,7,940,945
802,201,63,0.7619,0.451,1.1031,0.2394,0.1905,0.0,3,0.0,3,0.0,3,PODD,5,8,1003,1008
399,100,63,0.5714,0.5714,0.6715,0.2407,0.5556,0.5645,62,,0,,0,ISRG,5,0,499,504
449,113,63,0.7302,0.5,0.6147,0.2113,0.7302,0.7302,63,0.7302,63,0.7302,63,ISRG,5,1,562,567
500,125,63,0.5556,0.4403,1.6546,0.294,0.5556,0.5556,63,0.5556,63,0.5556,63,ISRG,5,2,625,630
550,138,63,0.6508,0.6411,0.6308,0.2208,0.6032,0.6333,60,0.6333,60,0.6333,60,ISRG,5,3,688,693
600,151,63,0.5238,0.5963,0.6866,0.2483,0.4921,0.5094,53,0.5094,53,1.0,4,ISRG,5,4,751,756
651,163,63,0.3651,0.5732,0.9231,0.2619,0.381,0.371,62,0.8333,6,0.8333,6,ISRG,5,5,814,819
701,176,63,0.619,0.6099,0.6778,0.2424,0.5079,0.5909,44,,0,,0,ISRG,5,6,877,882
752,188,63,0.6032,0.6395,0.9013,0.2456,0.3968,0.5,30,0.5,24,0.5,24,ISRG,5,7,940,945
802,201,63,0.5079,0.4626,0.6882,0.2475,0.3968,0.3125,16,,0,,0,ISRG,5,8,1003,1008
399,100,63,0.5873,0.8981,0.9421,0.1973,0.4603,0.8,5,0.75,4,0.75,4,IQV,5,0,499,504
449,113,63,0.5079,0.5453,0.7914,0.2922,0.4286,0.4375,32,0.4194,31,0.4194,31,IQV,5,1,562,567
500,125,63,0.4762,0.4163,1.4639,0.3059,0.4921,0.4286,14,0.4615,13,,0,IQV,5,2,625,630
550,138,63,0.5079,0.5161,0.8766,0.3189,0.5079,0.5079,63,0.5111,45,0.5111,45,IQV,5,3,688,693
600,151,63,0.3333,0.5357,0.7313,0.269,0.3333,0.3333,63,0.3571,42,,0,IQV,5,4,751,756
651,163,63,0.5079,0.4839,0.6999,0.2533,0.4921,,0,,0,,0,IQV,5,5,814,819
701,176,63,0.5556,0.4959,0.6899,0.2483,0.4444,,0,,0,,0,IQV,5,6,877,882
752,188,63,0.5714,0.5492,4.7863,0.3659,0.4603,1.0,2,,0,,0,IQV,5,7,940,945
802,201,63,0.5873,0.597,0.6859,0.2464,0.4762,0.5455,44,,0,,0,IQV,5,8,1003,1008
399,100,63,0.6032,0.6179,0.6674,0.2339,0.3968,,0,,0,,0,LH,5,0,499,504
449,113,63,0.5397,0.5908,4.3623,0.3692,0.5556,0.5577,52,0.5577,52,0.5686,51,LH,5,1,562,567
500,125,63,0.5079,0.7369,0.7028,0.262,0.4762,0.3333,3,,0,,0,LH,5,2,625,630
550,138,63,0.4921,0.5081,3.4296,0.4097,0.5238,0.6667,3,0.6667,3,0.6667,3,LH,5,3,688,693
600,151,63,0.4444,0.4386,0.8147,0.2989,0.5397,0.4857,35,0.4857,35,0.5,34,LH,5,4,751,756
651,163,63,0.5556,0.4607,0.7004,0.2536,0.5556,0.5556,63,0.25,4,0.25,4,LH,5,5,814,819
701,176,63,0.5397,0.5467,0.7058,0.2546,0.5397,0.5581,43,0.6061,33,0.3333,3,LH,5,6,877,882
752,188,63,0.5556,0.5393,0.6931,0.2489,0.5556,0.5556,63,0.6429,14,0.6429,14,LH,5,7,940,945
802,201,63,0.4921,0.5684,0.7222,0.2641,0.4444,0.4667,60,0.4667,60,0.3636,22,LH,5,8,1003,1008
399,100,63,0.5714,0.5203,0.6614,0.2379,0.6825,0.6739,46,0.6889,45,0.6429,28,MCK,5,0,499,504
449,113,63,0.746,0.6596,0.5619,0.1885,0.746,0.746,63,0.746,63,0.746,63,MCK,5,1,562,567
500,125,63,0.4603,0.6126,2.1744,0.4426,0.4603,0.4603,63,0.4603,63,0.4833,60,MCK,5,2,625,630
550,138,63,0.5873,0.5764,0.6739,0.2408,0.5873,0.5873,63,0.5873,63,0.5862,58,MCK,5,3,688,693
600,151,63,0.6984,0.6198,0.6417,0.2253,0.6825,0.74,50,0.7778,18,0.7778,18,MCK,5,4,751,756
651,163,63,0.3968,0.4595,1.3931,0.3571,0.3968,0.3968,63,0.377,61,0.413,46,MCK,5,5,814,819
701,176,63,0.4921,0.6028,0.8615,0.23,0.7778,0.84,25,0.84,25,0.8,10,MCK,5,6,877,882
752,188,63,0.5079,0.6552,1.1812,0.2748,0.5397,0.5254,59,0.5254,59,0.9333,15,MCK,5,7,940,945
802,201,63,0.3492,0.4285,1.4288,0.2962,0.3175,0.3019,53,0.2632,38,,0,MCK,5,8,1003,1008
399,100,63,0.746,0.7662,0.6032,0.2086,0.4603,0.9333,15,0.9167,12,1.0,3,MDT,5,0,499,504
449,113,63,0.6667,0.7561,0.5893,0.206,0.5397,0.6327,49,0.6327,49,0.875,16,MDT,5,1,562,567
500,125,63,0.5397,0.6871,3.4468,0.3441,0.5873,1.0,8,1.0,8,1.0,4,MDT,5,2,625,630
550,138,63,0.6032,0.5821,0.8032,0.2755,0.4444,0.5789,19,0.5789,19,0.5789,19,MDT,5,3,688,693
600,151,63,0.5873,0.4143,2.3473,0.3176,0.4444,1.0,2,1.0,2,1.0,2,MDT,5,4,751,756
651,163,63,0.4286,0.6105,0.7579,0.2813,0.6667,0.875,8,0.875,8,0.875,8,MDT,5,5,814,819
701,176,63,0.4127,0.4106,8.4531,0.5586,0.5873,,0,,0,,0,MDT,5,6,877,882
752,188,63,0.5079,0.5,0.6934,0.2501,0.4921,,0,,0,,0,MDT,5,7,940,945
802,201,63,0.1905,0.6185,1.8832,0.3968,0.1905,0.1905,63,0.2703,37,0.2778,36,MDT,5,8,1003,1008
399,100,63,0.4762,0.5,0.6931,0.25,0.4762,0.4762,63,,0,,0,MRK,5,0,499,504
449,113,63,0.4444,0.4454,1.2675,0.3114,0.4444,0.4444,63,0.4516,62,0.4516,62,MRK,5,1,562,567
500,125,63,0.6032,0.5,0.6885,0.2477,0.3968,,0,,0,,0,MRK,5,2,625,630
550,138,63,0.381,0.4464,6.3183,0.471,0.4444,0.4035,57,0.4348,46,0.4222,45,MRK,5,3,688,693
600,151,63,0.4444,0.5,0.702,0.2544,0.4286,0.4286,56,,0,,0,MRK,5,4,751,756
651,163,63,0.6032,0.5172,0.7292,0.262,0.5873,0.6071,56,0.6071,56,0.5926,27,MRK,5,5,814,819
701,176,63,0.4286,0.5278,0.7309,0.2687,0.4286,0.4286,63,0.4286,63,,0,MRK,5,6,877,882
752,188,63,0.5397,0.5025,2.8464,0.3476,0.7143,0.7353,34,,0,,0,MRK,5,7,940,945
802,201,63,0.4603,0.5,0.7061,0.2565,0.4603,0.4603,63,0.4603,63,,0,MRK,5,8,1003,1008
399,100,63,0.4921,0.6541,6.3553,0.4713,0.6508,0.8462,13,0.8462,13,0.8333,12,MTD,5,0,499,504
449,113,63,0.4921,0.5131,2.6014,0.3449,0.4921,0.4915,59,0.4915,59,0.4915,59,MTD,5,1,562,567
500,125,63,0.5556,0.5121,5.0844,0.3999,0.4921,0.5273,55,0.5273,55,0.537,54,MTD,5,2,625,630
550,138,63,0.4127,0.4686,0.7797,0.2898,0.5714,0.4848,33,0.4828,29,1.0,4,MTD,5,3,688,693
600,151,63,0.4286,0.735,2.9967,0.3325,0.3492,0.3793,58,0.3793,58,0.5517,29,MTD,5,4,751,756
651,163,63,0.5397,0.5901,1.0718,0.2368,0.6825,0.7917,24,0.7727,22,0.8,20,MTD,5,5,814,819
701,176,63,0.4762,0.5319,0.7903,0.2779,0.5714,1.0,3,1.0,3,1.0,3,MTD,5,6,877,882
752,188,63,0.5714,0.6533,2.4533,0.2822,0.4286,,0,,0,,0,MTD,5,7,940,945
802,201,63,0.4921,0.6159,0.6708,0.2446,0.4127,0.4348,46,0.4348,46,0.7273,11,MTD,5,8,1003,1008
399,100,63,0.5397,0.536,3.6782,0.3486,0.5397,0.5397,63,0.5397,63,0.5429,35,DGX,5,0,499,504
449,113,63,0.5238,0.5609,0.9427,0.3223,0.619,0.6452,31,,0,,0,DGX,5,1,562,567
500,125,63,0.5397,0.5301,0.7649,0.2772,0.5873,0.6,40,0.6053,38,,0,DGX,5,2,625,630
550,138,63,0.5238,0.5187,0.7516,0.2748,0.5238,0.5254,59,0.5254,59,0.5254,59,DGX,5,3,688,693
600,151,63,0.4603,0.5431,2.1285,0.3265,0.5397,0.5,26,0.5,26,0.5,26,DGX,5,4,751,756
651,163,63,0.5238,0.4692,0.693,0.2499,0.5238,0.5238,63,,0,,0,DGX,5,5,814,819
701,176,63,0.4127,0.5192,0.6926,0.2497,0.5873,,0,,0,,0,DGX,5,6,877,882
752,188,63,0.4286,0.4086,3.3046,0.3619,0.5238,0.4118,17,0.6,5,0.6,5,DGX,5,7,940,945
802,201,63,0.5079,0.4745,3.6851,0.3515,0.4127,0.381,21,0.4211,19,0.4211,19,DGX,5,8,1003,1008
399,100,63,0.5238,0.5487,1.6977,0.2947,0.4603,0.4912,57,0.4884,43,0.4884,43,REGN,5,0,499,504
449,113,63,0.5714,0.5698,0.6932,0.2497,0.6825,0.7222,36,0.7222,36,,0,REGN,5,1,562,567
500,125,63,0.3492,0.1924,4.1966,0.4677,0.3492,0.3492,63,0.186,43,0.1905,42,REGN,5,2,625,630
550,138,63,0.4127,0.5,0.7208,0.2637,0.4127,0.4127,63,0.4127,63,,0,REGN,5,3,688,693
600,151,63,0.6508,0.5316,0.6454,0.2266,0.3492,0.5,6,0.5,6,0.5,6,REGN,5,4,751,756
651,163,63,0.3492,0.5693,1.0322,0.3966,0.6508,,0,,0,,0,REGN,5,5,814,819
701,176,63,0.6349,0.6445,0.6586,0.2329,0.5714,0.6383,47,0.6818,22,1.0,4,REGN,5,6,877,882
752,188,63,0.4921,0.7386,3.9611,0.455,0.6349,0.9,10,,0,,0,REGN,5,7,940,945
802,201,63,0.5714,0.6224,0.7418,0.2704,0.4444,0.5094,53,0.5094,53,0.5094,53,REGN,5,8,1003,1008
399,100,63,0.4921,0.5172,1.0336,0.2774,0.4762,0.48,50,0.4792,48,0.5,24,RMD,5,0,499,504
449,113,63,0.6032,0.5,0.6717,0.2394,0.6032,0.6032,63,0.6032,63,0.6032,63,RMD,5,1,562,567
500,125,63,0.5556,0.5988,6.2475,0.4436,0.5714,0.75,16,,0,,0,RMD,5,2,625,630
550,138,63,0.4127,0.4858,2.3267,0.3216,0.4603,0.3462,26,0.36,25,0.36,25,RMD,5,3,688,693
600,151,63,0.4762,0.5354,0.7752,0.2885,0.5238,0.5,60,0.5,60,0.5,60,RMD,5,4,751,756
651,163,63,0.3333,0.5,0.8337,0.318,0.6667,,0,,0,,0,RMD,5,5,814,819
701,176,63,0.4444,0.5052,0.7133,0.2598,0.4127,0.4262,61,0.3333,9,0.3333,9,RMD,5,6,877,882
752,188,63,0.5556,0.5837,0.6778,0.2424,0.5556,0.5556,63,0.6522,23,1.0,3,RMD,5,7,940,945
802,201,63,0.2222,0.5517,3.0453,0.4242,0.2222,0.2222,63,0.2692,52,0.2667,45,RMD,5,8,1003,1008
399,100,63,0.5556,0.5612,0.6875,0.2471,0.4444,0.5,30,0.5185,27,,0,STE,5,0,499,504
449,113,63,0.4444,0.3333,0.7344,0.2703,0.5714,0.5091,55,0.4706,51,,0,STE,5,1,562,567
500,125,63,0.4286,0.5,0.7005,0.2537,0.4286,0.4286,63,,0,,0,STE,5,2,625,630
550,138,63,0.6508,0.6704,0.6757,0.2413,0.5079,0.6562,32,,0,,0,STE,5,3,688,693
600,151,63,0.4603,0.4727,0.8329,0.3031,0.5238,0.4815,27,0.4815,27,0.4815,27,STE,5,4,751,756
651,163,63,0.6032,0.5689,0.8706,0.2375,0.381,0.4615,13,0.0,1,0.0,1,STE,5,5,814,819
701,176,63,0.4762,0.5227,6.2796,0.4598,0.5238,,0,,0,,0,STE,5,6,877,882
752,188,63,0.5873,0.6212,0.6694,0.2384,0.4762,1.0,4,1.0,4,1.0,4,STE,5,7,940,945
802,201,63,0.4603,0.5281,0.8859,0.3308,0.4444,0.4318,44,0.4318,44,0.4318,44,STE,5,8,1003,1008
399,100,63,0.5079,0.4244,2.4092,0.332,0.4921,,0,,0,,0,SYK,5,0,499,504
449,113,63,0.4603,0.4726,0.7401,0.2699,0.4603,0.4603,63,0.3846,13,0.4444,9,SYK,5,1,562,567
500,125,63,0.5238,0.5969,0.6263,0.2189,0.6667,0.6875,32,0.8421,19,1.0,11,SYK,5,2,625,630
550,138,63,0.5238,0.5687,0.7068,0.2566,0.5238,0.5238,63,0.5238,63,0.5536,56,SYK,5,3,688,693
600,151,63,0.5873,0.6077,0.6709,0.2387,0.5556,0.5738,61,0.6296,54,0.6176,34,SYK,5,4,751,756
651,163,63,0.5556,0.6146,0.662,0.2376,0.4762,0.5208,48,0.5588,34,1.0,2,SYK,5,5,814,819
701,176,63,0.4444,0.5,0.7625,0.2806,0.4444,0.4286,49,0.4242,33,0.5263,19,SYK,5,6,877,882
752,188,63,0.5079,0.5711,0.7137,0.2593,0.5079,0.5079,63,0.5758,33,0.5758,33,SYK,5,7,940,945
802,201,63,0.4286,0.5144,0.699,0.2543,0.4286,0.4286,63,0.4444,18,0.4444,18,SYK,5,8,1003,1008
399,100,63,0.5238,0.5977,1.4779,0.3083,0.5714,0.5938,32,0.8182,22,0.7647,17,MMM,5,0,499,504
449,113,63,0.3651,0.3125,6.0766,0.6119,0.6349,,0,,0,,0,MMM,5,1,562,567
500,125,63,0.5873,0.5,0.679,0.243,0.5873,0.5873,63,0.5873,63,,0,MMM,5,2,625,630
550,138,63,0.5397,0.568,0.7023,0.2556,0.5397,0.5397,63,0.5397,63,0.5397,63,MMM,5,3,688,693
600,151,63,0.4762,0.5,0.7005,0.2537,0.4762,0.4762,63,,0,,0,MMM,5,4,751,756
651,163,63,0.619,0.6308,0.6803,0.2436,0.5397,0.7083,24,,0,,0,MMM,5,5,814,819
701,176,63,0.5556,0.5,0.6903,0.2486,0.4444,,0,,0,,0,MMM,5,6,877,882
752,188,63,0.4762,0.5577,0.7012,0.254,0.5556,1.0,2,,0,,0,MMM,5,7,940,945
802,201,63,0.5556,0.7679,0.7053,0.2556,0.3651,0.449,49,0.4583,48,0.6129,31,MMM,5,8,1003,1008
399,100,63,0.6667,0.5476,0.6405,0.2245,0.6667,0.6667,63,0.6667,63,0.7692,13,AOS,5,0,499,504
449,113,63,0.3651,0.4141,0.8874,0.3356,0.4286,0.3143,35,0.3143,35,0.3143,35,AOS,5,1,562,567
500,125,63,0.4444,0.3508,0.8911,0.3237,0.4127,0.0,9,0.0,8,0.0,8,AOS,5,2,625,630
550,138,63,0.3651,0.5455,0.7118,0.2593,0.3016,0.322,59,,0,,0,AOS,5,3,688,693
600,151,63,0.4603,0.5051,0.7238,0.2651,0.5397,,0,,0,,0,AOS,5,4,751,756
651,163,63,0.3492,0.3716,0.9246,0.3524,0.6032,0.3636,11,0.3636,11,0.3636,11,AOS,5,5,814,819
701,176,63,0.4444,0.6071,0.7735,0.286,0.4444,0.4444,63,0.5098,51,0.5098,51,AOS,5,6,877,882
752,188,63,0.6508,0.5077,0.6247,0.2164,0.7302,0.7222,54,0.7358,53,0.7358,53,AOS,5,7,940,945
802,201,63,0.3333,0.5096,0.8087,0.3045,0.2698,0.2881,59,0.303,33,0.3125,32,AOS,5,8,1003,1008
399,100,63,0.4603,0.4954,0.6992,0.253,0.4603,0.449,49,,0,,0,ALLE,5,0,499,504
449,113,63,0.3968,0.3591,0.8293,0.3138,0.4127,0.3571,42,0.359,39,0.359,39,ALLE,5,1,562,567
500,125,63,0.3175,0.5,0.732,0.2694,0.6825,,0,,0,,0,ALLE,5,2,625,630
550,138,63,0.3968,0.5,0.7089,0.2579,0.3968,0.3968,63,,0,,0,ALLE,5,3,688,693
600,151,63,0.5714,0.3467,0.6911,0.2487,0.6349,0.614,57,0.614,57,0.5333,45,ALLE,5,4,751,756
651,163,63,0.4603,0.4473,2.1901,0.3448,0.6667,0.6429,28,0.6429,28,0.5,20,ALLE,5,5,814,819
701,176,63,0.5556,0.6929,0.6535,0.2305,0.5556,0.5556,63,0.6889,45,0.6889,45,ALLE,5,6,877,882
752,188,63,0.4603,0.4989,0.7098,0.2568,0.619,0.5556,45,0.5556,45,0.7083,24,ALLE,5,7,940,945
802,201,63,0.3016,0.6331,3.2521,0.504,0.2063,0.2281,57,0.2281,57,0.2549,51,ALLE,5,8,1003,1008
399,100,63,0.619,0.5379,0.668,0.2376,0.5873,0.6066,61,0.6066,61,0.6667,9,AME,5,0,499,504
449,113,63,0.4603,0.6862,0.7892,0.2888,0.4286,0.4426,61,0.4426,61,0.4426,61,AME,5,1,562,567
500,125,63,0.7143,0.7065,0.9982,0.2028,0.6349,0.6897,58,0.6897,58,0.8889,18,AME,5,2,625,630
550,138,63,0.4762,0.711,0.6671,0.2372,0.381,0.4211,57,0.6842,19,0.6842,19,AME,5,3,688,693
600,151,63,0.5079,0.5237,1.4711,0.3059,0.4921,0.5,18,0.4706,17,0.4706,17,AME,5,4,751,756
651,163,63,0.4603,0.4505,0.7142,0.2636,0.5238,0.4898,49,0.4898,49,0.4483,29,AME,5,5,814,819
701,176,63,0.5397,0.5353,1.1426,0.3789,0.5079,0.7143,7,1.0,3,1.0,1,AME,5,6,877,882
752,188,63,0.2381,0.4653,3.2592,0.437,0.7619,,0,,0,,0,AME,5,7,940,945
802,201,63,0.4444,0.5,0.7169,0.2618,0.4444,0.4444,63,0.4444,63,,0,AME,5,8,1003,1008
399,100,63,0.6032,0.6094,0.6745,0.2414,0.5079,0.6842,19,1.0,1,1.0,1,ADP,5,0,499,504
449,113,63,0.6508,0.6026,0.6481,0.2283,0.6032,0.6429,56,0.6429,56,0.6429,56,ADP,5,1,562,567
500,125,63,0.3175,0.4809,2.8361,0.5052,0.6984,1.0,1,1.0,1,1.0,1,ADP,5,2,625,630
550,138,63,0.4762,0.351,1.4271,0.2896,0.5238,0.5,60,0.5,60,,0,ADP,5,3,688,693
600,151,63,0.6667,0.5527,0.6477,0.2275,0.6349,0.661,59,0.661,59,,0,ADP,5,4,751,756
651,163,63,0.5556,0.5,0.6877,0.2473,0.5556,0.5556,63,0.5556,63,,0,ADP,5,5,814,819
701,176,63,0.1905,0.4779,0.8376,0.321,0.1905,0.1905,63,0.1905,63,0.1795,39,ADP,5,6,877,882
752,188,63,0.3968,0.5,0.7027,0.2548,0.3968,0.3968,63,,0,,0,ADP,5,7,940,945
802,201,63,0.4762,0.5566,1.9144,0.3136,0.4286,0.4464,56,0.4464,56,0.4464,56,ADP,5,8,1003,1008
399,100,63,0.4762,0.5,0.7172,0.2619,0.4762,0.4762,63,0.4762,63,,0,BR,5,0,499,504
449,113,63,0.5556,0.5332,0.724,0.2623,0.5556,0.5556,63,0.5484,62,0.6053,38,BR,5,1,562,567
500,125,63,0.3651,0.3684,0.7053,0.2561,0.5079,0.2778,18,,0,,0,BR,5,2,625,630
550,138,63,0.6508,0.48,0.9142,0.2529,0.6508,0.6508,63,0.5,2,0.5,2,BR,5,3,688,693
600,151,63,0.5714,0.5,0.6829,0.2449,0.5714,0.5714,63,0.5714,63,,0,BR,5,4,751,756
651,163,63,0.5873,0.5457,0.6707,0.239,0.5873,0.5873,63,0.5962,52,0.8,5,BR,5,5,814,819
701,176,63,0.2698,0.5,0.796,0.3008,0.2698,0.2698,63,0.2698,63,,0,BR,5,6,877,882
752,188,63,0.4921,0.4626,1.6572,0.2955,0.4127,0.4118,34,0.0,5,0.0,4,BR,5,7,940,945
802,201,63,0.3492,0.2693,0.9716,0.2808,0.3333,0.1154,26,0.0,2,0.0,2,BR,5,8,1003,1008
399,100,63,0.4286,0.4452,0.7748,0.2872,0.5397,0.4688,32,0.4688,32,,0,BLDR,5,0,499,504
449,113,63,0.4286,0.4861,0.6956,0.2512,0.4286,0.4286,63,0.0,1,,0,BLDR,5,1,562,567
500,125,63,0.4127,0.392,0.728,0.2673,0.5714,0.4878,41,0.4878,41,,0,BLDR,5,2,625,630
550,138,63,0.3968,0.5185,0.6832,0.2479,0.4286,0.4098,61,1.0,4,1.0,4,BLDR,5,3,688,693
600,151,63,0.7302,0.5778,1.3585,0.2614,0.2857,0.5714,7,0.5714,7,0.5714,7,BLDR,5,4,751,756
651,163,63,0.4921,0.5624,1.2158,0.2873,0.5873,0.7273,11,0.7273,11,0.7273,11,BLDR,5,5,814,819
701,176,63,0.5238,0.607,1.4251,0.2897,0.4603,0.4909,55,0.4909,55,0.4909,55,BLDR,5,6,877,882
752,188,63,0.5238,0.7241,0.8221,0.2208,0.4603,0.4902,51,0.4902,51,0.8824,17,BLDR,5,7,940,945
802,201,63,0.5556,0.5857,0.941,0.2653,0.2698,0.3226,31,0.3226,31,0.3333,30,BLDR,5,8,1003,1008
399,100,63,0.619,0.6232,0.904,0.2466,0.5397,0.619,42,0.6562,32,0.6562,32,CHRW,5,0,499,504
449,113,63,0.5556,0.7273,0.9202,0.2562,0.6825,0.8,25,0.8,25,0.7917,24,CHRW,5,1,562,567
500,125,63,0.4603,0.4716,5.6163,0.4432,0.5397,0.5,14,0.5,2,0.5,2,CHRW,5,2,625,630
550,138,63,0.4603,0.4787,0.7078,0.257,0.4603,0.4603,63,0.3333,6,0.5,4,CHRW,5,3,688,693
600,151,63,0.5556,0.5512,0.7005,0.2532,0.4603,0.5185,27,0.5385,26,0.52,25,CHRW,5,4,751,756
651,163,63,0.5397,0.5381,0.7079,0.2565,0.5714,0.5897,39,0.5714,7,0.5714,7,CHRW,5,5,814,819
701,176,63,0.3968,0.4968,1.5361,0.3314,0.6032,,0,,0,,0,CHRW,5,6,877,882
752,188,63,0.7619,0.6562,0.6462,0.2268,0.7143,0.7586,58,,0,,0,CHRW,5,7,940,945
802,201,63,0.3968,0.5263,0.7956,0.2995,0.3968,0.3968,63,0.3968,63,0.3968,63,CHRW,5,8,1003,1008
399,100,63,0.619,0.6541,0.636,0.2246,0.5556,0.7895,19,0.7895,19,0.9,10,CARR,5,0,499,504
449,113,63,0.5714,0.5451,1.3843,0.2723,0.5397,0.5745,47,1.0,1,1.0,1,CARR,5,1,562,567
500,125,63,0.3651,0.4266,0.7422,0.2742,0.6349,,0,,0,,0,CARR,5,2,625,630
550,138,63,0.3492,0.597,4.5392,0.4402,0.3492,0.3492,63,0.3492,63,0.375,56,CARR,5,3,688,693
600,151,63,0.5714,0.5,0.686,0.2464,0.5714,0.5714,63,,0,,0,CARR,5,4,751,756
651,163,63,0.4921,0.5071,1.2709,0.2838,0.5556,0.5652,23,0.5294,17,0.6364,11,CARR,5,5,814,819
701,176,63,0.3968,0.543,6.8603,0.516,0.3175,0.3448,58,0.3448,58,0.3171,41,CARR,5,6,877,882
752,188,63,0.4127,0.4321,0.6903,0.2501,0.6032,1.0,1,1.0,1,1.0,1,CARR,5,7,940,945
802,201,63,0.5714,0.5894,0.6849,0.2459,0.4762,0.5273,55,,0,,0,CARR,5,8,1003,1008
399,100,63,0.2698,0.3849,0.9704,0.3784,0.6825,0.3333,9,,0,,0,CAT,5,0,499,504
449,113,63,0.5079,0.5441,0.8175,0.305,0.4603,0.4833,60,0.4833,60,0.4833,60,CAT,5,1,562,567
500,125,63,0.6349,0.4592,0.7917,0.2723,0.6349,0.6349,63,0.6349,63,0.6,25,CAT,5,2,625,630
550,138,63,0.2857,0.2978,0.8066,0.3045,0.3651,0.3036,56,0.1429,21,0.1429,14,CAT,5,3,688,693
600,151,63,0.5397,0.7206,0.6483,0.2283,0.4603,0.5,58,0.6562,32,0.6562,32,CAT,5,4,751,756
651,163,63,0.4286,0.5401,0.7076,0.2565,0.6984,0.6818,22,0.6818,22,0.6818,22,CAT,5,5,814,819
701,176,63,0.6032,0.6047,0.6961,0.2505,0.6984,0.7568,37,0.7568,37,0.7568,37,CAT,5,6,877,882
752,188,63,0.3333,0.5,0.77,0.288,0.6667,,0,,0,,0,CAT,5,7,940,945
802,201,63,0.6349,0.5,0.6563,0.2318,0.6349,0.6349,63,0.6349,63,0.6349,63,CAT,5,8,1003,1008
399,100,63,0.5714,0.6061,0.669,0.2392,0.5556,0.5645,62,0.5645,62,0.5645,62,CTAS,5,0,499,504
449,113,63,0.6825,0.5682,0.619,0.2151,0.6508,0.678,59,0.678,59,0.678,59,CTAS,5,1,562,567
500,125,63,0.5556,0.5238,0.7697,0.2789,0.6508,0.7407,27,0.4,10,0.25,8,CTAS,5,2,625,630
550,138,63,0.6032,0.7276,1.9936,0.2734,0.5556,0.5833,60,0.5833,60,0.6034,58,CTAS,5,3,688,693
600,151,63,0.5714,0.409,3.2331,0.3355,0.5714,0.5714,63,0.5714,63,0.5714,63,CTAS,5,4,751,756
651,163,63,0.381,0.42,0.7064,0.2572,0.6032,0.4815,27,0.4815,27,0.5714,14,CTAS,5,5,814,819
701,176,63,0.3175,0.5233,0.7855,0.2955,0.3175,0.3175,63,0.3175,63,0.3279,61,CTAS,5,6,877,882
752,188,63,0.4286,0.5,0.6947,0.2508,0.5714,,0,,0,,0,CTAS,5,7,940,945
802,201,63,0.5238,0.5691,0.7087,0.2575,0.4127,0.3571,14,0.2857,7,0.2857,7,CTAS,5,8,1003,1008
399,100,63,0.5873,0.6741,3.4536,0.3383,0.6508,0.8,25,,0,,0,FIX,5,0,499,504
449,113,63,0.381,0.6752,2.2472,0.3771,0.381,0.381,63,0.381,63,0.4138,58,FIX,5,1,562,567
500,125,63,0.6984,0.6882,0.654,0.2307,0.7619,0.8222,45,0.8438,32,1.0,9,FIX,5,2,625,630
550,138,63,0.6032,0.5795,0.6578,0.235,0.5873,0.6,60,0.7692,13,0.7692,13,FIX,5,3,688,693
600,151,63,0.4444,0.6429,0.9575,0.2811,0.4444,0.4444,63,0.4444,63,0.4746,59,FIX,5,4,751,756
651,163,63,0.7619,0.5,0.6349,0.221,0.7619,0.7619,63,0.7619,63,,0,FIX,5,5,814,819
701,176,63,0.5714,0.4592,1.5438,0.3107,0.6349,0.6512,43,0.6429,42,0.625,40,FIX,5,6,877,882
752,188,63,0.6508,0.5,0.6479,0.2277,0.6508,0.6508,63,0.6508,63,0.6508,63,FIX,5,7,940,945
802,201,63,0.7937,0.6403,0.5225,0.1708,0.7619,0.7869,61,0.8077,52,0.8077,52,FIX,5,8,1003,1008
399,100,63,0.6349,0.5,5.8202,0.3651,0.6349,0.6349,63,0.6349,63,0.6349,63,CPRT,5,0,499,504
449,113,63,0.3651,0.5,0.8677,0.3325,0.3651,0.3651,63,0.3651,63,0.3651,63,CPRT,5,1,562,567
500,125,63,0.7302,0.5,0.6611,0.234,0.7302,0.7302,63,,0,,0,CPRT,5,2,625,630
550,138,63,0.746,0.7813,0.5799,0.1953,0.4762,0.7692,26,0.7692,26,0.7692,26,CPRT,5,3,688,693
600,151,63,0.6349,0.6283,0.8425,0.2962,0.6349,0.84,25,0.84,25,0.6,5,CPRT,5,4,751,756
651,163,63,0.4603,0.4784,3.8924,0.4218,0.4286,0.434,53,0.434,53,0.451,51,CPRT,5,5,814,819
701,176,63,0.3492,0.5,0.7295,0.2681,0.3492,0.3492,63,0.3492,63,,0,CPRT,5,6,877,882
752,188,63,0.4286,0.5,0.6931,0.25,0.4286,0.4286,63,,0,,0,CPRT,5,7,940,945
802,201,63,0.5238,0.5582,0.7438,0.2738,0.4127,0.4524,42,0.4524,42,0.4524,42,CPRT,5,8,1003,1008
399,100,63,0.3016,0.5,0.774,0.29,0.3016,0.3016,63,0.3016,63,,0,CSX,5,0,499,504
449,113,63,0.5714,0.5,0.6853,0.2461,0.4286,,0,,0,,0,CSX,5,1,562,567
500,125,63,0.4286,0.6245,0.9845,0.2854,0.5714,,0,,0,,0,CSX,5,2,625,630
550,138,63,0.5397,0.5684,0.6981,0.252,0.4286,0.4444,18,0.4444,18,1.0,2,CSX,5,3,688,693
600,151,63,0.5079,0.62,5.8308,0.4477,0.3968,0.4375,48,0.4375,48,0.4375,48,CSX,5,4,751,756
651,163,63,0.4286,0.6194,0.7378,0.2794,0.7619,0.8333,18,0.8333,18,0.8333,18,CSX,5,5,814,819
701,176,63,0.4762,0.4864,2.1123,0.3094,0.5238,,0,,0,,0,CSX,5,6,877,882
752,188,63,0.2698,0.394,7.1433,0.5471,0.6349,0.2,10,,0,,0,CSX,5,7,940,945
802,201,63,0.619,0.5128,0.6855,0.2462,0.619,0.619,63,1.0,1,,0,CSX,5,8,1003,1008
399,100,63,0.4444,0.6508,0.8031,0.2999,0.6667,1.0,7,1.0,7,1.0,7,CMI,5,0,499,504
449,113,63,0.4762,0.5329,1.3077,0.3331,0.4286,0.4444,54,0.4444,54,0.451,51,CMI,5,1,562,567
500,125,63,0.6032,0.6352,0.7252,0.2653,0.7143,0.8571,28,0.8,10,0.8,10,CMI,5,2,625,630
550,138,63,0.5873,0.5837,0.8539,0.3008,0.6825,0.7931,29,0.7857,28,1.0,6,CMI,5,3,688,693
600,151,63,0.4603,0.6364,0.8332,0.3132,0.4603,0.4603,63,0.4603,63,0.4603,63,CMI,5,4,751,756
651,163,63,0.7143,0.5265,0.6166,0.2123,0.7143,0.7143,63,0.7288,59,0.7288,59,CMI,5,5,814,819
701,176,63,0.5873,0.6019,0.8153,0.2838,0.5873,0.5873,63,0.5873,63,0.6379,58,CMI,5,6,877,882
752,188,63,0.6984,0.5102,1.0281,0.2164,0.6984,0.6984,63,0.6984,63,0.6667,42,CMI,5,7,940,945
802,201,63,0.5397,0.7363,0.9251,0.2673,0.5397,0.5397,63,0.5397,63,0.5397,63,CMI,5,8,1003,1008
399,100,63,0.4286,0.6023,0.7246,0.2657,0.6825,1.0,7,1.0,2,1.0,2,DE,5,0,499,504
449,113,63,0.4921,0.6416,1.1967,0.2845,0.3968,0.4255,47,0.4444,45,0.5455,33,DE,5,1,562,567
500,125,63,0.6825,0.7542,0.5483,0.1938,0.6984,0.7727,44,0.7727,44,1.0,18,DE,5,2,625,630
550,138,63,0.5397,0.6755,0.67,0.2387,0.4603,,0,,0,,0,DE,5,3,688,693
600,151,63,0.5556,0.6101,1.1693,0.2713,0.5714,0.7857,14,,0,,0,DE,5,4,751,756
651,163,63,0.6349,0.698,0.638,0.2278,0.5238,0.6667,30,1.0,2,1.0,2,DE,5,5,814,819
701,176,63,0.3492,0.5385,0.7276,0.2665,0.4127,0.3333,45,0.3333,45,0.7059,17,DE,5,6,877,882
752,188,63,0.4286,0.4706,0.7112,0.259,0.619,0.8,5,1.0,2,,0,DE,5,7,940,945
802,201,63,0.381,0.4387,0.7492,0.2776,0.4127,0.3774,53,0.3774,53,,0,DE,5,8,1003,1008
399,100,63,0.1587,0.5,13.4118,0.8413,0.8413,,0,,0,,0,DAL,5,0,499,504
449,113,63,0.2063,0.5,1.0863,0.4309,0.2063,0.2063,63,0.2063,63,0.2063,63,DAL,5,1,562,567
500,125,63,0.873,0.8261,0.5201,0.1654,0.873,0.873,63,0.873,63,0.9016,61,DAL,5,2,625,630
550,138,63,0.4921,0.3524,5.159,0.4285,0.5714,0.5357,56,0.5283,53,0.4878,41,DAL,5,3,688,693
600,151,63,0.7619,0.7723,1.0187,0.2115,0.4603,0.75,28,0.75,28,0.75,28,DAL,5,4,751,756
651,163,63,0.5714,0.5072,2.6032,0.3268,0.5714,0.5714,63,0.5714,63,0.5714,63,DAL,5,5,814,819
701,176,63,0.381,0.374,1.5377,0.3302,0.5079,0.434,53,,0,,0,DAL,5,6,877,882
752,188,63,0.4603,0.5121,0.8044,0.3005,0.6032,0.5625,32,,0,,0,DAL,5,7,940,945
802,201,63,0.4603,0.5142,0.7014,0.2541,0.4603,0.4603,63,0.5,8,0.6667,6,DAL,5,8,1003,1008
399,100,63,0.3333,0.5,0.7633,0.2847,0.6667,,0,,0,,0,DOV,5,0,499,504
449,113,63,0.4762,0.5,0.762,0.2828,0.4762,0.4762,63,0.4762,63,0.4762,63,DOV,5,1,562,567
500,125,63,0.6984,0.4456,2.0134,0.2608,0.6984,0.6984,63,0.6984,63,0.6667,45,DOV,5,2,625,630
550,138,63,0.4444,0.5306,0.7104,0.2584,0.4444,0.4444,63,0.5556,9,0.5,6,DOV,5,3,688,693
600,151,63,0.4921,0.6755,1.6566,0.2889,0.4444,0.4667,60,0.4746,59,0.6207,29,DOV,5,4,751,756
651,163,63,0.4762,0.5207,0.691,0.2503,0.4762,0.4762,63,0.6,5,0.6,5,DOV,5,5,814,819
701,176,63,0.3968,0.6037,3.9883,0.3881,0.3968,0.3968,63,0.3968,63,0.4464,56,DOV,5,6,877,882
752,188,63,0.3175,0.6389,1.0197,0.3862,0.7619,1.0,5,1.0,2,1.0,2,DOV,5,7,940,945
802,201,63,0.4603,0.431,0.6994,0.2531,0.4603,0.4603,63,,0,,0,DOV,5,8,1003,1008
399,100,63,0.2698,0.2634,0.8357,0.3197,0.7302,,0,,0,,0,EMR,5,0,499,504
449,113,63,0.4286,0.55,1.2254,0.2998,0.4444,0.4355,62,0.4426,61,0.4576,59,EMR,5,1,562,567
500,125,63,0.5714,0.485,0.6942,0.2479,0.619,0.6034,58,0.6034,58,0.6034,58,EMR,5,2,625,630
550,138,63,0.5714,0.6168,2.663,0.2841,0.4286,0.5,2,0.5,2,0.5,2,EMR,5,3,688,693
600,151,63,0.5397,0.6015,0.7115,0.2589,0.4444,0.4894,47,0.5455,22,0.5238,21,EMR,5,4,751,756
651,163,63,0.4921,0.4097,0.7948,0.2983,0.7619,0.75,32,1.0,1,1.0,1,EMR,5,5,814,819
701,176,63,0.5714,0.5645,0.6736,0.2407,0.4921,0.8333,6,0.8,5,0.8,5,EMR,5,6,877,882
752,188,63,0.6349,0.5125,0.6794,0.2433,0.6349,0.6349,63,1.0,1,1.0,1,EMR,5,7,940,945
802,201,63,0.3968,0.5311,0.909,0.3339,0.3968,0.3968,63,0.3968,63,0.3968,63,EMR,5,8,1003,1008
399,100,63,0.6032,0.5968,0.665,0.2363,0.4921,0.5625,48,0.5532,47,,0,EFX,5,0,499,504
449,113,63,0.5397,0.4146,1.1841,0.2771,0.6508,0.6071,56,,0,,0,EFX,5,1,562,567
500,125,63,0.4762,0.4934,0.7293,0.2664,0.4762,0.4762,63,0.4762,63,0.4545,11,EFX,5,2,625,630
550,138,63,0.3968,0.394,1.955,0.3283,0.4603,0.4118,51,0.25,4,0.25,4,EFX,5,3,688,693
600,151,63,0.3651,0.3863,0.7725,0.2884,0.6032,0.0,2,0.0,2,0.0,2,EFX,5,4,751,756
651,163,63,0.4921,0.6018,0.6703,0.239,0.5079,,0,,0,,0,EFX,5,5,814,819
701,176,63,0.4762,0.5089,0.7279,0.2681,0.3968,0.4286,56,0.3571,28,0.3571,28,EFX,5,6,877,882
752,188,63,0.4127,0.4227,0.7334,0.2699,0.4762,0.4222,45,0.4222,45,,0,EFX,5,7,940,945
802,201,63,0.4286,0.5,0.7161,0.2614,0.4286,0.4286,63,0.4286,63,,0,EFX,5,8,1003,1008
399,100,63,0.3968,0.4133,3.3194,0.3733,0.4603,0.4,45,0.4,45,,0,EXPD,5,0,499,504
449,113,63,0.4762,0.4917,0.7014,0.2554,0.5873,0.5385,52,0.5909,44,1.0,1,EXPD,5,1,562,567
500,125,63,0.4762,0.5,0.6956,0.2512,0.5238,,0,,0,,0,EXPD,5,2,625,630
550,138,63,0.4444,0.6434,0.7242,0.265,0.4444,0.4444,63,0.5098,51,0.5098,51,EXPD,5,3,688,693
600,151,63,0.6032,0.5551,0.9132,0.2521,0.5873,0.5968,62,0.5968,62,0.5968,62,EXPD,5,4,751,756
651,163,63,0.5873,0.6415,0.6645,0.236,0.5397,0.6111,36,0.6286,35,0.6774,31,EXPD,5,5,814,819
701,176,63,0.381,0.6491,4.4395,0.4665,0.6667,1.0,3,1.0,2,1.0,2,EXPD,5,6,877,882
752,188,63,0.4921,0.4122,0.7598,0.2825,0.746,0.6923,39,,0,,0,EXPD,5,7,940,945
802,201,63,0.5556,0.5,0.6955,0.251,0.5556,0.5556,63,0.5556,63,0.5556,63,EXPD,5,8,1003,1008
399,100,63,0.5238,0.7066,0.6892,0.2485,0.5238,0.5238,63,0.5238,63,0.5238,63,FAST,5,0,499,504
449,113,63,0.4921,0.5499,4.2029,0.4466,0.4286,0.4576,59,0.4576,59,0.4576,59,FAST,5,1,562,567
500,125,63,0.6508,0.6111,0.7459,0.2666,0.6667,0.7083,48,1.0,5,1.0,5,FAST,5,2,625,630
550,138,63,0.4444,0.5732,0.736,0.2698,0.3968,0.4,50,0.4167,36,0.4167,36,FAST,5,3,688,693
600,151,63,0.6984,0.7311,0.6087,0.2098,0.5556,0.7857,28,0.76,25,0.76,25,FAST,5,4,751,756
651,163,63,0.2698,0.766,2.6307,0.3631,0.7302,,0,,0,,0,FAST,5,5,814,819
701,176,63,0.4444,0.5,0.6952,0.251,0.4444,0.4444,63,,0,,0,FAST,5,6,877,882
752,188,63,0.5556,0.5306,0.7369,0.265,0.5556,0.5556,63,0.6136,44,0.6136,44,FAST,5,7,940,945
802,201,63,0.4127,0.5114,1.1753,0.2759,0.4127,0.4127,63,0.5,4,0.5,4,FAST,5,8,1003,1008
399,100,63,0.4444,0.4092,3.3171,0.3675,0.5556,,0,,0,,0,FDX,5,0,499,504
449,113,63,0.4286,0.5345,0.7087,0.2578,0.4603,0.4426,61,1.0,4,1.0,2,FDX,5,1,562,567
500,125,63,0.381,0.6033,5.6728,0.4727,0.6349,0.6,5,0.6,5,,0,FDX,5,2,625,630
550,138,63,0.5238,0.496,0.782,0.2618,0.5238,0.5238,63,0.5,4,0.5,4,FDX,5,3,688,693
600,151,63,0.4762,0.7182,2.0278,0.3137,0.4762,0.4762,63,0.4762,63,0.4762,63,FDX,5,4,751,756
651,163,63,0.6825,0.6924,0.6235,0.2162,0.5714,0.7857,28,0.7857,28,0.7857,28,FDX,5,5,814,819
701,176,63,0.4603,0.5243,1.8489,0.3723,0.7302,0.8,20,0.8,20,,0,FDX,5,6,877,882
752,188,63,0.3016,0.6616,7.5864,0.5547,0.746,1.0,3,1.0,3,1.0,1,FDX,5,7,940,945
802,201,63,0.5714,0.6044,0.695,0.2495,0.5714,0.5714,63,0.5714,63,0.6364,22,FDX,5,8,1003,1008
399,100,63,0.3968,0.4892,0.719,0.2628,0.4286,0.3962,53,0.4318,44,,0,FTV,5,0,499,504
449,113,63,0.4603,0.5468,1.1756,0.2788,0.4286,0.4364,55,0.4364,55,0.4364,55,FTV,5,1,562,567
500,125,63,0.5873,0.6052,0.6605,0.2346,0.619,0.6585,41,0.7,30,0.7308,26,FTV,5,2,625,630
550,138,63,0.4603,0.3898,2.3704,0.3919,0.5873,0.6667,9,,0,,0,FTV,5,3,688,693
600,151,63,0.6825,0.7058,0.651,0.2291,0.4127,0.6,30,0.6,30,0.6,30,FTV,5,4,751,756
651,163,63,0.3651,0.5152,1.8957,0.4048,0.3651,0.3651,63,0.3651,63,0.3651,63,FTV,5,5,814,819
701,176,63,0.3651,0.5,0.6974,0.2521,0.6349,,0,,0,,0,FTV,5,6,877,882
752,188,63,0.619,0.5715,0.6808,0.244,0.5714,0.6071,56,,0,,0,FTV,5,7,940,945
802,201,63,0.4762,0.6636,2.9987,0.3314,0.5238,,0,,0,,0,FTV,5,8,1003,1008
399,100,63,0.4444,0.6708,0.7887,0.2944,0.8571,0.913,23,0.8889,18,0.8889,18,GE,5,0,499,504
449,113,63,0.4286,0.6307,1.3068,0.4486,0.4286,0.4286,63,0.4286,63,0.4286,63,GE,5,1,562,567
500,125,63,0.619,0.6186,0.8776,0.2343,0.619,0.619,63,0.6739,46,0.6739,46,GE,5,2,625,630
550,138,63,0.6349,0.5587,0.6595,0.2328,0.6349,0.6441,59,0.6441,59,0.6667,57,GE,5,3,688,693
600,151,63,0.6032,0.6074,2.5603,0.3052,0.6032,0.6032,63,0.6032,63,0.6032,63,GE,5,4,751,756
651,163,63,0.6508,0.5556,0.6383,0.2231,0.7143,0.7447,47,0.7447,47,0.7447,47,GE,5,5,814,819
701,176,63,0.6349,0.6201,0.6339,0.2209,0.6349,0.6349,63,0.7333,45,0.6786,28,GE,5,6,877,882
752,188,63,0.5556,0.5551,0.9225,0.2568,0.5238,0.5439,57,0.5667,30,0.5667,30,GE,5,7,940,945
802,201,63,0.4127,0.4808,0.7904,0.294,0.4127,0.4127,63,0.4423,52,0.4423,52,GE,5,8,1003,1008
399,100,63,0.4603,0.5218,0.7722,0.2878,0.5873,0.6364,11,1.0,1,,0,GNRC,5,0,499,504
449,113,63,0.5079,0.4386,0.9759,0.2799,0.5397,0.5294,51,0.54,50,0.3636,11,GNRC,5,1,562,567
500,125,63,0.6508,0.5043,0.6515,0.2304,0.6349,0.6452,62,0.6452,62,0.6,15,GNRC,5,2,625,630
550,138,63,0.5873,0.4828,0.8168,0.3029,0.3492,0.4286,28,0.4074,27,0.0833,12,GNRC,5,3,688,693
600,151,63,0.5079,0.4637,2.8438,0.3415,0.5079,0.5079,63,0.5102,49,0.4545,22,GNRC,5,4,751,756
651,163,63,0.5873,0.463,0.906,0.3277,0.7143,0.6939,49,,0,,0,GNRC,5,5,814,819
701,176,63,0.5873,0.6216,0.6698,0.2385,0.4127,,0,,0,,0,GNRC,5,6,877,882
752,188,63,0.6825,0.4686,0.6693,0.2381,0.6825,0.6825,63,,0,,0,GNRC,5,7,940,945
802,201,63,0.3651,0.575,8.6945,0.5746,0.6349,,0,,0,,0,GNRC,5,8,1003,1008
399,100,63,0.6349,0.5495,0.6531,0.2303,0.6349,0.6349,63,0.6349,63,0.6349,63,GD,5,0,499,504
449,113,63,0.5397,0.6366,1.749,0.3114,0.4921,0.5417,24,0.5417,24,0.5417,24,GD,5,1,562,567
500,125,63,0.7143,0.7168,0.5861,0.1987,0.6032,0.6923,52,0.6923,52,0.7436,39,GD,5,2,625,630
550,138,63,0.6667,0.6361,0.6606,0.2336,0.3333,0.5,24,0.5,24,0.5,24,GD,5,3,688,693
600,151,63,0.6349,0.6752,0.6471,0.2281,0.5873,0.6458,48,0.7647,17,0.7647,17,GD,5,4,751,756
651,163,63,0.5714,0.5012,0.9301,0.26,0.6984,0.6889,45,0.6889,45,0.6429,14,GD,5,5,814,819
701,176,63,0.6508,0.6111,0.6573,0.2329,0.619,0.6491,57,1.0,4,1.0,4,GD,5,6,877,882
752,188,63,0.4921,0.5156,0.7289,0.2671,0.4921,0.4921,63,0.5,62,0.5,62,GD,5,7,940,945
802,201,63,0.4127,0.5274,0.7891,0.2932,0.3968,0.4032,62,0.4231,52,0.4286,28,GD,5,8,1003,1008
399,100,63,0.4286,0.6216,5.35,0.4236,0.5873,1.0,1,,0,,0,HON,5,0,499,504
449,113,63,0.5079,0.6184,0.6995,0.2528,0.5556,0.5333,60,0.7143,28,,0,HON,5,1,562,567
500,125,63,0.619,0.586,1.3773,0.2705,0.619,0.6471,51,0.6667,3,0.6667,3,HON,5,2,625,630
550,138,63,0.4762,0.5,0.7075,0.2571,0.4762,0.4762,63,0.4762,63,,0,HON,5,3,688,693
600,151,63,0.6032,0.5064,0.8878,0.2432,0.619,0.6129,62,0.7778,9,0.7778,9,HON,5,4,751,756
651,163,63,0.619,0.6663,0.7714,0.273,0.4921,0.8182,11,,0,,0,HON,5,5,814,819
701,176,63,0.6349,0.5549,0.9149,0.2544,0.3651,0.5,6,0.5,6,0.5,6,HON,5,6,877,882
752,188,63,0.2857,0.3549,2.6382,0.3511,0.7143,,0,,0,,0,HON,5,7,940,945
802,201,63,0.4603,0.3448,0.6951,0.251,0.4603,0.4603,63,,0,,0,HON,5,8,1003,1008
399,100,63,0.4921,0.3444,0.8293,0.3105,0.7143,0.6327,49,0.6327,49,,0,HWM,5,0,499,504
449,113,63,0.6032,0.4316,0.7327,0.2633,0.5556,0.5833,60,0.5833,60,0.4211,38,HWM,5,1,562,567
500,125,63,0.7143,0.5154,0.8224,0.2103,0.7143,0.7143,63,0.7143,63,0.7143,63,HWM,5,2,625,630
550,138,63,0.6032,0.4321,0.6826,0.2443,0.6032,0.6032,63,0.6032,63,0.6032,63,HWM,5,3,688,693
600,151,63,0.5714,0.4352,0.9882,0.2818,0.5714,0.5714,63,0.5714,63,0.5714,63,HWM,5,4,751,756
651,163,63,0.6508,0.5366,0.6527,0.2304,0.6508,0.6508,63,0.6508,63,1.0,3,HWM,5,5,814,819
701,176,63,0.5397,0.4599,0.7381,0.2657,0.6984,0.7143,35,0.6667,24,0.5333,15,HWM,5,6,877,882
752,188,63,0.5079,0.5927,0.7204,0.2629,0.5079,0.5079,63,0.5079,63,0.5366,41,HWM,5,7,940,945
802,201,63,0.4603,0.4802,0.8822,0.3283,0.4603,0.4603,63,0.44,50,0.44,50,HWM,5,8,1003,1008
399,100,63,0.6667,0.6042,1.7301,0.2867,0.6508,0.7083,48,0.7083,48,,0,HUBB,5,0,499,504
449,113,63,0.3968,0.6089,0.8372,0.3126,0.3968,0.3968,63,0.3968,63,0.3968,63,HUBB,5,1,562,567
500,125,63,0.5873,0.6025,0.6587,0.233,0.6508,0.6744,43,0.7917,24,0.7917,24,HUBB,5,2,625,630
550,138,63,0.5714,0.6379,0.9044,0.2543,0.3968,0.4706,34,0.4545,33,0.4688,32,HUBB,5,3,688,693
600,151,63,0.4127,0.4184,5.6014,0.5132,0.3333,0.3571,56,0.3571,56,0.3571,56,HUBB,5,4,751,756
651,163,63,0.2857,0.5,0.757,0.2818,0.7143,,0,,0,,0,HUBB,5,5,814,819
701,176,63,0.4603,0.6587,0.9051,0.2485,0.5397,,0,,0,,0,HUBB,5,6,877,882
752,188,63,0.7302,0.5574,0.6482,0.2278,0.6984,0.7288,59,0.7209,43,,0,HUBB,5,7,940,945
802,201,63,0.4286,0.393,1.4107,0.4717,0.4286,0.4286,63,0.4286,63,0.4286,63,HUBB,5,8,1003,1008
399,100,63,0.5397,0.6826,0.6621,0.2346,0.5397,0.5397,63,0.6744,43,,0,HII,5,0,499,504
449,113,63,0.5079,0.6179,1.0,0.2938,0.5079,0.5079,63,0.5079,63,0.5079,63,HII,5,1,562,567
500,125,63,0.5238,0.5753,0.8079,0.3002,0.4762,0.5,60,0.5085,59,0.5085,59,HII,5,2,625,630
550,138,63,0.3333,0.3428,0.8201,0.3106,0.4603,0.3774,53,0.3774,53,0.3654,52,HII,5,3,688,693
600,151,63,0.4603,0.5833,0.6175,0.2244,0.6667,1.0,8,1.0,8,1.0,8,HII,5,4,751,756
651,163,63,0.5079,0.4384,0.9678,0.3569,0.6984,0.6585,41,,0,,0,HII,5,5,814,819
701,176,63,0.6508,0.5,0.6521,0.2297,0.6508,0.6508,63,0.6508,63,0.6508,63,HII,5,6,877,882
752,188,63,0.6667,0.5697,0.6285,0.2187,0.6667,0.6667,63,0.6667,63,0.6667,63,HII,5,7,940,945
802,201,63,0.3968,0.5,0.849,0.3233,0.3968,0.3968,63,0.3968,63,0.3968,63,HII,5,8,1003,1008
399,100,63,0.381,0.3661,4.5243,0.426,0.5397,0.4359,39,,0,,0,IEX,5,0,499,504
449,113,63,0.3492,0.6383,0.9474,0.3658,0.2857,0.2745,51,0.2745,51,0.28,50,IEX,5,1,562,567
500,125,63,0.6825,0.6707,1.0753,0.2251,0.6508,0.6842,57,0.7308,52,0.7778,18,IEX,5,2,625,630
550,138,63,0.5556,0.4521,2.3766,0.3254,0.3968,0.3846,13,0.3846,13,0.4167,12,IEX,5,3,688,693
600,151,63,0.6032,0.7253,0.677,0.2407,0.4286,0.525,40,0.525,40,0.72,25,IEX,5,4,751,756
651,163,63,0.5079,0.4919,0.7351,0.2695,0.4921,0.5,62,0.4848,33,0.4839,31,IEX,5,5,814,819
701,176,63,0.3175,0.3621,1.4709,0.3167,0.5714,0.3871,31,0.4444,27,0.5714,7,IEX,5,6,877,882
752,188,63,0.6984,0.5154,0.6939,0.2502,0.7143,0.7167,60,1.0,1,1.0,1,IEX,5,7,940,945
802,201,63,0.5397,0.5644,0.6865,0.2466,0.5397,0.5397,63,0.5763,59,0.5763,59,IEX,5,8,1003,1008
399,100,63,0.4286,0.3776,0.8155,0.3055,0.4286,0.4237,59,0.4237,59,0.2,15,ITW,5,0,499,504
449,113,63,0.6032,0.5707,0.9058,0.2503,0.4127,0.5455,11,0.6667,3,0.6667,3,ITW,5,1,562,567
500,125,63,0.3016,0.7584,0.7056,0.2561,0.6984,,0,,0,,0,ITW,5,2,625,630
550,138,63,0.6349,0.6009,1.8077,0.2695,0.3333,0.3333,6,0.3333,6,0.0,2,ITW,5,3,688,693
600,151,63,0.7619,0.8169,0.5183,0.173,0.5397,0.8519,27,0.8519,27,0.84,25,ITW,5,4,751,756
651,163,63,0.5873,0.5625,1.8745,0.2752,0.6349,0.64,50,0.6667,48,0.6857,35,ITW,5,5,814,819
701,176,63,0.6825,0.7698,1.205,0.2068,0.4127,1.0,6,1.0,6,1.0,6,ITW,5,6,877,882
752,188,63,0.4921,0.4263,1.4866,0.3147,0.6667,0.6042,48,0.6042,48,0.6042,48,ITW,5,7,940,945
802,201,63,0.6984,0.6277,1.1791,0.1987,0.254,0.2,5,0.2,5,0.2,5,ITW,5,8,1003,1008
399,100,63,0.6032,0.3684,0.6825,0.2443,0.6032,0.6032,63,0.6032,63,0.6032,63,IR,5,0,499,504
449,113,63,0.5397,0.4679,1.5142,0.3226,0.5556,0.5517,58,0.5517,58,0.5517,58,IR,5,1,562,567
500,125,63,0.6032,0.3658,3.0452,0.3425,0.6032,0.6032,63,0.3333,15,0.3333,15,IR,5,2,625,630
550,138,63,0.3968,0.5,0.7245,0.2656,0.3968,0.3968,63,0.3968,63,,0,IR,5,3,688,693
600,151,63,0.4762,0.5424,0.7491,0.2769,0.4762,0.4762,63,0.4754,61,0.4754,61,IR,5,4,751,756
651,163,63,0.4603,0.4741,0.6958,0.2513,0.5397,,0,,0,,0,IR,5,5,814,819
701,176,63,0.5873,0.5707,0.6683,0.2377,0.5873,0.5873,63,0.6364,44,0.6364,44,IR,5,6,877,882
752,188,63,0.6508,0.5217,0.6595,0.2333,0.6349,0.6452,62,0.6452,62,,0,IR,5,7,940,945
802,201,63,0.254,0.5851,2.304,0.3879,0.254,0.254,63,0.254,63,0.254,63,IR,5,8,1003,1008
399,100,63,0.6349,0.4647,1.3822,0.2678,0.3651,0.5,12,0.5,12,0.5,12,JBHT,5,0,499,504
449,113,63,0.4762,0.6111,5.5303,0.4147,0.4762,0.4762,63,0.4762,63,0.5306,49,JBHT,5,1,562,567
500,125,63,0.6825,0.6912,0.6711,0.2391,0.619,0.7879,33,1.0,1,1.0,1,JBHT,5,2,625,630
550,138,63,0.6349,0.7084,0.6234,0.2214,0.3968,0.5278,36,0.5,16,0.5,16,JBHT,5,3,688,693
600,151,63,0.4762,0.6551,4.4733,0.4058,0.4444,0.459,61,0.4912,57,0.5,56,JBHT,5,4,751,756
651,163,63,0.5079,0.6033,2.2847,0.2957,0.4921,0.5,48,0.5625,16,0.5625,16,JBHT,5,5,814,819
701,176,63,0.4921,0.496,0.7358,0.2694,0.5238,0.5135,37,0.5135,37,0.5714,7,JBHT,5,6,877,882
752,188,63,0.3492,0.4895,1.0418,0.402,0.6508,,0,,0,,0,JBHT,5,7,940,945
802,201,63,0.5397,0.5,0.6908,0.2488,0.5397,0.5397,63,0.5397,63,,0,JBHT,5,8,1003,1008
399,100,63,0.5238,0.4645,1.9683,0.3266,0.5714,0.5517,58,0.5517,58,0.6042,48,J,5,0,499,504
449,113,63,0.5873,0.6212,0.6879,0.2474,0.4762,0.5588,34,0.5588,34,0.5588,34,J,5,1,562,567
500,125,63,0.6032,0.6486,0.6462,0.2285,0.6508,0.8636,22,0.8947,19,1.0,9,J,5,2,625,630
550,138,63,0.3492,0.5006,0.6989,0.2528,0.3492,0.3443,61,0.5,2,0.5,2,J,5,3,688,693
600,151,63,0.3968,0.5326,0.9636,0.3576,0.3651,0.3585,53,0.3469,49,0.3469,49,J,5,4,751,756
651,163,63,0.2857,0.3772,0.8449,0.3156,0.7143,,0,,0,,0,J,5,5,814,819
701,176,63,0.4444,0.5082,6.7818,0.4838,0.5556,,0,,0,,0,J,5,6,877,882
752,188,63,0.4921,0.5606,0.6887,0.2493,0.4762,0.4839,62,0.5085,59,,0,J,5,7,940,945
802,201,63,0.6349,0.6558,0.6802,0.2431,0.3492,0.4815,27,0.52,25,0.5714,21,J,5,8,1003,1008
399,100,63,0.5714,0.6157,0.7047,0.2533,0.4286,,0,,0,,0,APTV,5,0,499,504
449,113,63,0.6032,0.6853,0.8737,0.2386,0.3968,,0,,0,,0,APTV,5,1,562,567
500,125,63,0.5397,0.5388,0.9398,0.2638,0.4444,0.0,1,0.0,1,0.0,1,APTV,5,2,625,630
550,138,63,0.7143,0.589,3.4491,0.2618,0.6825,0.7273,55,0.7273,55,0.7273,55,APTV,5,3,688,693
600,151,63,0.6825,0.6909,0.6105,0.2105,0.5238,0.8095,21,0.8095,21,0.8095,21,APTV,5,4,751,756
651,163,63,0.6349,0.5737,0.6468,0.2277,0.4762,0.8889,9,0.8889,9,0.8889,9,APTV,5,5,814,819
701,176,63,0.6667,0.6888,0.6913,0.2481,0.746,0.9062,32,0.9062,32,,0,APTV,5,6,877,882
752,188,63,0.4603,0.4636,0.7025,0.2546,0.5238,0.4286,7,0.4286,7,0.4286,7,APTV,5,7,940,945
802,201,63,0.2222,0.6625,5.6932,0.5538,0.2222,0.2222,63,0.2449,49,0.2444,45,APTV,5,8,1003,1008
399,100,63,0.4286,0.4596,0.9499,0.2748,0.5238,0.3846,13,0.4167,12,0.4545,11,AZO,5,0,499,504
449,113,63,0.3651,0.4703,1.6673,0.3032,0.4921,0.4043,47,0.8889,9,1.0,6,AZO,5,1,562,567
500,125,63,0.5556,0.5,0.6875,0.2472,0.4444,,0,,0,,0,AZO,5,2,625,630
550,138,63,0.4444,0.6464,0.6916,0.2492,0.5556,,0,,0,,0,AZO,5,3,688,693
600,151,63,0.3333,0.2796,0.7717,0.2888,0.5873,0.4138,29,0.1818,11,0.1818,11,AZO,5,4,751,756
651,163,63,0.5079,0.4874,0.7274,0.2664,0.5238,0.5278,36,0.5278,36,0.5,34,AZO,5,5,814,819
701,176,63,0.4762,0.4273,0.7089,0.2578,0.4762,0.4762,63,0.2222,9,,0,AZO,5,6,877,882
752,188,63,0.4921,0.5707,0.683,0.245,0.5238,0.5088,57,0.6522,23,0.6522,23,AZO,5,7,940,945
802,201,63,0.5397,0.6202,0.9055,0.2488,0.5238,0.5333,60,0.5854,41,0.6552,29,AZO,5,8,1003,1008
399,100,63,0.5714,0.7063,1.0775,0.2492,0.4127,0.0,1,,0,,0,BBY,5,0,499,504
449,113,63,0.5873,0.5898,2.8366,0.3022,0.4444,0.5357,28,1.0,2,1.0,2,BBY,5,1,562,567
500,125,63,0.5238,0.5333,0.8066,0.2992,0.4762,0.5,4,0.5,4,0.5,4,BBY,5,2,625,630
550,138,63,0.5397,0.5761,0.6868,0.2467,0.4603,0.5,42,1.0,2,1.0,2,BBY,5,3,688,693
600,151,63,0.5873,0.7026,1.9192,0.2403,0.5556,0.5918,49,0.7273,33,0.75,32,BBY,5,4,751,756
651,163,63,0.4921,0.496,2.4118,0.3462,0.4921,0.4921,63,0.5167,60,0.5167,60,BBY,5,5,814,819
701,176,63,0.6667,0.6042,0.6656,0.2365,0.6032,0.6545,55,1.0,1,1.0,1,BBY,5,6,877,882
752,188,63,0.6349,0.6956,0.6821,0.2457,0.3016,0.4375,32,0.4375,32,0.4375,32,BBY,5,7,940,945
802,201,63,0.3333,0.4575,1.5192,0.3319,0.3333,0.3333,63,0.3333,60,0.2143,14,BBY,5,8,1003,1008
399,100,63,0.5556,0.6586,0.6988,0.249,0.4762,0.5185,54,0.6,40,0.6,40,BKNG,5,0,499,504
449,113,63,0.6349,0.6322,0.8494,0.2258,0.5714,0.6182,55,0.6182,55,0.6182,55,BKNG,5,1,562,567
500,125,63,0.619,0.44,0.7885,0.2775,0.7937,0.75,52,0.75,52,0.75,52,BKNG,5,2,625,630
550,138,63,0.4603,0.424,1.7041,0.321,0.4444,0.4444,54,0.4444,54,0.4444,54,BKNG,5,3,688,693
600,151,63,0.5397,0.3221,0.7456,0.2752,0.6032,0.5789,57,0.3846,26,0.3846,26,BKNG,5,4,751,756
651,163,63,0.5714,0.3704,0.6972,0.2519,0.5714,0.5714,63,0.5714,63,0.4286,28,BKNG,5,5,814,819
701,176,63,0.3333,0.5,0.7214,0.2641,0.3333,0.3333,63,,0,,0,BKNG,5,6,877,882
752,188,63,0.4444,0.453,0.7106,0.2585,0.5238,0.3333,6,0.2,5,0.2,5,BKNG,5,7,940,945
802,201,63,0.3968,0.6786,1.5457,0.4494,0.4444,0.4167,60,0.4138,58,0.4138,58,BKNG,5,8,1003,1008
399,100,63,0.6825,0.6502,0.5972,0.2082,0.4286,1.0,7,1.0,7,1.0,7,CCL,5,0,499,504
449,113,63,0.5714,0.5358,0.7007,0.2533,0.4921,0.5625,32,0.5625,32,0.4615,26,CCL,5,1,562,567
500,125,63,0.5714,0.4108,3.8929,0.3529,0.6508,0.625,56,0.5789,38,0.5789,38,CCL,5,2,625,630
550,138,63,0.4127,0.4882,4.2159,0.3928,0.5714,0.4286,7,,0,,0,CCL,5,3,688,693
600,151,63,0.4444,0.8189,0.6813,0.2459,0.4444,0.4444,63,0.5532,47,0.5652,46,CCL,5,4,751,756
651,163,63,0.381,0.5357,0.6869,0.248,0.6667,1.0,3,1.0,3,1.0,3,CCL,5,5,814,819
701,176,63,0.6349,0.5554,0.6526,0.23,0.3651,,0,,0,,0,CCL,5,6,877,882
752,188,63,0.4444,0.4471,0.7823,0.2922,0.619,1.0,4,1.0,4,1.0,4,CCL,5,7,940,945
802,201,63,0.619,0.606,0.8794,0.3022,0.3651,0.4828,29,0.4828,29,0.4444,18,CCL,5,8,1003,1008
399,100,63,0.3492,0.6497,6.4424,0.5195,0.6508,,0,,0,,0,CVNA,5,0,499,504
449,113,63,0.5238,0.5,0.6931,0.25,0.5238,0.5238,63,,0,,0,CVNA,5,1,562,567
500,125,63,0.746,0.5,0.6293,0.2183,0.746,0.746,63,0.746,63,,0,CVNA,5,2,625,630
550,138,63,0.5873,0.5286,0.9117,0.2517,0.5873,0.5873,63,0.5873,63,0.5873,63,CVNA,5,3,688,693
600,151,63,0.5873,0.5047,1.3617,0.2643,0.5873,0.5873,63,0.5873,63,0.5789,19,CVNA,5,4,751,756
651,163,63,0.6032,0.5253,0.6732,0.2401,0.6032,0.6032,63,0.6032,63,0.6032,63,CVNA,5,5,814,819
701,176,63,0.4444,0.6815,1.3957,0.2879,0.4603,0.4464,56,0.4444,54,0.4444,54,CVNA,5,6,877,882
752,188,63,0.5556,0.5106,1.6772,0.3043,0.5238,0.6,25,0.5833,24,0.5833,24,CVNA,5,7,940,945
802,201,63,0.5079,0.4757,0.7115,0.2583,0.4603,0.25,4,0.25,4,0.3333,3,CVNA,5,8,1003,1008
399,100,63,0.6984,0.5795,0.6671,0.2373,0.6984,0.6984,63,1.0,7,1.0,7,CMG,5,0,499,504
449,113,63,0.4127,0.6109,0.9235,0.3233,0.3492,0.3729,59,0.3962,53,0.3962,53,CMG,5,1,562,567
500,125,63,0.6032,0.531,1.5722,0.2652,0.619,0.6167,60,0.6667,21,0.7,20,CMG,5,2,625,630
550,138,63,0.4444,0.4283,0.7387,0.2719,0.4762,0.449,49,0.44,25,0.4545,11,CMG,5,3,688,693
600,151,63,0.5714,0.5926,0.7246,0.2642,0.4286,0.5,44,0.5,44,0.5,44,CMG,5,4,751,756
651,163,63,0.4921,0.5364,0.7321,0.2672,0.4127,0.4348,46,0.4524,42,0.4524,42,CMG,5,5,814,819
701,176,63,0.3651,0.644,4.4217,0.392,0.3651,0.3651,63,0.4848,33,0.4848,33,CMG,5,6,877,882
752,188,63,0.6508,0.6223,0.6562,0.2325,0.6349,0.6731,52,0.8571,7,0.8571,7,CMG,5,7,940,945
802,201,63,0.5873,0.4895,0.7458,0.2738,0.3968,0.4706,17,0.3571,14,0.25,8,CMG,5,8,1003,1008
399,100,63,0.4444,0.4821,0.7375,0.2718,0.4444,0.4444,63,0.4364,55,0.4364,55,DRI,5,0,499,504
449,113,63,0.4603,0.568,3.2452,0.3468,0.4603,0.4603,63,0.4516,62,0.4516,62,DRI,5,1,562,567
500,125,63,0.5714,0.5988,0.6916,0.2492,0.5714,0.7143,21,0.6667,18,,0,DRI,5,2,625,630
550,138,63,0.619,0.6205,5.2654,0.3798,0.5079,0.9,10,0.9,10,1.0,2,DRI,5,3,688,693
600,151,63,0.4921,0.5975,0.7357,0.266,0.4762,0.375,8,,0,,0,DRI,5,4,751,756
651,163,63,0.4762,0.4242,1.9051,0.3103,0.5238,,0,,0,,0,DRI,5,5,814,819
701,176,63,0.4127,0.4091,0.8223,0.3033,0.4762,0.2941,17,0.2941,17,0.3125,16,DRI,5,6,877,882
752,188,63,0.4921,0.5237,0.682,0.2446,0.6032,0.6071,28,,0,,0,DRI,5,7,940,945
802,201,63,0.4603,0.6031,0.6471,0.2346,0.381,0.3958,48,0.6667,3,,0,DRI,5,8,1003,1008
399,100,63,0.619,0.5272,0.6764,0.2409,0.619,0.619,63,0.619,63,0.619,63,DECK,5,0,499,504
449,113,63,0.3492,0.3792,0.9244,0.3573,0.3492,0.3492,63,0.3492,63,0.2963,54,DECK,5,1,562,567
500,125,63,0.4286,0.5129,1.1793,0.2748,0.5714,,0,,0,,0,DECK,5,2,625,630
550,138,63,0.381,0.4231,1.6871,0.309,0.619,,0,,0,,0,DECK,5,3,688,693
600,151,63,0.5079,0.7339,4.9395,0.4244,0.3492,0.4151,53,0.4151,53,0.4151,53,DECK,5,4,751,756
651,163,63,0.4444,0.6146,0.6655,0.238,0.4762,0.4528,53,1.0,4,1.0,4,DECK,5,5,814,819
701,176,63,0.5238,0.4551,0.8187,0.3021,0.4444,0.4643,28,0.2857,21,0.2857,21,DECK,5,6,877,882
752,188,63,0.3175,0.5331,2.906,0.3766,0.6825,,0,,0,,0,DECK,5,7,940,945
802,201,63,0.4286,0.5,0.7188,0.2628,0.4286,0.4286,63,0.4286,63,,0,DECK,5,8,1003,1008
399,100,63,0.5714,0.4942,0.6993,0.2527,0.6032,0.6,55,,0,,0,DPZ,5,0,499,504
449,113,63,0.4603,0.4102,0.8165,0.3061,0.4603,0.4603,63,0.4603,63,0.4603,63,DPZ,5,1,562,567
500,125,63,0.5079,0.4488,0.7201,0.263,0.4603,0.4286,14,0.4286,14,0.0,1,DPZ,5,2,625,630
550,138,63,0.4286,0.4219,0.7213,0.2639,0.4921,0.0,5,0.0,3,0.0,1,DPZ,5,3,688,693
600,151,63,0.4127,0.5,0.7232,0.2649,0.5873,,0,,0,,0,DPZ,5,4,751,756
651,163,63,0.4127,0.4106,0.7983,0.2992,0.4127,0.4127,63,0.3077,26,0.3077,26,DPZ,5,5,814,819
701,176,63,0.4603,0.5,0.6958,0.2513,0.4603,0.4603,63,,0,,0,DPZ,5,6,877,882
752,188,63,0.619,0.7103,0.6808,0.2436,0.3651,0.4889,45,0.4889,45,0.4889,45,DPZ,5,7,940,945
802,201,63,0.4127,0.5371,7.2901,0.5197,0.3492,0.3469,49,0.3469,49,0.3542,48,DPZ,5,8,1003,1008
399,100,63,0.5238,0.47,1.4419,0.2966,0.6032,0.5769,52,1.0,1,1.0,1,DHI,5,0,499,504
449,113,63,0.5238,0.5737,0.6796,0.2439,0.5238,0.5238,63,0.7273,11,0.7273,11,DHI,5,1,562,567
500,125,63,0.4762,0.6641,1.6161,0.3558,0.4762,0.4762,63,0.4762,63,0.4762,63,DHI,5,2,625,630
550,138,63,0.3016,0.6501,0.7967,0.3008,0.3016,0.3016,63,0.3016,63,0.5333,15,DHI,5,3,688,693
600,151,63,0.5873,0.5843,0.6799,0.2435,0.4762,0.6,20,0.6667,3,0.6667,3,DHI,5,4,751,756
651,163,63,0.4127,0.5176,0.7827,0.2934,0.619,0.75,4,0.75,4,0.75,4,DHI,5,5,814,819
701,176,63,0.4921,0.5514,0.6792,0.2435,0.5079,,0,,0,,0,DHI,5,6,877,882
752,188,63,0.5873,0.5786,0.7118,0.2586,0.4444,0.5278,36,0.5278,36,0.5278,36,DHI,5,7,940,945
802,201,63,0.2857,0.3293,0.9641,0.2763,0.3651,0.2885,52,0.2727,22,0.0,1,DHI,5,8,1003,1008
399,100,63,0.4762,0.6848,5.5811,0.4341,0.619,0.8,10,0.6,5,0.5,4,EBAY,5,0,499,504
449,113,63,0.4762,0.4936,0.6982,0.2525,0.619,0.6154,26,0.6154,26,0.6154,26,EBAY,5,1,562,567
500,125,63,0.4286,0.7079,0.6783,0.2464,0.5873,0.6,5,0.6,5,0.6,5,EBAY,5,2,625,630
550,138,63,0.5079,0.4743,2.1453,0.3217,0.5714,0.5641,39,0.5641,39,0.4286,7,EBAY,5,3,688,693
600,151,63,0.6825,0.6865,0.7478,0.1915,0.6667,0.6774,62,0.75,36,0.9048,21,EBAY,5,4,751,756
651,163,63,0.6667,0.532,1.1135,0.2427,0.7302,0.7119,59,0.7069,58,0.8333,18,EBAY,5,5,814,819
701,176,63,0.5079,0.35,0.8901,0.3202,0.5238,0.5161,62,0.5161,62,0.5161,62,EBAY,5,6,877,882
752,188,63,0.5714,0.4588,0.9381,0.263,0.5714,0.5714,63,0.5574,61,0.5593,59,EBAY,5,7,940,945
802,201,63,0.7143,0.4333,0.6148,0.2116,0.7143,0.7143,63,0.7143,63,0.6897,58,EBAY,5,8,1003,1008
399,100,63,0.4286,0.5,0.7007,0.2538,0.4286,0.4286,63,,0,,0,EXPE,5,0,499,504
449,113,63,0.4444,0.4437,1.2703,0.3117,0.5397,0.4828,29,0.4783,23,0.4444,18,EXPE,5,1,562,567
500,125,63,0.5714,0.421,0.7237,0.2583,0.7143,0.6667,54,0.75,8,0.7143,7,EXPE,5,2,625,630
550,138,63,0.5397,0.5558,0.6883,0.2477,0.5397,0.5397,63,0.5397,63,0.8333,6,EXPE,5,3,688,693
600,151,63,0.3492,0.3276,1.5845,0.3586,0.5079,0.2,15,0.2143,14,0.2143,14,EXPE,5,4,751,756
651,163,63,0.6825,0.5233,0.6713,0.2392,0.6825,0.6825,63,1.0,2,1.0,2,EXPE,5,5,814,819
701,176,63,0.5238,0.5359,0.9899,0.281,0.6349,0.6923,26,0.6923,26,1.0,2,EXPE,5,6,877,882
752,188,63,0.4921,0.4934,4.4202,0.3886,0.5238,1.0,1,,0,,0,EXPE,5,7,940,945
802,201,63,0.4921,0.5328,0.6994,0.2531,0.4921,0.4921,63,0.4921,63,,0,EXPE,5,8,1003,1008
399,100,63,0.4286,0.4677,3.5529,0.387,0.4762,0.2,10,0.2,10,0.2,10,F,5,0,499,504
449,113,63,0.5556,0.5625,0.6849,0.2472,0.5079,0.5357,56,0.5357,56,0.2,5,F,5,1,562,567
500,125,63,0.5873,0.5,6.5794,0.4127,0.5873,0.5873,63,0.5873,63,0.5873,63,F,5,2,625,630
550,138,63,0.3651,0.5,0.775,0.2902,0.3651,0.3651,63,0.3651,63,0.3651,63,F,5,3,688,693
600,151,63,0.3492,0.4783,0.9376,0.2631,0.6349,0.0,1,0.0,1,0.0,1,F,5,4,751,756
651,163,63,0.5556,0.606,0.7141,0.2603,0.5714,0.9,10,1.0,1,1.0,1,F,5,5,814,819
701,176,63,0.381,0.461,4.3212,0.4269,0.619,,0,,0,,0,F,5,6,877,882
752,188,63,0.4603,0.5,0.6943,0.2506,0.4603,0.4603,63,,0,,0,F,5,7,940,945
802,201,63,0.5873,0.6176,0.6513,0.2301,0.4603,0.5273,55,0.5273,55,,0,F,5,8,1003,1008
399,100,63,0.7302,0.5563,0.6173,0.2126,0.7302,0.7302,63,0.7302,63,0.7302,63,GRMN,5,0,499,504
449,113,63,0.5079,0.5106,0.7403,0.2728,0.5238,0.5227,44,0.5349,43,0.5238,42,GRMN,5,1,562,567
500,125,63,0.6349,0.4957,0.6708,0.2387,0.6349,0.6349,63,0.6271,59,0.5,2,GRMN,5,2,625,630
550,138,63,0.619,0.5358,1.1342,0.2529,0.619,0.619,63,0.6667,51,0.5385,13,GRMN,5,3,688,693
600,151,63,0.5556,0.6811,0.7365,0.2688,0.4444,0.5,56,0.5091,55,0.5417,48,GRMN,5,4,751,756
651,163,63,0.8095,0.8178,0.644,0.2255,0.7778,0.8033,61,1.0,18,1.0,1,GRMN,5,5,814,819
701,176,63,0.4762,0.4768,1.0298,0.303,0.4921,0.4643,28,0.4643,28,0.4815,27,GRMN,5,6,877,882
752,188,63,0.5079,0.498,0.7761,0.2881,0.5079,0.5079,63,0.5079,63,0.4918,61,GRMN,5,7,940,945
802,201,63,0.5556,0.567,0.671,0.2392,0.4921,0.5882,17,0.7143,14,0.7143,14,GRMN,5,8,1003,1008
399,100,63,0.3651,0.398,1.5415,0.3262,0.5556,0.3333,15,0.2857,14,0.2857,14,GPC,5,0,499,504
449,113,63,0.4286,0.6344,0.6849,0.2547,0.3333,0.3684,57,0.3684,57,0.4082,49,GPC,5,1,562,567
500,125,63,0.4286,0.5231,0.6972,0.252,0.5714,,0,,0,,0,GPC,5,2,625,630
550,138,63,0.5556,0.6618,0.9378,0.2594,0.5079,0.7,10,0.5,4,0.5,4,GPC,5,3,688,693
600,151,63,0.5873,0.6405,0.6602,0.2341,0.5397,0.6429,28,0.7368,19,0.7778,9,GPC,5,4,751,756
651,163,63,0.6825,0.6729,2.4735,0.2854,0.5079,0.7727,22,1.0,1,1.0,1,GPC,5,5,814,819
701,176,63,0.619,0.5509,0.786,0.2815,0.4127,1.0,2,1.0,2,,0,GPC,5,6,877,882
752,188,63,0.5079,0.6593,0.7061,0.2608,0.6825,0.8,20,0.7692,13,0.8333,12,GPC,5,7,940,945
802,201,63,0.3651,0.575,8.7176,0.5857,0.3651,0.3651,63,0.3651,63,0.371,62,GPC,5,8,1003,1008
399,100,63,0.4603,0.4907,0.874,0.3278,0.6825,0.7143,21,0.625,16,0.625,16,HAS,5,0,499,504
449,113,63,0.4603,0.3996,0.8949,0.3129,0.4603,0.4603,63,0.1,10,0.1,10,HAS,5,1,562,567
500,125,63,0.381,0.4199,0.756,0.281,0.619,0.5,20,,0,,0,HAS,5,2,625,630
550,138,63,0.5238,0.5,0.6921,0.2495,0.5238,0.5238,63,,0,,0,HAS,5,3,688,693
600,151,63,0.619,0.6526,0.6594,0.2336,0.5556,0.6341,41,0.6341,41,0.65,40,HAS,5,4,751,756
651,163,63,0.4762,0.5524,0.7169,0.2608,0.619,0.8,10,0.8,10,0.8,10,HAS,5,5,814,819
701,176,63,0.4127,0.4864,1.1872,0.2831,0.4762,0.4186,43,0.4186,43,,0,HAS,5,6,877,882
752,188,63,0.7302,0.5876,0.6212,0.2177,0.7302,0.7302,63,0.8667,15,0.8667,15,HAS,5,7,940,945
802,201,63,0.3333,0.2337,0.8956,0.3349,0.3968,0.3265,49,0.1515,33,0.1515,33,HAS,5,8,1003,1008
399,100,63,0.6032,0.4084,0.7344,0.2675,0.6032,0.6032,63,0.549,51,0.549,51,HLT,5,0,499,504
449,113,63,0.5397,0.5522,1.3163,0.3557,0.5397,0.5397,63,0.5397,63,0.5397,63,HLT,5,1,562,567
500,125,63,0.7778,0.607,0.5789,0.1947,0.746,0.8,55,0.8,55,0.7714,35,HLT,5,2,625,630
550,138,63,0.6667,0.623,0.6868,0.2395,0.6667,0.6667,63,0.6667,63,0.6667,63,HLT,5,3,688,693
600,151,63,0.4921,0.5565,0.892,0.3195,0.4921,0.4921,63,0.4921,63,0.561,41,HLT,5,4,751,756
651,163,63,0.5714,0.5859,0.6827,0.2448,0.5714,0.5714,63,0.65,20,0.5714,7,HLT,5,5,814,819
701,176,63,0.5079,0.5904,0.7048,0.2559,0.4762,0.0,1,0.0,1,0.0,1,HLT,5,6,877,882
752,188,63,0.4921,0.5709,0.7229,0.2645,0.6667,0.75,20,0.75,20,,0,HLT,5,7,940,945
802,201,63,0.5238,0.4571,0.7623,0.2825,0.4762,0.5,60,0.5,60,0.5,60,HLT,5,8,1003,1008
399,100,63,0.5397,0.5418,0.716,0.2629,0.4921,0.55,20,,0,,0,HD,5,0,499,504
449,113,63,0.6032,0.6116,1.8072,0.2685,0.4603,0.5526,38,0.5926,27,1.0,2,HD,5,1,562,567
500,125,63,0.3333,0.3056,4.7437,0.4963,0.6667,,0,,0,,0,HD,5,2,625,630
550,138,63,0.5238,0.4275,0.712,0.2593,0.5714,0.5789,38,0.2857,14,,0,HD,5,3,688,693
600,151,63,0.4603,0.7219,2.2913,0.302,0.4444,0.4516,62,0.4516,62,0.625,32,HD,5,4,751,756
651,163,63,0.5556,0.6019,1.9815,0.2632,0.5714,0.5714,56,0.5962,52,0.7083,24,HD,5,5,814,819
701,176,63,0.5714,0.4758,0.7249,0.2605,0.4286,,0,,0,,0,HD,5,6,877,882
752,188,63,0.5556,0.4872,0.9194,0.2618,0.5556,0.5614,57,0.5,32,0.5,32,HD,5,7,940,945
802,201,63,0.4603,0.5873,0.8512,0.3218,0.3016,0.3404,47,0.3415,41,0.3415,41,HD,5,8,1003,1008
399,100,63,0.5556,0.4776,0.693,0.2499,0.4444,,0,,0,,0,LVS,5,0,499,504
449,113,63,0.7143,0.7154,0.6106,0.2122,0.254,0.4444,18,0.4444,18,0.4444,18,LVS,5,1,562,567
500,125,63,0.3651,0.5244,0.8556,0.3272,0.6508,1.0,1,1.0,1,1.0,1,LVS,5,2,625,630
550,138,63,0.6667,0.4972,0.6417,0.2248,0.3333,,0,,0,,0,LVS,5,3,688,693
600,151,63,0.4762,0.4393,1.666,0.3036,0.5556,0.5357,28,0.4286,7,0.4286,7,LVS,5,4,751,756
651,163,63,0.3651,0.5533,0.7551,0.2805,0.6349,,0,,0,,0,LVS,5,5,814,819
701,176,63,0.4444,0.5198,0.7178,0.2622,0.5397,0.4857,35,0.5,34,0.5,32,LVS,5,6,877,882
752,188,63,0.6667,0.5748,0.6654,0.2361,0.3492,0.6,5,0.5,4,0.3333,3,LVS,5,7,940,945
802,201,63,0.5556,0.5066,2.5404,0.3091,0.4603,0.6667,3,0.6667,3,0.6667,3,LVS,5,8,1003,1008
399,100,63,0.619,0.578,0.8681,0.234,0.619,0.6471,51,0.7333,15,1.0,7,LEN,5,0,499,504
449,113,63,0.5238,0.5439,0.7371,0.2657,0.5238,0.5238,63,0.5238,63,0.5333,15,LEN,5,1,562,567
500,125,63,0.5714,0.7157,0.6638,0.2362,0.4762,0.5283,53,0.5192,52,0.7895,19,LEN,5,2,625,630
550,138,63,0.3968,0.561,2.332,0.3804,0.3016,0.3333,57,0.3333,57,0.3333,27,LEN,5,3,688,693
600,151,63,0.5873,0.6464,0.8351,0.2225,0.381,0.4615,26,,0,,0,LEN,5,4,751,756
651,163,63,0.3968,0.5532,0.926,0.3539,0.6032,,0,,0,,0,LEN,5,5,814,819
701,176,63,0.4921,0.4375,0.7019,0.2543,0.5079,,0,,0,,0,LEN,5,6,877,882
752,188,63,0.4762,0.5204,0.7284,0.2672,0.4444,0.4138,29,0.4286,28,0.4286,28,LEN,5,7,940,945
802,201,63,0.4127,0.4858,0.7801,0.2925,0.2857,0.2979,47,0.2791,43,0.2791,43,LEN,5,8,1003,1008
399,100,63,0.4444,0.5897,1.5916,0.3651,0.619,1.0,4,,0,,0,LOW,5,0,499,504
449,113,63,0.6032,0.6166,0.7244,0.26,0.5397,0.6286,35,0.5938,32,1.0,4,LOW,5,1,562,567
500,125,63,0.6825,0.4593,0.6632,0.235,0.6825,0.7018,57,0.6207,29,0.6207,29,LOW,5,2,625,630
550,138,63,0.4762,0.4965,0.7565,0.2794,0.4603,0.46,50,0.46,50,0.46,50,LOW,5,3,688,693
600,151,63,0.4127,0.5338,0.7573,0.2805,0.4127,0.4127,63,0.4324,37,0.4324,37,LOW,5,4,751,756
651,163,63,0.5873,0.5051,0.68,0.2434,0.5714,0.5806,62,0.5738,61,,0,LOW,5,5,814,819
701,176,63,0.5238,0.4985,0.7251,0.2622,0.4762,,0,,0,,0,LOW,5,6,877,882
752,188,63,0.3968,0.525,0.6844,0.2468,0.6349,1.0,2,1.0,2,1.0,2,LOW,5,7,940,945
802,201,63,0.3016,0.5,0.7502,0.2784,0.3016,0.3016,63,0.3016,63,,0,LOW,5,8,1003,1008
399,100,63,0.4603,0.3846,1.2472,0.3069,0.4921,0.4754,61,0.4754,61,0.4545,44,MAR,5,0,499,504
449,113,63,0.4444,0.5388,0.7961,0.2952,0.4444,0.4444,63,0.5,54,0.5,54,MAR,5,1,562,567
500,125,63,0.746,0.5,0.6874,0.2471,0.746,0.746,63,,0,,0,MAR,5,2,625,630
550,138,63,0.5079,0.6103,7.4509,0.4969,0.6508,0.8571,14,0.9231,13,1.0,5,MAR,5,3,688,693
600,151,63,0.3651,0.7125,0.8554,0.3199,0.3651,0.3651,63,0.4681,47,0.4681,47,MAR,5,4,751,756
651,163,63,0.5397,0.5,0.6906,0.2487,0.5397,0.5397,63,,0,,0,MAR,5,5,814,819
701,176,63,0.5238,0.5303,0.6815,0.245,0.5238,0.5238,63,0.5238,63,1.0,2,MAR,5,6,877,882
752,188,63,0.3333,0.5714,3.4141,0.4081,0.6667,,0,,0,,0,MAR,5,7,940,945
802,201,63,0.5556,0.5918,0.6867,0.2468,0.4603,0.5122,41,0.5122,41,0.6667,6,MAR,5,8,1003,1008
399,100,63,0.3968,0.4655,0.8784,0.3326,0.4286,0.3429,35,0.3429,35,0.3429,35,MCD,5,0,499,504
449,113,63,0.5238,0.5071,5.0702,0.3972,0.5238,0.5238,63,0.5238,63,0.5238,63,MCD,5,1,562,567
500,125,63,0.4762,0.5758,0.699,0.2611,0.746,0.7917,24,0.7917,24,0.7917,24,MCD,5,2,625,630
550,138,63,0.4762,0.5653,0.6756,0.2443,0.4444,0.459,61,0.5161,31,,0,MCD,5,3,688,693
600,151,63,0.5714,0.5509,0.6796,0.2433,0.5714,0.5714,63,0.5882,51,0.6176,34,MCD,5,4,751,756
651,163,63,0.6508,0.606,1.8326,0.2768,0.4603,0.6061,33,0.6061,33,0.6061,33,MCD,5,5,814,819
701,176,63,0.4444,0.4365,0.9075,0.3177,0.4921,0.4565,46,0.6667,3,0.6667,3,MCD,5,6,877,882
752,188,63,0.5714,0.5369,0.6777,0.2429,0.5873,0.5926,54,0.8333,6,1.0,2,MCD,5,7,940,945
802,201,63,0.4603,0.6077,0.677,0.2421,0.254,0.3043,46,,0,,0,MCD,5,8,1003,1008
399,100,63,0.5714,0.6574,0.5782,0.2111,0.4286,,0,,0,,0,MGM,5,0,499,504
449,113,63,0.5556,0.5286,0.6861,0.2465,0.5556,0.5556,63,1.0,2,1.0,2,MGM,5,1,562,567
500,125,63,0.5397,0.4922,0.7707,0.2845,0.5873,0.5667,60,0.5439,57,0.5439,57,MGM,5,2,625,630
550,138,63,0.4921,0.3962,3.5137,0.3694,0.4921,0.4921,63,0.4921,63,0.375,48,MGM,5,3,688,693
600,151,63,0.4603,0.5588,0.6835,0.2466,0.4603,0.4603,63,0.7143,7,0.8333,6,MGM,5,4,751,756
651,163,63,0.7143,0.7133,1.2462,0.2156,0.5556,0.8148,27,0.8148,27,0.8148,27,MGM,5,5,814,819
701,176,63,0.5238,0.6643,0.786,0.2771,0.4444,0.375,8,0.375,8,0.2857,7,MGM,5,6,877,882
752,188,63,0.6667,0.6966,0.6561,0.2317,0.5079,0.7619,21,,0,,0,MGM,5,7,940,945
802,201,63,0.3651,0.4146,0.7389,0.2724,0.5714,0.4091,22,0.1667,6,0.1667,6,MGM,5,8,1003,1008
399,100,63,0.4286,0.5417,0.7176,0.2621,0.4286,0.4286,63,0.4286,63,,0,NKE,5,0,499,504
449,113,63,0.4762,0.4652,3.0577,0.3504,0.4127,0.434,53,0.2667,15,0.2667,15,NKE,5,1,562,567
500,125,63,0.5397,0.4341,0.6968,0.2518,0.4603,,0,,0,,0,NKE,5,2,625,630
550,138,63,0.5079,0.5237,0.7104,0.2585,0.3968,0.4167,36,0.4167,36,,0,NKE,5,3,688,693
600,151,63,0.5714,0.5333,0.6818,0.2443,0.4127,0.4667,15,0.3846,13,,0,NKE,5,4,751,756
651,163,63,0.4921,0.4746,1.1656,0.2754,0.5397,0.5625,16,0.6,15,0.6364,11,NKE,5,5,814,819
701,176,63,0.6667,0.5839,0.6419,0.2257,0.3333,0.5,14,0.5556,9,1.0,1,NKE,5,6,877,882
752,188,63,0.5556,0.6394,0.6785,0.2427,0.5714,0.6818,22,0.6667,21,0.5714,7,NKE,5,7,940,945
802,201,63,0.1746,0.4583,0.8898,0.3461,0.1905,0.1774,62,0.1774,62,0.1774,62,NKE,5,8,1003,1008
399,100,63,0.5079,0.4944,0.6984,0.2523,0.4444,0.4,15,0.6,10,0.6,10,NCLH,5,0,499,504
449,113,63,0.5873,0.6323,0.6717,0.2395,0.4762,0.6429,14,0.6429,14,0.7273,11,NCLH,5,1,562,567
500,125,63,0.3016,0.3979,0.8356,0.3157,0.7619,0.625,16,,0,,0,NCLH,5,2,625,630
550,138,63,0.5079,0.6152,0.9159,0.2582,0.5238,1.0,2,1.0,2,1.0,2,NCLH,5,3,688,693
600,151,63,0.4127,0.6736,3.7861,0.3953,0.4127,0.4127,63,0.4706,51,0.4706,51,NCLH,5,4,751,756
651,163,63,0.6032,0.521,0.6778,0.2425,0.6667,0.6604,53,0.7333,15,0.7333,15,NCLH,5,5,814,819
701,176,63,0.4603,0.4714,2.7638,0.3235,0.4127,0.3571,28,0.25,8,0.25,8,NCLH,5,6,877,882
752,188,63,0.6667,0.5438,0.6729,0.2399,0.6508,0.6786,56,,0,,0,NCLH,5,7,940,945
802,201,63,0.3651,0.538,0.8106,0.3068,0.3651,0.3651,63,0.3651,63,0.3651,63,NCLH,5,8,1003,1008
399,100,63,0.4127,0.4916,1.5107,0.3229,0.6032,0.5294,17,0.5333,15,0.1667,6,MO,5,0,499,504
449,113,63,0.6508,0.5122,0.6883,0.2476,0.6508,0.6508,63,,0,,0,MO,5,1,562,567
500,125,63,0.5397,0.4342,0.7128,0.2591,0.6032,0.5763,59,0.5763,59,0.5763,59,MO,5,2,625,630
550,138,63,0.5079,0.3705,0.7589,0.2808,0.5079,0.5079,63,0.5079,63,0.5079,63,MO,5,3,688,693
600,151,63,0.6984,0.5455,0.6351,0.2215,0.6984,0.6984,63,0.6984,63,1.0,4,MO,5,4,751,756
651,163,63,0.6032,0.4863,1.1923,0.2745,0.6032,0.6032,63,0.5882,17,0.5882,17,MO,5,5,814,819
701,176,63,0.619,0.6046,0.6556,0.2323,0.4444,0.75,8,0.75,8,0.75,8,MO,5,6,877,882
752,188,63,0.746,0.6672,0.6212,0.2147,0.619,0.717,53,0.7105,38,0.7105,38,MO,5,7,940,945
802,201,63,0.5714,0.5082,0.6887,0.2475,0.5714,0.5714,63,0.5778,45,0.6,20,MO,5,8,1003,1008
399,100,63,0.6825,0.5732,0.6753,0.2411,0.6508,0.6909,55,,0,,0,ADM,5,0,499,504
449,113,63,0.4127,0.393,0.7394,0.2726,0.4603,0.4333,60,0.383,47,0.5,2,ADM,5,1,562,567
500,125,63,0.6032,0.6303,0.6546,0.2339,0.4762,0.5455,55,0.5455,55,0.75,4,ADM,5,2,625,630
550,138,63,0.5556,0.5,0.6893,0.2481,0.4444,,0,,0,,0,ADM,5,3,688,693
600,151,63,0.5397,0.4546,0.7423,0.2722,0.5556,0.5577,52,0.551,49,0.551,49,ADM,5,4,751,756
651,163,63,0.5873,0.5667,5.2672,0.3878,0.5238,0.6842,19,0.6842,19,,0,ADM,5,5,814,819
701,176,63,0.5714,0.5,0.7025,0.254,0.4286,,0,,0,,0,ADM,5,6,877,882
752,188,63,0.4762,0.6154,0.7119,0.2593,0.619,1.0,6,1.0,5,1.0,5,ADM,5,7,940,945
802,201,63,0.6032,0.4916,0.7099,0.2551,0.6032,0.6032,63,0.5,2,0.5,2,ADM,5,8,1003,1008
399,100,63,0.4762,0.4953,2.3038,0.3146,0.6825,0.6471,34,0.6562,32,0.6774,31,BG,5,0,499,504
449,113,63,0.4762,0.5401,0.7033,0.2551,0.5397,1.0,1,1.0,1,1.0,1,BG,5,1,562,567
500,125,63,0.4127,0.6079,0.7188,0.2611,0.3968,0.4032,62,0.5417,24,0.4706,17,BG,5,2,625,630
550,138,63,0.3492,0.4235,1.3095,0.4811,0.3492,0.3492,63,0.3492,63,0.3548,62,BG,5,3,688,693
600,151,63,0.4286,0.4679,2.082,0.3034,0.619,0.6,15,0.6,15,0.6,15,BG,5,4,751,756
651,163,63,0.4921,0.4298,1.4382,0.2973,0.5238,0.5106,47,0.4348,23,0.4348,23,BG,5,5,814,819
701,176,63,0.6508,0.6804,1.3575,0.2583,0.4921,0.8462,13,,0,,0,BG,5,6,877,882
752,188,63,0.6349,0.4815,1.1374,0.257,0.6349,0.6349,63,0.5,4,0.5,4,BG,5,7,940,945
802,201,63,0.5238,0.5,0.6921,0.2495,0.5238,0.5238,63,,0,,0,BG,5,8,1003,1008
399,100,63,0.5397,0.5822,2.2677,0.2889,0.5397,0.5397,63,0.5397,63,0.6522,23,CPB,5,0,499,504
449,113,63,0.4444,0.5714,0.7005,0.2537,0.6667,0.8889,9,,0,,0,CPB,5,1,562,567
500,125,63,0.4762,0.5262,0.8037,0.2987,0.381,0.3953,43,0.3947,38,0.4194,31,CPB,5,2,625,630
550,138,63,0.4286,0.656,4.0135,0.3921,0.3651,0.3898,59,0.449,49,0.449,49,CPB,5,3,688,693
600,151,63,0.3651,0.5033,0.7584,0.2822,0.3651,0.3651,63,0.3651,63,,0,CPB,5,4,751,756
651,163,63,0.619,0.5582,0.6621,0.2347,0.3651,0.4,5,0.4,5,0.4,5,CPB,5,5,814,819
701,176,63,0.5397,0.4554,0.7121,0.2591,0.4603,,0,,0,,0,CPB,5,6,877,882
752,188,63,0.5714,0.445,0.9789,0.2799,0.4286,,0,,0,,0,CPB,5,7,940,945
802,201,63,0.5556,0.4866,0.7371,0.2563,0.3175,0.0,8,0.0,8,0.0,8,CPB,5,8,1003,1008
399,100,63,0.5873,0.6292,0.9014,0.2466,0.6508,0.8,25,0.7826,23,0.5,2,CASY,5,0,499,504
449,113,63,0.5079,0.4859,0.9652,0.2753,0.5238,0.625,8,0.625,8,0.625,8,CASY,5,1,562,567
500,125,63,0.5873,0.6039,0.7575,0.2602,0.5714,0.5806,62,0.6415,53,0.6415,53,CASY,5,2,625,630
550,138,63,0.5397,0.5264,0.6933,0.2499,0.5397,0.5397,63,0.5882,17,0.5882,17,CASY,5,3,688,693
600,151,63,0.5079,0.5781,0.7034,0.2549,0.4921,0.5,60,0.5455,55,0.537,54,CASY,5,4,751,756
651,163,63,0.4762,0.4688,0.8084,0.3,0.5079,0.4839,31,0.4839,31,0.4839,31,CASY,5,5,814,819
701,176,63,0.4762,0.5303,0.7281,0.267,0.4286,0.45,60,0.45,60,0.4,10,CASY,5,6,877,882
752,188,63,0.6032,0.6497,1.3538,0.2578,0.6667,0.7179,39,0.7222,36,0.9091,11,CASY,5,7,940,945
802,201,63,0.2222,0.5401,3.0181,0.4329,0.7778,,0,,0,,0,CASY,5,8,1003,1008
399,100,63,0.381,0.3349,0.9167,0.3483,0.619,,0,,0,,0,CHD,5,0,499,504
449,113,63,0.4444,0.551,0.8259,0.3055,0.4444,0.4444,63,0.4444,63,0.5,36,CHD,5,1,562,567
500,125,63,0.4603,0.5313,0.6625,0.2366,0.4762,0.45,40,0.8571,7,0.8571,7,CHD,5,2,625,630
550,138,63,0.5238,0.5,0.6921,0.2495,0.4762,,0,,0,,0,CHD,5,3,688,693
600,151,63,0.4127,0.4079,0.7504,0.2777,0.3968,0.2273,22,0.125,16,0.0667,15,CHD,5,4,751,756
651,163,63,0.5397,0.5217,4.1524,0.3649,0.5079,0.5246,61,0.5246,61,0.5294,34,CHD,5,5,814,819
701,176,63,0.5079,0.451,0.7114,0.2587,0.4444,0.0,3,0.0,3,0.0,3,CHD,5,6,877,882
752,188,63,0.4444,0.4278,0.8452,0.3196,0.5873,0.5455,22,0.5455,22,0.5238,21,CHD,5,7,940,945
802,201,63,0.6032,0.4637,0.6968,0.2514,0.3968,,0,,0,,0,CHD,5,8,1003,1008
399,100,63,0.6667,0.6725,2.2102,0.2581,0.381,0.5882,17,0.5882,17,0.5882,17,CLX,5,0,499,504
449,113,63,0.4921,0.5263,7.4103,0.4868,0.4762,0.4828,58,0.4828,58,0.4828,58,CLX,5,1,562,567
500,125,63,0.6032,0.6842,0.8065,0.2953,0.5714,0.9231,13,,0,,0,CLX,5,2,625,630
550,138,63,0.619,0.4744,0.684,0.2454,0.381,,0,,0,,0,CLX,5,3,688,693
600,151,63,0.5714,0.4522,1.3865,0.2748,0.4286,,0,,0,,0,CLX,5,4,751,756
651,163,63,0.4444,0.5244,0.8567,0.3233,0.3333,0.3333,42,0.3171,41,0.3429,35,CLX,5,5,814,819
701,176,63,0.3333,0.5154,0.8624,0.331,0.2063,0.2157,51,0.2157,51,0.2,50,CLX,5,6,877,882
752,188,63,0.5079,0.6237,0.7023,0.2587,0.5873,0.75,12,0.75,12,1.0,8,CLX,5,7,940,945
802,201,63,0.6825,0.6512,1.0964,0.2373,0.3175,0.5,8,0.5,8,0.5,8,CLX,5,8,1003,1008
399,100,63,0.4444,0.5423,0.6891,0.248,0.4921,0.463,54,0.625,16,0.625,16,KO,5,0,499,504
449,113,63,0.4603,0.5139,1.3667,0.2671,0.5714,0.625,8,0.625,8,0.625,8,KO,5,1,562,567
500,125,63,0.4921,0.5,0.6933,0.2501,0.4921,0.4921,63,,0,,0,KO,5,2,625,630
550,138,63,0.381,0.5579,0.7382,0.2715,0.3968,0.3871,62,0.4783,23,0.4783,23,KO,5,3,688,693
600,151,63,0.4762,0.4879,5.1581,0.4229,0.4921,0.0,2,0.0,2,,0,KO,5,4,751,756
651,163,63,0.5397,0.5568,0.8809,0.2439,0.4603,,0,,0,,0,KO,5,5,814,819
701,176,63,0.5397,0.5193,0.6885,0.2477,0.4603,0.5,4,0.6667,3,0.5,2,KO,5,6,877,882
752,188,63,0.381,0.4872,0.71,0.2583,0.619,,0,,0,,0,KO,5,7,940,945
802,201,63,0.4762,0.5284,0.7159,0.2615,0.5397,0.6667,3,,0,,0,KO,5,8,1003,1008
399,100,63,0.7302,0.5,0.6045,0.2065,0.7302,0.7302,63,0.7302,63,0.7302,63,CL,5,0,499,504
449,113,63,0.5556,0.4738,3.7492,0.3671,0.6825,0.6667,45,0.6667,45,0.6667,45,CL,5,1,562,567
500,125,63,0.4127,0.3534,0.9093,0.3461,0.4127,0.4127,63,0.4127,63,0.4127,63,CL,5,2,625,630
550,138,63,0.3968,0.5,0.7764,0.2906,0.3968,0.3968,63,0.3968,63,0.3968,63,CL,5,3,688,693
600,151,63,0.5397,0.5857,0.6761,0.2418,0.5556,1.0,6,1.0,6,1.0,2,CL,5,4,751,756
651,163,63,0.5397,0.5659,0.6872,0.247,0.4603,,0,,0,,0,CL,5,5,814,819
701,176,63,0.6349,0.486,0.6774,0.242,0.3175,0.0,3,0.0,2,,0,CL,5,6,877,882
752,188,63,0.3016,0.5987,1.0068,0.3844,0.6984,,0,,0,,0,CL,5,7,940,945
802,201,63,0.5238,0.5323,0.7877,0.2913,0.4921,1.0,1,1.0,1,1.0,1,CL,5,8,1003,1008
399,100,63,0.5397,0.5091,0.6989,0.2526,0.5397,0.5397,63,0.5397,63,0.5714,7,CAG,5,0,499,504
449,113,63,0.4603,0.5451,0.7039,0.2554,0.4603,0.4603,63,0.5,22,0.5,22,CAG,5,1,562,567
500,125,63,0.4762,0.5101,0.736,0.2705,0.5079,0.4783,23,0.45,20,0.4444,18,CAG,5,2,625,630
550,138,63,0.381,0.6282,7.4831,0.517,0.381,0.381,63,0.381,63,0.4,60,CAG,5,3,688,693
600,151,63,0.4286,0.4691,0.9945,0.2858,0.4286,0.4286,63,0.2,5,0.2,5,CAG,5,4,751,756
651,163,63,0.7302,0.6136,0.6626,0.2351,0.3492,1.0,5,1.0,5,1.0,5,CAG,5,5,814,819
701,176,63,0.6825,0.6302,0.7147,0.2468,0.3175,0.5,16,0.5,16,0.5,16,CAG,5,6,877,882
752,188,63,0.3175,0.3174,3.3465,0.4585,0.6825,,0,,0,,0,CAG,5,7,940,945
802,201,63,0.6349,0.6523,0.6197,0.2153,0.3175,0.3333,9,0.375,8,0.375,8,CAG,5,8,1003,1008
399,100,63,0.4286,0.6672,4.8916,0.4149,0.619,0.8,5,,0,,0,STZ,5,0,499,504
449,113,63,0.4603,0.4124,0.7675,0.2852,0.381,0.3333,30,0.2857,21,0.3,20,STZ,5,1,562,567
500,125,63,0.6825,0.6939,0.6173,0.2143,0.5873,0.6977,43,0.7073,41,0.7073,41,STZ,5,2,625,630
550,138,63,0.4127,0.546,3.5945,0.3948,0.3492,0.3729,59,0.3729,59,0.375,32,STZ,5,3,688,693
600,151,63,0.5873,0.473,0.6784,0.2427,0.5873,0.5873,63,0.5873,63,0.5738,61,STZ,5,4,751,756
651,163,63,0.6032,0.4634,0.7024,0.2535,0.3492,0.0,3,0.0,2,0.0,2,STZ,5,5,814,819
701,176,63,0.746,0.502,0.6071,0.2093,0.254,,0,,0,,0,STZ,5,6,877,882
752,188,63,0.3492,0.5341,0.8082,0.3063,0.6984,1.0,3,,0,,0,STZ,5,7,940,945
802,201,63,0.619,0.5,0.6776,0.2423,0.381,,0,,0,,0,STZ,5,8,1003,1008
399,100,63,0.4127,0.4012,1.6838,0.3081,0.4286,0.4194,62,0.0,6,0.0,6,DG,5,0,499,504
449,113,63,0.4762,0.5309,0.6999,0.2535,0.4286,0.4444,54,0.4444,54,,0,DG,5,1,562,567
500,125,63,0.5714,0.5895,0.6814,0.2442,0.4286,,0,,0,,0,DG,5,2,625,630
550,138,63,0.4921,0.4832,0.7192,0.2625,0.4444,0.1667,6,0.2,5,0.2,5,DG,5,3,688,693
600,151,63,0.3333,0.6468,0.8573,0.3209,0.6667,,0,,0,,0,DG,5,4,751,756
651,163,63,0.4286,0.5365,0.7197,0.2632,0.5397,0.3333,6,0.3333,6,,0,DG,5,5,814,819
701,176,63,0.254,0.6083,0.7446,0.275,0.2381,0.2333,60,0.3913,23,,0,DG,5,6,877,882
752,188,63,0.3492,0.6268,0.6968,0.2522,0.6984,0.7143,7,0.6667,6,1.0,1,DG,5,7,940,945
802,201,63,0.6349,0.5652,0.6481,0.2286,0.3651,,0,,0,,0,DG,5,8,1003,1008
399,100,63,0.3016,0.3145,1.4233,0.3761,0.5079,0.2273,22,0.15,20,0.15,20,DLTR,5,0,499,504
449,113,63,0.3175,0.4814,0.8974,0.3459,0.3175,0.3175,63,0.3276,58,0.3276,58,DLTR,5,1,562,567
500,125,63,0.6032,0.4419,1.8797,0.2977,0.3175,0.0,5,0.0,5,0.0,5,DLTR,5,2,625,630
550,138,63,0.381,0.5417,0.895,0.3437,0.619,,0,,0,,0,DLTR,5,3,688,693
600,151,63,0.3968,0.4849,1.5002,0.3174,0.5873,0.0,1,,0,,0,DLTR,5,4,751,756
651,163,63,0.7937,0.5073,3.1142,0.2157,0.7778,0.7903,62,0.7903,62,0.7895,57,DLTR,5,5,814,819
701,176,63,0.3016,0.2153,1.2597,0.4679,0.3016,0.3016,63,0.3016,63,0.3016,63,DLTR,5,6,877,882
752,188,63,0.4444,0.6516,0.6882,0.2489,0.6032,0.7143,7,0.7143,7,0.7143,7,DLTR,5,7,940,945
802,201,63,0.4444,0.4163,0.8336,0.3128,0.3175,0.3077,39,0.2333,30,0.2105,19,DLTR,5,8,1003,1008
399,100,63,0.5556,0.5226,0.7469,0.2689,0.4286,0.4815,27,0.0,1,0.0,1,EL,5,0,499,504
449,113,63,0.6825,0.8317,0.5637,0.1917,0.1905,0.3667,30,0.3667,30,0.3846,26,EL,5,1,562,567
500,125,63,0.5238,0.3662,0.957,0.2799,0.3333,0.0,9,0.0,9,0.0,8,EL,5,2,625,630
550,138,63,0.4127,0.475,0.7768,0.2899,0.5556,0.4167,12,,0,,0,EL,5,3,688,693
600,151,63,0.6825,0.6265,0.6382,0.2229,0.5714,0.6905,42,0.6905,42,0.6296,27,EL,5,4,751,756
651,163,63,0.2381,0.4868,0.8102,0.3064,0.7619,0.5,6,0.5,6,0.5,6,EL,5,5,814,819
701,176,63,0.4127,0.4219,3.1134,0.3781,0.4603,0.4091,44,0.4091,44,0.4091,44,EL,5,6,877,882
752,188,63,0.4762,0.5576,0.7092,0.2544,0.6508,0.75,16,0.75,16,0.75,16,EL,5,7,940,945
802,201,63,0.5397,0.5,0.7418,0.2721,0.5397,0.5397,63,0.5397,63,0.5397,63,EL,5,8,1003,1008
399,100,63,0.5079,0.4833,2.3314,0.3129,0.5397,0.5294,51,,0,,0,GIS,5,0,499,504
449,113,63,0.6984,0.7454,0.619,0.2142,0.5556,0.7667,30,0.7407,27,0.7407,27,GIS,5,1,562,567
500,125,63,0.6032,0.6656,0.6808,0.244,0.381,0.4894,47,0.4884,43,,0,GIS,5,2,625,630
550,138,63,0.5714,0.7063,3.9317,0.3532,0.3333,0.4375,48,0.5,34,0.5,34,GIS,5,3,688,693
600,151,63,0.4286,0.5043,0.8039,0.3026,0.381,0.3846,52,0.3846,52,0.3846,52,GIS,5,4,751,756
651,163,63,0.4444,0.4679,0.6911,0.2496,0.4444,0.3871,31,,0,,0,GIS,5,5,814,819
701,176,63,0.6349,0.5125,0.6643,0.2357,0.3651,,0,,0,,0,GIS,5,6,877,882
752,188,63,0.4762,0.4864,0.7251,0.2656,0.5238,,0,,0,,0,GIS,5,7,940,945
802,201,63,0.7778,0.5051,0.6095,0.2089,0.2222,,0,,0,,0,GIS,5,8,1003,1008
399,100,63,0.4603,0.5146,0.7168,0.2616,0.5238,0.4667,15,0.2857,7,0.2857,7,HSY,5,0,499,504
449,113,63,0.3651,0.4038,0.7386,0.2726,0.619,0.4783,23,0.4783,23,,0,HSY,5,1,562,567
500,125,63,0.2381,0.5,0.759,0.2828,0.2381,0.2381,63,0.2381,63,,0,HSY,5,2,625,630
550,138,63,0.619,0.5,0.686,0.2464,0.381,,0,,0,,0,HSY,5,3,688,693
600,151,63,0.3968,0.5,0.7554,0.2806,0.6032,,0,,0,,0,HSY,5,4,751,756
651,163,63,0.3651,0.5217,0.7665,0.2861,0.6349,,0,,0,,0,HSY,5,5,814,819
701,176,63,0.6508,0.687,0.639,0.2235,0.4921,0.6216,37,0.6364,33,0.6364,33,HSY,5,6,877,882
752,188,63,0.5079,0.6075,0.9217,0.2561,0.5714,0.6316,19,0.6316,19,0.6316,19,HSY,5,7,940,945
802,201,63,0.6032,0.4872,0.7205,0.2602,0.3175,0.2222,9,0.3333,6,0.2,5,HSY,5,8,1003,1008
399,100,63,0.3651,0.4439,8.0395,0.5657,0.619,0.4615,13,0.4615,13,0.3333,6,HRL,5,0,499,504
449,113,63,0.4762,0.5213,0.7318,0.2608,0.4603,0.4677,62,0.4667,15,0.4667,15,HRL,5,1,562,567
500,125,63,0.4127,0.5132,0.7256,0.2661,0.3968,0.4032,62,0.4032,62,,0,HRL,5,2,625,630
550,138,63,0.6349,0.5033,0.6747,0.2408,0.3651,,0,,0,,0,HRL,5,3,688,693
600,151,63,0.381,0.3976,0.9628,0.2756,0.5397,0.3333,15,0.1818,11,0.0,1,HRL,5,4,751,756
651,163,63,0.4286,0.4084,3.2933,0.3619,0.5714,,0,,0,,0,HRL,5,5,814,819
701,176,63,0.6349,0.5,0.6897,0.2483,0.3651,,0,,0,,0,HRL,5,6,877,882
752,188,63,0.6349,0.5,0.6893,0.2481,0.6349,0.6349,63,,0,,0,HRL,5,7,940,945
802,201,63,0.5079,0.5953,0.723,0.2646,0.3175,0.383,47,0.3784,37,0.3636,11,HRL,5,8,1003,1008
399,100,63,0.381,0.3241,5.0002,0.4484,0.5714,0.4615,39,0.25,8,0.1429,7,KDP,5,0,499,504
449,113,63,0.6032,0.6281,3.655,0.3368,0.5556,0.6562,32,0.6897,29,,0,KDP,5,1,562,567
500,125,63,0.5079,0.4906,0.7297,0.2673,0.5873,0.5714,42,0.5714,42,0.5714,42,KDP,5,2,625,630
550,138,63,0.4762,0.5,8.3508,0.5238,0.4762,0.4762,63,0.4762,63,0.4762,63,KDP,5,3,688,693
600,151,63,0.5714,0.5087,0.9117,0.2518,0.5714,0.5714,63,0.5714,63,0.6667,3,KDP,5,4,751,756
651,163,63,0.5873,0.6985,0.664,0.2355,0.5873,0.5873,63,0.8519,27,,0,KDP,5,5,814,819
701,176,63,0.3492,0.5443,0.7778,0.2905,0.3492,0.3333,57,0.3913,46,0.3684,19,KDP,5,6,877,882
752,188,63,0.6032,0.4574,1.3614,0.2659,0.6032,0.6032,63,0.5,18,0.6,10,KDP,5,7,940,945
802,201,63,0.3968,0.4015,0.7228,0.2644,0.4762,0.4286,56,,0,,0,KDP,5,8,1003,1008
399,100,63,0.5873,0.4667,0.6962,0.2465,0.5873,0.5932,59,0.5932,59,0.5385,13,KMB,5,0,499,504
449,113,63,0.4921,0.5,0.6952,0.251,0.5079,,0,,0,,0,KMB,5,1,562,567
500,125,63,0.5556,0.5595,5.7432,0.4127,0.5079,0.625,16,,0,,0,KMB,5,2,625,630
550,138,63,0.4762,0.547,0.7026,0.2547,0.4762,0.4762,63,0.5,50,,0,KMB,5,3,688,693
600,151,63,0.6349,0.679,0.6461,0.2268,0.5714,0.8824,17,0.9375,16,0.9375,16,KMB,5,4,751,756
651,163,63,0.5714,0.5,0.6925,0.2496,0.4286,,0,,0,,0,KMB,5,5,814,819
701,176,63,0.3175,0.5114,0.6966,0.2517,0.3016,0.3065,62,,0,,0,KMB,5,6,877,882
752,188,63,0.5873,0.5,6.5794,0.4127,0.5873,0.5873,63,0.5873,63,0.5873,63,KMB,5,7,940,945
802,201,63,0.4286,0.4954,0.7212,0.2639,0.4286,0.4286,63,0.4286,63,,0,KMB,5,8,1003,1008
399,100,63,0.4444,0.3954,4.5012,0.4175,0.4444,0.4444,63,0.4444,63,0.32,25,KHC,5,0,499,504
449,113,63,0.381,0.4952,1.2994,0.3333,0.381,0.381,63,0.381,63,0.381,63,KHC,5,1,562,567
500,125,63,0.5079,0.2723,0.7036,0.2547,0.3651,0.0,8,,0,,0,KHC,5,2,625,630
550,138,63,0.5873,0.54,0.675,0.241,0.4127,,0,,0,,0,KHC,5,3,688,693
600,151,63,0.5397,0.5806,0.6866,0.2468,0.4603,,0,,0,,0,KHC,5,4,751,756
651,163,63,0.381,0.4,0.7265,0.2666,0.4444,0.3333,33,,0,,0,KHC,5,5,814,819
701,176,63,0.6349,0.5625,0.6751,0.241,0.3651,,0,,0,,0,KHC,5,6,877,882
752,188,63,0.4286,0.5437,0.7248,0.2639,0.5714,,0,,0,,0,KHC,5,7,940,945
802,201,63,0.6349,0.7046,1.3256,0.2453,0.4444,1.0,5,,0,,0,KHC,5,8,1003,1008
399,100,63,0.4444,0.656,0.8221,0.3077,0.6349,0.7778,9,0.7778,9,0.7778,9,KR,5,0,499,504
449,113,63,0.4921,0.5527,2.2703,0.2972,0.3651,0.3902,41,0.4103,39,0.4103,39,KR,5,1,562,567
500,125,63,0.4286,0.4699,4.4896,0.4182,0.5556,0.0,1,0.0,1,0.0,1,KR,5,2,625,630
550,138,63,0.4603,0.5715,0.7017,0.2561,0.5397,,0,,0,,0,KR,5,3,688,693
600,151,63,0.5556,0.5786,0.683,0.245,0.5556,0.5556,63,0.6087,46,,0,KR,5,4,751,756
651,163,63,0.4921,0.4582,0.7066,0.2566,0.4921,0.4921,63,0.3636,11,0.375,8,KR,5,5,814,819
701,176,63,0.4762,0.61,4.6959,0.4184,0.381,0.4182,55,0.4151,53,0.4167,48,KR,5,6,877,882
752,188,63,0.6984,0.6689,1.2914,0.2366,0.5556,0.6667,48,0.625,24,0.625,24,KR,5,7,940,945
802,201,63,0.5397,0.5806,0.6727,0.2412,0.4603,0.5,50,0.5455,11,0.5,2,KR,5,8,1003,1008
399,100,63,0.5397,0.5674,0.6836,0.2453,0.6032,0.6047,43,0.6053,38,0.6053,38,MKC,5,0,499,504
449,113,63,0.619,0.6161,0.6613,0.2343,0.5397,0.7083,24,0.6957,23,0.6957,23,MKC,5,1,562,567
500,125,63,0.6667,0.7087,1.8373,0.2838,0.5556,0.85,20,0.85,20,0.6667,3,MKC,5,2,625,630
550,138,63,0.6984,0.7086,0.6257,0.2151,0.4762,0.7391,23,0.7391,23,0.7391,23,MKC,5,3,688,693
600,151,63,0.5714,0.5492,0.78,0.2783,0.5397,0.5745,47,0.5745,47,0.5745,47,MKC,5,4,751,756
651,163,63,0.5079,0.5998,2.7278,0.3692,0.4127,0.4561,57,0.4561,57,0.4561,57,MKC,5,5,814,819
701,176,63,0.4286,0.4132,0.7342,0.2702,0.3968,0.4,55,0.2222,18,0.2222,18,MKC,5,6,877,882
752,188,63,0.4603,0.6309,0.8896,0.2477,0.619,0.8571,7,0.8571,7,0.8571,7,MKC,5,7,940,945
802,201,63,0.746,0.5,0.6793,0.2431,0.254,,0,,0,,0,MKC,5,8,1003,1008
399,100,63,0.4762,0.4783,0.7458,0.2733,0.5238,,0,,0,,0,APA,5,0,499,504
449,113,63,0.5238,0.4714,0.7033,0.2549,0.4444,0.0,2,0.0,2,0.0,2,APA,5,1,562,567
500,125,63,0.4603,0.5485,0.7023,0.2546,0.4444,0.4516,62,,0,,0,APA,5,2,625,630
550,138,63,0.4762,0.4642,2.4096,0.3409,0.4921,0.4,10,0.4,5,0.4,5,APA,5,3,688,693
600,151,63,0.4286,0.5118,0.7361,0.2678,0.619,0.7143,7,0.7143,7,0.7143,7,APA,5,4,751,756
651,163,63,0.381,0.5924,0.7331,0.2697,0.6349,1.0,1,,0,,0,APA,5,5,814,819
701,176,63,0.5714,0.5653,0.6602,0.2341,0.6032,0.5932,59,0.7368,19,0.7368,19,APA,5,6,877,882
752,188,63,0.6825,0.5285,0.6503,0.2293,0.6825,0.6825,63,1.0,10,1.0,10,APA,5,7,940,945
802,201,63,0.6825,0.6173,0.606,0.2086,0.6667,0.6774,62,0.7143,49,0.7143,49,APA,5,8,1003,1008
399,100,63,0.3333,0.5391,0.7846,0.2942,0.6667,,0,,0,,0,BKR,5,0,499,504
449,113,63,0.5873,0.651,0.8383,0.2233,0.5238,0.6842,19,0.6842,19,0.6842,19,BKR,5,1,562,567
500,125,63,0.5873,0.3591,3.2574,0.3408,0.5873,0.5873,63,0.5873,63,0.5873,63,BKR,5,2,625,630
550,138,63,0.6508,0.5942,0.6719,0.2395,0.6032,0.66,50,,0,,0,BKR,5,3,688,693
600,151,63,0.3651,0.7011,0.7265,0.2665,0.3651,0.3651,63,0.4038,52,0.5517,29,BKR,5,4,751,756
651,163,63,0.5079,0.4757,1.8851,0.3002,0.5397,0.5556,27,0.5556,27,0.5556,27,BKR,5,5,814,819
701,176,63,0.4286,0.6684,2.06,0.2928,0.6667,0.8,10,0.8,10,0.75,8,BKR,5,6,877,882
752,188,63,0.3651,0.4162,0.6938,0.2503,0.746,0.6667,21,0.5833,12,,0,BKR,5,7,940,945
802,201,63,0.5714,0.5148,0.6827,0.245,0.5556,0.5645,62,0.5763,59,0.5763,59,BKR,5,8,1003,1008
399,100,63,0.4286,0.5,0.7425,0.2743,0.5714,,0,,0,,0,CVX,5,0,499,504
449,113,63,0.6032,0.6292,0.6398,0.2248,0.3492,0.4545,33,,0,,0,CVX,5,1,562,567
500,125,63,0.619,0.6768,0.6341,0.2209,0.619,0.619,63,0.6792,53,0.7586,29,CVX,5,2,625,630
550,138,63,0.5238,0.5985,1.6536,0.2915,0.5238,0.6,15,0.6,15,0.6,15,CVX,5,3,688,693
600,151,63,0.6032,0.5602,1.3976,0.2724,0.5714,0.6222,45,0.6364,44,0.6207,29,CVX,5,4,751,756
651,163,63,0.6667,0.7436,0.6574,0.2334,0.619,0.8214,28,0.8571,7,0.8571,7,CVX,5,5,814,819
701,176,63,0.5397,0.5606,0.7579,0.2799,0.5238,1.0,4,,0,,0,CVX,5,6,877,882
752,188,63,0.4127,0.3634,0.8601,0.3267,0.6667,0.5641,39,0.5714,28,0.5556,27,CVX,5,7,940,945
802,201,63,0.3968,0.3747,5.4853,0.4703,0.6032,,0,,0,,0,CVX,5,8,1003,1008
399,100,63,0.4127,0.4455,1.2427,0.3061,0.619,0.5455,22,0.5263,19,0.5263,19,COP,5,0,499,504
449,113,63,0.254,0.51,0.7644,0.2853,0.254,0.254,63,0.254,63,0.3333,3,COP,5,1,562,567
500,125,63,0.4921,0.5217,0.7008,0.254,0.5238,0.5102,49,0.5517,29,0.5517,29,COP,5,2,625,630
550,138,63,0.5873,0.5,0.6853,0.2461,0.4127,,0,,0,,0,COP,5,3,688,693
600,151,63,0.5556,0.4434,2.7718,0.3233,0.5556,0.5556,63,0.5357,56,0.4615,26,COP,5,4,751,756
651,163,63,0.5556,0.6383,0.6807,0.2438,0.5556,0.5556,63,,0,,0,COP,5,5,814,819
701,176,63,0.4444,0.6726,0.8104,0.3049,0.4127,0.4211,57,0.4211,57,0.4286,56,COP,5,6,877,882
752,188,63,0.5079,0.5622,2.4816,0.3646,0.6984,0.8421,19,0.8125,16,0.8125,16,COP,5,7,940,945
802,201,63,0.4127,0.5,1.2764,0.4561,0.5873,,0,,0,,0,COP,5,8,1003,1008
399,100,63,0.2063,0.6608,6.7497,0.6314,0.7937,,0,,0,,0,DVN,5,0,499,504
449,113,63,0.381,0.5208,0.8237,0.3137,0.381,0.381,63,0.381,63,0.381,63,DVN,5,1,562,567
500,125,63,0.4444,0.7296,1.1402,0.2656,0.4444,0.4444,63,0.4667,60,0.6897,29,DVN,5,2,625,630
550,138,63,0.6825,0.5605,0.6732,0.2402,0.3175,,0,,0,,0,DVN,5,3,688,693
600,151,63,0.4127,0.47,0.7382,0.2722,0.6032,0.5385,13,0.5556,9,0.5556,9,DVN,5,4,751,756
651,163,63,0.4762,0.5974,0.692,0.2495,0.5397,1.0,1,1.0,1,1.0,1,DVN,5,5,814,819
701,176,63,0.5079,0.5,0.6935,0.2502,0.5079,0.5079,63,,0,,0,DVN,5,6,877,882
752,188,63,0.746,0.5685,0.648,0.2275,0.746,0.746,63,0.8421,19,,0,DVN,5,7,940,945
802,201,63,0.5873,0.645,0.6664,0.2369,0.5873,0.5873,63,1.0,5,1.0,5,DVN,5,8,1003,1008
399,100,63,0.2381,0.4979,2.2486,0.3648,0.7619,,0,,0,,0,FANG,5,0,499,504
449,113,63,0.4127,0.5,0.7458,0.276,0.4127,0.4127,63,0.4127,63,,0,FANG,5,1,562,567
500,125,63,0.4762,0.6097,0.7165,0.2614,0.4444,0.459,61,0.5455,33,0.5455,33,FANG,5,2,625,630
550,138,63,0.127,0.1818,0.8255,0.3147,0.3492,0.1633,49,,0,,0,FANG,5,3,688,693
600,151,63,0.6032,0.6415,0.671,0.239,0.4603,0.5556,36,,0,,0,FANG,5,4,751,756
651,163,63,0.5714,0.6295,0.6695,0.2396,0.5079,0.7778,9,0.7778,9,0.7778,9,FANG,5,5,814,819
701,176,63,0.5873,0.6421,0.6786,0.2423,0.5079,0.5833,36,0.5789,19,0.5789,19,FANG,5,6,877,882
752,188,63,0.4127,0.7241,2.2567,0.3811,0.7143,0.9,10,,0,,0,FANG,5,7,940,945
802,201,63,0.3333,0.2918,0.7782,0.2916,0.6349,0.4545,22,0.3,10,0.3,10,FANG,5,8,1003,1008
399,100,63,0.3492,0.6529,0.7285,0.2625,0.6825,0.75,4,0.75,4,0.75,4,EOG,5,0,499,504
449,113,63,0.619,0.7061,0.6406,0.2285,0.4444,0.5417,48,0.5417,48,1.0,5,EOG,5,1,562,567
500,125,63,0.6667,0.6876,0.6748,0.2315,0.4603,0.6176,34,0.6176,34,0.7273,11,EOG,5,2,625,630
550,138,63,0.6825,0.6813,1.1332,0.2562,0.4762,0.6562,32,0.5882,17,0.5,14,EOG,5,3,688,693
600,151,63,0.5238,0.5477,2.8328,0.3413,0.5397,0.5909,22,0.5909,22,0.5909,22,EOG,5,4,751,756
651,163,63,0.6984,0.7308,0.6243,0.2165,0.5079,0.6585,41,0.6923,39,0.72,25,EOG,5,5,814,819
701,176,63,0.381,0.4498,4.3779,0.4523,0.3016,0.3077,52,0.3077,52,0.2941,34,EOG,5,6,877,882
752,188,63,0.6825,0.5,0.6719,0.2394,0.6825,0.6825,63,,0,,0,EOG,5,7,940,945
802,201,63,0.5556,0.6563,6.4997,0.4556,0.6508,0.9333,15,0.9333,15,0.9333,15,EOG,5,8,1003,1008
399,100,63,0.5714,0.5,0.6872,0.2471,0.5714,0.5714,63,,0,,0,EQT,5,0,499,504
449,113,63,0.746,0.621,1.0466,0.2168,0.254,0.5,10,0.7143,7,0.7143,7,EQT,5,1,562,567
500,125,63,0.4286,0.4059,1.4637,0.3117,0.6667,0.6364,22,0.6364,22,0.6364,22,EQT,5,2,625,630
550,138,63,0.5397,0.5442,6.3002,0.4574,0.6667,1.0,13,1.0,13,1.0,11,EQT,5,3,688,693
600,151,63,0.4444,0.6291,1.5965,0.2756,0.5556,,0,,0,,0,EQT,5,4,751,756
651,163,63,0.5397,0.4974,1.01,0.291,0.3968,0.4412,34,0.4167,24,0.1818,11,EQT,5,5,814,819
701,176,63,0.619,0.6033,0.6979,0.2503,0.4921,0.6207,29,0.6207,29,,0,EQT,5,6,877,882
752,188,63,0.4921,0.4714,0.7329,0.2678,0.4127,0.4167,36,0.4167,36,,0,EQT,5,7,940,945
802,201,63,0.3016,0.2942,1.0321,0.3867,0.6032,0.2857,14,0.2857,14,,0,EQT,5,8,1003,1008
399,100,63,0.3016,0.661,1.3065,0.3324,0.6667,0.3333,6,0.4,5,0.4,5,XOM,5,0,499,504
449,113,63,0.6032,0.6081,1.5453,0.2519,0.4762,0.5676,37,0.5676,37,,0,XOM,5,1,562,567
500,125,63,0.5873,0.5832,0.6706,0.2394,0.4603,0.6667,9,1.0,3,1.0,3,XOM,5,2,625,630
550,138,63,0.6508,0.6629,2.5037,0.298,0.381,0.5278,36,0.5143,35,0.55,20,XOM,5,3,688,693
600,151,63,0.5714,0.5895,0.7188,0.2618,0.5714,0.68,25,0.5,12,0.4545,11,XOM,5,4,751,756
651,163,63,0.6032,0.6094,0.6633,0.2354,0.4921,0.5536,56,0.5536,56,,0,XOM,5,5,814,819
701,176,63,0.6349,0.7437,0.6345,0.2223,0.6032,0.7778,27,0.7692,26,0.7895,19,XOM,5,6,877,882
752,188,63,0.2857,0.6272,3.133,0.3878,0.7143,,0,,0,,0,XOM,5,7,940,945
802,201,63,0.5238,0.5,0.692,0.2495,0.5238,0.5238,63,,0,,0,XOM,5,8,1003,1008
399,100,63,0.6984,0.7842,0.5967,0.2035,0.619,0.9545,22,0.9545,22,0.9545,22,HAL,5,0,499,504
449,113,63,0.4286,0.4509,3.2164,0.4065,0.381,0.3966,58,0.3966,58,0.3966,58,HAL,5,1,562,567
500,125,63,0.6349,0.642,0.6832,0.245,0.4286,0.5667,30,,0,,0,HAL,5,2,625,630
550,138,63,0.5238,0.4646,0.7173,0.2605,0.4762,,0,,0,,0,HAL,5,3,688,693
600,151,63,0.4444,0.4959,0.6958,0.2516,0.4286,0.4355,62,,0,,0,HAL,5,4,751,756
651,163,63,0.4286,0.4315,0.7143,0.2605,0.5079,0.4,20,0.4,20,,0,HAL,5,5,814,819
701,176,63,0.6667,0.5476,0.662,0.2362,0.6667,0.6667,63,1.0,4,1.0,4,HAL,5,6,877,882
752,188,63,0.3651,0.6087,0.7003,0.2539,0.6349,,0,,0,,0,HAL,5,7,940,945
802,201,63,0.6032,0.5379,0.6817,0.2443,0.6032,0.6032,63,0.75,8,,0,HAL,5,8,1003,1008
399,100,63,0.6984,0.6821,0.6517,0.2296,0.6349,0.7561,41,0.8095,21,1.0,3,KMI,5,0,499,504
449,113,63,0.4444,0.5321,0.7678,0.283,0.619,0.625,16,0.625,16,0.625,16,KMI,5,1,562,567
500,125,63,0.7143,0.6264,0.6029,0.2077,0.7619,0.8,50,0.7895,38,0.7879,33,KMI,5,2,625,630
550,138,63,0.6032,0.3742,1.0278,0.3301,0.6032,0.6032,63,0.5763,59,0.5763,59,KMI,5,3,688,693
600,151,63,0.5079,0.565,3.3013,0.3678,0.5079,0.5079,63,0.5079,63,0.5273,55,KMI,5,4,751,756
651,163,63,0.5397,0.6795,1.0659,0.2326,0.5397,0.5397,63,0.75,24,0.75,24,KMI,5,5,814,819
701,176,63,0.5714,0.536,2.5616,0.3201,0.5397,0.5814,43,0.5333,15,0.5,10,KMI,5,6,877,882
752,188,63,0.5079,0.5508,3.5427,0.3716,0.6984,0.7826,23,0.75,8,1.0,1,KMI,5,7,940,945
802,201,63,0.4127,0.4234,0.7803,0.2917,0.5397,0.4444,27,0.4762,21,0.4286,7,KMI,5,8,1003,1008
399,100,63,0.3651,0.4188,0.9624,0.3693,0.619,0.4706,17,0.4706,17,0.3333,3,MPC,5,0,499,504
449,113,63,0.4444,0.4607,1.7071,0.321,0.4444,0.4444,63,0.4444,63,0.4444,63,MPC,5,1,562,567
500,125,63,0.3651,0.5114,2.9541,0.4039,0.3651,0.3651,63,0.3846,39,0.3846,39,MPC,5,2,625,630
550,138,63,0.4444,0.5791,0.6987,0.2531,0.5556,,0,,0,,0,MPC,5,3,688,693
600,151,63,0.5714,0.4769,1.1617,0.2676,0.5714,0.5714,63,0.3333,3,0.3333,3,MPC,5,4,751,756
651,163,63,0.5873,0.7372,1.5035,0.2278,0.4444,1.0,2,1.0,1,,0,MPC,5,5,814,819
701,176,63,0.5873,0.7636,1.0818,0.3563,0.6349,1.0,14,1.0,11,,0,MPC,5,6,877,882
752,188,63,0.4603,0.6132,1.6195,0.2827,0.4286,0.4255,47,0.0,1,0.0,1,MPC,5,7,940,945
802,201,63,0.5556,0.5868,6.0844,0.4544,0.6032,0.9167,12,0.9167,12,,0,MPC,5,8,1003,1008
399,100,63,0.3968,0.607,2.1265,0.4065,0.6508,1.0,3,1.0,3,1.0,3,OXY,5,0,499,504
449,113,63,0.4921,0.5374,4.4422,0.3955,0.3333,0.3333,33,0.4074,27,0.4074,27,OXY,5,1,562,567
500,125,63,0.381,0.5,9.8691,0.619,0.381,0.381,63,0.381,63,0.381,63,OXY,5,2,625,630
550,138,63,0.6508,0.5792,1.0936,0.2398,0.4286,0.7778,9,0.7778,9,0.7143,7,OXY,5,3,688,693
600,151,63,0.4286,0.565,0.952,0.2732,0.5873,0.6667,3,0.6667,3,0.6667,3,OXY,5,4,751,756
651,163,63,0.4444,0.5421,0.77,0.2871,0.5873,0.6,10,,0,,0,OXY,5,5,814,819
701,176,63,0.5873,0.5294,0.7167,0.2626,0.4603,0.5484,31,0.3889,18,0.3889,18,OXY,5,6,877,882
752,188,63,0.4444,0.4611,0.9261,0.2579,0.6032,0.5349,43,0.5349,43,0.7778,9,OXY,5,7,940,945
802,201,63,0.4127,0.5505,0.6982,0.253,0.6667,0.8571,7,0.8571,7,1.0,5,OXY,5,8,1003,1008
399,100,63,0.4286,0.5642,0.7158,0.2613,0.7143,0.8462,13,0.8182,11,,0,OKE,5,0,499,504
449,113,63,0.5714,0.5154,0.9328,0.2614,0.5714,0.5714,63,0.5714,63,0.5714,63,OKE,5,1,562,567
500,125,63,0.7302,0.6944,0.5741,0.1957,0.7143,0.7258,62,0.8387,31,0.8621,29,OKE,5,2,625,630
550,138,63,0.4444,0.5208,3.3353,0.3796,0.4603,0.4483,58,0.4483,58,0.4483,58,OKE,5,3,688,693
600,151,63,0.4762,0.5333,2.865,0.3499,0.4762,0.4762,63,0.4762,63,0.5833,48,OKE,5,4,751,756
651,163,63,0.4444,0.599,0.7003,0.2534,0.4444,0.4444,63,0.5333,30,0.5333,30,OKE,5,5,814,819
701,176,63,0.6032,0.5484,3.5922,0.3155,0.3968,,0,,0,,0,OKE,5,6,877,882
752,188,63,0.254,0.734,6.8546,0.5968,0.746,,0,,0,,0,OKE,5,7,940,945
802,201,63,0.5238,0.554,0.7812,0.2867,0.5238,0.7143,7,0.0,1,,0,OKE,5,8,1003,1008
399,100,63,0.5238,0.2793,1.0901,0.3353,0.5238,0.5238,63,0.2941,34,0.2941,34,PSX,5,0,499,504
449,113,63,0.3968,0.5921,0.8108,0.3064,0.3968,0.3968,63,0.3968,63,0.3968,63,PSX,5,1,562,567
500,125,63,0.6508,0.6713,0.6642,0.2355,0.4286,0.5862,29,0.5862,29,0.0,1,PSX,5,2,625,630
550,138,63,0.4762,0.5505,0.7669,0.2873,0.6667,0.6957,23,0.6957,23,0.0,1,PSX,5,3,688,693
600,151,63,0.5238,0.6242,2.4661,0.2862,0.5238,0.5238,63,0.6667,24,0.6667,24,PSX,5,4,751,756
651,163,63,0.619,0.7334,1.3012,0.2292,0.4921,0.5745,47,0.875,16,0.875,16,PSX,5,5,814,819
701,176,63,0.4286,0.5087,0.7263,0.2659,0.6349,1.0,4,1.0,4,1.0,4,PSX,5,6,877,882
752,188,63,0.619,0.6408,1.9172,0.3092,0.6508,0.7742,31,0.7143,7,0.7143,7,PSX,5,7,940,945
802,201,63,0.5714,0.5705,2.2901,0.2979,0.5714,0.6286,35,0.6286,35,0.6,30,PSX,5,8,1003,1008
399,100,63,0.3968,0.3419,0.8139,0.3068,0.5238,0.381,21,0.381,21,0.5,4,SLB,5,0,499,504
449,113,63,0.6349,0.5722,0.6581,0.2326,0.4127,0.8,5,1.0,3,,0,SLB,5,1,562,567
500,125,63,0.5079,0.497,0.7624,0.2814,0.4603,0.4706,34,0.4706,34,0.4706,34,SLB,5,2,625,630
550,138,63,0.5873,0.497,0.8737,0.2927,0.4762,0.5526,38,0.0,7,0.0,7,SLB,5,3,688,693
600,151,63,0.6667,0.6673,0.6581,0.2326,0.5079,0.6897,29,,0,,0,SLB,5,4,751,756
651,163,63,0.5238,0.6924,0.6577,0.2355,0.4762,,0,,0,,0,SLB,5,5,814,819
701,176,63,0.5556,0.4689,0.9312,0.2612,0.5556,0.5556,63,0.541,61,0.541,61,SLB,5,6,877,882
752,188,63,0.5238,0.5798,0.7937,0.2956,0.6508,0.72,25,1.0,5,,0,SLB,5,7,940,945
802,201,63,0.4603,0.5211,3.9842,0.3821,0.6032,0.6667,12,0.6364,11,0.6364,11,SLB,5,8,1003,1008
399,100,63,0.4444,0.6582,5.4598,0.4659,0.746,1.0,12,,0,,0,TRGP,5,0,499,504
449,113,63,0.7143,0.4688,1.0678,0.2209,0.7619,0.75,60,0.75,60,0.75,60,TRGP,5,1,562,567
500,125,63,0.746,0.6955,0.5231,0.1729,0.746,0.7818,55,0.7963,54,0.7963,54,TRGP,5,2,625,630
550,138,63,0.5556,0.5811,3.6591,0.3464,0.5556,0.5556,63,0.5556,63,0.5556,63,TRGP,5,3,688,693
600,151,63,0.4921,0.5207,1.0368,0.299,0.4921,0.4921,63,0.4921,63,0.4921,63,TRGP,5,4,751,756
651,163,63,0.5079,0.7218,0.6614,0.2366,0.5079,0.5085,59,0.5085,59,0.9333,15,TRGP,5,5,814,819
701,176,63,0.381,0.401,0.8197,0.3099,0.5556,0.4231,26,0.45,20,,0,TRGP,5,6,877,882
752,188,63,0.5714,0.4674,1.2051,0.2873,0.7619,0.7442,43,1.0,1,,0,TRGP,5,7,940,945
802,201,63,0.3968,0.5,1.0069,0.3845,0.6032,,0,,0,,0,TRGP,5,8,1003,1008
399,100,63,0.7143,0.637,1.8629,0.216,0.7143,0.8,45,0.8,45,0.8,45,TPL,5,0,499,504
449,113,63,0.4444,0.5244,1.0917,0.3313,0.5873,0.625,8,0.625,8,0.625,8,TPL,5,1,562,567
500,125,63,0.3333,0.58,0.6538,0.232,0.7937,1.0,8,1.0,8,1.0,8,TPL,5,2,625,630
550,138,63,0.5714,0.5,0.7102,0.2573,0.5714,0.5714,63,0.5714,63,0.5714,63,TPL,5,3,688,693
600,151,63,0.5397,0.5385,0.7128,0.2606,0.5397,0.5397,63,0.5397,63,0.5397,63,TPL,5,4,751,756
651,163,63,0.2222,0.5,0.8161,0.3107,0.2222,0.2222,63,0.2222,63,,0,TPL,5,5,814,819
701,176,63,0.5079,0.5159,0.8277,0.3091,0.5714,0.8571,7,1.0,1,1.0,1,TPL,5,6,877,882
752,188,63,0.5397,0.5418,0.6979,0.2524,0.5556,0.625,24,,0,,0,TPL,5,7,940,945
802,201,63,0.5079,0.6336,0.7048,0.2557,0.5079,1.0,1,,0,,0,TPL,5,8,1003,1008
399,100,63,0.4921,0.5602,1.3582,0.3873,0.5556,0.6667,9,,0,,0,VLO,5,0,499,504
449,113,63,0.4762,0.498,0.9374,0.263,0.4762,0.4754,61,,0,,0,VLO,5,1,562,567
500,125,63,0.4603,0.7093,0.6761,0.2426,0.2857,0.34,50,1.0,5,1.0,5,VLO,5,2,625,630
550,138,63,0.5238,0.5362,1.4458,0.2965,0.5556,0.5806,31,,0,,0,VLO,5,3,688,693
600,151,63,0.6349,0.6235,0.6718,0.2387,0.5556,0.6364,44,0.6364,44,,0,VLO,5,4,751,756
651,163,63,0.6032,0.7378,0.6118,0.212,0.4603,0.5625,32,0.6296,27,,0,VLO,5,5,814,819
701,176,63,0.5079,0.8426,1.9,0.3258,0.6508,1.0,10,1.0,5,1.0,5,VLO,5,6,877,882
752,188,63,0.5873,0.5837,0.6881,0.2475,0.5397,0.7857,14,,0,,0,VLO,5,7,940,945
802,201,63,0.4762,0.5658,0.6915,0.2493,0.6032,1.0,5,1.0,3,1.0,2,VLO,5,8,1003,1008
399,100,63,0.5714,0.566,0.6932,0.2493,0.5873,0.5926,54,0.6038,53,0.6038,53,AES,5,0,499,504
449,113,63,0.6349,0.6837,1.227,0.2145,0.3968,0.5238,42,,0,,0,AES,5,1,562,567
500,125,63,0.5238,0.4939,0.9781,0.2802,0.4444,0.4762,42,0.4762,42,0.0,5,AES,5,2,625,630
550,138,63,0.3333,0.6145,6.3478,0.4844,0.3333,0.3333,63,0.3333,63,0.4146,41,AES,5,3,688,693
600,151,63,0.4921,0.4536,0.7112,0.2587,0.5079,,0,,0,,0,AES,5,4,751,756
651,163,63,0.4286,0.684,0.6962,0.2525,0.5873,1.0,1,1.0,1,1.0,1,AES,5,5,814,819
701,176,63,0.3651,0.5065,3.2893,0.3628,0.6349,0.5,14,0.25,4,1.0,1,AES,5,6,877,882
752,188,63,0.5079,0.5963,0.6907,0.2488,0.5397,0.5246,61,0.5246,61,,0,AES,5,7,940,945
802,201,63,0.4762,0.5283,0.6987,0.2531,0.4762,0.4762,63,0.4762,63,0.625,8,AES,5,8,1003,1008
399,100,63,0.5556,0.548,1.1521,0.2636,0.5556,0.7333,15,0.7143,14,0.7143,14,LNT,5,0,499,504
449,113,63,0.6349,0.6452,3.2514,0.3379,0.6508,0.725,40,1.0,5,,0,LNT,5,1,562,567
500,125,63,0.3968,0.6447,7.187,0.5409,0.6032,,0,,0,,0,LNT,5,2,625,630
550,138,63,0.5556,0.6732,0.6844,0.2475,0.5238,0.5439,57,0.5439,57,0.5439,57,LNT,5,3,688,693
600,151,63,0.5397,0.5962,2.2834,0.2935,0.5873,0.6111,36,0.6,35,1.0,11,LNT,5,4,751,756
651,163,63,0.5397,0.5084,0.7034,0.2541,0.6032,0.6552,29,0.6296,27,0.64,25,LNT,5,5,814,819
701,176,63,0.5556,0.5625,0.6931,0.25,0.5079,1.0,4,,0,,0,LNT,5,6,877,882
752,188,63,0.5397,0.5131,0.6905,0.2487,0.5238,0.5333,60,,0,,0,LNT,5,7,940,945
802,201,63,0.4921,0.5495,0.7103,0.2584,0.6032,0.6875,16,0.6875,16,0.6154,13,LNT,5,8,1003,1008
399,100,63,0.4444,0.571,0.7935,0.2957,0.5714,0.5263,19,0.5263,19,0.5263,19,AEE,5,0,499,504
449,113,63,0.4444,0.4418,0.7827,0.2928,0.619,0.5526,38,0.5526,38,0.5526,38,AEE,5,1,562,567
500,125,63,0.746,0.7605,3.1293,0.291,0.6825,0.8649,37,0.8649,37,,0,AEE,5,2,625,630
550,138,63,0.5556,0.5637,4.1829,0.3726,0.6032,0.7273,22,0.7273,22,0.7273,22,AEE,5,3,688,693
600,151,63,0.5714,0.5884,1.0894,0.2453,0.5873,0.619,42,0.641,39,0.6,25,AEE,5,4,751,756
651,163,63,0.5556,0.5732,2.5707,0.3209,0.6032,0.6786,28,0.7,10,1.0,2,AEE,5,5,814,819
701,176,63,0.4444,0.3829,0.7582,0.28,0.4603,0.4444,54,0.2632,19,,0,AEE,5,6,877,882
752,188,63,0.4603,0.4763,1.6362,0.2924,0.6032,0.5526,38,0.6,15,0.5,4,AEE,5,7,940,945
802,201,63,0.5079,0.5185,0.7024,0.259,0.5714,0.5424,59,0.6061,33,0.6061,33,AEE,5,8,1003,1008
399,100,63,0.5714,0.5674,0.9545,0.2678,0.6032,0.6,55,0.6389,36,0.6389,36,AEP,5,0,499,504
449,113,63,0.5238,0.4924,0.9505,0.2682,0.6349,0.6087,46,0.6667,18,0.6667,18,AEP,5,1,562,567
500,125,63,0.5079,0.4803,0.6893,0.2482,0.5079,0.5079,63,0.4444,18,0.8,5,AEP,5,2,625,630
550,138,63,0.5079,0.3735,3.4957,0.3542,0.5714,0.5424,59,0.5424,59,0.5424,59,AEP,5,3,688,693
600,151,63,0.6508,0.66,0.5974,0.2092,0.6032,0.7,40,0.7,40,0.7,40,AEP,5,4,751,756
651,163,63,0.3968,0.4962,0.7388,0.2726,0.6349,0.625,8,0.625,8,,0,AEP,5,5,814,819
701,176,63,0.5714,0.5093,0.6823,0.2446,0.5714,0.5714,63,0.5714,63,0.6667,3,AEP,5,6,877,882
752,188,63,0.619,0.5962,0.6677,0.2374,0.619,0.619,63,0.7778,18,,0,AEP,5,7,940,945
802,201,63,0.6032,0.4811,0.69,0.2481,0.6032,0.6032,63,0.5745,47,0.5745,47,AEP,5,8,1003,1008
399,100,63,0.4762,0.4884,0.7552,0.2733,0.5079,0.4912,57,0.5455,11,0.5455,11,AWK,5,0,499,504
449,113,63,0.4127,0.5275,1.0328,0.3756,0.5873,,0,,0,,0,AWK,5,1,562,567
500,125,63,0.5079,0.5457,0.6874,0.2472,0.4127,0.4138,29,,0,,0,AWK,5,2,625,630
550,138,63,0.4127,0.4887,0.8028,0.3026,0.3333,0.3571,56,0.3571,56,0.3571,56,AWK,5,3,688,693
600,151,63,0.4127,0.5607,0.7142,0.2633,0.6667,1.0,5,1.0,5,1.0,5,AWK,5,4,751,756
651,163,63,0.4921,0.6149,1.1502,0.2635,0.4921,0.4545,11,0.3333,3,0.3333,3,AWK,5,5,814,819
701,176,63,0.5079,0.546,0.6812,0.2445,0.4762,0.3333,3,0.3333,3,,0,AWK,5,6,877,882
752,188,63,0.6508,0.5,0.6854,0.2461,0.3492,,0,,0,,0,AWK,5,7,940,945
802,201,63,0.5556,0.482,2.1067,0.3026,0.5714,0.5714,56,0.5625,16,0.5625,16,AWK,5,8,1003,1008
399,100,63,0.5397,0.5,2.6216,0.3288,0.5873,0.5833,48,0.6667,9,0.6667,9,ATO,5,0,499,504
449,113,63,0.5556,0.5932,2.354,0.3229,0.6032,0.7083,24,0.7083,24,,0,ATO,5,1,562,567
500,125,63,0.6667,0.6962,2.0865,0.3007,0.6508,0.7778,36,,0,,0,ATO,5,2,625,630
550,138,63,0.5238,0.4249,1.0425,0.3095,0.5079,0.5172,58,0.5088,57,0.425,40,ATO,5,3,688,693
600,151,63,0.7143,0.6227,0.5841,0.1997,0.6825,0.7049,61,0.7451,51,0.7451,51,ATO,5,4,751,756
651,163,63,0.5714,0.5766,0.6829,0.2473,0.5079,0.5439,57,0.5439,57,0.5439,57,ATO,5,5,814,819
701,176,63,0.5556,0.5541,2.3545,0.3159,0.5873,0.5818,55,0.5769,52,0.641,39,ATO,5,6,877,882
752,188,63,0.4444,0.7087,0.6783,0.2427,0.4444,0.4444,63,0.7647,17,,0,ATO,5,7,940,945
802,201,63,0.381,0.3827,0.8078,0.3027,0.5556,0.4231,26,0.4348,23,0.4348,23,ATO,5,8,1003,1008
399,100,63,0.619,0.6277,0.6786,0.2428,0.619,0.6923,39,,0,,0,CNP,5,0,499,504
449,113,63,0.5397,0.572,2.7693,0.3212,0.4603,0.5,40,0.5,40,0.5484,31,CNP,5,1,562,567
500,125,63,0.7937,0.7547,0.5115,0.1626,0.6825,0.7778,54,0.82,50,0.82,50,CNP,5,2,625,630
550,138,63,0.4444,0.463,0.7495,0.275,0.5714,0.5185,27,0.5185,27,0.5455,22,CNP,5,3,688,693
600,151,63,0.3651,0.4611,4.8137,0.4619,0.6984,1.0,4,,0,,0,CNP,5,4,751,756
651,163,63,0.3016,0.2364,6.4458,0.5192,0.5238,0.3103,29,0.2308,26,,0,CNP,5,5,814,819
701,176,63,0.4762,0.5,0.7086,0.2577,0.4762,0.4762,63,0.4762,63,,0,CNP,5,6,877,882
752,188,63,0.5714,0.5278,0.6837,0.2453,0.5714,0.5714,63,1.0,2,,0,CNP,5,7,940,945
802,201,63,0.5873,0.5,0.6834,0.2451,0.5873,0.5873,63,,0,,0,CNP,5,8,1003,1008
399,100,63,0.619,0.5731,1.4037,0.278,0.6667,0.75,36,0.7647,34,0.4,5,CMS,5,0,499,504
449,113,63,0.5556,0.5,0.687,0.2469,0.5556,0.5556,63,0.5556,63,,0,CMS,5,1,562,567
500,125,63,0.6825,0.5,0.6696,0.2382,0.6825,0.6825,63,,0,,0,CMS,5,2,625,630
550,138,63,0.4603,0.5289,0.8298,0.3122,0.4603,0.4603,63,0.4603,63,0.4603,63,CMS,5,3,688,693
600,151,63,0.7143,0.6637,0.6298,0.2187,0.5873,0.6727,55,0.6727,55,0.6792,53,CMS,5,4,751,756
651,163,63,0.5714,0.5614,0.687,0.2469,0.5397,0.5745,47,,0,,0,CMS,5,5,814,819
701,176,63,0.5079,0.5469,0.6894,0.2481,0.5079,0.5079,63,,0,,0,CMS,5,6,877,882
752,188,63,0.4603,0.4616,1.9061,0.31,0.5238,0.4615,13,0.4615,13,0.4615,13,CMS,5,7,940,945
802,201,63,0.4444,0.3468,1.4624,0.3059,0.5079,0.4727,55,0.0,7,0.0,7,CMS,5,8,1003,1008
399,100,63,0.5397,0.4939,2.6461,0.3505,0.5397,0.5758,33,0.6129,31,0.6129,31,ED,5,0,499,504
449,113,63,0.5238,0.5259,2.1036,0.3126,0.4603,0.4783,23,0.4783,23,0.4783,23,ED,5,1,562,567
500,125,63,0.5238,0.4939,6.2158,0.4323,0.4762,,0,,0,,0,ED,5,2,625,630
550,138,63,0.4603,0.6354,0.6561,0.237,0.4603,0.4561,57,0.4561,57,1.0,9,ED,5,3,688,693
600,151,63,0.5079,0.5783,0.7216,0.2609,0.6349,0.8,15,0.7857,14,0.5,2,ED,5,4,751,756
651,163,63,0.4286,0.4237,0.7291,0.2677,0.5238,0.44,25,0.5,18,0.4667,15,ED,5,5,814,819
701,176,63,0.5714,0.5872,0.6954,0.251,0.3175,0.36,25,0.36,25,,0,ED,5,6,877,882
752,188,63,0.381,0.4662,0.7227,0.2653,0.6508,0.5556,18,,0,,0,ED,5,7,940,945
802,201,63,0.6032,0.5422,0.8951,0.2458,0.4286,0.75,4,0.75,4,0.75,4,ED,5,8,1003,1008
399,100,63,0.6508,0.6921,0.6298,0.2195,0.6032,0.6538,52,0.8214,28,0.7619,21,DTE,5,0,499,504
449,113,63,0.5238,0.599,2.1558,0.316,0.5238,0.5385,39,0.6667,21,0.7143,7,DTE,5,1,562,567
500,125,63,0.5397,0.5587,2.0164,0.354,0.6349,0.6774,31,0.625,16,0.625,16,DTE,5,2,625,630
550,138,63,0.4921,0.6613,1.7571,0.3442,0.4921,0.4921,63,0.4921,63,0.4921,63,DTE,5,3,688,693
600,151,63,0.6667,0.6508,0.6452,0.2266,0.6667,0.6667,63,0.7647,34,1.0,5,DTE,5,4,751,756
651,163,63,0.5238,0.5232,0.6999,0.2531,0.4921,0.5094,53,,0,,0,DTE,5,5,814,819
701,176,63,0.4921,0.443,1.461,0.3038,0.5079,,0,,0,,0,DTE,5,6,877,882
752,188,63,0.4444,0.4332,0.7254,0.2644,0.4444,0.4186,43,0.0,2,0.0,2,DTE,5,7,940,945
802,201,63,0.3968,0.6211,0.7183,0.2609,0.5873,0.0,1,0.0,1,0.0,1,DTE,5,8,1003,1008
399,100,63,0.5873,0.4849,0.6864,0.2463,0.5873,0.5873,63,0.5758,33,0.5,2,DUK,5,0,499,504
449,113,63,0.4127,0.2779,2.491,0.3931,0.6032,0.5102,49,0.4667,45,0.4667,45,DUK,5,1,562,567
500,125,63,0.4603,0.5598,0.7046,0.2557,0.4603,0.4603,63,0.5238,21,,0,DUK,5,2,625,630
550,138,63,0.5556,0.4607,0.6976,0.2521,0.5556,0.5556,63,0.5556,63,0.5306,49,DUK,5,3,688,693
600,151,63,0.3651,0.4226,0.7399,0.2724,0.5873,0.0,3,0.0,3,0.0,3,DUK,5,4,751,756
651,163,63,0.6984,0.5114,0.6727,0.2398,0.6984,0.6984,63,,0,,0,DUK,5,5,814,819
701,176,63,0.3968,0.3121,0.8689,0.3238,0.3968,0.3968,63,0.3818,55,0.1053,19,DUK,5,6,877,882
752,188,63,0.5714,0.5324,1.8021,0.2727,0.5714,0.5714,63,0.5714,63,0.6429,14,DUK,5,7,940,945
802,201,63,0.5238,0.5,0.6925,0.2497,0.5238,0.5238,63,,0,,0,DUK,5,8,1003,1008
399,100,63,0.5397,0.5331,0.99,0.2733,0.6825,0.675,40,0.7826,23,0.7826,23,EIX,5,0,499,504
449,113,63,0.4444,0.4636,0.782,0.2923,0.6349,0.6087,23,,0,,0,EIX,5,1,562,567
500,125,63,0.6032,0.6358,0.657,0.2322,0.6032,0.6032,63,0.6032,63,0.7222,36,EIX,5,2,625,630
550,138,63,0.3175,0.1988,2.0328,0.4529,0.3175,0.3175,63,0.2727,55,0.2593,54,EIX,5,3,688,693
600,151,63,0.7143,0.5,0.6554,0.2312,0.7143,0.7143,63,,0,,0,EIX,5,4,751,756
651,163,63,0.4603,0.5057,0.6981,0.2525,0.5714,0.5625,16,,0,,0,EIX,5,5,814,819
701,176,63,0.5397,0.6323,0.6608,0.2355,0.5238,0.537,54,1.0,9,1.0,7,EIX,5,6,877,882
752,188,63,0.619,0.5,0.6668,0.2369,0.619,0.619,63,0.619,63,,0,EIX,5,7,940,945
802,201,63,0.5079,0.5312,0.6918,0.2493,0.5079,0.5079,63,,0,,0,EIX,5,8,1003,1008
399,100,63,0.5873,0.581,0.904,0.2479,0.6349,0.75,28,0.75,28,,0,ETR,5,0,499,504
449,113,63,0.619,0.6613,0.6123,0.2143,0.619,0.619,63,0.6531,49,0.8095,21,ETR,5,1,562,567
500,125,63,0.4286,0.5892,2.3223,0.3856,0.8254,0.8636,22,0.85,20,,0,ETR,5,2,625,630
550,138,63,0.6825,0.5,0.625,0.2167,0.6825,0.6825,63,0.6825,63,0.6825,63,ETR,5,3,688,693
600,151,63,0.5397,0.5,0.7583,0.2789,0.5397,0.5397,63,0.5397,63,0.5397,63,ETR,5,4,751,756
651,163,63,0.6032,0.7305,0.6672,0.2331,0.6032,0.6032,63,0.6032,63,0.6032,63,ETR,5,5,814,819
701,176,63,0.5556,0.4001,3.0648,0.3474,0.5397,0.5484,62,0.5424,59,0.5424,59,ETR,5,6,877,882
752,188,63,0.5397,0.4797,0.7322,0.2676,0.5397,0.5397,63,0.5397,63,0.5397,63,ETR,5,7,940,945
802,201,63,0.4603,0.4429,1.7228,0.324,0.5714,0.625,8,0.625,8,0.625,8,ETR,5,8,1003,1008
399,100,63,0.3333,0.4269,0.8367,0.3171,0.6667,0.5,2,0.5,2,,0,EVRG,5,0,499,504
449,113,63,0.4603,0.3768,0.7234,0.2649,0.5873,0.5333,45,0.5333,45,0.3636,11,EVRG,5,1,562,567
500,125,63,0.5873,0.5,0.6785,0.2427,0.5873,0.5873,63,0.5873,63,0.5873,63,EVRG,5,2,625,630
550,138,63,0.3968,0.3953,0.7655,0.2825,0.619,0.5128,39,0.5128,39,0.5263,38,EVRG,5,3,688,693
600,151,63,0.5714,0.403,0.6947,0.2502,0.6508,0.625,56,0.625,56,0.5957,47,EVRG,5,4,751,756
651,163,63,0.5873,0.5,0.68,0.2434,0.5873,0.5873,63,0.5873,63,0.5873,63,EVRG,5,5,814,819
701,176,63,0.5238,0.5,0.6942,0.2505,0.5238,0.5238,63,0.5238,63,,0,EVRG,5,6,877,882
752,188,63,0.5397,0.5811,0.6839,0.2455,0.5397,0.5641,39,0.5676,37,0.8182,11,EVRG,5,7,940,945
802,201,63,0.4921,0.6547,0.6786,0.2428,0.5079,0.5,60,0.6136,44,0.6667,15,EVRG,5,8,1003,1008
399,100,63,0.4603,0.4174,4.3057,0.4214,0.6349,0.5789,38,,0,,0,ES,5,0,499,504
449,113,63,0.6508,0.6035,0.8421,0.2285,0.5238,0.6038,53,0.6111,18,0.5,14,ES,5,1,562,567
500,125,63,0.619,0.6009,0.6399,0.2308,0.5397,0.5962,52,0.5897,39,,0,ES,5,2,625,630
550,138,63,0.5397,0.4929,1.2183,0.2907,0.5238,0.5345,58,0.5345,58,0.3333,12,ES,5,3,688,693
600,151,63,0.6349,0.6348,0.643,0.2256,0.6349,0.6441,59,0.6441,59,0.7917,24,ES,5,4,751,756
651,163,63,0.6032,0.3895,0.7353,0.2678,0.6032,0.6066,61,0.3333,6,0.3333,6,ES,5,5,814,819
701,176,63,0.4762,0.4012,0.7203,0.263,0.5079,0.4915,59,0.4828,58,,0,ES,5,6,877,882
752,188,63,0.5873,0.5036,0.6782,0.2426,0.5873,0.5873,63,0.5873,63,0.5893,56,ES,5,7,940,945
802,201,63,0.4603,0.5345,0.698,0.2525,0.4603,0.4603,63,1.0,2,1.0,2,ES,5,8,1003,1008
399,100,63,0.6508,0.5,0.681,0.2439,0.6508,0.6508,63,,0,,0,EXC,5,0,499,504
449,113,63,0.6508,0.6207,0.5988,0.2136,0.5397,0.6071,56,0.6071,56,,0,EXC,5,1,562,567
500,125,63,0.6825,0.7297,4.2774,0.3303,0.5873,0.84,25,0.8824,17,0.8824,17,EXC,5,2,625,630
550,138,63,0.619,0.5217,1.1323,0.2544,0.6349,0.6481,54,0.6346,52,0.6346,52,EXC,5,3,688,693
600,151,63,0.4444,0.592,3.9848,0.3891,0.5873,0.75,4,,0,,0,EXC,5,4,751,756
651,163,63,0.5397,0.5096,0.6894,0.2482,0.5397,0.5397,63,0.6,5,0.6,5,EXC,5,5,814,819
701,176,63,0.4603,0.4652,3.0332,0.3415,0.4921,0.4651,43,0.4286,7,0.4286,7,EXC,5,6,877,882
752,188,63,0.3651,0.6027,1.6599,0.2999,0.3651,0.3651,63,0.4828,29,0.3333,6,EXC,5,7,940,945
802,201,63,0.5079,0.5,0.7076,0.2571,0.4921,,0,,0,,0,EXC,5,8,1003,1008
399,100,63,0.4127,0.5078,0.8586,0.3265,0.5873,,0,,0,,0,ARE,5,0,499,504
449,113,63,0.3651,0.3337,0.8057,0.3037,0.5079,0.3824,34,0.3824,34,0.3636,33,ARE,5,1,562,567
500,125,63,0.4762,0.6202,1.5765,0.2662,0.4762,0.4762,63,0.625,24,0.625,24,ARE,5,2,625,630
550,138,63,0.381,0.4346,0.8851,0.3381,0.3492,0.3111,45,0.3111,45,0.3182,44,ARE,5,3,688,693
600,151,63,0.5873,0.568,0.7471,0.2713,0.3333,0.4138,29,0.2143,14,0.2143,14,ARE,5,4,751,756
651,163,63,0.4921,0.7243,0.7105,0.2586,0.5079,,0,,0,,0,ARE,5,5,814,819
701,176,63,0.4127,0.4258,0.8266,0.3125,0.6032,0.5333,15,0.5333,15,,0,ARE,5,6,877,882
752,188,63,0.6032,0.4941,0.6943,0.2492,0.619,0.6167,60,,0,,0,ARE,5,7,940,945
802,201,63,0.3651,0.5715,0.6845,0.2501,0.3175,0.3333,60,0.25,12,,0,ARE,5,8,1003,1008
399,100,63,0.5397,0.5441,0.6931,0.2499,0.4603,0.5,40,,0,,0,AMT,5,0,499,504
449,113,63,0.4286,0.4884,0.7675,0.2855,0.6032,0.75,4,0.75,4,1.0,1,AMT,5,1,562,567
500,125,63,0.6349,0.5,0.6727,0.2398,0.3651,,0,,0,,0,AMT,5,2,625,630
550,138,63,0.381,0.4926,0.7093,0.2579,0.3968,0.3871,62,,0,,0,AMT,5,3,688,693
600,151,63,0.3333,0.3913,0.8126,0.2998,0.6349,0.0,2,0.0,2,0.0,2,AMT,5,4,751,756
651,163,63,0.4762,0.4702,0.7177,0.2617,0.5238,0.5,18,0.5714,7,0.8,5,AMT,5,5,814,819
701,176,63,0.5238,0.5203,0.6755,0.2412,0.381,0.3929,28,1.0,1,,0,AMT,5,6,877,882
752,188,63,0.4127,0.4861,0.9508,0.2699,0.4286,0.4194,62,0.5,2,0.5,2,AMT,5,7,940,945
802,201,63,0.4921,0.4708,0.6996,0.2532,0.5079,0.5,58,,0,,0,AMT,5,8,1003,1008
399,100,63,0.4762,0.5457,0.8076,0.2983,0.5873,0.6429,14,0.5833,12,0.5833,12,AVB,5,0,499,504
449,113,63,0.381,0.5417,0.7035,0.256,0.619,,0,,0,,0,AVB,5,1,562,567
500,125,63,0.5714,0.4931,0.6978,0.2515,0.619,0.6,60,0.6102,59,1.0,1,AVB,5,2,625,630
550,138,63,0.5238,0.5791,0.8454,0.3139,0.4444,0.4815,54,0.4694,49,0.4694,49,AVB,5,3,688,693
600,151,63,0.4603,0.4391,0.7019,0.2544,0.5397,0.5,48,,0,,0,AVB,5,4,751,756
651,163,63,0.3016,0.2572,0.8031,0.303,0.4286,0.3111,45,0.1739,23,0.1905,21,AVB,5,5,814,819
701,176,63,0.4921,0.5,0.6958,0.2513,0.5079,,0,,0,,0,AVB,5,6,877,882
752,188,63,0.4603,0.4833,0.6956,0.2512,0.4762,0.4677,62,,0,,0,AVB,5,7,940,945
802,201,63,0.4127,0.5,0.6978,0.2523,0.5873,,0,,0,,0,AVB,5,8,1003,1008
399,100,63,0.4762,0.5104,0.7145,0.2628,0.4127,0.4364,55,0.4054,37,0.4054,37,BXP,5,0,499,504
449,113,63,0.619,0.6564,0.8384,0.2246,0.5873,0.6327,49,0.617,47,0.76,25,BXP,5,1,562,567
500,125,63,0.3175,0.5349,2.2863,0.3852,0.6825,,0,,0,,0,BXP,5,2,625,630
550,138,63,0.4127,0.6653,0.7206,0.2636,0.4127,0.4127,63,0.4127,63,0.5625,32,BXP,5,3,688,693
600,151,63,0.5079,0.5959,0.7128,0.2587,0.4444,0.4706,51,0.4865,37,0.5909,22,BXP,5,4,751,756
651,163,63,0.5238,0.6086,0.6957,0.2513,0.5238,0.56,25,0.5263,19,0.5263,19,BXP,5,5,814,819
701,176,63,0.6032,0.5582,0.6854,0.2454,0.5873,0.6364,44,0.6279,43,0.6279,43,BXP,5,6,877,882
752,188,63,0.4603,0.6169,0.7169,0.2627,0.3175,0.3654,52,0.375,48,0.375,48,BXP,5,7,940,945
802,201,63,0.4603,0.4158,6.1375,0.4737,0.4603,0.4603,63,0.3846,39,0.3846,39,BXP,5,8,1003,1008
399,100,63,0.4444,0.5939,1.6755,0.3092,0.5556,,0,,0,,0,CPT,5,0,499,504
449,113,63,0.381,0.5534,5.5261,0.4885,0.619,,0,,0,,0,CPT,5,1,562,567
500,125,63,0.5714,0.558,0.6766,0.2419,0.5079,0.5424,59,0.537,54,,0,CPT,5,2,625,630
550,138,63,0.4921,0.5929,0.7357,0.2658,0.4762,0.4839,62,0.4918,61,0.75,8,CPT,5,3,688,693
600,151,63,0.5238,0.4642,0.8062,0.2934,0.619,0.5918,49,0.0,1,0.0,1,CPT,5,4,751,756
651,163,63,0.381,0.4482,5.8952,0.4687,0.381,0.377,61,0.3429,35,0.3529,34,CPT,5,5,814,819
701,176,63,0.4286,0.4821,0.7086,0.2577,0.4444,0.4355,62,,0,,0,CPT,5,6,877,882
752,188,63,0.4286,0.4678,0.6955,0.2512,0.5873,0.5294,17,0.5294,17,,0,CPT,5,7,940,945
802,201,63,0.4603,0.4719,0.7051,0.256,0.4444,0.4118,34,0.4118,34,,0,CPT,5,8,1003,1008
399,100,63,0.4286,0.5,0.6947,0.2508,0.5714,,0,,0,,0,CBRE,5,0,499,504
449,113,63,0.6825,0.7253,1.1392,0.2468,0.6032,0.7143,42,0.9,10,0.9,10,CBRE,5,1,562,567
500,125,63,0.4603,0.5588,0.7212,0.2642,0.7302,0.8,20,1.0,1,1.0,1,CBRE,5,2,625,630
550,138,63,0.5238,0.5398,0.9687,0.2774,0.4921,0.5094,53,0.5192,52,0.5192,52,CBRE,5,3,688,693
600,151,63,0.5397,0.4602,0.7313,0.2679,0.5556,0.5536,56,0.5536,56,0.5,22,CBRE,5,4,751,756
651,163,63,0.4286,0.3558,1.6895,0.3107,0.619,0.5385,39,0.5385,39,0.5385,39,CBRE,5,5,814,819
701,176,63,0.5397,0.4909,0.7077,0.2562,0.5397,0.5397,63,0.5397,63,0.5,6,CBRE,5,6,877,882
752,188,63,0.5556,0.5,0.6874,0.2471,0.5556,0.5556,63,0.5556,63,,0,CBRE,5,7,940,945
802,201,63,0.5238,0.4253,4.0418,0.3936,0.5238,0.5238,63,0.5238,63,0.4737,38,CBRE,5,8,1003,1008
399,100,63,0.6825,0.682,3.1009,0.2888,0.4921,0.6897,29,,0,,0,CSGP,5,0,499,504
449,113,63,0.3016,0.7087,6.484,0.5158,0.3016,0.3016,63,0.3878,49,0.3878,49,CSGP,5,1,562,567
500,125,63,0.5714,0.6351,0.7036,0.2552,0.5873,1.0,10,,0,,0,CSGP,5,2,625,630
550,138,63,0.5079,0.5507,1.8742,0.3061,0.5397,0.5405,37,0.5758,33,0.5758,33,CSGP,5,3,688,693
600,151,63,0.4921,0.5312,7.6235,0.489,0.5079,,0,,0,,0,CSGP,5,4,751,756
651,163,63,0.3016,0.5568,0.9909,0.3852,0.6984,,0,,0,,0,CSGP,5,5,814,819
701,176,63,0.3333,0.5,0.7209,0.2638,0.3333,0.3333,63,,0,,0,CSGP,5,6,877,882
752,188,63,0.4286,0.4861,7.0203,0.497,0.4286,0.4286,63,0.4444,54,0.4444,54,CSGP,5,7,940,945
802,201,63,0.2381,0.5,0.7758,0.2911,0.2381,0.2381,63,0.2381,63,,0,CSGP,5,8,1003,1008
399,100,63,0.5556,0.5,0.6888,0.2478,0.4444,,0,,0,,0,CCI,5,0,499,504
449,113,63,0.4444,0.5915,1.4313,0.2945,0.5873,0.75,4,0.5,2,0.5,2,CCI,5,1,562,567
500,125,63,0.3651,0.46,0.94,0.2643,0.3968,0.377,61,,0,,0,CCI,5,2,625,630
550,138,63,0.6984,0.7033,0.9036,0.2492,0.3651,0.5588,34,0.6667,3,0.6667,3,CCI,5,3,688,693
600,151,63,0.4127,0.5,0.7232,0.2649,0.5873,,0,,0,,0,CCI,5,4,751,756
651,163,63,0.5238,0.4914,0.7541,0.2775,0.4603,0.0,1,0.0,1,,0,CCI,5,5,814,819
701,176,63,0.6508,0.6668,0.6585,0.2335,0.4603,0.6,35,0.6,35,1.0,1,CCI,5,6,877,882
752,188,63,0.3968,0.6247,0.7225,0.2674,0.3968,0.3968,63,0.3968,63,0.5333,15,CCI,5,7,940,945
802,201,63,0.4127,0.4863,0.7008,0.2537,0.6032,0.5714,7,0.5714,7,0.5714,7,CCI,5,8,1003,1008
399,100,63,0.5079,0.5126,1.2877,0.3084,0.5238,0.5238,42,,0,,0,EQR,5,0,499,504
449,113,63,0.4127,0.605,6.0638,0.4588,0.5873,,0,,0,,0,EQR,5,1,562,567
500,125,63,0.6032,0.5,0.6847,0.2458,0.6032,0.6032,63,,0,,0,EQR,5,2,625,630
550,138,63,0.5397,0.4533,3.0588,0.3443,0.5397,0.5397,63,0.5397,63,0.5312,32,EQR,5,3,688,693
600,151,63,0.6667,0.5649,0.6629,0.235,0.6508,0.6923,52,0.6923,39,,0,EQR,5,4,751,756
651,163,63,0.4921,0.5546,1.8722,0.2989,0.4127,0.4483,58,0.4483,58,0.1667,6,EQR,5,5,814,819
701,176,63,0.5397,0.5494,0.7652,0.2788,0.5079,0.8,5,1.0,2,1.0,2,EQR,5,6,877,882
752,188,63,0.5714,0.5283,1.3837,0.271,0.5714,0.6154,39,0.6154,39,0.6154,39,EQR,5,7,940,945
802,201,63,0.746,0.8096,0.7546,0.1922,0.5238,0.6735,49,0.6735,49,0.6897,29,EQR,5,8,1003,1008
399,100,63,0.4762,0.5426,0.8169,0.3063,0.5873,0.75,8,0.8571,7,,0,ESS,5,0,499,504
449,113,63,0.7937,0.8205,0.6035,0.2084,0.619,0.8095,42,1.0,12,1.0,12,ESS,5,1,562,567
500,125,63,0.619,0.6213,0.6659,0.2366,0.619,0.619,63,0.9167,12,1.0,2,ESS,5,2,625,630
550,138,63,0.4762,0.3611,3.136,0.3811,0.4762,0.4746,59,0.375,32,0.375,32,ESS,5,3,688,693
600,151,63,0.6032,0.6074,0.6717,0.2393,0.6032,0.6383,47,0.6667,36,,0,ESS,5,4,751,756
651,163,63,0.5079,0.5867,0.6936,0.2502,0.5079,0.5079,63,0.5714,35,0.6667,9,ESS,5,5,814,819
701,176,63,0.5079,0.3679,1.444,0.2965,0.5556,0.537,54,0.5,42,,0,ESS,5,6,877,882
752,188,63,0.381,0.4081,1.2193,0.2947,0.4762,0.3846,39,0.3846,39,0.5385,13,ESS,5,7,940,945
802,201,63,0.4762,0.4892,0.6674,0.2417,0.5714,0.5556,27,0.5556,27,0.5556,27,ESS,5,8,1003,1008
399,100,63,0.4762,0.596,0.808,0.2893,0.5238,,0,,0,,0,EXR,5,0,499,504
449,113,63,0.5397,0.5855,0.713,0.2593,0.619,0.7778,18,0.7778,18,0.7778,18,EXR,5,1,562,567
500,125,63,0.5714,0.5538,0.7121,0.2588,0.5397,0.6207,29,0.6111,18,0.0,1,EXR,5,2,625,630
550,138,63,0.4762,0.5099,0.6991,0.253,0.5873,0.5833,24,0.5833,24,,0,EXR,5,3,688,693
600,151,63,0.4603,0.6383,0.6976,0.2522,0.4444,0.45,60,0.5152,33,0.5152,33,EXR,5,4,751,756
651,163,63,0.4286,0.4799,0.7374,0.2722,0.4286,0.4211,57,0.4364,55,0.25,8,EXR,5,5,814,819
701,176,63,0.6349,0.6047,1.5509,0.2512,0.6032,0.6316,57,0.6429,42,0.6341,41,EXR,5,6,877,882
752,188,63,0.5397,0.4691,2.3203,0.3107,0.5397,0.5397,63,0.4762,21,0.4762,21,EXR,5,7,940,945
802,201,63,0.5397,0.5,0.69,0.2484,0.5397,0.5397,63,,0,,0,EXR,5,8,1003,1008
399,100,63,0.5397,0.5262,0.7333,0.2671,0.4921,1.0,2,,0,,0,FRT,5,0,499,504
449,113,63,0.6032,0.5755,0.681,0.2426,0.5556,0.75,20,0.75,20,0.75,20,FRT,5,1,562,567
500,125,63,0.4762,0.5068,0.8248,0.3091,0.5873,0.6,20,0.6,20,0.6667,3,FRT,5,2,625,630
550,138,63,0.5714,0.6313,0.6653,0.2365,0.4762,0.5319,47,1.0,1,1.0,1,FRT,5,3,688,693
600,151,63,0.5079,0.6095,5.5587,0.426,0.4603,0.4821,56,0.4909,55,0.4909,55,FRT,5,4,751,756
651,163,63,0.3968,0.4868,2.1427,0.3245,0.3968,0.3968,63,0.3968,63,0.3636,11,FRT,5,5,814,819
701,176,63,0.6825,0.7069,0.672,0.2394,0.5873,0.84,25,,0,,0,FRT,5,6,877,882
752,188,63,0.619,0.5931,0.7799,0.2567,0.5714,0.6667,36,0.6071,28,0.7692,13,FRT,5,7,940,945
802,201,63,0.5079,0.4799,1.486,0.3139,0.6349,0.6286,35,0.6286,35,0.6286,35,FRT,5,8,1003,1008
399,100,63,0.4444,0.3129,8.2844,0.5722,0.5873,1.0,2,,0,,0,DOC,5,0,499,504
449,113,63,0.5873,0.5,0.6842,0.2455,0.5873,0.5873,63,,0,,0,DOC,5,1,562,567
500,125,63,0.5397,0.5,0.6922,0.2495,0.5397,0.5397,63,0.5397,63,,0,DOC,5,2,625,630
550,138,63,0.3651,0.4071,3.6987,0.4265,0.3651,0.3651,63,0.3651,63,0.2821,39,DOC,5,3,688,693
600,151,63,0.381,0.5125,0.7097,0.2583,0.3651,0.371,62,,0,,0,DOC,5,4,751,756
651,163,63,0.4762,0.6712,0.7148,0.2607,0.5238,,0,,0,,0,DOC,5,5,814,819
701,176,63,0.3175,0.564,0.7807,0.2925,0.6825,,0,,0,,0,DOC,5,6,877,882
752,188,63,0.6032,0.5417,0.6868,0.2469,0.4286,0.625,8,0.8,5,0.75,4,DOC,5,7,940,945
802,201,63,0.6984,0.6864,0.6711,0.239,0.5238,0.6458,48,,0,,0,DOC,5,8,1003,1008
399,100,63,0.4444,0.5607,0.7263,0.2664,0.4444,0.4444,63,0.4444,63,,0,HST,5,0,499,504
449,113,63,0.3175,0.4901,0.8347,0.3183,0.3175,0.3175,63,0.3175,63,0.3175,63,HST,5,1,562,567
500,125,63,0.6667,0.695,1.6792,0.2269,0.5714,0.7778,27,0.7778,27,0.7778,27,HST,5,2,625,630
550,138,63,0.5873,0.5963,1.4119,0.2845,0.4921,0.5806,31,0.3333,3,0.3333,3,HST,5,3,688,693
600,151,63,0.4286,0.6399,1.2134,0.3589,0.4286,0.4286,63,0.4286,63,0.4286,63,HST,5,4,751,756
651,163,63,0.5556,0.5,0.6878,0.2473,0.5556,0.5556,63,0.5556,63,,0,HST,5,5,814,819
701,176,63,0.746,0.7905,1.0213,0.2082,0.5873,0.8387,31,0.8095,21,0.8095,21,HST,5,6,877,882
752,188,63,0.4127,0.5478,2.2619,0.3738,0.5873,0.5,8,0.4286,7,0.0,4,HST,5,7,940,945
802,201,63,0.3651,0.3358,5.503,0.4785,0.6032,0.4722,36,0.4545,33,,0,HST,5,8,1003,1008
399,100,63,0.3492,0.6541,0.9158,0.3493,0.6508,,0,,0,,0,INVH,5,0,499,504
449,113,63,0.381,0.4359,0.7371,0.2718,0.619,0.5,18,0.5,18,,0,INVH,5,1,562,567
500,125,63,0.4444,0.6736,0.6865,0.2513,0.4127,0.4262,61,0.5,46,0.5,46,INVH,5,2,625,630
550,138,63,0.4603,0.4899,6.2956,0.4631,0.4603,0.4603,63,0.4603,63,0.4603,63,INVH,5,3,688,693
600,151,63,0.4286,0.712,0.7537,0.2777,0.6667,0.8,10,,0,,0,INVH,5,4,751,756
651,163,63,0.254,0.452,0.7053,0.256,0.2698,0.25,60,,0,,0,INVH,5,5,814,819
701,176,63,0.5556,0.604,0.7919,0.2903,0.4603,0.5128,39,0.5263,38,0.5263,38,INVH,5,6,877,882
752,188,63,0.4603,0.5,0.6973,0.2521,0.5397,,0,,0,,0,INVH,5,7,940,945
802,201,63,0.5397,0.5947,0.6465,0.2311,0.5714,0.8889,9,0.8889,9,0.8889,9,INVH,5,8,1003,1008
399,100,63,0.3968,0.4081,1.965,0.334,0.5238,0.4528,53,0.4706,51,0.5714,7,IRM,5,0,499,504
449,113,63,0.8254,0.4834,0.5726,0.1906,0.8254,0.8254,63,0.8254,63,0.8254,63,IRM,5,1,562,567
500,125,63,0.7143,0.4463,1.0809,0.2268,0.7143,0.7143,63,0.7143,63,0.7143,63,IRM,5,2,625,630
550,138,63,0.4127,0.3919,3.8981,0.4889,0.4127,0.4127,63,0.4127,63,0.4127,63,IRM,5,3,688,693
600,151,63,0.4921,0.5297,1.4446,0.2898,0.4921,0.4921,63,0.4921,63,0.4921,63,IRM,5,4,751,756
651,163,63,0.4444,0.5,0.697,0.2519,0.4444,0.4444,63,,0,,0,IRM,5,5,814,819
701,176,63,0.4127,0.5,0.7074,0.2571,0.5873,,0,,0,,0,IRM,5,6,877,882
752,188,63,0.4762,0.4227,0.7239,0.265,0.4762,0.4762,63,0.4762,63,0.375,24,IRM,5,7,940,945
802,201,63,0.6032,0.5437,0.6798,0.2433,0.6032,0.6102,59,0.5893,56,,0,IRM,5,8,1003,1008
399,100,63,0.4127,0.6305,0.702,0.2538,0.5873,,0,,0,,0,ALB,5,0,499,504
449,113,63,0.746,0.4388,0.6857,0.2463,0.254,,0,,0,,0,ALB,5,1,562,567
500,125,63,0.4762,0.4694,0.9718,0.2817,0.5556,0.5263,38,0.5263,38,0.5263,38,ALB,5,2,625,630
550,138,63,0.4286,0.4,0.7821,0.2934,0.3968,0.2381,21,0.2381,21,0.2381,21,ALB,5,3,688,693
600,151,63,0.3333,0.3937,0.7213,0.264,0.381,0.32,50,,0,,0,ALB,5,4,751,756
651,163,63,0.4762,0.5286,0.7047,0.2557,0.5873,0.6429,14,0.75,12,0.75,12,ALB,5,5,814,819
701,176,63,0.4444,0.5153,1.2454,0.2939,0.6032,0.6,15,0.6154,13,0.6667,6,ALB,5,6,877,882
752,188,63,0.2857,0.5627,9.7675,0.6629,0.7302,1.0,1,,0,,0,ALB,5,7,940,945
802,201,63,0.5873,0.473,0.68,0.2434,0.5873,0.5873,63,0.5873,63,0.5738,61,ALB,5,8,1003,1008
399,100,63,0.5238,0.5318,0.6954,0.2537,0.5079,0.5179,56,0.5185,54,0.5294,34,AMCR,5,0,499,504
449,113,63,0.5238,0.4848,7.6005,0.4791,0.4762,,0,,0,,0,AMCR,5,1,562,567
500,125,63,0.4762,0.5985,0.7205,0.2634,0.5238,,0,,0,,0,AMCR,5,2,625,630
550,138,63,0.4921,0.5828,2.0723,0.3003,0.5238,0.5082,61,0.5167,60,0.5254,59,AMCR,5,3,688,693
600,151,63,0.4762,0.7586,0.706,0.2515,0.4603,0.4667,60,0.5185,54,0.6316,38,AMCR,5,4,751,756
651,163,63,0.4603,0.5796,0.7153,0.2611,0.5397,0.5,8,0.5714,7,0.6667,6,AMCR,5,5,814,819
701,176,63,0.4921,0.75,0.9106,0.2609,0.3651,0.4182,55,0.4565,46,0.4565,46,AMCR,5,6,877,882
752,188,63,0.381,0.4866,0.7816,0.2944,0.6825,0.6667,12,0.6364,11,1.0,2,AMCR,5,7,940,945
802,201,63,0.6032,0.6646,1.8261,0.279,0.4286,0.5192,52,0.5172,29,0.5333,15,AMCR,5,8,1003,1008
399,100,63,0.4762,0.6029,0.9058,0.3437,0.6825,0.9167,12,0.9167,12,,0,AVY,5,0,499,504
449,113,63,0.4921,0.4592,1.2929,0.3073,0.4921,0.4921,63,0.4615,26,0.4615,26,AVY,5,1,562,567
500,125,63,0.5238,0.6197,0.6922,0.2497,0.5238,0.5238,63,0.5091,55,0.6389,36,AVY,5,2,625,630
550,138,63,0.3492,0.5721,4.2739,0.4165,0.3492,0.3492,63,0.4,50,0.4,50,AVY,5,3,688,693
600,151,63,0.6508,0.6847,0.6603,0.235,0.5556,0.7407,27,,0,,0,AVY,5,4,751,756
651,163,63,0.6032,0.6389,0.6988,0.2513,0.4762,0.7273,11,,0,,0,AVY,5,5,814,819
701,176,63,0.3175,0.5192,6.4114,0.5083,0.3175,0.3175,63,0.3167,60,0.3167,60,AVY,5,6,877,882
752,188,63,0.5238,0.5972,0.7006,0.2537,0.5714,1.0,6,1.0,6,,0,AVY,5,7,940,945
802,201,63,0.5238,0.6405,0.8771,0.2436,0.3968,0.439,41,0.439,41,0.8889,9,AVY,5,8,1003,1008
399,100,63,0.4762,0.4861,0.6945,0.2507,0.5714,0.5556,27,,0,,0,CF,5,0,499,504
449,113,63,0.5556,0.5,0.6931,0.25,0.5556,0.5556,63,,0,,0,CF,5,1,562,567
500,125,63,0.3175,0.3384,0.7941,0.2981,0.5238,0.25,20,0.2778,18,0.2778,18,CF,5,2,625,630
550,138,63,0.5079,0.5566,0.706,0.2551,0.5238,0.75,4,1.0,1,,0,CF,5,3,688,693
600,151,63,0.5556,0.7158,1.0877,0.2413,0.5556,0.5556,63,0.5556,63,0.7647,34,CF,5,4,751,756
651,163,63,0.3968,0.52,0.7068,0.257,0.6032,,0,,0,,0,CF,5,5,814,819
701,176,63,0.7619,0.8347,0.555,0.1855,0.5397,0.7714,35,0.8148,27,0.8148,27,CF,5,6,877,882
752,188,63,0.619,0.5621,0.6911,0.2466,0.6032,0.7059,34,0.7059,34,0.7059,34,CF,5,7,940,945
802,201,63,0.3651,0.5348,0.8599,0.3252,0.6349,,0,,0,,0,CF,5,8,1003,1008
399,100,63,0.4603,0.5913,0.7015,0.2625,0.6667,0.7857,14,0.7692,13,0.7692,13,CTVA,5,0,499,504
449,113,63,0.4603,0.5365,1.1729,0.2706,0.4603,0.4603,63,0.6,10,0.6,10,CTVA,5,1,562,567
500,125,63,0.619,0.5249,0.6249,0.2168,0.7302,0.72,50,0.7447,47,0.7447,47,CTVA,5,2,625,630
550,138,63,0.5556,0.7016,0.6557,0.2323,0.4921,0.5263,57,0.5263,57,0.8125,16,CTVA,5,3,688,693
600,151,63,0.5079,0.4663,3.333,0.3719,0.6349,0.6154,39,0.6154,39,0.6316,38,CTVA,5,4,751,756
651,163,63,0.3651,0.3636,6.6836,0.5262,0.6508,0.52,25,0.6,10,0.6,10,CTVA,5,5,814,819
701,176,63,0.4127,0.4673,2.6434,0.3586,0.4127,0.4127,63,0.4127,63,0.3962,53,CTVA,5,6,877,882
752,188,63,0.7143,0.5,0.6741,0.2405,0.7143,0.7143,63,,0,,0,CTVA,5,7,940,945
802,201,63,0.6349,0.6989,0.6293,0.219,0.6349,0.6349,63,0.6349,63,0.7692,39,CTVA,5,8,1003,1008
399,100,63,0.6349,0.4348,0.6726,0.2387,0.6349,0.6349,63,0.6349,63,0.6349,63,CRH,5,0,499,504
449,113,63,0.4444,0.5429,0.9899,0.3702,0.4444,0.4444,63,0.4444,63,0.4516,62,CRH,5,1,562,567
500,125,63,0.254,0.6154,0.7832,0.2914,0.7143,0.3333,6,0.3333,6,0.3333,6,CRH,5,2,625,630
550,138,63,0.4921,0.623,0.7116,0.2592,0.4921,0.4921,63,0.4921,63,0.4921,63,CRH,5,3,688,693
600,151,63,0.5714,0.6648,0.6963,0.2512,0.4603,0.5179,56,0.5577,52,0.5625,48,CRH,5,4,751,756
651,163,63,0.5397,0.5497,0.6817,0.2445,0.5397,0.5397,63,0.55,40,1.0,4,CRH,5,5,814,819
701,176,63,0.4286,0.4146,0.7226,0.2645,0.4762,0.4464,56,0.375,16,0.375,16,CRH,5,6,877,882
752,188,63,0.5079,0.4346,0.6973,0.252,0.5397,0.5246,61,0.4815,27,,0,CRH,5,7,940,945
802,201,63,0.3968,0.5,0.7022,0.2545,0.3968,0.3968,63,,0,,0,CRH,5,8,1003,1008
399,100,63,0.3968,0.5571,1.4627,0.3929,0.6349,0.75,4,,0,,0,DOW,5,0,499,504
449,113,63,0.381,0.642,0.7106,0.2613,0.2857,0.3158,57,0.3158,57,0.6667,6,DOW,5,1,562,567
500,125,63,0.3968,0.5016,0.7494,0.2775,0.3968,0.386,57,0.3784,37,0.3611,36,DOW,5,2,625,630
550,138,63,0.381,0.5432,8.2586,0.5689,0.3492,0.3607,61,0.3607,61,0.3607,61,DOW,5,3,688,693
600,151,63,0.3492,0.3214,0.7647,0.2849,0.4444,0.1176,17,,0,,0,DOW,5,4,751,756
651,163,63,0.619,0.5,0.6646,0.2359,0.381,,0,,0,,0,DOW,5,5,814,819
701,176,63,0.4603,0.4156,2.2041,0.3422,0.4286,0.2308,13,0.2308,13,0.2308,13,DOW,5,6,877,882
752,188,63,0.3016,0.6196,0.6979,0.2526,0.6984,,0,,0,,0,DOW,5,7,940,945
802,201,63,0.5238,0.5507,0.744,0.2738,0.5397,0.625,16,,0,,0,DOW,5,8,1003,1008
399,100,63,0.7619,0.628,0.9052,0.2117,0.6984,0.7843,51,0.7843,51,0.7843,51,DD,5,0,499,504
449,113,63,0.4762,0.6683,1.6435,0.3754,0.4921,0.25,4,0.25,4,0.3333,3,DD,5,1,562,567
500,125,63,0.4762,0.4707,0.7002,0.2536,0.5714,0.5366,41,0.5429,35,,0,DD,5,2,625,630
550,138,63,0.3492,0.6304,1.6914,0.3135,0.3333,0.3387,62,0.35,60,0.5385,13,DD,5,3,688,693
600,151,63,0.5238,0.5904,1.8495,0.289,0.4127,0.4545,44,0.4545,44,0.6154,13,DD,5,4,751,756
651,163,63,0.4762,0.6227,0.6816,0.2447,0.5238,,0,,0,,0,DD,5,5,814,819
701,176,63,0.2222,0.5481,10.5546,0.7211,0.7778,,0,,0,,0,DD,5,6,877,882
752,188,63,0.6825,0.5,0.6745,0.2407,0.6825,0.6825,63,,0,,0,DD,5,7,940,945
802,201,63,0.4603,0.4645,0.769,0.2862,0.4603,0.4603,63,0.4603,63,0.434,53,DD,5,8,1003,1008
399,100,63,0.6825,0.5,0.641,0.2242,0.6825,0.6825,63,0.6825,63,,0,ECL,5,0,499,504
449,113,63,0.6032,0.4863,0.6859,0.2448,0.6032,0.6032,63,0.6032,63,0.6032,63,ECL,5,1,562,567
500,125,63,0.619,0.4268,1.0088,0.2815,0.619,0.619,63,0.5472,53,0.5472,53,ECL,5,2,625,630
550,138,63,0.5873,0.4501,0.6856,0.246,0.5873,0.5873,63,0.5873,63,0.5873,63,ECL,5,3,688,693
600,151,63,0.5079,0.4244,0.7486,0.2754,0.5079,0.5079,63,0.4565,46,0.4565,46,ECL,5,4,751,756
651,163,63,0.8095,0.8012,0.6212,0.2146,0.6825,0.7818,55,0.8929,28,1.0,1,ECL,5,5,814,819
701,176,63,0.4603,0.4429,0.7369,0.2712,0.4444,0.4444,54,0.46,50,0.46,50,ECL,5,6,877,882
752,188,63,0.5714,0.289,0.7237,0.2627,0.7302,0.6792,53,0.6792,53,0.5,16,ECL,5,7,940,945
802,201,63,0.3968,0.4777,0.9108,0.3463,0.4127,0.3696,46,0.3696,46,0.3696,46,ECL,5,8,1003,1008
399,100,63,0.4286,0.5351,5.6613,0.4612,0.6667,0.6875,16,0.6923,13,0.6923,13,FCX,5,0,499,504
449,113,63,0.6349,0.463,0.6847,0.2458,0.3651,,0,,0,,0,FCX,5,1,562,567
500,125,63,0.619,0.6552,0.6679,0.2375,0.5079,0.625,32,0.6,30,0.6,30,FCX,5,2,625,630
550,138,63,0.6508,0.6928,1.0886,0.2337,0.4127,0.5435,46,0.5,4,0.5,4,FCX,5,3,688,693
600,151,63,0.5714,0.5047,4.3115,0.3507,0.6032,0.6038,53,0.6038,53,0.6038,53,FCX,5,4,751,756
651,163,63,0.6032,0.6286,0.7226,0.2612,0.6508,0.8077,26,0.8077,26,0.8077,26,FCX,5,5,814,819
701,176,63,0.6508,0.676,0.6486,0.2275,0.5556,0.7826,23,0.7826,23,0.7895,19,FCX,5,6,877,882
752,188,63,0.381,0.4092,8.1199,0.5913,0.7937,0.7391,23,0.5,10,0.5,10,FCX,5,7,940,945
802,201,63,0.5238,0.5333,0.7016,0.254,0.5238,0.5238,63,0.541,61,0.541,61,FCX,5,8,1003,1008
399,100,63,0.746,0.6885,1.9636,0.2493,0.6508,0.7778,45,0.75,16,0.75,16,IFF,5,0,499,504
449,113,63,0.5556,0.4286,0.7243,0.2638,0.5556,0.5556,63,0.0,4,0.0,4,IFF,5,1,562,567
500,125,63,0.5873,0.3909,0.691,0.2489,0.5873,0.5873,63,0.5208,48,,0,IFF,5,2,625,630
550,138,63,0.3651,0.5853,5.6507,0.4614,0.3651,0.3651,63,0.3651,63,0.3651,63,IFF,5,3,688,693
600,151,63,0.5079,0.5,0.6931,0.25,0.5079,0.5079,63,,0,,0,IFF,5,4,751,756
651,163,63,0.5397,0.4037,0.7114,0.2589,0.4603,,0,,0,,0,IFF,5,5,814,819
701,176,63,0.6032,0.6107,0.6752,0.2411,0.4444,0.5429,35,,0,,0,IFF,5,6,877,882
752,188,63,0.7302,0.5799,0.6612,0.234,0.7302,0.7736,53,0.7736,53,,0,IFF,5,7,940,945
802,201,63,0.5238,0.476,0.7266,0.2655,0.381,0.35,20,0.3333,18,0.3333,18,IFF,5,8,1003,1008
399,100,63,0.5079,0.7068,0.9467,0.266,0.5714,0.7273,11,0.7273,11,0.6667,3,IP,5,0,499,504
449,113,63,0.2857,0.4541,5.1704,0.5651,0.6667,0.2,5,0.2,5,0.0,1,IP,5,1,562,567
500,125,63,0.6032,0.4411,0.7433,0.2621,0.6032,0.6032,63,0.6032,63,0.6032,63,IP,5,2,625,630
550,138,63,0.4603,0.5,0.7269,0.2666,0.4603,0.4603,63,0.4603,63,,0,IP,5,3,688,693
600,151,63,0.5079,0.569,0.6845,0.2459,0.4603,0.4821,56,0.0,2,,0,IP,5,4,751,756
651,163,63,0.4286,0.4908,0.7055,0.2562,0.5556,0.4839,31,1.0,5,,0,IP,5,5,814,819
701,176,63,0.5238,0.5867,0.6946,0.2503,0.4444,0.4821,56,0.5625,16,0.5625,16,IP,5,6,877,882
752,188,63,0.4286,0.6175,0.8833,0.2471,0.5873,0.5455,11,0.5455,11,0.8571,7,IP,5,7,940,945
802,201,63,0.6032,0.6068,1.0055,0.2968,0.2857,0.3704,27,0.3182,22,0.3182,22,IP,5,8,1003,1008
399,100,63,0.4127,0.7151,1.3692,0.2691,0.6825,0.875,8,0.875,8,0.875,8,LYB,5,0,499,504
449,113,63,0.5714,0.6653,0.7594,0.2805,0.3968,0.48,50,0.4884,43,0.5,42,LYB,5,1,562,567
500,125,63,0.381,0.3515,3.8541,0.4138,0.381,0.381,63,0.381,63,0.1176,17,LYB,5,2,625,630
550,138,63,0.6667,0.5424,0.6628,0.2349,0.3651,0.75,4,0.75,4,0.6667,3,LYB,5,3,688,693
600,151,63,0.5714,0.6279,6.6883,0.4489,0.4127,0.4902,51,0.4902,51,0.4902,51,LYB,5,4,751,756
651,163,63,0.5556,0.5347,0.7218,0.2626,0.4444,0.5,32,0.1667,6,0.1667,6,LYB,5,5,814,819
701,176,63,0.5873,0.5839,0.682,0.2442,0.381,0.4375,16,0.4375,16,0.4375,16,LYB,5,6,877,882
752,188,63,0.381,0.5654,1.5937,0.3559,0.6508,1.0,2,,0,,0,LYB,5,7,940,945
802,201,63,0.5238,0.6337,0.6595,0.2376,0.6349,0.7083,24,,0,,0,LYB,5,8,1003,1008
