n_train,n_calib,n_test,accuracy,roc_auc,log_loss,brier,pos_rate,buy_hit_50,buy_n_50,buy_hit_55,buy_n_55,buy_hit_60,buy_n_60,ticker,horizon,fold,train_end_idx,test_start_idx
399,100,63,0.5079,0.6658,2.1761,0.2509,0.4444,0.4634,41,0.9286,14,0.9286,14,AAPL,5,0,499,504
449,113,63,0.619,0.7195,0.6858,0.2472,0.6032,0.8182,22,0.6667,9,0.7143,7,AAPL,5,1,562,567
500,125,63,0.3492,0.3408,0.9358,0.3545,0.5556,0.3333,18,,0,,0,AAPL,5,2,625,630
550,138,63,0.5873,0.5229,0.6749,0.241,0.5873,0.5873,63,0.5833,24,1.0,5,AAPL,5,3,688,693
600,151,63,0.4762,0.6212,0.6913,0.2491,0.4762,0.4762,63,0.5625,32,0.5806,31,AAPL,5,4,751,756
651,163,63,0.4603,0.4483,0.7211,0.2631,0.5397,0.5,30,0.5,30,0.25,4,AAPL,5,5,814,819
701,176,63,0.2857,0.558,8.3053,0.5846,0.7143,,0,,0,,0,AAPL,5,6,877,882
752,188,63,0.5079,0.4844,0.7083,0.2575,0.4127,0.439,41,0.45,40,,0,AAPL,5,7,940,945
802,201,63,0.7302,0.7682,2.4419,0.2684,0.5873,0.8333,30,0.92,25,,0,AAPL,5,8,1003,1008
399,100,63,0.4127,0.3724,0.7974,0.3,0.5714,0.4865,37,0.4865,37,0.4722,36,ABNB,5,0,499,504
449,113,63,0.4444,0.3898,1.419,0.3703,0.4444,0.4444,63,0.4444,63,0.3226,31,ABNB,5,1,562,567
500,125,63,0.6667,0.4167,1.6301,0.2836,0.6667,0.6667,63,0.2,5,0.2,5,ABNB,5,2,625,630
550,138,63,0.4921,0.501,0.7064,0.2565,0.4921,0.4921,63,0.4921,63,0.5,4,ABNB,5,3,688,693
600,151,63,0.4921,0.4354,0.7053,0.2561,0.4762,0.4833,60,,0,,0,ABNB,5,4,751,756
651,163,63,0.6349,0.6328,0.6905,0.2467,0.5238,0.6087,46,1.0,2,,0,ABNB,5,5,814,819
701,176,63,0.4286,0.5,0.7035,0.2551,0.4286,0.4286,63,,0,,0,ABNB,5,6,877,882
752,188,63,0.5397,0.5588,0.9113,0.2507,0.5397,1.0,5,1.0,5,1.0,4,ABNB,5,7,940,945
802,201,63,0.6825,0.6592,0.8654,0.2307,0.5556,0.6744,43,0.6667,36,,0,ABNB,5,8,1003,1008
399,100,63,0.5556,0.4959,0.6878,0.2473,0.4286,0.4,5,0.5,2,0.5,2,ABT,5,0,499,504
449,113,63,0.4603,0.5862,6.0158,0.4429,0.4921,0.4754,61,0.4833,60,0.4833,60,ABT,5,1,562,567
500,125,63,0.3968,0.5333,2.8866,0.3648,0.6508,0.6667,9,0.6667,9,0.8,5,ABT,5,2,625,630
550,138,63,0.5079,0.5338,1.034,0.306,0.4921,,0,,0,,0,ABT,5,3,688,693
600,151,63,0.4127,0.4071,0.9492,0.269,0.5556,0.4737,38,0.4737,38,,0,ABT,5,4,751,756
651,163,63,0.5397,0.5573,0.6885,0.2477,0.5397,0.549,51,,0,,0,ABT,5,5,814,819
701,176,63,0.5079,0.6469,0.6906,0.2494,0.4444,0.4746,59,0.4655,58,0.75,12,ABT,5,6,877,882
752,188,63,0.6508,0.6141,0.6707,0.2388,0.4603,0.5946,37,0.5833,36,,0,ABT,5,7,940,945
802,201,63,0.2381,0.4738,4.4026,0.4461,0.2063,0.2131,61,0.1364,22,0.0526,19,ABT,5,8,1003,1008
399,100,63,0.381,0.625,0.7173,0.2624,0.381,0.381,63,0.381,63,1.0,6,ADSK,5,0,499,504
449,113,63,0.6349,0.6811,1.0783,0.2317,0.5556,0.6111,54,0.6512,43,0.6512,43,ADSK,5,1,562,567
500,125,63,0.2698,0.4444,0.7846,0.2941,0.7619,0.6667,6,0.6667,6,0.6667,6,ADSK,5,2,625,630
550,138,63,0.4921,0.5,0.6947,0.2508,0.4921,0.4921,63,,0,,0,ADSK,5,3,688,693
600,151,63,0.4603,0.5497,0.7292,0.2673,0.4603,0.4603,63,0.5,56,0.4444,18,ADSK,5,4,751,756
651,163,63,0.5714,0.5556,0.9691,0.2633,0.5556,0.6,40,,0,,0,ADSK,5,5,814,819
701,176,63,0.4603,0.4677,0.7043,0.2556,0.4921,0.4754,61,0.4754,61,,0,ADSK,5,6,877,882
752,188,63,0.3651,0.5,0.7128,0.2598,0.3651,0.3651,63,,0,,0,ADSK,5,7,940,945
802,201,63,0.4603,0.6258,0.6662,0.2426,0.4127,0.4333,60,0.6154,13,0.8333,6,ADSK,5,8,1003,1008
399,100,63,0.7143,0.6719,0.6465,0.2297,0.4444,0.7083,24,,0,,0,AI,5,0,499,504
449,113,63,0.4921,0.6421,0.6422,0.2258,0.4921,0.4894,47,0.9286,14,0.9286,14,AI,5,1,562,567
500,125,63,0.5714,0.5625,0.66,0.2354,0.4921,0.6667,12,0.6667,12,0.6667,12,AI,5,2,625,630
550,138,63,0.4762,0.5245,0.7582,0.2812,0.5556,1.0,2,1.0,1,,0,AI,5,3,688,693
600,151,63,0.6667,0.8702,1.436,0.2122,0.381,0.5333,45,0.8095,21,0.8095,21,AI,5,4,751,756
651,163,63,0.6349,0.5828,1.8041,0.2671,0.4286,0.5909,22,0.6111,18,,0,AI,5,5,814,819
701,176,63,0.3492,0.5732,8.9836,0.6071,0.3492,0.3492,63,0.3492,63,0.3492,63,AI,5,6,877,882
752,188,63,0.6349,0.605,1.4126,0.2796,0.4127,0.5882,17,0.5882,17,0.5625,16,AI,5,7,940,945
802,201,63,0.3968,0.487,5.0598,0.4512,0.3651,0.3585,53,0.3429,35,0.3429,35,AI,5,8,1003,1008
399,100,63,0.381,0.6111,3.2933,0.3675,0.619,,0,,0,,0,ALK,5,0,499,504
449,113,63,0.4444,0.4375,0.7163,0.2615,0.3651,0.35,40,0.3143,35,,0,ALK,5,1,562,567
500,125,63,0.8254,0.4038,0.6544,0.2306,0.8254,0.8254,63,,0,,0,ALK,5,2,625,630
550,138,63,0.7619,0.5,0.6794,0.2431,0.7619,0.7619,63,,0,,0,ALK,5,3,688,693
600,151,63,0.3333,0.5,0.9156,0.3541,0.3333,0.3333,63,0.3333,63,0.3333,63,ALK,5,4,751,756
651,163,63,0.619,0.5655,0.7301,0.2598,0.5873,0.6102,59,0.5882,51,0.6389,36,ALK,5,5,814,819
701,176,63,0.7302,0.7464,0.5873,0.2,0.4286,0.7778,18,0.7778,18,0.8889,9,ALK,5,6,877,882
752,188,63,0.4444,0.4185,0.8487,0.3166,0.6508,0.5682,44,0.5526,38,0.5714,35,ALK,5,7,940,945
802,201,63,0.6032,0.4069,3.6557,0.3332,0.3492,0.3846,13,0.3846,13,0.3846,13,ALK,5,8,1003,1008
399,100,63,0.4127,0.4568,0.8011,0.3001,0.3968,0.3929,56,0.3542,48,0.35,40,AMD,5,0,499,504
449,113,63,0.5238,0.5,0.7079,0.2572,0.5238,0.5238,63,0.5238,63,0.5238,63,AMD,5,1,562,567
500,125,63,0.4286,0.4381,2.1211,0.3156,0.5397,0.4375,16,0.4375,16,0.4375,16,AMD,5,2,625,630
550,138,63,0.381,0.5256,0.7112,0.259,0.381,0.381,63,,0,,0,AMD,5,3,688,693
600,151,63,0.4762,0.4768,2.7841,0.3272,0.5079,0.4762,21,0.4762,21,0.5,20,AMD,5,4,751,756
651,163,63,0.3968,0.587,0.674,0.2443,0.7302,1.0,8,1.0,8,1.0,8,AMD,5,5,814,819
701,176,63,0.6667,0.5611,0.6429,0.231,0.6032,0.6441,59,0.5,8,,0,AMD,5,6,877,882
752,188,63,0.5873,0.6061,2.2514,0.2839,0.5556,0.6154,39,0.6286,35,0.6316,19,AMD,5,7,940,945
802,201,63,0.4444,0.2957,1.2908,0.317,0.7143,0.6087,46,0.6087,46,0.6087,46,AMD,5,8,1003,1008
399,100,63,0.4762,0.4596,0.939,0.346,0.5238,0.5,10,0.5,8,,0,AMPX,5,0,499,504
449,113,63,0.6508,0.5737,0.6706,0.2387,0.3492,,0,,0,,0,AMPX,5,1,562,567
500,125,63,0.3175,0.537,0.7345,0.2703,0.7143,1.0,2,1.0,2,1.0,2,AMPX,5,2,625,630
550,138,63,0.4603,0.45,0.9681,0.2779,0.5238,0.48,25,0.5385,13,0.5385,13,AMPX,5,3,688,693
600,151,63,0.5556,0.5959,0.6829,0.2449,0.5556,0.5556,63,0.5741,54,0.625,24,AMPX,5,4,751,756
651,163,63,0.5714,0.5709,0.6068,0.2163,0.6825,0.6429,56,0.6429,56,0.7222,36,AMPX,5,5,814,819
399,100,63,0.6984,0.5341,0.6294,0.22,0.6984,0.6984,63,0.6984,63,1.0,3,AMZN,5,0,499,504
449,113,63,0.3333,0.585,0.7779,0.2908,0.3333,0.3333,63,0.3333,63,0.45,20,AMZN,5,1,562,567
500,125,63,0.4127,0.5552,0.9056,0.2545,0.6825,0.8,10,0.7778,9,0.7778,9,AMZN,5,2,625,630
550,138,63,0.4127,0.3647,0.7193,0.2631,0.6032,0.5238,21,0.6667,9,0.6667,9,AMZN,5,3,688,693
600,151,63,0.3968,0.5766,0.7874,0.2924,0.3651,0.377,61,0.377,61,0.4706,17,AMZN,5,4,751,756
651,163,63,0.6349,0.5488,1.1604,0.2654,0.6667,0.6557,61,0.8889,9,,0,AMZN,5,5,814,819
701,176,63,0.5238,0.4821,0.7359,0.2688,0.5556,0.5455,55,0.5319,47,0.5357,28,AMZN,5,6,877,882
752,188,63,0.6508,0.6847,0.6638,0.2354,0.4286,0.5676,37,0.6316,19,,0,AMZN,5,7,940,945
802,201,63,0.6508,0.3515,0.701,0.2516,0.6667,0.6786,56,0.6786,56,0.5312,32,AMZN,5,8,1003,1008
399,100,63,0.4127,0.7137,0.7598,0.2828,0.3968,0.4032,62,0.4035,57,0.4035,57,APLD,5,0,499,504
449,113,63,0.619,0.6559,0.6735,0.2403,0.5714,0.6429,42,,0,,0,APLD,5,1,562,567
500,125,63,0.5714,0.6832,2.0516,0.2896,0.5556,0.7222,18,0.7222,18,,0,APLD,5,2,625,630
550,138,63,0.5714,0.4569,0.9919,0.2825,0.5397,0.5574,61,0.5574,61,0.3333,12,APLD,5,3,688,693
600,151,63,0.6349,0.649,0.6687,0.238,0.4762,0.7333,15,1.0,3,1.0,2,APLD,5,4,751,756
651,163,63,0.4762,0.5855,0.6673,0.2418,0.619,1.0,6,1.0,4,1.0,4,APLD,5,5,814,819
701,176,63,0.381,0.5125,0.7428,0.2751,0.6349,1.0,1,1.0,1,1.0,1,APLD,5,6,877,882
752,188,63,0.5397,0.526,0.7138,0.2588,0.5556,0.5536,56,0.5588,34,0.8333,6,APLD,5,7,940,945
802,201,63,0.3016,0.2903,0.8331,0.3181,0.5079,0.3125,32,0.2667,30,0.2667,30,APLD,5,8,1003,1008
399,100,63,0.3175,0.6145,0.8163,0.3032,0.3175,0.3175,63,0.4839,31,0.4839,31,ARM,5,0,499,504
449,113,63,0.6032,0.4988,0.705,0.254,0.6825,0.6552,58,0.6923,39,,0,ARM,5,1,562,567
399,100,63,0.4127,0.4016,0.8159,0.306,0.3968,0.4,60,0.4,60,0.3333,36,ASAN,5,0,499,504
449,113,63,0.5079,0.5,0.6952,0.251,0.4921,,0,,0,,0,ASAN,5,1,562,567
500,125,63,0.4603,0.538,0.7111,0.2589,0.5397,0.5,18,0.5,18,,0,ASAN,5,2,625,630
550,138,63,0.6032,0.5,0.6931,0.25,0.6032,0.6032,63,,0,,0,ASAN,5,3,688,693
600,151,63,0.6508,0.6601,0.6626,0.2348,0.5238,0.6486,37,0.6486,37,1.0,3,ASAN,5,4,751,756
651,163,63,0.4286,0.5653,0.7044,0.2556,0.4286,0.4286,63,0.4773,44,,0,ASAN,5,5,814,819
701,176,63,0.5079,0.5,0.7256,0.2655,0.4444,0.4571,35,0.4571,35,0.4348,23,ASAN,5,6,877,882
752,188,63,0.381,0.4938,3.0841,0.3605,0.3333,0.35,60,0.3333,42,0.2857,14,ASAN,5,7,940,945
802,201,63,0.5714,0.5256,0.7485,0.2737,0.381,0.4211,19,0.4211,19,0.4211,19,ASAN,5,8,1003,1008
399,100,63,0.4921,0.5408,0.6933,0.2503,0.4444,0.463,54,0.4545,22,1.0,1,ASTS,5,0,499,504
449,113,63,0.1905,0.5033,9.0992,0.6462,0.8095,,0,,0,,0,ASTS,5,1,562,567
500,125,63,0.4127,0.5483,0.7306,0.2685,0.4127,0.4127,63,0.4386,57,,0,ASTS,5,2,625,630
550,138,63,0.4286,0.5247,0.986,0.3691,0.4286,0.4286,63,0.4286,63,0.4237,59,ASTS,5,3,688,693
600,151,63,0.4921,0.5258,1.2061,0.2806,0.5238,0.5185,27,0.7,10,0.7,10,ASTS,5,4,751,756
651,163,63,0.5556,0.38,0.7802,0.2847,0.5079,1.0,4,,0,,0,ASTS,5,5,814,819
701,176,63,0.4603,0.5943,0.6742,0.2451,0.5397,,0,,0,,0,ASTS,5,6,877,882
752,188,63,0.5079,0.4516,0.7016,0.2541,0.5079,0.5079,63,0.4,5,0.4,5,ASTS,5,7,940,945
802,201,63,0.4127,0.7121,1.6344,0.2873,0.4127,0.4127,63,0.5476,42,0.6,20,ASTS,5,8,1003,1008
399,100,63,0.3968,0.5981,6.4803,0.5222,0.6508,0.6667,9,0.6667,3,,0,AXP,5,0,499,504
449,113,63,0.5873,0.5884,0.6631,0.2369,0.5873,0.5873,63,0.5873,63,0.566,53,AXP,5,1,562,567
500,125,63,0.746,0.5957,0.561,0.1882,0.746,0.746,63,0.7377,61,0.7377,61,AXP,5,2,625,630
550,138,63,0.4286,0.4783,3.9928,0.39,0.4762,0.4464,56,0.4464,56,0.4545,55,AXP,5,3,688,693
600,151,63,0.4921,0.7686,0.7714,0.2785,0.4921,0.4921,63,0.4921,63,0.4921,63,AXP,5,4,751,756
651,163,63,0.6032,0.6033,0.938,0.2595,0.5079,0.5636,55,0.5636,55,0.6,15,AXP,5,5,814,819
701,176,63,0.381,0.4029,0.762,0.2838,0.6825,0.75,8,0.75,8,0.8333,6,AXP,5,6,877,882
752,188,63,0.4444,0.5399,4.8907,0.4101,0.5238,0.25,4,,0,,0,AXP,5,7,940,945
802,201,63,0.5079,0.4917,0.6952,0.251,0.4127,0.449,49,0.2,5,,0,AXP,5,8,1003,1008
399,100,63,0.5873,0.3448,1.1031,0.3078,0.6825,0.6545,55,0.6481,54,0.2857,7,AZN,5,0,499,504
449,113,63,0.4444,0.4441,0.7338,0.27,0.4921,0.4333,30,0.4333,30,0.4333,30,AZN,5,1,562,567
500,125,63,0.381,0.5,0.7109,0.2589,0.381,0.381,63,,0,,0,AZN,5,2,625,630
550,138,63,0.5079,0.5811,0.6539,0.2342,0.5873,1.0,6,1.0,6,1.0,6,AZN,5,3,688,693
600,151,63,0.4444,0.5046,0.775,0.2893,0.5714,0.6,5,0.6,5,0.6,5,AZN,5,4,751,756
651,163,63,0.4921,0.5323,0.7448,0.2747,0.6667,0.7083,24,0.6667,6,0.6667,6,AZN,5,5,814,819
701,176,63,0.4603,0.5213,0.7496,0.2772,0.4603,0.4603,63,0.4603,63,0.4603,63,AZN,5,6,877,882
752,188,63,0.619,0.5477,0.9022,0.2456,0.6508,0.6667,51,0.6667,51,0.7273,11,AZN,5,7,940,945
802,201,63,0.5556,0.5843,0.7254,0.2658,0.3175,0.3947,38,0.3636,33,0.3571,14,AZN,5,8,1003,1008
399,100,63,0.3333,0.2234,0.9005,0.3466,0.3333,0.1111,27,0.1111,27,0.1111,27,BA,5,0,499,504
449,113,63,0.4921,0.5262,0.6994,0.2531,0.4921,0.0,1,,0,,0,BA,5,1,562,567
500,125,63,0.4286,0.4614,0.6941,0.251,0.3651,0.2174,23,0.0,3,,0,BA,5,2,625,630
550,138,63,0.3333,0.4762,0.7258,0.2663,0.6667,,0,,0,,0,BA,5,3,688,693
600,151,63,0.619,0.5337,0.6774,0.2421,0.6032,0.6207,58,,0,,0,BA,5,4,751,756
651,163,63,0.5397,0.5654,0.8118,0.2995,0.6508,0.6875,32,0.6875,32,1.0,2,BA,5,5,814,819
701,176,63,0.619,0.6095,4.4535,0.3257,0.3968,0.6,5,0.5,4,,0,BA,5,6,877,882
752,188,63,0.7619,0.691,0.6376,0.2228,0.6667,0.8293,41,0.8293,41,0.625,8,BA,5,7,940,945
802,201,63,0.7302,0.7121,1.0321,0.2099,0.3968,0.7222,18,0.75,12,0.75,12,BA,5,8,1003,1008
399,100,63,0.2857,0.4031,0.765,0.2851,0.3333,0.2692,52,0.2821,39,0.5,2,BETR,5,0,499,504
449,113,63,0.4762,0.5255,0.6896,0.2487,0.5556,0.75,4,0.6667,3,0.6667,3,BETR,5,1,562,567
500,125,63,0.5238,0.561,0.9112,0.2545,0.4921,1.0,1,,0,,0,BETR,5,2,625,630
399,100,63,0.4603,0.4807,2.4344,0.36,0.5397,0.5,32,0.5,32,0.5,26,BRKR,5,0,499,504
449,113,63,0.4603,0.6156,3.4716,0.3509,0.4603,0.4603,63,0.4833,60,0.5091,55,BRKR,5,1,562,567
500,125,63,0.5238,0.5338,0.6928,0.2498,0.4762,0.5,2,0.5,2,,0,BRKR,5,2,625,630
550,138,63,0.5714,0.6303,0.9321,0.2601,0.5238,0.6364,22,0.0,2,0.0,2,BRKR,5,3,688,693
600,151,63,0.4444,0.6677,0.7939,0.2896,0.381,0.4068,59,0.4038,52,0.4038,52,BRKR,5,4,751,756
651,163,63,0.4286,0.4209,0.717,0.2619,0.5079,0.3571,14,0.4,5,,0,BRKR,5,5,814,819
701,176,63,0.4921,0.406,0.7143,0.2604,0.6349,0.58,50,,0,,0,BRKR,5,6,877,882
752,188,63,0.3016,0.3149,1.0345,0.3098,0.4603,0.2414,29,0.3333,12,0.0,2,BRKR,5,7,940,945
802,201,63,0.5714,0.4684,0.6769,0.2446,0.6032,0.5902,61,0.5429,35,0.7,10,BRKR,5,8,1003,1008
399,100,63,0.7619,0.5417,0.5922,0.2005,0.7619,0.7619,63,0.7619,63,0.7619,63,BSX,5,0,499,504
449,113,63,0.5556,0.5714,0.8247,0.3019,0.5556,0.5556,63,0.5556,63,0.5556,63,BSX,5,1,562,567
500,125,63,0.7778,0.5241,0.5457,0.1798,0.7778,0.7778,63,0.7778,63,0.7778,63,BSX,5,2,625,630
550,138,63,0.7302,0.4265,0.6172,0.213,0.7302,0.7302,63,0.7091,55,0.7091,55,BSX,5,3,688,693
600,151,63,0.4921,0.4985,1.0067,0.295,0.4921,0.4921,63,0.4921,63,0.4921,63,BSX,5,4,751,756
651,163,63,0.4603,0.5,0.7507,0.2779,0.4603,0.4603,63,0.4603,63,0.4603,63,BSX,5,5,814,819
701,176,63,0.5397,0.5177,0.9054,0.2506,0.5238,0.5323,62,0.5323,62,0.75,4,BSX,5,6,877,882
752,188,63,0.4444,0.5,0.6931,0.25,0.4444,0.4444,63,,0,,0,BSX,5,7,940,945
802,201,63,0.3175,0.4994,0.8307,0.3157,0.3016,0.3065,62,0.3214,56,0.3214,56,BSX,5,8,1003,1008
399,100,63,0.6508,0.52,1.3725,0.266,0.3492,0.5,8,0.5,8,0.5,8,CAVA,5,0,499,504
449,113,63,0.6825,0.799,0.5328,0.1876,0.5556,0.8261,23,0.8889,18,0.8889,18,CAVA,5,1,562,567
500,125,63,0.6032,0.6292,0.869,0.239,0.6508,0.7222,36,0.7222,36,0.7727,22,CAVA,5,2,625,630
399,100,63,0.5397,0.5842,0.7504,0.2771,0.6349,0.7037,27,,0,,0,CI,5,0,499,504
449,113,63,0.4762,0.6162,0.7113,0.259,0.4762,0.4762,63,0.4762,63,1.0,1,CI,5,1,562,567
500,125,63,0.3175,0.3939,2.7316,0.397,0.4762,0.3617,47,0.3617,47,0.3617,47,CI,5,2,625,630
550,138,63,0.4921,0.435,0.6973,0.2535,0.5873,0.549,51,0.5532,47,0.5532,47,CI,5,3,688,693
600,151,63,0.6667,0.5965,0.8556,0.2249,0.6508,0.6667,60,0.6667,60,0.8889,9,CI,5,4,751,756
651,163,63,0.3968,0.4802,1.4875,0.3189,0.381,0.375,56,0.3793,29,0.3793,29,CI,5,5,814,819
701,176,63,0.5397,0.5444,0.6911,0.2489,0.5079,0.5517,29,0.5833,12,0.5833,12,CI,5,6,877,882
752,188,63,0.6508,0.5294,0.6919,0.2469,0.619,0.6393,61,0.65,20,0.65,20,CI,5,7,940,945
802,201,63,0.619,0.627,0.6748,0.2408,0.5079,0.5952,42,0.575,40,0.575,40,CI,5,8,1003,1008
399,100,63,0.5397,0.5588,0.6903,0.2526,0.5397,0.5397,63,0.5397,63,0.5397,63,CNC,5,0,499,504
449,113,63,0.5873,0.6143,0.6945,0.2501,0.4127,0.5,30,0.5,30,0.5,30,CNC,5,1,562,567
500,125,63,0.6349,0.6303,1.3594,0.2581,0.4603,0.625,24,0.625,24,0.6471,17,CNC,5,2,625,630
550,138,63,0.4444,0.4331,1.0137,0.2986,0.5397,0.4872,39,0.4865,37,0.5625,16,CNC,5,3,688,693
600,151,63,0.4603,0.4813,0.9264,0.2604,0.5873,0.5484,31,0.5484,31,0.5484,31,CNC,5,4,751,756
651,163,63,0.6349,0.5538,1.7908,0.3393,0.2063,0.2727,22,0.2,15,0.2,15,CNC,5,5,814,819
701,176,63,0.3175,0.4201,0.7322,0.2694,0.6349,0.3333,9,,0,,0,CNC,5,6,877,882
752,188,63,0.4921,0.6119,0.8775,0.2422,0.5079,,0,,0,,0,CNC,5,7,940,945
802,201,63,0.2857,0.2531,1.5728,0.3571,0.7143,0.5,4,0.0,1,0.0,1,CNC,5,8,1003,1008
399,100,63,0.6508,0.3769,0.7583,0.2734,0.6508,0.6508,63,0.575,40,0.575,40,COST,5,0,499,504
449,113,63,0.6667,0.5499,0.6313,0.2197,0.6667,0.6667,63,0.6774,62,0.6774,62,COST,5,1,562,567
500,125,63,0.7143,0.6723,2.4208,0.2604,0.6349,0.7619,42,0.7619,42,0.7619,42,COST,5,2,625,630
550,138,63,0.6667,0.4167,2.8871,0.2821,0.6667,0.6667,63,0.6667,63,0.6667,63,COST,5,3,688,693
600,151,63,0.5714,0.3904,0.7428,0.2721,0.5714,0.5714,63,0.4865,37,0.5357,28,COST,5,4,751,756
651,163,63,0.4603,0.4643,0.8052,0.2994,0.4444,0.4423,52,0.4651,43,0.3667,30,COST,5,5,814,819
701,176,63,0.3492,0.6857,1.5451,0.3292,0.3492,0.3492,63,0.3492,63,0.5417,24,COST,5,6,877,882
752,188,63,0.4127,0.4178,0.7035,0.2551,0.5397,0.4444,27,,0,,0,COST,5,7,940,945
802,201,63,0.4444,0.6077,0.7103,0.2584,0.5556,,0,,0,,0,COST,5,8,1003,1008
399,100,63,0.4603,0.4625,0.7451,0.2752,0.4603,0.4603,63,0.4603,63,0.4468,47,CRM,5,0,499,504
449,113,63,0.5079,0.5675,1.4104,0.2887,0.5079,0.5079,63,0.5079,63,0.5079,63,CRM,5,1,562,567
500,125,63,0.7143,0.4685,0.6249,0.2166,0.7143,0.7143,63,0.6923,52,0.7083,48,CRM,5,2,625,630
550,138,63,0.4762,0.6793,0.6962,0.2512,0.4762,0.4762,63,0.6047,43,0.6098,41,CRM,5,3,688,693
600,151,63,0.5079,0.5283,2.1715,0.3316,0.4286,0.4375,32,0.4375,32,0.4375,32,CRM,5,4,751,756
651,163,63,0.4921,0.5556,0.7097,0.2581,0.4127,0.4483,58,0.4074,27,0.5,4,CRM,5,5,814,819
701,176,63,0.5238,0.4506,0.9483,0.2709,0.5873,0.5745,47,0.5581,43,0.55,40,CRM,5,6,877,882
752,188,63,0.4603,0.4781,1.1891,0.2787,0.4444,0.2857,14,0.2857,14,0.2857,14,CRM,5,7,940,945
802,201,63,0.4762,0.6212,0.6901,0.2485,0.4762,0.4762,63,0.5882,34,0.5882,34,CRM,5,8,1003,1008
399,100,63,0.5079,0.4315,0.8209,0.3045,0.5079,0.5079,63,0.5079,63,0.5079,63,CRWD,5,0,499,504
449,113,63,0.4603,0.4954,1.9354,0.3248,0.4603,0.4603,63,0.4603,63,0.4603,63,CRWD,5,1,562,567
500,125,63,0.2857,0.4063,3.4489,0.4023,0.6508,0.25,8,,0,,0,CRWD,5,2,625,630
550,138,63,0.6984,0.5359,0.6563,0.2319,0.6984,0.6984,63,0.72,25,0.72,25,CRWD,5,3,688,693
600,151,63,0.4921,0.5786,0.7041,0.2586,0.5079,0.5,62,0.5,62,0.5,62,CRWD,5,4,751,756
651,163,63,0.5714,0.5788,0.6822,0.2445,0.5238,0.5833,36,0.6,35,,0,CRWD,5,5,814,819
701,176,63,0.3968,0.4065,0.7249,0.2656,0.619,0.5143,35,0.5143,35,,0,CRWD,5,6,877,882
752,188,63,0.3651,0.5334,3.33,0.443,0.3333,0.339,59,0.339,59,0.3514,37,CRWD,5,7,940,945
802,201,63,0.6508,0.5538,0.6496,0.2286,0.6508,0.6508,63,0.6508,63,0.8,10,CRWD,5,8,1003,1008
399,100,63,0.5397,0.5499,1.8191,0.2781,0.4921,0.5208,48,0.5333,30,,0,DDOG,5,0,499,504
449,113,63,0.4921,0.6245,6.0228,0.4464,0.4921,0.4921,63,0.4921,63,0.4921,63,DDOG,5,1,562,567
500,125,63,0.4762,0.5293,2.353,0.3207,0.5714,1.0,3,1.0,1,1.0,1,DDOG,5,2,625,630
550,138,63,0.5714,0.6086,0.6854,0.2461,0.4762,0.8,5,0.75,4,0.75,4,DDOG,5,3,688,693
600,151,63,0.4286,0.4571,1.915,0.3178,0.4762,0.4211,38,0.4815,27,0.4615,26,DDOG,5,4,751,756
651,163,63,0.5873,0.6878,0.9025,0.2186,0.6825,0.7576,33,0.7576,33,0.7576,33,DDOG,5,5,814,819
701,176,63,0.3175,0.3923,5.1265,0.5639,0.6984,0.6667,3,0.5,2,0.5,2,DDOG,5,6,877,882
752,188,63,0.2381,0.691,0.8036,0.304,0.2381,0.2381,63,0.3333,33,0.3333,33,DDOG,5,7,940,945
802,201,63,0.6032,0.6511,0.6526,0.2315,0.6349,0.7778,27,0.8571,7,0.8571,7,DDOG,5,8,1003,1008
399,100,63,0.6349,0.6201,0.6411,0.2254,0.3651,,0,,0,,0,DNA,5,0,499,504
449,113,63,0.5556,0.5615,5.9144,0.4694,0.2063,0.2414,29,0.2414,29,0.2414,29,DNA,5,1,562,567
500,125,63,0.5873,0.4868,0.6938,0.2496,0.3968,0.0,1,0.0,1,0.0,1,DNA,5,2,625,630
550,138,63,0.3333,0.5,0.8714,0.335,0.6667,,0,,0,,0,DNA,5,3,688,693
600,151,63,0.3651,0.5,0.7013,0.2541,0.3651,0.3651,63,,0,,0,DNA,5,4,751,756
651,163,63,0.5238,0.5461,0.6787,0.2449,0.5397,0.5588,34,0.56,25,0.56,25,DNA,5,5,814,819
701,176,63,0.6508,0.5502,0.6633,0.2353,0.381,1.0,2,1.0,2,1.0,2,DNA,5,6,877,882
752,188,63,0.3968,0.5726,0.7432,0.2746,0.6032,,0,,0,,0,DNA,5,7,940,945
802,201,63,0.619,0.5294,0.7055,0.2555,0.4603,0.7273,11,0.7273,11,0.7273,11,DNA,5,8,1003,1008
399,100,63,0.5238,0.4805,1.184,0.2769,0.5714,0.5536,56,1.0,1,1.0,1,DUOL,5,0,499,504
449,113,63,0.4762,0.7134,1.3624,0.2662,0.3175,0.3725,51,0.38,50,0.6667,12,DUOL,5,1,562,567
500,125,63,0.4921,0.6297,0.766,0.2861,0.7778,0.9048,21,1.0,1,1.0,1,DUOL,5,2,625,630
550,138,63,0.381,0.4569,0.7023,0.2545,0.5873,0.25,4,0.25,4,0.5,2,DUOL,5,3,688,693
600,151,63,0.6032,0.5063,0.6735,0.2403,0.6032,0.6032,63,0.6032,63,0.5,2,DUOL,5,4,751,756
651,163,63,0.2222,0.5,0.8659,0.3344,0.2222,0.2222,63,0.2222,63,0.2222,63,DUOL,5,5,814,819
701,176,63,0.6349,0.5049,0.6766,0.2418,0.3651,,0,,0,,0,DUOL,5,6,877,882
752,188,63,0.5873,0.5199,0.6926,0.2493,0.254,0.2727,22,0.2727,22,0.2727,22,DUOL,5,7,940,945
802,201,63,0.5873,0.5114,0.677,0.242,0.4127,0.5,4,,0,,0,DUOL,5,8,1003,1008
399,100,63,0.5556,0.5673,0.6747,0.2408,0.381,0.4412,34,1.0,1,1.0,1,ETSY,5,0,499,504
449,113,63,0.4921,0.4929,0.7137,0.2616,0.5079,0.5,2,1.0,1,1.0,1,ETSY,5,1,562,567
500,125,63,0.4921,0.4802,1.1961,0.2843,0.5397,0.5227,44,0.5,4,0.5,4,ETSY,5,2,625,630
550,138,63,0.5397,0.5914,1.8727,0.3003,0.5238,0.625,16,0.625,16,0.625,16,ETSY,5,3,688,693
600,151,63,0.4921,0.5931,0.6991,0.2547,0.4286,0.4419,43,0.4419,43,0.4524,42,ETSY,5,4,751,756
651,163,63,0.4762,0.6138,3.4879,0.3583,0.5873,0.625,16,1.0,2,1.0,2,ETSY,5,5,814,819
701,176,63,0.4444,0.4724,0.7485,0.2747,0.5556,0.5,12,0.5,12,0.5,12,ETSY,5,6,877,882
752,188,63,0.4921,0.4889,0.7217,0.2621,0.4921,0.4286,7,0.4286,7,0.5,6,ETSY,5,7,940,945
802,201,63,0.6349,0.688,0.6387,0.2236,0.6349,0.6977,43,0.6977,43,0.7941,34,ETSY,5,8,1003,1008
399,100,63,0.5714,0.5929,0.6839,0.2454,0.4444,0.5116,43,,0,,0,FIVN,5,0,499,504
449,113,63,0.3651,0.5901,2.8489,0.359,0.3333,0.3273,55,0.3273,55,0.3333,54,FIVN,5,1,562,567
500,125,63,0.5714,0.5212,1.8447,0.2863,0.4921,0.7,10,0.7,10,0.6667,6,FIVN,5,2,625,630
550,138,63,0.4127,0.4926,1.2836,0.3268,0.6032,0.5556,9,0.5556,9,0.3333,6,FIVN,5,3,688,693
600,151,63,0.4286,0.5247,0.7813,0.2917,0.4286,0.4286,63,0.4375,48,0.4375,48,FIVN,5,4,751,756
651,163,63,0.4444,0.4791,1.1793,0.2759,0.4444,0.4407,59,0.0,1,0.0,1,FIVN,5,5,814,819
701,176,63,0.5397,0.429,0.6943,0.2506,0.4603,,0,,0,,0,FIVN,5,6,877,882
752,188,63,0.6667,0.5435,0.6332,0.2215,0.3651,1.0,2,1.0,2,1.0,2,FIVN,5,7,940,945
802,201,63,0.3651,0.3899,2.4725,0.3621,0.4762,0.25,20,0.25,20,0.25,20,FIVN,5,8,1003,1008
399,100,63,0.5238,0.7169,0.7258,0.2553,0.381,0.4375,48,0.6207,29,0.6667,27,FSLY,5,0,499,504
449,113,63,0.4286,0.5185,0.7329,0.2696,0.4286,0.4286,63,0.4286,63,0.4419,43,FSLY,5,1,562,567
500,125,63,0.5556,0.5179,0.687,0.2469,0.4444,,0,,0,,0,FSLY,5,2,625,630
550,138,63,0.5556,0.5439,0.6828,0.2478,0.5079,1.0,4,1.0,4,1.0,4,FSLY,5,3,688,693
600,151,63,0.381,0.5,0.6984,0.2526,0.381,0.381,63,,0,,0,FSLY,5,4,751,756
651,163,63,0.4762,0.5391,0.6947,0.2515,0.5714,0.8,5,0.8,5,0.8,5,FSLY,5,5,814,819
701,176,63,0.5873,0.5939,2.0054,0.27,0.5238,0.6842,19,0.6842,19,0.6842,19,FSLY,5,6,877,882
752,188,63,0.6825,0.5643,1.0842,0.2351,0.3492,1.0,2,1.0,2,1.0,1,FSLY,5,7,940,945
802,201,63,0.4286,0.713,2.0749,0.3699,0.7143,1.0,9,,0,,0,FSLY,5,8,1003,1008
399,100,63,0.5556,0.3531,4.8793,0.398,0.4444,,0,,0,,0,FTNT,5,0,499,504
449,113,63,0.4286,0.6358,0.7094,0.2595,0.4286,0.4286,63,0.4286,63,0.8889,9,FTNT,5,1,562,567
500,125,63,0.4127,0.6311,0.7847,0.2953,0.6032,1.0,1,,0,,0,FTNT,5,2,625,630
550,138,63,0.4603,0.3517,1.2844,0.3203,0.6825,0.5957,47,,0,,0,FTNT,5,3,688,693
600,151,63,0.5556,0.6384,1.7655,0.2602,0.4762,0.5179,56,0.5319,47,0.6471,17,FTNT,5,4,751,756
651,163,63,0.3968,0.5898,0.6939,0.2544,0.3492,0.3667,60,0.3333,9,0.3333,9,FTNT,5,5,814,819
701,176,63,0.4444,0.4932,5.0919,0.4037,0.6032,0.5714,21,0.5714,21,0.5714,21,FTNT,5,6,877,882
752,188,63,0.5873,0.5517,0.6785,0.2428,0.4603,1.0,3,1.0,3,1.0,3,FTNT,5,7,940,945
802,201,63,0.4127,0.4583,0.7473,0.2763,0.5714,0.4615,13,0.6,5,0.6,5,FTNT,5,8,1003,1008
399,100,63,0.381,0.5256,0.8173,0.3094,0.619,,0,,0,,0,GM,5,0,499,504
449,113,63,0.4762,0.3187,0.7142,0.2603,0.4762,0.4762,63,0.25,4,0.25,4,GM,5,1,562,567
500,125,63,0.5873,0.438,0.6824,0.2447,0.6349,0.6167,60,0.6,25,0.5833,24,GM,5,2,625,630
550,138,63,0.3492,0.5,0.729,0.2679,0.3492,0.3492,63,0.3492,63,,0,GM,5,3,688,693
600,151,63,0.5714,0.5527,0.6905,0.2487,0.5397,0.5714,49,,0,,0,GM,5,4,751,756
651,163,63,0.4603,0.5214,0.9513,0.2701,0.5556,1.0,1,1.0,1,1.0,1,GM,5,5,814,819
701,176,63,0.3175,0.5698,0.7794,0.2926,0.6825,,0,,0,,0,GM,5,6,877,882
752,188,63,0.5714,0.4398,0.6948,0.2508,0.5714,0.5714,63,0.2,5,0.2,5,GM,5,7,940,945
802,201,63,0.4603,0.5561,0.7495,0.2773,0.4444,0.4516,62,0.4516,62,0.4516,62,GM,5,8,1003,1008
399,100,63,0.619,0.4963,1.1809,0.2746,0.3968,0.5556,9,0.5556,9,,0,GME,5,0,499,504
449,113,63,0.5714,0.5712,0.6698,0.2412,0.4762,0.8,5,0.8,5,0.8,5,GME,5,1,562,567
500,125,63,0.4603,0.4691,0.9472,0.2692,0.5397,0.5,2,0.5,2,0.5,2,GME,5,2,625,630
550,138,63,0.4921,0.5765,0.8857,0.2458,0.5556,0.8,5,0.8,5,0.8,5,GME,5,3,688,693
600,151,63,0.5714,0.5926,0.6718,0.2396,0.5714,0.6286,35,0.6286,35,0.6286,35,GME,5,4,751,756
651,163,63,0.5238,0.5056,0.7824,0.2783,0.5238,0.5306,49,0.5,36,,0,GME,5,5,814,819
701,176,63,0.5238,0.5903,0.6609,0.236,0.4603,0.4902,51,1.0,3,1.0,3,GME,5,6,877,882
752,188,63,0.4921,0.5475,0.6988,0.2528,0.5238,1.0,1,,0,,0,GME,5,7,940,945
802,201,63,0.4127,0.4369,0.9785,0.2845,0.4762,0.4103,39,0.4103,39,,0,GME,5,8,1003,1008
399,100,63,0.6508,0.6796,0.5863,0.2101,0.6508,0.6508,63,0.65,60,0.65,60,GOOG,5,0,499,504
449,113,63,0.5397,0.5284,1.6586,0.2977,0.4603,0.5,46,0.5111,45,0.5111,45,GOOG,5,1,562,567
500,125,63,0.6349,0.4228,0.6565,0.2318,0.6349,0.6349,63,0.6349,63,0.6667,60,GOOG,5,2,625,630
550,138,63,0.5873,0.5827,0.6706,0.2389,0.5556,0.5738,61,0.5738,61,0.64,25,GOOG,5,3,688,693
600,151,63,0.381,0.4832,1.0757,0.3757,0.3651,0.3571,56,0.3462,26,0.3462,26,GOOG,5,4,751,756
651,163,63,0.746,0.6789,0.6377,0.2224,0.746,0.746,63,0.8537,41,,0,GOOG,5,5,814,819
701,176,63,0.4762,0.6784,4.2297,0.3951,0.7302,0.8421,19,0.8571,7,0.8571,7,GOOG,5,6,877,882
752,188,63,0.6032,0.5898,0.6643,0.2358,0.5556,0.5862,58,0.6,55,0.6667,6,GOOG,5,7,940,945
802,201,63,0.6349,0.4402,0.6991,0.2493,0.6349,0.6349,63,0.6349,63,0.6349,63,GOOG,5,8,1003,1008
399,100,63,0.4444,0.5,0.6994,0.2531,0.4444,0.4444,63,,0,,0,HUM,5,0,499,504
449,113,63,0.3968,0.5426,5.8995,0.4767,0.6032,,0,,0,,0,HUM,5,1,562,567
500,125,63,0.4603,0.452,0.7831,0.2917,0.4762,0.45,40,0.4324,37,0.4324,37,HUM,5,2,625,630
550,138,63,0.4762,0.5665,0.6954,0.2511,0.5079,0.4918,61,0.5926,27,,0,HUM,5,3,688,693
600,151,63,0.4603,0.702,0.679,0.243,0.4444,0.4516,62,0.6818,22,,0,HUM,5,4,751,756
651,163,63,0.5238,0.5898,0.6886,0.2481,0.5556,0.5806,31,0.5806,31,0.7143,7,HUM,5,5,814,819
701,176,63,0.5397,0.5197,2.3316,0.3127,0.5079,1.0,3,1.0,1,1.0,1,HUM,5,6,877,882
752,188,63,0.4921,0.4126,0.6947,0.2507,0.3968,0.36,25,0.4375,16,0.5,6,HUM,5,7,940,945
802,201,63,0.3016,0.3105,0.7789,0.2916,0.6825,0.4545,11,0.4545,11,0.4545,11,HUM,5,8,1003,1008
399,100,63,0.5556,0.6362,0.7071,0.256,0.5556,0.5854,41,0.5854,41,0.5946,37,HY,5,0,499,504
449,113,63,0.3968,0.2977,3.2762,0.441,0.4603,0.4237,59,0.4237,59,0.3125,48,HY,5,1,562,567
500,125,63,0.5238,0.448,1.6999,0.3063,0.5556,0.5472,53,0.4737,19,0.5,10,HY,5,2,625,630
550,138,63,0.4286,0.4974,0.9461,0.2678,0.4444,0.4333,60,,0,,0,HY,5,3,688,693
600,151,63,0.5556,0.5606,0.702,0.2536,0.4762,0.5227,44,0.5161,31,0.5161,31,HY,5,4,751,756
651,163,63,0.5873,0.6444,1.9972,0.2634,0.4444,0.75,4,0.75,4,0.75,4,HY,5,5,814,819
701,176,63,0.5397,0.5622,0.6852,0.2474,0.4444,0.4865,37,0.5,36,1.0,1,HY,5,6,877,882
752,188,63,0.5238,0.4556,1.4153,0.2849,0.5238,0.5238,63,0.4762,21,0.4762,21,HY,5,7,940,945
802,201,63,0.4921,0.5126,0.7049,0.2558,0.4921,0.4921,63,0.5167,60,0.375,8,HY,5,8,1003,1008
399,100,63,0.5556,0.5675,0.6747,0.2417,0.4921,0.6667,9,1.0,2,1.0,2,INSM,5,0,499,504
449,113,63,0.4603,0.4944,0.7358,0.2704,0.5397,0.5,8,0.5714,7,0.5714,7,INSM,5,1,562,567
500,125,63,0.6032,0.5633,0.704,0.2533,0.4286,0.5625,16,0.5625,16,0.5625,16,INSM,5,2,625,630
550,138,63,0.4921,0.5294,0.6904,0.2484,0.5397,0.6667,6,0.6667,6,0.6667,6,INSM,5,3,688,693
600,151,63,0.5397,0.5293,1.44,0.2947,0.4286,0.4688,32,0.4688,32,0.5294,17,INSM,5,4,751,756
651,163,63,0.4286,0.4156,0.8467,0.3211,0.7302,0.6667,30,0.64,25,0.8182,11,INSM,5,5,814,819
701,176,63,0.7302,0.5959,0.6449,0.226,0.7302,0.7302,63,0.7895,38,1.0,1,INSM,5,6,877,882
752,188,63,0.3492,0.3407,1.9897,0.355,0.3333,0.3387,62,0.35,60,0.25,48,INSM,5,7,940,945
802,201,63,0.3968,0.5132,0.7655,0.283,0.3968,0.3968,63,0.3968,63,0.5,4,INSM,5,8,1003,1008
399,100,63,0.3492,0.5244,0.941,0.3637,0.3492,0.3492,63,0.3492,63,0.3492,63,INTC,5,0,499,504
449,113,63,0.5714,0.5509,0.6859,0.2464,0.4286,0.5,22,0.5,22,,0,INTC,5,1,562,567
500,125,63,0.5873,0.5598,4.5438,0.3564,0.5397,0.5833,48,0.5833,48,0.5833,48,INTC,5,2,625,630
550,138,63,0.4127,0.6012,0.7148,0.2608,0.3175,0.3455,55,0.3778,45,,0,INTC,5,3,688,693
600,151,63,0.6508,0.6184,0.6779,0.2424,0.4444,0.7143,14,,0,,0,INTC,5,4,751,756
651,163,63,0.5079,0.5096,1.1763,0.2758,0.4921,0.5,8,0.5,8,0.5,8,INTC,5,5,814,819
701,176,63,0.3333,0.5983,3.5523,0.4546,0.6825,1.0,1,1.0,1,1.0,1,INTC,5,6,877,882
752,188,63,0.6825,0.6865,0.6776,0.2423,0.5079,0.875,16,,0,,0,INTC,5,7,940,945
802,201,63,0.3651,0.5215,0.69,0.2486,0.6825,0.8,5,0.8,5,0.8,5,INTC,5,8,1003,1008
399,100,63,0.6032,0.5052,0.6862,0.2459,0.4127,1.0,1,1.0,1,,0,IREN,5,0,499,504
449,113,63,0.619,0.4783,2.7658,0.3133,0.4762,0.875,8,0.875,8,0.875,8,IREN,5,1,562,567
500,125,63,0.381,0.4543,0.7637,0.2835,0.5873,0.25,4,0.0,3,0.0,3,IREN,5,2,625,630
550,138,63,0.4603,0.4551,0.7205,0.2633,0.5238,0.4878,41,,0,,0,IREN,5,3,688,693
600,151,63,0.4444,0.4907,0.6964,0.2516,0.4286,0.4231,52,,0,,0,IREN,5,4,751,756
651,163,63,0.746,0.6084,0.6087,0.209,0.746,0.7719,57,0.7679,56,0.8333,18,IREN,5,5,814,819
701,176,63,0.7937,0.4717,0.5914,0.1997,0.8413,0.8333,60,0.8333,60,0.8333,60,IREN,5,6,877,882
752,188,63,0.4444,0.4429,0.8264,0.3116,0.4444,0.4444,63,0.4444,63,0.4444,63,IREN,5,7,940,945
802,201,63,0.5397,0.5,0.7326,0.2681,0.5397,0.5397,63,0.5397,63,0.5397,63,IREN,5,8,1003,1008
399,100,63,0.5397,0.5667,0.6828,0.2451,0.4762,0.5106,47,0.5106,47,,0,JNJ,5,0,499,504
449,113,63,0.619,0.4215,2.3226,0.2999,0.619,0.6271,59,0.6364,55,0.6364,55,JNJ,5,1,562,567
500,125,63,0.619,0.6755,4.1049,0.3474,0.4603,0.7778,9,0.75,4,,0,JNJ,5,2,625,630
550,138,63,0.5079,0.5306,0.7225,0.2685,0.4444,0.4746,59,0.4746,59,0.4746,59,JNJ,5,3,688,693
600,151,63,0.4127,0.4917,0.7172,0.2618,0.5873,,0,,0,,0,JNJ,5,4,751,756
651,163,63,0.6349,0.4846,0.7092,0.2579,0.7143,0.7115,52,,0,,0,JNJ,5,5,814,819
701,176,63,0.5079,0.4709,2.8584,0.3531,0.5873,0.625,24,0.6471,17,,0,JNJ,5,6,877,882
752,188,63,0.6984,0.5114,0.6354,0.2214,0.6984,0.6984,63,0.6984,63,1.0,1,JNJ,5,7,940,945
802,201,63,0.4286,0.5941,0.7479,0.2765,0.4286,0.4286,63,0.4286,56,0.4894,47,JNJ,5,8,1003,1008
399,100,63,0.3492,0.505,0.7486,0.2768,0.3492,0.3492,63,0.3182,22,0.0909,11,KVUE,5,0,499,504
449,113,63,0.3968,0.5,0.7606,0.2831,0.3968,0.3968,63,0.3968,63,0.3968,63,KVUE,5,1,562,567
500,125,63,0.6032,0.6199,0.6813,0.2443,0.5714,0.641,39,,0,,0,KVUE,5,2,625,630
550,138,63,0.4762,0.5884,2.2572,0.3752,0.5238,,0,,0,,0,KVUE,5,3,688,693
399,100,63,0.4127,0.4439,0.7373,0.2705,0.5873,,0,,0,,0,LLY,5,0,499,504
449,113,63,0.7143,0.6407,0.5859,0.2016,0.7143,0.7143,63,0.7143,63,0.8125,32,LLY,5,1,562,567
500,125,63,0.4444,0.4015,2.2012,0.3443,0.4444,0.4444,63,0.4194,31,0.3929,28,LLY,5,2,625,630
550,138,63,0.619,0.6147,0.654,0.2305,0.6032,0.6129,62,0.6129,62,0.6667,54,LLY,5,3,688,693
600,151,63,0.6349,0.6505,0.6414,0.2265,0.4762,0.6667,21,0.7,20,0.7,20,LLY,5,4,751,756
651,163,63,0.3175,0.3121,1.4518,0.3019,0.4762,0.24,25,0.2727,22,0.0,3,LLY,5,5,814,819
701,176,63,0.6349,0.4495,0.6786,0.2418,0.7302,0.717,53,0.7241,29,0.6,5,LLY,5,6,877,882
752,188,63,0.4286,0.5342,0.7353,0.2708,0.619,0.8,5,,0,,0,LLY,5,7,940,945
802,201,63,0.4127,0.4995,0.729,0.2677,0.3968,0.4,60,0.4,60,0.3333,6,LLY,5,8,1003,1008
399,100,63,0.4127,0.4927,1.2465,0.3088,0.4127,0.4068,59,0.3966,58,0.3966,58,LULU,5,0,499,504
449,113,63,0.3175,0.5,0.752,0.2792,0.3175,0.3175,63,0.3175,63,,0,LULU,5,1,562,567
500,125,63,0.3016,0.4659,0.7794,0.2922,0.6984,,0,,0,,0,LULU,5,2,625,630
550,138,63,0.4286,0.6322,4.8357,0.3893,0.5714,0.5,2,0.5,2,0.0,1,LULU,5,3,688,693
600,151,63,0.5873,0.6559,0.6969,0.2516,0.4127,0.5,50,0.5,50,0.5,50,LULU,5,4,751,756
651,163,63,0.4127,0.4575,0.7907,0.2971,0.3333,0.34,50,0.3333,48,0.2895,38,LULU,5,5,814,819
701,176,63,0.5556,0.6214,0.6746,0.2408,0.4444,,0,,0,,0,LULU,5,6,877,882
752,188,63,0.5079,0.4178,0.8635,0.3088,0.4921,,0,,0,,0,LULU,5,7,940,945
802,201,63,0.6508,0.6485,0.6324,0.2205,0.4444,0.6667,18,0.8,15,0.8,15,LULU,5,8,1003,1008
399,100,63,0.5556,0.5965,4.8256,0.3847,0.5238,0.7273,11,0.7143,7,,0,LYFT,5,0,499,504
449,113,63,0.4127,0.4205,4.7761,0.5188,0.127,0.1282,39,0.1212,33,0.1212,33,LYFT,5,1,562,567
500,125,63,0.3492,0.5,0.8528,0.3264,0.6508,,0,,0,,0,LYFT,5,2,625,630
550,138,63,0.5238,0.6106,2.0298,0.2815,0.4762,,0,,0,,0,LYFT,5,3,688,693
600,151,63,0.5397,0.5529,0.6934,0.25,0.5079,0.5789,19,,0,,0,LYFT,5,4,751,756
651,163,63,0.619,0.6685,0.8333,0.2201,0.3492,0.375,8,0.375,8,0.5,6,LYFT,5,5,814,819
701,176,63,0.3175,0.7523,4.5912,0.4703,0.6825,,0,,0,,0,LYFT,5,6,877,882
752,188,63,0.6984,0.5024,0.6453,0.2265,0.3016,,0,,0,,0,LYFT,5,7,940,945
802,201,63,0.5079,0.6039,3.6958,0.3521,0.4286,0.4583,48,0.5556,36,0.5556,36,LYFT,5,8,1003,1008
399,100,63,0.5079,0.6129,0.6922,0.2525,0.5079,0.5079,63,0.5079,63,0.5079,63,META,5,0,499,504
449,113,63,0.4444,0.4279,0.7883,0.2944,0.6508,0.6071,28,0.6071,28,0.6316,19,META,5,1,562,567
500,125,63,0.4762,0.3788,0.9866,0.2833,0.4762,0.4762,63,0.4762,63,0.0,8,META,5,2,625,630
550,138,63,0.6667,0.5,0.6737,0.2403,0.6667,0.6667,63,,0,,0,META,5,3,688,693
600,151,63,0.6349,0.6022,0.6572,0.2322,0.6349,0.6349,63,0.6349,63,0.6923,52,META,5,4,751,756
651,163,63,0.4127,0.4769,0.7365,0.2707,0.4286,0.4194,62,0.4167,12,0.4545,11,META,5,5,814,819
701,176,63,0.3651,0.2297,2.9615,0.4002,0.381,0.371,62,0.371,62,0.3,50,META,5,6,877,882
752,188,63,0.4603,0.4432,3.5733,0.3891,0.4603,0.4194,31,0.4194,31,0.4194,31,META,5,7,940,945
399,100,63,0.5556,0.7898,0.851,0.2357,0.4444,,0,,0,,0,MP,5,0,499,504
449,113,63,0.5238,0.5951,2.8536,0.345,0.2857,0.35,40,0.3333,33,0.3667,30,MP,5,1,562,567
500,125,63,0.381,0.5809,1.3869,0.4794,0.8095,0.875,16,0.8571,14,0.8462,13,MP,5,2,625,630
550,138,63,0.4127,0.5132,0.724,0.2654,0.6032,1.0,1,1.0,1,1.0,1,MP,5,3,688,693
600,151,63,0.5873,0.5644,0.6906,0.2486,0.4603,0.56,25,0.5417,24,0.5652,23,MP,5,4,751,756
651,163,63,0.6508,0.4329,1.1541,0.2651,0.6508,0.6508,63,0.6508,63,0.575,40,MP,5,5,814,819
701,176,63,0.4603,0.4682,0.7132,0.2599,0.4762,0.4615,52,0.4348,23,0.4,5,MP,5,6,877,882
752,188,63,0.5556,0.525,0.6827,0.2449,0.5556,0.5556,63,0.75,4,0.75,4,MP,5,7,940,945
802,201,63,0.6667,0.7964,0.6004,0.2071,0.5079,0.6078,51,0.9333,15,1.0,4,MP,5,8,1003,1008
399,100,63,0.3651,0.5582,2.8877,0.4495,0.6349,,0,,0,,0,MRNA,5,0,499,504
449,113,63,0.5238,0.5777,0.9899,0.2841,0.4286,0.4694,49,0.4694,49,0.4694,49,MRNA,5,1,562,567
500,125,63,0.254,0.4395,9.7772,0.6623,0.254,0.254,63,0.2245,49,0.2245,49,MRNA,5,2,625,630
550,138,63,0.6032,0.5,0.6726,0.2398,0.3968,,0,,0,,0,MRNA,5,3,688,693
600,151,63,0.5873,0.4444,0.696,0.2505,0.4127,,0,,0,,0,MRNA,5,4,751,756
651,163,63,0.4444,0.4612,0.7767,0.2902,0.5556,,0,,0,,0,MRNA,5,5,814,819
701,176,63,0.5397,0.5,0.6901,0.2485,0.4603,,0,,0,,0,MRNA,5,6,877,882
752,188,63,0.4444,0.5427,0.6959,0.2514,0.619,0.6429,14,1.0,1,1.0,1,MRNA,5,7,940,945
802,201,63,0.4762,0.4641,0.7691,0.2857,0.5873,0.55,40,0.55,40,0.55,40,MRNA,5,8,1003,1008
399,100,63,0.4921,0.5313,0.7092,0.2576,0.4762,0.4,10,0.4,10,0.4,10,MSFT,5,0,499,504
399,100,63,0.5079,0.5041,3.7569,0.3763,0.5397,0.5556,27,0.5417,24,0.5833,12,MU,5,0,499,504
449,113,63,0.3651,0.3879,0.9446,0.3545,0.4286,0.1579,19,0.1579,19,0.1579,19,MU,5,1,562,567
500,125,63,0.4762,0.4689,0.7327,0.2673,0.5556,0.625,8,0.625,8,0.625,8,MU,5,2,625,630
550,138,63,0.6349,0.6618,0.6536,0.2305,0.5397,1.0,11,1.0,11,1.0,11,MU,5,3,688,693
600,151,63,0.5079,0.5015,0.6957,0.2513,0.4921,0.5,6,,0,,0,MU,5,4,751,756
651,163,63,0.3016,0.3247,0.7369,0.2715,0.6032,0.35,20,0.35,20,0.0,2,MU,5,5,814,819
701,176,63,0.7619,0.4546,0.6702,0.2383,0.7937,0.7869,61,,0,,0,MU,5,6,877,882
752,188,63,0.6825,0.5,0.6341,0.2209,0.6825,0.6825,63,0.6825,63,0.6825,63,MU,5,7,940,945
802,201,63,0.7143,0.5,0.5986,0.2042,0.7143,0.7143,63,0.7143,63,0.7143,63,MU,5,8,1003,1008
399,100,63,0.4286,0.5,0.6931,0.25,0.4286,0.4286,63,,0,,0,NET,5,0,499,504
449,113,63,0.5397,0.5,7.3386,0.4603,0.5397,0.5397,63,0.5397,63,0.5397,63,NET,5,1,562,567
500,125,63,0.4921,0.4844,0.7092,0.2569,0.4921,0.0,1,0.0,1,0.0,1,NET,5,2,625,630
550,138,63,0.2381,0.509,3.5791,0.543,0.7619,,0,,0,,0,NET,5,3,688,693
600,151,63,0.6349,0.5893,0.6771,0.242,0.4444,1.0,5,1.0,5,,0,NET,5,4,751,756
651,163,63,0.7619,0.5625,0.6713,0.2391,0.7619,0.7619,63,1.0,6,1.0,2,NET,5,5,814,819
701,176,63,0.619,0.5,0.668,0.2374,0.619,0.619,63,0.619,63,0.619,63,NET,5,6,877,882
752,188,63,0.4444,0.5179,0.7414,0.2737,0.4444,0.4444,63,0.4444,63,0.4444,63,NET,5,7,940,945
802,201,63,0.6349,0.55,0.6525,0.2301,0.6349,0.6349,63,0.6349,63,0.6349,63,NET,5,8,1003,1008
399,100,63,0.5397,0.5155,0.6784,0.2426,0.619,0.625,40,0.625,40,0.625,40,NFLX,5,0,499,504
449,113,63,0.2381,0.2571,6.4473,0.5201,0.5079,0.2333,30,0.3333,15,,0,NFLX,5,1,562,567
500,125,63,0.6984,0.6806,0.638,0.2227,0.6984,0.6984,63,0.7872,47,1.0,5,NFLX,5,2,625,630
550,138,63,0.4444,0.4551,1.4315,0.291,0.6508,0.6071,28,0.5926,27,0.6154,26,NFLX,5,3,688,693
600,151,63,0.5873,0.3037,4.6743,0.3931,0.6032,0.6,60,0.5714,56,0.5714,56,NFLX,5,4,751,756
651,163,63,0.5714,0.5472,1.1827,0.2749,0.5397,0.5714,49,0.5714,49,0.5714,49,NFLX,5,5,814,819
701,176,63,0.4921,0.5615,0.7655,0.2832,0.4921,0.4921,63,0.5167,60,0.5167,60,NFLX,5,6,877,882
752,188,63,0.1905,0.3824,5.2516,0.5516,0.1905,0.1905,63,0.1905,63,0.1905,63,NFLX,5,7,940,945
802,201,63,0.3492,0.3482,0.7391,0.2729,0.4127,0.3077,39,0.3077,39,,0,NFLX,5,8,1003,1008
399,100,63,0.5714,0.4321,0.6974,0.2517,0.4286,,0,,0,,0,NIO,5,0,499,504
449,113,63,0.6032,0.5593,0.6612,0.2342,0.3492,0.4,15,0.4545,11,0.5,6,NIO,5,1,562,567
500,125,63,0.4444,0.6964,2.272,0.3009,0.5556,,0,,0,,0,NIO,5,2,625,630
550,138,63,0.5714,0.5663,0.6736,0.2404,0.4444,1.0,1,1.0,1,1.0,1,NIO,5,3,688,693
600,151,63,0.5397,0.5818,0.671,0.2405,0.5238,0.5769,26,,0,,0,NIO,5,4,751,756
651,163,63,0.5079,0.5197,0.9305,0.2627,0.4921,0.5,36,0.5714,7,0.5714,7,NIO,5,5,814,819
701,176,63,0.5079,0.3732,0.7381,0.2715,0.5873,0.5577,52,0.5577,52,0.5217,46,NIO,5,6,877,882
752,188,63,0.6984,0.5748,0.6836,0.2452,0.3016,,0,,0,,0,NIO,5,7,940,945
802,201,63,0.4762,0.501,0.7148,0.2607,0.5238,,0,,0,,0,NIO,5,8,1003,1008
399,100,63,0.5556,0.5786,0.7399,0.2679,0.5079,0.75,8,0.75,8,1.0,3,NOK,5,0,499,504
449,113,63,0.4444,0.6163,2.8302,0.4211,0.5714,1.0,1,,0,,0,NOK,5,1,562,567
500,125,63,0.3492,0.377,1.6184,0.3604,0.6667,0.5238,21,0.6429,14,1.0,1,NOK,5,2,625,630
550,138,63,0.5873,0.6278,0.6609,0.2353,0.5397,0.569,58,0.5962,52,0.5962,52,NOK,5,3,688,693
600,151,63,0.5873,0.5239,2.3814,0.3278,0.5873,0.6774,31,0.5,6,0.6667,3,NOK,5,4,751,756
651,163,63,0.4286,0.4235,0.7592,0.2793,0.4444,0.3182,22,0.8571,7,0.8571,7,NOK,5,5,814,819
701,176,63,0.3968,0.5809,0.6574,0.2335,0.7778,0.8667,15,0.9231,13,1.0,4,NOK,5,6,877,882
752,188,63,0.5714,0.5031,0.6956,0.2505,0.5714,0.5714,63,0.6,10,0.6,10,NOK,5,7,940,945
802,201,63,0.7302,0.592,0.603,0.2061,0.7143,0.7258,62,0.7586,58,0.7544,57,NOK,5,8,1003,1008
399,100,63,0.5556,0.5082,0.6799,0.2473,0.5556,0.5714,49,0.5532,47,,0,NVDA,5,0,499,504
399,100,63,0.6349,0.5705,1.1295,0.2554,0.6032,0.6415,53,,0,,0,NVMI,5,0,499,504
449,113,63,0.4603,0.2323,1.0018,0.2925,0.5873,0.5273,55,0.5,52,0.5,52,NVMI,5,1,562,567
500,125,63,0.4762,0.5025,0.7384,0.2708,0.4762,0.4762,63,0.4762,63,0.5,10,NVMI,5,2,625,630
550,138,63,0.6508,0.6172,0.6131,0.2125,0.6984,0.7115,52,0.8333,24,0.8261,23,NVMI,5,3,688,693
600,151,63,0.2857,0.4677,5.0727,0.4806,0.3333,0.2931,58,0.2909,55,0.3421,38,NVMI,5,4,751,756
651,163,63,0.3333,0.4478,0.7014,0.2541,0.6349,0.25,4,0.3333,3,,0,NVMI,5,5,814,819
701,176,63,0.5714,0.4372,0.6883,0.2476,0.5714,0.5714,63,0.5319,47,,0,NVMI,5,6,877,882
752,188,63,0.6984,0.5,0.6646,0.2358,0.6984,0.6984,63,,0,,0,NVMI,5,7,940,945
802,201,63,0.5397,0.4868,0.707,0.2566,0.5397,0.5397,63,0.5397,63,0.5246,61,NVMI,5,8,1003,1008
399,100,63,0.4921,0.4783,1.2218,0.2946,0.4921,0.4815,27,0.4815,27,0.5455,22,NVO,5,0,499,504
449,113,63,0.4286,0.4108,0.7358,0.2715,0.5079,0.4231,26,0.44,25,0.44,25,NVO,5,1,562,567
500,125,63,0.3968,0.3726,3.7073,0.4254,0.3968,0.3968,63,0.3333,33,0.3333,33,NVO,5,2,625,630
550,138,63,0.4444,0.5258,0.6874,0.2472,0.3968,0.4107,56,,0,,0,NVO,5,3,688,693
600,151,63,0.619,0.602,0.6614,0.2328,0.381,,0,,0,,0,NVO,5,4,751,756
651,163,63,0.4921,0.6141,0.9623,0.2773,0.5397,1.0,2,1.0,2,1.0,2,NVO,5,5,814,819
701,176,63,0.5873,0.4929,0.6871,0.247,0.4444,1.0,2,,0,,0,NVO,5,6,877,882
752,188,63,0.4762,0.4786,0.6926,0.2497,0.5556,0.55,20,0.5789,19,0.5789,19,NVO,5,7,940,945
802,201,63,0.5714,0.5648,0.6823,0.2445,0.5714,0.5714,63,0.5714,63,0.6071,56,NVO,5,8,1003,1008
399,100,63,0.6349,0.5986,0.8434,0.2246,0.6667,0.7209,43,0.7209,43,0.7,10,ONTO,5,0,499,504
449,113,63,0.4762,0.4894,2.109,0.3094,0.4762,0.4595,37,0.4667,30,0.5238,21,ONTO,5,1,562,567
500,125,63,0.6349,0.6656,1.1439,0.2419,0.5714,0.6667,39,0.6667,39,0.6667,39,ONTO,5,2,625,630
550,138,63,0.6667,0.4832,2.9309,0.2983,0.6349,0.6667,57,0.64,50,0.64,50,ONTO,5,3,688,693
600,151,63,0.3492,0.4939,0.929,0.3542,0.3492,0.3492,63,0.3492,63,0.3492,63,ONTO,5,4,751,756
651,163,63,0.4444,0.5597,0.6783,0.2428,0.4444,0.4444,63,0.7778,9,0.7778,9,ONTO,5,5,814,819
701,176,63,0.4127,0.5979,0.7112,0.259,0.6032,1.0,1,,0,,0,ONTO,5,6,877,882
752,188,63,0.381,0.5791,4.5891,0.4542,0.619,,0,,0,,0,ONTO,5,7,940,945
802,201,63,0.6032,0.5598,0.8182,0.2883,0.6349,0.6744,43,,0,,0,ONTO,5,8,1003,1008
399,100,63,0.7143,0.6276,0.8578,0.2288,0.3333,0.6667,9,0.6667,9,0.6667,9,OPEN,5,0,499,504
449,113,63,0.5238,0.439,0.9618,0.2729,0.3492,0.1667,12,0.1667,12,0.2,5,OPEN,5,1,562,567
500,125,63,0.6349,0.6141,1.105,0.246,0.4762,0.6522,23,0.6364,22,0.6667,12,OPEN,5,2,625,630
550,138,63,0.4444,0.2944,0.7986,0.2964,0.2857,0.16,25,0.1,10,0.1,10,OPEN,5,3,688,693
600,151,63,0.619,0.4471,0.9091,0.2478,0.3175,0.3,10,0.375,8,0.375,8,OPEN,5,4,751,756
651,163,63,0.4286,0.4072,0.7605,0.2815,0.4603,0.2667,15,,0,,0,OPEN,5,5,814,819
701,176,63,0.4127,0.4756,0.8443,0.3146,0.5873,,0,,0,,0,OPEN,5,6,877,882
752,188,63,0.6984,0.5885,0.6279,0.2187,0.3016,,0,,0,,0,OPEN,5,7,940,945
802,201,63,0.5714,0.677,0.6525,0.2305,0.4286,,0,,0,,0,OPEN,5,8,1003,1008
399,100,63,0.3968,0.2313,0.9086,0.3453,0.3333,0.16,25,0.1667,24,0.1364,22,ORIC,5,0,499,504
449,113,63,0.5238,0.4747,0.7162,0.2605,0.3968,0.3529,17,0.25,8,0.2857,7,ORIC,5,1,562,567
500,125,63,0.5079,0.6079,5.0473,0.3877,0.5079,1.0,1,1.0,1,1.0,1,ORIC,5,2,625,630
550,138,63,0.5714,0.5583,0.6964,0.2515,0.5397,0.6522,23,,0,,0,ORIC,5,3,688,693
600,151,63,0.5556,0.6923,0.7681,0.2833,0.381,0.4615,52,0.4848,33,0.4848,33,ORIC,5,4,751,756
651,163,63,0.619,0.6452,0.6246,0.2264,0.6508,0.7742,31,0.7742,31,0.7742,31,ORIC,5,5,814,819
701,176,63,0.4127,0.5748,2.3332,0.3184,0.5873,,0,,0,,0,ORIC,5,6,877,882
752,188,63,0.6508,0.5244,0.6676,0.2403,0.3492,,0,,0,,0,ORIC,5,7,940,945
802,201,63,0.6667,0.7221,0.5569,0.197,0.4603,0.8333,12,0.8333,12,0.8333,12,ORIC,5,8,1003,1008
399,100,63,0.5714,0.6156,1.7589,0.3296,0.4603,1.0,2,1.0,2,1.0,2,PFE,5,0,499,504
449,113,63,0.3651,0.4763,1.977,0.3451,0.6032,0.4286,14,0.3636,11,0.3333,6,PFE,5,1,562,567
500,125,63,0.6032,0.6184,1.4015,0.2782,0.3968,0.5,36,0.5143,35,0.375,8,PFE,5,2,625,630
550,138,63,0.5238,0.4888,3.034,0.3385,0.4603,0.4902,51,0.4902,51,0.381,21,PFE,5,3,688,693
600,151,63,0.4444,0.5811,1.5672,0.2643,0.4603,0.4516,62,0.6923,13,0.6923,13,PFE,5,4,751,756
651,163,63,0.3651,0.5967,0.7317,0.2691,0.6349,,0,,0,,0,PFE,5,5,814,819
701,176,63,0.4286,0.4709,0.7124,0.2595,0.4444,0.431,58,,0,,0,PFE,5,6,877,882
752,188,63,0.4286,0.3906,4.5407,0.432,0.6667,0.6,30,0.6,30,,0,PFE,5,7,940,945
802,201,63,0.381,0.3576,0.7527,0.2794,0.4127,0.24,25,0.24,25,0.25,8,PFE,5,8,1003,1008
399,100,63,0.5556,0.6536,0.6614,0.2371,0.4444,0.5,2,0.5,2,0.5,2,PL,5,0,499,504
449,113,63,0.5238,0.5177,0.7556,0.2753,0.4762,0.5,2,0.5,2,0.5,2,PL,5,1,562,567
500,125,63,0.4127,0.4943,0.8391,0.3184,0.5873,,0,,0,,0,PL,5,2,625,630
550,138,63,0.4286,0.5085,3.2637,0.4225,0.6667,1.0,6,1.0,6,,0,PL,5,3,688,693
600,151,63,0.3651,0.5522,6.4014,0.5069,0.3651,0.3651,63,0.3651,63,0.3651,63,PL,5,4,751,756
651,163,63,0.6032,0.5234,0.7228,0.2611,0.6349,0.6471,51,0.6471,51,,0,PL,5,5,814,819
701,176,63,0.4286,0.4153,0.745,0.2752,0.6032,0.75,4,0.75,4,0.75,4,PL,5,6,877,882
752,188,63,0.4286,0.3836,0.7499,0.2763,0.6508,0.5641,39,0.5641,39,,0,PL,5,7,940,945
802,201,63,0.5079,0.403,2.3773,0.3305,0.6508,0.625,40,0.625,40,0.5862,29,PL,5,8,1003,1008
399,100,63,0.5079,0.5015,1.1453,0.2625,0.5079,0.6,5,0.75,4,0.75,4,PLTR,5,0,499,504
449,113,63,0.6825,0.7272,1.8935,0.23,0.6349,0.6667,60,0.661,59,0.75,44,PLTR,5,1,562,567
500,125,63,0.5079,0.5314,0.7357,0.2638,0.6825,0.7,30,0.8,5,0.8,5,PLTR,5,2,625,630
550,138,63,0.746,0.4868,0.8792,0.234,0.7619,0.7581,62,0.7581,62,0.75,4,PLTR,5,3,688,693
600,151,63,0.5556,0.5,0.7333,0.2678,0.5556,0.5556,63,0.5556,63,0.5556,63,PLTR,5,4,751,756
651,163,63,0.7619,0.5,0.5558,0.1841,0.7619,0.7619,63,0.7619,63,0.7619,63,PLTR,5,5,814,819
701,176,63,0.5238,0.4268,0.7407,0.2721,0.5238,0.5238,63,0.5238,63,0.5238,63,PLTR,5,6,877,882
752,188,63,0.3651,0.4815,0.8025,0.3031,0.3651,0.3651,63,0.3559,59,0.3559,59,PLTR,5,7,940,945
802,201,63,0.4444,0.4684,6.4635,0.5198,0.4444,0.4444,63,0.4444,63,0.4262,61,PLTR,5,8,1003,1008
399,100,63,0.3492,0.5,0.8024,0.3033,0.6508,,0,,0,,0,PUBM,5,0,499,504
449,113,63,0.5238,0.5581,0.6873,0.2471,0.5238,0.8,5,0.8,5,0.75,4,PUBM,5,1,562,567
500,125,63,0.4921,0.5479,2.6971,0.3625,0.4921,0.4921,63,0.4921,63,0.5,62,PUBM,5,2,625,630
550,138,63,0.5397,0.5,0.698,0.2523,0.5397,0.5397,63,0.5397,63,0.5397,63,PUBM,5,3,688,693
600,151,63,0.5556,0.5679,2.6385,0.344,0.3968,0.4706,51,0.4706,51,0.3333,15,PUBM,5,4,751,756
651,163,63,0.5238,0.5126,0.6912,0.2493,0.4921,0.5088,57,0.4857,35,,0,PUBM,5,5,814,819
701,176,63,0.4127,0.5774,1.6545,0.3029,0.3968,0.4032,62,0.4032,62,0.6,10,PUBM,5,6,877,882
752,188,63,0.6349,0.4976,0.679,0.2427,0.3016,0.3,10,0.3,10,0.3,10,PUBM,5,7,940,945
802,201,63,0.3968,0.4779,0.7337,0.2701,0.6032,,0,,0,,0,PUBM,5,8,1003,1008
399,100,63,0.4444,0.548,4.8829,0.4037,0.5556,,0,,0,,0,PYPL,5,0,499,504
449,113,63,0.6667,0.6491,1.3809,0.2685,0.4603,0.6333,30,0.6333,30,0.5455,11,PYPL,5,1,562,567
500,125,63,0.3175,0.4994,6.9263,0.5336,0.6984,1.0,1,1.0,1,,0,PYPL,5,2,625,630
550,138,63,0.4921,0.4894,3.9418,0.3653,0.5238,0.5172,29,,0,,0,PYPL,5,3,688,693
600,151,63,0.4921,0.498,0.7673,0.2845,0.4921,0.4921,63,0.4921,63,0.4909,55,PYPL,5,4,751,756
651,163,63,0.5397,0.5396,0.6897,0.2483,0.5397,0.5397,63,0.5484,62,0.6667,6,PYPL,5,5,814,819
701,176,63,0.5556,0.6159,0.6865,0.2467,0.4921,0.5283,53,0.5283,53,0.6316,19,PYPL,5,6,877,882
752,188,63,0.1746,0.7302,1.1131,0.3435,0.1587,0.1613,62,0.1613,62,0.3158,19,PYPL,5,7,940,945
802,201,63,0.5238,0.4284,2.3603,0.3228,0.4921,0.5111,45,0.3846,26,0.2222,9,PYPL,5,8,1003,1008
399,100,63,0.4921,0.5653,2.0935,0.303,0.4286,0.4576,59,0.4286,28,0.4286,28,QS,5,0,499,504
449,113,63,0.5079,0.6075,0.734,0.269,0.3492,0.4082,49,0.4167,48,0.3684,19,QS,5,1,562,567
500,125,63,0.6508,0.6605,0.6669,0.2332,0.4286,0.7273,11,0.7273,11,0.7273,11,QS,5,2,625,630
550,138,63,0.5238,0.5646,0.702,0.2536,0.4762,,0,,0,,0,QS,5,3,688,693
600,151,63,0.619,0.7374,0.6181,0.2149,0.4921,0.8182,11,0.8182,11,0.8182,11,QS,5,4,751,756
651,163,63,0.5079,0.563,3.0135,0.3877,0.619,0.9,10,0.9,10,,0,QS,5,5,814,819
701,176,63,0.3333,0.3826,0.7662,0.286,0.6349,0.4444,18,0.5455,11,0.2857,7,QS,5,6,877,882
752,188,63,0.3492,0.7045,0.7101,0.2585,0.3492,0.3492,63,1.0,9,1.0,3,QS,5,7,940,945
802,201,63,0.5556,0.5423,0.7572,0.2782,0.4921,0.5283,53,0.5283,53,0.5283,53,QS,5,8,1003,1008
399,100,63,0.5556,0.6214,0.7136,0.2594,0.4444,,0,,0,,0,QUBT,5,0,499,504
449,113,63,0.6349,0.506,0.9513,0.2699,0.3651,0.5,12,0.5,12,0.5,12,QUBT,5,1,562,567
500,125,63,0.3333,0.3447,0.8114,0.3054,0.5714,0.2,10,0.2222,9,,0,QUBT,5,2,625,630
550,138,63,0.3968,0.4058,0.7539,0.2799,0.6032,,0,,0,,0,QUBT,5,3,688,693
600,151,63,0.4603,0.7074,3.1918,0.3275,0.4603,0.4603,63,0.4603,63,0.6471,34,QUBT,5,4,751,756
651,163,63,0.5873,0.5,0.6822,0.2445,0.5873,0.5873,63,,0,,0,QUBT,5,5,814,819
701,176,63,0.4286,0.4495,0.7183,0.2617,0.3968,0.3429,35,,0,,0,QUBT,5,6,877,882
752,188,63,0.746,0.8205,0.6095,0.2088,0.4286,0.6667,33,0.6667,33,1.0,4,QUBT,5,7,940,945
802,201,63,0.4921,0.533,2.3111,0.3126,0.4603,0.4545,33,0.4545,33,0.4545,33,QUBT,5,8,1003,1008
399,100,63,0.5556,0.5092,2.5373,0.3125,0.4444,0.5,2,0.0,1,0.0,1,QURE,5,0,499,504
449,113,63,0.5556,0.5573,0.6546,0.2314,0.3333,0.4103,39,,0,,0,QURE,5,1,562,567
500,125,63,0.619,0.5337,0.6636,0.2354,0.381,,0,,0,,0,QURE,5,2,625,630
550,138,63,0.3333,0.5658,0.779,0.2934,0.6667,,0,,0,,0,QURE,5,3,688,693
600,151,63,0.4762,0.5761,1.1464,0.266,0.4921,0.48,50,0.48,50,0.8182,11,QURE,5,4,751,756
651,163,63,0.5556,0.5781,0.7039,0.2532,0.4921,0.5273,55,0.5273,55,0.561,41,QURE,5,5,814,819
701,176,63,0.5079,0.4802,2.425,0.3502,0.619,0.6111,36,0.6111,36,,0,QURE,5,6,877,882
752,188,63,0.4286,0.5833,0.7029,0.2549,0.4286,0.4286,63,,0,,0,QURE,5,7,940,945
802,201,63,0.5873,0.5427,0.67,0.2386,0.619,0.6444,45,0.6364,44,0.6364,44,QURE,5,8,1003,1008
399,100,63,0.619,0.6637,2.8752,0.3411,0.3968,0.5116,43,0.4828,29,0.4828,29,ROKU,5,0,499,504
449,113,63,0.5079,0.5889,0.7494,0.2737,0.4762,0.4902,51,0.55,40,0.55,40,ROKU,5,1,562,567
500,125,63,0.4921,0.6,0.6857,0.2481,0.6349,1.0,8,1.0,8,1.0,8,ROKU,5,2,625,630
550,138,63,0.4603,0.4632,0.7727,0.2869,0.5079,0.45,20,,0,,0,ROKU,5,3,688,693
600,151,63,0.4603,0.5837,1.5723,0.2676,0.4127,0.42,50,1.0,5,1.0,5,ROKU,5,4,751,756
651,163,63,0.3492,0.6633,0.716,0.2614,0.7778,0.9,10,,0,,0,ROKU,5,5,814,819
701,176,63,0.7143,0.5926,0.6738,0.2394,0.7143,0.7455,55,0.7778,9,,0,ROKU,5,6,877,882
752,188,63,0.3175,0.3148,0.8768,0.3377,0.4444,0.3404,47,0.3404,47,0.3404,47,ROKU,5,7,940,945
802,201,63,0.4286,0.5368,0.6759,0.2419,0.6667,0.75,12,0.75,12,0.75,12,ROKU,5,8,1003,1008
399,100,63,0.381,0.5128,0.8204,0.3111,0.381,0.381,63,0.381,63,0.381,63,ROST,5,0,499,504
449,113,63,0.5238,0.4788,0.7521,0.2753,0.5238,0.5238,63,0.54,50,0.54,50,ROST,5,1,562,567
500,125,63,0.5556,0.6112,0.6837,0.2442,0.4444,0.5,26,0.5,26,,0,ROST,5,2,625,630
550,138,63,0.5079,0.5156,0.6975,0.2522,0.4921,0.5,62,0.5,62,,0,ROST,5,3,688,693
600,151,63,0.5079,0.4833,0.7201,0.2631,0.5238,0.6667,6,,0,,0,ROST,5,4,751,756
651,163,63,0.8254,0.8664,0.4436,0.1452,0.5873,0.8095,42,0.8095,42,0.8205,39,ROST,5,5,814,819
701,176,63,0.381,0.4841,0.8495,0.3261,0.6667,0.7143,7,0.6667,3,0.6667,3,ROST,5,6,877,882
752,188,63,0.3492,0.5,0.7654,0.2857,0.6508,,0,,0,,0,ROST,5,7,940,945
802,201,63,0.3333,0.3847,0.7947,0.2995,0.6508,0.4667,15,0.1429,7,0.1429,7,ROST,5,8,1003,1008
399,100,63,0.3651,0.7125,0.8093,0.3042,0.3651,0.3651,63,0.3651,63,0.3651,63,S,5,0,499,504
449,113,63,0.5238,0.5776,0.9032,0.2512,0.5079,0.5161,62,0.6667,12,0.7,10,S,5,1,562,567
500,125,63,0.5556,0.6015,0.6809,0.2441,0.5556,0.8182,11,0.8182,11,0.9,10,S,5,2,625,630
550,138,63,0.5238,0.5283,0.9353,0.3322,0.4762,0.5,20,0.4444,18,0.4444,18,S,5,3,688,693
600,151,63,0.4444,0.4624,5.1635,0.4315,0.4286,0.3824,34,0.3824,34,0.3824,34,S,5,4,751,756
651,163,63,0.4762,0.5221,0.9402,0.2624,0.3968,0.4231,52,0.0,2,0.0,2,S,5,5,814,819
701,176,63,0.5079,0.539,0.6884,0.2476,0.4603,0.4821,56,,0,,0,S,5,6,877,882
752,188,63,0.6032,0.631,0.6759,0.2413,0.4127,0.5238,21,0.5238,21,0.5238,21,S,5,7,940,945
802,201,63,0.5238,0.4879,1.1972,0.2834,0.6032,0.6111,36,0.6316,19,0.6667,18,S,5,8,1003,1008
399,100,63,0.3968,0.5,0.6953,0.2511,0.3968,0.3968,63,,0,,0,SHOP,5,0,499,504
449,113,63,0.5238,0.6838,2.762,0.3176,0.4762,0.5,60,0.5676,37,0.5676,37,SHOP,5,1,562,567
500,125,63,0.4762,0.4293,0.8015,0.2991,0.5238,,0,,0,,0,SHOP,5,2,625,630
550,138,63,0.3651,0.5306,1.0502,0.3138,0.6667,1.0,2,1.0,1,,0,SHOP,5,3,688,693
600,151,63,0.5397,0.5,0.6924,0.2497,0.4603,,0,,0,,0,SHOP,5,4,751,756
651,163,63,0.4762,0.585,2.0749,0.2929,0.6667,0.7647,17,0.75,16,0.75,16,SHOP,5,5,814,819
701,176,63,0.5397,0.524,0.6946,0.2506,0.5556,0.56,50,0.56,50,0.5714,14,SHOP,5,6,877,882
752,188,63,0.5079,0.6205,0.6972,0.2531,0.5079,0.5079,63,0.5079,63,0.65,20,SHOP,5,7,940,945
802,201,63,0.4444,0.7199,1.1558,0.2759,0.4444,0.4444,63,0.4444,63,0.459,61,SHOP,5,8,1003,1008
399,100,63,0.6349,0.6325,2.3813,0.3283,0.6508,0.7812,32,0.7619,21,,0,SLV,5,0,499,504
449,113,63,0.5079,0.4447,0.7027,0.2547,0.4603,0.0,2,0.0,1,0.0,1,SLV,5,1,562,567
500,125,63,0.4762,0.7368,1.0741,0.2384,0.6032,1.0,5,1.0,5,1.0,5,SLV,5,2,625,630
550,138,63,0.4762,0.5,0.6936,0.2502,0.4762,0.4762,63,,0,,0,SLV,5,3,688,693
600,151,63,0.381,0.3359,0.8086,0.2906,0.6349,0.5172,29,0.4545,22,0.4545,22,SLV,5,4,751,756
651,163,63,0.619,0.5215,0.7715,0.2675,0.6667,0.6552,58,0.697,33,0.697,33,SLV,5,5,814,819
701,176,63,0.7937,0.5392,0.6004,0.2045,0.7937,0.7937,63,0.8182,55,0.5,2,SLV,5,6,877,882
752,188,63,0.7619,0.3618,0.8112,0.2005,0.7619,0.7619,63,0.7619,63,0.7619,63,SLV,5,7,940,945
802,201,63,0.5079,0.5312,0.8081,0.3016,0.5079,0.5079,63,0.5079,63,0.5079,63,SLV,5,8,1003,1008
399,100,63,0.5238,0.4798,0.797,0.2923,0.5079,0.5217,46,0.5111,45,0.5111,45,SMCI,5,0,499,504
449,113,63,0.4286,0.4988,3.4273,0.414,0.3175,0.3333,48,0.3333,48,0.3333,48,SMCI,5,1,562,567
500,125,63,0.5714,0.4815,0.711,0.2561,0.4286,,0,,0,,0,SMCI,5,2,625,630
550,138,63,0.4921,0.5262,0.6993,0.2548,0.5079,0.5,10,1.0,1,1.0,1,SMCI,5,3,688,693
600,151,63,0.5873,0.5852,0.9587,0.2548,0.4444,0.6667,6,0.6667,6,0.6667,6,SMCI,5,4,751,756
651,163,63,0.3016,0.3079,2.4258,0.354,0.6032,0.3846,26,0.375,24,0.3684,19,SMCI,5,5,814,819
701,176,63,0.5397,0.5426,0.6753,0.2418,0.5397,0.5397,63,0.6364,11,0.75,8,SMCI,5,6,877,882
752,188,63,0.3968,0.4947,2.3741,0.3298,0.3968,0.3968,63,0.4118,17,0.3,10,SMCI,5,7,940,945
802,201,63,0.6667,0.6836,1.1182,0.245,0.5397,0.7097,31,0.8,25,0.8,25,SMCI,5,8,1003,1008
399,100,63,0.6667,0.6164,0.7187,0.2478,0.5873,0.6667,48,0.6667,48,0.6667,48,SMMT,5,0,499,504
449,113,63,0.4444,0.501,1.6734,0.3096,0.5079,0.4615,39,0.5,28,0.5714,21,SMMT,5,1,562,567
500,125,63,0.5397,0.434,0.6948,0.2508,0.5079,0.5283,53,0.1111,9,,0,SMMT,5,2,625,630
550,138,63,0.5079,0.4227,0.6996,0.2533,0.4762,0.4915,59,,0,,0,SMMT,5,3,688,693
600,151,63,0.6032,0.5421,0.675,0.241,0.5873,0.6111,54,0.6111,54,,0,SMMT,5,4,751,756
651,163,63,0.4127,0.5839,0.7054,0.2573,0.6667,0.7778,9,0.7778,9,0.7778,9,SMMT,5,5,814,819
701,176,63,0.3333,0.4977,4.7561,0.5146,0.3333,0.3333,63,0.3333,63,0.3621,58,SMMT,5,6,877,882
752,188,63,0.4921,0.6216,0.6954,0.2511,0.4127,0.4483,58,0.4815,54,,0,SMMT,5,7,940,945
802,201,63,0.3968,0.5574,0.7013,0.254,0.6032,,0,,0,,0,SMMT,5,8,1003,1008
399,100,63,0.4286,0.5327,3.5392,0.3805,0.4444,0.4167,48,0.4167,48,0.4651,43,SNOW,5,0,499,504
449,113,63,0.2857,0.4444,9.0483,0.6266,0.2857,0.2857,63,0.2857,63,0.2553,47,SNOW,5,1,562,567
500,125,63,0.5238,0.4909,0.6958,0.2528,0.4921,0.6,5,0.6,5,1.0,2,SNOW,5,2,625,630
550,138,63,0.2857,0.5481,1.719,0.3305,0.7143,,0,,0,,0,SNOW,5,3,688,693
600,151,63,0.5397,0.5,0.6903,0.2486,0.5397,0.5397,63,,0,,0,SNOW,5,4,751,756
651,163,63,0.3333,0.5221,4.3758,0.4555,0.6032,0.1667,6,0.1667,6,0.1667,6,SNOW,5,5,814,819
701,176,63,0.5714,0.5417,0.6769,0.242,0.5714,0.5714,63,0.5714,63,0.7,10,SNOW,5,6,877,882
752,188,63,0.3968,0.5632,0.7261,0.2665,0.3968,0.3968,63,0.4,60,1.0,3,SNOW,5,7,940,945
802,201,63,0.3492,0.5937,1.017,0.366,0.3492,0.3492,63,0.4,40,0.4,40,SNOW,5,8,1003,1008
399,100,63,0.4603,0.6927,0.703,0.2565,0.4603,0.4603,63,0.6129,31,0.6129,31,TEAM,5,0,499,504
449,113,63,0.3968,0.6363,3.303,0.368,0.3968,0.3968,63,0.4792,48,0.4792,48,TEAM,5,1,562,567
500,125,63,0.619,0.5451,4.2327,0.3886,0.6349,0.9444,18,1.0,7,1.0,7,TEAM,5,2,625,630
550,138,63,0.3016,0.5815,6.196,0.5094,0.7143,1.0,1,,0,,0,TEAM,5,3,688,693
600,151,63,0.3016,0.5831,0.7485,0.2776,0.3016,0.3016,63,0.3016,63,0.7143,7,TEAM,5,4,751,756
651,163,63,0.5873,0.5998,0.6859,0.247,0.4127,0.5,30,0.5,20,0.5,20,TEAM,5,5,814,819
701,176,63,0.4603,0.644,4.6942,0.4208,0.4603,0.4603,63,0.4603,63,0.4737,57,TEAM,5,6,877,882
752,188,63,0.5238,0.5533,1.5351,0.3221,0.3651,0.4146,41,0.4,40,0.4324,37,TEAM,5,7,940,945
802,201,63,0.3968,0.5137,4.0093,0.3952,0.3968,0.3968,63,0.3968,63,0.4074,27,TEAM,5,8,1003,1008
399,100,63,0.5238,0.5509,6.0358,0.4422,0.5714,0.65,20,,0,,0,TGT,5,0,499,504
449,113,63,0.5079,0.625,1.4971,0.3212,0.3651,0.42,50,0.42,50,0.42,50,TGT,5,1,562,567
500,125,63,0.5238,0.647,0.7075,0.2569,0.5238,0.5238,63,0.5238,63,0.5238,63,TGT,5,2,625,630
550,138,63,0.4762,0.5,0.7172,0.2618,0.5714,0.5263,57,0.5263,57,0.5833,48,TGT,5,3,688,693
600,151,63,0.3333,0.4186,0.8248,0.3139,0.3175,0.2609,46,0.2609,46,0.2609,46,TGT,5,4,751,756
651,163,63,0.4762,0.5227,0.7104,0.2582,0.5238,,0,,0,,0,TGT,5,5,814,819
701,176,63,0.6349,0.4186,0.6727,0.2398,0.3175,0.0,3,0.0,3,0.0,3,TGT,5,6,877,882
752,188,63,0.3175,0.5,0.8084,0.3064,0.6825,,0,,0,,0,TGT,5,7,940,945
802,201,63,0.5079,0.5,0.6931,0.25,0.5079,0.5079,63,,0,,0,TGT,5,8,1003,1008
399,100,63,0.5397,0.5745,0.6985,0.2526,0.5397,0.5397,63,0.5254,59,,0,TJX,5,0,499,504
449,113,63,0.6349,0.602,1.3476,0.2521,0.6667,0.661,59,0.6964,56,0.8125,16,TJX,5,1,562,567
500,125,63,0.5397,0.7049,0.7097,0.2618,0.4603,0.5,56,0.5091,55,0.5091,55,TJX,5,2,625,630
550,138,63,0.5556,0.5913,1.4124,0.2813,0.5556,0.6129,31,0.7143,14,0.7143,14,TJX,5,3,688,693
600,151,63,0.5079,0.5791,0.7222,0.2639,0.5556,0.6429,14,1.0,2,1.0,2,TJX,5,4,751,756
651,163,63,0.5556,0.6606,1.0865,0.2418,0.5238,0.541,61,0.5714,56,0.7333,15,TJX,5,5,814,819
701,176,63,0.4444,0.663,0.6768,0.243,0.6349,1.0,5,1.0,5,1.0,5,TJX,5,6,877,882
752,188,63,0.5714,0.6187,1.364,0.2682,0.5397,0.5778,45,0.5778,45,0.5778,45,TJX,5,7,940,945
802,201,63,0.4286,0.4633,1.2177,0.2942,0.4444,0.4231,52,0.4231,52,0.4231,52,TJX,5,8,1003,1008
399,100,63,0.4603,0.3859,4.6036,0.3833,0.3651,0.1765,17,0.1765,17,0.0,2,TPR,5,0,499,504
449,113,63,0.4127,0.5348,0.78,0.2918,0.4127,0.4127,63,0.431,58,0.431,58,TPR,5,1,562,567
500,125,63,0.5556,0.6713,0.8654,0.2404,0.6508,0.7826,23,0.9167,12,0.9167,12,TPR,5,2,625,630
550,138,63,0.2063,0.5792,7.3872,0.6282,0.7937,,0,,0,,0,TPR,5,3,688,693
600,151,63,0.5397,0.463,0.6996,0.2531,0.5397,0.5397,63,0.5397,63,0.25,4,TPR,5,4,751,756
651,163,63,0.7143,0.3827,0.6381,0.2228,0.7143,0.7143,63,0.7018,57,0.6909,55,TPR,5,5,814,819
701,176,63,0.5238,0.3606,0.8227,0.3026,0.5238,0.5238,63,0.5238,63,0.5238,63,TPR,5,6,877,882
752,188,63,0.7143,0.5463,0.6269,0.2172,0.7143,0.7143,63,0.7143,63,0.7895,19,TPR,5,7,940,945
802,201,63,0.3492,0.4878,0.8631,0.3303,0.3492,0.3492,63,0.3492,63,0.3492,63,TPR,5,8,1003,1008
399,100,63,0.619,0.6275,2.0244,0.2738,0.4921,0.5946,37,0.6364,22,0.6,15,TSLA,5,0,499,504
449,113,63,0.5238,0.6714,0.6948,0.2508,0.4444,0.4828,58,0.5,56,0.5532,47,TSLA,5,1,562,567
500,125,63,0.4921,0.5177,0.7061,0.2586,0.5397,0.5714,14,,0,,0,TSLA,5,2,625,630
550,138,63,0.5079,0.5842,6.4212,0.4339,0.4921,,0,,0,,0,TSLA,5,3,688,693
600,151,63,0.5873,0.6608,0.889,0.2411,0.381,0.475,40,,0,,0,TSLA,5,4,751,756
651,163,63,0.4444,0.4397,0.7498,0.2775,0.5397,0.0,1,0.0,1,0.0,1,TSLA,5,5,814,819
701,176,63,0.3651,0.5761,4.9263,0.4232,0.6349,,0,,0,,0,TSLA,5,6,877,882
752,188,63,0.5079,0.4824,0.7046,0.2555,0.4921,,0,,0,,0,TSLA,5,7,940,945
802,201,63,0.6032,0.5582,0.7292,0.2668,0.3651,0.45,20,0.45,20,0.45,20,TSLA,5,8,1003,1008
399,100,63,0.619,0.5588,1.8119,0.2728,0.619,0.6471,51,0.6471,51,0.6471,51,TSM,5,0,499,504
449,113,63,0.619,0.4952,0.6657,0.2364,0.619,0.619,63,0.619,63,0.619,63,TSM,5,1,562,567
500,125,63,0.619,0.5495,0.6757,0.2408,0.6032,0.6167,60,0.6102,59,0.6102,59,TSM,5,2,625,630
550,138,63,0.5714,0.5988,0.6686,0.2379,0.5873,0.5806,62,0.64,50,0.6531,49,TSM,5,3,688,693
600,151,63,0.381,0.6266,5.599,0.4404,0.381,0.381,63,0.381,63,0.475,40,TSM,5,4,751,756
651,163,63,0.7302,0.4891,0.6822,0.2445,0.7302,0.7302,63,,0,,0,TSM,5,5,814,819
701,176,63,0.5556,0.3992,1.1703,0.2704,0.5873,0.5738,61,0.4815,27,,0,TSM,5,6,877,882
752,188,63,0.6508,0.4878,0.6583,0.2327,0.6508,0.6508,63,0.6452,62,,0,TSM,5,7,940,945
802,201,63,0.5556,0.4422,0.7808,0.2858,0.5397,0.5484,62,0.5484,62,0.4815,27,TSM,5,8,1003,1008
399,100,63,0.4286,0.6263,0.9524,0.2759,0.5873,1.0,1,,0,,0,UAL,5,0,499,504
449,113,63,0.6349,0.5,5.8202,0.3651,0.3651,,0,,0,,0,UAL,5,1,562,567
500,125,63,0.1746,0.8694,1.0733,0.4225,0.9524,1.0,8,,0,,0,UAL,5,2,625,630
550,138,63,0.6032,0.5544,3.5178,0.2896,0.6667,0.6809,47,0.6809,47,0.6809,47,UAL,5,3,688,693
600,151,63,0.4603,0.6372,0.8571,0.3262,0.4444,0.4516,62,0.4516,62,0.4576,59,UAL,5,4,751,756
651,163,63,0.5873,0.5495,1.3435,0.2541,0.6032,0.6111,54,0.6111,54,0.6078,51,UAL,5,5,814,819
701,176,63,0.5873,0.598,0.6716,0.2396,0.5238,0.5614,57,0.5614,57,0.5536,56,UAL,5,6,877,882
752,188,63,0.6984,0.7051,0.6149,0.2133,0.619,0.6724,58,0.8462,13,0.8462,13,UAL,5,7,940,945
802,201,63,0.4127,0.646,0.7054,0.2547,0.4127,0.4127,63,0.55,20,0.625,16,UAL,5,8,1003,1008
399,100,63,0.5079,0.6179,1.6285,0.2807,0.5079,0.5079,63,0.5079,63,0.6667,21,UNH,5,0,499,504
449,113,63,0.4444,0.5728,0.8085,0.3028,0.5873,0.625,8,1.0,2,1.0,2,UNH,5,1,562,567
500,125,63,0.5397,0.5111,0.7274,0.2661,0.5238,0.5476,42,0.4839,31,0.4839,31,UNH,5,2,625,630
550,138,63,0.5397,0.6545,0.6983,0.2524,0.5238,0.5323,62,0.5323,62,0.5323,62,UNH,5,3,688,693
600,151,63,0.5079,0.4793,2.6343,0.3554,0.5079,0.5079,63,0.5,52,0.4,35,UNH,5,4,751,756
651,163,63,0.381,0.4877,1.9002,0.3095,0.381,0.381,63,0.1667,6,0.1667,6,UNH,5,5,814,819
701,176,63,0.4603,0.5526,0.681,0.2485,0.6032,1.0,4,1.0,4,1.0,4,UNH,5,6,877,882
752,188,63,0.4762,0.5,0.6976,0.2522,0.5238,,0,,0,,0,UNH,5,7,940,945
802,201,63,0.3333,0.4229,0.7747,0.2806,0.6508,0.4,5,0.25,4,0.25,4,UNH,5,8,1003,1008
399,100,63,0.4603,0.4726,0.8747,0.3306,0.4603,0.4603,63,0.4516,62,0.4516,62,V,5,0,499,504
449,113,63,0.3968,0.5,0.7814,0.2929,0.3968,0.3968,63,0.3968,63,0.3968,63,V,5,1,562,567
500,125,63,0.2698,0.8606,2.3857,0.3528,0.7302,,0,,0,,0,V,5,2,625,630
550,138,63,0.3016,0.4049,5.996,0.5021,0.6984,0.5,2,0.5,2,0.5,2,V,5,3,688,693
600,151,63,0.5714,0.5772,0.6544,0.2353,0.6349,0.697,33,0.697,33,0.697,33,V,5,4,751,756
651,163,63,0.4286,0.464,1.0255,0.2934,0.5397,0.4583,24,0.4583,24,0.4583,24,V,5,5,814,819
701,176,63,0.4286,0.4949,1.2706,0.3142,0.4444,0.4355,62,0.4355,62,0.4138,29,V,5,6,877,882
752,188,63,0.4762,0.5864,2.3408,0.3182,0.4762,0.4762,63,0.4762,63,0.4762,63,V,5,7,940,945
802,201,63,0.3968,0.5626,1.2384,0.3054,0.3968,0.3968,63,0.4062,32,0.4062,32,V,5,8,1003,1008
399,100,63,0.4762,0.4707,3.0835,0.3621,0.5714,0.5556,27,0.52,25,0.52,25,VKTX,5,0,499,504
449,113,63,0.3492,0.4978,0.8403,0.32,0.3492,0.3492,63,0.3492,63,0.3492,63,VKTX,5,1,562,567
500,125,63,0.5079,0.3342,0.7012,0.254,0.4921,,0,,0,,0,VKTX,5,2,625,630
550,138,63,0.746,0.4614,0.6602,0.2335,0.254,,0,,0,,0,VKTX,5,3,688,693
600,151,63,0.5397,0.5,0.6927,0.2498,0.4603,,0,,0,,0,VKTX,5,4,751,756
651,163,63,0.5079,0.6081,0.6883,0.2514,0.6508,0.8125,16,0.8125,16,1.0,4,VKTX,5,5,814,819
701,176,63,0.4127,0.4636,0.7681,0.2842,0.5873,0.5,12,0.5,12,0.5,12,VKTX,5,6,877,882
752,188,63,0.3333,0.4973,1.4358,0.2959,0.3651,0.3061,49,0.5714,14,0.5714,14,VKTX,5,7,940,945
802,201,63,0.6032,0.6831,0.6572,0.2324,0.5714,0.641,39,0.75,28,1.0,3,VKTX,5,8,1003,1008
399,100,63,0.3968,0.4868,0.7094,0.2578,0.3968,0.3968,63,0.0,1,0.0,1,VZ,5,0,499,504
449,113,63,0.4286,0.474,0.6983,0.2526,0.5556,0.4286,7,0.6667,3,,0,VZ,5,1,562,567
500,125,63,0.4286,0.375,3.7946,0.3911,0.5556,0.0,1,0.0,1,0.0,1,VZ,5,2,625,630
550,138,63,0.3968,0.4753,1.2048,0.2863,0.4286,0.4098,61,0.4545,11,0.4545,11,VZ,5,3,688,693
600,151,63,0.5238,0.6795,0.6063,0.2161,0.619,1.0,9,1.0,9,1.0,9,VZ,5,4,751,756
651,163,63,0.5873,0.6742,0.6479,0.2302,0.4762,0.5476,42,0.5758,33,0.5758,33,VZ,5,5,814,819
701,176,63,0.4444,0.4758,0.9737,0.3621,0.4286,0.4355,62,0.4355,62,0.4355,62,VZ,5,6,877,882
752,188,63,0.5873,0.5088,0.6679,0.2393,0.5873,0.5873,63,0.5873,63,0.6667,3,VZ,5,7,940,945
802,201,63,0.5556,0.6917,0.6568,0.2332,0.5397,1.0,6,1.0,6,1.0,6,VZ,5,8,1003,1008
399,100,63,0.4127,0.45,4.8276,0.4612,0.6032,0.5217,23,0.45,20,0.4211,19,WMT,5,0,499,504
449,113,63,0.5238,0.5899,0.6919,0.2496,0.5873,0.8889,9,0.8889,9,1.0,2,WMT,5,1,562,567
500,125,63,0.7619,0.5,0.6557,0.2313,0.7619,0.7619,63,,0,,0,WMT,5,2,625,630
550,138,63,0.6032,0.6902,0.7634,0.279,0.6984,0.913,23,0.9333,15,0.9333,15,WMT,5,3,688,693
600,151,63,0.5397,0.5269,1.443,0.2972,0.5397,0.5397,63,0.566,53,0.566,53,WMT,5,4,751,756
651,163,63,0.5873,0.5639,0.6707,0.2392,0.5873,0.5873,63,0.5873,63,0.575,40,WMT,5,5,814,819
701,176,63,0.4762,0.5525,0.6933,0.2503,0.4762,0.4762,63,0.5385,26,0.7778,9,WMT,5,6,877,882
752,188,63,0.3492,0.5221,0.7434,0.275,0.6825,0.75,4,1.0,2,1.0,2,WMT,5,7,940,945
802,201,63,0.5079,0.5,0.7023,0.2545,0.5079,0.5079,63,0.5079,63,0.5,2,WMT,5,8,1003,1008
399,100,63,0.3651,0.5,0.7159,0.2614,0.3651,0.3651,63,,0,,0,ZM,5,0,499,504
449,113,63,0.4286,0.5005,0.9573,0.2716,0.5556,0.4,5,0.3333,3,0.3333,3,ZM,5,1,562,567
500,125,63,0.4127,0.5477,6.854,0.5126,0.6508,1.0,4,1.0,4,1.0,4,ZM,5,2,625,630
550,138,63,0.5238,0.5,0.6921,0.2495,0.4762,,0,,0,,0,ZM,5,3,688,693
600,151,63,0.5397,0.5,0.691,0.2489,0.5397,0.5397,63,0.5397,63,,0,ZM,5,4,751,756
651,163,63,0.3333,0.5,0.7365,0.2716,0.3333,0.3333,63,0.3333,63,,0,ZM,5,5,814,819
701,176,63,0.3968,0.5,1.0505,0.3945,0.6032,,0,,0,,0,ZM,5,6,877,882
752,188,63,0.5397,0.572,0.7117,0.258,0.5397,0.6316,19,0.5333,15,0.5333,15,ZM,5,7,940,945
802,201,63,0.5238,0.7647,0.6321,0.2235,0.6349,0.9167,12,1.0,8,1.0,8,ZM,5,8,1003,1008
399,100,63,0.4286,0.393,0.7467,0.2763,0.6825,0.6,35,0.5882,34,0.6,30,SPY,5,0,499,504
449,113,63,0.5714,0.6142,0.9218,0.2565,0.5714,0.5714,63,0.5714,63,0.5714,63,SPY,5,1,562,567
500,125,63,0.6667,0.4218,0.6676,0.236,0.6667,0.6667,63,0.6441,59,0.6441,59,SPY,5,2,625,630
550,138,63,0.5714,0.482,0.6889,0.2477,0.5714,0.5714,63,0.5714,63,0.5714,63,SPY,5,3,688,693
600,151,63,0.4921,0.4844,0.948,0.2682,0.4921,0.4921,63,0.4921,63,0.0,1,SPY,5,4,751,756
651,163,63,0.7619,0.5069,0.8619,0.2291,0.7619,0.7619,63,0.8,5,0.8,5,SPY,5,5,814,819
701,176,63,0.6508,0.4357,0.6667,0.2368,0.6508,0.6508,63,0.6122,49,0.5833,36,SPY,5,6,877,882
752,188,63,0.619,0.5208,0.661,0.2341,0.619,0.619,63,0.629,62,0.629,62,SPY,5,7,940,945
802,201,63,0.5714,0.5,0.7104,0.2574,0.5714,0.5714,63,0.5714,63,0.5714,63,SPY,5,8,1003,1008
399,100,63,0.4127,0.4419,0.7706,0.284,0.5714,0.48,25,0.4583,24,0.4583,24,QQQ,5,0,499,504
449,113,63,0.5873,0.6881,1.5851,0.2604,0.5873,0.5902,61,0.6,60,0.6,60,QQQ,5,1,562,567
500,125,63,0.5873,0.617,0.6858,0.2453,0.619,0.6757,37,0.6757,37,0.6757,37,QQQ,5,2,625,630
550,138,63,0.4762,0.4468,0.7329,0.2715,0.6032,0.5676,37,0.5676,37,0.5455,33,QQQ,5,3,688,693
600,151,63,0.4921,0.4199,1.2171,0.2917,0.4921,0.4921,63,0.4483,58,0.4737,19,QQQ,5,4,751,756
651,163,63,0.7619,0.5,0.6182,0.2128,0.7619,0.7619,63,0.7619,63,,0,QQQ,5,5,814,819
701,176,63,0.6349,0.5759,1.1443,0.2568,0.6508,0.6957,46,0.6957,46,0.7111,45,QQQ,5,6,877,882
752,188,63,0.5714,0.4414,0.7,0.2531,0.5714,0.5714,63,0.5556,9,0.0,2,QQQ,5,7,940,945
802,201,63,0.5714,0.642,0.6847,0.2459,0.5714,0.5714,63,0.5714,63,0.5714,63,QQQ,5,8,1003,1008
399,100,63,0.6984,0.5,0.6724,0.2396,0.6984,0.6984,63,,0,,0,GLD,5,0,499,504
449,113,63,0.5238,0.5,0.7162,0.261,0.5238,0.5238,63,0.5238,63,0.5238,63,GLD,5,1,562,567
500,125,63,0.7302,0.6707,0.579,0.1943,0.7302,0.7544,57,0.8367,49,0.8367,49,GLD,5,2,625,630
550,138,63,0.6508,0.5,0.6521,0.2297,0.6508,0.6508,63,0.6508,63,0.6508,63,GLD,5,3,688,693
600,151,63,0.6825,0.543,0.6459,0.2209,0.6825,0.6825,63,0.6825,63,0.6825,63,GLD,5,4,751,756
651,163,63,0.4762,0.4506,4.4875,0.4073,0.5714,0.5273,55,0.5273,55,0.5273,55,GLD,5,5,814,819
701,176,63,0.746,0.74,0.5391,0.1787,0.746,0.746,63,0.746,63,0.746,63,GLD,5,6,877,882
752,188,63,0.7302,0.5083,0.8297,0.2106,0.7302,0.7302,63,0.7302,63,0.7377,61,GLD,5,7,940,945
802,201,63,0.5079,0.5585,0.9227,0.308,0.5079,0.5079,63,0.5079,63,0.5208,48,GLD,5,8,1003,1008
399,100,63,0.6984,0.5,0.6145,0.2116,0.6984,0.6984,63,0.6984,63,0.6984,63,XLF,5,0,499,504
449,113,63,0.5873,0.4844,0.6981,0.2521,0.5873,0.5873,63,0.5873,63,0.5873,63,XLF,5,1,562,567
500,125,63,0.6825,0.5023,0.6264,0.2173,0.6825,0.6825,63,0.6825,63,0.6825,63,XLF,5,2,625,630
550,138,63,0.5556,0.5066,1.4254,0.2847,0.5556,0.5556,63,0.5556,63,0.5556,63,XLF,5,3,688,693
600,151,63,0.5397,0.5735,0.6712,0.2426,0.5397,0.5397,63,0.5397,63,1.0,5,XLF,5,4,751,756
651,163,63,0.5556,0.5255,1.1473,0.2619,0.5556,0.5556,63,0.6364,11,0.5,4,XLF,5,5,814,819
701,176,63,0.381,0.3235,0.7423,0.2756,0.5556,0.45,40,0.1429,7,0.1429,7,XLF,5,6,877,882
752,188,63,0.4603,0.5143,0.6994,0.2532,0.5556,1.0,1,1.0,1,1.0,1,XLF,5,7,940,945
802,201,63,0.4127,0.5624,2.4683,0.3537,0.4127,0.4127,63,0.4127,63,0.5161,31,XLF,5,8,1003,1008
399,100,63,0.3016,0.4432,0.8263,0.3142,0.7143,1.0,1,,0,,0,XLE,5,0,499,504
449,113,63,0.4286,0.5135,0.7101,0.2588,0.4127,0.4194,62,0.4194,62,,0,XLE,5,1,562,567
500,125,63,0.5556,0.6445,0.7278,0.2626,0.4603,0.5135,37,0.5135,37,0.5278,36,XLE,5,2,625,630
550,138,63,0.4127,0.354,0.7419,0.2736,0.5238,0.4444,36,,0,,0,XLE,5,3,688,693
600,151,63,0.5714,0.5489,1.7981,0.2706,0.6349,0.6757,37,0.6757,37,0.5556,9,XLE,5,4,751,756
651,163,63,0.5238,0.5955,0.7636,0.2794,0.5238,0.5238,63,0.5323,62,0.5323,62,XLE,5,5,814,819
701,176,63,0.6825,0.658,0.6196,0.2143,0.6508,0.678,59,0.6923,52,0.6923,52,XLE,5,6,877,882
752,188,63,0.5238,0.4988,0.8463,0.3134,0.6984,0.675,40,0.7647,17,0.7647,17,XLE,5,7,940,945
802,201,63,0.6508,0.5737,0.6846,0.2457,0.6508,0.6508,63,0.4444,9,,0,XLE,5,8,1003,1008
399,100,63,0.5238,0.5908,0.7977,0.2964,0.5556,1.0,5,1.0,5,,0,XLV,5,0,499,504
449,113,63,0.4762,0.501,2.1296,0.3151,0.5714,0.5273,55,0.5714,42,0.6129,31,XLV,5,1,562,567
500,125,63,0.4603,0.6247,0.6878,0.2489,0.4603,0.4603,63,0.65,20,1.0,1,XLV,5,2,625,630
550,138,63,0.4762,0.5379,0.7002,0.2535,0.5238,0.5,58,0.5833,36,,0,XLV,5,3,688,693
600,151,63,0.4286,0.4818,0.7124,0.2594,0.4127,0.4038,52,,0,,0,XLV,5,4,751,756
651,163,63,0.4286,0.5852,0.7365,0.2718,0.5556,0.0,1,0.0,1,,0,XLV,5,5,814,819
701,176,63,0.5873,0.5769,0.6758,0.2414,0.619,0.7097,31,0.7,30,0.6429,14,XLV,5,6,877,882
752,188,63,0.381,0.5246,0.7498,0.278,0.619,,0,,0,,0,XLV,5,7,940,945
802,201,63,0.3651,0.5859,1.9281,0.3245,0.4286,0.3898,59,0.5333,30,0.5333,30,XLV,5,8,1003,1008
399,100,63,0.7143,0.5,0.6591,0.233,0.7143,0.7143,63,,0,,0,XLI,5,0,499,504
449,113,63,0.5397,0.4148,1.3185,0.3321,0.4921,0.5179,56,0.5091,55,0.5185,54,XLI,5,1,562,567
500,125,63,0.6667,0.5238,0.8482,0.2248,0.6667,0.6667,63,0.6667,63,0.6667,63,XLI,5,2,625,630
550,138,63,0.4444,0.4286,0.7251,0.2658,0.4444,0.4444,63,0.4444,63,,0,XLI,5,3,688,693
600,151,63,0.5238,0.5,0.6934,0.2501,0.5238,0.5238,63,0.5238,63,,0,XLI,5,4,751,756
651,163,63,0.7143,0.5,0.6854,0.2461,0.7143,0.7143,63,,0,,0,XLI,5,5,814,819
701,176,63,0.5397,0.5,0.6922,0.2495,0.5397,0.5397,63,,0,,0,XLI,5,6,877,882
752,188,63,0.5556,0.367,2.0153,0.3387,0.746,0.6939,49,0.6809,47,0.6809,47,XLI,5,7,940,945
802,201,63,0.4921,0.4657,0.7322,0.2689,0.4921,0.4921,63,0.4921,63,0.4717,53,XLI,5,8,1003,1008
399,100,63,0.4921,0.5861,2.1607,0.395,0.6984,0.7143,28,0.8,15,0.8,15,XLU,5,0,499,504
449,113,63,0.5079,0.454,0.9528,0.2702,0.5238,0.5161,62,0.5161,62,0.0,1,XLU,5,1,562,567
500,125,63,0.4286,0.6809,0.6972,0.2524,0.746,1.0,11,1.0,11,1.0,7,XLU,5,2,625,630
550,138,63,0.4603,0.4006,0.8071,0.303,0.5397,0.5,56,0.5,56,0.5,56,XLU,5,3,688,693
600,151,63,0.6032,0.59,0.6611,0.2339,0.6032,0.6032,63,0.6032,63,0.6923,26,XLU,5,4,751,756
651,163,63,0.6032,0.4845,0.6884,0.2472,0.6508,0.6429,56,0.6429,56,,0,XLU,5,5,814,819
701,176,63,0.4762,0.5,0.715,0.2608,0.4762,0.4762,63,0.4762,63,,0,XLU,5,6,877,882
752,188,63,0.4921,0.5593,0.7073,0.2561,0.4603,0.4681,47,0.4828,29,0.8,10,XLU,5,7,940,945
802,201,63,0.381,0.3441,0.8092,0.3058,0.5873,0.4615,26,0.375,16,0.375,16,XLU,5,8,1003,1008
399,100,63,0.6508,0.3465,2.7517,0.3114,0.6508,0.6508,63,0.6508,63,0.4828,29,COIN,5,0,499,504
449,113,63,0.4286,0.5046,1.4113,0.3484,0.4286,0.4286,63,0.4286,63,0.4444,36,COIN,5,1,562,567
500,125,63,0.5397,0.5136,0.6976,0.2502,0.6349,0.6897,29,0.6897,29,0.6897,29,COIN,5,2,625,630
550,138,63,0.4921,0.499,0.7012,0.254,0.4762,0.4839,62,0.4754,61,,0,COIN,5,3,688,693
600,151,63,0.3968,0.5863,0.6917,0.2509,0.3968,0.3968,63,0.8333,6,0.8,5,COIN,5,4,751,756
651,163,63,0.619,0.6288,0.6618,0.2356,0.5397,0.6471,34,,0,,0,COIN,5,5,814,819
701,176,63,0.4603,0.4541,0.6955,0.2517,0.5079,0.4821,56,,0,,0,COIN,5,6,877,882
752,188,63,0.254,0.5519,0.6983,0.2527,0.254,0.254,63,1.0,1,1.0,1,COIN,5,7,940,945
802,201,63,0.5873,0.5556,2.2815,0.2938,0.5873,0.6774,31,0.6774,31,0.5294,17,COIN,5,8,1003,1008
399,100,63,0.4762,0.4798,0.7252,0.2651,0.4921,0.4792,48,0.4792,48,,0,AVGO,5,0,499,504
449,113,63,0.6032,0.6601,0.6511,0.2295,0.4762,0.5758,33,0.5909,22,0.619,21,AVGO,5,1,562,567
500,125,63,0.6032,0.6222,0.6672,0.2383,0.5238,0.6667,24,0.6667,24,0.7692,13,AVGO,5,2,625,630
550,138,63,0.6667,0.7045,1.0923,0.2323,0.5238,0.62,50,0.62,50,0.75,28,AVGO,5,3,688,693
600,151,63,0.6667,0.7077,0.6813,0.2438,0.4444,0.5946,37,0.6111,36,0.6286,35,AVGO,5,4,751,756
651,163,63,0.4921,0.5708,1.2063,0.2917,0.7619,0.7857,28,1.0,2,1.0,2,AVGO,5,5,814,819
701,176,63,0.4921,0.5062,0.749,0.2769,0.5873,0.6,25,0.5385,13,0.5,6,AVGO,5,6,877,882
752,188,63,0.5556,0.5776,0.6926,0.2499,0.4921,0.5273,55,0.5273,55,0.5385,52,AVGO,5,7,940,945
802,201,63,0.4762,0.502,0.7365,0.268,0.4921,0.48,50,0.4667,45,0.5,20,AVGO,5,8,1003,1008
399,100,63,0.6032,0.5089,0.6844,0.245,0.6032,0.6032,63,0.6098,41,0.6098,41,ANET,5,0,499,504
449,113,63,0.5079,0.5781,0.7632,0.2822,0.5079,0.5079,63,0.5079,63,0.5079,63,ANET,5,1,562,567
500,125,63,0.619,0.4487,0.6474,0.2317,0.619,0.619,63,0.5,16,1.0,3,ANET,5,2,625,630
550,138,63,0.4762,0.6136,0.5992,0.2112,0.7143,0.875,16,0.9333,15,0.9333,15,ANET,5,3,688,693
600,151,63,0.3651,0.6,7.5331,0.536,0.3651,0.3651,63,0.3833,60,0.3898,59,ANET,5,4,751,756
651,163,63,0.6349,0.4355,0.6714,0.2418,0.6825,0.6667,60,0.6667,60,0.5,6,ANET,5,5,814,819
701,176,63,0.4444,0.5061,0.7066,0.2567,0.5556,0.5,4,0.5,2,,0,ANET,5,6,877,882
752,188,63,0.5397,0.5,0.6903,0.2486,0.5397,0.5397,63,0.5397,63,,0,ANET,5,7,940,945
802,201,63,0.5238,0.5061,2.8194,0.3392,0.5238,0.5238,63,0.5614,57,0.5532,47,ANET,5,8,1003,1008
399,100,63,0.4286,0.5811,1.784,0.3481,0.6667,0.75,12,,0,,0,AMAT,5,0,499,504
449,113,63,0.4921,0.3449,0.7469,0.2759,0.5238,0.5085,59,0.2778,18,0.2778,18,AMAT,5,1,562,567
500,125,63,0.5873,0.6687,0.8881,0.2948,0.5714,0.5806,62,0.5806,62,0.5806,62,AMAT,5,2,625,630
550,138,63,0.5397,0.462,0.7284,0.2659,0.5397,0.5397,63,0.5397,63,0.5397,63,AMAT,5,3,688,693
600,151,63,0.3968,0.5068,0.7306,0.2686,0.3968,0.3968,63,0.3968,63,,0,AMAT,5,4,751,756
651,163,63,0.4286,0.42,0.7505,0.275,0.5873,0.52,25,0.52,25,0.5,24,AMAT,5,5,814,819
701,176,63,0.3968,0.4773,5.9395,0.4816,0.6984,1.0,6,1.0,6,1.0,2,AMAT,5,6,877,882
752,188,63,0.6825,0.5,0.6683,0.2376,0.6825,0.6825,63,,0,,0,AMAT,5,7,940,945
802,201,63,0.6032,0.5363,0.671,0.239,0.6032,0.6032,63,0.6032,63,0.6032,63,AMAT,5,8,1003,1008
399,100,63,0.5714,0.5238,1.1525,0.2631,0.5397,0.5614,57,0.5536,56,0.5536,56,LRCX,5,0,499,504
449,113,63,0.4921,0.374,2.3889,0.3373,0.4921,0.4921,63,0.4921,63,0.3333,24,LRCX,5,1,562,567
500,125,63,0.3968,0.3955,0.9463,0.2682,0.5397,0.45,40,0.4615,39,0.5,2,LRCX,5,2,625,630
550,138,63,0.5714,0.5494,0.6759,0.2415,0.5714,0.5714,63,0.8571,7,0.8571,7,LRCX,5,3,688,693
600,151,63,0.3968,0.4017,0.7073,0.257,0.5079,0.25,12,,0,,0,LRCX,5,4,751,756
651,163,63,0.6825,0.5,0.6637,0.2353,0.6825,0.6825,63,,0,,0,LRCX,5,5,814,819
701,176,63,0.3968,0.5133,1.0749,0.409,0.746,0.7647,17,0.7647,17,,0,LRCX,5,6,877,882
752,188,63,0.6825,0.5,0.6283,0.2182,0.6825,0.6825,63,0.6825,63,0.6825,63,LRCX,5,7,940,945
802,201,63,0.6032,0.5989,0.6785,0.2424,0.6032,0.6032,63,0.6032,63,0.6032,63,LRCX,5,8,1003,1008
399,100,63,0.6825,0.5244,0.6269,0.2177,0.6825,0.6825,63,0.6825,63,0.6825,63,VRT,5,0,499,504
449,113,63,0.381,0.5053,0.8845,0.3379,0.381,0.381,63,0.381,63,0.381,63,VRT,5,1,562,567
500,125,63,0.7302,0.5607,0.5947,0.2083,0.7302,0.7302,63,0.7302,63,0.7895,19,VRT,5,2,625,630
550,138,63,0.6032,0.6487,0.9027,0.2475,0.4921,0.5652,46,0.5366,41,0.5366,41,VRT,5,3,688,693
600,151,63,0.2222,0.1927,2.3606,0.418,0.4603,0.2222,36,0.2286,35,0.2286,35,VRT,5,4,751,756
651,163,63,0.6667,0.4671,0.6799,0.2434,0.6667,0.6667,63,0.5556,9,0.5556,9,VRT,5,5,814,819
701,176,63,0.5714,0.5093,0.6854,0.2461,0.5714,0.5714,63,0.5778,45,0.5778,45,VRT,5,6,877,882
752,188,63,0.6032,0.4211,0.6828,0.2448,0.6032,0.6032,63,0.5614,57,,0,VRT,5,7,940,945
802,201,63,0.7143,0.4479,1.342,0.2475,0.7619,0.75,60,0.75,60,0.75,60,VRT,5,8,1003,1008
399,100,63,0.7143,0.5833,0.6348,0.2211,0.7143,0.7143,63,0.7609,46,,0,ETN,5,0,499,504
449,113,63,0.4444,0.3418,2.1582,0.4128,0.4444,0.4444,63,0.375,48,0.375,48,ETN,5,1,562,567
500,125,63,0.6667,0.5,0.6439,0.2257,0.6667,0.6667,63,0.6667,63,0.6667,63,ETN,5,2,625,630
550,138,63,0.4444,0.4821,0.7169,0.2618,0.4444,0.4444,63,0.4355,62,,0,ETN,5,3,688,693
600,151,63,0.4603,0.5365,0.6981,0.2525,0.4603,0.4603,63,,0,,0,ETN,5,4,751,756
651,163,63,0.4603,0.508,0.7096,0.256,0.619,0.6667,15,0.5833,12,0.0,1,ETN,5,5,814,819
701,176,63,0.5397,0.5393,0.7372,0.2663,0.5556,0.5536,56,,0,,0,ETN,5,6,877,882
752,188,63,0.5873,0.5741,0.6741,0.2405,0.5714,0.5806,62,0.6102,59,,0,ETN,5,7,940,945
802,201,63,0.6032,0.6632,0.6488,0.234,0.6032,0.6032,63,0.623,61,0.6271,59,ETN,5,8,1003,1008
399,100,63,0.3968,0.5,0.7683,0.2868,0.3968,0.3968,63,0.3968,63,0.3968,63,NOW,5,0,499,504
449,113,63,0.5397,0.3964,4.8436,0.3936,0.619,0.5862,58,0.5714,56,0.5714,56,NOW,5,1,562,567
500,125,63,0.4762,0.4803,0.7037,0.2553,0.6984,0.6667,33,1.0,3,,0,NOW,5,2,625,630
550,138,63,0.5397,0.4615,0.7035,0.2549,0.5397,0.5397,63,0.5397,63,0.5116,43,NOW,5,3,688,693
600,151,63,0.4127,0.3872,5.929,0.4822,0.4127,0.4127,63,0.4032,62,0.4032,62,NOW,5,4,751,756
651,163,63,0.4127,0.5,0.7036,0.2552,0.4127,0.4127,63,,0,,0,NOW,5,5,814,819
701,176,63,0.5238,0.5,0.6925,0.2497,0.4762,,0,,0,,0,NOW,5,6,877,882
752,188,63,0.6984,0.5508,0.6576,0.2323,0.3016,,0,,0,,0,NOW,5,7,940,945
802,201,63,0.5556,0.4662,0.7067,0.2572,0.4921,0.8,5,0.8,5,0.75,4,NOW,5,8,1003,1008
399,100,63,0.4127,0.5,0.9329,0.3562,0.4127,0.4127,63,0.4127,63,0.4127,63,EQIX,5,0,499,504
449,113,63,0.4921,0.5,0.6986,0.2527,0.4921,0.4921,63,,0,,0,EQIX,5,1,562,567
500,125,63,0.3968,0.5,0.7136,0.2602,0.6032,,0,,0,,0,EQIX,5,2,625,630
550,138,63,0.5714,0.4903,0.6856,0.2462,0.5556,0.5645,62,,0,,0,EQIX,5,3,688,693
600,151,63,0.4127,0.5811,0.7107,0.2588,0.4127,0.4127,63,0.5714,14,0.5833,12,EQIX,5,4,751,756
651,163,63,0.5238,0.5687,0.9039,0.2537,0.4762,0.5,40,0.5,40,0.5,40,EQIX,5,5,814,819
701,176,63,0.5714,0.5852,0.7599,0.2749,0.5556,0.6,40,0.6,40,0.625,8,EQIX,5,6,877,882
752,188,63,0.4286,0.2815,0.8986,0.3351,0.619,0.5333,45,0.3125,16,0.0,2,EQIX,5,7,940,945
802,201,63,0.7143,0.7384,1.5831,0.2661,0.6508,0.8485,33,0.9091,11,,0,EQIX,5,8,1003,1008
399,100,63,0.4921,0.5,0.7023,0.2546,0.4921,0.4921,63,0.4921,63,,0,DLR,5,0,499,504
449,113,63,0.5397,0.5699,1.2918,0.3099,0.5556,0.6875,16,1.0,1,1.0,1,DLR,5,1,562,567
500,125,63,0.4444,0.5053,0.8106,0.302,0.6032,0.8,5,0.75,4,,0,DLR,5,2,625,630
550,138,63,0.5397,0.5187,1.125,0.2559,0.4762,0.5091,55,0.551,49,0.3889,18,DLR,5,3,688,693
600,151,63,0.4286,0.5389,3.479,0.3587,0.4762,0.4444,54,0.4444,54,0.4444,54,DLR,5,4,751,756
651,163,63,0.4762,0.5781,0.6937,0.2504,0.4603,0.4677,62,,0,,0,DLR,5,5,814,819
701,176,63,0.5397,0.5418,0.9359,0.2612,0.4444,0.4737,19,0.0,1,0.0,1,DLR,5,6,877,882
752,188,63,0.4444,0.5357,0.6876,0.2503,0.5556,,0,,0,,0,DLR,5,7,940,945
802,201,63,0.4444,0.4621,0.7416,0.2738,0.5873,0.55,20,0.55,20,0.55,20,DLR,5,8,1003,1008
399,100,63,0.5397,0.4556,0.957,0.2718,0.5556,0.55,60,0.55,60,0.55,60,WDC,5,0,499,504
449,113,63,0.5079,0.4904,0.7047,0.2563,0.5397,0.5254,59,0.5345,58,,0,WDC,5,1,562,567
500,125,63,0.6984,0.6099,0.6483,0.2275,0.6825,0.7,60,0.7,60,,0,WDC,5,2,625,630
550,138,63,0.6667,0.7061,0.633,0.221,0.4921,0.6,50,0.6,50,0.6286,35,WDC,5,3,688,693
600,151,63,0.4444,0.5538,2.2211,0.3524,0.5397,0.4706,17,0.0,1,0.0,1,WDC,5,4,751,756
651,163,63,0.0794,0.5603,12.9981,0.8449,0.9206,,0,,0,,0,WDC,5,5,814,819
701,176,63,0.8254,0.6608,0.5248,0.1686,0.8254,0.8254,63,0.8254,63,0.8254,63,WDC,5,6,877,882
752,188,63,0.6032,0.4297,1.8293,0.3037,0.7302,0.6981,53,0.6981,53,0.6981,53,WDC,5,7,940,945
802,201,63,0.6984,0.2949,1.9127,0.303,0.6984,0.6984,63,0.6042,48,0.6042,48,WDC,5,8,1003,1008
399,100,63,0.4762,0.2961,1.5834,0.3558,0.5397,0.5098,51,0.5098,51,0.4565,46,STX,5,0,499,504
449,113,63,0.4127,0.4108,2.3628,0.3256,0.5079,0.4,25,0.4375,16,0.4375,16,STX,5,1,562,567
500,125,63,0.6667,0.4643,0.7036,0.254,0.6667,0.6667,63,0.5,6,0.5,6,STX,5,2,625,630
550,138,63,0.4127,0.4485,2.84,0.3968,0.4127,0.4127,63,0.4127,63,0.3143,35,STX,5,3,688,693
600,151,63,0.5238,0.5071,0.6975,0.2521,0.5238,0.5238,63,0.5,8,0.5,8,STX,5,4,751,756
651,163,63,0.2222,0.52,0.7421,0.2744,0.7937,1.0,1,,0,,0,STX,5,5,814,819
701,176,63,0.8095,0.5098,0.5923,0.2002,0.8095,0.8095,63,0.8095,63,1.0,1,STX,5,6,877,882
752,188,63,0.619,0.4615,0.6928,0.2489,0.619,0.619,63,0.6,60,0.6,60,STX,5,7,940,945
802,201,63,0.7302,0.4239,0.5998,0.2038,0.7302,0.7302,63,0.7302,63,0.7302,63,STX,5,8,1003,1008
399,100,63,0.5714,0.6,2.9679,0.3128,0.5556,0.5952,42,0.5952,42,0.875,8,ASML,5,0,499,504
449,113,63,0.5556,0.4587,0.9531,0.2677,0.5556,0.5556,63,0.5,36,0.5,36,ASML,5,1,562,567
500,125,63,0.4603,0.6491,0.7826,0.2839,0.4603,0.4603,63,0.4717,53,0.5789,38,ASML,5,2,625,630
550,138,63,0.4921,0.4367,2.5417,0.3137,0.5714,0.54,50,0.5319,47,0.5714,21,ASML,5,3,688,693
600,151,63,0.4921,0.5152,0.6908,0.2488,0.4762,0.4839,62,,0,,0,ASML,5,4,751,756
651,163,63,0.5238,0.5,0.6931,0.25,0.5238,0.5238,63,,0,,0,ASML,5,5,814,819
701,176,63,0.7302,0.4917,0.684,0.2454,0.7302,0.7302,63,,0,,0,ASML,5,6,877,882
752,188,63,0.6349,0.5,0.6858,0.2463,0.6349,0.6349,63,,0,,0,ASML,5,7,940,945
802,201,63,0.5238,0.5882,2.5399,0.3149,0.5079,0.5227,44,0.5227,44,0.5227,44,ASML,5,8,1003,1008
399,100,63,0.6032,0.5547,1.8892,0.3028,0.6032,0.6667,39,0.619,21,0.619,21,CEG,5,0,499,504
449,113,63,0.5238,0.5717,0.7955,0.2783,0.5238,0.5283,53,0.5897,39,0.6053,38,CEG,5,1,562,567
500,125,63,0.6349,0.6445,0.6601,0.2337,0.5397,0.6774,31,0.6897,29,0.6897,29,CEG,5,2,625,630
550,138,63,0.4444,0.5461,0.6949,0.254,0.4603,0.4375,48,0.6875,16,0.6875,16,CEG,5,3,688,693
600,151,63,0.4603,0.3483,0.9629,0.2756,0.6825,0.6,45,0.6,45,0.0,1,CEG,5,4,751,756
651,163,63,0.4762,0.4955,0.6966,0.2517,0.4762,0.4762,63,,0,,0,CEG,5,5,814,819
701,176,63,0.6349,0.5,0.6649,0.2359,0.6349,0.6349,63,0.6349,63,,0,CEG,5,6,877,882
752,188,63,0.3968,0.4747,0.7885,0.2944,0.3968,0.3968,63,0.4118,34,0.4118,34,CEG,5,7,940,945
802,201,63,0.4444,0.5077,0.7174,0.2614,0.4444,0.4444,63,0.4706,17,0.4706,17,CEG,5,8,1003,1008
399,100,63,0.3968,0.5637,0.88,0.3299,0.8095,0.7826,23,0.7826,23,0.7826,23,VST,5,0,499,504
449,113,63,0.5238,0.5172,1.2141,0.3903,0.4762,0.5,58,0.4912,57,0.4821,56,VST,5,1,562,567
500,125,63,0.5397,0.4796,3.1185,0.3573,0.6667,0.6383,47,0.6383,47,0.6383,47,VST,5,2,625,630
550,138,63,0.6349,0.488,0.6623,0.237,0.5873,0.6207,58,0.6207,58,0.125,8,VST,5,3,688,693
600,151,63,0.5079,0.4133,0.9736,0.2793,0.5079,0.5079,63,0.5079,63,0.2222,9,VST,5,4,751,756
651,163,63,0.7302,0.4821,0.666,0.2366,0.7302,0.7302,63,0.7143,28,,0,VST,5,5,814,819
701,176,63,0.4286,0.4167,0.8136,0.305,0.4286,0.4286,63,0.4286,63,0.3,20,VST,5,6,877,882
752,188,63,0.4127,0.5842,1.1828,0.2822,0.4127,0.4127,63,0.4407,59,0.5714,7,VST,5,7,940,945
802,201,63,0.4444,0.5786,0.9328,0.2611,0.4444,0.4444,63,0.6,15,0.6,15,VST,5,8,1003,1008
399,100,63,0.3492,0.3518,0.7997,0.2993,0.4921,0.25,20,0.2222,18,0.25,16,LIN,5,0,499,504
449,113,63,0.6032,0.5,0.6896,0.2482,0.6032,0.6032,63,,0,,0,LIN,5,1,562,567
500,125,63,0.5873,0.5135,0.6776,0.2423,0.5873,0.5873,63,0.5873,63,1.0,1,LIN,5,2,625,630
550,138,63,0.4921,0.4212,0.9643,0.2764,0.5238,0.5082,61,0.5082,61,0.2857,7,LIN,5,3,688,693
600,151,63,0.6032,0.5876,0.6838,0.2441,0.619,0.6458,48,0.6596,47,0.6512,43,LIN,5,4,751,756
651,163,63,0.619,0.5505,0.8732,0.2371,0.6032,0.6129,62,0.6129,62,0.8,5,LIN,5,5,814,819
701,176,63,0.3492,0.5222,1.6863,0.3136,0.3492,0.3443,61,0.3443,61,0.5,10,LIN,5,6,877,882
752,188,63,0.6032,0.4435,1.4405,0.2926,0.6508,0.6667,48,0.6667,48,0.5588,34,LIN,5,7,940,945
802,201,63,0.4921,0.6932,0.9437,0.2644,0.6032,1.0,6,1.0,3,1.0,3,LIN,5,8,1003,1008
399,100,63,0.5873,0.6502,0.6497,0.2317,0.4921,0.6923,13,0.6923,13,1.0,1,MRVL,5,0,499,504
449,113,63,0.4921,0.503,3.0383,0.3435,0.4603,0.4737,57,0.4286,42,0.5185,27,MRVL,5,1,562,567
500,125,63,0.5079,0.6556,0.6463,0.2387,0.7619,1.0,17,1.0,8,1.0,8,MRVL,5,2,625,630
550,138,63,0.4444,0.5139,0.6961,0.2515,0.5714,1.0,1,,0,,0,MRVL,5,3,688,693
600,151,63,0.381,0.6149,1.2452,0.3107,0.381,0.381,63,0.381,63,0.4118,51,MRVL,5,4,751,756
651,163,63,0.6667,0.5,0.652,0.2296,0.6667,0.6667,63,0.6667,63,,0,MRVL,5,5,814,819
701,176,63,0.5397,0.4582,0.679,0.243,0.6349,0.6122,49,0.6122,49,,0,MRVL,5,6,877,882
752,188,63,0.6508,0.6526,0.6765,0.2417,0.4444,0.6071,28,0.625,24,,0,MRVL,5,7,940,945
802,201,63,0.6032,0.589,1.377,0.2661,0.6825,0.6731,52,0.9286,14,1.0,7,MRVL,5,8,1003,1008
399,100,63,0.6032,0.5,0.6724,0.2397,0.6032,0.6032,63,0.6032,63,0.6032,63,CLS,5,0,499,504
449,113,63,0.5397,0.5512,0.6917,0.2493,0.5397,0.5397,63,0.5397,63,0.6667,12,CLS,5,1,562,567
500,125,63,0.6349,0.5,0.6589,0.233,0.6349,0.6349,63,0.6349,63,0.6349,63,CLS,5,2,625,630
550,138,63,0.5556,0.5726,0.6787,0.2429,0.6667,0.7188,32,0.7097,31,,0,CLS,5,3,688,693
600,151,63,0.4921,0.5131,0.7305,0.2677,0.4921,0.4921,63,0.4921,63,0.4545,11,CLS,5,4,751,756
651,163,63,0.7778,0.3568,0.6043,0.2055,0.873,0.8596,57,0.8596,57,0.8654,52,CLS,5,5,814,819
701,176,63,0.6667,0.5845,0.6246,0.2167,0.6667,0.6667,63,0.6667,63,0.6721,61,CLS,5,6,877,882
752,188,63,0.4444,0.5117,0.8088,0.3042,0.4444,0.4444,63,0.4444,63,0.4444,63,CLS,5,7,940,945
802,201,63,0.5714,0.4823,0.9728,0.2712,0.5873,0.5806,62,0.5806,62,0.566,53,CLS,5,8,1003,1008
399,100,63,0.5079,0.5327,0.6777,0.2424,0.4127,0.4242,33,,0,,0,SYM,5,0,499,504
449,113,63,0.3651,0.4709,0.8617,0.3283,0.5556,0.2222,9,0.2222,9,0.2222,9,SYM,5,1,562,567
500,125,63,0.5714,0.5533,0.658,0.2396,0.3651,0.4,20,0.4,20,,0,SYM,5,2,625,630
550,138,63,0.5238,0.6262,1.6725,0.3031,0.7937,0.8846,26,,0,,0,SYM,5,3,688,693
600,151,63,0.3651,0.5424,0.8845,0.339,0.6349,,0,,0,,0,SYM,5,4,751,756
651,163,63,0.5397,0.5674,0.6821,0.2448,0.4286,0.4808,52,0.4808,52,,0,SYM,5,5,814,819
701,176,63,0.6032,0.5811,0.8398,0.2891,0.4921,0.5789,38,0.5789,38,0.5789,38,SYM,5,6,877,882
399,100,63,0.4921,0.5086,1.4083,0.2831,0.4603,0.4694,49,0.4286,7,0.4286,7,MNDY,5,0,499,504
449,113,63,0.4286,0.697,0.7039,0.2552,0.4127,0.4194,62,0.449,49,0.64,25,MNDY,5,1,562,567
500,125,63,0.3492,0.587,2.8881,0.3705,0.6508,,0,,0,,0,MNDY,5,2,625,630
550,138,63,0.4762,0.4273,0.7371,0.2713,0.4762,0.4762,63,0.4,30,0.4,30,MNDY,5,3,688,693
600,151,63,0.5556,0.6505,0.6703,0.2387,0.4444,0.5,12,0.5455,11,0.5455,11,MNDY,5,4,751,756
651,163,63,0.4603,0.4394,0.7106,0.2586,0.4762,0.0,4,0.0,4,,0,MNDY,5,5,814,819
701,176,63,0.5238,0.5751,2.3518,0.3157,0.5714,0.5789,38,0.6667,30,,0,MNDY,5,6,877,882
752,188,63,0.4127,0.5198,1.0558,0.3733,0.2857,0.2432,37,0.2432,37,0.2432,37,MNDY,5,7,940,945
802,201,63,0.6508,0.6821,0.6785,0.2427,0.3968,0.5429,35,,0,,0,MNDY,5,8,1003,1008
399,100,63,0.5079,0.5355,0.698,0.255,0.4286,0.4643,56,0.3636,11,0.3636,11,FVRR,5,0,499,504
449,113,63,0.5079,0.5156,0.6823,0.2461,0.4921,0.5,62,,0,,0,FVRR,5,1,562,567
500,125,63,0.4286,0.5972,0.8276,0.3107,0.5714,,0,,0,,0,FVRR,5,2,625,630
550,138,63,0.3968,0.3886,4.2611,0.4097,0.4921,0.2667,15,,0,,0,FVRR,5,3,688,693
600,151,63,0.4444,0.4521,0.7043,0.2585,0.5079,0.4545,33,0.44,25,1.0,2,FVRR,5,4,751,756
651,163,63,0.4921,0.5047,0.7613,0.2768,0.3175,0.3,30,0.3,30,0.3333,6,FVRR,5,5,814,819
701,176,63,0.5556,0.5655,0.6806,0.2449,0.5079,0.6111,18,0.6111,18,0.6111,18,FVRR,5,6,877,882
752,188,63,0.4603,0.6463,0.9166,0.3493,0.3492,0.3929,56,0.3929,56,0.3929,56,FVRR,5,7,940,945
802,201,63,0.4444,0.4797,0.76,0.2823,0.381,0.3878,49,0.3611,36,0.3611,36,FVRR,5,8,1003,1008
399,100,63,0.6032,0.4439,4.9539,0.3572,0.6667,0.6545,55,0.6346,52,0.6346,52,APD,5,0,499,504
449,113,63,0.5079,0.6003,0.7022,0.2574,0.5873,0.875,8,0.875,8,0.875,8,APD,5,1,562,567
500,125,63,0.4444,0.4352,4.9671,0.4332,0.5556,,0,,0,,0,APD,5,2,625,630
550,138,63,0.5397,0.2084,0.7272,0.2666,0.5397,0.5397,63,0.0667,15,0.0714,14,APD,5,3,688,693
600,151,63,0.4603,0.5,0.7112,0.259,0.4603,0.4603,63,0.4603,63,,0,APD,5,4,751,756
651,163,63,0.6508,0.5,0.6722,0.2396,0.6508,0.6508,63,,0,,0,APD,5,5,814,819
701,176,63,0.381,0.5,0.7165,0.2617,0.381,0.381,63,,0,,0,APD,5,6,877,882
752,188,63,0.3492,0.4756,0.6966,0.2517,0.6508,,0,,0,,0,APD,5,7,940,945
802,201,63,0.5397,0.5472,0.6885,0.2477,0.5397,0.5397,63,,0,,0,APD,5,8,1003,1008
399,100,63,0.5238,0.6569,0.701,0.2539,0.7619,0.95,20,,0,,0,EME,5,0,499,504
449,113,63,0.4921,0.4798,0.8532,0.3184,0.4921,0.4921,63,0.4921,63,0.4921,63,EME,5,1,562,567
500,125,63,0.7302,0.5109,0.5958,0.2026,0.7302,0.7302,63,0.7302,63,0.7302,63,EME,5,2,625,630
550,138,63,0.5238,0.6288,0.6994,0.2531,0.5238,0.5238,63,0.5238,63,0.7368,19,EME,5,3,688,693
600,151,63,0.4762,0.55,0.7449,0.2752,0.4762,0.4762,63,0.4762,63,0.4762,63,EME,5,4,751,756
651,163,63,0.746,0.5532,0.6241,0.219,0.746,0.746,63,1.0,5,1.0,5,EME,5,5,814,819
701,176,63,0.6349,0.3696,0.6918,0.2493,0.6349,0.6349,63,0.5625,48,0.5625,48,EME,5,6,877,882
752,188,63,0.6984,0.5,0.6265,0.2172,0.6984,0.6984,63,0.6984,63,0.6984,63,EME,5,7,940,945
802,201,63,0.6825,0.5,0.6254,0.2169,0.6825,0.6825,63,0.6825,63,0.6825,63,EME,5,8,1003,1008
399,100,63,0.5238,0.5732,0.6854,0.2463,0.619,0.6957,23,0.8571,7,0.8571,7,KLAC,5,0,499,504
449,113,63,0.5556,0.4755,0.7147,0.2594,0.5556,0.5556,63,0.5,20,0.5,14,KLAC,5,1,562,567
500,125,63,0.5714,0.66,1.7645,0.2598,0.5714,0.5714,63,0.5714,63,0.6591,44,KLAC,5,2,625,630
550,138,63,0.6349,0.5462,1.1669,0.2549,0.6349,0.6349,63,0.6349,63,0.6875,32,KLAC,5,3,688,693
600,151,63,0.5079,0.6219,0.7317,0.2679,0.4444,0.4694,49,0.4694,49,0.5349,43,KLAC,5,4,751,756
651,163,63,0.5873,0.5203,0.6862,0.2465,0.619,0.6585,41,0.6316,19,,0,KLAC,5,5,814,819
701,176,63,0.6508,0.561,0.6635,0.2353,0.6508,0.6508,63,0.6667,21,0.6667,21,KLAC,5,6,877,882
752,188,63,0.619,0.5614,2.7475,0.3075,0.6349,0.6739,46,0.6739,46,,0,KLAC,5,7,940,945
802,201,63,0.7619,0.6407,0.5916,0.2,0.7143,0.7778,54,0.7778,54,0.7755,49,KLAC,5,8,1003,1008
399,100,63,0.4127,0.531,2.4329,0.3567,0.6508,0.8333,6,,0,,0,TXN,5,0,499,504
449,113,63,0.3968,0.5128,0.7419,0.2741,0.619,1.0,1,1.0,1,,0,TXN,5,1,562,567
500,125,63,0.5873,0.7115,0.6447,0.2266,0.5873,0.5873,63,0.5873,63,0.7436,39,TXN,5,2,625,630
550,138,63,0.4286,0.4973,0.8746,0.3329,0.3651,0.3725,51,0.3725,51,0.3725,51,TXN,5,3,688,693
600,151,63,0.3968,0.4934,3.2791,0.3608,0.4762,0.4167,48,0.4167,48,0.6,20,TXN,5,4,751,756
651,163,63,0.4127,0.5668,0.7404,0.2734,0.6349,1.0,3,,0,,0,TXN,5,5,814,819
701,176,63,0.5873,0.5,0.6807,0.2438,0.4127,,0,,0,,0,TXN,5,6,877,882
752,188,63,0.3651,0.4246,0.775,0.2887,0.6667,0.5556,18,0.5714,14,0.5714,14,TXN,5,7,940,945
802,201,63,0.5714,0.4367,0.7084,0.2563,0.5714,0.5714,63,0.2857,7,0.4,5,TXN,5,8,1003,1008
399,100,63,0.5238,0.5308,0.9788,0.2795,0.5238,0.7143,7,0.7143,7,,0,MCHP,5,0,499,504
449,113,63,0.5714,0.5511,0.899,0.2458,0.3968,0.0,2,0.0,1,,0,MCHP,5,1,562,567
500,125,63,0.6349,0.6633,0.665,0.2346,0.4921,0.6667,24,0.6818,22,0.6818,22,MCHP,5,2,625,630
550,138,63,0.4127,0.6477,8.0138,0.5553,0.3016,0.3393,56,0.3393,56,0.3585,53,MCHP,5,3,688,693
600,151,63,0.4762,0.5,0.7152,0.2609,0.5238,,0,,0,,0,MCHP,5,4,751,756
651,163,63,0.4762,0.6343,0.7267,0.2653,0.5238,,0,,0,,0,MCHP,5,5,814,819
701,176,63,0.5079,0.588,0.6572,0.2347,0.4286,0.4412,34,,0,,0,MCHP,5,6,877,882
752,188,63,0.4603,0.4288,0.9782,0.2828,0.5873,0.5455,33,0.4286,7,,0,MCHP,5,7,940,945
802,201,63,0.6032,0.4465,0.7232,0.262,0.5873,0.5968,62,0.5814,43,0.4375,16,MCHP,5,8,1003,1008
399,100,63,0.3968,0.5377,0.7623,0.281,0.6508,1.0,3,1.0,3,1.0,3,NXPI,5,0,499,504
449,113,63,0.5238,0.4544,0.7421,0.2689,0.5397,0.5323,62,0.541,61,0.4762,21,NXPI,5,1,562,567
500,125,63,0.5397,0.5,0.7245,0.2646,0.5397,0.5397,63,0.5397,63,0.5397,63,NXPI,5,2,625,630
550,138,63,0.4286,0.4645,5.695,0.4607,0.4286,0.4286,63,0.4615,52,0.4615,52,NXPI,5,3,688,693
600,151,63,0.4444,0.5927,2.2887,0.3082,0.5079,0.4706,51,0.4706,51,0.4706,51,NXPI,5,4,751,756
651,163,63,0.619,0.6379,0.6288,0.2215,0.5238,0.8,15,0.8,15,0.8,15,NXPI,5,5,814,819
701,176,63,0.5079,0.6326,0.7015,0.2542,0.5079,1.0,1,1.0,1,1.0,1,NXPI,5,6,877,882
752,188,63,0.5556,0.566,0.6739,0.2445,0.4921,0.6,15,0.6,15,0.6429,14,NXPI,5,7,940,945
802,201,63,0.4762,0.4484,1.9777,0.3335,0.6032,0.6,25,0.5556,18,0.5556,18,NXPI,5,8,1003,1008
399,100,63,0.6032,0.5047,1.136,0.255,0.6032,0.6032,63,0.625,56,0.625,56,DELL,5,0,499,504
449,113,63,0.4444,0.599,0.9234,0.3485,0.4444,0.4444,63,0.4444,63,0.4516,62,DELL,5,1,562,567
500,125,63,0.3651,0.3407,4.3606,0.4484,0.6667,0.5294,34,0.6667,6,0.5,4,DELL,5,2,625,630
550,138,63,0.3651,0.3623,0.8439,0.3099,0.4127,0.2941,34,0.3226,31,0.3226,31,DELL,5,3,688,693
600,151,63,0.4762,0.5,0.6993,0.2531,0.5238,,0,,0,,0,DELL,5,4,751,756
651,163,63,0.6825,0.5,0.6773,0.2421,0.6825,0.6825,63,,0,,0,DELL,5,5,814,819
701,176,63,0.5238,0.5051,1.1529,0.2661,0.5397,0.54,50,,0,,0,DELL,5,6,877,882
752,188,63,0.4286,0.5602,0.7515,0.2781,0.4286,0.4286,63,0.4681,47,0.4681,47,DELL,5,7,940,945
802,201,63,0.746,0.5672,0.6644,0.2374,0.746,0.8298,47,0.8298,47,0.0,4,DELL,5,8,1003,1008
399,100,63,0.5714,0.6106,2.364,0.324,0.5714,1.0,9,1.0,9,1.0,9,GLW,5,0,499,504
449,113,63,0.4127,0.3836,4.1277,0.4278,0.5873,,0,,0,,0,GLW,5,1,562,567
500,125,63,0.7619,0.5277,1.0874,0.2308,0.7937,0.7966,59,0.807,57,,0,GLW,5,2,625,630
550,138,63,0.6032,0.5,0.6721,0.2395,0.6032,0.6032,63,0.6032,63,0.6032,63,GLW,5,3,688,693
600,151,63,0.4444,0.5,0.7399,0.273,0.4444,0.4444,63,0.4444,63,0.4444,63,GLW,5,4,751,756
651,163,63,0.8254,0.5,0.6143,0.2108,0.8254,0.8254,63,0.8254,63,,0,GLW,5,5,814,819
701,176,63,0.7143,0.4444,0.6477,0.2274,0.7143,0.7143,63,0.7143,63,,0,GLW,5,6,877,882
752,188,63,0.6984,0.5449,0.6134,0.2114,0.6984,0.6984,63,0.6984,63,0.6984,63,GLW,5,7,940,945
802,201,63,0.5873,0.5187,0.8131,0.2885,0.5873,0.5873,63,0.5873,63,0.5873,63,GLW,5,8,1003,1008
399,100,63,0.5556,0.5104,0.7094,0.2567,0.5873,0.6286,35,0.6286,35,0.5417,24,FLEX,5,0,499,504
449,113,63,0.4762,0.5325,0.9042,0.3262,0.4603,0.4545,44,0.4545,44,0.4545,44,FLEX,5,1,562,567
500,125,63,0.4286,0.587,0.7142,0.2631,0.7143,1.0,9,1.0,9,1.0,9,FLEX,5,2,625,630
550,138,63,0.4603,0.399,0.8925,0.331,0.5238,0.4444,9,0.4444,9,0.4444,9,FLEX,5,3,688,693
600,151,63,0.5079,0.5715,1.486,0.3624,0.4603,0.4833,60,0.5088,57,0.5179,56,FLEX,5,4,751,756
651,163,63,0.4921,0.559,0.6617,0.2346,0.7778,0.8148,27,0.8148,27,0.8148,27,FLEX,5,5,814,819
701,176,63,0.5873,0.4629,1.4181,0.2829,0.6508,0.6316,57,0.6316,57,,0,FLEX,5,6,877,882
752,188,63,0.5079,0.5776,0.7211,0.2633,0.5079,0.5079,63,0.5246,61,0.5246,61,FLEX,5,7,940,945
802,201,63,0.6349,0.477,2.7917,0.3209,0.7302,0.7447,47,0.7333,45,0.7273,44,FLEX,5,8,1003,1008
399,100,63,0.4921,0.4254,0.7064,0.2566,0.4921,0.4921,63,0.3684,19,,0,JBL,5,0,499,504
449,113,63,0.5238,0.4745,0.6922,0.2495,0.4127,0.3571,14,,0,,0,JBL,5,1,562,567
500,125,63,0.5238,0.5243,0.6717,0.2435,0.7302,0.7353,34,1.0,3,1.0,3,JBL,5,2,625,630
550,138,63,0.4444,0.551,7.0719,0.5168,0.6667,0.7059,17,,0,,0,JBL,5,3,688,693
600,151,63,0.5397,0.5429,1.6056,0.2786,0.5238,0.5385,52,0.549,51,0.5,34,JBL,5,4,751,756
651,163,63,0.7302,0.6148,0.6008,0.2048,0.7143,0.78,50,0.78,50,0.7708,48,JBL,5,5,814,819
701,176,63,0.5079,0.6487,0.7205,0.2631,0.4921,0.5,50,0.5102,49,0.5102,49,JBL,5,6,877,882
752,188,63,0.4603,0.3483,0.7321,0.2693,0.5714,0.5185,54,0.4444,36,0.4444,36,JBL,5,7,940,945
802,201,63,0.6984,0.6291,0.6245,0.2188,0.6825,0.7222,54,0.7429,35,0.7742,31,JBL,5,8,1003,1008
399,100,63,0.4127,0.4022,2.9069,0.4291,0.381,0.3333,39,0.3333,39,0.3333,39,GFS,5,0,499,504
449,113,63,0.4762,0.4839,0.7057,0.2562,0.5079,0.0,1,,0,,0,GFS,5,1,562,567
500,125,63,0.4603,0.4025,0.7492,0.2761,0.4762,0.4091,22,0.381,21,0.2222,9,GFS,5,2,625,630
550,138,63,0.5873,0.5171,0.6838,0.2453,0.381,0.4,10,0.4,10,,0,GFS,5,3,688,693
600,151,63,0.5079,0.4677,2.8071,0.3348,0.5079,0.5172,29,0.4091,22,0.45,20,GFS,5,4,751,756
651,163,63,0.5079,0.5131,0.7111,0.2588,0.5238,0.5556,18,,0,,0,GFS,5,5,814,819
701,176,63,0.4127,0.4101,1.7128,0.3182,0.5238,0.4524,42,,0,,0,GFS,5,6,877,882
752,188,63,0.4444,0.6265,0.7002,0.2535,0.5714,0.6667,3,,0,,0,GFS,5,7,940,945
802,201,63,0.4286,0.3067,2.4413,0.3574,0.6667,0.575,40,0.3636,11,,0,GFS,5,8,1003,1008
399,100,63,0.4444,0.6036,3.8195,0.3957,0.7302,1.0,11,1.0,11,1.0,11,NEE,5,0,499,504
449,113,63,0.5873,0.5665,0.6901,0.2463,0.5873,0.5873,63,0.5806,62,0.5806,62,NEE,5,1,562,567
500,125,63,0.6032,0.5558,0.6707,0.2389,0.6032,0.6032,63,0.6032,63,0.6032,63,NEE,5,2,625,630
550,138,63,0.3651,0.4484,1.4966,0.4119,0.3651,0.3651,63,0.3607,61,0.3607,61,NEE,5,3,688,693
600,151,63,0.4762,0.3971,3.3522,0.382,0.4603,0.4655,58,0.4655,58,0.4468,47,NEE,5,4,751,756
651,163,63,0.4127,0.4787,0.7213,0.264,0.5873,,0,,0,,0,NEE,5,5,814,819
701,176,63,0.3333,0.3652,2.454,0.3698,0.5714,0.3846,26,0.3846,26,,0,NEE,5,6,877,882
752,188,63,0.4127,0.6885,6.164,0.4938,0.6508,1.0,4,,0,,0,NEE,5,7,940,945
802,201,63,0.4603,0.4115,0.7229,0.2647,0.5714,0.5217,46,0.5111,45,,0,NEE,5,8,1003,1008
399,100,63,0.3016,0.4282,5.5625,0.5058,0.746,0.6,15,0.7778,9,0.75,8,D,5,0,499,504
449,113,63,0.4127,0.3545,2.8918,0.3697,0.5238,0.4615,52,0.4615,52,0.4286,49,D,5,1,562,567
500,125,63,0.5397,0.3852,0.9421,0.2655,0.5556,0.5484,62,0.5333,60,0.4,25,D,5,2,625,630
550,138,63,0.4603,0.5578,0.705,0.2552,0.4603,0.4603,63,0.5,28,0.7143,7,D,5,3,688,693
600,151,63,0.5714,0.5422,0.6853,0.2452,0.5714,0.5714,63,0.6667,9,0.7143,7,D,5,4,751,756
651,163,63,0.3175,0.3331,0.9534,0.2709,0.6825,0.5,6,0.6667,3,,0,D,5,5,814,819
701,176,63,0.5238,0.626,0.682,0.2451,0.4286,0.4717,53,0.5102,49,0.5102,49,D,5,6,877,882
752,188,63,0.5079,0.451,1.1936,0.2809,0.5556,0.5333,60,0.5366,41,,0,D,5,7,940,945
802,201,63,0.6032,0.626,1.3352,0.2529,0.5079,0.7333,15,0.7333,15,,0,D,5,8,1003,1008
399,100,63,0.3651,0.4783,10.1316,0.6381,0.3651,0.3651,63,0.3651,63,0.3548,62,CHTR,5,0,499,504
449,113,63,0.4127,0.514,0.7572,0.2802,0.5873,,0,,0,,0,CHTR,5,1,562,567
500,125,63,0.5397,0.5984,1.3426,0.256,0.4603,,0,,0,,0,CHTR,5,2,625,630
550,138,63,0.4762,0.5,0.6973,0.2521,0.4762,0.4762,63,,0,,0,CHTR,5,3,688,693
600,151,63,0.5556,0.5432,0.7253,0.2657,0.6508,0.697,33,,0,,0,CHTR,5,4,751,756
651,163,63,0.381,0.4583,1.0305,0.2969,0.381,0.381,63,0.3077,13,0.2,10,CHTR,5,5,814,819
701,176,63,0.3492,0.378,2.2049,0.3455,0.3492,0.3492,63,0.0,10,0.0,8,CHTR,5,6,877,882
752,188,63,0.5079,0.3695,0.6981,0.2525,0.5079,0.5079,63,,0,,0,CHTR,5,7,940,945
802,201,63,0.6508,0.5,0.6792,0.2431,0.3492,,0,,0,,0,CHTR,5,8,1003,1008
399,100,63,0.4286,0.4985,1.416,0.2865,0.4286,0.3846,39,0.8333,6,0.8333,6,BIO,5,0,499,504
449,113,63,0.4921,0.5816,0.7505,0.2769,0.5556,0.6154,13,0.5714,7,1.0,2,BIO,5,1,562,567
500,125,63,0.5556,0.6316,1.8164,0.2782,0.5556,0.8182,11,0.8182,11,,0,BIO,5,2,625,630
550,138,63,0.5873,0.6734,0.7149,0.2516,0.4921,0.5641,39,0.5641,39,0.7857,14,BIO,5,3,688,693
600,151,63,0.381,0.6297,3.4733,0.4344,0.3492,0.3509,57,0.3509,57,0.3509,57,BIO,5,4,751,756
651,163,63,0.5714,0.6826,0.6692,0.2385,0.6032,0.7895,19,0.7895,19,0.7895,19,BIO,5,5,814,819
701,176,63,0.5079,0.5456,0.7224,0.262,0.5397,0.5714,21,0.6,20,0.6,20,BIO,5,6,877,882
752,188,63,0.6349,0.6481,0.6866,0.2467,0.4127,0.5385,39,0.4828,29,,0,BIO,5,7,940,945
802,201,63,0.4921,0.5877,0.6994,0.2529,0.4921,0.4921,63,0.5641,39,0.5641,39,BIO,5,8,1003,1008
399,100,63,0.2698,0.3223,6.5971,0.5772,0.7302,,0,,0,,0,HOOD,5,0,499,504
449,113,63,0.5556,0.5,0.6998,0.253,0.5556,0.5556,63,0.5556,63,0.5556,63,HOOD,5,1,562,567
500,125,63,0.7143,0.5333,0.6024,0.2061,0.7143,0.7143,63,0.7143,63,0.7143,63,HOOD,5,2,625,630
550,138,63,0.7619,0.5458,0.5681,0.1893,0.7619,0.7619,63,0.7619,63,0.7619,63,HOOD,5,3,688,693
600,151,63,0.5079,0.565,0.6994,0.2528,0.5079,0.5079,63,0.5385,39,0.625,16,HOOD,5,4,751,756
651,163,63,0.873,0.4011,0.4731,0.1465,0.873,0.873,63,0.8644,59,0.8644,59,HOOD,5,5,814,819
701,176,63,0.4921,0.5701,0.772,0.2868,0.4921,0.4921,63,0.4921,63,0.4921,63,HOOD,5,6,877,882
752,188,63,0.3651,0.5405,1.9985,0.3537,0.3492,0.3269,52,0.3269,52,0.3269,52,HOOD,5,7,940,945
802,201,63,0.4762,0.4763,1.8999,0.3092,0.4762,0.4762,63,0.5116,43,0.25,12,HOOD,5,8,1003,1008
399,100,63,0.4286,0.518,0.7877,0.2951,0.4286,0.4286,63,0.4286,63,0.4286,63,PINS,5,0,499,504
449,113,63,0.381,0.5266,0.9355,0.2663,0.3651,0.3621,58,0.4545,11,0.4545,11,PINS,5,1,562,567
500,125,63,0.4127,0.4433,6.1608,0.4924,0.5873,0.5,4,0.5,4,0.5,4,PINS,5,2,625,630
550,138,63,0.4444,0.4828,0.7033,0.2549,0.5397,0.0,1,0.0,1,0.0,1,PINS,5,3,688,693
600,151,63,0.6032,0.5,0.6789,0.2429,0.3968,,0,,0,,0,PINS,5,4,751,756
651,163,63,0.3333,0.4151,1.1876,0.279,0.6825,0.5385,13,,0,,0,PINS,5,5,814,819
701,176,63,0.3968,0.5258,0.7444,0.2752,0.3968,0.3968,63,0.4107,56,0.4107,56,PINS,5,6,877,882
752,188,63,0.381,0.4973,7.8173,0.5591,0.381,0.381,63,0.381,63,0.381,63,PINS,5,7,940,945
802,201,63,0.4762,0.5384,0.7115,0.2605,0.4762,0.4762,63,0.4762,63,0.6667,6,PINS,5,8,1003,1008
399,100,63,0.5238,0.582,1.7662,0.2653,0.3175,0.3684,38,0.3684,38,0.3684,38,MDB,5,0,499,504
449,113,63,0.3651,0.4147,6.745,0.5528,0.3651,0.3651,63,0.377,61,0.3333,57,MDB,5,1,562,567
500,125,63,0.5079,0.5837,0.7019,0.2543,0.4921,,0,,0,,0,MDB,5,2,625,630
550,138,63,0.4286,0.4717,0.7516,0.2778,0.5714,,0,,0,,0,MDB,5,3,688,693
600,151,63,0.4762,0.3942,2.8875,0.3643,0.3968,0.42,50,0.42,50,0.42,50,MDB,5,4,751,756
651,163,63,0.5238,0.5313,0.7049,0.2557,0.5238,0.5556,27,,0,,0,MDB,5,5,814,819
701,176,63,0.6984,0.6029,0.6613,0.2342,0.6984,0.6984,63,0.8421,19,,0,MDB,5,6,877,882
752,188,63,0.5714,0.5323,5.0511,0.3865,0.4762,0.5789,19,0.5789,19,,0,MDB,5,7,940,945
802,201,63,0.4603,0.6126,1.6206,0.2851,0.4762,0.463,54,0.5333,45,0.5116,43,MDB,5,8,1003,1008
399,100,63,0.5079,0.5247,0.8043,0.2952,0.4762,0.4857,35,0.4857,35,0.4857,35,RKLB,5,0,499,504
449,113,63,0.6667,0.6657,0.6437,0.226,0.5238,0.6304,46,0.6304,46,0.6279,43,RKLB,5,1,562,567
500,125,63,0.254,0.5426,0.8052,0.3052,0.746,,0,,0,,0,RKLB,5,2,625,630
550,138,63,0.5714,0.5,0.6836,0.2452,0.5714,0.5714,63,0.5714,63,,0,RKLB,5,3,688,693
600,151,63,0.4127,0.473,0.7877,0.2922,0.4127,0.4127,63,0.4127,63,0.4127,63,RKLB,5,4,751,756
651,163,63,0.6508,0.4462,0.6664,0.2367,0.6508,0.6508,63,0.6087,23,0.6087,23,RKLB,5,5,814,819
701,176,63,0.4603,0.5076,1.391,0.2761,0.4603,0.4603,63,0.5,6,0.5,6,RKLB,5,6,877,882
752,188,63,0.5079,0.5323,0.8859,0.2616,0.4921,0.5,56,,0,,0,RKLB,5,7,940,945
802,201,63,0.4444,0.2963,0.7362,0.2706,0.5714,0.5094,53,0.5094,53,,0,RKLB,5,8,1003,1008
399,100,63,0.4762,0.4572,0.7227,0.2618,0.4921,0.4828,58,0.5,6,0.0,1,STLA,5,0,499,504
449,113,63,0.4286,0.3861,5.009,0.4995,0.3333,0.3077,39,0.3077,39,0.3077,39,STLA,5,1,562,567
500,125,63,0.5397,0.5091,0.6912,0.249,0.4762,1.0,1,,0,,0,STLA,5,2,625,630
550,138,63,0.4603,0.3958,0.716,0.2612,0.381,0.1875,16,0.1875,16,,0,STLA,5,3,688,693
600,151,63,0.5397,0.6164,4.1938,0.385,0.4921,0.5172,58,0.5172,58,0.5172,58,STLA,5,4,751,756
651,163,63,0.4603,0.4478,0.7322,0.2701,0.4603,0.4603,63,0.4603,63,0.3529,17,STLA,5,5,814,819
701,176,63,0.4286,0.4056,0.945,0.2668,0.5556,0.0,1,0.0,1,0.0,1,STLA,5,6,877,882
752,188,63,0.4286,0.5,0.7008,0.2538,0.4286,0.4286,63,,0,,0,STLA,5,7,940,945
802,201,63,0.5397,0.5,0.6909,0.2489,0.5397,0.5397,63,,0,,0,STLA,5,8,1003,1008
399,100,63,0.6032,0.4761,0.6778,0.2423,0.4127,1.0,1,,0,,0,AMC,5,0,499,504
449,113,63,0.5397,0.5543,0.8468,0.3102,0.4603,,0,,0,,0,AMC,5,1,562,567
500,125,63,0.6032,0.609,0.6626,0.2339,0.381,0.0,1,0.0,1,,0,AMC,5,2,625,630
550,138,63,0.6508,0.4037,0.9915,0.2731,0.2857,0.3,10,0.3,10,0.2222,9,AMC,5,3,688,693
600,151,63,0.4762,0.5152,0.7697,0.2862,0.3651,0.381,42,0.381,42,0.381,42,AMC,5,4,751,756
651,163,63,0.5238,0.6613,0.7449,0.274,0.4921,1.0,1,1.0,1,1.0,1,AMC,5,5,814,819
701,176,63,0.6825,0.4785,0.6317,0.2199,0.3175,,0,,0,,0,AMC,5,6,877,882
752,188,63,0.7143,0.5454,0.614,0.2113,0.2698,0.0,1,0.0,1,0.0,1,AMC,5,7,940,945
802,201,63,0.6349,0.5108,0.8862,0.2383,0.3333,0.0,2,0.0,2,0.0,2,AMC,5,8,1003,1008
399,100,63,0.7937,0.3769,0.9145,0.2513,0.7937,0.7937,63,0.5455,11,0.6,10,AFL,5,0,499,504
449,113,63,0.6667,0.4762,0.6443,0.2253,0.6667,0.6667,63,0.6667,63,0.6667,63,AFL,5,1,562,567
500,125,63,0.4286,0.4388,4.7682,0.4427,0.5714,0.5,38,0.5,38,0.5,38,AFL,5,2,625,630
550,138,63,0.4921,0.4773,1.7503,0.3415,0.4921,0.4921,63,0.4921,63,0.4921,63,AFL,5,3,688,693
600,151,63,0.6508,0.6489,0.6146,0.2138,0.6349,0.6452,62,0.6452,62,0.7419,31,AFL,5,4,751,756
651,163,63,0.5238,0.4667,2.5705,0.3214,0.5079,0.5556,18,0.5556,18,0.5556,18,AFL,5,5,814,819
701,176,63,0.4762,0.4599,2.8042,0.3326,0.619,0.625,24,0.625,24,0.625,16,AFL,5,6,877,882
752,188,63,0.5873,0.6324,0.7209,0.262,0.4603,0.5306,49,0.5417,48,0.5417,48,AFL,5,7,940,945
802,201,63,0.5873,0.6084,0.6755,0.2412,0.5079,0.5833,36,0.5833,36,,0,AFL,5,8,1003,1008
399,100,63,0.5714,0.6836,0.6998,0.2535,0.5714,0.5714,63,0.5714,63,0.5714,63,ALL,5,0,499,504
449,113,63,0.2857,0.3565,2.0978,0.397,0.3016,0.25,52,0.25,52,0.25,52,ALL,5,1,562,567
500,125,63,0.4921,0.5294,0.7099,0.2583,0.5397,1.0,2,1.0,2,1.0,2,ALL,5,2,625,630
550,138,63,0.5397,0.4722,0.9518,0.2673,0.4286,0.0,2,0.0,2,0.0,2,ALL,5,3,688,693
600,151,63,0.4603,0.5293,2.5657,0.3221,0.6349,0.7143,14,0.7692,13,0.7692,13,ALL,5,4,751,756
651,163,63,0.4762,0.4768,2.4359,0.3401,0.5079,0.4706,17,0.4286,14,0.4286,14,ALL,5,5,814,819
701,176,63,0.5714,0.4737,1.1762,0.2733,0.3968,0.0,2,0.0,2,0.0,2,ALL,5,6,877,882
752,188,63,0.5238,0.5517,0.697,0.2516,0.5397,0.6667,12,0.6667,12,0.6667,12,ALL,5,7,940,945
802,201,63,0.4444,0.4526,0.7016,0.2542,0.4921,0.375,16,0.6,5,,0,ALL,5,8,1003,1008
399,100,63,0.7619,0.3125,0.5995,0.2037,0.7619,0.7619,63,0.7619,63,0.7619,63,AIG,5,0,499,504
449,113,63,0.4286,0.6389,0.8718,0.3304,0.4286,0.4286,63,0.4286,63,0.4286,63,AIG,5,1,562,567
500,125,63,0.5397,0.4754,0.6793,0.2439,0.619,0.6,50,0.5833,36,1.0,2,AIG,5,2,625,630
550,138,63,0.4444,0.3184,1.5624,0.3411,0.4444,0.4444,63,0.0,11,0.0,11,AIG,5,3,688,693
600,151,63,0.6032,0.488,2.3419,0.3132,0.6984,0.6792,53,0.8333,6,0.8333,6,AIG,5,4,751,756
651,163,63,0.4444,0.4153,1.4087,0.2834,0.4127,0.3043,23,0.3529,17,,0,AIG,5,5,814,819
701,176,63,0.5714,0.5,0.6912,0.249,0.4286,,0,,0,,0,AIG,5,6,877,882
752,188,63,0.6032,0.6263,1.0765,0.2327,0.6032,0.6032,63,0.8,20,0.8,20,AIG,5,7,940,945
802,201,63,0.5079,0.7319,0.634,0.2241,0.5079,0.5079,63,0.5079,63,0.8571,21,AIG,5,8,1003,1008
399,100,63,0.254,0.4648,0.8108,0.308,0.7302,0.0,1,0.0,1,0.0,1,AMP,5,0,499,504
449,113,63,0.5079,0.4294,0.9045,0.3166,0.5079,0.5079,63,0.5079,63,0.5079,63,AMP,5,1,562,567
500,125,63,0.8095,0.598,0.4911,0.1652,0.8095,0.8095,63,0.8095,63,0.8095,63,AMP,5,2,625,630
550,138,63,0.4286,0.4748,0.7968,0.2994,0.4286,0.4262,61,0.4074,54,0.4074,54,AMP,5,3,688,693
600,151,63,0.5556,0.6003,0.6937,0.2519,0.5079,0.5345,58,0.5345,58,0.5263,57,AMP,5,4,751,756
651,163,63,0.5238,0.604,0.6794,0.2433,0.5238,0.5238,63,0.8889,9,0.8571,7,AMP,5,5,814,819
701,176,63,0.6349,0.6793,0.8973,0.2429,0.4127,0.5556,27,0.3333,6,0.3333,6,AMP,5,6,877,882
752,188,63,0.6032,0.4785,0.6824,0.2446,0.6825,0.6731,52,0.6731,52,,0,AMP,5,7,940,945
802,201,63,0.4444,0.552,0.7344,0.2702,0.4127,0.4082,49,0.4091,44,0.4091,44,AMP,5,8,1003,1008
399,100,63,0.746,0.7432,0.6346,0.2228,0.5873,0.7333,45,,0,,0,AON,5,0,499,504
449,113,63,0.5079,0.5408,2.6569,0.3594,0.6349,0.7143,21,0.7143,21,0.7143,21,AON,5,1,562,567
500,125,63,0.3968,0.5682,0.8303,0.3153,0.6984,1.0,6,1.0,6,1.0,6,AON,5,2,625,630
550,138,63,0.4921,0.4762,0.7411,0.2729,0.5397,0.5227,44,0.5294,34,0.5294,34,AON,5,3,688,693
600,151,63,0.4127,0.5238,1.0637,0.3125,0.4603,0.4048,42,0.4048,42,0.6667,18,AON,5,4,751,756
651,163,63,0.5556,0.5143,0.6907,0.2488,0.5556,0.5556,63,,0,,0,AON,5,5,814,819
701,176,63,0.5556,0.5328,0.6903,0.2485,0.4762,0.5185,54,,0,,0,AON,5,6,877,882
752,188,63,0.3968,0.5101,0.6627,0.2394,0.4603,0.4237,59,1.0,3,1.0,3,AON,5,7,940,945
802,201,63,0.5079,0.5055,0.6937,0.2503,0.5079,0.5079,63,0.5714,14,0.5833,12,AON,5,8,1003,1008
399,100,63,0.619,0.5532,0.6606,0.2339,0.6032,0.6207,58,0.6207,58,0.6207,58,APO,5,0,499,504
449,113,63,0.6825,0.6547,2.6007,0.2548,0.6508,0.7059,51,0.7059,51,0.7059,51,APO,5,1,562,567
500,125,63,0.1905,0.4615,0.7808,0.2934,0.7937,0.0,1,0.0,1,0.0,1,APO,5,2,625,630
550,138,63,0.5556,0.4582,0.7293,0.2661,0.5556,0.5556,63,0.5556,63,0.5556,63,APO,5,3,688,693
600,151,63,0.381,0.7217,0.8789,0.3256,0.381,0.381,63,0.381,63,0.381,63,APO,5,4,751,756
651,163,63,0.5397,0.536,1.5739,0.2675,0.5397,0.5397,63,0.5789,19,0.5789,19,APO,5,5,814,819
701,176,63,0.4444,0.6566,2.0332,0.2807,0.4444,0.4444,63,0.625,24,0.6818,22,APO,5,6,877,882
752,188,63,0.6349,0.6224,0.6331,0.2232,0.4286,0.8333,6,1.0,3,1.0,3,APO,5,7,940,945
802,201,63,0.4444,0.4722,0.9125,0.2521,0.4762,0.3333,15,0.5714,7,0.5714,7,APO,5,8,1003,1008
399,100,63,0.4921,0.5538,0.6788,0.2448,0.6984,0.7308,26,0.7308,26,0.7308,26,ACGL,5,0,499,504
449,113,63,0.4127,0.4289,5.6796,0.4694,0.3968,0.3696,46,0.3333,39,0.3333,39,ACGL,5,1,562,567
500,125,63,0.5238,0.4574,0.7268,0.2643,0.5397,0.5345,58,0.5345,58,0.3333,3,ACGL,5,2,625,630
550,138,63,0.4444,0.6163,1.3256,0.2519,0.4444,0.4444,63,0.75,12,0.75,12,ACGL,5,3,688,693
600,151,63,0.4286,0.4891,0.7525,0.2714,0.5873,0.5333,15,0.5333,15,0.0,2,ACGL,5,4,751,756
651,163,63,0.4444,0.4631,0.7379,0.2708,0.4762,0.4545,55,0.4571,35,,0,ACGL,5,5,814,819
701,176,63,0.5397,0.5,0.6902,0.2485,0.5397,0.5397,63,,0,,0,ACGL,5,6,877,882
752,188,63,0.619,0.5353,0.6756,0.2412,0.6032,0.6167,60,,0,,0,ACGL,5,7,940,945
802,201,63,0.5714,0.5233,5.0137,0.3745,0.4603,0.5556,18,0.5556,18,,0,ACGL,5,8,1003,1008
399,100,63,0.4762,0.6263,0.7715,0.281,0.4762,0.4762,63,0.5556,36,0.5556,36,ARES,5,0,499,504
449,113,63,0.5238,0.7131,1.7567,0.2587,0.5238,0.5238,63,0.5238,63,0.7037,27,ARES,5,1,562,567
500,125,63,0.5397,0.6154,0.672,0.2464,0.7143,0.7857,28,0.7857,28,0.9444,18,ARES,5,2,625,630
550,138,63,0.6349,0.6476,0.6354,0.223,0.5873,0.6296,54,1.0,7,1.0,7,ARES,5,3,688,693
600,151,63,0.5079,0.5302,5.517,0.4455,0.5079,0.5079,63,0.5079,63,0.5079,63,ARES,5,4,751,756
651,163,63,0.6508,0.4907,0.6714,0.2348,0.6825,0.678,59,0.678,59,0.6786,56,ARES,5,5,814,819
701,176,63,0.4762,0.5576,0.7292,0.2675,0.4762,0.4762,63,0.4762,63,0.5091,55,ARES,5,6,877,882
752,188,63,0.4762,0.5147,0.6924,0.2498,0.4603,0.4677,62,,0,,0,ARES,5,7,940,945
802,201,63,0.4444,0.3311,1.7371,0.407,0.4444,0.4444,63,0.4444,63,0.36,50,ARES,5,8,1003,1008
399,100,63,0.6667,0.7073,1.7512,0.2482,0.5714,0.6471,51,0.7674,43,0.5,10,AJG,5,0,499,504
449,113,63,0.6508,0.8398,0.6974,0.2399,0.746,1.0,25,1.0,22,1.0,22,AJG,5,1,562,567
500,125,63,0.3968,0.4077,0.9186,0.3421,0.5556,0.4595,37,0.4571,35,0.4571,35,AJG,5,2,625,630
550,138,63,0.6032,0.4747,0.7496,0.27,0.6032,0.6032,63,0.6032,63,0.6032,63,AJG,5,3,688,693
600,151,63,0.6667,0.5455,0.6471,0.2272,0.6508,0.6613,62,0.6613,62,0.6721,61,AJG,5,4,751,756
651,163,63,0.4762,0.5417,0.7066,0.2568,0.4286,0.45,60,0.45,60,,0,AJG,5,5,814,819
701,176,63,0.4921,0.5,0.705,0.2559,0.4921,0.4921,63,0.4921,63,,0,AJG,5,6,877,882
752,188,63,0.3968,0.3921,0.837,0.3171,0.3968,0.3968,63,0.325,40,0.325,40,AJG,5,7,940,945
802,201,63,0.6825,0.6986,0.6541,0.2306,0.5079,0.6429,42,0.6585,41,,0,AJG,5,8,1003,1008
399,100,63,0.5714,0.3004,1.6894,0.3643,0.5714,0.5714,63,0.5714,63,0.5192,52,AIZ,5,0,499,504
449,113,63,0.6032,0.6736,0.6574,0.2332,0.4127,0.5106,47,0.5106,47,0.5333,30,AIZ,5,1,562,567
500,125,63,0.4444,0.5224,1.2248,0.2991,0.619,0.5909,22,0.8889,9,0.8889,9,AIZ,5,2,625,630
550,138,63,0.3968,0.4017,1.6953,0.3144,0.4921,0.4286,49,,0,,0,AIZ,5,3,688,693
600,151,63,0.4444,0.5893,0.6882,0.2491,0.4444,0.4444,63,1.0,5,1.0,1,AIZ,5,4,751,756
651,163,63,0.5079,0.5071,1.4043,0.2833,0.4444,0.4118,17,0.4118,17,0.4545,11,AIZ,5,5,814,819
701,176,63,0.4603,0.6054,0.754,0.2797,0.6349,0.875,8,0.875,8,0.875,8,AIZ,5,6,877,882
752,188,63,0.4444,0.5153,0.7173,0.262,0.5556,0.5,6,,0,,0,AIZ,5,7,940,945
802,201,63,0.7143,0.6005,0.5989,0.205,0.6984,0.7097,62,0.7097,62,0.7742,31,AIZ,5,8,1003,1008
399,100,63,0.7143,0.5459,0.8908,0.2413,0.6667,0.7,60,0.3333,3,0.3333,3,BAC,5,0,499,504
449,113,63,0.8571,0.9007,0.9117,0.1693,0.5714,0.9355,31,0.9355,31,0.9167,12,BAC,5,1,562,567
500,125,63,0.4127,0.6757,6.2573,0.5426,0.619,0.75,4,0.75,4,0.75,4,BAC,5,2,625,630
550,138,63,0.5714,0.5283,0.6651,0.2362,0.6349,0.6667,39,0.6667,39,0.6579,38,BAC,5,3,688,693
600,151,63,0.5238,0.8328,2.2869,0.3149,0.5238,0.5238,63,0.5238,63,0.5161,62,BAC,5,4,751,756
651,163,63,0.6508,0.5,0.689,0.2479,0.6508,0.6508,63,,0,,0,BAC,5,5,814,819
701,176,63,0.4286,0.3713,0.7897,0.2962,0.6667,0.575,40,,0,,0,BAC,5,6,877,882
752,188,63,0.5873,0.5,0.6778,0.2424,0.5873,0.5873,63,0.5873,63,,0,BAC,5,7,940,945
802,201,63,0.3968,0.4805,0.7872,0.2952,0.3968,0.3968,63,0.3968,63,0.3889,36,BAC,5,8,1003,1008
399,100,63,0.4603,0.447,0.7145,0.2606,0.5238,0.4615,13,,0,,0,BLK,5,0,499,504
449,113,63,0.381,0.5033,0.7095,0.2582,0.6349,0.6667,3,0.6667,3,0.6667,3,BLK,5,1,562,567
500,125,63,0.7302,0.6784,0.592,0.2007,0.7302,0.7302,63,0.7419,62,0.8108,37,BLK,5,2,625,630
550,138,63,0.381,0.3558,2.9135,0.3833,0.4921,0.4231,52,0.4314,51,0.4043,47,BLK,5,3,688,693
600,151,63,0.4762,0.696,3.0341,0.3468,0.4762,0.4762,63,0.5263,57,0.5263,57,BLK,5,4,751,756
651,163,63,0.6984,0.6714,0.6376,0.2243,0.7302,0.814,43,0.8148,27,1.0,6,BLK,5,5,814,819
701,176,63,0.5714,0.6029,0.675,0.241,0.5714,0.5714,63,0.6296,54,,0,BLK,5,6,877,882
752,188,63,0.6349,0.6526,0.6673,0.2374,0.5397,0.641,39,1.0,3,1.0,3,BLK,5,7,940,945
802,201,63,0.5873,0.5494,2.0571,0.2856,0.5873,0.6,55,0.6111,54,0.6458,48,BLK,5,8,1003,1008
399,100,63,0.5079,0.5741,1.5728,0.2658,0.5079,0.5079,63,0.6923,13,0.6923,13,BX,5,0,499,504
449,113,63,0.5397,0.4255,3.4917,0.3537,0.5397,0.5397,63,0.4286,21,0.4286,21,BX,5,1,562,567
500,125,63,0.4286,0.5051,1.0651,0.3083,0.5714,,0,,0,,0,BX,5,2,625,630
550,138,63,0.5556,0.5411,0.7032,0.2543,0.5397,0.5556,54,0.5652,46,0.5652,46,BX,5,3,688,693
600,151,63,0.4603,0.539,0.7481,0.2766,0.4603,0.4603,63,0.4603,63,0.4821,56,BX,5,4,751,756
651,163,63,0.6508,0.5122,0.6829,0.2451,0.6508,0.6508,63,1.0,1,1.0,1,BX,5,5,814,819
701,176,63,0.3968,0.4546,0.8192,0.3073,0.381,0.3871,62,0.3871,62,0.3704,27,BX,5,6,877,882
752,188,63,0.4762,0.5687,0.6926,0.2497,0.4762,0.4762,63,,0,,0,BX,5,7,940,945
802,201,63,0.4921,0.501,0.6925,0.2498,0.4762,0.4839,62,0.3333,3,,0,BX,5,8,1003,1008
399,100,63,0.381,0.3559,0.7217,0.2642,0.6508,0.5294,34,0.5294,34,,0,BRO,5,0,499,504
449,113,63,0.6508,0.5937,0.642,0.225,0.6508,0.6508,63,0.6508,63,0.6905,42,BRO,5,1,562,567
500,125,63,0.6667,0.3849,0.6457,0.2263,0.6667,0.6667,63,0.6667,63,0.6667,63,BRO,5,2,625,630
550,138,63,0.5079,0.3798,1.5297,0.3307,0.5238,0.5161,62,0.434,53,0.434,53,BRO,5,3,688,693
600,151,63,0.6667,0.735,0.6195,0.2154,0.6508,0.6667,60,0.76,50,1.0,4,BRO,5,4,751,756
651,163,63,0.381,0.3853,0.7794,0.2908,0.3968,0.375,56,0.2683,41,0.4545,11,BRO,5,5,814,819
701,176,63,0.4603,0.4929,1.6314,0.2873,0.4603,0.4603,63,0.4286,7,0.4286,7,BRO,5,6,877,882
752,188,63,0.3492,0.5,0.7158,0.2613,0.3492,0.3492,63,,0,,0,BRO,5,7,940,945
802,201,63,0.5714,0.5,0.686,0.2464,0.4286,,0,,0,,0,BRO,5,8,1003,1008
399,100,63,0.5556,0.5,0.687,0.2469,0.5556,0.5556,63,0.5556,63,,0,COF,5,0,499,504
449,113,63,0.4762,0.5657,0.737,0.2711,0.4762,0.4762,63,0.4762,63,0.5098,51,COF,5,1,562,567
500,125,63,0.6984,0.4741,1.1512,0.2623,0.7143,0.7167,60,,0,,0,COF,5,2,625,630
550,138,63,0.4921,0.4229,0.7117,0.2591,0.4921,0.4921,63,0.1429,7,0.1667,6,COF,5,3,688,693
600,151,63,0.4286,0.3093,1.2541,0.3099,0.5397,0.48,50,0.48,50,0.3714,35,COF,5,4,751,756
651,163,63,0.5556,0.5,0.689,0.2479,0.5556,0.5556,63,,0,,0,COF,5,5,814,819
701,176,63,0.5397,0.499,0.6968,0.2518,0.4921,0.52,50,0.4762,42,,0,COF,5,6,877,882
752,188,63,0.3651,0.3431,1.0212,0.305,0.5714,0.4375,32,0.4516,31,,0,COF,5,7,940,945
802,201,63,0.4127,0.4995,0.8592,0.3016,0.381,0.3934,61,0.3947,38,0.3846,13,COF,5,8,1003,1008
399,100,63,0.5556,0.5607,0.7701,0.2769,0.5556,0.5556,63,0.5556,63,0.5556,63,CBOE,5,0,499,504
449,113,63,0.5079,0.5183,1.1805,0.2754,0.4603,0.4688,32,0.4688,32,0.75,4,CBOE,5,1,562,567
500,125,63,0.4762,0.4985,0.7145,0.2605,0.5238,,0,,0,,0,CBOE,5,2,625,630
550,138,63,0.4921,0.3121,0.7582,0.2812,0.5238,0.5088,57,0.3077,26,0.3077,26,CBOE,5,3,688,693
600,151,63,0.5397,0.5932,0.7006,0.2532,0.6032,0.7143,21,0.3333,3,0.3333,3,CBOE,5,4,751,756
651,163,63,0.4603,0.5802,2.9354,0.3899,0.6825,0.8462,13,0.8462,13,0.8462,13,CBOE,5,5,814,819
701,176,63,0.4603,0.5989,0.7209,0.2642,0.4603,0.4603,63,0.4912,57,0.4783,23,CBOE,5,6,877,882
752,188,63,0.5238,0.4657,1.709,0.307,0.5079,0.5625,16,0.5625,16,0.5625,16,CBOE,5,7,940,945
802,201,63,0.6667,0.6944,0.6978,0.232,0.7143,0.8158,38,0.8276,29,0.8276,29,CBOE,5,8,1003,1008
399,100,63,0.3651,0.5237,8.306,0.5827,0.7302,0.8,10,,0,,0,SCHW,5,0,499,504
449,113,63,0.5079,0.4758,0.6989,0.2529,0.5079,0.5079,63,0.375,8,,0,SCHW,5,1,562,567
500,125,63,0.5238,0.5237,1.8612,0.2956,0.5238,0.5238,63,0.5238,63,0.5238,63,SCHW,5,2,625,630
550,138,63,0.5556,0.4567,0.7062,0.256,0.619,0.5965,57,0.5965,57,,0,SCHW,5,3,688,693
600,151,63,0.5079,0.4335,0.7025,0.2547,0.5079,0.5102,49,,0,,0,SCHW,5,4,751,756
651,163,63,0.7143,0.6438,0.664,0.2355,0.7143,0.7755,49,1.0,2,1.0,2,SCHW,5,5,814,819
701,176,63,0.4762,0.4478,0.8447,0.3129,0.4603,0.4677,62,0.4677,62,0.4773,44,SCHW,5,6,877,882
752,188,63,0.5873,0.5043,0.6914,0.2487,0.619,0.6182,55,0.6111,54,0.625,16,SCHW,5,7,940,945
802,201,63,0.5714,0.5857,0.7199,0.2606,0.4444,0.5106,47,0.5106,47,0.5106,47,SCHW,5,8,1003,1008
399,100,63,0.5238,0.4818,0.7267,0.2651,0.5238,0.5238,63,0.5238,63,0.5238,63,CB,5,0,499,504
449,113,63,0.5397,0.4782,0.6933,0.2501,0.5397,0.5397,63,0.5273,55,,0,CB,5,1,562,567
500,125,63,0.5873,0.5551,0.6546,0.2343,0.5873,0.5873,63,0.6207,29,0.8333,6,CB,5,2,625,630
550,138,63,0.4921,0.5593,1.6725,0.3105,0.4127,0.4348,46,0.4348,46,0.4348,46,CB,5,3,688,693
600,151,63,0.6349,0.5516,2.1994,0.3266,0.6667,0.7317,41,0.6,5,0.6,5,CB,5,4,751,756
651,163,63,0.5714,0.534,1.6386,0.2878,0.4286,0.5,22,0.5,22,0.5,22,CB,5,5,814,819
701,176,63,0.381,0.5087,0.714,0.2606,0.6349,1.0,1,1.0,1,1.0,1,CB,5,6,877,882
752,188,63,0.6349,0.5364,0.6834,0.2453,0.6349,0.6349,63,0.5556,9,0.4286,7,CB,5,7,940,945
802,201,63,0.5714,0.5413,0.6948,0.2504,0.4921,0.5769,26,0.5769,26,0.5263,19,CB,5,8,1003,1008
399,100,63,0.381,0.5,0.9132,0.3508,0.619,,0,,0,,0,CINF,5,0,499,504
449,113,63,0.4286,0.4244,3.7681,0.3811,0.4921,0.439,41,0.439,41,,0,CINF,5,1,562,567
500,125,63,0.6667,0.5425,1.2973,0.2363,0.6667,0.6667,63,0.6667,63,0.7692,13,CINF,5,2,625,630
550,138,63,0.3968,0.6516,1.4068,0.2791,0.3968,0.3968,63,0.6471,17,0.6471,17,CINF,5,3,688,693
600,151,63,0.6349,0.7239,1.4404,0.2082,0.6349,0.6491,57,0.8529,34,0.875,32,CINF,5,4,751,756
651,163,63,0.5556,0.5803,0.7291,0.2673,0.5238,0.5676,37,0.5769,26,0.56,25,CINF,5,5,814,819
701,176,63,0.7302,0.7383,0.5905,0.2009,0.5556,0.68,50,0.68,50,0.68,50,CINF,5,6,877,882
752,188,63,0.5238,0.5538,0.6866,0.2466,0.4603,0.4815,27,0.5714,14,0.6154,13,CINF,5,7,940,945
802,201,63,0.5397,0.5852,0.8044,0.2948,0.4603,0.5,48,0.4894,47,0.4894,47,CINF,5,8,1003,1008
399,100,63,0.619,0.4151,0.6764,0.2412,0.619,0.619,63,0.619,63,0.619,63,C,5,0,499,504
449,113,63,0.4921,0.4259,0.756,0.2788,0.4921,0.4921,63,0.4921,63,0.4921,63,C,5,1,562,567
500,125,63,0.5556,0.477,2.5608,0.3173,0.619,0.6122,49,0.6122,49,,0,C,5,2,625,630
550,138,63,0.6508,0.5316,0.65,0.2287,0.6508,0.6508,63,0.6508,63,0.6667,51,C,5,3,688,693
600,151,63,0.5714,0.5832,0.8915,0.2504,0.5556,0.5645,62,0.55,60,0.55,60,C,5,4,751,756
651,163,63,0.6984,0.6531,0.6103,0.2097,0.6984,0.7049,61,0.7593,54,0.7547,53,C,5,5,814,819
701,176,63,0.5556,0.5094,1.182,0.2751,0.5873,0.5918,49,0.5918,49,0.5918,49,C,5,6,877,882
752,188,63,0.6508,0.49,0.668,0.2369,0.6508,0.6508,63,0.6415,53,0.6667,15,C,5,7,940,945
802,201,63,0.3968,0.537,1.1013,0.3291,0.4286,0.4098,61,0.4098,61,0.4098,61,C,5,8,1003,1008
399,100,63,0.4762,0.4321,1.2597,0.3021,0.5556,0.5179,56,,0,,0,CFG,5,0,499,504
449,113,63,0.6349,0.5978,0.6554,0.2316,0.6349,0.6349,63,0.6923,26,0.6923,26,CFG,5,1,562,567
500,125,63,0.4921,0.4172,2.4351,0.3501,0.619,0.5745,47,0.5745,47,0.625,8,CFG,5,2,625,630
550,138,63,0.5714,0.5,0.6829,0.2449,0.5714,0.5714,63,0.5714,63,,0,CFG,5,3,688,693
600,151,63,0.5873,0.7571,1.5121,0.249,0.5079,0.56,50,0.56,50,0.5833,48,CFG,5,4,751,756
651,163,63,0.7143,0.6478,0.6178,0.2133,0.6349,0.7115,52,0.6875,48,0.7174,46,CFG,5,5,814,819
701,176,63,0.381,0.3974,1.7788,0.33,0.619,,0,,0,,0,CFG,5,6,877,882
752,188,63,0.2857,0.4923,0.6969,0.2519,0.7302,0.6667,3,,0,,0,CFG,5,7,940,945
802,201,63,0.3968,0.6653,1.2754,0.3214,0.3968,0.3968,63,0.3968,63,0.3968,63,CFG,5,8,1003,1008
399,100,63,0.4286,0.4615,6.5249,0.4676,0.4603,0.4222,45,0.4091,44,0.4091,44,CME,5,0,499,504
449,113,63,0.5397,0.5342,0.6814,0.2373,0.3968,0.4091,22,1.0,4,1.0,4,CME,5,1,562,567
500,125,63,0.3651,0.5337,2.3285,0.3836,0.6349,,0,,0,,0,CME,5,2,625,630
550,138,63,0.6984,0.7523,0.6886,0.2477,0.6825,0.9286,28,,0,,0,CME,5,3,688,693
600,151,63,0.5556,0.6377,0.6529,0.2322,0.7143,0.7931,29,0.7931,29,0.7857,28,CME,5,4,751,756
651,163,63,0.5397,0.4712,0.7381,0.2706,0.5714,0.5574,61,0.5345,58,0.5345,58,CME,5,5,814,819
701,176,63,0.4444,0.5806,1.0114,0.2955,0.4444,0.4444,63,0.4444,63,0.4444,63,CME,5,6,877,882
752,188,63,0.5556,0.4647,0.719,0.2615,0.6349,0.6071,56,0.6071,56,1.0,1,CME,5,7,940,945
802,201,63,0.381,0.391,0.7688,0.2869,0.4603,0.375,40,0.375,40,,0,CME,5,8,1003,1008
399,100,63,0.5397,0.5233,0.8005,0.296,0.5397,0.5397,63,0.5397,63,0.5397,63,ERIE,5,0,499,504
449,113,63,0.5556,0.4612,2.9936,0.3249,0.5556,0.5556,63,0.5556,63,0.5172,29,ERIE,5,1,562,567
500,125,63,0.5873,0.5135,0.6783,0.2427,0.5873,0.5873,63,1.0,1,1.0,1,ERIE,5,2,625,630
550,138,63,0.4286,0.6183,0.7064,0.2566,0.4286,0.4286,63,0.45,60,0.5556,9,ERIE,5,3,688,693
600,151,63,0.619,0.6487,2.173,0.2567,0.4286,0.5556,27,0.5556,18,0.625,8,ERIE,5,4,751,756
651,163,63,0.4286,0.4128,0.7695,0.2864,0.5556,0.4848,33,,0,,0,ERIE,5,5,814,819
701,176,63,0.5079,0.464,0.7419,0.2737,0.3492,0.3043,23,0.3043,23,0.3043,23,ERIE,5,6,877,882
752,188,63,0.6508,0.6435,0.6701,0.2386,0.5397,0.6364,44,0.6667,12,0.6667,12,ERIE,5,7,940,945
802,201,63,0.5238,0.4189,0.7152,0.2604,0.3968,0.2727,11,1.0,1,1.0,1,ERIE,5,8,1003,1008
399,100,63,0.4444,0.5265,2.0797,0.302,0.4444,0.4444,63,0.45,20,0.45,20,FDS,5,0,499,504
449,113,63,0.5079,0.5372,0.6904,0.2486,0.5556,0.5556,36,0.5758,33,0.6429,28,FDS,5,1,562,567
500,125,63,0.5873,0.656,3.4164,0.3255,0.619,0.76,25,0.76,25,0.76,25,FDS,5,2,625,630
550,138,63,0.4286,0.4939,0.728,0.2697,0.5238,0.4483,29,0.4483,29,0.5,20,FDS,5,3,688,693
600,151,63,0.5079,0.5,0.7002,0.2535,0.5079,0.5079,63,0.5079,63,,0,FDS,5,4,751,756
651,163,63,0.3651,0.5305,2.5828,0.3323,0.3016,0.322,59,0.3158,19,0.2857,14,FDS,5,5,814,819
701,176,63,0.4286,0.7054,1.5979,0.27,0.3651,0.3725,51,0.6667,21,0.7,20,FDS,5,6,877,882
752,188,63,0.6667,0.7056,0.6188,0.2183,0.4762,0.8462,13,1.0,4,1.0,4,FDS,5,7,940,945
802,201,63,0.5556,0.6316,0.6751,0.2414,0.4444,,0,,0,,0,FDS,5,8,1003,1008
399,100,63,0.6032,0.4615,2.3174,0.3031,0.6667,0.6604,53,0.66,50,0.66,50,FIS,5,0,499,504
449,113,63,0.4762,0.5247,0.9782,0.2819,0.4921,0.4839,62,0.4839,62,0.4839,62,FIS,5,1,562,567
500,125,63,0.746,0.5,0.6309,0.2191,0.746,0.746,63,0.746,63,,0,FIS,5,2,625,630
550,138,63,0.3968,0.5,0.7824,0.2934,0.3968,0.3968,63,0.3968,63,0.3968,63,FIS,5,3,688,693
600,151,63,0.5397,0.7125,2.0467,0.2873,0.5397,0.5397,63,0.5397,63,0.62,50,FIS,5,4,751,756
651,163,63,0.4603,0.3737,0.8311,0.3121,0.5238,0.4615,13,0.4615,13,0.4615,13,FIS,5,5,814,819
701,176,63,0.4286,0.4805,3.1483,0.383,0.4286,0.4286,63,0.45,60,0.4483,58,FIS,5,6,877,882
752,188,63,0.4603,0.547,0.692,0.2494,0.381,0.4074,54,,0,,0,FIS,5,7,940,945
802,201,63,0.5556,0.5,0.6891,0.248,0.4444,,0,,0,,0,FIS,5,8,1003,1008
399,100,63,0.5079,0.5337,4.0187,0.3871,0.619,0.75,16,0.75,16,0.75,16,FITB,5,0,499,504
449,113,63,0.5238,0.5894,0.6605,0.2383,0.4762,0.5,60,0.52,25,0.625,16,FITB,5,1,562,567
500,125,63,0.6032,0.4711,0.6922,0.2495,0.6032,0.6032,63,,0,,0,FITB,5,2,625,630
550,138,63,0.4444,0.5283,0.705,0.2594,0.4286,0.431,58,0.4324,37,0.4324,37,FITB,5,3,688,693
600,151,63,0.5397,0.712,2.3929,0.2607,0.5397,0.5397,63,0.7027,37,0.7429,35,FITB,5,4,751,756
651,163,63,0.5079,0.5999,0.7275,0.263,0.5397,1.0,3,1.0,3,1.0,3,FITB,5,5,814,819
701,176,63,0.5079,0.5566,0.6914,0.2513,0.4762,0.4898,49,0.5,8,,0,FITB,5,6,877,882
752,188,63,0.6349,0.4501,0.688,0.2473,0.6508,0.6667,54,0.4286,7,0.4286,7,FITB,5,7,940,945
802,201,63,0.4603,0.409,0.7656,0.2845,0.4127,0.3889,36,0.3889,36,0.3889,36,FITB,5,8,1003,1008
399,100,63,0.5079,0.5635,1.2388,0.3022,0.5079,1.0,1,1.0,1,1.0,1,BEN,5,0,499,504
449,113,63,0.3651,0.5201,6.1387,0.4904,0.4286,0.3818,55,0.3818,55,0.3818,55,BEN,5,1,562,567
500,125,63,0.7143,0.7672,0.6468,0.227,0.5397,0.8636,22,0.8636,22,,0,BEN,5,2,625,630
550,138,63,0.4921,0.4101,0.7748,0.2881,0.5238,1.0,1,1.0,1,1.0,1,BEN,5,3,688,693
600,151,63,0.6667,0.7742,0.5904,0.2023,0.5238,0.6304,46,0.8333,24,0.8333,24,BEN,5,4,751,756
651,163,63,0.3968,0.5778,0.7023,0.2547,0.7143,1.0,7,1.0,7,1.0,5,BEN,5,5,814,819
701,176,63,0.4286,0.625,0.6651,0.2393,0.3651,0.3898,59,1.0,2,1.0,2,BEN,5,6,877,882
752,188,63,0.5079,0.4038,1.3133,0.3328,0.7778,0.7647,34,0.7333,30,,0,BEN,5,7,940,945
802,201,63,0.5079,0.4526,0.7776,0.2844,0.5079,0.5079,63,0.5079,63,0.5079,63,BEN,5,8,1003,1008
399,100,63,0.5873,0.5685,1.3845,0.2752,0.3651,0.4286,21,0.4286,21,0.4286,21,GPN,5,0,499,504
449,113,63,0.381,0.5769,8.4906,0.5802,0.381,0.381,63,0.381,63,0.381,63,GPN,5,1,562,567
500,125,63,0.381,0.5815,1.2649,0.3187,0.6508,1.0,2,1.0,2,1.0,2,GPN,5,2,625,630
550,138,63,0.5397,0.4422,1.3922,0.3329,0.4603,,0,,0,,0,GPN,5,3,688,693
600,151,63,0.4762,0.7484,4.1877,0.3905,0.4127,0.4407,59,0.4407,59,0.4407,59,GPN,5,4,751,756
651,163,63,0.6825,0.5833,0.6426,0.225,0.619,0.661,59,0.661,59,,0,GPN,5,5,814,819
701,176,63,0.5238,0.5084,0.7255,0.265,0.3968,0.3333,15,0.3333,15,0.3333,15,GPN,5,6,877,882
752,188,63,0.5238,0.5298,1.1352,0.2587,0.4286,0.4651,43,,0,,0,GPN,5,7,940,945
802,201,63,0.4286,0.6065,0.734,0.2692,0.3651,0.3898,59,0.4688,32,0.4762,21,GPN,5,8,1003,1008
399,100,63,0.4603,0.6425,2.314,0.3178,0.4603,0.4603,63,0.4603,63,0.4706,51,GL,5,0,499,504
449,113,63,0.4762,0.5,0.6958,0.2513,0.4762,0.4762,63,,0,,0,GL,5,1,562,567
500,125,63,0.4127,0.6128,0.7012,0.257,0.6825,0.875,8,1.0,2,1.0,2,GL,5,2,625,630
550,138,63,0.7143,0.5938,0.6368,0.223,0.7143,0.7143,63,0.7917,24,1.0,7,GL,5,3,688,693
600,151,63,0.5714,0.5628,0.7241,0.2621,0.5714,0.5714,63,0.5714,63,0.5918,49,GL,5,4,751,756
651,163,63,0.5873,0.576,0.6601,0.2349,0.5556,0.5818,55,0.6,15,0.6923,13,GL,5,5,814,819
701,176,63,0.4603,0.4752,0.7411,0.2723,0.4603,0.4603,63,0.4483,29,0.4286,28,GL,5,6,877,882
752,188,63,0.4603,0.4449,0.7032,0.255,0.5556,0.5556,9,,0,,0,GL,5,7,940,945
802,201,63,0.6349,0.6076,2.1062,0.3056,0.6349,0.7179,39,,0,,0,GL,5,8,1003,1008
399,100,63,0.6825,0.5,0.641,0.2242,0.6825,0.6825,63,0.6825,63,,0,GS,5,0,499,504
449,113,63,0.5873,0.5172,0.76,0.2733,0.5873,0.5873,63,0.5873,63,0.5873,63,GS,5,1,562,567
500,125,63,0.6032,0.5132,0.6746,0.2407,0.6032,0.6032,63,0.6032,63,0.6032,63,GS,5,2,625,630
550,138,63,0.5238,0.3194,0.7322,0.2684,0.5714,0.5536,56,0.5536,56,0.5536,56,GS,5,3,688,693
600,151,63,0.5238,0.6773,0.6985,0.2529,0.5238,0.5238,63,0.5161,62,0.5536,56,GS,5,4,751,756
651,163,63,0.6984,0.4747,0.6884,0.2476,0.7143,0.7241,58,,0,,0,GS,5,5,814,819
701,176,63,0.5079,0.6449,0.6658,0.2383,0.4762,0.4918,61,0.6,30,0.6,30,GS,5,6,877,882
752,188,63,0.5714,0.5183,0.6724,0.2397,0.6508,0.6458,48,0.6458,48,0.6383,47,GS,5,7,940,945
802,201,63,0.4127,0.4415,2.0011,0.3483,0.4921,0.4444,54,0.4211,38,0.4211,38,GS,5,8,1003,1008
399,100,63,0.746,0.3677,0.6361,0.2223,0.746,0.746,63,0.6957,46,0.6957,46,HIG,5,0,499,504
449,113,63,0.4921,0.6578,0.971,0.3549,0.4921,0.4921,63,0.4921,63,0.4921,63,HIG,5,1,562,567
500,125,63,0.7778,0.7135,0.5674,0.1863,0.6984,0.7885,52,0.8,50,0.8,50,HIG,5,2,625,630
550,138,63,0.5079,0.3266,0.7443,0.2745,0.5079,0.5079,63,0.4706,51,0.4706,51,HIG,5,3,688,693
600,151,63,0.7619,0.5924,0.5998,0.204,0.7619,0.7705,61,0.7966,59,0.8049,41,HIG,5,4,751,756
651,163,63,0.5238,0.5464,0.7058,0.2574,0.4921,0.5082,61,0.5082,61,0.5082,61,HIG,5,5,814,819
701,176,63,0.5556,0.5953,0.663,0.2372,0.5397,0.5484,62,0.5789,57,1.0,3,HIG,5,6,877,882
752,188,63,0.5397,0.5561,0.9015,0.2481,0.5556,0.55,60,0.569,58,0.569,58,HIG,5,7,940,945
802,201,63,0.381,0.4744,0.7383,0.2724,0.381,0.381,63,0.381,63,0.0,1,HIG,5,8,1003,1008
399,100,63,0.3651,0.4108,2.2298,0.3571,0.6508,0.6,5,0.5,4,0.0,2,HBAN,5,0,499,504
449,113,63,0.5714,0.6373,0.8824,0.2404,0.5714,0.5714,63,0.5714,63,0.7241,29,HBAN,5,1,562,567
500,125,63,0.6508,0.4606,0.8901,0.2396,0.6508,0.6508,63,0.6508,63,0.6508,63,HBAN,5,2,625,630
550,138,63,0.5238,0.504,0.7152,0.2604,0.4762,0.5,8,0.5,4,0.0,2,HBAN,5,3,688,693
600,151,63,0.5238,0.5758,0.6539,0.2373,0.5238,0.5238,63,0.5238,63,1.0,5,HBAN,5,4,751,756
651,163,63,0.4921,0.4235,0.7422,0.2739,0.5556,0.7143,7,,0,,0,HBAN,5,5,814,819
701,176,63,0.5873,0.52,1.4103,0.2807,0.3968,0.4615,13,0.25,8,0.25,8,HBAN,5,6,877,882
752,188,63,0.3968,0.525,0.7583,0.2821,0.6349,1.0,2,1.0,1,1.0,1,HBAN,5,7,940,945
802,201,63,0.3651,0.4951,1.2141,0.2921,0.3651,0.3651,63,0.3684,57,0.0,2,HBAN,5,8,1003,1008
399,100,63,0.2698,0.6277,9.0633,0.6374,0.746,1.0,1,,0,,0,IBKR,5,0,499,504
449,113,63,0.4286,0.4583,0.9334,0.3538,0.4286,0.4286,63,0.4286,63,0.4286,63,IBKR,5,1,562,567
500,125,63,0.7937,0.7277,0.5822,0.1953,0.7937,0.8936,47,0.8936,47,0.8936,47,IBKR,5,2,625,630
550,138,63,0.7302,0.6214,0.8208,0.2086,0.6508,0.7143,56,0.7143,56,0.7143,56,IBKR,5,3,688,693
600,151,63,0.5238,0.5914,0.7493,0.2756,0.4762,0.5,58,0.4808,52,0.5217,46,IBKR,5,4,751,756
651,163,63,0.4921,0.4457,0.688,0.2478,0.7143,0.697,33,0.697,33,0.697,33,IBKR,5,5,814,819
701,176,63,0.6032,0.4353,0.9301,0.2588,0.6032,0.6032,63,0.5938,32,0.5938,32,IBKR,5,6,877,882
752,188,63,0.5556,0.4847,0.6885,0.2485,0.5556,0.5556,63,0.5556,63,0.5,10,IBKR,5,7,940,945
802,201,63,0.5238,0.3753,1.5015,0.3122,0.5238,0.5238,63,0.5238,63,0.5238,63,IBKR,5,8,1003,1008
399,100,63,0.5397,0.5146,0.7027,0.2544,0.5873,0.5833,48,0.5833,48,,0,ICE,5,0,499,504
449,113,63,0.6984,0.5502,0.626,0.2166,0.6984,0.6984,63,0.6984,63,0.7407,27,ICE,5,1,562,567
500,125,63,0.7302,0.7356,0.6327,0.2183,0.6984,0.7872,47,0.8182,44,0.8372,43,ICE,5,2,625,630
550,138,63,0.5079,0.3653,0.8284,0.3059,0.5556,0.537,54,0.5283,53,0.5283,53,ICE,5,3,688,693
600,151,63,0.6032,0.4582,1.3803,0.2666,0.6349,0.6271,59,0.6471,51,0.6471,51,ICE,5,4,751,756
651,163,63,0.6667,0.4405,0.6637,0.2351,0.6667,0.6667,63,0.6667,63,0.25,4,ICE,5,5,814,819
701,176,63,0.1905,0.5882,0.9957,0.3859,0.1905,0.1905,63,0.1905,63,0.1905,63,ICE,5,6,877,882
752,188,63,0.2381,0.5,0.6989,0.2529,0.7619,,0,,0,,0,ICE,5,7,940,945
802,201,63,0.4603,0.5,0.7149,0.2608,0.4603,0.4603,63,0.4603,63,,0,ICE,5,8,1003,1008
399,100,63,0.4603,0.449,0.7195,0.2629,0.5238,0.4872,39,0.4595,37,0.4667,30,IVZ,5,0,499,504
449,113,63,0.5556,0.5321,0.6855,0.2462,0.5556,0.5556,63,0.5833,36,,0,IVZ,5,1,562,567
500,125,63,0.5873,0.5804,3.9228,0.3586,0.6508,0.6923,39,0.8,5,0.8,5,IVZ,5,2,625,630
550,138,63,0.6349,0.64,0.6693,0.2377,0.4603,0.6071,28,0.6071,28,,0,IVZ,5,3,688,693
600,151,63,0.6667,0.8364,2.4083,0.2673,0.4286,0.5625,48,0.5625,48,0.587,46,IVZ,5,4,751,756
651,163,63,0.619,0.632,0.6477,0.2331,0.5873,0.6327,49,0.6327,49,0.6047,43,IVZ,5,5,814,819
701,176,63,0.3333,0.3844,3.0908,0.4505,0.6667,,0,,0,,0,IVZ,5,6,877,882
752,188,63,0.5079,0.4356,1.2381,0.2969,0.5873,0.5536,56,0.5536,56,0.5536,56,IVZ,5,7,940,945
802,201,63,0.5714,0.4002,0.7039,0.2547,0.5714,0.5714,63,0.5714,63,0.4872,39,IVZ,5,8,1003,1008
399,100,63,0.4286,0.3934,2.6533,0.3584,0.4762,0.4167,36,0.4167,36,0.4167,36,JKHY,5,0,499,504
449,113,63,0.5079,0.562,0.683,0.2451,0.5079,0.5079,63,0.7,10,0.7,10,JKHY,5,1,562,567
500,125,63,0.5079,0.5469,1.1663,0.2694,0.5556,0.6429,14,0.5,4,0.5,4,JKHY,5,2,625,630
550,138,63,0.5873,0.5774,1.604,0.267,0.4127,0.5,22,0.5263,19,0.5263,19,JKHY,5,3,688,693
600,151,63,0.5397,0.5374,0.6635,0.238,0.5873,0.5909,44,0.5854,41,0.6,40,JKHY,5,4,751,756
651,163,63,0.3968,0.4059,1.2326,0.2981,0.4286,0.3962,53,0.25,8,0.25,8,JKHY,5,5,814,819
701,176,63,0.4444,0.7424,3.5955,0.3211,0.4603,0.4516,62,0.6047,43,0.619,42,JKHY,5,6,877,882
752,188,63,0.4603,0.7145,0.6894,0.2482,0.5397,,0,,0,,0,JKHY,5,7,940,945
802,201,63,0.3175,0.5,0.7639,0.2851,0.3175,0.3175,63,0.3175,63,,0,JKHY,5,8,1003,1008
399,100,63,0.5079,0.5,0.6949,0.2509,0.4921,,0,,0,,0,ABBV,5,0,499,504
449,113,63,0.6032,0.4008,0.9886,0.2774,0.6667,0.6735,49,0.6735,49,0.5,24,ABBV,5,1,562,567
500,125,63,0.4921,0.498,3.4916,0.356,0.5079,0.5,20,0.5,20,0.5385,13,ABBV,5,2,625,630
550,138,63,0.4762,0.5172,0.7991,0.2996,0.4762,0.4667,45,0.4667,45,0.4667,45,ABBV,5,3,688,693
600,151,63,0.619,0.6574,0.6607,0.2339,0.6032,0.64,50,0.6591,44,1.0,8,ABBV,5,4,751,756
651,163,63,0.5556,0.4978,1.5862,0.2711,0.6349,0.625,48,0.6957,23,0.5625,16,ABBV,5,5,814,819
701,176,63,0.5873,0.619,0.6595,0.2335,0.5873,0.5873,63,0.6066,61,0.7222,18,ABBV,5,6,877,882
752,188,63,0.3175,0.2342,3.0093,0.4118,0.4444,0.3585,53,0.3585,53,0.3585,53,ABBV,5,7,940,945
802,201,63,0.4286,0.4828,0.7293,0.2678,0.4127,0.4167,60,0.4167,60,0.3846,26,ABBV,5,8,1003,1008
399,100,63,0.5238,0.5,0.692,0.2494,0.5238,0.5238,63,,0,,0,A,5,0,499,504
449,113,63,0.5238,0.5927,0.6916,0.2494,0.5079,0.5417,24,0.5417,24,0.5417,24,A,5,1,562,567
500,125,63,0.6508,0.7378,0.6619,0.2345,0.5556,0.614,57,,0,,0,A,5,2,625,630
550,138,63,0.6825,0.6633,0.681,0.2411,0.5079,0.6667,36,0.64,25,0.64,25,A,5,3,688,693
600,151,63,0.3016,0.5341,10.4329,0.6742,0.3016,0.3016,63,0.3016,63,0.3016,63,A,5,4,751,756
651,163,63,0.4603,0.5158,1.8327,0.2874,0.6032,0.6429,14,0.6429,14,0.6429,14,A,5,5,814,819
701,176,63,0.5397,0.6071,0.6311,0.2256,0.6667,0.7241,29,0.7241,29,0.7241,29,A,5,6,877,882
752,188,63,0.7302,0.5997,1.4611,0.2221,0.2698,0.5,4,0.5,4,,0,A,5,7,940,945
802,201,63,0.3968,0.3968,1.0484,0.3157,0.3968,0.3968,63,0.3968,63,0.3415,41,A,5,8,1003,1008
399,100,63,0.4444,0.6132,0.9256,0.351,0.6032,1.0,3,1.0,3,1.0,3,ALGN,5,0,499,504
449,113,63,0.3968,0.5,0.7781,0.2914,0.3968,0.3968,63,0.3968,63,0.3968,63,ALGN,5,1,562,567
500,125,63,0.4286,0.6194,2.7632,0.3217,0.4444,0.4355,62,0.5556,36,0.5556,36,ALGN,5,2,625,630
550,138,63,0.4762,0.5096,1.9289,0.3257,0.5397,1.0,1,,0,,0,ALGN,5,3,688,693
600,151,63,0.3651,0.46,0.7009,0.2538,0.3968,0.377,61,,0,,0,ALGN,5,4,751,756
651,163,63,0.4444,0.6089,0.9178,0.2578,0.6032,0.8,5,0.75,4,0.75,4,ALGN,5,5,814,819
701,176,63,0.4603,0.5,0.7005,0.2537,0.4603,0.4603,63,,0,,0,ALGN,5,6,877,882
752,188,63,0.5714,0.5598,1.4125,0.2851,0.5873,0.6316,38,,0,,0,ALGN,5,7,940,945
802,201,63,0.3968,0.6154,0.7215,0.2644,0.381,0.3871,62,0.4364,55,,0,ALGN,5,8,1003,1008
399,100,63,0.3968,0.4605,0.7951,0.2993,0.3968,0.3968,63,0.3968,63,0.3968,63,AMGN,5,0,499,504
449,113,63,0.4286,0.4777,0.7279,0.267,0.5397,0.48,50,0.5882,17,,0,AMGN,5,1,562,567
500,125,63,0.5397,0.5157,0.8443,0.3133,0.5238,0.7,10,,0,,0,AMGN,5,2,625,630
550,138,63,0.5873,0.8105,0.64,0.2263,0.4921,0.549,51,0.549,51,0.549,51,AMGN,5,3,688,693
600,151,63,0.4921,0.5082,0.7605,0.2779,0.4286,0.449,49,0.4348,46,0.4194,31,AMGN,5,4,751,756
651,163,63,0.3968,0.302,0.9045,0.3398,0.5873,0.3333,3,0.3333,3,0.3333,3,AMGN,5,5,814,819
701,176,63,0.5397,0.5,0.6906,0.2487,0.4603,,0,,0,,0,AMGN,5,6,877,882
752,188,63,0.3651,0.4792,0.7184,0.2619,0.619,0.0,1,0.0,1,0.0,1,AMGN,5,7,940,945
802,201,63,0.3333,0.3989,0.7615,0.2839,0.3968,0.3396,53,0.3396,53,,0,AMGN,5,8,1003,1008
399,100,63,0.5397,0.4889,1.001,0.2871,0.4921,0.625,8,0.0,1,,0,BAX,5,0,499,504
449,113,63,0.5238,0.3717,6.7264,0.4612,0.5238,0.5238,63,0.5238,63,0.5238,63,BAX,5,1,562,567
500,125,63,0.5238,0.5161,0.7608,0.275,0.4921,0.5294,17,0.5294,17,0.5294,17,BAX,5,2,625,630
550,138,63,0.381,0.3606,0.7709,0.2879,0.4762,0.0,9,0.0,5,0.0,5,BAX,5,3,688,693
600,151,63,0.5397,0.4853,0.6916,0.2492,0.5397,0.5397,63,,0,,0,BAX,5,4,751,756
651,163,63,0.5556,0.5,0.6888,0.2478,0.4444,,0,,0,,0,BAX,5,5,814,819
701,176,63,0.3968,0.3918,0.6939,0.2504,0.4444,0.3529,34,,0,,0,BAX,5,6,877,882
752,188,63,0.3651,0.4527,0.7015,0.2541,0.6349,0.5,8,,0,,0,BAX,5,7,940,945
802,201,63,0.5556,0.5972,0.6607,0.2346,0.4286,0.4898,49,,0,,0,BAX,5,8,1003,1008
399,100,63,0.5397,0.6258,0.7227,0.2624,0.4603,0.5,16,0.4615,13,0.4615,13,BDX,5,0,499,504
449,113,63,0.4762,0.5525,1.3457,0.2654,0.5238,0.5,44,0.5,44,0.5,44,BDX,5,1,562,567
500,125,63,0.6667,0.6875,0.8785,0.234,0.5079,0.7037,27,0.8,20,0.8,20,BDX,5,2,625,630
550,138,63,0.6825,0.6574,2.6554,0.2725,0.5714,0.7,40,0.7,40,0.7,40,BDX,5,3,688,693
600,151,63,0.3968,0.5347,0.8533,0.3238,0.381,0.3871,62,0.3871,62,0.3871,62,BDX,5,4,751,756
651,163,63,0.6349,0.6451,1.0585,0.2262,0.6349,0.6349,63,0.6349,63,0.7917,24,BDX,5,5,814,819
701,176,63,0.4762,0.4491,0.7506,0.2761,0.4127,0.36,25,0.4444,18,0.2857,7,BDX,5,6,877,882
752,188,63,0.5873,0.6985,0.6647,0.2361,0.5238,0.7333,15,0.6667,6,0.6667,6,BDX,5,7,940,945
802,201,63,0.4603,0.7143,0.955,0.3479,0.3333,0.3818,55,0.3818,55,0.4318,44,BDX,5,8,1003,1008
399,100,63,0.4286,0.3877,0.7088,0.2578,0.5873,0.5111,45,,0,,0,TECH,5,0,499,504
449,113,63,0.6032,0.6217,0.6675,0.2379,0.3651,0.4643,28,0.52,25,0.5,24,TECH,5,1,562,567
500,125,63,0.5873,0.6076,0.8637,0.2379,0.5238,0.64,25,0.64,25,0.64,25,TECH,5,2,625,630
550,138,63,0.6349,0.6354,0.6719,0.2411,0.5397,0.6897,29,0.6897,29,0.6897,29,TECH,5,3,688,693
600,151,63,0.3333,0.6797,4.9786,0.4461,0.2698,0.2881,59,0.2881,59,0.375,32,TECH,5,4,751,756
651,163,63,0.5238,0.564,0.698,0.2472,0.5079,0.5185,54,0.7143,7,0.7143,7,TECH,5,5,814,819
701,176,63,0.5238,0.5477,0.6614,0.2387,0.5397,1.0,4,1.0,4,1.0,4,TECH,5,6,877,882
752,188,63,0.4921,0.7561,0.6685,0.2447,0.5556,1.0,3,1.0,3,,0,TECH,5,7,940,945
802,201,63,0.4286,0.3879,0.7602,0.2811,0.4286,0.4237,59,0.0,8,0.0,8,TECH,5,8,1003,1008
399,100,63,0.3175,0.3642,1.0594,0.4076,0.3968,0.3043,46,0.3043,46,0.3043,46,BIIB,5,0,499,504
449,113,63,0.5238,0.5719,0.6833,0.2483,0.4444,0.375,8,0.3333,3,0.3333,3,BIIB,5,1,562,567
500,125,63,0.4921,0.5744,0.6839,0.2454,0.3175,0.3636,44,,0,,0,BIIB,5,2,625,630
550,138,63,0.6508,0.5533,0.665,0.236,0.3651,1.0,1,,0,,0,BIIB,5,3,688,693
600,151,63,0.4921,0.5993,0.7864,0.2929,0.5079,,0,,0,,0,BIIB,5,4,751,756
651,163,63,0.3492,0.5521,1.017,0.302,0.6508,,0,,0,,0,BIIB,5,5,814,819
701,176,63,0.6984,0.6769,0.8872,0.2383,0.6667,0.7447,47,0.7447,47,,0,BIIB,5,6,877,882
752,188,63,0.4762,0.5532,0.7081,0.2546,0.6984,0.6486,37,0.6486,37,0.9412,17,BIIB,5,7,940,945
802,201,63,0.4921,0.5166,0.7608,0.2699,0.4921,0.4921,63,0.4921,63,0.4545,22,BIIB,5,8,1003,1008
399,100,63,0.5079,0.4844,0.7701,0.2818,0.4921,0.5,4,0.5,4,0.0,2,BMY,5,0,499,504
449,113,63,0.4286,0.4781,0.7008,0.2537,0.5556,0.3333,3,0.0,1,0.0,1,BMY,5,1,562,567
500,125,63,0.5238,0.5582,1.3249,0.2512,0.619,0.6957,23,0.6957,23,0.6957,23,BMY,5,2,625,630
550,138,63,0.3651,0.3634,1.2164,0.2929,0.4921,0.4082,49,,0,,0,BMY,5,3,688,693
600,151,63,0.3333,0.3446,0.8183,0.3087,0.3651,0.3137,51,0.3137,51,0.1875,16,BMY,5,4,751,756
651,163,63,0.5873,0.6602,1.5456,0.2551,0.5556,0.5818,55,0.8333,6,0.8333,6,BMY,5,5,814,819
701,176,63,0.6349,0.6557,0.8853,0.2404,0.4603,0.6071,28,0.8,5,0.8,5,BMY,5,6,877,882
752,188,63,0.3175,0.5783,2.1691,0.3403,0.6984,1.0,1,,0,,0,BMY,5,7,940,945
802,201,63,0.619,0.4541,0.6907,0.2488,0.381,0.5,2,0.5,2,,0,BMY,5,8,1003,1008
399,100,63,0.4444,0.5026,0.7497,0.2768,0.4444,0.4444,63,0.4444,63,0.44,25,CAH,5,0,499,504
449,113,63,0.5238,0.4584,0.6986,0.2524,0.5397,0.5323,62,0.5,2,0.5,2,CAH,5,1,562,567
500,125,63,0.4127,0.54,0.6711,0.2435,0.6032,1.0,1,1.0,1,1.0,1,CAH,5,2,625,630
550,138,63,0.4286,0.4295,0.7225,0.2645,0.6032,0.5192,52,,0,,0,CAH,5,3,688,693
600,151,63,0.6508,0.5721,0.6567,0.2319,0.6508,0.6508,63,0.6957,46,,0,CAH,5,4,751,756
651,163,63,0.5238,0.5197,0.703,0.2548,0.5238,0.5238,63,0.5238,63,0.5345,58,CAH,5,5,814,819
701,176,63,0.619,0.4701,0.6659,0.2365,0.619,0.619,63,0.619,63,0.619,63,CAH,5,6,877,882
752,188,63,0.6032,0.5304,2.5489,0.313,0.619,0.6458,48,,0,,0,CAH,5,7,940,945
802,201,63,0.3968,0.4962,0.7688,0.2874,0.3651,0.377,61,0.377,61,0.377,61,CAH,5,8,1003,1008
399,100,63,0.4762,0.5676,0.7051,0.2559,0.5873,0.75,8,,0,,0,CRL,5,0,499,504
449,113,63,0.3651,0.684,4.6974,0.4198,0.3492,0.3548,62,0.3548,62,0.5135,37,CRL,5,1,562,567
500,125,63,0.4286,0.5041,0.9477,0.2682,0.4286,0.4286,63,0.5,2,0.5,2,CRL,5,2,625,630
550,138,63,0.3492,0.5288,8.2381,0.5596,0.3492,0.3492,63,0.3846,52,0.3725,51,CRL,5,3,688,693
600,151,63,0.5238,0.5297,0.7002,0.2535,0.5079,0.625,8,,0,,0,CRL,5,4,751,756
651,163,63,0.4762,0.4934,1.1799,0.2773,0.5397,1.0,1,1.0,1,1.0,1,CRL,5,5,814,819
701,176,63,0.619,0.6404,0.6584,0.2326,0.4762,0.75,12,0.75,12,0.8,5,CRL,5,6,877,882
752,188,63,0.4603,0.5592,0.7883,0.2924,0.5714,0.625,8,0.625,8,0.6,5,CRL,5,7,940,945
802,201,63,0.6032,0.5468,0.6659,0.2367,0.6032,0.6032,63,0.75,16,0.75,16,CRL,5,8,1003,1008
399,100,63,0.5714,0.59,0.6935,0.2483,0.4286,0.5,30,0.5,30,,0,COO,5,0,499,504
449,113,63,0.4127,0.3439,1.4354,0.2951,0.4762,0.3333,21,,0,,0,COO,5,1,562,567
500,125,63,0.4921,0.5489,0.6906,0.2488,0.5079,,0,,0,,0,COO,5,2,625,630
550,138,63,0.4603,0.5598,0.684,0.2456,0.3651,0.3878,49,,0,,0,COO,5,3,688,693
600,151,63,0.5714,0.661,0.6606,0.2351,0.5714,0.5714,63,0.5714,63,0.5714,63,COO,5,4,751,756
651,163,63,0.6032,0.6415,0.7235,0.2613,0.4286,0.5263,38,0.5143,35,0.5,34,COO,5,5,814,819
701,176,63,0.6825,0.7172,1.7092,0.2943,0.5238,0.6444,45,0.6444,45,0.6444,45,COO,5,6,877,882
752,188,63,0.6349,0.6241,0.6322,0.221,0.6667,0.6792,53,0.7143,49,0.7143,49,COO,5,7,940,945
802,201,63,0.3175,0.3547,1.3394,0.3489,0.3175,0.3175,63,0.125,24,0.125,24,COO,5,8,1003,1008
399,100,63,0.5397,0.4077,0.7296,0.2671,0.4444,0.0,1,0.0,1,0.0,1,CVS,5,0,499,504
449,113,63,0.5397,0.6618,0.5982,0.2132,0.5397,0.5397,63,1.0,11,1.0,11,CVS,5,1,562,567
500,125,63,0.5079,0.5595,0.6884,0.2477,0.5079,0.5079,63,0.5714,7,1.0,2,CVS,5,2,625,630
550,138,63,0.5397,0.498,1.3735,0.2717,0.5238,0.54,50,0.45,20,0.4737,19,CVS,5,3,688,693
600,151,63,0.5556,0.535,1.2442,0.2941,0.5714,0.5909,44,0.5909,44,,0,CVS,5,4,751,756
651,163,63,0.4921,0.446,0.9747,0.2774,0.5238,0.5082,61,0.4848,33,0.4848,33,CVS,5,5,814,819
701,176,63,0.6825,0.6202,0.7042,0.2553,0.7302,0.7407,54,,0,,0,CVS,5,6,877,882
752,188,63,0.5873,0.535,0.7033,0.2517,0.5714,0.5806,62,0.5806,62,0.6667,15,CVS,5,7,940,945
802,201,63,0.5397,0.5,0.6942,0.2505,0.5397,0.5397,63,0.5397,63,,0,CVS,5,8,1003,1008
399,100,63,0.5556,0.5939,4.6324,0.39,0.5238,0.6471,17,0.6471,17,,0,DHR,5,0,499,504
449,113,63,0.5238,0.5657,0.6997,0.2514,0.5238,0.5455,33,0.7143,7,1.0,2,DHR,5,1,562,567
500,125,63,0.5238,0.5353,0.9699,0.2781,0.4921,0.5094,53,0.4857,35,0.5,26,DHR,5,2,625,630
550,138,63,0.4286,0.4794,2.092,0.3924,0.4286,0.4286,63,0.4286,63,0.4286,63,DHR,5,3,688,693
600,151,63,0.5079,0.442,2.8117,0.3349,0.5079,0.5079,63,0.5179,56,0.3571,14,DHR,5,4,751,756
651,163,63,0.5873,0.6486,0.5721,0.2064,0.5873,0.5873,63,1.0,11,1.0,11,DHR,5,5,814,819
701,176,63,0.5238,0.5535,3.1219,0.3632,0.4286,0.4694,49,0.4412,34,0.4412,34,DHR,5,6,877,882
752,188,63,0.6667,0.6055,1.3583,0.2616,0.5873,0.66,50,1.0,1,,0,DHR,5,7,940,945
802,201,63,0.2698,0.3651,2.2532,0.3638,0.2698,0.2698,63,0.16,25,0.0769,13,DHR,5,8,1003,1008
399,100,63,0.2857,0.3082,1.0382,0.3082,0.6349,0.3684,19,0.3684,19,0.3684,19,DVA,5,0,499,504
449,113,63,0.4127,0.5,0.8385,0.3182,0.4127,0.4127,63,0.4127,63,0.4127,63,DVA,5,1,562,567
500,125,63,0.5873,0.5,0.683,0.245,0.5873,0.5873,63,,0,,0,DVA,5,2,625,630
550,138,63,0.5873,0.4884,0.9247,0.2585,0.6032,0.6,60,0.5,2,0.5,2,DVA,5,3,688,693
600,151,63,0.5714,0.5185,0.6822,0.2445,0.5714,0.5714,63,0.5714,63,,0,DVA,5,4,751,756
651,163,63,0.4603,0.5328,0.9707,0.2786,0.4762,0.4677,62,0.5217,23,0.5217,23,DVA,5,5,814,819
701,176,63,0.4921,0.4899,3.4781,0.3499,0.4921,0.4921,63,0.4783,23,0.4783,23,DVA,5,6,877,882
752,188,63,0.4286,0.3974,2.168,0.3325,0.4444,0.25,16,0.25,16,0.2667,15,DVA,5,7,940,945
802,201,63,0.3651,0.6283,0.727,0.2663,0.6349,,0,,0,,0,DVA,5,8,1003,1008
399,100,63,0.5714,0.6273,0.8848,0.2404,0.4762,0.5405,37,0.75,8,0.75,8,DXCM,5,0,499,504
449,113,63,0.5397,0.4191,2.3826,0.3307,0.3492,0.0,7,0.0,7,0.0,7,DXCM,5,1,562,567
500,125,63,0.4444,0.6219,0.8408,0.3106,0.4444,0.4444,63,0.5,48,0.5,46,DXCM,5,2,625,630
550,138,63,0.6667,0.7321,0.6872,0.2469,0.6032,0.8696,23,,0,,0,DXCM,5,3,688,693
600,151,63,0.3651,0.4187,0.8342,0.3117,0.5238,0.1818,11,0.1818,11,0.1818,11,DXCM,5,4,751,756
651,163,63,0.5556,0.558,0.7416,0.2703,0.5079,0.5435,46,0.5435,46,0.5806,31,DXCM,5,5,814,819
701,176,63,0.3651,0.4973,0.995,0.2926,0.3651,0.3651,63,0.3962,53,0.2308,13,DXCM,5,6,877,882
752,188,63,0.3492,0.7802,0.6767,0.2432,0.7143,1.0,4,1.0,1,,0,DXCM,5,7,940,945
802,201,63,0.5079,0.5977,0.6559,0.239,0.4127,0.4561,57,0.4167,48,1.0,4,DXCM,5,8,1003,1008
399,100,63,0.4921,0.5171,1.1452,0.2624,0.5079,,0,,0,,0,EW,5,0,499,504
449,113,63,0.4603,0.466,0.7378,0.2714,0.4603,0.4603,63,0.4474,38,0.4615,26,EW,5,1,562,567
500,125,63,0.4127,0.4273,0.7928,0.2947,0.4762,0.3333,21,0.3333,21,0.3333,21,EW,5,2,625,630
550,138,63,0.4127,0.5144,0.8403,0.3107,0.5714,0.4286,7,0.0,1,,0,EW,5,3,688,693
600,151,63,0.5556,0.5309,1.6389,0.2817,0.5397,0.5714,42,0.5714,42,0.5385,13,EW,5,4,751,756
651,163,63,0.5556,0.5565,0.7459,0.2581,0.4921,0.5385,39,0.5385,39,0.5217,23,EW,5,5,814,819
701,176,63,0.4921,0.3128,0.7541,0.2757,0.5556,0.5254,59,0.4444,45,0.0,2,EW,5,6,877,882
752,188,63,0.3651,0.5017,0.7081,0.2575,0.3492,0.35,60,,0,,0,EW,5,7,940,945
802,201,63,0.5238,0.5,0.6921,0.2495,0.4762,,0,,0,,0,EW,5,8,1003,1008
399,100,63,0.3175,0.5612,1.1904,0.3736,0.2222,0.2456,57,0.2642,53,0.2766,47,GILD,5,0,499,504
449,113,63,0.4286,0.5,0.7351,0.2707,0.5714,,0,,0,,0,GILD,5,1,562,567
500,125,63,0.1429,0.5473,2.0848,0.3996,0.8571,,0,,0,,0,GILD,5,2,625,630
550,138,63,0.5873,0.5478,0.678,0.2426,0.5873,0.5873,63,0.6087,23,0.6364,11,GILD,5,3,688,693
600,151,63,0.4603,0.2963,2.0102,0.3569,0.5714,0.5179,56,0.5,52,0.5,52,GILD,5,4,751,756
651,163,63,0.6349,0.4467,0.6762,0.2403,0.6349,0.6349,63,0.6349,63,0.25,4,GILD,5,5,814,819
701,176,63,0.4444,0.5,0.7401,0.273,0.4444,0.4444,63,0.4444,63,0.4444,63,GILD,5,6,877,882
752,188,63,0.6349,0.3842,1.6425,0.288,0.6349,0.6349,63,0.4706,17,0.1667,6,GILD,5,7,940,945
802,201,63,0.3333,0.4121,1.2592,0.3102,0.3968,0.3509,57,0.3509,57,,0,GILD,5,8,1003,1008
399,100,63,0.5714,0.5,0.683,0.2449,0.5714,0.5714,63,0.5714,63,,0,HCA,5,0,499,504
449,113,63,0.6349,0.5505,0.6442,0.2267,0.6349,0.6349,63,0.6349,63,0.678,59,HCA,5,1,562,567
500,125,63,0.6508,0.7284,1.0306,0.209,0.6508,0.6508,63,0.6667,60,0.8108,37,HCA,5,2,625,630
550,138,63,0.4127,0.6196,3.1489,0.3935,0.3651,0.3833,60,0.3898,59,0.3898,59,HCA,5,3,688,693
600,151,63,0.6032,0.5868,4.0204,0.3212,0.6032,0.6032,63,0.6032,63,0.6032,63,HCA,5,4,751,756
651,163,63,0.5714,0.5478,0.6922,0.2494,0.5714,0.6216,37,0.6207,29,,0,HCA,5,5,814,819
701,176,63,0.5238,0.5031,0.7268,0.2659,0.7143,0.7143,35,0.7143,35,0.7143,35,HCA,5,6,877,882
752,188,63,0.5397,0.5457,0.7105,0.258,0.5873,0.587,46,0.6,45,0.6,45,HCA,5,7,940,945
802,201,63,0.3333,0.4456,1.3816,0.3631,0.3333,0.3333,63,0.3333,63,0.2414,29,HCA,5,8,1003,1008
399,100,63,0.4286,0.7342,0.68,0.2435,0.3968,0.4098,61,0.5882,34,0.5938,32,HSIC,5,0,499,504
449,113,63,0.4444,0.4657,0.7254,0.2661,0.4762,0.4561,57,0.4561,57,,0,HSIC,5,1,562,567
500,125,63,0.5238,0.5566,1.1239,0.2554,0.5238,0.5238,63,0.5238,63,0.75,8,HSIC,5,2,625,630
550,138,63,0.4762,0.5252,1.4226,0.2822,0.5714,0.5882,17,0.5714,14,0.5385,13,HSIC,5,3,688,693
600,151,63,0.4603,0.7116,0.6317,0.2284,0.3968,0.4237,59,0.619,21,0.619,21,HSIC,5,4,751,756
651,163,63,0.5714,0.602,0.6658,0.2419,0.5238,0.6364,22,0.6364,22,0.6364,22,HSIC,5,5,814,819
701,176,63,0.4921,0.6764,0.6566,0.2354,0.4921,0.4921,63,0.6667,18,0.6667,18,HSIC,5,6,877,882
752,188,63,0.4603,0.5532,2.3632,0.395,0.5397,0.5,4,,0,,0,HSIC,5,7,940,945
802,201,63,0.6032,0.6158,0.661,0.2342,0.3968,0.5,2,0.5,2,0.5,2,HSIC,5,8,1003,1008
399,100,63,0.5397,0.4907,2.8955,0.2907,0.3175,0.32,25,,0,,0,IDXX,5,0,499,504
449,113,63,0.4127,0.5674,6.3376,0.482,0.3968,0.4032,62,0.3934,61,0.3934,61,IDXX,5,1,562,567
500,125,63,0.4127,0.5584,1.9783,0.349,0.3333,0.3462,52,0.3462,52,0.3333,51,IDXX,5,2,625,630
550,138,63,0.4127,0.473,0.7351,0.2707,0.5873,,0,,0,,0,IDXX,5,3,688,693
600,151,63,0.5079,0.3463,0.804,0.2973,0.4921,,0,,0,,0,IDXX,5,4,751,756
651,163,63,0.3492,0.5953,1.0142,0.3868,0.6508,,0,,0,,0,IDXX,5,5,814,819
701,176,63,0.619,0.6179,0.6874,0.2451,0.5079,0.6818,22,0.6818,22,,0,IDXX,5,6,877,882
752,188,63,0.2857,0.5889,0.7832,0.2944,0.2857,0.2857,63,0.3273,55,0.3273,55,IDXX,5,7,940,945
802,201,63,0.2857,0.6148,1.0161,0.3972,0.2857,0.2857,63,0.2857,63,0.3158,57,IDXX,5,8,1003,1008
399,100,63,0.6349,0.5,0.6616,0.2343,0.3651,,0,,0,,0,INCY,5,0,499,504
449,113,63,0.3175,0.5,0.7794,0.2926,0.6825,,0,,0,,0,INCY,5,1,562,567
500,125,63,0.3651,0.4489,0.7902,0.2969,0.6349,,0,,0,,0,INCY,5,2,625,630
550,138,63,0.5556,0.5781,0.6733,0.2406,0.5397,0.55,60,0.6364,22,0.5714,7,INCY,5,3,688,693
600,151,63,0.4286,0.4023,0.8067,0.3035,0.4286,0.4286,63,0.3415,41,0.3415,41,INCY,5,4,751,756
651,163,63,0.7302,0.5,0.6845,0.2457,0.7302,0.7302,63,,0,,0,INCY,5,5,814,819
701,176,63,0.6349,0.506,0.6683,0.2376,0.6349,0.6349,63,0.6379,58,,0,INCY,5,6,877,882
752,188,63,0.4603,0.5,0.7132,0.2599,0.4603,0.4603,63,0.4603,63,,0,INCY,5,7,940,945
802,201,63,0.4444,0.5139,0.7158,0.2627,0.4286,0.4355,62,0.4355,62,,0,INCY,5,8,1003,1008
399,100,63,0.5397,0.5842,0.6735,0.2411,0.4444,0.4884,43,0.4884,43,,0,PODD,5,0,499,504
449,113,63,0.5556,0.6707,0.8813,0.2386,0.5238,0.7778,9,0.7778,9,0.7778,9,PODD,5,1,562,567
500,125,63,0.4127,0.5232,1.1859,0.2851,0.6032,0.5263,19,0.625,8,0.625,8,PODD,5,2,625,630
550,138,63,0.4603,0.4913,3.805,0.4387,0.6825,0.6552,29,0.6552,29,,0,PODD,5,3,688,693
600,151,63,0.4286,0.5556,0.7123,0.2595,0.4286,0.4286,63,0.4576,59,,0,PODD,5,4,751,756
651,163,63,0.5397,0.6092,0.6873,0.2471,0.4444,0.4906,53,0.5,52,1.0,1,PODD,5,5,814,819
701,176,63,0.5238,0.5509,0.971,0.2816,0.5714,0.6,30,,0,,0,PODD,5,6,877,882
752,188,63,0.5873,0.5678,0.6042,0.2134,0.254,0.2917,24,,0,,0,PODD,5,7,940,945
802,201,63,0.7302,0.4142,0.6941,0.2435,0.1905,0.0,5,0.0,5,0.0,5,PODD,5,8,1003,1008
399,100,63,0.5556,0.5122,1.6196,0.2813,0.5556,0.5636,55,0.5636,55,,0,ISRG,5,0,499,504
449,113,63,0.7302,0.5,0.6147,0.2113,0.7302,0.7302,63,0.7302,63,0.7302,63,ISRG,5,1,562,567
500,125,63,0.5397,0.5689,1.3768,0.2714,0.5556,0.55,60,0.5593,59,0.5593,59,ISRG,5,2,625,630
550,138,63,0.619,0.5574,0.8602,0.2327,0.6032,0.6167,60,0.6383,47,0.5833,36,ISRG,5,3,688,693
600,151,63,0.4762,0.4844,0.7118,0.2587,0.4921,0.4839,62,0.4839,62,0.5,2,ISRG,5,4,751,756
651,163,63,0.381,0.5497,0.6987,0.2528,0.381,0.381,63,0.75,4,0.75,4,ISRG,5,5,814,819
701,176,63,0.5556,0.5736,0.6855,0.2461,0.5079,0.5417,48,0.5641,39,,0,ISRG,5,6,877,882
752,188,63,0.4762,0.5453,0.6835,0.2452,0.3968,0.4231,52,,0,,0,ISRG,5,7,940,945
802,201,63,0.5714,0.5726,0.6701,0.2387,0.3968,0.4286,14,0.3846,13,1.0,1,ISRG,5,8,1003,1008
399,100,63,0.5873,0.9067,0.7418,0.2006,0.4603,0.8,5,0.8,5,0.8,5,IQV,5,0,499,504
449,113,63,0.619,0.6322,0.9397,0.2542,0.4286,0.5517,29,0.5517,29,0.5517,29,IQV,5,1,562,567
500,125,63,0.4286,0.4199,1.0522,0.3101,0.4921,0.3913,23,0.5,6,,0,IQV,5,2,625,630
550,138,63,0.5079,0.5212,0.779,0.2868,0.5079,0.5079,63,0.549,51,0.5217,46,IQV,5,3,688,693
600,151,63,0.3333,0.5,0.749,0.2777,0.3333,0.3333,63,0.3333,63,,0,IQV,5,4,751,756
651,163,63,0.5079,0.5,0.7037,0.2552,0.4921,,0,,0,,0,IQV,5,5,814,819
701,176,63,0.5556,0.5,0.687,0.2469,0.4444,,0,,0,,0,IQV,5,6,877,882
752,188,63,0.5397,0.5791,4.7789,0.3676,0.4603,,0,,0,,0,IQV,5,7,940,945
802,201,63,0.5397,0.5606,0.686,0.2465,0.4762,0.5556,9,0.5556,9,1.0,1,IQV,5,8,1003,1008
399,100,63,0.6032,0.6558,1.9882,0.2708,0.3968,0.5,12,0.5,10,0.5,10,LH,5,0,499,504
449,113,63,0.5714,0.5128,5.9246,0.4011,0.5556,0.569,58,0.5577,52,0.5577,52,LH,5,1,562,567
500,125,63,0.5238,0.4434,6.0324,0.4413,0.4762,0.5,10,,0,,0,LH,5,2,625,630
550,138,63,0.3968,0.3106,5.4516,0.4596,0.5238,0.0,5,,0,,0,LH,5,3,688,693
600,151,63,0.5397,0.5,0.6931,0.25,0.5397,0.5397,63,,0,,0,LH,5,4,751,756
651,163,63,0.5556,0.5,0.6918,0.2493,0.5556,0.5556,63,,0,,0,LH,5,5,814,819
701,176,63,0.5714,0.533,0.6899,0.248,0.5397,0.5593,59,0.5,2,0.0,1,LH,5,6,877,882
752,188,63,0.5556,0.4786,0.7044,0.2548,0.5556,0.5556,63,0.3333,3,0.3333,3,LH,5,7,940,945
802,201,63,0.5714,0.55,0.9386,0.2653,0.4444,0.5094,53,0.5094,53,0.4902,51,LH,5,8,1003,1008
399,100,63,0.3492,0.3785,0.9565,0.3626,0.6825,0.5278,36,0.5278,36,0.5278,36,MCK,5,0,499,504
449,113,63,0.746,0.6809,0.5063,0.1707,0.746,0.746,63,0.746,63,0.746,63,MCK,5,1,562,567
500,125,63,0.4603,0.5862,5.6293,0.454,0.4603,0.4603,63,0.4603,63,0.4603,63,MCK,5,2,625,630
550,138,63,0.5873,0.5281,0.9108,0.25,0.5873,0.5902,61,0.6078,51,0.6078,51,MCK,5,3,688,693
600,151,63,0.4444,0.5256,0.7132,0.2614,0.6825,0.75,16,0.7333,15,1.0,1,MCK,5,4,751,756
651,163,63,0.3968,0.4926,0.8183,0.3079,0.3968,0.3968,63,0.3947,38,0.3947,38,MCK,5,5,814,819
701,176,63,0.7778,0.4483,0.8722,0.2322,0.7778,0.7778,63,0.7143,35,0.7143,35,MCK,5,6,877,882
752,188,63,0.4762,0.4706,1.2224,0.295,0.5397,0.5085,59,0.5085,59,0.5,58,MCK,5,7,940,945
802,201,63,0.3175,0.4651,0.7767,0.2909,0.3175,0.3175,63,0.2857,42,0.2927,41,MCK,5,8,1003,1008
399,100,63,0.7143,0.753,0.8276,0.216,0.4603,0.7895,19,0.8571,14,,0,MDT,5,0,499,504
449,113,63,0.5714,0.6638,0.6925,0.2488,0.5397,0.5686,51,0.5686,51,0.5686,51,MDT,5,1,562,567
500,125,63,0.381,0.3992,1.2815,0.3153,0.5873,0.4545,22,0.4167,12,0.4167,12,MDT,5,2,625,630
550,138,63,0.3651,0.4107,0.7613,0.2825,0.4444,0.3846,52,0.4286,7,0.4286,7,MDT,5,3,688,693
600,151,63,0.6349,0.5832,0.6842,0.2406,0.4444,0.6667,15,0.6667,15,0.6667,15,MDT,5,4,751,756
651,163,63,0.4286,0.6446,1.6958,0.3209,0.6667,1.0,6,1.0,6,1.0,2,MDT,5,5,814,819
701,176,63,0.4127,0.5249,1.4201,0.2859,0.5873,,0,,0,,0,MDT,5,6,877,882
752,188,63,0.4921,0.5232,0.7004,0.2536,0.4921,0.4921,63,0.4667,30,,0,MDT,5,7,940,945
802,201,63,0.1905,0.5752,2.2811,0.3879,0.1905,0.1905,63,0.1905,63,0.28,25,MDT,5,8,1003,1008
399,100,63,0.4762,0.5,0.694,0.2504,0.4762,0.4762,63,,0,,0,MRK,5,0,499,504
449,113,63,0.4444,0.4653,3.838,0.4023,0.4444,0.4444,63,0.4444,63,0.3929,28,MRK,5,1,562,567
500,125,63,0.3968,0.5947,2.5195,0.3056,0.3968,0.3968,63,0.5556,18,0.5556,18,MRK,5,2,625,630
550,138,63,0.381,0.4189,7.1003,0.5245,0.4444,0.4,55,0.4,55,0.3889,54,MRK,5,3,688,693
600,151,63,0.5397,0.5458,2.0925,0.3014,0.4286,0.4737,38,0.4375,16,0.4375,16,MRK,5,4,751,756
651,163,63,0.4127,0.6372,0.7761,0.2902,0.5873,,0,,0,,0,MRK,5,5,814,819
701,176,63,0.4286,0.5139,0.7032,0.255,0.4286,0.4286,63,,0,,0,MRK,5,6,877,882
752,188,63,0.2857,0.5,0.8625,0.3251,0.7143,,0,,0,,0,MRK,5,7,940,945
802,201,63,0.4603,0.5918,0.6855,0.2462,0.4603,0.4603,63,0.7778,9,,0,MRK,5,8,1003,1008
399,100,63,0.4127,0.5172,5.0776,0.4643,0.6508,0.6111,18,0.5625,16,,0,MTD,5,0,499,504
449,113,63,0.4921,0.4829,1.0412,0.3098,0.4921,0.4921,63,0.4754,61,0.4754,61,MTD,5,1,562,567
500,125,63,0.4921,0.5867,2.6118,0.3339,0.4921,0.4921,63,0.4828,58,0.4828,58,MTD,5,2,625,630
550,138,63,0.4762,0.4228,2.6804,0.3665,0.5714,1.0,3,1.0,3,,0,MTD,5,3,688,693
600,151,63,0.5079,0.6807,3.7594,0.3804,0.3492,0.4,45,0.3864,44,0.4571,35,MTD,5,4,751,756
651,163,63,0.7937,0.7384,0.6513,0.2306,0.6825,0.8,50,1.0,3,1.0,1,MTD,5,5,814,819
701,176,63,0.4127,0.4794,0.7257,0.2676,0.5714,0.4444,9,0.4444,9,0.4444,9,MTD,5,6,877,882
752,188,63,0.5714,0.5633,2.5246,0.3093,0.4286,,0,,0,,0,MTD,5,7,940,945
802,201,63,0.5873,0.6871,0.6467,0.2295,0.4127,0.5,46,0.7273,11,0.7273,11,MTD,5,8,1003,1008
399,100,63,0.5873,0.5669,0.6953,0.2459,0.5397,0.5714,56,0.5636,55,0.5636,55,DGX,5,0,499,504
449,113,63,0.6349,0.6378,0.7187,0.2557,0.619,0.7222,36,,0,,0,DGX,5,1,562,567
500,125,63,0.4603,0.4704,1.1654,0.2741,0.5873,0.5405,37,,0,,0,DGX,5,2,625,630
550,138,63,0.4921,0.4424,1.9308,0.3239,0.5238,0.5088,57,0.5088,57,0.5088,57,DGX,5,3,688,693
600,151,63,0.5238,0.426,1.943,0.3217,0.5397,0.537,54,0.4634,41,0.5,6,DGX,5,4,751,756
651,163,63,0.5397,0.5187,0.6819,0.2459,0.5238,0.5333,60,,0,,0,DGX,5,5,814,819
701,176,63,0.4444,0.5296,0.7782,0.2909,0.5873,0.5417,24,0.5417,24,,0,DGX,5,6,877,882
752,188,63,0.4127,0.4677,4.2402,0.3958,0.5238,0.4412,34,0.7368,19,,0,DGX,5,7,940,945
802,201,63,0.4762,0.4865,1.1887,0.2894,0.4127,0.3478,23,0.3478,23,0.1111,9,DGX,5,8,1003,1008
399,100,63,0.4603,0.3687,4.0328,0.4008,0.4603,0.4603,63,0.4603,63,0.3902,41,REGN,5,0,499,504
449,113,63,0.6825,0.5564,0.6551,0.2311,0.6825,0.6825,63,0.875,8,0.875,8,REGN,5,1,562,567
500,125,63,0.2698,0.2988,0.7662,0.2862,0.3492,0.2391,46,0.2391,46,,0,REGN,5,2,625,630
550,138,63,0.4127,0.5,0.7125,0.2596,0.4127,0.4127,63,,0,,0,REGN,5,3,688,693
600,151,63,0.6825,0.7494,0.5936,0.2042,0.3492,1.0,2,1.0,2,1.0,2,REGN,5,4,751,756
651,163,63,0.4127,0.5726,1.0757,0.3259,0.6508,1.0,4,1.0,3,1.0,3,REGN,5,5,814,819
701,176,63,0.5556,0.499,1.1679,0.2748,0.5714,0.5645,62,0.5645,62,0.5645,62,REGN,5,6,877,882
752,188,63,0.5397,0.588,0.7205,0.2628,0.6349,0.6774,31,0.6154,13,1.0,1,REGN,5,7,940,945
802,201,63,0.4444,0.4046,2.6513,0.3574,0.4444,0.4444,63,0.4054,37,0.4054,37,REGN,5,8,1003,1008
399,100,63,0.4603,0.4121,2.1639,0.3337,0.4762,0.4565,46,0.4565,46,0.4565,46,RMD,5,0,499,504
449,113,63,0.6032,0.6095,0.6623,0.2348,0.6032,0.6032,63,0.8,20,0.8,20,RMD,5,1,562,567
500,125,63,0.4921,0.5417,0.697,0.2519,0.5714,0.7,10,0.7,10,,0,RMD,5,2,625,630
550,138,63,0.5397,0.5051,1.3998,0.2798,0.4603,,0,,0,,0,RMD,5,3,688,693
600,151,63,0.5397,0.5364,0.7603,0.2795,0.5238,0.5385,52,0.5385,52,0.5385,52,RMD,5,4,751,756
651,163,63,0.3333,0.5,0.7358,0.2712,0.6667,,0,,0,,0,RMD,5,5,814,819
701,176,63,0.4127,0.5,0.7141,0.2605,0.4127,0.4127,63,,0,,0,RMD,5,6,877,882
752,188,63,0.5556,0.5082,0.7272,0.2619,0.5556,0.5556,63,0.5833,12,0.5455,11,RMD,5,7,940,945
802,201,63,0.2222,0.6079,1.5179,0.3356,0.2222,0.2222,63,0.2222,63,0.2941,34,RMD,5,8,1003,1008
399,100,63,0.6508,0.6964,0.8519,0.2267,0.4444,0.625,24,0.625,24,0.625,24,STE,5,0,499,504
449,113,63,0.4444,0.304,2.4436,0.3566,0.5714,0.5098,51,0.0,1,0.0,1,STE,5,1,562,567
500,125,63,0.4921,0.4506,0.695,0.2509,0.4286,0.4419,43,,0,,0,STE,5,2,625,630
550,138,63,0.4127,0.3639,0.7315,0.2689,0.5079,0.451,51,0.2222,9,0.2222,9,STE,5,3,688,693
600,151,63,0.5397,0.5439,0.6871,0.247,0.5238,0.537,54,0.6667,6,0.6667,6,STE,5,4,751,756
651,163,63,0.619,0.6026,0.6491,0.2282,0.381,,0,,0,,0,STE,5,5,814,819
701,176,63,0.4603,0.5323,4.4475,0.4052,0.5238,0.0,1,,0,,0,STE,5,6,877,882
752,188,63,0.5079,0.4864,0.72,0.2629,0.4762,0.3333,3,,0,,0,STE,5,7,940,945
802,201,63,0.4603,0.501,2.5667,0.3259,0.4444,0.4318,44,0.4318,44,0.5,16,STE,5,8,1003,1008
399,100,63,0.6032,0.5459,0.719,0.2598,0.4921,0.875,8,0.875,8,1.0,2,SYK,5,0,499,504
449,113,63,0.4603,0.5548,0.7204,0.2626,0.4603,0.4603,63,0.5556,18,0.5556,18,SYK,5,1,562,567
500,125,63,0.5079,0.576,0.6941,0.2505,0.6667,0.6897,29,,0,,0,SYK,5,2,625,630
550,138,63,0.5397,0.3652,1.2077,0.2855,0.5238,0.537,54,0.537,54,0.3043,23,SYK,5,3,688,693
600,151,63,0.5556,0.4429,4.1559,0.3682,0.5556,0.5556,63,0.537,54,0.5,34,SYK,5,4,751,756
651,163,63,0.4603,0.4879,0.7161,0.2613,0.4762,0.4375,32,0.4667,30,,0,SYK,5,5,814,819
701,176,63,0.5873,0.602,0.7061,0.2557,0.4444,0.5238,42,0.5294,34,0.5294,34,SYK,5,6,877,882
752,188,63,0.5714,0.6099,0.6745,0.2408,0.5079,0.5472,53,0.6053,38,0.5946,37,SYK,5,7,940,945
802,201,63,0.4762,0.5561,0.7067,0.2568,0.4286,0.45,60,0.4407,59,,0,SYK,5,8,1003,1008
399,100,63,0.5556,0.5658,0.7259,0.2652,0.5714,0.625,32,1.0,1,,0,MMM,5,0,499,504
449,113,63,0.3651,0.5,0.7943,0.2994,0.6349,,0,,0,,0,MMM,5,1,562,567
500,125,63,0.5873,0.5728,0.6727,0.2398,0.5873,0.5873,63,0.6327,49,,0,MMM,5,2,625,630
550,138,63,0.5397,0.5294,0.6922,0.2503,0.5397,0.5397,63,0.5397,63,0.5397,63,MMM,5,3,688,693
600,151,63,0.5397,0.501,0.7201,0.263,0.4762,0.5135,37,0.4375,32,0.5,20,MMM,5,4,751,756
651,163,63,0.5397,0.5705,0.6906,0.2487,0.5397,0.6667,15,0.6667,15,,0,MMM,5,5,814,819
701,176,63,0.4921,0.5163,0.6973,0.2545,0.4444,0.46,50,0.4375,16,,0,MMM,5,6,877,882
752,188,63,0.5397,0.5061,0.6924,0.2496,0.5556,0.5484,62,,0,,0,MMM,5,7,940,945
802,201,63,0.3968,0.6614,2.1568,0.3338,0.3651,0.377,61,0.451,51,0.451,51,MMM,5,8,1003,1008
399,100,63,0.5873,0.5641,2.549,0.3122,0.6667,0.6905,42,0.6829,41,0.6829,41,AOS,5,0,499,504
449,113,63,0.4286,0.5874,0.766,0.2807,0.4286,0.4286,63,0.5714,28,0.5714,28,AOS,5,1,562,567
500,125,63,0.3492,0.3451,1.1413,0.3499,0.4127,0.3171,41,0.2895,38,0.2895,38,AOS,5,2,625,630
550,138,63,0.2381,0.3104,1.291,0.4874,0.3016,0.2264,53,0.2264,53,0.1951,41,AOS,5,3,688,693
600,151,63,0.4603,0.5223,0.7379,0.2719,0.5397,,0,,0,,0,AOS,5,4,751,756
651,163,63,0.3333,0.3737,2.8779,0.3683,0.6032,0.3889,18,0.3889,18,0.4375,16,AOS,5,5,814,819
701,176,63,0.4603,0.4857,0.8942,0.337,0.4444,0.4464,56,0.4464,56,0.4464,56,AOS,5,6,877,882
752,188,63,0.7302,0.5358,0.6385,0.2229,0.7302,0.7302,63,0.7455,55,,0,AOS,5,7,940,945
802,201,63,0.4762,0.523,0.6921,0.2555,0.2698,0.3261,46,0.3256,43,0.1818,22,AOS,5,8,1003,1008
399,100,63,0.4921,0.607,0.6893,0.2481,0.4603,0.4746,59,0.5405,37,0.5405,37,ALLE,5,0,499,504
449,113,63,0.4921,0.4174,0.8164,0.3048,0.4127,0.3929,28,0.3846,26,0.3846,26,ALLE,5,1,562,567
500,125,63,0.3492,0.4831,0.7501,0.2783,0.6825,1.0,2,1.0,2,1.0,2,ALLE,5,2,625,630
550,138,63,0.3968,0.5,0.7058,0.2563,0.3968,0.3968,63,,0,,0,ALLE,5,3,688,693
600,151,63,0.6349,0.4859,0.6671,0.2372,0.6349,0.6349,63,1.0,2,1.0,2,ALLE,5,4,751,756
651,163,63,0.6349,0.538,1.3516,0.2584,0.6667,0.7021,47,0.0,1,,0,ALLE,5,5,814,819
701,176,63,0.5556,0.6107,0.6805,0.2437,0.5556,0.5556,63,0.5556,63,,0,ALLE,5,6,877,882
752,188,63,0.6984,0.6517,0.865,0.2305,0.619,0.6923,52,0.8182,11,0.8182,11,ALLE,5,7,940,945
802,201,63,0.381,0.5962,1.0642,0.3956,0.2063,0.24,50,0.25,48,0.25,48,ALLE,5,8,1003,1008
399,100,63,0.5873,0.4927,0.6821,0.2444,0.5873,0.5873,63,0.5873,63,0.4,5,AME,5,0,499,504
449,113,63,0.4603,0.5437,1.0031,0.2971,0.4286,0.4407,59,0.4407,59,0.4407,59,AME,5,1,562,567
500,125,63,0.6508,0.6049,1.0739,0.2335,0.6349,0.6552,58,0.7778,18,0.7778,18,AME,5,2,625,630
550,138,63,0.6508,0.6966,0.6487,0.2289,0.381,0.5385,26,0.5385,26,0.8889,9,AME,5,3,688,693
600,151,63,0.4762,0.4335,0.7726,0.2868,0.4921,0.45,20,0.45,20,0.45,20,AME,5,4,751,756
651,163,63,0.5079,0.5091,0.7773,0.2834,0.5238,0.5385,26,0.56,25,0.56,25,AME,5,5,814,819
701,176,63,0.5714,0.5514,2.7233,0.3673,0.5079,0.7778,9,0.8571,7,1.0,1,AME,5,6,877,882
752,188,63,0.2381,0.3326,1.4426,0.3924,0.7619,,0,,0,,0,AME,5,7,940,945
802,201,63,0.4444,0.5,0.7274,0.2669,0.4444,0.4444,63,0.4444,63,,0,AME,5,8,1003,1008
399,100,63,0.7143,0.7389,0.6087,0.2094,0.5079,0.75,28,0.7778,27,0.8261,23,ADP,5,0,499,504
449,113,63,0.6032,0.7968,0.6276,0.2195,0.6032,0.6032,63,0.6032,63,0.6727,55,ADP,5,1,562,567
500,125,63,0.3333,0.6453,3.6699,0.4975,0.6984,1.0,2,1.0,1,1.0,1,ADP,5,2,625,630
550,138,63,0.5238,0.5,0.6926,0.2497,0.5238,0.5238,63,,0,,0,ADP,5,3,688,693
600,151,63,0.6349,0.5125,0.6619,0.2345,0.6349,0.6349,63,0.6349,63,1.0,1,ADP,5,4,751,756
651,163,63,0.619,0.7536,0.6422,0.2273,0.5556,0.6,55,0.6111,54,,0,ADP,5,5,814,819
701,176,63,0.1905,0.509,2.5513,0.4033,0.1905,0.1905,63,0.2105,57,0.2105,57,ADP,5,6,877,882
752,188,63,0.6032,0.5,0.6887,0.2478,0.3968,,0,,0,,0,ADP,5,7,940,945
802,201,63,0.5714,0.5,0.6832,0.2451,0.4286,,0,,0,,0,ADP,5,8,1003,1008
399,100,63,0.4762,0.5,0.7232,0.2648,0.4762,0.4762,63,0.4762,63,0.4762,63,BR,5,0,499,504
449,113,63,0.5714,0.5883,0.6286,0.2221,0.5556,0.625,32,0.6452,31,0.9231,13,BR,5,1,562,567
500,125,63,0.4921,0.5,0.7041,0.2554,0.5079,,0,,0,,0,BR,5,2,625,630
550,138,63,0.3492,0.5,0.7199,0.2633,0.6508,,0,,0,,0,BR,5,3,688,693
600,151,63,0.5714,0.5,0.6847,0.2458,0.5714,0.5714,63,,0,,0,BR,5,4,751,756
651,163,63,0.5873,0.5301,0.6683,0.2392,0.5873,0.5873,63,0.5873,63,0.7143,7,BR,5,5,814,819
701,176,63,0.2698,0.3792,0.8427,0.3226,0.2698,0.2698,63,0.2698,63,0.2759,58,BR,5,6,877,882
752,188,63,0.4127,0.3695,6.1512,0.4841,0.4127,0.4127,63,0.303,33,0.303,33,BR,5,7,940,945
802,201,63,0.2857,0.3481,0.7796,0.2927,0.3333,0.2143,42,0.2143,42,,0,BR,5,8,1003,1008
399,100,63,0.5397,0.2961,2.4947,0.3696,0.5397,0.5397,63,0.0714,14,0.0714,14,BLDR,5,0,499,504
449,113,63,0.4127,0.4769,1.2773,0.3228,0.4286,0.4167,60,0.4167,60,0.4167,60,BLDR,5,1,562,567
500,125,63,0.5714,0.5,0.6891,0.248,0.5714,0.5714,63,,0,,0,BLDR,5,2,625,630
550,138,63,0.3651,0.1543,4.1987,0.453,0.4286,0.0,13,0.0,13,0.0,13,BLDR,5,3,688,693
600,151,63,0.2857,0.5142,0.9878,0.2813,0.2857,0.2857,63,0.3333,6,0.3333,6,BLDR,5,4,751,756
651,163,63,0.6825,0.7235,0.7391,0.19,0.5873,0.9474,19,0.9474,19,0.9474,19,BLDR,5,5,814,819
701,176,63,0.4762,0.5193,3.0907,0.3605,0.4603,0.4231,26,0.4231,26,0.4231,26,BLDR,5,6,877,882
752,188,63,0.5873,0.6192,0.6877,0.2469,0.4603,0.5556,27,0.5556,27,0.5556,27,BLDR,5,7,940,945
802,201,63,0.4127,0.3056,0.8052,0.3037,0.2698,0.1429,28,0.12,25,0.12,25,BLDR,5,8,1003,1008
399,100,63,0.6032,0.5624,0.6917,0.2502,0.5397,0.5882,51,0.5,10,0.5,10,CHRW,5,0,499,504
449,113,63,0.5714,0.7041,0.7046,0.2561,0.6825,0.8077,26,0.7333,15,0.7333,15,CHRW,5,1,562,567
500,125,63,0.4603,0.4899,7.68,0.5081,0.5397,0.5,8,,0,,0,CHRW,5,2,625,630
550,138,63,0.4603,0.5969,0.6738,0.2408,0.4603,0.4603,63,0.7273,11,0.7273,11,CHRW,5,3,688,693
600,151,63,0.4921,0.5304,1.2077,0.2767,0.4603,0.4667,45,0.6667,6,,0,CHRW,5,4,751,756
651,163,63,0.5873,0.5432,0.6759,0.2415,0.5714,0.5806,62,0.6,10,0.8,5,CHRW,5,5,814,819
701,176,63,0.6032,0.6389,0.9088,0.2516,0.6032,0.8824,17,1.0,12,1.0,3,CHRW,5,6,877,882
752,188,63,0.3175,0.5506,0.7103,0.2582,0.7143,1.0,2,1.0,2,1.0,2,CHRW,5,7,940,945
802,201,63,0.4444,0.5395,0.764,0.2843,0.3968,0.4167,60,0.4167,60,0.4167,60,CHRW,5,8,1003,1008
399,100,63,0.4762,0.5684,0.7126,0.259,0.5556,0.6,10,0.3333,3,0.3333,3,CARR,5,0,499,504
449,113,63,0.4762,0.4797,0.7366,0.2706,0.5397,0.6667,3,0.6667,3,0.6667,3,CARR,5,1,562,567
500,125,63,0.6349,0.5,0.6886,0.2477,0.6349,0.6349,63,,0,,0,CARR,5,2,625,630
550,138,63,0.3492,0.5843,6.7917,0.5601,0.3492,0.3492,63,0.3492,63,0.3455,55,CARR,5,3,688,693
600,151,63,0.5714,0.5,0.6851,0.246,0.5714,0.5714,63,,0,,0,CARR,5,4,751,756
651,163,63,0.381,0.4265,0.7104,0.2588,0.5556,0.4,20,1.0,4,1.0,4,CARR,5,5,814,819
701,176,63,0.3968,0.5651,0.7304,0.2684,0.3175,0.3448,58,0.3519,54,0.0,3,CARR,5,6,877,882
752,188,63,0.4127,0.4495,0.7098,0.2576,0.6032,0.6,5,0.6,5,0.6,5,CARR,5,7,940,945
802,201,63,0.4762,0.5,0.6934,0.2501,0.4762,0.4762,63,,0,,0,CARR,5,8,1003,1008
399,100,63,0.6825,0.5,0.6889,0.2479,0.6825,0.6825,63,,0,,0,CAT,5,0,499,504
449,113,63,0.4762,0.5294,0.8716,0.328,0.4603,0.4677,62,0.4677,62,0.4677,62,CAT,5,1,562,567
500,125,63,0.6349,0.4848,0.6758,0.2393,0.6349,0.6349,63,0.6349,63,0.6,10,CAT,5,2,625,630
550,138,63,0.381,0.3168,0.7177,0.2622,0.3651,0.1923,26,,0,,0,CAT,5,3,688,693
600,151,63,0.6667,0.7292,0.5972,0.2105,0.4603,0.6176,34,0.6176,34,0.8333,6,CAT,5,4,751,756
651,163,63,0.6508,0.5108,0.6903,0.2485,0.6984,0.7037,54,,0,,0,CAT,5,5,814,819
701,176,63,0.5714,0.5377,1.454,0.2833,0.6984,0.7931,29,0.7931,29,0.7391,23,CAT,5,6,877,882
752,188,63,0.6032,0.3192,1.2045,0.2875,0.6667,0.6491,57,0.48,25,0.4615,13,CAT,5,7,940,945
802,201,63,0.6349,0.4424,0.6693,0.2373,0.6349,0.6349,63,0.6349,63,0.6349,63,CAT,5,8,1003,1008
399,100,63,0.5556,0.5138,1.4741,0.2884,0.5556,0.5636,55,0.5636,55,0.5636,55,CTAS,5,0,499,504
449,113,63,0.5556,0.5909,3.0143,0.3304,0.6508,0.7097,31,0.8571,14,0.8571,14,CTAS,5,1,562,567
500,125,63,0.6508,0.4363,0.9111,0.2511,0.6508,0.6557,61,0.5938,32,0.5806,31,CTAS,5,2,625,630
550,138,63,0.5556,0.5036,4.5821,0.3686,0.5556,0.5556,63,0.5556,63,0.5763,59,CTAS,5,3,688,693
600,151,63,0.5714,0.463,1.1725,0.2707,0.5714,0.5789,57,0.5789,57,0.5789,57,CTAS,5,4,751,756
651,163,63,0.4444,0.4558,0.7883,0.2895,0.6032,0.5455,33,0.5455,33,0.5455,33,CTAS,5,5,814,819
701,176,63,0.3175,0.5,0.7859,0.2957,0.3175,0.3175,63,0.3175,63,,0,CTAS,5,6,877,882
752,188,63,0.4286,0.5,0.6939,0.2504,0.5714,,0,,0,,0,CTAS,5,7,940,945
802,201,63,0.4444,0.4148,0.6984,0.2526,0.4127,0.3043,23,0.0,1,,0,CTAS,5,8,1003,1008
399,100,63,0.6667,0.6602,3.2575,0.3347,0.6508,0.8125,32,0.7727,22,,0,FIX,5,0,499,504
449,113,63,0.3968,0.5844,2.4912,0.3845,0.381,0.3871,62,0.3871,62,0.3871,62,FIX,5,1,562,567
500,125,63,0.6667,0.6431,0.6367,0.2227,0.7619,0.8462,39,0.8462,39,0.8462,39,FIX,5,2,625,630
550,138,63,0.5873,0.4839,0.6886,0.2477,0.5873,0.5873,63,0.5455,22,0.5714,21,FIX,5,3,688,693
600,151,63,0.4444,0.499,0.764,0.2865,0.4444,0.4444,63,0.4444,63,0.4118,51,FIX,5,4,751,756
651,163,63,0.7619,0.5,0.6335,0.2203,0.7619,0.7619,63,0.7619,63,,0,FIX,5,5,814,819
701,176,63,0.5556,0.4902,3.0345,0.3373,0.6349,0.625,48,0.6304,46,0.6304,46,FIX,5,6,877,882
752,188,63,0.6508,0.4756,0.6502,0.2288,0.6508,0.6508,63,0.6508,63,0.6393,61,FIX,5,7,940,945
802,201,63,0.7619,0.6083,0.5626,0.1869,0.7619,0.7619,63,0.7619,63,0.7619,63,FIX,5,8,1003,1008
399,100,63,0.6349,0.5,0.6618,0.2342,0.6349,0.6349,63,0.6349,63,0.6349,63,CPRT,5,0,499,504
449,113,63,0.3651,0.5,0.8677,0.3325,0.3651,0.3651,63,0.3651,63,0.3651,63,CPRT,5,1,562,567
500,125,63,0.7302,0.468,0.6562,0.2318,0.7302,0.7302,63,0.6957,23,0.6957,23,CPRT,5,2,625,630
550,138,63,0.5079,0.4384,0.7169,0.2627,0.4762,0.4909,55,0.3929,28,0.3929,28,CPRT,5,3,688,693
600,151,63,0.6349,0.6022,1.8503,0.2829,0.6349,0.84,25,0.84,25,0.84,25,CPRT,5,4,751,756
651,163,63,0.4921,0.7819,1.6704,0.319,0.4286,0.451,51,0.451,51,0.451,51,CPRT,5,5,814,819
701,176,63,0.3492,0.5809,4.0041,0.3886,0.3492,0.3492,63,0.4242,33,0.4643,28,CPRT,5,6,877,882
752,188,63,0.4286,0.5386,3.5292,0.4012,0.4286,0.4262,61,0.4528,53,0.4412,34,CPRT,5,7,940,945
802,201,63,0.5079,0.3909,1.659,0.2964,0.4127,0.2222,9,0.0,5,0.0,4,CPRT,5,8,1003,1008
399,100,63,0.3016,0.4689,0.7557,0.281,0.3016,0.3016,63,0.3016,63,,0,CSX,5,0,499,504
449,113,63,0.6667,0.6096,0.6668,0.237,0.4286,0.8,10,0.6667,3,1.0,2,CSX,5,1,562,567
500,125,63,0.4286,0.6024,4.0993,0.4234,0.5714,,0,,0,,0,CSX,5,2,625,630
550,138,63,0.5079,0.4722,0.7315,0.268,0.4286,0.375,16,0.375,16,0.3333,12,CSX,5,3,688,693
600,151,63,0.5714,0.6395,5.5387,0.4134,0.3968,0.4773,44,0.5,42,0.5,42,CSX,5,4,751,756
651,163,63,0.4286,0.5389,0.7313,0.2685,0.7619,0.8333,18,0.8333,18,0.8333,18,CSX,5,5,814,819
701,176,63,0.4762,0.5,0.698,0.2524,0.5238,,0,,0,,0,CSX,5,6,877,882
752,188,63,0.3492,0.3924,1.2978,0.462,0.6349,0.4706,17,0.4706,17,,0,CSX,5,7,940,945
802,201,63,0.619,0.5069,0.6757,0.2413,0.619,0.619,63,0.7143,7,,0,CSX,5,8,1003,1008
399,100,63,0.3651,0.678,4.7406,0.5151,0.6667,1.0,2,1.0,2,1.0,2,CMI,5,0,499,504
449,113,63,0.4286,0.5787,0.8928,0.3338,0.4286,0.4286,63,0.4355,62,0.4355,62,CMI,5,1,562,567
500,125,63,0.7619,0.6401,0.6084,0.2121,0.7143,0.75,60,0.8571,14,0.8462,13,CMI,5,2,625,630
550,138,63,0.6032,0.4715,2.5706,0.3209,0.6825,0.6731,52,0.6429,14,0.7,10,CMI,5,3,688,693
600,151,63,0.4603,0.7373,1.519,0.3345,0.4603,0.4603,63,0.4603,63,0.4603,63,CMI,5,4,751,756
651,163,63,0.7143,0.5222,0.6021,0.2072,0.7143,0.7143,63,0.7143,63,0.7143,63,CMI,5,5,814,819
701,176,63,0.5873,0.499,2.738,0.3089,0.5873,0.5873,63,0.5873,63,0.575,40,CMI,5,6,877,882
752,188,63,0.6984,0.4516,1.5612,0.2554,0.6984,0.6984,63,0.6984,63,0.5556,9,CMI,5,7,940,945
802,201,63,0.5397,0.5877,0.714,0.262,0.5397,0.5397,63,0.5397,63,0.5397,63,CMI,5,8,1003,1008
399,100,63,0.6984,0.5715,0.6478,0.2272,0.6825,0.7069,58,0.717,53,,0,DE,5,0,499,504
449,113,63,0.5238,0.5921,1.2199,0.2922,0.3968,0.4444,45,0.4737,38,0.4737,38,DE,5,1,562,567
500,125,63,0.5873,0.6645,0.6685,0.2394,0.6984,0.7812,32,0.7812,32,0.9474,19,DE,5,2,625,630
550,138,63,0.5714,0.5857,2.3245,0.3031,0.4603,1.0,2,,0,,0,DE,5,3,688,693
600,151,63,0.7619,0.7824,0.6184,0.2128,0.5714,0.92,25,0.92,25,,0,DE,5,4,751,756
651,163,63,0.5238,0.5152,1.1907,0.2802,0.5238,0.6,15,0.4286,7,0.4286,7,DE,5,5,814,819
701,176,63,0.3651,0.5296,0.9309,0.3416,0.4127,0.3654,52,0.3659,41,0.3659,41,DE,5,6,877,882
752,188,63,0.4127,0.3771,0.7466,0.275,0.619,0.5227,44,1.0,2,,0,DE,5,7,940,945
802,201,63,0.4127,0.5826,0.7009,0.2539,0.4127,0.4127,63,0.8333,6,,0,DE,5,8,1003,1008
399,100,63,0.1587,0.5,13.4118,0.8413,0.8413,,0,,0,,0,DAL,5,0,499,504
449,113,63,0.2063,0.5,1.0735,0.4257,0.2063,0.2063,63,0.2063,63,0.2063,63,DAL,5,1,562,567
500,125,63,0.873,0.5182,0.5104,0.1622,0.873,0.873,63,0.873,63,0.873,63,DAL,5,2,625,630
550,138,63,0.5238,0.3981,5.5512,0.4175,0.5714,0.5517,58,0.5517,58,0.5,40,DAL,5,3,688,693
600,151,63,0.5556,0.8225,0.6851,0.2399,0.4603,0.5091,55,0.5091,55,0.7742,31,DAL,5,4,751,756
651,163,63,0.5714,0.535,3.4179,0.3239,0.5714,0.5714,63,0.5714,63,0.65,40,DAL,5,5,814,819
701,176,63,0.3968,0.3609,0.8078,0.2995,0.5079,0.4423,52,,0,,0,DAL,5,6,877,882
752,188,63,0.5556,0.5011,0.7148,0.2604,0.6032,0.6136,44,0.0,1,0.0,1,DAL,5,7,940,945
802,201,63,0.4603,0.4402,0.7187,0.2627,0.4603,0.4603,63,0.4603,63,,0,DAL,5,8,1003,1008
399,100,63,0.3333,0.5,0.8251,0.314,0.6667,,0,,0,,0,DOV,5,0,499,504
449,113,63,0.4762,0.4242,0.7834,0.2902,0.4762,0.4762,63,0.4762,63,0.4762,63,DOV,5,1,562,567
500,125,63,0.6984,0.5526,0.5994,0.2121,0.6984,0.6984,63,0.6909,55,0.7778,18,DOV,5,2,625,630
550,138,63,0.4444,0.4143,0.7306,0.2685,0.4444,0.4444,63,0.4444,63,0.3333,21,DOV,5,3,688,693
600,151,63,0.4444,0.5143,0.7078,0.2573,0.4444,0.4444,63,,0,,0,DOV,5,4,751,756
651,163,63,0.5238,0.6172,1.3428,0.2582,0.4762,0.5,52,0.5769,26,0.7,10,DOV,5,5,814,819
701,176,63,0.6032,0.5726,2.1519,0.3162,0.3968,0.5,28,0.5,24,0.5,24,DOV,5,6,877,882
752,188,63,0.2381,0.559,2.9515,0.3981,0.7619,,0,,0,,0,DOV,5,7,940,945
802,201,63,0.4762,0.4706,0.6917,0.2508,0.4603,0.4677,62,0.0,3,,0,DOV,5,8,1003,1008
399,100,63,0.3175,0.4629,1.2603,0.3148,0.7302,0.8,5,0.8,5,0.8,5,EMR,5,0,499,504
449,113,63,0.4444,0.6026,0.9925,0.29,0.4444,0.4444,63,0.4426,61,0.45,60,EMR,5,1,562,567
500,125,63,0.6349,0.555,1.3338,0.2496,0.619,0.6481,54,0.6481,54,0.6481,54,EMR,5,2,625,630
550,138,63,0.5714,0.4851,0.6991,0.2525,0.4286,0.5,2,0.5,2,0.5,2,EMR,5,3,688,693
600,151,63,0.4444,0.6469,1.2219,0.2817,0.4444,0.4444,63,0.6,15,0.6,15,EMR,5,4,751,756
651,163,63,0.4603,0.4333,1.067,0.3235,0.7619,0.6944,36,1.0,5,1.0,4,EMR,5,5,814,819
701,176,63,0.5397,0.5267,0.6795,0.2438,0.4921,0.6667,6,0.6667,6,1.0,2,EMR,5,6,877,882
752,188,63,0.6032,0.4973,1.0152,0.2722,0.6349,0.6271,59,1.0,1,1.0,1,EMR,5,7,940,945
802,201,63,0.3968,0.4884,2.1961,0.3532,0.3968,0.3968,63,0.3968,63,0.3968,63,EMR,5,8,1003,1008
399,100,63,0.4921,0.4199,0.7142,0.2605,0.4921,0.4921,63,0.4186,43,,0,EFX,5,0,499,504
449,113,63,0.5238,0.4446,0.7064,0.2564,0.6508,0.617,47,0.617,47,0.617,47,EFX,5,1,562,567
500,125,63,0.4603,0.5,0.7377,0.2715,0.4762,0.463,54,0.4717,53,0.4717,53,EFX,5,2,625,630
550,138,63,0.3333,0.3322,0.7719,0.2875,0.4603,0.3725,51,0.3611,36,0.0,3,EFX,5,3,688,693
600,151,63,0.3492,0.3853,1.227,0.2904,0.6032,0.2,5,0.2,5,0.2,5,EFX,5,4,751,756
651,163,63,0.5397,0.5625,0.6829,0.2464,0.5079,1.0,3,1.0,1,1.0,1,EFX,5,5,814,819
701,176,63,0.4762,0.5547,0.9549,0.2713,0.3968,0.4286,56,0.4138,29,0.5,8,EFX,5,6,877,882
752,188,63,0.4762,0.4949,0.6897,0.2512,0.4762,0.4727,55,0.4706,17,0.4706,17,EFX,5,7,940,945
802,201,63,0.4286,0.4743,0.7114,0.2591,0.4286,0.4286,63,0.4,35,,0,EFX,5,8,1003,1008
399,100,63,0.381,0.4239,0.7762,0.2904,0.4603,0.4,50,0.4,50,,0,EXPD,5,0,499,504
449,113,63,0.6825,0.7006,0.8403,0.2241,0.5873,0.8148,27,0.8,10,0.8,10,EXPD,5,1,562,567
500,125,63,0.4603,0.4859,0.702,0.2554,0.5238,0.0,1,0.0,1,0.0,1,EXPD,5,2,625,630
550,138,63,0.6508,0.6602,0.7221,0.2562,0.4444,0.6071,28,0.6071,28,0.6296,27,EXPD,5,3,688,693
600,151,63,0.5873,0.5811,0.8596,0.2334,0.5873,0.5873,63,0.8333,12,0.9091,11,EXPD,5,4,751,756
651,163,63,0.5397,0.5162,0.7015,0.2538,0.5397,0.6471,17,0.6667,3,0.6667,3,EXPD,5,5,814,819
701,176,63,0.381,0.6565,1.0151,0.3037,0.6667,1.0,3,1.0,2,1.0,2,EXPD,5,6,877,882
752,188,63,0.254,0.6423,0.7704,0.2882,0.746,,0,,0,,0,EXPD,5,7,940,945
802,201,63,0.5556,0.5,0.6976,0.252,0.5556,0.5556,63,0.5556,63,0.5556,63,EXPD,5,8,1003,1008
399,100,63,0.4603,0.6369,0.7611,0.2789,0.5238,0.4909,55,0.4909,55,0.5,52,FAST,5,0,499,504
449,113,63,0.4286,0.6106,3.1691,0.3857,0.4286,0.4237,59,0.4386,57,0.4386,57,FAST,5,1,562,567
500,125,63,0.6984,0.6678,0.6735,0.2432,0.6667,0.7447,47,1.0,4,1.0,4,FAST,5,2,625,630
550,138,63,0.3175,0.2684,2.829,0.4192,0.3968,0.1786,28,0.1852,27,0.1852,27,FAST,5,3,688,693
600,151,63,0.6825,0.7398,0.6069,0.2086,0.5556,0.7586,29,0.7586,29,0.8077,26,FAST,5,4,751,756
651,163,63,0.2698,0.7596,0.7662,0.2862,0.7302,,0,,0,,0,FAST,5,5,814,819
701,176,63,0.4444,0.5,0.7051,0.256,0.4444,0.4444,63,,0,,0,FAST,5,6,877,882
752,188,63,0.5556,0.5321,0.7992,0.2877,0.5556,0.5556,63,0.5714,42,0.5714,42,FAST,5,7,940,945
802,201,63,0.4127,0.4621,1.4303,0.2941,0.4127,0.4127,63,0.4127,63,0.3333,12,FAST,5,8,1003,1008
399,100,63,0.4603,0.5276,0.9255,0.2616,0.5556,0.6667,3,0.6667,3,0.6667,3,FDX,5,0,499,504
449,113,63,0.5397,0.64,0.6475,0.2313,0.4603,0.5,50,0.5,50,1.0,5,FDX,5,1,562,567
500,125,63,0.5238,0.65,1.0522,0.318,0.6349,0.7778,18,0.7778,18,,0,FDX,5,2,625,630
550,138,63,0.3968,0.402,0.7252,0.2657,0.5238,0.4242,33,0.3333,3,0.5,2,FDX,5,3,688,693
600,151,63,0.5238,0.6283,1.4224,0.2956,0.4762,0.5,48,0.5,48,0.5227,44,FDX,5,4,751,756
651,163,63,0.5397,0.6008,0.6697,0.2414,0.5714,0.64,25,0.6364,22,0.6364,22,FDX,5,5,814,819
701,176,63,0.3651,0.367,0.7908,0.2971,0.7302,0.65,20,0.65,20,0.65,20,FDX,5,6,877,882
752,188,63,0.3016,0.6695,5.9621,0.4987,0.746,1.0,3,1.0,2,1.0,2,FDX,5,7,940,945
802,201,63,0.5714,0.4954,0.6971,0.2517,0.5714,0.5714,63,0.5574,61,0.5763,59,FDX,5,8,1003,1008
399,100,63,0.4444,0.5396,0.7019,0.2542,0.4286,0.4333,60,0.5,12,0.5,12,FTV,5,0,499,504
449,113,63,0.4286,0.5057,0.7276,0.267,0.4286,0.4286,63,0.4286,63,,0,FTV,5,1,562,567
500,125,63,0.5556,0.5604,0.6953,0.2506,0.619,0.6774,31,0.7222,18,0.7222,18,FTV,5,2,625,630
550,138,63,0.3016,0.4059,2.0111,0.4184,0.5873,0.3333,21,0.4615,13,,0,FTV,5,3,688,693
600,151,63,0.619,0.6736,0.8976,0.2462,0.4127,0.5312,32,0.5312,32,0.75,16,FTV,5,4,751,756
651,163,63,0.3651,0.5636,1.0931,0.3833,0.3651,0.3651,63,0.3651,63,0.3846,39,FTV,5,5,814,819
701,176,63,0.6508,0.5815,1.1004,0.2479,0.6349,0.6731,52,0.6667,24,0.6667,24,FTV,5,6,877,882
752,188,63,0.5238,0.5967,0.766,0.2813,0.5714,0.65,20,0.65,20,1.0,2,FTV,5,7,940,945
802,201,63,0.4921,0.6101,4.5939,0.3788,0.5238,0.6667,3,,0,,0,FTV,5,8,1003,1008
399,100,63,0.8571,0.5103,0.5647,0.1872,0.8571,0.8571,63,0.8571,63,0.8621,29,GE,5,0,499,504
449,113,63,0.4286,0.6265,5.0813,0.4852,0.4286,0.4286,63,0.4286,63,0.4286,63,GE,5,1,562,567
500,125,63,0.619,0.6015,0.6559,0.2333,0.619,0.619,63,0.619,63,0.619,63,GE,5,2,625,630
550,138,63,0.5556,0.6071,0.8484,0.2349,0.6349,0.62,50,0.62,50,0.62,50,GE,5,3,688,693
600,151,63,0.6032,0.7163,1.7912,0.2684,0.6032,0.6032,63,0.6032,63,0.6032,63,GE,5,4,751,756
651,163,63,0.7143,0.5074,1.9313,0.2378,0.7143,0.7143,63,0.7143,63,0.7097,62,GE,5,5,814,819
701,176,63,0.6667,0.6016,0.934,0.2465,0.6349,0.661,59,0.6731,52,0.6731,52,GE,5,6,877,882
752,188,63,0.5556,0.6086,2.7434,0.3101,0.5238,0.5581,43,0.5581,43,0.575,40,GE,5,7,940,945
802,201,63,0.5079,0.5291,0.7347,0.2698,0.4127,0.4242,33,0.4242,33,0.4242,33,GE,5,8,1003,1008
399,100,63,0.4603,0.6003,1.5888,0.3412,0.5873,0.7143,7,0.75,4,,0,GNRC,5,0,499,504
449,113,63,0.5397,0.4189,1.4581,0.3033,0.5397,0.5397,63,0.4667,30,0.4667,30,GNRC,5,1,562,567
500,125,63,0.6349,0.5163,0.6411,0.2271,0.6349,0.6349,63,0.6349,63,0.6349,63,GNRC,5,2,625,630
550,138,63,0.3016,0.3137,1.2128,0.2986,0.3492,0.1333,30,0.0,5,0.0,5,GNRC,5,3,688,693
600,151,63,0.4762,0.4783,3.7325,0.367,0.5079,0.4872,39,0.4848,33,0.4643,28,GNRC,5,4,751,756
651,163,63,0.4127,0.3815,0.7715,0.2883,0.7143,0.6176,34,,0,,0,GNRC,5,5,814,819
701,176,63,0.5873,0.5,0.6921,0.2495,0.4127,,0,,0,,0,GNRC,5,6,877,882
752,188,63,0.6825,0.4785,0.6723,0.2396,0.6825,0.6825,63,,0,,0,GNRC,5,7,940,945
802,201,63,0.3651,0.5304,0.7523,0.2791,0.6349,,0,,0,,0,GNRC,5,8,1003,1008
399,100,63,0.7619,0.7576,0.7633,0.1882,0.6349,0.7451,51,0.8125,32,0.8125,32,GD,5,0,499,504
449,113,63,0.4762,0.5993,0.7642,0.2761,0.4921,0.4808,52,0.6,30,0.6,30,GD,5,1,562,567
500,125,63,0.7619,0.7216,0.5891,0.1994,0.6032,0.7255,51,0.7381,42,0.7381,42,GD,5,2,625,630
550,138,63,0.4286,0.5737,1.0458,0.316,0.3333,0.3585,53,0.3654,52,0.3654,52,GD,5,3,688,693
600,151,63,0.5714,0.6211,0.6645,0.2362,0.5873,0.6389,36,0.7857,14,0.7857,14,GD,5,4,751,756
651,163,63,0.4286,0.5813,0.7657,0.2835,0.6984,0.9,10,0.8889,9,,0,GD,5,5,814,819
701,176,63,0.5079,0.5785,0.6942,0.2505,0.619,0.9,10,,0,,0,GD,5,6,877,882
752,188,63,0.4921,0.5847,0.7531,0.2781,0.4921,0.4915,59,0.4915,59,0.4915,59,GD,5,7,940,945
802,201,63,0.4286,0.6505,3.7897,0.3901,0.3968,0.4035,57,0.4583,48,0.5,42,GD,5,8,1003,1008
399,100,63,0.4127,0.5,0.723,0.2648,0.5873,,0,,0,,0,HON,5,0,499,504
449,113,63,0.5397,0.4296,0.7257,0.2647,0.5556,0.5517,58,0.5439,57,0.5439,57,HON,5,1,562,567
500,125,63,0.4603,0.516,0.7238,0.2652,0.619,0.6471,17,0.6471,17,0.6667,15,HON,5,2,625,630
550,138,63,0.4762,0.702,0.6975,0.2544,0.4762,0.4762,63,0.5714,42,0.5854,41,HON,5,3,688,693
600,151,63,0.619,0.39,1.4551,0.2943,0.619,0.619,63,0.4737,19,0.3,10,HON,5,4,751,756
651,163,63,0.4921,0.5519,0.6875,0.249,0.4921,0.48,25,0.48,25,0.48,25,HON,5,5,814,819
701,176,63,0.6349,0.556,0.6969,0.2525,0.3651,0.5,16,0.375,8,0.375,8,HON,5,6,877,882
752,188,63,0.4286,0.4241,3.8238,0.3981,0.7143,0.8,15,0.8,15,,0,HON,5,7,940,945
802,201,63,0.4603,0.4939,0.7098,0.2578,0.4603,0.4561,57,,0,,0,HON,5,8,1003,1008
399,100,63,0.2381,0.2531,0.8292,0.3163,0.7143,0.4,15,0.2727,11,,0,HWM,5,0,499,504
449,113,63,0.5556,0.3673,1.9265,0.3213,0.5556,0.5556,63,0.5556,63,0.5556,63,HWM,5,1,562,567
500,125,63,0.7143,0.5667,0.5706,0.1974,0.7143,0.7143,63,0.7143,63,0.7143,63,HWM,5,2,625,630
550,138,63,0.6032,0.3611,3.2679,0.3382,0.6032,0.6032,63,0.6,60,0.5818,55,HWM,5,3,688,693
600,151,63,0.5714,0.6528,0.6782,0.2429,0.5714,0.5714,63,0.5714,63,0.5714,63,HWM,5,4,751,756
651,163,63,0.6508,0.5377,0.6435,0.226,0.6508,0.6508,63,0.6508,63,0.6538,52,HWM,5,5,814,819
701,176,63,0.6984,0.5114,0.6203,0.2168,0.6984,0.6984,63,0.6984,63,1.0,3,HWM,5,6,877,882
752,188,63,0.5238,0.4047,2.8298,0.343,0.5079,0.5161,62,0.5161,62,0.36,25,HWM,5,7,940,945
802,201,63,0.4603,0.7759,0.6667,0.2425,0.4603,0.4603,63,0.4545,55,0.641,39,HWM,5,8,1003,1008
399,100,63,0.6667,0.5981,1.364,0.2637,0.6508,0.7,50,0.7059,34,,0,HUBB,5,0,499,504
449,113,63,0.3968,0.5089,0.9465,0.3577,0.3968,0.3968,63,0.3958,48,0.3958,48,HUBB,5,1,562,567
500,125,63,0.6349,0.6109,0.8915,0.2417,0.6508,0.65,60,0.7,40,0.9091,11,HUBB,5,2,625,630
550,138,63,0.4762,0.6021,0.7326,0.2675,0.3968,0.4259,54,0.45,20,0.5,18,HUBB,5,3,688,693
600,151,63,0.3651,0.5278,3.9938,0.471,0.3333,0.3443,61,0.3443,61,0.3182,44,HUBB,5,4,751,756
651,163,63,0.2857,0.5,0.757,0.2818,0.7143,,0,,0,,0,HUBB,5,5,814,819
701,176,63,0.6667,0.6481,0.6669,0.2371,0.5397,0.6383,47,,0,,0,HUBB,5,6,877,882
752,188,63,0.6984,0.5951,0.6648,0.2316,0.6984,0.7451,51,0.7451,51,,0,HUBB,5,7,940,945
802,201,63,0.4286,0.5288,1.1086,0.3426,0.4286,0.4286,63,0.4286,63,0.4286,63,HUBB,5,8,1003,1008
399,100,63,0.6667,0.6998,0.5799,0.2056,0.5397,0.6226,53,0.875,8,1.0,2,HII,5,0,499,504
449,113,63,0.5714,0.6038,1.608,0.2765,0.5079,0.6,25,0.6,25,0.6,25,HII,5,1,562,567
500,125,63,0.5556,0.549,3.9605,0.3613,0.4762,0.52,50,0.5532,47,0.5532,47,HII,5,2,625,630
550,138,63,0.4603,0.5,0.7552,0.28,0.4603,0.4603,63,0.4603,63,0.4603,63,HII,5,3,688,693
600,151,63,0.7302,0.6712,0.6618,0.2344,0.6667,0.766,47,,0,,0,HII,5,4,751,756
651,163,63,0.3651,0.3583,0.8142,0.3084,0.6984,0.5667,30,0.5517,29,,0,HII,5,5,814,819
701,176,63,0.6667,0.5333,0.8636,0.2295,0.6508,0.6667,60,0.6667,60,0.6667,60,HII,5,6,877,882
752,188,63,0.6667,0.5,0.6567,0.2293,0.6667,0.6667,63,0.6667,63,0.6667,63,HII,5,7,940,945
802,201,63,0.3968,0.5837,3.4192,0.4156,0.3968,0.3968,63,0.3968,63,0.3968,63,HII,5,8,1003,1008
399,100,63,0.3968,0.3895,5.2595,0.4605,0.5397,0.4167,24,,0,,0,IEX,5,0,499,504
449,113,63,0.3492,0.6889,0.8689,0.3335,0.2857,0.2982,57,0.2982,57,0.3036,56,IEX,5,1,562,567
500,125,63,0.4286,0.5776,0.7372,0.2731,0.6508,0.6923,13,0.6923,13,0.6923,13,IEX,5,2,625,630
550,138,63,0.6032,0.3368,3.9356,0.3543,0.3968,,0,,0,,0,IEX,5,3,688,693
600,151,63,0.5079,0.6826,2.0061,0.2772,0.4286,0.4545,44,0.4419,43,0.7083,24,IEX,5,4,751,756
651,163,63,0.4921,0.4874,0.7202,0.2606,0.4921,0.4,5,0.4,5,0.5,4,IEX,5,5,814,819
701,176,63,0.4286,0.537,0.7369,0.2709,0.5714,,0,,0,,0,IEX,5,6,877,882
752,188,63,0.5238,0.571,0.6648,0.2363,0.7143,0.7143,35,0.8889,9,1.0,8,IEX,5,7,940,945
802,201,63,0.5397,0.5203,1.4213,0.2879,0.5397,0.5397,63,0.5397,63,0.549,51,IEX,5,8,1003,1008
399,100,63,0.6032,0.517,2.9862,0.3207,0.4286,0.5556,18,0.5556,18,0.5294,17,ITW,5,0,499,504
449,113,63,0.6349,0.6435,1.6198,0.2798,0.4127,0.6,15,0.5,12,0.5,12,ITW,5,1,562,567
500,125,63,0.5238,0.68,0.7119,0.2592,0.6984,0.8889,18,0.8889,18,0.8889,18,ITW,5,2,625,630
550,138,63,0.6508,0.6706,1.2616,0.2297,0.3333,0.4444,9,0.4286,7,0.4286,7,ITW,5,3,688,693
600,151,63,0.5873,0.7921,0.647,0.2286,0.5397,0.569,58,0.8824,17,,0,ITW,5,4,751,756
651,163,63,0.6825,0.5484,0.7909,0.2792,0.6349,0.7083,48,0.5714,21,0.5714,21,ITW,5,5,814,819
701,176,63,0.6984,0.6804,2.5972,0.2517,0.4127,0.8889,9,0.8889,9,0.8889,9,ITW,5,6,877,882
752,188,63,0.5714,0.4586,0.7092,0.2551,0.6667,0.6316,57,0.6889,45,0.6889,45,ITW,5,7,940,945
802,201,63,0.6825,0.5399,1.2294,0.2139,0.254,0.1667,6,0.0,2,0.0,2,ITW,5,8,1003,1008
399,100,63,0.6032,0.5,0.6815,0.2438,0.6032,0.6032,63,0.6032,63,0.6032,63,IR,5,0,499,504
449,113,63,0.5556,0.6148,0.8371,0.2986,0.5556,0.5556,63,0.5556,63,0.5556,63,IR,5,1,562,567
500,125,63,0.6032,0.5,0.6718,0.2394,0.6032,0.6032,63,0.6032,63,0.6032,63,IR,5,2,625,630
550,138,63,0.3968,0.5,0.7286,0.2676,0.3968,0.3968,63,0.3968,63,,0,IR,5,3,688,693
600,151,63,0.4762,0.5298,0.7228,0.2645,0.4762,0.4762,63,0.4918,61,0.4915,59,IR,5,4,751,756
651,163,63,0.5079,0.5416,0.6938,0.2506,0.5397,0.8,5,0.8,5,0.8,5,IR,5,5,814,819
701,176,63,0.5714,0.512,0.681,0.244,0.5873,0.5806,62,0.5556,36,0.5758,33,IR,5,6,877,882
752,188,63,0.6508,0.5967,0.6364,0.2234,0.6349,0.6452,62,0.6909,55,0.6667,3,IR,5,7,940,945
802,201,63,0.254,0.508,1.7994,0.3619,0.254,0.254,63,0.254,63,0.2642,53,IR,5,8,1003,1008
399,100,63,0.4286,0.588,1.2519,0.2992,0.3651,0.3774,53,0.4222,45,0.4419,43,JBHT,5,0,499,504
449,113,63,0.4762,0.6505,3.0302,0.346,0.4762,0.4762,63,0.4828,58,0.4737,57,JBHT,5,1,562,567
500,125,63,0.6667,0.7126,0.6218,0.2193,0.619,0.875,24,0.875,24,0.875,24,JBHT,5,2,625,630
550,138,63,0.5556,0.68,0.6107,0.2229,0.3968,0.3846,13,0.3846,13,0.3846,13,JBHT,5,3,688,693
600,151,63,0.5238,0.7827,1.3373,0.263,0.4444,0.4815,54,0.4815,54,0.4815,54,JBHT,5,4,751,756
651,163,63,0.5079,0.5242,1.6403,0.2851,0.4921,0.5,4,0.5,4,0.5,4,JBHT,5,5,814,819
701,176,63,0.5556,0.5874,1.3752,0.2709,0.5238,0.6,25,0.6,25,0.6,25,JBHT,5,6,877,882
752,188,63,0.3492,0.3853,5.4749,0.5364,0.6508,,0,,0,,0,JBHT,5,7,940,945
802,201,63,0.5397,0.497,0.6919,0.2494,0.5397,0.5397,63,,0,,0,JBHT,5,8,1003,1008
399,100,63,0.5397,0.4208,1.5781,0.3335,0.5714,0.5574,61,0.5636,55,0.54,50,J,5,0,499,504
449,113,63,0.4762,0.6207,0.9052,0.2544,0.4762,0.4762,63,0.5,56,0.6923,13,J,5,1,562,567
500,125,63,0.5238,0.5172,0.7292,0.267,0.6508,0.6078,51,0.8,5,0.75,4,J,5,2,625,630
550,138,63,0.6667,0.5327,0.6759,0.2414,0.3492,0.6667,3,0.5,2,0.5,2,J,5,3,688,693
600,151,63,0.4762,0.4614,3.1191,0.3722,0.3651,0.375,40,0.3182,22,0.3182,22,J,5,4,751,756
651,163,63,0.2857,0.4469,0.8054,0.3052,0.7143,,0,,0,,0,J,5,5,814,819
701,176,63,0.4444,0.6796,5.0332,0.385,0.5556,,0,,0,,0,J,5,6,877,882
752,188,63,0.4762,0.5333,0.7028,0.2548,0.4762,0.4762,63,0.4762,63,1.0,1,J,5,7,940,945
802,201,63,0.5397,0.6375,0.8219,0.3037,0.3492,0.4255,47,0.4255,47,0.4255,47,J,5,8,1003,1008
399,100,63,0.6032,0.5386,1.14,0.2592,0.4286,1.0,2,1.0,2,,0,APTV,5,0,499,504
449,113,63,0.6667,0.6721,1.0442,0.2245,0.3968,0.7,10,0.7,10,0.7,10,APTV,5,1,562,567
500,125,63,0.4921,0.5107,0.7359,0.2689,0.4444,0.1667,6,0.0,4,0.0,4,APTV,5,2,625,630
550,138,63,0.6508,0.5378,3.4737,0.2672,0.6825,0.6721,61,0.7407,54,0.7407,54,APTV,5,3,688,693
600,151,63,0.5873,0.7333,0.615,0.2133,0.5238,0.5745,47,0.84,25,0.84,25,APTV,5,4,751,756
651,163,63,0.5714,0.5556,0.7053,0.255,0.4762,0.5714,21,0.5714,21,0.55,20,APTV,5,5,814,819
701,176,63,0.3492,0.5372,0.8393,0.3206,0.746,0.8,10,,0,,0,APTV,5,6,877,882
752,188,63,0.5238,0.6268,0.672,0.2396,0.5238,0.7143,7,0.7143,7,0.7143,7,APTV,5,7,940,945
802,201,63,0.2222,0.6254,7.1815,0.559,0.2222,0.2222,63,0.2708,48,0.2708,48,APTV,5,8,1003,1008
399,100,63,0.5238,0.4167,6.4862,0.4539,0.5238,0.5238,63,0.4915,59,0.4902,51,AZO,5,0,499,504
449,113,63,0.4921,0.5323,0.6875,0.2474,0.4921,0.4921,63,1.0,1,1.0,1,AZO,5,1,562,567
500,125,63,0.5556,0.5,0.6905,0.2487,0.4444,,0,,0,,0,AZO,5,2,625,630
550,138,63,0.619,0.5801,0.6812,0.2441,0.5556,0.6,55,,0,,0,AZO,5,3,688,693
600,151,63,0.4127,0.4491,0.7071,0.257,0.5873,0.5,30,,0,,0,AZO,5,4,751,756
651,163,63,0.4286,0.4086,0.6994,0.2531,0.5238,0.4727,55,,0,,0,AZO,5,5,814,819
701,176,63,0.4762,0.354,0.7401,0.2729,0.4762,0.4762,63,0.1429,14,0.1667,12,AZO,5,6,877,882
752,188,63,0.5238,0.4172,0.7495,0.2722,0.5238,0.5238,63,0.4565,46,0.5385,13,AZO,5,7,940,945
802,201,63,0.5238,0.6657,0.6435,0.2289,0.5238,0.5238,63,0.8235,17,0.8235,17,AZO,5,8,1003,1008
399,100,63,0.5873,0.3857,3.0158,0.3289,0.4127,,0,,0,,0,BBY,5,0,499,504
449,113,63,0.5873,0.6189,0.8756,0.2404,0.4444,1.0,2,1.0,2,1.0,2,BBY,5,1,562,567
500,125,63,0.5556,0.4374,0.8355,0.3047,0.4762,0.75,4,0.6667,3,0.6667,3,BBY,5,2,625,630
550,138,63,0.5556,0.5294,0.9022,0.25,0.4603,1.0,1,1.0,1,1.0,1,BBY,5,3,688,693
600,151,63,0.5397,0.6168,2.223,0.2792,0.5556,0.5682,44,0.5682,44,0.6111,36,BBY,5,4,751,756
651,163,63,0.4921,0.5781,0.7264,0.2655,0.4921,0.4921,63,0.5345,58,0.5345,58,BBY,5,5,814,819
701,176,63,0.6667,0.7195,0.668,0.2375,0.6032,0.8148,27,1.0,6,,0,BBY,5,6,877,882
752,188,63,0.5873,0.6196,0.9265,0.2575,0.3016,0.3793,29,0.3929,28,0.3929,28,BBY,5,7,940,945
802,201,63,0.3968,0.5215,1.6969,0.3167,0.3333,0.3559,59,0.3559,59,0.3559,59,BBY,5,8,1003,1008
399,100,63,0.6349,0.6404,0.6665,0.2364,0.4762,0.5854,41,0.5854,41,0.5854,41,BKNG,5,0,499,504
449,113,63,0.6349,0.6111,0.6612,0.2332,0.5714,0.6275,51,0.6275,51,0.6275,51,BKNG,5,1,562,567
500,125,63,0.5397,0.5085,0.7864,0.2836,0.7937,0.7692,39,0.7632,38,0.875,24,BKNG,5,2,625,630
550,138,63,0.4444,0.4061,0.7755,0.2866,0.4444,0.4444,63,0.4444,63,0.3438,32,BKNG,5,3,688,693
600,151,63,0.2222,0.2511,0.761,0.2808,0.6032,0.2609,23,0.2609,23,0.3333,3,BKNG,5,4,751,756
651,163,63,0.5714,0.5139,0.6829,0.2449,0.5714,0.5714,63,0.5714,63,1.0,1,BKNG,5,5,814,819
701,176,63,0.3333,0.5,0.7241,0.2654,0.3333,0.3333,63,,0,,0,BKNG,5,6,877,882
752,188,63,0.4762,0.4636,0.7749,0.2856,0.5238,0.5,38,0.5,38,0.5,30,BKNG,5,7,940,945
802,201,63,0.6349,0.701,2.3249,0.3102,0.4444,0.5676,37,0.5676,37,0.5676,37,BKNG,5,8,1003,1008
399,100,63,0.6508,0.6055,0.6272,0.2208,0.4286,0.8571,7,0.8571,7,0.8571,7,CCL,5,0,499,504
449,113,63,0.6032,0.6074,0.677,0.2419,0.4921,0.5882,34,0.5758,33,0.5938,32,CCL,5,1,562,567
500,125,63,0.4762,0.5382,1.3532,0.3381,0.6508,0.587,46,0.587,46,0.6,35,CCL,5,2,625,630
550,138,63,0.4286,0.5972,0.9227,0.2598,0.5714,,0,,0,,0,CCL,5,3,688,693
600,151,63,0.4921,0.849,0.6672,0.2405,0.4444,0.4667,60,0.4727,55,0.65,40,CCL,5,4,751,756
651,163,63,0.6349,0.7092,0.6419,0.2256,0.6667,0.9524,21,0.9444,18,0.8889,9,CCL,5,5,814,819
701,176,63,0.5873,0.4717,0.6863,0.2462,0.3651,0.2,5,0.2,5,0.2,5,CCL,5,6,877,882
752,188,63,0.4444,0.4562,0.7904,0.2965,0.619,0.75,8,0.7143,7,0.7143,7,CCL,5,7,940,945
802,201,63,0.5873,0.6234,0.8616,0.3016,0.3651,0.4634,41,0.45,40,0.4516,31,CCL,5,8,1003,1008
399,100,63,0.3492,0.5188,1.8653,0.3838,0.6508,,0,,0,,0,CVNA,5,0,499,504
449,113,63,0.4444,0.4586,0.7058,0.2563,0.5238,0.4583,24,0.4583,24,,0,CVNA,5,1,562,567
500,125,63,0.746,0.5957,0.6176,0.2135,0.746,0.746,63,0.75,60,1.0,2,CVNA,5,2,625,630
550,138,63,0.5873,0.4064,0.7178,0.2615,0.5873,0.5873,63,0.5385,52,0.5385,52,CVNA,5,3,688,693
600,151,63,0.5556,0.4548,1.1895,0.2772,0.5873,0.5738,61,0.5738,61,0.5738,61,CVNA,5,4,751,756
651,163,63,0.6032,0.5,0.679,0.2427,0.6032,0.6032,63,0.6032,63,0.6032,63,CVNA,5,5,814,819
701,176,63,0.4603,0.5081,0.7725,0.2883,0.4603,0.4603,63,0.4237,59,0.431,58,CVNA,5,6,877,882
752,188,63,0.4762,0.4419,2.8362,0.3441,0.5238,0.5,34,0.6667,3,,0,CVNA,5,7,940,945
802,201,63,0.5714,0.574,0.6482,0.232,0.4603,0.5625,16,0.7,10,0.7,10,CVNA,5,8,1003,1008
399,100,63,0.6984,0.5341,0.6362,0.2219,0.6984,0.6984,63,0.6984,63,1.0,3,CMG,5,0,499,504
449,113,63,0.4444,0.5765,1.075,0.3263,0.3492,0.3617,47,0.3778,45,0.3864,44,CMG,5,1,562,567
500,125,63,0.5079,0.5208,2.0264,0.2763,0.619,0.6333,30,0.6818,22,0.6667,21,CMG,5,2,625,630
550,138,63,0.4921,0.4485,2.1089,0.3105,0.4762,0.4667,30,0.44,25,0.4,10,CMG,5,3,688,693
600,151,63,0.4921,0.6029,0.7085,0.2575,0.4286,0.4545,55,0.4545,55,0.6,15,CMG,5,4,751,756
651,163,63,0.4444,0.5042,0.7022,0.255,0.4127,0.4262,61,0.3684,19,0.3636,11,CMG,5,5,814,819
701,176,63,0.5714,0.6462,0.7589,0.2782,0.3651,0.4474,38,0.4474,38,0.4828,29,CMG,5,6,877,882
752,188,63,0.6032,0.6114,0.703,0.2548,0.6349,0.7586,29,,0,,0,CMG,5,7,940,945
802,201,63,0.5714,0.5932,0.7028,0.2543,0.3968,0.45,20,0.3846,13,0.3846,13,CMG,5,8,1003,1008
399,100,63,0.4603,0.5005,1.4211,0.291,0.4444,0.4464,56,0.4464,56,0.4464,56,DRI,5,0,499,504
449,113,63,0.4603,0.4706,0.975,0.2803,0.4603,0.4603,63,0.4603,63,0.0,2,DRI,5,1,562,567
500,125,63,0.4286,0.5324,0.7038,0.2553,0.5714,,0,,0,,0,DRI,5,2,625,630
550,138,63,0.5556,0.5423,4.6317,0.3815,0.5079,1.0,4,1.0,4,1.0,4,DRI,5,3,688,693
600,151,63,0.5079,0.5924,0.7067,0.2566,0.4762,0.3333,3,,0,,0,DRI,5,4,751,756
651,163,63,0.4603,0.5308,2.3282,0.3165,0.5238,0.0,1,0.0,1,0.0,1,DRI,5,5,814,819
701,176,63,0.4762,0.5045,1.3895,0.2754,0.4762,0.4762,63,0.5,6,0.5,6,DRI,5,6,877,882
752,188,63,0.6032,0.5126,0.6929,0.249,0.6032,0.6383,47,0.6667,9,0.6667,9,DRI,5,7,940,945
802,201,63,0.4127,0.5491,0.7085,0.2576,0.381,0.3556,45,0.8571,7,0.8571,7,DRI,5,8,1003,1008
399,100,63,0.619,0.3718,0.6819,0.2435,0.619,0.619,63,0.619,63,0.619,63,DECK,5,0,499,504
449,113,63,0.3492,0.5,0.9172,0.3541,0.3492,0.3492,63,0.3492,63,0.3492,63,DECK,5,1,562,567
500,125,63,0.5714,0.5,0.69,0.2484,0.5714,0.5714,63,,0,,0,DECK,5,2,625,630
550,138,63,0.5397,0.4519,0.6997,0.2533,0.619,0.5926,54,,0,,0,DECK,5,3,688,693
600,151,63,0.3651,0.8659,3.1477,0.3877,0.3492,0.3548,62,0.3548,62,0.44,50,DECK,5,4,751,756
651,163,63,0.5556,0.5465,0.7142,0.2594,0.4762,0.5357,28,0.5357,28,0.5357,28,DECK,5,5,814,819
701,176,63,0.4762,0.4668,0.7544,0.2786,0.4444,0.3913,23,0.4091,22,0.4091,22,DECK,5,6,877,882
752,188,63,0.3651,0.586,0.7607,0.2847,0.6825,1.0,3,1.0,3,1.0,2,DECK,5,7,940,945
802,201,63,0.4603,0.3889,0.7773,0.2901,0.4286,0.4426,61,0.4426,61,0.4426,61,DECK,5,8,1003,1008
399,100,63,0.4444,0.5258,0.6907,0.2488,0.6032,0.7143,7,0.7143,7,0.7143,7,DPZ,5,0,499,504
449,113,63,0.5556,0.5882,0.7532,0.2771,0.4603,0.5088,57,0.5088,57,0.5088,57,DPZ,5,1,562,567
500,125,63,0.4762,0.3636,0.9469,0.2677,0.4603,0.4677,62,0.0,1,0.0,1,DPZ,5,2,625,630
550,138,63,0.4762,0.4688,0.7086,0.2576,0.4921,0.0,2,0.0,2,0.0,2,DPZ,5,3,688,693
600,151,63,0.4127,0.5,0.7215,0.2641,0.5873,,0,,0,,0,DPZ,5,4,751,756
651,163,63,0.4127,0.4397,1.0343,0.3023,0.4127,0.4127,63,0.3846,26,0.0,7,DPZ,5,5,814,819
701,176,63,0.4603,0.5,0.6952,0.251,0.4603,0.4603,63,,0,,0,DPZ,5,6,877,882
752,188,63,0.4921,0.6429,2.0454,0.2818,0.3651,0.4182,55,0.5,14,0.5,14,DPZ,5,7,940,945
802,201,63,0.4762,0.4235,5.0932,0.4756,0.3492,0.3922,51,0.3922,51,0.2432,37,DPZ,5,8,1003,1008
399,100,63,0.5397,0.3958,1.2236,0.2919,0.6032,0.5849,53,0.5111,45,0.6667,6,DHI,5,0,499,504
449,113,63,0.5397,0.6283,0.8707,0.2408,0.5238,0.5333,60,0.5333,60,0.5333,60,DHI,5,1,562,567
500,125,63,0.4762,0.6253,2.3465,0.3188,0.4762,0.4762,63,0.4762,63,0.6098,41,DHI,5,2,625,630
550,138,63,0.3175,0.564,0.7581,0.282,0.3016,0.3065,62,0.3478,23,0.381,21,DHI,5,3,688,693
600,151,63,0.5397,0.5823,0.919,0.2577,0.4762,0.5263,19,0.5385,13,0.5385,13,DHI,5,4,751,756
651,163,63,0.3968,0.6677,0.7634,0.2804,0.619,1.0,1,1.0,1,1.0,1,DHI,5,5,814,819
701,176,63,0.5079,0.4743,0.7199,0.2627,0.5079,0.5385,13,0.5385,13,0.5385,13,DHI,5,6,877,882
752,188,63,0.4603,0.5286,0.7089,0.2578,0.4444,0.4516,62,0.459,61,,0,DHI,5,7,940,945
802,201,63,0.2857,0.3734,0.8155,0.3054,0.3651,0.3036,56,0.3036,56,0.0,1,DHI,5,8,1003,1008
399,100,63,0.5079,0.6389,6.2893,0.4614,0.619,0.8333,12,0.8333,12,0.6667,6,EBAY,5,0,499,504
449,113,63,0.4127,0.4071,0.7486,0.2757,0.619,0.5333,30,0.5714,28,0.5714,28,EBAY,5,1,562,567
500,125,63,0.6032,0.6528,1.0952,0.2371,0.5873,0.65,40,1.0,9,1.0,9,EBAY,5,2,625,630
550,138,63,0.5873,0.5231,2.0805,0.2942,0.5714,0.6,50,0.5918,49,0.5918,49,EBAY,5,3,688,693
600,151,63,0.6667,0.5357,0.66,0.2335,0.6667,0.6667,63,0.7,40,,0,EBAY,5,4,751,756
651,163,63,0.7302,0.4642,0.6136,0.2109,0.7302,0.7302,63,0.7241,58,0.7241,58,EBAY,5,5,814,819
701,176,63,0.5238,0.3586,2.6634,0.3494,0.5238,0.5238,63,0.5238,63,0.5238,63,EBAY,5,6,877,882
752,188,63,0.5714,0.4815,0.697,0.2514,0.5714,0.5714,63,0.5714,63,0.5714,63,EBAY,5,7,940,945
802,201,63,0.7143,0.4506,0.6152,0.2118,0.7143,0.7143,63,0.7143,63,0.7059,51,EBAY,5,8,1003,1008
399,100,63,0.4286,0.5,0.7035,0.2552,0.4286,0.4286,63,,0,,0,EXPE,5,0,499,504
449,113,63,0.5397,0.4929,0.6893,0.2483,0.5397,0.5397,63,0.5333,15,0.5333,15,EXPE,5,1,562,567
500,125,63,0.6508,0.4901,0.6766,0.2417,0.7143,0.7091,55,,0,,0,EXPE,5,2,625,630
550,138,63,0.5397,0.5406,0.694,0.2503,0.5397,0.5455,55,0.6,25,0.6,25,EXPE,5,3,688,693
600,151,63,0.4286,0.4083,0.7364,0.2713,0.5079,0.463,54,0.4528,53,0.4528,53,EXPE,5,4,751,756
651,163,63,0.6825,0.5698,0.6522,0.2297,0.6825,0.6825,63,0.6825,63,1.0,4,EXPE,5,5,814,819
701,176,63,0.6508,0.6217,0.6303,0.2195,0.6349,0.6667,54,0.7174,46,0.7111,45,EXPE,5,6,877,882
752,188,63,0.5238,0.5187,0.7513,0.2764,0.5238,0.5882,17,0.5882,17,0.5882,17,EXPE,5,7,940,945
802,201,63,0.4921,0.557,0.6835,0.247,0.4921,0.4921,63,0.5333,15,0.6667,12,EXPE,5,8,1003,1008
399,100,63,0.4762,0.5,1.68,0.306,0.4762,0.4,15,0.3636,11,0.2222,9,F,5,0,499,504
449,113,63,0.5873,0.5151,0.8768,0.2426,0.5079,0.5556,54,0.5128,39,0.5,2,F,5,1,562,567
500,125,63,0.5873,0.5,6.5794,0.4127,0.5873,0.5873,63,0.5873,63,0.5873,63,F,5,2,625,630
550,138,63,0.3651,0.5,0.7552,0.2807,0.3651,0.3651,63,0.3651,63,,0,F,5,3,688,693
600,151,63,0.6349,0.5,0.6911,0.249,0.6349,0.6349,63,,0,,0,F,5,4,751,756
651,163,63,0.5397,0.5694,0.7453,0.2747,0.5714,0.6842,19,,0,,0,F,5,5,814,819
701,176,63,0.381,0.4829,2.9386,0.378,0.619,,0,,0,,0,F,5,6,877,882
752,188,63,0.5238,0.4853,0.6926,0.2497,0.4603,0.0,1,,0,,0,F,5,7,940,945
802,201,63,0.4603,0.6471,0.7383,0.2691,0.4603,0.4576,59,0.4808,52,0.5676,37,F,5,8,1003,1008
399,100,63,0.7302,0.5,0.5976,0.2034,0.7302,0.7302,63,0.7302,63,0.7302,63,GRMN,5,0,499,504
449,113,63,0.5238,0.5384,0.7381,0.2721,0.5238,0.5238,63,0.4878,41,0.4878,41,GRMN,5,1,562,567
500,125,63,0.6349,0.4326,0.9016,0.2463,0.6349,0.6393,61,0.6393,61,0.375,8,GRMN,5,2,625,630
550,138,63,0.6508,0.5481,0.6523,0.233,0.619,0.6735,49,0.6279,43,0.6279,43,GRMN,5,3,688,693
600,151,63,0.4444,0.598,0.9841,0.2836,0.4444,0.4444,63,0.4444,63,0.4528,53,GRMN,5,4,751,756
651,163,63,0.8571,0.8695,0.6148,0.2131,0.7778,0.9545,44,0.9167,12,1.0,7,GRMN,5,5,814,819
701,176,63,0.4603,0.5141,1.9378,0.3215,0.4921,0.4737,57,0.5312,32,0.52,25,GRMN,5,6,877,882
752,188,63,0.5397,0.4768,1.6749,0.303,0.5079,0.5263,57,0.5263,57,0.5263,57,GRMN,5,7,940,945
802,201,63,0.5079,0.5867,0.6865,0.2468,0.4921,0.5,38,0.6071,28,0.6667,21,GRMN,5,8,1003,1008
399,100,63,0.381,0.3577,0.7217,0.2642,0.5556,0.4375,32,0.4375,32,0.0,1,GPC,5,0,499,504
449,113,63,0.3333,0.5714,0.7351,0.2708,0.3333,0.3333,63,0.3559,59,,0,GPC,5,1,562,567
500,125,63,0.4286,0.4928,0.709,0.2579,0.5714,0.5,4,,0,,0,GPC,5,2,625,630
550,138,63,0.4921,0.4688,0.9409,0.2647,0.5079,,0,,0,,0,GPC,5,3,688,693
600,151,63,0.5873,0.5979,0.6875,0.247,0.5397,0.6429,28,0.6842,19,0.5556,9,GPC,5,4,751,756
651,163,63,0.6667,0.6583,0.7509,0.2623,0.5079,1.0,11,1.0,11,1.0,11,GPC,5,5,814,819
701,176,63,0.6032,0.3909,4.6144,0.3698,0.4127,1.0,1,,0,,0,GPC,5,6,877,882
752,188,63,0.3968,0.5192,0.7413,0.2734,0.6825,1.0,5,1.0,4,1.0,4,GPC,5,7,940,945
802,201,63,0.3651,0.575,8.7203,0.5854,0.3651,0.3651,63,0.377,61,0.377,61,GPC,5,8,1003,1008
399,100,63,0.3651,0.5238,0.7586,0.2876,0.6825,0.8,5,1.0,4,1.0,4,HAS,5,0,499,504
449,113,63,0.4603,0.43,1.6769,0.3045,0.4603,0.4603,63,0.1429,7,0.1429,7,HAS,5,1,562,567
500,125,63,0.4127,0.4466,5.2669,0.4632,0.619,1.0,2,1.0,2,,0,HAS,5,2,625,630
550,138,63,0.5238,0.5,0.6923,0.2496,0.5238,0.5238,63,,0,,0,HAS,5,3,688,693
600,151,63,0.5397,0.6367,0.6738,0.2422,0.5556,0.56,50,0.56,50,0.56,50,HAS,5,4,751,756
651,163,63,0.4286,0.5726,0.739,0.2646,0.619,1.0,3,,0,,0,HAS,5,5,814,819
701,176,63,0.381,0.3924,0.7462,0.2762,0.4762,0.4043,47,0.4043,47,,0,HAS,5,6,877,882
752,188,63,0.7778,0.6151,0.6067,0.216,0.7302,0.7667,60,1.0,4,1.0,3,HAS,5,7,940,945
802,201,63,0.3175,0.3379,0.802,0.3033,0.3968,0.3333,54,0.3333,54,0.2979,47,HAS,5,8,1003,1008
399,100,63,0.5238,0.2789,1.052,0.3107,0.6032,0.569,58,0.569,58,0.5789,57,HLT,5,0,499,504
449,113,63,0.5397,0.5614,3.9163,0.3619,0.5397,0.5397,63,0.5397,63,0.5397,63,HLT,5,1,562,567
500,125,63,0.7302,0.6596,0.5968,0.2032,0.746,0.7885,52,0.7843,51,0.7843,51,HLT,5,2,625,630
550,138,63,0.6667,0.5595,1.3126,0.2448,0.6667,0.6667,63,0.6667,63,0.6667,63,HLT,5,3,688,693
600,151,63,0.4921,0.501,3.731,0.3692,0.4921,0.4921,63,0.4921,63,0.4921,63,HLT,5,4,751,756
651,163,63,0.6349,0.6003,1.5487,0.2536,0.5714,0.6275,51,0.6486,37,0.6486,37,HLT,5,5,814,819
701,176,63,0.5079,0.55,0.7342,0.2655,0.4762,0.0,1,0.0,1,0.0,1,HLT,5,6,877,882
752,188,63,0.381,0.5295,0.7502,0.2762,0.6667,0.6364,11,0.6667,3,0.6667,3,HLT,5,7,940,945
802,201,63,0.5079,0.5626,0.749,0.2762,0.4762,0.4918,61,0.4918,61,0.4918,61,HLT,5,8,1003,1008
399,100,63,0.5079,0.6376,0.6905,0.2474,0.4921,,0,,0,,0,HD,5,0,499,504
449,113,63,0.7302,0.7606,0.5986,0.2093,0.4603,0.6765,34,0.6875,32,,0,HD,5,1,562,567
500,125,63,0.3016,0.3481,3.6519,0.4208,0.6667,0.25,4,0.25,4,,0,HD,5,2,625,630
550,138,63,0.5714,0.4444,0.691,0.2489,0.5714,0.5714,63,,0,,0,HD,5,3,688,693
600,151,63,0.4444,0.6301,2.1032,0.3102,0.4444,0.4444,63,0.4444,63,0.5294,17,HD,5,4,751,756
651,163,63,0.5873,0.6857,1.774,0.2524,0.5714,0.5806,62,0.6944,36,0.6944,36,HD,5,5,814,819
701,176,63,0.5238,0.427,0.6972,0.252,0.4286,0.0,3,0.0,2,,0,HD,5,6,877,882
752,188,63,0.4762,0.4546,1.7248,0.3264,0.5556,0.5556,18,0.5556,18,0.5556,18,HD,5,7,940,945
802,201,63,0.4127,0.5891,0.7696,0.2795,0.3016,0.32,50,0.4211,19,0.4211,19,HD,5,8,1003,1008
399,100,63,0.6032,0.5296,0.8853,0.2431,0.4444,0.8,5,0.8,5,0.8,5,LVS,5,0,499,504
449,113,63,0.6667,0.5771,0.8074,0.2874,0.254,0.3684,19,0.3333,18,0.3333,18,LVS,5,1,562,567
500,125,63,0.3492,0.5,0.8108,0.3072,0.6508,,0,,0,,0,LVS,5,2,625,630
550,138,63,0.6825,0.5357,0.6439,0.2238,0.3333,0.6,5,,0,,0,LVS,5,3,688,693
600,151,63,0.3651,0.4219,1.0562,0.3123,0.5556,0.381,21,0.4,20,0.3889,18,LVS,5,4,751,756
651,163,63,0.4127,0.5283,0.7571,0.2813,0.6349,0.8,5,0.8,5,0.8,5,LVS,5,5,814,819
701,176,63,0.5397,0.5264,0.7051,0.2549,0.5397,0.6316,19,0.6316,19,0.6316,19,LVS,5,6,877,882
752,188,63,0.6667,0.5582,0.6422,0.225,0.3492,0.5556,9,,0,,0,LVS,5,7,940,945
802,201,63,0.5238,0.6471,0.6894,0.2477,0.4603,0.3333,3,0.3333,3,0.0,1,LVS,5,8,1003,1008
399,100,63,0.4444,0.5096,0.7755,0.2852,0.619,0.6429,14,0.6667,3,0.6667,3,LEN,5,0,499,504
449,113,63,0.5238,0.5611,0.697,0.2512,0.5238,0.5238,63,0.6111,18,0.6111,18,LEN,5,1,562,567
500,125,63,0.4762,0.6242,0.6952,0.2518,0.4762,0.4762,63,0.561,41,0.561,41,LEN,5,2,625,630
550,138,63,0.3651,0.5209,1.65,0.2944,0.3016,0.322,59,0.0,6,0.0,6,LEN,5,3,688,693
600,151,63,0.6984,0.7126,0.6164,0.2126,0.381,0.5806,31,0.5806,31,,0,LEN,5,4,751,756
651,163,63,0.4444,0.7037,0.8411,0.3159,0.6032,1.0,3,,0,,0,LEN,5,5,814,819
701,176,63,0.4921,0.501,0.6961,0.2514,0.5079,,0,,0,,0,LEN,5,6,877,882
752,188,63,0.6032,0.526,0.9483,0.2679,0.4444,0.5714,21,0.5714,21,0.5714,21,LEN,5,7,940,945
802,201,63,0.3333,0.4204,0.7922,0.2978,0.2857,0.2778,54,0.1923,26,0.1923,26,LEN,5,8,1003,1008
399,100,63,0.381,0.5379,2.1105,0.3914,0.619,,0,,0,,0,LOW,5,0,499,504
449,113,63,0.6032,0.7165,0.6215,0.2177,0.5397,0.5918,49,0.8261,23,0.8261,23,LOW,5,1,562,567
500,125,63,0.6349,0.4099,0.9945,0.2812,0.6825,0.6786,56,0.5455,11,0.0,2,LOW,5,2,625,630
550,138,63,0.4762,0.5122,0.9328,0.2637,0.4603,0.4667,60,0.4667,60,,0,LOW,5,3,688,693
600,151,63,0.4127,0.5,0.7324,0.2694,0.4127,0.4127,63,0.4127,63,,0,LOW,5,4,751,756
651,163,63,0.5714,0.5,0.6915,0.2492,0.5714,0.5714,63,,0,,0,LOW,5,5,814,819
701,176,63,0.5079,0.4525,1.409,0.2834,0.4762,0.3333,3,0.3333,3,0.3333,3,LOW,5,6,877,882
752,188,63,0.3651,0.481,0.9511,0.269,0.6349,,0,,0,,0,LOW,5,7,940,945
802,201,63,0.3016,0.6364,0.7402,0.2734,0.3016,0.3016,63,0.3103,58,,0,LOW,5,8,1003,1008
399,100,63,0.3651,0.3669,3.2442,0.4298,0.4921,0.3846,39,0.3846,39,0.3846,39,MAR,5,0,499,504
449,113,63,0.4444,0.5036,0.8202,0.305,0.4444,0.4444,63,0.4444,63,0.4444,63,MAR,5,1,562,567
500,125,63,0.254,0.5,0.6971,0.252,0.746,,0,,0,,0,MAR,5,2,625,630
550,138,63,0.381,0.4562,8.0338,0.5591,0.6508,0.5556,18,0.8,5,0.8,5,MAR,5,3,688,693
600,151,63,0.3651,0.5228,0.8153,0.3065,0.3651,0.3651,63,0.3651,63,0.3793,58,MAR,5,4,751,756
651,163,63,0.5397,0.5,0.6926,0.2497,0.5397,0.5397,63,,0,,0,MAR,5,5,814,819
701,176,63,0.5238,0.5303,0.6772,0.2431,0.5238,0.5238,63,1.0,2,1.0,2,MAR,5,6,877,882
752,188,63,0.3333,0.3827,1.9843,0.3465,0.6667,,0,,0,,0,MAR,5,7,940,945
802,201,63,0.4603,0.4326,0.7534,0.278,0.4603,0.4576,59,0.413,46,0.413,46,MAR,5,8,1003,1008
399,100,63,0.5238,0.5406,1.8078,0.2781,0.4286,0.4681,47,0.4565,46,0.4324,37,MCD,5,0,499,504
449,113,63,0.5238,0.552,1.173,0.2782,0.5238,0.5238,63,0.5238,63,0.5238,63,MCD,5,1,562,567
500,125,63,0.4762,0.5625,0.7612,0.2829,0.746,0.7917,24,0.8,15,0.8,15,MCD,5,2,625,630
550,138,63,0.4762,0.5286,0.7311,0.2685,0.4444,0.459,61,0.459,61,0.459,61,MCD,5,3,688,693
600,151,63,0.5714,0.5484,0.7029,0.2525,0.5714,0.5714,63,0.6458,48,0.55,20,MCD,5,4,751,756
651,163,63,0.4444,0.5842,1.4337,0.2939,0.4603,0.4483,58,0.6154,26,0.5714,21,MCD,5,5,814,819
701,176,63,0.4921,0.3886,0.8182,0.2995,0.4921,0.4857,35,0.0,6,0.0,1,MCD,5,6,877,882
752,188,63,0.4603,0.5405,0.6901,0.2485,0.5873,1.0,3,,0,,0,MCD,5,7,940,945
802,201,63,0.6508,0.6423,0.6877,0.2473,0.254,0.3846,26,,0,,0,MCD,5,8,1003,1008
399,100,63,0.5714,0.5288,1.1422,0.2618,0.4286,0.5,20,,0,,0,MGM,5,0,499,504
449,113,63,0.4127,0.3806,2.1486,0.3268,0.5556,0.4737,38,0.3889,18,0.4667,15,MGM,5,1,562,567
500,125,63,0.5238,0.4839,0.6969,0.2519,0.5873,0.6842,19,,0,,0,MGM,5,2,625,630
550,138,63,0.4921,0.6295,0.8494,0.2328,0.4921,0.4921,63,0.9,10,0.9,10,MGM,5,3,688,693
600,151,63,0.6349,0.6156,0.6927,0.2446,0.4603,0.7143,14,0.7143,14,0.7143,14,MGM,5,4,751,756
651,163,63,0.6508,0.6311,1.7747,0.2651,0.5556,0.6182,55,0.5714,35,0.5714,35,MGM,5,5,814,819
701,176,63,0.5238,0.5964,1.8739,0.2914,0.4444,0.45,20,0.3636,11,0.3636,11,MGM,5,6,877,882
752,188,63,0.7143,0.7475,1.4864,0.2307,0.5079,0.75,28,0.6667,12,,0,MGM,5,7,940,945
802,201,63,0.5714,0.5669,0.7099,0.2559,0.5714,0.5957,47,0.587,46,0.64,25,MGM,5,8,1003,1008
399,100,63,0.4286,0.5041,1.1922,0.2841,0.4286,0.4262,61,0.4262,61,0.5,4,NKE,5,0,499,504
449,113,63,0.5397,0.4574,1.1775,0.2739,0.4127,0.2857,7,0.3333,6,0.4,5,NKE,5,1,562,567
500,125,63,0.3333,0.2809,0.782,0.2933,0.4603,0.1905,21,0.2222,18,,0,NKE,5,2,625,630
550,138,63,0.5397,0.4011,0.7025,0.2545,0.3968,0.3571,14,0.3571,14,0.0,1,NKE,5,3,688,693
600,151,63,0.4127,0.4153,0.7116,0.2592,0.4127,0.3429,35,,0,,0,NKE,5,4,751,756
651,163,63,0.4444,0.4802,0.7658,0.285,0.5397,0.4706,17,0.4706,17,0.125,8,NKE,5,5,814,819
701,176,63,0.5714,0.5952,0.7424,0.2715,0.3333,0.4,30,0.4,30,0.4,30,NKE,5,6,877,882
752,188,63,0.4921,0.6723,1.3878,0.276,0.5714,1.0,4,,0,,0,NKE,5,7,940,945
802,201,63,0.4762,0.3995,2.4153,0.3461,0.1905,0.1379,29,0.1429,28,0.1,10,NKE,5,8,1003,1008
399,100,63,0.4762,0.5112,0.6609,0.2374,0.4444,0.4,25,1.0,5,1.0,5,NCLH,5,0,499,504
449,113,63,0.6032,0.6061,0.6783,0.2426,0.4762,0.6471,17,,0,,0,NCLH,5,1,562,567
500,125,63,0.254,0.3535,1.0435,0.4009,0.7619,1.0,1,,0,,0,NCLH,5,2,625,630
550,138,63,0.5714,0.6081,0.6718,0.2396,0.5238,0.625,24,0.625,24,0.7647,17,NCLH,5,3,688,693
600,151,63,0.4127,0.736,3.2707,0.3524,0.4127,0.4127,63,0.561,41,0.561,41,NCLH,5,4,751,756
651,163,63,0.4127,0.4836,0.6897,0.2484,0.6667,0.6316,19,0.6316,19,0.7,10,NCLH,5,5,814,819
701,176,63,0.6349,0.6305,2.8903,0.2852,0.4127,0.5882,17,0.375,8,0.6667,3,NCLH,5,6,877,882
752,188,63,0.7619,0.6735,0.6331,0.22,0.6508,0.75,52,0.75,52,,0,NCLH,5,7,940,945
802,201,63,0.3651,0.5918,0.8047,0.3041,0.3651,0.3651,63,0.3651,63,0.377,61,NCLH,5,8,1003,1008
399,100,63,0.3333,0.4874,1.177,0.2804,0.6032,0.25,8,0.25,8,0.3333,3,MO,5,0,499,504
449,113,63,0.6508,0.5488,0.6689,0.2379,0.6508,0.6508,63,1.0,3,,0,MO,5,1,562,567
500,125,63,0.4127,0.3295,3.6336,0.4097,0.6032,0.5098,51,0.5,38,0.5,38,MO,5,2,625,630
550,138,63,0.5079,0.4849,0.7348,0.2704,0.5079,0.5079,63,0.4561,57,0.4464,56,MO,5,3,688,693
600,151,63,0.6984,0.5,0.6479,0.2275,0.6984,0.6984,63,0.6984,63,,0,MO,5,4,751,756
651,163,63,0.6032,0.4568,0.6862,0.2465,0.6032,0.6032,63,0.5625,32,0.5625,32,MO,5,5,814,819
701,176,63,0.4127,0.4776,0.7642,0.2843,0.4444,0.4237,59,0.4237,59,0.4151,53,MO,5,6,877,882
752,188,63,0.6032,0.6116,0.6571,0.236,0.619,0.6167,60,0.6977,43,0.6977,43,MO,5,7,940,945
802,201,63,0.6032,0.5365,0.9951,0.2834,0.5714,0.6486,37,0.5714,21,0.5714,21,MO,5,8,1003,1008
399,100,63,0.5556,0.6425,1.5207,0.247,0.6508,0.7826,23,0.7647,17,0.7647,17,ADM,5,0,499,504
449,113,63,0.4286,0.3945,0.7243,0.2651,0.4603,0.2941,17,0.2308,13,0.3333,3,ADM,5,1,562,567
500,125,63,0.4762,0.4409,0.7071,0.2569,0.4762,0.4762,63,0.1667,6,,0,ADM,5,2,625,630
550,138,63,0.5556,0.5,0.6896,0.2482,0.4444,,0,,0,,0,ADM,5,3,688,693
600,151,63,0.6349,0.6153,2.009,0.2693,0.5556,0.6765,34,0.6562,32,0.6562,32,ADM,5,4,751,756
651,163,63,0.5714,0.5242,1.2274,0.2951,0.5238,0.6667,18,0.6667,18,0.6667,9,ADM,5,5,814,819
701,176,63,0.5714,0.4676,1.656,0.2988,0.4286,,0,,0,,0,ADM,5,6,877,882
752,188,63,0.2857,0.3718,0.8476,0.3226,0.619,0.3333,18,0.3333,18,0.5,10,ADM,5,7,940,945
802,201,63,0.5714,0.5295,0.6973,0.252,0.6032,0.641,39,0.0,2,0.0,2,ADM,5,8,1003,1008
399,100,63,0.4762,0.4773,1.671,0.3089,0.6825,0.6471,34,0.6897,29,0.7037,27,BG,5,0,499,504
449,113,63,0.4603,0.5,0.6966,0.2517,0.5397,,0,,0,,0,BG,5,1,562,567
500,125,63,0.3968,0.5895,1.1954,0.2843,0.3968,0.3968,63,0.3968,63,0.5238,21,BG,5,2,625,630
550,138,63,0.3492,0.5122,10.153,0.6466,0.3492,0.3492,63,0.3492,63,0.3492,63,BG,5,3,688,693
600,151,63,0.381,0.5,0.7362,0.2714,0.619,,0,,0,,0,BG,5,4,751,756
651,163,63,0.5556,0.4843,0.718,0.2616,0.5238,0.5455,55,0.5,44,0.5,42,BG,5,5,814,819
701,176,63,0.6508,0.628,1.3752,0.2667,0.4921,0.6552,29,,0,,0,BG,5,6,877,882
752,188,63,0.5556,0.4125,0.7407,0.2703,0.6349,0.6034,58,0.5893,56,,0,BG,5,7,940,945
802,201,63,0.4286,0.4394,0.7576,0.2813,0.5238,0.4118,17,0.4118,17,,0,BG,5,8,1003,1008
399,100,63,0.5397,0.5,0.7001,0.2533,0.5397,0.5397,63,0.5397,63,0.5397,63,CPB,5,0,499,504
449,113,63,0.6984,0.5771,1.5834,0.2672,0.6667,0.7255,51,0.3333,3,0.3333,3,CPB,5,1,562,567
500,125,63,0.4603,0.5417,1.9524,0.3236,0.381,0.3529,34,0.3529,34,0.3636,33,CPB,5,2,625,630
550,138,63,0.4603,0.6772,0.9571,0.2725,0.3651,0.4035,57,0.439,41,0.5652,23,CPB,5,3,688,693
600,151,63,0.3651,0.5027,0.8312,0.3162,0.3651,0.3607,61,0.3607,61,0.3607,61,CPB,5,4,751,756
651,163,63,0.6508,0.6087,0.6468,0.2273,0.3651,0.5455,11,0.5455,11,0.5455,11,CPB,5,5,814,819
701,176,63,0.5397,0.4315,0.701,0.2537,0.4603,,0,,0,,0,CPB,5,6,877,882
752,188,63,0.5714,0.3745,3.0299,0.3355,0.4286,,0,,0,,0,CPB,5,7,940,945
802,201,63,0.6667,0.461,0.8665,0.2284,0.3175,0.0,1,,0,,0,CPB,5,8,1003,1008
399,100,63,0.6984,0.7445,0.6127,0.2135,0.6508,0.8667,30,0.8824,17,0.8824,17,CASY,5,0,499,504
449,113,63,0.619,0.6596,0.7837,0.2807,0.5238,0.7647,17,0.7692,13,0.7692,13,CASY,5,1,562,567
500,125,63,0.619,0.5792,3.1769,0.3081,0.5714,0.6,60,0.6316,57,0.617,47,CASY,5,2,625,630
550,138,63,0.5397,0.7454,0.6565,0.2326,0.5397,0.5397,63,0.5397,63,0.7059,34,CASY,5,3,688,693
600,151,63,0.5079,0.4536,0.7592,0.2803,0.4921,0.5,46,0.5,46,0.5,46,CASY,5,4,751,756
651,163,63,0.5238,0.5433,0.8262,0.3022,0.5079,0.55,20,0.5556,18,0.5556,18,CASY,5,5,814,819
701,176,63,0.4603,0.4429,0.7327,0.2703,0.4286,0.4364,55,0.1111,9,0.1111,9,CASY,5,6,877,882
752,188,63,0.4286,0.6088,0.8873,0.2459,0.6667,0.8,10,0.7778,9,0.7778,9,CASY,5,7,940,945
802,201,63,0.2222,0.5612,0.8476,0.3247,0.7778,,0,,0,,0,CASY,5,8,1003,1008
399,100,63,0.4603,0.5486,0.7414,0.2736,0.619,0.7778,9,0.8,5,0.8,5,CHD,5,0,499,504
449,113,63,0.4444,0.3786,0.819,0.3074,0.4444,0.4444,63,0.4444,63,0.4444,63,CHD,5,1,562,567
500,125,63,0.5714,0.5727,0.6858,0.2463,0.4762,0.5455,33,,0,,0,CHD,5,2,625,630
550,138,63,0.5556,0.5636,0.6853,0.2461,0.4762,0.5278,36,,0,,0,CHD,5,3,688,693
600,151,63,0.4603,0.5011,0.7032,0.2552,0.3968,0.4,45,,0,,0,CHD,5,4,751,756
651,163,63,0.5079,0.6346,1.3886,0.2765,0.5079,0.5079,63,0.5246,61,0.5246,61,CHD,5,5,814,819
701,176,63,0.5714,0.526,0.6857,0.2463,0.4444,0.5556,9,0.5556,9,0.0,2,CHD,5,6,877,882
752,188,63,0.3968,0.3326,0.8006,0.3012,0.5873,0.4848,33,0.5,30,0.0,7,CHD,5,7,940,945
802,201,63,0.5714,0.5447,0.6893,0.2478,0.3968,0.25,4,0.3333,3,0.3333,3,CHD,5,8,1003,1008
399,100,63,0.6508,0.6448,2.626,0.2684,0.381,0.625,8,,0,,0,CLX,5,0,499,504
449,113,63,0.4444,0.5576,1.3218,0.3309,0.4762,0.4576,59,0.4576,59,0.4576,59,CLX,5,1,562,567
500,125,63,0.4286,0.6034,1.0001,0.2945,0.5714,,0,,0,,0,CLX,5,2,625,630
550,138,63,0.619,0.484,0.6826,0.2448,0.381,,0,,0,,0,CLX,5,3,688,693
600,151,63,0.5714,0.4594,0.6862,0.2465,0.4286,,0,,0,,0,CLX,5,4,751,756
651,163,63,0.6667,0.5476,0.6504,0.2288,0.3333,,0,,0,,0,CLX,5,5,814,819
701,176,63,0.4921,0.3685,0.6896,0.2487,0.2063,0.087,23,0.087,23,,0,CLX,5,6,877,882
752,188,63,0.3968,0.4813,0.8093,0.3054,0.5873,0.4,5,,0,,0,CLX,5,7,940,945
802,201,63,0.6825,0.4233,0.6424,0.2249,0.3175,,0,,0,,0,CLX,5,8,1003,1008
399,100,63,0.5079,0.5323,0.6978,0.2522,0.4921,0.5,54,0.55,20,,0,KO,5,0,499,504
449,113,63,0.4286,0.4846,1.1854,0.2768,0.5714,0.5,10,0.5556,9,0.5556,9,KO,5,1,562,567
500,125,63,0.6349,0.6129,0.6705,0.2387,0.4921,0.6,40,,0,,0,KO,5,2,625,630
550,138,63,0.6032,0.5868,0.6953,0.2505,0.3968,0.5,30,0.5,14,0.5,14,KO,5,3,688,693
600,151,63,0.4762,0.3296,2.4978,0.4123,0.4921,0.25,4,0.0,1,0.0,1,KO,5,4,751,756
651,163,63,0.5397,0.5127,0.939,0.2627,0.4603,,0,,0,,0,KO,5,5,814,819
701,176,63,0.5238,0.5568,2.7666,0.3178,0.4603,0.4737,19,0.4737,19,0.4737,19,KO,5,6,877,882
752,188,63,0.381,0.5,0.7318,0.2692,0.619,,0,,0,,0,KO,5,7,940,945
802,201,63,0.4444,0.4878,0.7066,0.2571,0.5397,0.4,5,0.5,4,0.5,4,KO,5,8,1003,1008
399,100,63,0.7302,0.5,0.6052,0.2069,0.7302,0.7302,63,0.7302,63,0.7302,63,CL,5,0,499,504
449,113,63,0.7619,0.6919,0.5229,0.1752,0.6825,0.7414,58,0.7414,58,0.7414,58,CL,5,1,562,567
500,125,63,0.4127,0.3295,0.9169,0.349,0.4127,0.4127,63,0.4127,63,0.4127,63,CL,5,2,625,630
550,138,63,0.3968,0.5,0.7926,0.2982,0.3968,0.3968,63,0.3968,63,0.3968,63,CL,5,3,688,693
600,151,63,0.4286,0.4541,0.7742,0.2843,0.5556,0.4894,47,0.5909,22,0.5909,22,CL,5,4,751,756
651,163,63,0.4444,0.466,0.9359,0.2649,0.4603,0.4516,62,0.375,8,0.6667,3,CL,5,5,814,819
701,176,63,0.6508,0.5826,1.2743,0.2855,0.3175,0.4615,26,0.44,25,0.4348,23,CL,5,6,877,882
752,188,63,0.4603,0.4492,0.7321,0.2692,0.6984,0.6562,32,,0,,0,CL,5,7,940,945
802,201,63,0.5556,0.5252,0.7122,0.2585,0.4921,0.6154,13,,0,,0,CL,5,8,1003,1008
399,100,63,0.5397,0.5,0.6967,0.2517,0.5397,0.5397,63,0.5397,63,,0,CAG,5,0,499,504
449,113,63,0.4603,0.5,0.7075,0.2571,0.4603,0.4603,63,0.4603,63,,0,CAG,5,1,562,567
500,125,63,0.5079,0.5519,0.6951,0.2514,0.5079,0.5152,33,0.5385,26,0.75,8,CAG,5,2,625,630
550,138,63,0.381,0.5978,4.1854,0.448,0.381,0.381,63,0.4444,54,0.4444,54,CAG,5,3,688,693
600,151,63,0.4286,0.5324,0.7327,0.2694,0.4286,0.4286,63,0.45,40,0.45,40,CAG,5,4,751,756
651,163,63,0.4603,0.679,0.6825,0.2448,0.3492,0.3929,56,,0,,0,CAG,5,5,814,819
701,176,63,0.6349,0.5488,1.5722,0.2582,0.3175,0.3846,13,0.5,8,0.5,8,CAG,5,6,877,882
752,188,63,0.3175,0.3122,3.0939,0.4538,0.6825,,0,,0,,0,CAG,5,7,940,945
802,201,63,0.6825,0.4715,0.6452,0.2264,0.3175,0.5,2,,0,,0,CAG,5,8,1003,1008
399,100,63,0.381,0.6084,6.0952,0.471,0.619,,0,,0,,0,STZ,5,0,499,504
449,113,63,0.5079,0.4423,0.7608,0.2811,0.381,0.3939,33,0.2632,19,0.2778,18,STZ,5,1,562,567
500,125,63,0.619,0.6247,0.633,0.2228,0.5873,0.6226,53,0.6275,51,1.0,5,STZ,5,2,625,630
550,138,63,0.5079,0.5809,4.0031,0.3876,0.3492,0.4043,47,0.4048,42,0.425,40,STZ,5,3,688,693
600,151,63,0.4921,0.4184,0.7073,0.2568,0.5873,0.5472,53,0.54,50,,0,STZ,5,4,751,756
651,163,63,0.3968,0.5261,0.6924,0.2497,0.3492,0.3621,58,,0,,0,STZ,5,5,814,819
701,176,63,0.746,0.4814,0.6096,0.2088,0.254,,0,,0,,0,STZ,5,6,877,882
752,188,63,0.3175,0.497,0.8217,0.3127,0.6984,0.6667,3,1.0,1,,0,STZ,5,7,940,945
802,201,63,0.5238,0.4631,0.7026,0.2546,0.381,0.3125,16,0.3125,16,,0,STZ,5,8,1003,1008
399,100,63,0.4286,0.5694,0.6854,0.2462,0.4286,0.4286,63,0.6667,9,0.6667,9,DG,5,0,499,504
449,113,63,0.4286,0.4954,0.7269,0.2663,0.4286,0.4286,63,0.4211,19,0.4211,19,DG,5,1,562,567
500,125,63,0.4444,0.5,0.7044,0.2548,0.4286,0.4286,56,,0,,0,DG,5,2,625,630
550,138,63,0.5556,0.6857,0.8858,0.2401,0.4444,,0,,0,,0,DG,5,3,688,693
600,151,63,0.4444,0.4938,0.8175,0.3054,0.6667,0.8889,9,0.8889,9,1.0,5,DG,5,4,751,756
651,163,63,0.5079,0.5213,0.73,0.2674,0.5397,0.5556,27,0.5769,26,,0,DG,5,5,814,819
701,176,63,0.5397,0.4653,1.7669,0.3232,0.2381,0.25,28,0.25,28,0.25,28,DG,5,6,877,882
752,188,63,0.3333,0.5227,0.718,0.2624,0.6984,1.0,2,1.0,1,1.0,1,DG,5,7,940,945
802,201,63,0.619,0.5375,0.666,0.2368,0.3651,0.0,1,,0,,0,DG,5,8,1003,1008
399,100,63,0.5079,0.501,1.2434,0.2993,0.5079,0.5263,19,0.5263,19,,0,DLTR,5,0,499,504
449,113,63,0.3175,0.4448,9.4844,0.6311,0.3175,0.3175,63,0.2885,52,0.2885,52,DLTR,5,1,562,567
500,125,63,0.6825,0.514,0.6693,0.2381,0.3175,,0,,0,,0,DLTR,5,2,625,630
550,138,63,0.381,0.5502,1.1082,0.3406,0.619,,0,,0,,0,DLTR,5,3,688,693
600,151,63,0.6349,0.6892,0.7005,0.2535,0.5873,1.0,14,,0,,0,DLTR,5,4,751,756
651,163,63,0.6667,0.6283,0.7353,0.1859,0.7778,0.78,50,0.8667,30,0.8667,30,DLTR,5,5,814,819
701,176,63,0.3016,0.174,4.3006,0.57,0.3016,0.3016,63,0.3016,63,0.3016,63,DLTR,5,6,877,882
752,188,63,0.4444,0.5111,0.8228,0.3101,0.6032,0.5882,17,1.0,1,1.0,1,DLTR,5,7,940,945
802,201,63,0.6667,0.5756,2.0987,0.2997,0.3175,0.4783,23,0.4444,18,0.4444,18,DLTR,5,8,1003,1008
399,100,63,0.5714,0.4357,0.7174,0.2594,0.4286,,0,,0,,0,EL,5,0,499,504
449,113,63,0.1905,0.5539,0.7103,0.2585,0.1905,0.1905,63,0.4,5,,0,EL,5,1,562,567
500,125,63,0.5873,0.3889,0.9655,0.2732,0.3333,0.1429,7,0.0,6,0.0,6,EL,5,2,625,630
550,138,63,0.4286,0.4337,0.8758,0.3306,0.5556,0.4615,13,,0,,0,EL,5,3,688,693
600,151,63,0.619,0.6487,0.7991,0.2135,0.5714,0.9286,14,0.9286,14,0.9286,14,EL,5,4,751,756
651,163,63,0.2698,0.4208,0.837,0.3199,0.7619,0.6,10,,0,,0,EL,5,5,814,819
701,176,63,0.4603,0.467,0.7438,0.2744,0.4603,0.4603,63,0.4324,37,0.4324,37,EL,5,6,877,882
752,188,63,0.619,0.4756,0.6933,0.2469,0.6508,0.6393,61,0.6393,61,,0,EL,5,7,940,945
802,201,63,0.5397,0.428,0.7629,0.2808,0.5397,0.5397,63,0.5397,63,0.5397,63,EL,5,8,1003,1008
399,100,63,0.4603,0.503,0.7589,0.2756,0.5397,,0,,0,,0,GIS,5,0,499,504
449,113,63,0.4921,0.5372,0.6956,0.2481,0.5556,0.8,5,0.8,5,0.8,5,GIS,5,1,562,567
500,125,63,0.5556,0.5871,0.7069,0.2563,0.381,0.4524,42,0.4524,42,0.4524,42,GIS,5,2,625,630
550,138,63,0.6667,0.7098,2.9761,0.3132,0.3333,0.5,42,0.4074,27,0.4074,27,GIS,5,3,688,693
600,151,63,0.381,0.5219,1.2142,0.299,0.381,0.3636,55,0.3462,52,0.3529,51,GIS,5,4,751,756
651,163,63,0.5397,0.5724,0.6891,0.2476,0.4444,0.4737,19,0.4737,19,0.4737,19,GIS,5,5,814,819
701,176,63,0.6032,0.5207,0.669,0.2381,0.3651,0.4286,14,0.4286,14,,0,GIS,5,6,877,882
752,188,63,0.5079,0.5308,0.7191,0.2626,0.5238,1.0,2,,0,,0,GIS,5,7,940,945
802,201,63,0.7778,0.4847,0.6081,0.2079,0.2222,,0,,0,,0,GIS,5,8,1003,1008
399,100,63,0.5397,0.554,0.6974,0.2532,0.5238,0.6667,12,0.6667,12,0.5,4,HSY,5,0,499,504
449,113,63,0.4286,0.5753,1.1738,0.2728,0.619,0.8,5,0.75,4,0.75,4,HSY,5,1,562,567
500,125,63,0.2381,0.5333,0.7497,0.2796,0.2381,0.2381,63,0.2381,63,1.0,1,HSY,5,2,625,630
550,138,63,0.619,0.5385,0.6574,0.2367,0.381,,0,,0,,0,HSY,5,3,688,693
600,151,63,0.3968,0.5,0.7659,0.2856,0.6032,,0,,0,,0,HSY,5,4,751,756
651,163,63,0.3651,0.5,0.759,0.2825,0.6349,,0,,0,,0,HSY,5,5,814,819
701,176,63,0.4921,0.3327,0.779,0.2904,0.4921,0.4921,63,0.3889,36,0.3714,35,HSY,5,6,877,882
752,188,63,0.5714,0.5118,0.6842,0.2455,0.5714,0.5714,63,0.5714,63,,0,HSY,5,7,940,945
802,201,63,0.3175,0.5843,0.7169,0.2618,0.3175,0.3175,63,,0,,0,HSY,5,8,1003,1008
399,100,63,0.3492,0.4033,7.8269,0.5633,0.619,0.4167,12,0.4167,12,0.5,8,HRL,5,0,499,504
449,113,63,0.5238,0.6324,0.6358,0.2278,0.4603,0.4915,59,1.0,4,1.0,4,HRL,5,1,562,567
500,125,63,0.3968,0.4984,0.9571,0.2742,0.3968,0.3898,59,0.3966,58,,0,HRL,5,2,625,630
550,138,63,0.6349,0.4783,0.6819,0.2441,0.3651,,0,,0,,0,HRL,5,3,688,693
600,151,63,0.381,0.3286,0.7682,0.2858,0.5397,0.3077,13,0.3077,13,0.2,5,HRL,5,4,751,756
651,163,63,0.3968,0.4146,0.9863,0.2869,0.5714,0.4615,26,,0,,0,HRL,5,5,814,819
701,176,63,0.6349,0.5,0.6901,0.2485,0.3651,,0,,0,,0,HRL,5,6,877,882
752,188,63,0.3651,0.5,0.6983,0.2526,0.6349,,0,,0,,0,HRL,5,7,940,945
802,201,63,0.3492,0.5209,0.732,0.2693,0.3175,0.3279,61,0.3125,16,0.5,2,HRL,5,8,1003,1008
399,100,63,0.3492,0.3282,0.7561,0.28,0.5714,0.4324,37,0.4324,37,,0,KDP,5,0,499,504
449,113,63,0.4286,0.4806,0.7702,0.2869,0.5556,0.0,1,,0,,0,KDP,5,1,562,567
500,125,63,0.5238,0.4387,0.702,0.2543,0.5873,0.5614,57,0.5536,56,,0,KDP,5,2,625,630
550,138,63,0.4762,0.4768,7.447,0.4996,0.4762,0.4762,63,0.4762,63,0.4754,61,KDP,5,3,688,693
600,151,63,0.5714,0.4588,0.9254,0.2571,0.5714,0.5714,63,0.5714,63,0.3333,3,KDP,5,4,751,756
651,163,63,0.6667,0.7115,0.6629,0.235,0.5873,0.8636,22,1.0,8,,0,KDP,5,5,814,819
701,176,63,0.3333,0.5327,1.9597,0.3415,0.3492,0.3276,58,0.3276,58,0.4062,32,KDP,5,6,877,882
752,188,63,0.6032,0.5,0.6871,0.247,0.6032,0.6032,63,,0,,0,KDP,5,7,940,945
802,201,63,0.5556,0.5773,0.6864,0.2466,0.4762,0.5179,56,,0,,0,KDP,5,8,1003,1008
399,100,63,0.5873,0.4875,0.6921,0.2451,0.5873,0.5932,59,0.5932,59,,0,KMB,5,0,499,504
449,113,63,0.4603,0.4667,7.9,0.5121,0.5079,0.0,2,,0,,0,KMB,5,1,562,567
500,125,63,0.4921,0.5,0.6952,0.251,0.5079,,0,,0,,0,KMB,5,2,625,630
550,138,63,0.4762,0.5,0.6995,0.2532,0.4762,0.4762,63,,0,,0,KMB,5,3,688,693
600,151,63,0.6508,0.6703,0.6497,0.2287,0.5714,0.7692,26,0.76,25,0.7727,22,KMB,5,4,751,756
651,163,63,0.4921,0.465,0.6779,0.2432,0.4286,0.2222,9,,0,,0,KMB,5,5,814,819
701,176,63,0.2698,0.4318,0.7339,0.2703,0.3016,0.2712,59,,0,,0,KMB,5,6,877,882
752,188,63,0.5873,0.5,0.7041,0.2541,0.5873,0.5873,63,0.5873,63,0.5873,63,KMB,5,7,940,945
802,201,63,0.4286,0.5226,0.7111,0.259,0.4286,0.4262,61,0.4407,59,,0,KMB,5,8,1003,1008
399,100,63,0.5397,0.4429,3.2992,0.3595,0.4444,0.4912,57,0.4912,57,0.4912,57,KHC,5,0,499,504
449,113,63,0.381,0.5385,0.7966,0.3002,0.381,0.381,63,0.381,63,0.4,60,KHC,5,1,562,567
500,125,63,0.3651,0.3723,5.753,0.4956,0.3651,0.2258,31,0.2258,31,0.2258,31,KHC,5,2,625,630
550,138,63,0.5873,0.567,0.671,0.2391,0.4127,,0,,0,,0,KHC,5,3,688,693
600,151,63,0.5397,0.6116,0.6856,0.2466,0.4603,,0,,0,,0,KHC,5,4,751,756
651,163,63,0.5556,0.5061,0.6912,0.249,0.4444,,0,,0,,0,KHC,5,5,814,819
701,176,63,0.6349,0.5777,0.6587,0.2332,0.3651,,0,,0,,0,KHC,5,6,877,882
752,188,63,0.4286,0.6163,0.7019,0.2543,0.5714,,0,,0,,0,KHC,5,7,940,945
802,201,63,0.6984,0.7286,0.6429,0.224,0.4444,1.0,9,,0,,0,KHC,5,8,1003,1008
399,100,63,0.4603,0.6332,0.8556,0.3221,0.6349,0.8,10,0.8,10,0.8,10,KR,5,0,499,504
449,113,63,0.3016,0.3804,1.3124,0.3281,0.3651,0.2308,39,0.2692,26,0.2692,26,KR,5,1,562,567
500,125,63,0.4444,0.5668,1.1971,0.2842,0.5556,,0,,0,,0,KR,5,2,625,630
550,138,63,0.4603,0.3824,0.8467,0.3054,0.5397,,0,,0,,0,KR,5,3,688,693
600,151,63,0.5556,0.6,0.6822,0.2446,0.5556,0.5556,63,0.5556,63,,0,KR,5,4,751,756
651,163,63,0.3651,0.3654,0.8224,0.3016,0.4921,0.4082,49,0.4082,49,0.3939,33,KR,5,5,814,819
701,176,63,0.4286,0.5449,0.7047,0.2558,0.381,0.3929,56,0.3889,18,,0,KR,5,6,877,882
752,188,63,0.6032,0.5923,0.8894,0.2451,0.5556,0.6042,48,0.75,4,0.75,4,KR,5,7,940,945
802,201,63,0.6032,0.5669,0.6803,0.2436,0.4603,0.6667,12,0.6667,3,,0,KR,5,8,1003,1008
399,100,63,0.5556,0.4726,0.7637,0.2733,0.6032,0.5862,58,0.5893,56,0.5893,56,MKC,5,0,499,504
449,113,63,0.7143,0.712,0.5835,0.1984,0.5397,0.6667,48,0.6889,45,0.6818,44,MKC,5,1,562,567
500,125,63,0.3968,0.4291,5.1047,0.4741,0.5556,0.4211,19,1.0,3,1.0,3,MKC,5,2,625,630
550,138,63,0.5397,0.5773,0.7001,0.2529,0.4762,0.5217,23,0.375,8,0.375,8,MKC,5,3,688,693
600,151,63,0.5556,0.5634,0.9495,0.269,0.5397,0.5625,48,0.5625,48,0.5625,48,MKC,5,4,751,756
651,163,63,0.5556,0.5322,0.8359,0.3135,0.4127,0.4792,48,0.4186,43,0.4186,43,MKC,5,5,814,819
701,176,63,0.3968,0.4674,0.948,0.2683,0.3968,0.3968,63,0.0,1,0.0,1,MKC,5,6,877,882
752,188,63,0.381,0.5075,0.9476,0.2682,0.619,,0,,0,,0,MKC,5,7,940,945
802,201,63,0.746,0.4681,0.6917,0.2489,0.254,,0,,0,,0,MKC,5,8,1003,1008
399,100,63,0.5238,0.6641,0.7117,0.2591,0.5238,0.8,5,0.8,5,0.8,5,APA,5,0,499,504
449,113,63,0.5556,0.5806,0.6608,0.235,0.4444,0.5,42,,0,,0,APA,5,1,562,567
500,125,63,0.4762,0.6449,1.424,0.289,0.4444,0.459,61,0.4889,45,0.4889,45,APA,5,2,625,630
550,138,63,0.5397,0.4405,1.1114,0.3244,0.4921,0.6667,6,0.6667,6,0.75,4,APA,5,3,688,693
600,151,63,0.3333,0.5037,0.9762,0.2863,0.619,0.0,3,0.0,2,0.0,1,APA,5,4,751,756
651,163,63,0.5238,0.5826,0.6689,0.2389,0.6349,0.7778,18,0.7333,15,0.7333,15,APA,5,5,814,819
701,176,63,0.6032,0.5,0.6787,0.2428,0.6032,0.6066,61,0.6066,61,,0,APA,5,6,877,882
752,188,63,0.3333,0.3791,2.4786,0.3749,0.6825,0.5217,23,0.4762,21,0.4762,21,APA,5,7,940,945
802,201,63,0.5238,0.5181,0.6652,0.2363,0.6667,0.6875,32,0.6875,32,0.6774,31,APA,5,8,1003,1008
399,100,63,0.3651,0.5187,1.0811,0.3297,0.6667,0.6667,6,0.6667,6,0.5,4,BKR,5,0,499,504
449,113,63,0.5873,0.553,1.3392,0.2564,0.5238,0.5593,59,0.5,8,0.5714,7,BKR,5,1,562,567
500,125,63,0.5873,0.5,0.6807,0.2437,0.5873,0.5873,63,0.5873,63,0.5873,63,BKR,5,2,625,630
550,138,63,0.5873,0.4937,0.6909,0.2489,0.6032,0.6,60,,0,,0,BKR,5,3,688,693
600,151,63,0.3651,0.6761,0.7119,0.2594,0.3651,0.3651,63,0.5556,27,0.5556,27,BKR,5,4,751,756
651,163,63,0.5397,0.534,0.6843,0.2469,0.5397,0.5424,59,0.6154,13,0.6154,13,BKR,5,5,814,819
701,176,63,0.4286,0.6406,0.6984,0.2607,0.6667,0.8,10,0.8,10,0.8,10,BKR,5,6,877,882
752,188,63,0.2222,0.3497,1.4819,0.3153,0.746,0.375,8,0.375,8,0.375,8,BKR,5,7,940,945
802,201,63,0.5556,0.5638,0.6813,0.2454,0.5556,0.5556,63,0.5556,63,0.5333,45,BKR,5,8,1003,1008
399,100,63,0.4286,0.5262,0.7361,0.2711,0.5714,,0,,0,,0,CVX,5,0,499,504
449,113,63,0.4762,0.5466,0.6922,0.2485,0.3492,0.383,47,0.0,1,0.0,1,CVX,5,1,562,567
500,125,63,0.5714,0.6303,0.6345,0.2223,0.619,0.8,20,0.8,20,0.8,20,CVX,5,2,625,630
550,138,63,0.5238,0.502,1.0121,0.2878,0.5238,0.5882,17,0.5882,17,0.5882,17,CVX,5,3,688,693
600,151,63,0.619,0.5823,1.3643,0.2604,0.5714,0.6364,44,0.6364,44,0.65,20,CVX,5,4,751,756
651,163,63,0.7937,0.8259,0.5865,0.1976,0.619,0.8095,42,0.8095,42,0.8824,34,CVX,5,5,814,819
701,176,63,0.5397,0.6207,0.7172,0.2607,0.5238,0.6667,12,0.6667,12,0.6667,12,CVX,5,6,877,882
752,188,63,0.4444,0.3141,1.7314,0.3279,0.6667,0.5946,37,0.5,28,0.3333,9,CVX,5,7,940,945
802,201,63,0.3968,0.5047,3.3594,0.3797,0.6032,,0,,0,,0,CVX,5,8,1003,1008
399,100,63,0.4127,0.508,1.1969,0.2907,0.619,0.5833,12,0.5833,12,0.5833,12,COP,5,0,499,504
449,113,63,0.254,0.5186,1.953,0.3342,0.254,0.254,63,0.254,63,0.0,5,COP,5,1,562,567
500,125,63,0.5238,0.6051,0.6897,0.2483,0.5238,0.8,5,,0,,0,COP,5,2,625,630
550,138,63,0.6667,0.6185,0.6639,0.2343,0.4127,0.6316,19,0.5455,11,0.5455,11,COP,5,3,688,693
600,151,63,0.5238,0.6628,1.7915,0.2689,0.5556,0.6316,19,0.6875,16,0.6875,16,COP,5,4,751,756
651,163,63,0.6032,0.7362,0.6226,0.216,0.5556,0.5962,52,0.6977,43,0.8077,26,COP,5,5,814,819
701,176,63,0.4603,0.5322,1.1941,0.284,0.4127,0.4286,56,0.4359,39,0.4359,39,COP,5,6,877,882
752,188,63,0.4762,0.4773,2.0105,0.354,0.6984,0.7619,21,0.7619,21,0.7619,21,COP,5,7,940,945
802,201,63,0.4603,0.5291,0.7434,0.2745,0.5873,0.7143,7,0.7143,7,,0,COP,5,8,1003,1008
399,100,63,0.3333,0.59,8.3919,0.6203,0.7937,1.0,8,,0,,0,DVN,5,0,499,504
449,113,63,0.381,0.5,0.8003,0.302,0.381,0.381,63,0.381,63,0.381,63,DVN,5,1,562,567
500,125,63,0.4444,0.6296,0.6684,0.2411,0.4444,0.4444,63,0.8889,9,0.8889,9,DVN,5,2,625,630
550,138,63,0.6667,0.482,0.6776,0.2392,0.3175,0.4545,11,,0,,0,DVN,5,3,688,693
600,151,63,0.3968,0.4789,0.7576,0.2814,0.6032,,0,,0,,0,DVN,5,4,751,756
651,163,63,0.6508,0.6957,0.5864,0.2033,0.5397,0.75,24,0.9333,15,0.9333,15,DVN,5,5,814,819
701,176,63,0.5079,0.5726,0.6896,0.2488,0.5079,0.6667,3,0.5,2,0.5,2,DVN,5,6,877,882
752,188,63,0.381,0.4561,1.2006,0.2855,0.746,0.7222,18,,0,,0,DVN,5,7,940,945
802,201,63,0.619,0.645,0.8686,0.2334,0.5873,0.6102,59,0.6809,47,0.6923,13,DVN,5,8,1003,1008
399,100,63,0.2698,0.4986,0.9669,0.3785,0.7619,0.75,4,0.75,4,0.75,4,FANG,5,0,499,504
449,113,63,0.4127,0.5,0.7246,0.2656,0.4127,0.4127,63,0.4127,63,,0,FANG,5,1,562,567
500,125,63,0.5873,0.625,1.3335,0.2561,0.4444,0.5217,46,0.5217,46,0.5333,45,FANG,5,2,625,630
550,138,63,0.6508,0.5,0.6662,0.2366,0.3492,,0,,0,,0,FANG,5,3,688,693
600,151,63,0.6984,0.7069,0.6776,0.2422,0.4603,0.6136,44,,0,,0,FANG,5,4,751,756
651,163,63,0.5397,0.564,0.7451,0.2707,0.5079,0.5273,55,0.5676,37,0.5676,37,FANG,5,5,814,819
701,176,63,0.6825,0.7127,0.61,0.2113,0.5079,0.6364,44,0.6364,44,0.6279,43,FANG,5,6,877,882
752,188,63,0.3492,0.6451,1.1251,0.3394,0.7143,1.0,4,1.0,4,1.0,3,FANG,5,7,940,945
802,201,63,0.4762,0.4908,1.0246,0.3716,0.6349,0.64,25,0.64,25,0.2857,7,FANG,5,8,1003,1008
399,100,63,0.4603,0.6797,0.7758,0.278,0.6825,0.7368,19,,0,,0,EOG,5,0,499,504
449,113,63,0.5238,0.5673,0.6969,0.2518,0.4444,0.4821,56,0.4821,56,,0,EOG,5,1,562,567
500,125,63,0.619,0.609,0.6482,0.2302,0.4603,0.7273,11,0.7273,11,0.7273,11,EOG,5,2,625,630
550,138,63,0.5079,0.6313,1.2049,0.2905,0.4762,0.4615,13,0.4167,12,0.4167,12,EOG,5,3,688,693
600,151,63,0.5714,0.6105,1.7985,0.2741,0.5397,0.64,25,0.64,25,0.6,20,EOG,5,4,751,756
651,163,63,0.5873,0.6784,2.0584,0.2909,0.5079,0.5577,52,0.5577,52,0.5577,52,EOG,5,5,814,819
701,176,63,0.3016,0.4815,3.0442,0.4279,0.3016,0.3016,63,0.2982,57,0.3036,56,EOG,5,6,877,882
752,188,63,0.6825,0.4651,0.6565,0.2318,0.6825,0.6825,63,0.6825,63,,0,EOG,5,7,940,945
802,201,63,0.5556,0.6419,7.1685,0.4707,0.6508,0.9333,15,0.9286,14,0.9286,14,EOG,5,8,1003,1008
399,100,63,0.4286,0.4722,0.7048,0.2558,0.5714,,0,,0,,0,EQT,5,0,499,504
449,113,63,0.6825,0.5977,0.6527,0.2298,0.254,0.0,4,,0,,0,EQT,5,1,562,567
500,125,63,0.5397,0.5125,0.9807,0.2832,0.6667,0.6857,35,0.6364,22,0.6364,22,EQT,5,2,625,630
550,138,63,0.5397,0.5901,3.9953,0.3856,0.6667,1.0,13,1.0,13,1.0,13,EQT,5,3,688,693
600,151,63,0.4444,0.675,0.6995,0.2533,0.5556,,0,,0,,0,EQT,5,4,751,756
651,163,63,0.4286,0.4258,0.8422,0.3095,0.3968,0.3721,43,0.3721,43,0.3721,43,EQT,5,5,814,819
701,176,63,0.5556,0.5716,0.6963,0.2496,0.4921,0.5789,19,0.5789,19,0.5789,19,EQT,5,6,877,882
752,188,63,0.5714,0.5619,0.6745,0.2408,0.4127,0.48,25,1.0,1,,0,EQT,5,7,940,945
802,201,63,0.3651,0.5279,0.7313,0.2707,0.6032,0.4167,12,,0,,0,EQT,5,8,1003,1008
399,100,63,0.3492,0.6876,2.1998,0.3573,0.6667,0.6667,3,0.6667,3,0.0,1,XOM,5,0,499,504
449,113,63,0.619,0.6338,2.0163,0.2748,0.4762,0.625,24,0.625,24,,0,XOM,5,1,562,567
500,125,63,0.5238,0.5563,1.6394,0.2895,0.4603,0.4737,19,0.5,16,1.0,1,XOM,5,2,625,630
550,138,63,0.6032,0.61,3.4641,0.341,0.381,0.48,25,0.48,25,0.48,25,XOM,5,3,688,693
600,151,63,0.619,0.5808,2.0601,0.2868,0.5714,0.6875,32,0.6552,29,0.5882,17,XOM,5,4,751,756
651,163,63,0.5397,0.6532,0.673,0.24,0.4921,0.5172,58,0.5918,49,0.5918,49,XOM,5,5,814,819
701,176,63,0.6032,0.7121,0.6381,0.2252,0.6032,0.8421,19,0.8421,19,0.8421,19,XOM,5,6,877,882
752,188,63,0.381,0.4315,5.2725,0.471,0.7143,0.875,8,,0,,0,XOM,5,7,940,945
802,201,63,0.5238,0.5,0.6924,0.2496,0.5238,0.5238,63,,0,,0,XOM,5,8,1003,1008
399,100,63,0.381,0.7762,0.7273,0.2671,0.619,,0,,0,,0,HAL,5,0,499,504
449,113,63,0.4286,0.4631,1.9438,0.3304,0.381,0.35,40,0.3793,29,0.3793,29,HAL,5,1,562,567
500,125,63,0.4921,0.5468,0.6874,0.2472,0.4286,0.451,51,,0,,0,HAL,5,2,625,630
550,138,63,0.5238,0.4631,0.7167,0.2604,0.4762,,0,,0,,0,HAL,5,3,688,693
600,151,63,0.4286,0.4954,0.6962,0.2515,0.4286,0.4262,61,,0,,0,HAL,5,4,751,756
651,163,63,0.4921,0.4985,0.704,0.2553,0.5079,0.5,16,0.5,14,0.5,14,HAL,5,5,814,819
701,176,63,0.6508,0.6735,0.6733,0.2402,0.6667,0.7778,36,1.0,1,1.0,1,HAL,5,6,877,882
752,188,63,0.3651,0.488,0.8578,0.3245,0.6349,,0,,0,,0,HAL,5,7,940,945
802,201,63,0.6032,0.5553,0.6745,0.2407,0.6032,0.6032,63,0.875,8,,0,HAL,5,8,1003,1008
399,100,63,0.7143,0.6853,2.2636,0.2808,0.6349,0.8056,36,0.8056,36,,0,KMI,5,0,499,504
449,113,63,0.4921,0.6052,0.7701,0.2873,0.619,0.6667,21,0.625,16,0.6,15,KMI,5,1,562,567
500,125,63,0.746,0.6687,0.5634,0.1884,0.7619,0.7963,54,0.8113,53,0.8113,53,KMI,5,2,625,630
550,138,63,0.6032,0.4284,0.9934,0.3171,0.6032,0.6032,63,0.5902,61,0.5902,61,KMI,5,3,688,693
600,151,63,0.5079,0.5675,2.6282,0.354,0.5079,0.5079,63,0.5079,63,0.5079,63,KMI,5,4,751,756
651,163,63,0.5397,0.64,0.8838,0.2429,0.5397,0.5397,63,0.7083,24,0.6957,23,KMI,5,5,814,819
701,176,63,0.4286,0.4594,2.1544,0.3308,0.5397,0.4688,32,0.4483,29,0.4167,24,KMI,5,6,877,882
752,188,63,0.5873,0.5526,1.6218,0.3206,0.6984,0.725,40,0.7714,35,0.7714,35,KMI,5,7,940,945
802,201,63,0.3175,0.3103,0.8276,0.3163,0.5397,0.3784,37,0.3214,28,0.3214,28,KMI,5,8,1003,1008
399,100,63,0.381,0.3616,1.9287,0.4016,0.619,0.5,36,0.5,36,0.0,1,MPC,5,0,499,504
449,113,63,0.4444,0.4679,2.1477,0.3268,0.4444,0.4444,63,0.4444,63,0.4444,63,MPC,5,1,562,567
500,125,63,0.3651,0.3995,1.0185,0.3654,0.3651,0.3651,63,0.2105,19,0.2105,19,MPC,5,2,625,630
550,138,63,0.4762,0.5214,0.7515,0.2776,0.5556,0.6667,6,0.6667,6,0.6667,6,MPC,5,3,688,693
600,151,63,0.5397,0.4367,0.7176,0.2632,0.5714,0.5778,45,0.4545,33,0.6,5,MPC,5,4,751,756
651,163,63,0.7143,0.7658,0.8351,0.2201,0.4444,0.7273,22,0.8235,17,0.8235,17,MPC,5,5,814,819
701,176,63,0.5714,0.6592,6.0262,0.4363,0.6349,1.0,13,1.0,5,1.0,3,MPC,5,6,877,882
752,188,63,0.4603,0.4167,0.713,0.2598,0.4286,0.2308,13,0.2308,13,,0,MPC,5,7,940,945
802,201,63,0.4603,0.5121,3.5281,0.3673,0.6032,1.0,4,1.0,4,1.0,4,MPC,5,8,1003,1008
399,100,63,0.3492,0.6025,0.9829,0.3786,0.6508,,0,,0,,0,OXY,5,0,499,504
449,113,63,0.3333,0.6071,1.8895,0.3086,0.3333,0.3333,63,0.3871,31,0.3871,31,OXY,5,1,562,567
500,125,63,0.381,0.5,1.0813,0.4114,0.381,0.381,63,0.381,63,0.381,63,OXY,5,2,625,630
550,138,63,0.5873,0.5957,0.662,0.2347,0.4286,0.6667,3,1.0,2,1.0,2,OXY,5,3,688,693
600,151,63,0.5556,0.6627,1.3287,0.255,0.5873,0.7368,19,0.7368,19,0.7368,19,OXY,5,4,751,756
651,163,63,0.5079,0.5213,0.7074,0.2572,0.5873,0.6154,26,0.6154,26,0.6154,26,OXY,5,5,814,819
701,176,63,0.5238,0.4762,1.4194,0.2868,0.4603,0.4762,21,0.45,20,0.3333,6,OXY,5,6,877,882
752,188,63,0.6508,0.58,0.6705,0.2385,0.6032,0.6818,44,0.6875,32,0.6,20,OXY,5,7,940,945
802,201,63,0.5714,0.4807,3.5679,0.3794,0.6667,0.7273,33,0.6,10,0.6,10,OXY,5,8,1003,1008
399,100,63,0.6508,0.4685,0.8965,0.244,0.7143,0.6949,59,0.6964,56,0.7059,17,OKE,5,0,499,504
449,113,63,0.5714,0.4779,1.186,0.2759,0.5714,0.5714,63,0.5714,63,0.5714,63,OKE,5,1,562,567
500,125,63,0.7143,0.7031,0.5861,0.1992,0.7143,0.7143,63,0.825,40,0.8158,38,OKE,5,2,625,630
550,138,63,0.4603,0.2936,2.0112,0.3579,0.4603,0.4603,63,0.2593,27,0.2308,26,OKE,5,3,688,693
600,151,63,0.4762,0.5,0.7192,0.2628,0.4762,0.4762,63,0.4762,63,,0,OKE,5,4,751,756
651,163,63,0.4444,0.5107,1.6181,0.2821,0.4444,0.4444,63,0.5,8,0.5,8,OKE,5,5,814,819
701,176,63,0.6032,0.4905,0.9355,0.2594,0.3968,,0,,0,,0,OKE,5,6,877,882
752,188,63,0.254,0.6004,2.3087,0.3996,0.746,,0,,0,,0,OKE,5,7,940,945
802,201,63,0.5556,0.5838,0.6965,0.2516,0.5238,0.6923,13,,0,,0,OKE,5,8,1003,1008
399,100,63,0.5238,0.3828,1.768,0.3452,0.5238,0.5238,63,0.4706,51,0.4706,51,PSX,5,0,499,504
449,113,63,0.3968,0.5658,0.8199,0.3102,0.3968,0.3968,63,0.3968,63,0.3968,63,PSX,5,1,562,567
500,125,63,0.5873,0.5869,0.6544,0.2366,0.4286,0.5102,49,0.5,30,0.1429,7,PSX,5,2,625,630
550,138,63,0.4286,0.5006,2.2514,0.3628,0.6667,0.6364,22,0.8,5,0.8,5,PSX,5,3,688,693
600,151,63,0.5714,0.6545,1.9982,0.2719,0.5238,0.5556,54,0.5556,54,0.5556,54,PSX,5,4,751,756
651,163,63,0.5556,0.7117,0.6778,0.2425,0.4921,0.5254,59,0.6047,43,0.7333,15,PSX,5,5,814,819
701,176,63,0.6984,0.7223,0.5761,0.1975,0.6349,0.8387,31,0.8846,26,0.8846,26,PSX,5,6,877,882
752,188,63,0.4127,0.4196,5.497,0.4796,0.6508,0.5909,22,0.0,1,0.0,1,PSX,5,7,940,945
802,201,63,0.3968,0.3956,0.7575,0.2816,0.5714,0.4615,26,0.2222,9,0.2222,9,PSX,5,8,1003,1008
399,100,63,0.4921,0.3818,1.035,0.3105,0.5238,0.5333,15,0.5333,15,0.5333,15,SLB,5,0,499,504
449,113,63,0.6032,0.6944,0.6794,0.2427,0.4127,0.5556,9,0.5556,9,0.5556,9,SLB,5,1,562,567
500,125,63,0.4762,0.4772,0.7017,0.2542,0.4603,0.4333,30,,0,,0,SLB,5,2,625,630
550,138,63,0.3968,0.45,0.8328,0.3106,0.4762,0.1667,12,0.1,10,0.1,10,SLB,5,3,688,693
600,151,63,0.619,0.6396,0.6833,0.2451,0.5079,0.8333,12,,0,,0,SLB,5,4,751,756
651,163,63,0.6032,0.6005,0.6766,0.2417,0.4762,0.8571,7,0.8333,6,,0,SLB,5,5,814,819
701,176,63,0.5556,0.5352,0.6993,0.2521,0.5556,0.5574,61,0.5574,61,0.5574,61,SLB,5,6,877,882
752,188,63,0.4603,0.5122,0.821,0.3043,0.6508,0.7059,17,0.7059,17,,0,SLB,5,7,940,945
802,201,63,0.4127,0.6379,2.1006,0.3088,0.6032,1.0,1,1.0,1,1.0,1,SLB,5,8,1003,1008
399,100,63,0.4286,0.6489,0.7491,0.2772,0.746,1.0,11,1.0,11,1.0,2,TRGP,5,0,499,504
449,113,63,0.8254,0.6333,0.4901,0.1576,0.7619,0.8136,59,0.8136,59,0.8136,59,TRGP,5,1,562,567
500,125,63,0.7619,0.8012,1.4347,0.1981,0.746,0.7963,54,0.8163,49,0.8163,49,TRGP,5,2,625,630
550,138,63,0.5556,0.6403,0.7338,0.2679,0.5556,0.5556,63,0.5556,63,0.5556,63,TRGP,5,3,688,693
600,151,63,0.4921,0.4677,0.7559,0.2796,0.4921,0.4921,63,0.4921,63,0.4921,63,TRGP,5,4,751,756
651,163,63,0.6508,0.6562,0.6654,0.2362,0.5079,0.625,40,0.641,39,,0,TRGP,5,5,814,819
701,176,63,0.4286,0.4536,0.7282,0.2673,0.5556,0.4815,27,,0,,0,TRGP,5,6,877,882
752,188,63,0.5714,0.4278,1.2197,0.2954,0.7619,0.7234,47,,0,,0,TRGP,5,7,940,945
802,201,63,0.4127,0.5132,9.3718,0.5902,0.6032,1.0,1,1.0,1,,0,TRGP,5,8,1003,1008
399,100,63,0.6984,0.6049,2.3362,0.237,0.7143,0.7955,44,0.7907,43,0.7907,43,TPL,5,0,499,504
449,113,63,0.4127,0.5062,0.9119,0.3408,0.5873,0.5,8,0.5,8,0.6,5,TPL,5,1,562,567
500,125,63,0.7937,0.58,0.6366,0.2224,0.7937,0.7937,63,1.0,8,1.0,8,TPL,5,2,625,630
550,138,63,0.5714,0.4444,0.697,0.2515,0.5714,0.5714,63,0.5714,63,0.5714,63,TPL,5,3,688,693
600,151,63,0.5397,0.5695,1.3627,0.2728,0.5397,0.5397,63,0.5397,63,0.5397,63,TPL,5,4,751,756
651,163,63,0.2222,0.5,0.8372,0.3208,0.2222,0.2222,63,0.2222,63,0.2222,63,TPL,5,5,814,819
701,176,63,0.4444,0.5844,2.1553,0.3298,0.5714,0.6667,3,1.0,1,1.0,1,TPL,5,6,877,882
752,188,63,0.5079,0.5403,0.7245,0.2651,0.5556,0.5909,22,0.5909,22,1.0,1,TPL,5,7,940,945
802,201,63,0.5079,0.5534,2.5298,0.312,0.5079,1.0,1,,0,,0,TPL,5,8,1003,1008
399,100,63,0.5397,0.5556,0.7648,0.2817,0.5556,0.75,12,0.75,12,,0,VLO,5,0,499,504
449,113,63,0.4603,0.4409,0.7173,0.262,0.4762,0.4677,62,0.4375,48,,0,VLO,5,1,562,567
500,125,63,0.6667,0.7784,1.1745,0.2777,0.2857,0.4595,37,0.4595,37,0.4595,37,VLO,5,2,625,630
550,138,63,0.4444,0.5592,1.8799,0.3057,0.5556,0.5,4,0.5,2,0.5,2,VLO,5,3,688,693
600,151,63,0.6667,0.7393,0.8301,0.2112,0.5556,0.675,40,0.675,40,0.7222,36,VLO,5,4,751,756
651,163,63,0.619,0.7733,0.6206,0.2163,0.4603,0.5532,47,0.6667,36,0.6667,36,VLO,5,5,814,819
701,176,63,0.4762,0.7761,1.4999,0.3284,0.6508,1.0,8,1.0,8,1.0,4,VLO,5,6,877,882
752,188,63,0.4603,0.5,0.7231,0.2648,0.5397,,0,,0,,0,VLO,5,7,940,945
802,201,63,0.3968,0.5,0.7013,0.2541,0.6032,,0,,0,,0,VLO,5,8,1003,1008
399,100,63,0.6349,0.4725,0.6647,0.24,0.5873,0.6167,60,0.5526,38,0.5526,38,AES,5,0,499,504
449,113,63,0.7143,0.7095,1.1374,0.2549,0.3968,0.6296,27,0.6538,26,0.6667,21,AES,5,1,562,567
500,125,63,0.4444,0.3357,2.722,0.3824,0.4444,0.4364,55,0.4375,48,0.4255,47,AES,5,2,625,630
550,138,63,0.3333,0.4643,9.491,0.6362,0.3333,0.3333,63,0.3333,63,0.3226,62,AES,5,3,688,693
600,151,63,0.4921,0.6366,0.6841,0.2456,0.5079,,0,,0,,0,AES,5,4,751,756
651,163,63,0.5079,0.6554,0.6858,0.2543,0.5873,0.6667,18,0.7059,17,,0,AES,5,5,814,819
701,176,63,0.381,0.5016,2.4594,0.3719,0.6349,0.6667,3,,0,,0,AES,5,6,877,882
752,188,63,0.5238,0.5319,0.7023,0.2544,0.5397,0.54,50,0.5185,27,0.5,26,AES,5,7,940,945
802,201,63,0.5079,0.496,0.7138,0.26,0.4762,0.4783,23,0.45,20,0.4444,9,AES,5,8,1003,1008
399,100,63,0.3968,0.4056,1.5378,0.3355,0.5556,0.4118,17,0.4667,15,0.4667,15,LNT,5,0,499,504
449,113,63,0.5079,0.6286,0.7939,0.2958,0.6508,0.7273,22,0.7273,22,,0,LNT,5,1,562,567
500,125,63,0.619,0.5337,3.0513,0.3423,0.6032,0.6944,36,0.5625,16,0.5,12,LNT,5,2,625,630
550,138,63,0.4444,0.5753,0.8188,0.3083,0.5238,0.4821,56,0.4821,56,0.4821,56,LNT,5,3,688,693
600,151,63,0.4921,0.5561,0.6716,0.2397,0.5873,0.7778,9,0.7778,9,0.7778,9,LNT,5,4,751,756
651,163,63,0.5238,0.5026,0.7183,0.262,0.6032,0.6053,38,0.6053,38,0.6053,38,LNT,5,5,814,819
701,176,63,0.5079,0.5938,0.6896,0.2483,0.5079,0.5079,63,1.0,1,1.0,1,LNT,5,6,877,882
752,188,63,0.4286,0.4813,0.7307,0.2681,0.5238,0.4211,19,,0,,0,LNT,5,7,940,945
802,201,63,0.6825,0.6679,0.6446,0.2269,0.6032,0.6731,52,0.75,24,,0,LNT,5,8,1003,1008
399,100,63,0.5714,0.5134,2.306,0.3038,0.5714,0.5957,47,0.5957,47,0.5957,47,AEE,5,0,499,504
449,113,63,0.4762,0.4578,0.7414,0.2746,0.619,0.5789,38,0.5789,38,0.5789,38,AEE,5,1,562,567
500,125,63,0.5079,0.6198,7.2997,0.518,0.6825,0.875,16,0.8,5,0.8,5,AEE,5,2,625,630
550,138,63,0.4762,0.5237,3.6126,0.4001,0.6032,0.6087,23,0.6087,23,0.6087,23,AEE,5,3,688,693
600,151,63,0.5397,0.58,0.8775,0.2472,0.5873,0.6176,34,0.5938,32,0.6,30,AEE,5,4,751,756
651,163,63,0.4762,0.5163,0.7908,0.2945,0.6032,0.6471,17,,0,,0,AEE,5,5,814,819
701,176,63,0.4921,0.5994,0.6924,0.2512,0.4603,0.4754,61,0.4754,61,,0,AEE,5,6,877,882
752,188,63,0.6032,0.5389,0.6831,0.2468,0.6032,0.6327,49,0.6,30,0.6,30,AEE,5,7,940,945
802,201,63,0.5397,0.5545,0.6649,0.2429,0.5714,0.566,53,0.5714,35,0.5714,35,AEE,5,8,1003,1008
399,100,63,0.4762,0.5763,0.8064,0.3009,0.6032,0.6923,13,0.8,10,1.0,3,AEP,5,0,499,504
449,113,63,0.5556,0.5522,1.257,0.2936,0.6349,0.7,30,0.7,30,0.6316,19,AEP,5,1,562,567
500,125,63,0.381,0.4985,0.7013,0.2543,0.5079,0.4314,51,0.7059,17,0.7857,14,AEP,5,2,625,630
550,138,63,0.5714,0.321,3.7812,0.3767,0.5714,0.5714,63,0.5714,63,0.4595,37,AEP,5,3,688,693
600,151,63,0.6032,0.6389,0.6621,0.2346,0.6032,0.6032,63,0.6415,53,,0,AEP,5,4,751,756
651,163,63,0.3651,0.3766,5.2427,0.462,0.6349,0.5,20,0.5,20,,0,AEP,5,5,814,819
701,176,63,0.5714,0.5,0.6837,0.2453,0.5714,0.5714,63,0.5714,63,,0,AEP,5,6,877,882
752,188,63,0.5397,0.4877,0.7009,0.2537,0.619,0.5893,56,0.5893,56,,0,AEP,5,7,940,945
802,201,63,0.5079,0.4253,0.7541,0.2767,0.6032,0.566,53,0.566,53,0.566,53,AEP,5,8,1003,1008
399,100,63,0.3968,0.4168,0.7753,0.2896,0.5079,0.4118,34,0.4706,17,0.5,14,AWK,5,0,499,504
449,113,63,0.4127,0.5463,0.7408,0.2735,0.5873,,0,,0,,0,AWK,5,1,562,567
500,125,63,0.4286,0.5213,0.9079,0.2553,0.4127,0.4,50,,0,,0,AWK,5,2,625,630
550,138,63,0.3651,0.5085,0.8206,0.3099,0.3333,0.3061,49,0.3571,42,0.3571,42,AWK,5,3,688,693
600,151,63,0.4127,0.5595,0.7194,0.2679,0.6667,1.0,5,1.0,5,1.0,5,AWK,5,4,751,756
651,163,63,0.5079,0.5297,0.6928,0.2498,0.4921,0.5,4,0.5,4,0.5,4,AWK,5,5,814,819
701,176,63,0.5873,0.6606,0.6694,0.2384,0.4762,0.5909,22,0.0,1,,0,AWK,5,6,877,882
752,188,63,0.5714,0.5787,0.7086,0.2576,0.3492,0.4242,33,0.4242,33,0.0,1,AWK,5,7,940,945
802,201,63,0.6349,0.5674,0.9479,0.268,0.5714,0.7826,23,0.8,5,0.8,5,AWK,5,8,1003,1008
399,100,63,0.5873,0.5951,2.7324,0.3074,0.5873,0.6571,35,0.6522,23,0.875,8,ATO,5,0,499,504
449,113,63,0.7619,0.7379,0.5896,0.2058,0.6032,0.7447,47,0.75,24,1.0,2,ATO,5,1,562,567
500,125,63,0.6825,0.6181,0.6511,0.2292,0.6508,0.7442,43,0.7381,42,0.6,5,ATO,5,2,625,630
550,138,63,0.3968,0.3805,0.8267,0.3122,0.5079,0.4118,34,0.3684,19,0.3684,19,ATO,5,3,688,693
600,151,63,0.6984,0.7198,0.5992,0.2045,0.6825,0.6935,62,0.7049,61,0.8529,34,ATO,5,4,751,756
651,163,63,0.5079,0.8059,0.6223,0.2225,0.5079,0.5079,63,0.5345,58,0.8462,26,ATO,5,5,814,819
701,176,63,0.4762,0.5551,0.7144,0.2601,0.5873,0.5357,56,0.5556,54,0.6585,41,ATO,5,6,877,882
752,188,63,0.6032,0.7393,0.6517,0.2303,0.4444,0.5319,47,0.5952,42,1.0,5,ATO,5,7,940,945
802,201,63,0.3492,0.3617,0.7801,0.2927,0.5556,0.3846,26,0.3846,26,0.4545,22,ATO,5,8,1003,1008
399,100,63,0.5238,0.5871,0.7209,0.2635,0.619,0.8,15,0.7778,9,0.7778,9,CNP,5,0,499,504
449,113,63,0.4603,0.5588,1.626,0.285,0.4603,0.4603,63,0.5417,24,0.5417,24,CNP,5,1,562,567
500,125,63,0.8254,0.7692,0.5111,0.166,0.6825,0.82,50,0.82,50,0.82,50,CNP,5,2,625,630
550,138,63,0.5714,0.5386,0.6898,0.2471,0.5714,0.5714,63,0.6207,29,0.6071,28,CNP,5,3,688,693
600,151,63,0.5079,0.4599,4.0483,0.4045,0.6984,0.7097,31,0.6667,9,0.5,2,CNP,5,4,751,756
651,163,63,0.381,0.3126,5.0056,0.4545,0.5238,0.4118,34,0.3448,29,0.3214,28,CNP,5,5,814,819
701,176,63,0.4762,0.5,0.7096,0.2582,0.4762,0.4762,63,0.4762,63,,0,CNP,5,6,877,882
752,188,63,0.5714,0.4398,0.6851,0.246,0.5714,0.5714,63,,0,,0,CNP,5,7,940,945
802,201,63,0.6349,0.5556,0.6734,0.2402,0.5873,0.625,56,0.6136,44,,0,CNP,5,8,1003,1008
399,100,63,0.6349,0.6429,2.5237,0.301,0.6667,0.8065,31,0.8065,31,0.8065,31,CMS,5,0,499,504
449,113,63,0.5556,0.4847,0.6929,0.2499,0.5556,0.5556,63,,0,,0,CMS,5,1,562,567
500,125,63,0.3016,0.475,0.7469,0.2764,0.6825,0.0,1,0.0,1,0.0,1,CMS,5,2,625,630
550,138,63,0.4603,0.5,0.8102,0.3054,0.4603,0.4603,63,0.4603,63,0.4603,63,CMS,5,3,688,693
600,151,63,0.5873,0.5,0.6783,0.2426,0.5873,0.5873,63,0.5873,63,,0,CMS,5,4,751,756
651,163,63,0.5873,0.5791,0.6834,0.2451,0.5397,0.6667,24,,0,,0,CMS,5,5,814,819
701,176,63,0.4127,0.3992,0.9686,0.2774,0.5079,0.4468,47,,0,,0,CMS,5,6,877,882
752,188,63,0.3968,0.4636,0.6924,0.252,0.5238,0.4324,37,0.6923,13,0.6923,13,CMS,5,7,940,945
802,201,63,0.3968,0.4199,1.4408,0.297,0.5079,0.4118,34,0.4118,34,0.5385,13,CMS,5,8,1003,1008
399,100,63,0.5873,0.5436,1.0145,0.2931,0.5397,0.625,32,0.625,32,0.625,32,ED,5,0,499,504
449,113,63,0.5556,0.5963,1.3292,0.254,0.4603,0.5714,7,0.5714,7,0.5714,7,ED,5,1,562,567
500,125,63,0.5238,0.5273,5.7356,0.4104,0.4762,,0,,0,,0,ED,5,2,625,630
550,138,63,0.4603,0.5264,0.7007,0.2552,0.4603,0.4561,57,0.4464,56,1.0,3,ED,5,3,688,693
600,151,63,0.4603,0.5897,0.6991,0.2532,0.6349,0.75,12,1.0,1,1.0,1,ED,5,4,751,756
651,163,63,0.381,0.4086,0.7671,0.2862,0.5238,0.375,24,0.375,24,0.4,10,ED,5,5,814,819
701,176,63,0.6667,0.5709,0.662,0.2344,0.3175,0.4615,13,0.4615,13,0.4615,13,ED,5,6,877,882
752,188,63,0.5397,0.5078,0.7082,0.258,0.6508,0.65,40,1.0,2,1.0,2,ED,5,7,940,945
802,201,63,0.5714,0.4969,0.7637,0.2762,0.4286,0.5,14,0.5,14,0.5,14,ED,5,8,1003,1008
399,100,63,0.7937,0.7716,1.4841,0.2171,0.6032,0.8049,41,0.7949,39,1.0,4,DTE,5,0,499,504
449,113,63,0.4762,0.4919,0.9476,0.2677,0.5238,0.5,46,0.6,15,0.6,15,DTE,5,1,562,567
500,125,63,0.4921,0.6315,0.9354,0.2609,0.6349,0.7222,18,0.7059,17,0.5714,7,DTE,5,2,625,630
550,138,63,0.4921,0.6205,2.3284,0.4229,0.4921,0.4918,61,0.4918,61,0.4918,61,DTE,5,3,688,693
600,151,63,0.6984,0.5334,0.6441,0.2256,0.6667,0.6949,59,0.6949,59,0.5,4,DTE,5,4,751,756
651,163,63,0.4762,0.4556,0.714,0.2603,0.4921,0.4783,46,0.4545,44,,0,DTE,5,5,814,819
701,176,63,0.5238,0.4849,0.714,0.2597,0.5079,0.5263,38,1.0,1,,0,DTE,5,6,877,882
752,188,63,0.4444,0.5005,0.7141,0.2586,0.4444,0.4444,63,0.4444,9,0.5,2,DTE,5,7,940,945
802,201,63,0.5873,0.5379,0.6951,0.2509,0.5873,0.6486,37,0.3333,6,,0,DTE,5,8,1003,1008
399,100,63,0.4603,0.4511,0.7996,0.2982,0.5873,0.56,25,0.4,10,0.5,6,DUK,5,0,499,504
449,113,63,0.3016,0.3195,1.965,0.3451,0.6032,0.4062,32,0.4062,32,0.4062,32,DUK,5,1,562,567
500,125,63,0.4603,0.5482,0.7168,0.2617,0.4603,0.4603,63,0.4603,63,,0,DUK,5,2,625,630
550,138,63,0.5556,0.5,0.69,0.2484,0.5556,0.5556,63,0.5556,63,,0,DUK,5,3,688,693
600,151,63,0.3968,0.4808,0.7594,0.2815,0.5873,0.0,1,0.0,1,0.0,1,DUK,5,4,751,756
651,163,63,0.5714,0.4504,0.6648,0.2359,0.6984,0.6889,45,0.6889,45,,0,DUK,5,5,814,819
701,176,63,0.3968,0.5211,0.7985,0.291,0.3968,0.3968,63,0.4032,62,0.0,2,DUK,5,6,877,882
752,188,63,0.5714,0.499,0.6878,0.2473,0.5714,0.5714,63,0.5574,61,0.6,20,DUK,5,7,940,945
802,201,63,0.5397,0.6152,0.6954,0.2506,0.5238,0.5385,52,0.75,16,,0,DUK,5,8,1003,1008
399,100,63,0.5714,0.6384,0.6606,0.2342,0.6825,0.8333,24,0.8333,24,0.8333,24,EIX,5,0,499,504
449,113,63,0.4127,0.6538,1.0318,0.3844,0.6349,1.0,3,1.0,3,,0,EIX,5,1,562,567
500,125,63,0.6349,0.5737,0.7232,0.2601,0.6032,0.6923,39,0.6842,38,0.6842,38,EIX,5,2,625,630
550,138,63,0.3968,0.3965,1.095,0.4134,0.3175,0.3448,58,0.3636,55,0.3519,54,EIX,5,3,688,693
600,151,63,0.7143,0.5,0.6472,0.2271,0.7143,0.7143,63,0.7143,63,,0,EIX,5,4,751,756
651,163,63,0.5238,0.3261,0.706,0.2564,0.5714,0.5536,56,,0,,0,EIX,5,5,814,819
701,176,63,0.5238,0.5,0.692,0.2494,0.5238,0.5238,63,,0,,0,EIX,5,6,877,882
752,188,63,0.619,0.5,0.666,0.2365,0.619,0.619,63,0.619,63,,0,EIX,5,7,940,945
802,201,63,0.5238,0.5469,0.7189,0.2624,0.5079,1.0,2,,0,,0,EIX,5,8,1003,1008
399,100,63,0.5873,0.5967,0.6961,0.2513,0.6349,0.7333,30,,0,,0,ETR,5,0,499,504
449,113,63,0.619,0.6207,0.6439,0.2262,0.619,0.619,63,0.619,63,0.7407,27,ETR,5,1,562,567
500,125,63,0.6349,0.7107,0.6908,0.2488,0.8254,0.9677,31,0.95,20,0.9375,16,ETR,5,2,625,630
550,138,63,0.6825,0.5,0.6314,0.2193,0.6825,0.6825,63,0.6825,63,0.6825,63,ETR,5,3,688,693
600,151,63,0.5556,0.5314,0.7591,0.2791,0.5397,0.5484,62,0.5484,62,0.5484,62,ETR,5,4,751,756
651,163,63,0.5873,0.4316,0.697,0.2514,0.6032,0.5968,62,0.5833,60,0.5833,60,ETR,5,5,814,819
701,176,63,0.5079,0.4498,0.701,0.255,0.5397,0.5254,59,0.5536,56,0.5536,56,ETR,5,6,877,882
752,188,63,0.5556,0.5563,0.9172,0.2545,0.5397,0.55,60,0.5536,56,0.7143,7,ETR,5,7,940,945
802,201,63,0.5238,0.448,1.4832,0.3073,0.5714,0.56,50,0.4706,17,0.4706,17,ETR,5,8,1003,1008
399,100,63,0.3016,0.3583,5.0067,0.5236,0.6667,0.375,8,0.5,6,,0,EVRG,5,0,499,504
449,113,63,0.5873,0.5,0.6783,0.2426,0.5873,0.5873,63,0.5873,63,,0,EVRG,5,1,562,567
500,125,63,0.5873,0.5,0.6787,0.2428,0.5873,0.5873,63,0.5873,63,0.5873,63,EVRG,5,2,625,630
550,138,63,0.4921,0.4135,0.8851,0.3241,0.619,0.5686,51,0.5686,51,0.5686,51,EVRG,5,3,688,693
600,151,63,0.5873,0.3359,3.0517,0.3434,0.6508,0.6271,59,0.6271,59,0.6087,46,EVRG,5,4,751,756
651,163,63,0.5873,0.5249,1.3386,0.2569,0.5873,0.5873,63,0.6034,58,0.6034,58,EVRG,5,5,814,819
701,176,63,0.5238,0.5,0.6996,0.2532,0.5238,0.5238,63,0.5238,63,,0,EVRG,5,6,877,882
752,188,63,0.5238,0.4812,0.7181,0.2618,0.5397,0.5323,62,0.5323,62,0.5323,62,EVRG,5,7,940,945
802,201,63,0.5397,0.561,0.7068,0.2565,0.5079,0.5246,61,0.5102,49,0.5102,49,EVRG,5,8,1003,1008
399,100,63,0.4762,0.3984,3.5964,0.3902,0.6349,0.5745,47,,0,,0,ES,5,0,499,504
449,113,63,0.5556,0.5712,0.6876,0.2468,0.5238,0.5862,29,0.625,24,0.625,24,ES,5,1,562,567
500,125,63,0.5556,0.5172,0.6883,0.2476,0.5397,0.5484,62,0.5484,62,,0,ES,5,2,625,630
550,138,63,0.5714,0.4419,3.7112,0.3546,0.5238,0.55,60,0.5345,58,0.5345,58,ES,5,3,688,693
600,151,63,0.7143,0.7152,0.648,0.2277,0.6349,0.775,40,0.8095,21,1.0,5,ES,5,4,751,756
651,163,63,0.6032,0.4232,0.9232,0.257,0.6032,0.6032,63,0.5,4,0.5,4,ES,5,5,814,819
701,176,63,0.4127,0.3412,1.0387,0.3077,0.5079,0.4545,55,0.4545,55,0.3947,38,ES,5,6,877,882
752,188,63,0.5873,0.4361,0.6807,0.2437,0.5873,0.5873,63,0.5873,63,0.5932,59,ES,5,7,940,945
802,201,63,0.4603,0.5279,0.7039,0.2554,0.4603,0.4603,63,0.5714,7,0.5714,7,ES,5,8,1003,1008
399,100,63,0.6984,0.5471,0.6464,0.2312,0.6508,0.6833,60,,0,,0,EXC,5,0,499,504
449,113,63,0.5238,0.4736,3.0142,0.3331,0.5397,0.5455,44,0.5,34,,0,EXC,5,1,562,567
500,125,63,0.7302,0.7396,3.0889,0.278,0.5873,0.8125,32,0.8125,32,1.0,3,EXC,5,2,625,630
550,138,63,0.619,0.4636,2.9412,0.3012,0.6349,0.6429,56,0.6364,55,0.641,39,EXC,5,3,688,693
600,151,63,0.4127,0.3617,0.7948,0.2968,0.5873,,0,,0,,0,EXC,5,4,751,756
651,163,63,0.5397,0.535,0.9338,0.2606,0.5397,0.5455,55,0.6364,11,0.6364,11,EXC,5,5,814,819
701,176,63,0.4603,0.432,0.9826,0.2806,0.4921,0.4483,29,0.4643,28,0.3,10,EXC,5,6,877,882
752,188,63,0.5556,0.5875,0.9403,0.2658,0.3651,0.4359,39,0.4571,35,0.5,2,EXC,5,7,940,945
802,201,63,0.3968,0.3695,0.7747,0.2874,0.4921,0.4,35,0.2222,9,0.2222,9,EXC,5,8,1003,1008
399,100,63,0.4127,0.5,0.7655,0.2854,0.5873,,0,,0,,0,ARE,5,0,499,504
449,113,63,0.4127,0.3947,0.7842,0.2936,0.5079,0.3913,23,0.2222,9,0.25,8,ARE,5,1,562,567
500,125,63,0.5873,0.601,1.3087,0.2985,0.4762,0.5556,36,0.5862,29,0.5217,23,ARE,5,2,625,630
550,138,63,0.3492,0.4889,0.8843,0.3381,0.3492,0.3492,63,0.3333,60,0.3265,49,ARE,5,3,688,693
600,151,63,0.5873,0.5867,0.6641,0.2332,0.3333,0.2727,11,0.4,5,0.4,5,ARE,5,4,751,756
651,163,63,0.4921,0.5,0.7248,0.2654,0.5079,,0,,0,,0,ARE,5,5,814,819
701,176,63,0.4286,0.5284,0.7809,0.2906,0.6032,0.5714,14,0.5714,14,0.5455,11,ARE,5,6,877,882
752,188,63,0.3016,0.1998,1.4506,0.4,0.619,0.4194,31,0.25,20,0.25,20,ARE,5,7,940,945
802,201,63,0.3651,0.6233,0.6926,0.2543,0.3175,0.3333,60,0.4375,16,,0,ARE,5,8,1003,1008
399,100,63,0.4444,0.5745,0.6924,0.2499,0.4603,0.44,50,,0,,0,AMT,5,0,499,504
449,113,63,0.4762,0.4837,1.4514,0.3008,0.6032,0.8571,7,0.8571,7,1.0,1,AMT,5,1,562,567
500,125,63,0.5873,0.4707,0.6919,0.2493,0.3651,0.2,5,0.0,2,0.0,2,AMT,5,2,625,630
550,138,63,0.6032,0.5,0.6902,0.2485,0.3968,0.5,2,,0,,0,AMT,5,3,688,693
600,151,63,0.3651,0.4435,0.7506,0.2784,0.6349,,0,,0,,0,AMT,5,4,751,756
651,163,63,0.4444,0.4439,0.8298,0.3125,0.5238,0.3333,6,0.3333,6,0.3333,6,AMT,5,5,814,819
701,176,63,0.5397,0.4647,0.733,0.265,0.381,0.2727,11,0.2727,11,0.5,6,AMT,5,6,877,882
752,188,63,0.5556,0.4954,0.6873,0.2471,0.4286,0.4,5,,0,,0,AMT,5,7,940,945
802,201,63,0.3968,0.4632,4.6245,0.3876,0.5079,0.4423,52,0.5128,39,0.5128,39,AMT,5,8,1003,1008
399,100,63,0.4127,0.5,0.7035,0.2552,0.5873,,0,,0,,0,AVB,5,0,499,504
449,113,63,0.3968,0.6549,0.6601,0.2372,0.619,1.0,1,1.0,1,1.0,1,AVB,5,1,562,567
500,125,63,0.4921,0.422,1.4422,0.2961,0.619,0.5636,55,0.5952,42,0.6,5,AVB,5,2,625,630
550,138,63,0.4444,0.5684,0.7884,0.2927,0.4444,0.4444,63,0.5091,55,0.5091,55,AVB,5,3,688,693
600,151,63,0.4921,0.4432,0.7058,0.2561,0.5397,0.525,40,0.4211,19,0.5,2,AVB,5,4,751,756
651,163,63,0.3651,0.3292,5.0378,0.4571,0.4286,0.3333,39,0.3421,38,0.2083,24,AVB,5,5,814,819
701,176,63,0.4921,0.4839,0.6993,0.2531,0.5079,,0,,0,,0,AVB,5,6,877,882
752,188,63,0.5238,0.5,0.692,0.2494,0.4762,,0,,0,,0,AVB,5,7,940,945
802,201,63,0.4127,0.5,0.6988,0.2528,0.5873,,0,,0,,0,AVB,5,8,1003,1008
399,100,63,0.3968,0.4459,3.0753,0.3562,0.4127,0.375,48,0.3636,11,0.3636,11,BXP,5,0,499,504
449,113,63,0.6508,0.631,2.0639,0.2816,0.5873,0.7143,35,0.7143,35,0.6923,13,BXP,5,1,562,567
500,125,63,0.3175,0.4047,4.3471,0.4425,0.6825,,0,,0,,0,BXP,5,2,625,630
550,138,63,0.4286,0.5203,1.4197,0.2917,0.4127,0.4107,56,0.4259,54,0.4259,54,BXP,5,3,688,693
600,151,63,0.4444,0.5607,0.6966,0.256,0.4444,0.4444,63,0.475,40,0.4615,39,BXP,5,4,751,756
651,163,63,0.5079,0.6702,0.689,0.2481,0.5238,0.75,4,0.75,4,0.75,4,BXP,5,5,814,819
701,176,63,0.381,0.4886,0.7767,0.2853,0.5873,0.4545,22,0.4167,12,0.4167,12,BXP,5,6,877,882
752,188,63,0.5556,0.6738,0.654,0.2324,0.3175,0.4048,42,0.4583,24,0.4118,17,BXP,5,7,940,945
802,201,63,0.4921,0.4696,5.844,0.4483,0.4603,0.4754,61,0.4754,61,0.4468,47,BXP,5,8,1003,1008
399,100,63,0.4444,0.5265,5.1193,0.4155,0.5556,,0,,0,,0,CPT,5,0,499,504
449,113,63,0.619,0.524,0.6963,0.2514,0.619,0.6316,57,,0,,0,CPT,5,1,562,567
500,125,63,0.5873,0.4859,0.7016,0.2537,0.5079,0.56,50,0.5227,44,0.3,10,CPT,5,2,625,630
550,138,63,0.4762,0.549,0.7041,0.2574,0.4762,0.4762,63,0.4762,63,0.6923,13,CPT,5,3,688,693
600,151,63,0.3968,0.3766,0.9374,0.2645,0.619,0.5185,27,0.5,2,0.5,2,CPT,5,4,751,756
651,163,63,0.381,0.5294,0.704,0.2552,0.381,0.381,63,0.5,8,0.5,8,CPT,5,5,814,819
701,176,63,0.4762,0.4699,5.1464,0.4233,0.4444,0.4324,37,0.4324,37,0.4324,37,CPT,5,6,877,882
752,188,63,0.4127,0.5192,0.6893,0.249,0.5873,,0,,0,,0,CPT,5,7,940,945
802,201,63,0.5397,0.5082,0.7256,0.2641,0.4444,0.4828,29,,0,,0,CPT,5,8,1003,1008
399,100,63,0.6667,0.6497,0.6896,0.2482,0.5714,0.7778,27,,0,,0,CBRE,5,0,499,504
449,113,63,0.5714,0.5279,0.704,0.2552,0.6032,0.6571,35,0.5833,24,1.0,1,CBRE,5,1,562,567
500,125,63,0.381,0.5377,1.1915,0.2811,0.7302,0.8182,11,0.8182,11,,0,CBRE,5,2,625,630
550,138,63,0.4762,0.4536,0.7852,0.2931,0.4921,0.4821,56,0.4528,53,0.4681,47,CBRE,5,3,688,693
600,151,63,0.5397,0.4673,0.7176,0.2651,0.5556,0.5517,58,0.5455,55,0.5,26,CBRE,5,4,751,756
651,163,63,0.619,0.4653,0.6791,0.243,0.619,0.619,63,0.6136,44,0.5,10,CBRE,5,5,814,819
701,176,63,0.5397,0.5,0.6921,0.2495,0.5397,0.5397,63,0.5397,63,,0,CBRE,5,6,877,882
752,188,63,0.5556,0.5,0.687,0.2469,0.5556,0.5556,63,0.5556,63,,0,CBRE,5,7,940,945
802,201,63,0.5238,0.4641,0.7373,0.2697,0.5238,0.5238,63,0.5238,63,0.4906,53,CBRE,5,8,1003,1008
399,100,63,0.4921,0.5,0.6931,0.25,0.4921,0.4921,63,,0,,0,CSGP,5,0,499,504
449,113,63,0.3016,0.7159,6.5832,0.4947,0.3016,0.3016,63,0.4043,47,0.4043,47,CSGP,5,1,562,567
500,125,63,0.4286,0.5956,0.7189,0.2626,0.5873,0.6,5,0.6,5,0.6,5,CSGP,5,2,625,630
550,138,63,0.5079,0.5659,0.7251,0.2637,0.5397,0.5319,47,0.9,10,1.0,9,CSGP,5,3,688,693
600,151,63,0.5556,0.5781,2.2529,0.2845,0.5079,0.5476,42,1.0,1,1.0,1,CSGP,5,4,751,756
651,163,63,0.2857,0.512,0.9944,0.3888,0.6984,0.0,1,0.0,1,,0,CSGP,5,5,814,819
701,176,63,0.3333,0.5,0.7339,0.2703,0.3333,0.3333,63,0.3333,63,,0,CSGP,5,6,877,882
752,188,63,0.4286,0.4537,7.275,0.513,0.4286,0.4286,63,0.4286,63,0.4426,61,CSGP,5,7,940,945
802,201,63,0.2381,0.4896,0.7343,0.2701,0.2381,0.2381,63,0.0,1,0.0,1,CSGP,5,8,1003,1008
399,100,63,0.5556,0.4791,0.9252,0.2585,0.4444,,0,,0,,0,CCI,5,0,499,504
449,113,63,0.4127,0.5385,1.4544,0.3055,0.5873,,0,,0,,0,CCI,5,1,562,567
500,125,63,0.3492,0.3816,0.7347,0.2704,0.3968,0.3182,44,0.3182,22,0.5,2,CCI,5,2,625,630
550,138,63,0.3651,0.5,0.6972,0.252,0.3651,0.3651,63,,0,,0,CCI,5,3,688,693
600,151,63,0.4127,0.5,0.7232,0.2649,0.5873,,0,,0,,0,CCI,5,4,751,756
651,163,63,0.5397,0.4594,0.6964,0.2515,0.4603,,0,,0,,0,CCI,5,5,814,819
701,176,63,0.6984,0.7165,0.6355,0.2248,0.4603,0.6923,26,0.6667,24,0.7333,15,CCI,5,6,877,882
752,188,63,0.3968,0.5774,0.9506,0.2739,0.3968,0.3968,63,0.3968,63,0.5333,15,CCI,5,7,940,945
802,201,63,0.3492,0.3305,0.7627,0.2844,0.6032,0.4571,35,0.4571,35,,0,CCI,5,8,1003,1008
399,100,63,0.4127,0.4333,0.8469,0.3073,0.5238,0.4375,32,,0,,0,EQR,5,0,499,504
449,113,63,0.6349,0.5889,0.8879,0.2462,0.5873,0.6346,52,,0,,0,EQR,5,1,562,567
500,125,63,0.4603,0.4811,1.6483,0.2927,0.6032,0.6111,18,0.6111,18,0.6111,18,EQR,5,2,625,630
550,138,63,0.5397,0.4402,1.4457,0.2977,0.5397,0.5397,63,0.5397,63,0.5397,63,EQR,5,3,688,693
600,151,63,0.6508,0.4917,1.322,0.2493,0.6508,0.6508,63,0.6341,41,0.6667,15,EQR,5,4,751,756
651,163,63,0.4127,0.5062,0.9506,0.2707,0.4127,0.4098,61,0.4444,9,0.4444,9,EQR,5,5,814,819
701,176,63,0.5238,0.561,0.6586,0.2386,0.5079,0.5333,30,0.5,16,0.4667,15,EQR,5,6,877,882
752,188,63,0.5079,0.555,2.7667,0.3197,0.5714,0.5806,31,0.625,16,,0,EQR,5,7,940,945
802,201,63,0.5873,0.6455,0.6668,0.2384,0.5238,0.5593,59,0.619,42,0.5,6,EQR,5,8,1003,1008
399,100,63,0.4127,0.5,0.8782,0.3348,0.5873,,0,,0,,0,ESS,5,0,499,504
449,113,63,0.3968,0.5128,0.7072,0.257,0.619,1.0,1,,0,,0,ESS,5,1,562,567
500,125,63,0.6032,0.4872,0.925,0.2564,0.619,0.6167,60,0.6102,59,0.5714,7,ESS,5,2,625,630
550,138,63,0.4762,0.3586,3.4308,0.3995,0.4762,0.4727,55,0.4727,55,0.4727,55,ESS,5,3,688,693
600,151,63,0.6032,0.5,0.6817,0.2443,0.6032,0.6032,63,,0,,0,ESS,5,4,751,756
651,163,63,0.5079,0.6048,0.6975,0.2521,0.5079,0.5079,63,0.5167,60,,0,ESS,5,5,814,819
701,176,63,0.4444,0.3,0.7072,0.257,0.5556,0.5,56,0.5,56,,0,ESS,5,6,877,882
752,188,63,0.4921,0.5404,1.38,0.2707,0.4762,0.4821,56,0.6667,6,,0,ESS,5,7,940,945
802,201,63,0.5238,0.4069,0.7167,0.2615,0.5714,0.5625,48,0.0,5,0.0,5,ESS,5,8,1003,1008
399,100,63,0.6032,0.5965,2.5605,0.3172,0.5238,0.7,20,,0,,0,EXR,5,0,499,504
449,113,63,0.5079,0.5994,0.7457,0.2752,0.619,1.0,8,1.0,5,1.0,3,EXR,5,1,562,567
500,125,63,0.5873,0.5735,1.6012,0.2742,0.5397,0.6538,26,0.6538,26,0.6538,26,EXR,5,2,625,630
550,138,63,0.4921,0.4179,0.7323,0.2688,0.5873,0.551,49,0.5,24,0.5,16,EXR,5,3,688,693
600,151,63,0.4921,0.6418,0.7069,0.2553,0.4444,0.4643,56,0.6,30,0.5652,23,EXR,5,4,751,756
651,163,63,0.4286,0.4722,0.7081,0.2574,0.4286,0.4286,63,0.3333,9,,0,EXR,5,5,814,819
701,176,63,0.6032,0.6363,0.6541,0.2308,0.6032,0.6032,63,0.6944,36,0.6944,36,EXR,5,6,877,882
752,188,63,0.5397,0.4706,0.6977,0.2536,0.5397,0.5397,63,0.5167,60,0.5217,46,EXR,5,7,940,945
802,201,63,0.5397,0.5994,0.6843,0.2456,0.5397,0.5397,63,0.6286,35,,0,EXR,5,8,1003,1008
399,100,63,0.5556,0.6104,1.1216,0.2523,0.4921,0.5306,49,1.0,1,1.0,1,FRT,5,0,499,504
449,113,63,0.4603,0.6515,1.347,0.2605,0.5556,1.0,1,1.0,1,1.0,1,FRT,5,1,562,567
500,125,63,0.4762,0.4896,1.2032,0.3769,0.5873,1.0,4,1.0,1,,0,FRT,5,2,625,630
550,138,63,0.4762,0.5025,0.6915,0.2493,0.4762,0.4762,63,1.0,1,1.0,1,FRT,5,3,688,693
600,151,63,0.5873,0.5913,5.7598,0.4177,0.4603,0.5294,51,0.5294,51,0.5294,51,FRT,5,4,751,756
651,163,63,0.3968,0.5389,1.1938,0.2853,0.3968,0.3968,63,0.3968,63,0.4667,15,FRT,5,5,814,819
701,176,63,0.6667,0.6907,0.6654,0.2372,0.5873,0.7667,30,0.8182,11,0.75,4,FRT,5,6,877,882
752,188,63,0.4444,0.6872,2.5094,0.3048,0.5714,1.0,1,1.0,1,1.0,1,FRT,5,7,940,945
802,201,63,0.5238,0.4543,0.6982,0.2525,0.6349,0.619,42,0.619,42,0.52,25,FRT,5,8,1003,1008
399,100,63,0.381,0.3056,8.0617,0.5699,0.5873,0.0,2,0.0,2,0.0,2,DOC,5,0,499,504
449,113,63,0.5873,0.5,0.6824,0.2446,0.5873,0.5873,63,,0,,0,DOC,5,1,562,567
500,125,63,0.5397,0.5,0.6927,0.2497,0.5397,0.5397,63,0.5397,63,,0,DOC,5,2,625,630
550,138,63,0.3651,0.3745,0.8315,0.3153,0.3651,0.3651,63,0.3651,63,0.25,28,DOC,5,3,688,693
600,151,63,0.3651,0.5,0.7071,0.257,0.3651,0.3651,63,,0,,0,DOC,5,4,751,756
651,163,63,0.4762,0.5,0.7178,0.2621,0.5238,,0,,0,,0,DOC,5,5,814,819
701,176,63,0.3175,0.5924,0.7487,0.2776,0.6825,,0,,0,,0,DOC,5,6,877,882
752,188,63,0.4444,0.4069,0.8441,0.3151,0.4286,0.3667,30,0.3667,30,0.3636,22,DOC,5,7,940,945
802,201,63,0.4921,0.4354,0.77,0.2799,0.5238,0.5102,49,0.4737,38,,0,DOC,5,8,1003,1008
399,100,63,0.4286,0.5281,0.7391,0.2726,0.4444,0.4355,62,0.4355,62,0.463,54,HST,5,0,499,504
449,113,63,0.3175,0.5,0.8688,0.3343,0.3175,0.3175,63,0.3175,63,0.3175,63,HST,5,1,562,567
500,125,63,0.6349,0.6903,0.814,0.2187,0.5714,0.7241,29,0.7241,29,0.7826,23,HST,5,2,625,630
550,138,63,0.4603,0.5549,1.4843,0.3267,0.4921,0.3636,11,0.3636,11,0.3636,11,HST,5,3,688,693
600,151,63,0.5079,0.6507,5.0064,0.432,0.4286,0.4643,56,0.4643,56,0.4643,56,HST,5,4,751,756
651,163,63,0.5556,0.6128,0.689,0.2479,0.5556,0.5556,63,,0,,0,HST,5,5,814,819
701,176,63,0.6825,0.6668,0.6102,0.2148,0.5873,0.6809,47,0.6809,47,0.6818,44,HST,5,6,877,882
752,188,63,0.3651,0.5728,3.5016,0.4449,0.5873,0.2,5,0.2,5,0.2,5,HST,5,7,940,945
802,201,63,0.3968,0.4926,9.3931,0.5988,0.6032,,0,,0,,0,HST,5,8,1003,1008
399,100,63,0.4444,0.5405,0.7705,0.2873,0.6508,0.75,12,,0,,0,INVH,5,0,499,504
449,113,63,0.381,0.4696,0.7153,0.261,0.619,0.5,14,0.5,14,,0,INVH,5,1,562,567
500,125,63,0.4603,0.5582,0.7542,0.2809,0.4127,0.4333,60,0.4333,60,0.4333,60,INVH,5,2,625,630
550,138,63,0.4762,0.4645,2.7723,0.3976,0.4603,0.4677,62,0.4074,54,0.4074,54,INVH,5,3,688,693
600,151,63,0.3333,0.5941,0.7062,0.2566,0.6667,,0,,0,,0,INVH,5,4,751,756
651,163,63,0.381,0.5281,1.372,0.2696,0.2698,0.28,50,0.2857,49,1.0,1,INVH,5,5,814,819
701,176,63,0.5556,0.5482,2.7513,0.3138,0.4603,0.5238,21,0.5238,21,0.5238,21,INVH,5,6,877,882
752,188,63,0.3333,0.3529,0.7162,0.2615,0.5397,0.2143,14,0.3333,6,0.3333,6,INVH,5,7,940,945
802,201,63,0.4444,0.5139,0.6942,0.2506,0.5714,1.0,1,,0,,0,INVH,5,8,1003,1008
399,100,63,0.5079,0.4808,0.715,0.2605,0.5238,0.5161,62,0.5082,61,0.5294,17,IRM,5,0,499,504
449,113,63,0.8254,0.486,0.5685,0.1921,0.8254,0.8254,63,0.8254,63,0.75,4,IRM,5,1,562,567
500,125,63,0.6825,0.484,0.6549,0.2288,0.7143,0.7049,61,0.6964,56,0.7091,55,IRM,5,2,625,630
550,138,63,0.4127,0.316,2.0415,0.442,0.4127,0.4127,63,0.4127,63,0.4127,63,IRM,5,3,688,693
600,151,63,0.4921,0.5,0.7211,0.2637,0.4921,0.4921,63,0.4921,63,0.4921,63,IRM,5,4,751,756
651,163,63,0.4444,0.5,0.697,0.2519,0.4444,0.4444,63,,0,,0,IRM,5,5,814,819
701,176,63,0.4127,0.5884,0.6926,0.2498,0.5873,,0,,0,,0,IRM,5,6,877,882
752,188,63,0.4762,0.4586,1.2208,0.2927,0.4762,0.4762,63,0.4773,44,0.3333,12,IRM,5,7,940,945
802,201,63,0.6032,0.5716,0.6735,0.2402,0.6032,0.6102,59,0.6667,33,,0,IRM,5,8,1003,1008
399,100,63,0.4127,0.381,1.1248,0.3422,0.5873,,0,,0,,0,ALB,5,0,499,504
449,113,63,0.4603,0.5239,1.6884,0.3005,0.254,0.2857,42,0.1818,11,0.1818,11,ALB,5,1,562,567
500,125,63,0.4444,0.4954,0.7062,0.2565,0.5556,,0,,0,,0,ALB,5,2,625,630
550,138,63,0.3333,0.3163,1.0126,0.2977,0.3968,0.2069,29,0.1,20,,0,ALB,5,3,688,693
600,151,63,0.4603,0.4119,0.6891,0.248,0.381,0.25,20,,0,,0,ALB,5,4,751,756
651,163,63,0.4921,0.5312,0.6998,0.2576,0.5873,0.5926,27,,0,,0,ALB,5,5,814,819
701,176,63,0.3968,0.4153,0.7929,0.2964,0.6032,,0,,0,,0,ALB,5,6,877,882
752,188,63,0.2698,0.5556,8.2365,0.6413,0.7302,0.5,6,1.0,2,,0,ALB,5,7,940,945
802,201,63,0.5873,0.5,0.6848,0.2457,0.5873,0.5873,63,0.5873,63,0.5873,63,ALB,5,8,1003,1008
399,100,63,0.5397,0.5675,0.6837,0.2471,0.5079,0.5385,39,0.5385,39,,0,AMCR,5,0,499,504
449,113,63,0.5238,0.4045,6.248,0.4408,0.4762,,0,,0,,0,AMCR,5,1,562,567
500,125,63,0.4603,0.4914,0.7323,0.2691,0.5238,0.4286,7,0.4286,7,0.4286,7,AMCR,5,2,625,630
550,138,63,0.5079,0.4843,1.9264,0.3139,0.5238,0.5161,62,0.5476,42,0.5476,42,AMCR,5,3,688,693
600,151,63,0.4603,0.6065,3.2429,0.3439,0.4603,0.4603,63,0.5,56,0.5,56,AMCR,5,4,751,756
651,163,63,0.5238,0.569,0.6936,0.2503,0.5397,0.75,8,1.0,1,1.0,1,AMCR,5,5,814,819
701,176,63,0.4603,0.5658,0.7098,0.2583,0.3651,0.4,55,0.4,55,,0,AMCR,5,6,877,882
752,188,63,0.4603,0.5465,0.7225,0.2656,0.6825,0.8,15,0.8,15,1.0,4,AMCR,5,7,940,945
802,201,63,0.4603,0.5298,1.1767,0.2747,0.4286,0.434,53,0.4595,37,0.25,4,AMCR,5,8,1003,1008
399,100,63,0.4444,0.593,0.8239,0.3123,0.6825,1.0,8,,0,,0,AVY,5,0,499,504
449,113,63,0.4921,0.5383,0.7967,0.2817,0.4921,0.4921,63,0.52,25,0.52,25,AVY,5,1,562,567
500,125,63,0.5238,0.5581,0.6843,0.2483,0.5238,0.5238,63,0.5238,63,0.75,8,AVY,5,2,625,630
550,138,63,0.3492,0.3692,9.9543,0.6484,0.3492,0.3492,63,0.2909,55,0.2909,55,AVY,5,3,688,693
600,151,63,0.5079,0.6337,0.6609,0.241,0.5556,0.8333,6,1.0,4,1.0,3,AVY,5,4,751,756
651,163,63,0.5873,0.6061,0.6265,0.2258,0.4762,1.0,4,1.0,4,1.0,3,AVY,5,5,814,819
701,176,63,0.3492,0.6552,5.011,0.454,0.3175,0.3279,61,0.3333,60,0.38,50,AVY,5,6,877,882
752,188,63,0.4286,0.5489,0.736,0.2686,0.5714,,0,,0,,0,AVY,5,7,940,945
802,201,63,0.6984,0.73,1.058,0.2265,0.3968,0.8,10,0.8,10,0.8,10,AVY,5,8,1003,1008
399,100,63,0.5556,0.5118,1.1409,0.2611,0.5714,0.5769,52,0.6364,11,0.6364,11,CF,5,0,499,504
449,113,63,0.5873,0.5469,0.6807,0.2438,0.5556,0.5918,49,0.5758,33,,0,CF,5,1,562,567
500,125,63,0.4444,0.4323,1.7512,0.3414,0.5238,0.4545,22,0.2222,9,0.2222,9,CF,5,2,625,630
550,138,63,0.5714,0.5894,0.6831,0.245,0.5238,0.8,10,0.8571,7,0.5,2,CF,5,3,688,693
600,151,63,0.5873,0.627,0.673,0.2405,0.5556,0.5789,57,0.5789,57,0.5789,57,CF,5,4,751,756
651,163,63,0.3968,0.5,0.708,0.2574,0.6032,,0,,0,,0,CF,5,5,814,819
701,176,63,0.5714,0.5695,0.6896,0.2482,0.5397,0.6207,29,0.6071,28,,0,CF,5,6,877,882
752,188,63,0.4444,0.4516,1.4112,0.2832,0.6032,0.5517,29,0.5517,29,0.5714,28,CF,5,7,940,945
802,201,63,0.4762,0.5527,3.3547,0.3831,0.6349,0.7333,15,0.7,10,1.0,1,CF,5,8,1003,1008
399,100,63,0.4127,0.6837,1.3779,0.329,0.6667,1.0,5,1.0,5,,0,CTVA,5,0,499,504
449,113,63,0.4603,0.5106,0.9698,0.2772,0.4603,0.4603,63,0.4762,21,0.4762,21,CTVA,5,1,562,567
500,125,63,0.6825,0.5448,0.6209,0.2149,0.7302,0.76,50,0.76,50,0.76,50,CTVA,5,2,625,630
550,138,63,0.5079,0.6915,0.6582,0.2355,0.4921,0.5,58,0.5273,55,0.6957,23,CTVA,5,3,688,693
600,151,63,0.6825,0.6647,0.6061,0.2084,0.6349,0.7174,46,0.7174,46,0.7174,46,CTVA,5,4,751,756
651,163,63,0.3333,0.3237,4.6151,0.4626,0.6508,0.4783,23,0.4783,23,0.4783,23,CTVA,5,5,814,819
701,176,63,0.4127,0.5582,0.77,0.2753,0.4127,0.4127,63,0.5217,23,0.5217,23,CTVA,5,6,877,882
752,188,63,0.2857,0.5,0.6963,0.2516,0.7143,,0,,0,,0,CTVA,5,7,940,945
802,201,63,0.6349,0.5261,0.6673,0.2363,0.6349,0.6349,63,0.6349,63,0.7143,7,CTVA,5,8,1003,1008
399,100,63,0.6349,0.5201,0.6635,0.2375,0.6349,0.6349,63,0.6349,63,0.6349,63,CRH,5,0,499,504
449,113,63,0.4603,0.6163,0.8501,0.3213,0.4444,0.4516,62,0.4516,62,0.4516,62,CRH,5,1,562,567
500,125,63,0.6349,0.5401,0.713,0.2564,0.7143,0.775,40,0.5556,9,0.5,2,CRH,5,2,625,630
550,138,63,0.4127,0.3846,0.7513,0.2784,0.4921,0.4444,54,0.4444,54,,0,CRH,5,3,688,693
600,151,63,0.4603,0.4752,0.806,0.2822,0.4603,0.4603,63,0.4603,63,0.375,8,CRH,5,4,751,756
651,163,63,0.4921,0.4412,0.9573,0.2727,0.5397,0.5172,58,0.5172,58,0.0,1,CRH,5,5,814,819
701,176,63,0.5238,0.5071,0.6923,0.2496,0.4762,,0,,0,,0,CRH,5,6,877,882
752,188,63,0.5397,0.5685,0.6883,0.2476,0.5397,0.5397,63,,0,,0,CRH,5,7,940,945
802,201,63,0.3968,0.5232,0.6994,0.2531,0.3968,0.3968,63,0.5,10,,0,CRH,5,8,1003,1008
399,100,63,0.381,0.4538,6.6926,0.5261,0.6349,0.6,5,0.75,4,0.75,4,DOW,5,0,499,504
449,113,63,0.5556,0.5395,0.7855,0.2914,0.2857,0.2727,22,0.2727,22,0.2857,21,DOW,5,1,562,567
500,125,63,0.7143,0.7311,0.6275,0.2204,0.3968,0.64,25,,0,,0,DOW,5,2,625,630
550,138,63,0.6508,0.5244,0.6559,0.2315,0.3492,,0,,0,,0,DOW,5,3,688,693
600,151,63,0.4286,0.3827,3.11,0.369,0.4444,0.1667,12,0.1667,12,0.1667,12,DOW,5,4,751,756
651,163,63,0.619,0.5,0.6663,0.2367,0.381,,0,,0,,0,DOW,5,5,814,819
701,176,63,0.5714,0.4156,0.6927,0.2497,0.4286,,0,,0,,0,DOW,5,6,877,882
752,188,63,0.3651,0.4635,1.104,0.3412,0.6984,0.6111,18,0.0,1,0.0,1,DOW,5,7,940,945
802,201,63,0.5397,0.4579,0.6934,0.2501,0.5397,0.5397,63,,0,,0,DOW,5,8,1003,1008
399,100,63,0.6349,0.6722,0.61,0.2161,0.6984,0.7692,39,0.7812,32,0.8,30,DD,5,0,499,504
449,113,63,0.5397,0.5413,0.7648,0.2823,0.4921,0.6,10,0.5,4,0.0,2,DD,5,1,562,567
500,125,63,0.5079,0.5386,0.6888,0.2479,0.5714,0.6316,19,0.6667,18,0.5,4,DD,5,2,625,630
550,138,63,0.3651,0.585,0.7605,0.2862,0.3333,0.339,59,0.3953,43,0.3103,29,DD,5,3,688,693
600,151,63,0.4762,0.5582,0.9207,0.2588,0.4127,0.4286,49,0.4524,42,,0,DD,5,4,751,756
651,163,63,0.4762,0.6364,0.663,0.236,0.5238,,0,,0,,0,DD,5,5,814,819
701,176,63,0.2222,0.6108,3.7166,0.5329,0.7778,,0,,0,,0,DD,5,6,877,882
752,188,63,0.3175,0.5,0.6965,0.2517,0.6825,,0,,0,,0,DD,5,7,940,945
802,201,63,0.4603,0.5071,0.7588,0.2815,0.4603,0.4603,63,0.4603,63,0.463,54,DD,5,8,1003,1008
399,100,63,0.6825,0.4093,0.665,0.2361,0.6825,0.6825,63,0.6346,52,,0,ECL,5,0,499,504
449,113,63,0.6508,0.5526,1.8153,0.2751,0.6032,0.66,50,0.6,25,0.6522,23,ECL,5,1,562,567
500,125,63,0.619,0.3558,2.293,0.2962,0.619,0.619,63,0.619,63,0.549,51,ECL,5,2,625,630
550,138,63,0.5873,0.5213,0.6762,0.2417,0.5873,0.5873,63,0.5873,63,0.5873,63,ECL,5,3,688,693
600,151,63,0.5079,0.4738,0.7478,0.2704,0.5079,0.5079,63,0.5079,63,0.4667,15,ECL,5,4,751,756
651,163,63,0.6825,0.5471,0.6454,0.2306,0.6825,0.6825,63,0.8,10,0.875,8,ECL,5,5,814,819
701,176,63,0.4127,0.5153,2.6892,0.3596,0.4444,0.4262,61,0.4407,59,0.5,36,ECL,5,6,877,882
752,188,63,0.7143,0.3951,0.962,0.2528,0.7302,0.7258,62,0.7213,61,0.4286,7,ECL,5,7,940,945
802,201,63,0.4127,0.604,0.7577,0.2814,0.4127,0.4127,63,0.4,55,0.4,55,ECL,5,8,1003,1008
399,100,63,0.4286,0.3736,3.3639,0.3862,0.6667,0.625,24,0.5333,15,0.5333,15,FCX,5,0,499,504
449,113,63,0.3651,0.5022,0.7307,0.2687,0.3651,0.3651,63,0.3651,63,,0,FCX,5,1,562,567
500,125,63,0.5873,0.5988,0.6704,0.2388,0.5079,0.7143,14,0.7143,14,0.7692,13,FCX,5,2,625,630
550,138,63,0.6349,0.6325,0.6572,0.2324,0.4127,0.6364,11,,0,,0,FCX,5,3,688,693
600,151,63,0.6349,0.5789,0.6702,0.2386,0.6032,0.6364,55,,0,,0,FCX,5,4,751,756
651,163,63,0.6349,0.7173,0.6622,0.2347,0.6508,0.8214,28,0.9412,17,1.0,16,FCX,5,5,814,819
701,176,63,0.6667,0.6699,0.632,0.2202,0.5556,0.7059,34,0.7059,34,0.7059,34,FCX,5,6,877,882
752,188,63,0.3968,0.3854,4.4287,0.476,0.7937,0.7308,26,0.75,24,0.75,24,FCX,5,7,940,945
802,201,63,0.5238,0.552,0.7054,0.2559,0.5238,0.5238,63,0.5283,53,0.5283,53,FCX,5,8,1003,1008
399,100,63,0.746,0.7711,2.6002,0.2463,0.6508,0.8788,33,0.8788,33,0.8788,33,IFF,5,0,499,504
449,113,63,0.4921,0.4939,0.7434,0.2728,0.5556,0.5405,37,0.5405,37,0.5405,37,IFF,5,1,562,567
500,125,63,0.5873,0.6221,0.6948,0.2465,0.5873,0.6038,53,0.6383,47,1.0,5,IFF,5,2,625,630
550,138,63,0.3968,0.588,0.8686,0.3308,0.3651,0.377,61,0.377,61,0.377,61,IFF,5,3,688,693
600,151,63,0.5397,0.5565,4.8237,0.3827,0.5079,0.5246,61,0.5294,51,0.5294,51,IFF,5,4,751,756
651,163,63,0.5397,0.5264,0.9386,0.2635,0.4603,0.5,28,0.5,28,0.0,1,IFF,5,5,814,819
701,176,63,0.4444,0.5878,0.915,0.2579,0.4444,0.4444,63,0.4828,29,0.6923,13,IFF,5,6,877,882
752,188,63,0.3016,0.5217,0.706,0.2569,0.7302,1.0,2,1.0,2,1.0,2,IFF,5,7,940,945
802,201,63,0.381,0.3905,0.7538,0.28,0.381,0.3404,47,0.2955,44,,0,IFF,5,8,1003,1008
399,100,63,0.5873,0.6178,1.0007,0.2907,0.5714,0.7778,18,0.75,4,0.75,4,IP,5,0,499,504
449,113,63,0.3492,0.4473,4.3417,0.445,0.6667,0.5714,7,0.6667,3,0.6667,3,IP,5,1,562,567
500,125,63,0.6032,0.5411,0.6637,0.2356,0.6032,0.6032,63,0.6129,62,0.6129,62,IP,5,2,625,630
550,138,63,0.4762,0.497,0.7185,0.2626,0.4603,0.4667,60,0.4561,57,0.5,2,IP,5,3,688,693
600,151,63,0.4603,0.4604,2.6703,0.366,0.4603,0.4603,63,0.4746,59,0.4746,59,IP,5,4,751,756
651,163,63,0.4921,0.525,0.6973,0.2521,0.5556,0.6154,13,,0,,0,IP,5,5,814,819
701,176,63,0.5556,0.5367,0.6796,0.2448,0.4444,,0,,0,,0,IP,5,6,877,882
752,188,63,0.5238,0.5624,1.5632,0.2624,0.5873,0.6842,19,0.7059,17,0.7059,17,IP,5,7,940,945
802,201,63,0.5079,0.6265,0.8554,0.3228,0.2857,0.3617,47,0.3571,42,0.3571,42,IP,5,8,1003,1008
399,100,63,0.7302,0.5959,0.8553,0.2246,0.6825,0.7241,58,0.7241,58,1.0,1,LYB,5,0,499,504
449,113,63,0.4921,0.6947,2.9406,0.306,0.3968,0.4386,57,0.5833,24,0.5833,24,LYB,5,1,562,567
500,125,63,0.4286,0.4514,1.5139,0.3212,0.381,0.4,60,0.25,12,0.25,12,LYB,5,2,625,630
550,138,63,0.2857,0.3348,1.4003,0.3782,0.3651,0.2963,54,0.2963,54,0.2963,54,LYB,5,3,688,693
600,151,63,0.5397,0.4709,0.6851,0.246,0.4127,0.2857,7,,0,,0,LYB,5,4,751,756
651,163,63,0.6032,0.5735,0.6758,0.2414,0.4444,0.5789,19,,0,,0,LYB,5,5,814,819
701,176,63,0.4444,0.5764,0.6964,0.2516,0.381,0.383,47,0.5,16,0.5714,14,LYB,5,6,877,882
752,188,63,0.3492,0.3803,2.7373,0.3978,0.6508,0.5,16,,0,,0,LYB,5,7,940,945
802,201,63,0.5079,0.5848,0.6996,0.2532,0.6349,0.8,15,,0,,0,LYB,5,8,1003,1008
399,100,63,0.3651,0.406,1.2636,0.4313,0.619,0.4815,27,0.4815,27,0.4815,27,MLM,5,0,499,504
449,113,63,0.3651,0.5957,0.8088,0.3062,0.3651,0.3651,63,0.3651,63,0.3651,63,MLM,5,1,562,567
500,125,63,0.4762,0.5255,0.6928,0.2498,0.5556,0.75,4,1.0,1,,0,MLM,5,2,625,630
550,138,63,0.4921,0.4603,3.0835,0.3587,0.3333,0.2381,21,0.2105,19,0.2222,18,MLM,5,3,688,693
600,151,63,0.4444,0.4375,0.7309,0.2655,0.5079,0.4717,53,,0,,0,MLM,5,4,751,756
651,163,63,0.3651,0.575,0.7245,0.2656,0.6349,,0,,0,,0,MLM,5,5,814,819
701,176,63,0.5556,0.5933,0.668,0.2382,0.4603,0.5161,31,,0,,0,MLM,5,6,877,882
752,188,63,0.6667,0.534,0.6758,0.2411,0.6667,0.6842,57,,0,,0,MLM,5,7,940,945
802,201,63,0.3651,0.4652,0.7478,0.2771,0.3651,0.3559,59,0.3621,58,,0,MLM,5,8,1003,1008
399,100,63,0.5397,0.5659,1.3511,0.2636,0.5397,0.7273,11,0.7273,11,0.7273,11,MOS,5,0,499,504
449,113,63,0.619,0.5444,0.6848,0.2457,0.4444,0.7,10,0.3333,3,0.3333,3,MOS,5,1,562,567
500,125,63,0.4286,0.5753,0.7453,0.2696,0.619,0.6364,11,0.6364,11,0.0,1,MOS,5,2,625,630
550,138,63,0.4127,0.3392,1.24,0.3036,0.5079,0.4138,29,0.4286,28,,0,MOS,5,3,688,693
600,151,63,0.7302,0.7567,0.6634,0.2352,0.5714,0.88,25,1.0,3,1.0,2,MOS,5,4,751,756
651,163,63,0.2857,0.2931,1.2329,0.3817,0.5397,0.2963,27,0.5,2,0.5,2,MOS,5,5,814,819
701,176,63,0.5079,0.4073,1.7774,0.397,0.5079,0.5094,53,0.3824,34,0.3824,34,MOS,5,6,877,882
752,188,63,0.5873,0.5974,3.1192,0.2991,0.6032,0.6,60,0.6111,54,0.6111,54,MOS,5,7,940,945
802,201,63,0.2857,0.4716,0.7809,0.2936,0.2857,0.2857,63,0.2742,62,0.25,16,MOS,5,8,1003,1008
399,100,63,0.6349,0.5473,0.6276,0.2256,0.6349,0.6349,63,0.6393,61,0.6393,61,GOOGL,5,0,499,504
449,113,63,0.381,0.3834,2.908,0.3807,0.4603,0.3958,48,0.3684,38,0.3684,38,GOOGL,5,1,562,567
500,125,63,0.619,0.359,2.7849,0.3189,0.619,0.619,63,0.619,63,0.5333,30,GOOGL,5,2,625,630
550,138,63,0.5556,0.6597,0.9204,0.2491,0.5556,0.5574,61,0.7333,30,0.7308,26,GOOGL,5,3,688,693
600,151,63,0.5079,0.6131,0.8313,0.3039,0.3492,0.4,45,0.4286,42,0.4286,42,GOOGL,5,4,751,756
651,163,63,0.6508,0.6476,0.6822,0.2439,0.746,0.8205,39,0.8108,37,,0,GOOGL,5,5,814,819
701,176,63,0.4286,0.6656,4.9656,0.4369,0.7302,0.8571,14,0.8571,14,0.8571,14,GOOGL,5,6,877,882
752,188,63,0.6825,0.6492,0.6369,0.2225,0.5714,0.6429,56,0.6296,54,,0,GOOGL,5,7,940,945
802,201,63,0.5714,0.4071,0.7559,0.2734,0.6349,0.6102,59,0.6102,59,0.5849,53,GOOGL,5,8,1003,1008
399,100,63,0.5397,0.5273,0.6991,0.2532,0.5714,0.5854,41,0.5854,41,0.5556,9,T,5,0,499,504
449,113,63,0.4921,0.5408,3.092,0.3604,0.6667,0.8571,14,0.8571,14,0.8571,14,T,5,1,562,567
500,125,63,0.4444,0.3261,0.8254,0.313,0.6349,0.6471,17,0.5,4,0.5,4,T,5,2,625,630
550,138,63,0.6032,0.4363,0.698,0.251,0.6032,0.6032,63,0.6032,63,0.5968,62,T,5,3,688,693
600,151,63,0.6508,0.4812,1.5781,0.2663,0.6508,0.6508,63,0.6508,63,0.6154,26,T,5,4,751,756
651,163,63,0.5556,0.6003,0.8934,0.2471,0.5714,0.5714,56,0.5714,56,0.6154,39,T,5,5,814,819
701,176,63,0.3651,0.5902,0.7373,0.2719,0.3651,0.3651,63,0.3636,44,0.4815,27,T,5,6,877,882
752,188,63,0.4762,0.4843,1.1761,0.2742,0.4762,0.4746,59,0.3333,3,0.3333,3,T,5,7,940,945
802,201,63,0.5714,0.5736,0.8649,0.2347,0.4286,,0,,0,,0,T,5,8,1003,1008
399,100,63,0.5556,0.581,5.5791,0.4246,0.3651,0.4324,37,0.4167,36,0.4167,36,CMCSA,5,0,499,504
449,113,63,0.619,0.6141,0.6644,0.2358,0.4603,0.5926,27,0.5926,27,0.5926,27,CMCSA,5,1,562,567
500,125,63,0.4603,0.4853,0.7699,0.2873,0.6667,0.6818,22,0.8,5,0.8,5,CMCSA,5,2,625,630
550,138,63,0.4921,0.5576,1.3696,0.2727,0.3492,0.3913,46,0.3913,46,0.2857,7,CMCSA,5,3,688,693
600,151,63,0.5873,0.6138,2.6489,0.2764,0.5873,0.5873,63,0.6857,35,0.6857,35,CMCSA,5,4,751,756
651,163,63,0.4921,0.5051,2.9159,0.3721,0.4444,0.463,54,0.463,54,0.463,54,CMCSA,5,5,814,819
701,176,63,0.3175,0.3779,2.5358,0.4021,0.3175,0.2982,57,0.2982,57,0.275,40,CMCSA,5,6,877,882
752,188,63,0.3651,0.5,0.7073,0.2571,0.6349,,0,,0,,0,CMCSA,5,7,940,945
802,201,63,0.4603,0.5161,0.8401,0.2281,0.3016,0.2857,35,,0,,0,CMCSA,5,8,1003,1008
399,100,63,0.5079,0.5322,2.9699,0.318,0.4127,0.4242,33,0.4375,16,0.6667,9,EA,5,0,499,504
449,113,63,0.3492,0.469,0.8292,0.3155,0.6349,0.3333,3,,0,,0,EA,5,1,562,567
500,125,63,0.619,0.6667,3.4671,0.2705,0.619,0.619,63,0.7292,48,0.7292,48,EA,5,2,625,630
550,138,63,0.4603,0.5852,0.7456,0.275,0.4603,0.4603,63,0.4915,59,0.4915,59,EA,5,3,688,693
600,151,63,0.5238,0.5249,0.66,0.2341,0.6667,0.65,40,0.75,20,0.75,20,EA,5,4,751,756
651,163,63,0.5714,0.5139,0.6816,0.2443,0.5714,0.5714,63,1.0,1,1.0,1,EA,5,5,814,819
701,176,63,0.4921,0.534,0.7094,0.258,0.5714,0.6429,14,0.6429,14,,0,EA,5,6,877,882
752,188,63,0.2857,0.3025,0.7579,0.2821,0.5714,0.3846,39,0.3846,39,0.5455,11,EA,5,7,940,945
802,201,63,0.4603,0.3605,1.5385,0.3409,0.4603,0.4603,63,0.3514,37,0.3514,37,EA,5,8,1003,1008
399,100,63,0.5714,0.5798,0.8996,0.2492,0.5238,0.5536,56,0.6667,9,0.0,1,FOXA,5,0,499,504
449,113,63,0.3175,0.6221,5.8669,0.4602,0.6825,,0,,0,,0,FOXA,5,1,562,567
500,125,63,0.5079,0.5574,4.2,0.3821,0.6032,0.6207,29,0.7059,17,,0,FOXA,5,2,625,630
550,138,63,0.5873,0.6348,2.729,0.3001,0.6349,0.9375,16,0.9375,16,0.9286,14,FOXA,5,3,688,693
600,151,63,0.5556,0.499,0.6888,0.2505,0.5556,0.5556,63,0.5556,63,0.5238,21,FOXA,5,4,751,756
651,163,63,0.4762,0.4646,1.9047,0.3128,0.4762,0.4762,63,0.381,21,0.381,21,FOXA,5,5,814,819
701,176,63,0.5714,0.3549,0.7267,0.2655,0.7302,0.6939,49,0.6389,36,0.5455,22,FOXA,5,6,877,882
752,188,63,0.4762,0.6939,0.7113,0.259,0.4762,0.4762,63,0.4762,63,0.6087,46,FOXA,5,7,940,945
802,201,63,0.6349,0.6398,0.6637,0.2355,0.5556,0.6154,52,0.6579,38,0.6486,37,FOXA,5,8,1003,1008
399,100,63,0.4762,0.4686,1.1782,0.2701,0.5397,0.5122,41,,0,,0,FOX,5,0,499,504
449,113,63,0.3016,0.6112,6.4892,0.5393,0.6984,0.5,2,,0,,0,FOX,5,1,562,567
500,125,63,0.5397,0.5266,1.2128,0.29,0.6349,0.6341,41,0.65,40,1.0,4,FOX,5,2,625,630
550,138,63,0.5238,0.5687,3.0514,0.3435,0.6508,0.617,47,0.7027,37,,0,FOX,5,3,688,693
600,151,63,0.5556,0.5464,1.3861,0.2792,0.5556,0.5556,63,0.5556,63,0.561,41,FOX,5,4,751,756
651,163,63,0.4921,0.4758,1.0243,0.2987,0.4921,0.4921,63,0.4783,23,0.375,16,FOX,5,5,814,819
701,176,63,0.5714,0.4555,1.4134,0.2828,0.746,0.7,50,0.7222,36,0.7222,36,FOX,5,6,877,882
752,188,63,0.4603,0.5745,0.9613,0.2746,0.4603,0.4603,63,0.5,40,0.5,38,FOX,5,7,940,945
802,201,63,0.5397,0.7292,0.6523,0.2323,0.5397,0.5397,63,0.6111,54,0.75,28,FOX,5,8,1003,1008
399,100,63,0.5873,0.6037,0.9273,0.258,0.6032,0.5968,62,,0,,0,LYV,5,0,499,504
449,113,63,0.5873,0.5489,0.7003,0.2518,0.4286,0.5556,9,0.5556,9,0.25,4,LYV,5,1,562,567
500,125,63,0.3492,0.417,0.6708,0.2423,0.8413,0.75,24,1.0,8,1.0,4,LYV,5,2,625,630
550,138,63,0.5079,0.3889,1.5291,0.3138,0.619,0.5714,56,0.5577,52,,0,LYV,5,3,688,693
600,151,63,0.5714,0.6029,2.2573,0.2876,0.5714,0.5714,63,0.5714,63,0.5714,63,LYV,5,4,751,756
651,163,63,0.6032,0.5,0.6782,0.2424,0.6032,0.6032,63,0.6032,63,0.6032,63,LYV,5,5,814,819
701,176,63,0.3968,0.6716,0.6922,0.2495,0.3968,0.3968,63,,0,,0,LYV,5,6,877,882
752,188,63,0.5556,0.5311,0.69,0.2485,0.5556,0.5574,61,,0,,0,LYV,5,7,940,945
802,201,63,0.4286,0.5195,0.7024,0.2546,0.6032,0.75,4,0.75,4,,0,LYV,5,8,1003,1008
399,100,63,0.4127,0.3503,3.8137,0.4002,0.5079,0.449,49,0.425,40,0.425,40,NWSA,5,0,499,504
449,113,63,0.5873,0.4888,0.6855,0.2463,0.5556,0.5738,61,0.5476,42,,0,NWSA,5,1,562,567
500,125,63,0.5714,0.5278,0.6863,0.2466,0.5714,0.5714,63,1.0,2,,0,NWSA,5,2,625,630
550,138,63,0.5079,0.559,0.6867,0.2468,0.5079,0.5079,63,0.8,10,,0,NWSA,5,3,688,693
600,151,63,0.5873,0.4635,0.6825,0.2447,0.5397,0.5714,56,,0,,0,NWSA,5,4,751,756
651,163,63,0.5238,0.5,0.6926,0.2497,0.5238,0.5238,63,,0,,0,NWSA,5,5,814,819
701,176,63,0.4603,0.4757,0.7077,0.2572,0.4603,0.4603,63,0.3333,6,,0,NWSA,5,6,877,882
752,188,63,0.5397,0.4857,0.6898,0.2483,0.5556,0.5484,62,,0,,0,NWSA,5,7,940,945
802,201,63,0.7143,0.5102,1.1161,0.2449,0.7302,0.7333,60,0.7333,60,,0,NWSA,5,8,1003,1008
399,100,63,0.4127,0.4209,1.6836,0.3055,0.5079,0.451,51,0.451,51,0.5833,12,NWS,5,0,499,504
449,113,63,0.5238,0.517,0.7374,0.2679,0.5714,0.5556,54,0.75,8,0.75,8,NWS,5,1,562,567
500,125,63,0.5873,0.5504,0.6819,0.2444,0.5873,0.5873,63,,0,,0,NWS,5,2,625,630
550,138,63,0.4444,0.4936,0.7597,0.2822,0.619,0.625,16,0.6667,9,1.0,3,NWS,5,3,688,693
600,151,63,0.5238,0.5497,1.1729,0.2716,0.4603,0.4902,51,0.5116,43,0.0,2,NWS,5,4,751,756
651,163,63,0.4762,0.554,0.6874,0.2471,0.4762,0.4762,63,0.6364,11,0.6364,11,NWS,5,5,814,819
701,176,63,0.5238,0.5121,0.7485,0.2741,0.4762,0.5,54,0.4,15,0.4,15,NWS,5,6,877,882
752,188,63,0.4921,0.4964,0.7347,0.2702,0.5873,0.619,21,0.2857,7,0.3333,3,NWS,5,7,940,945
802,201,63,0.7143,0.5494,0.644,0.2255,0.7143,0.7213,61,0.7333,45,0.6667,3,NWS,5,8,1003,1008
399,100,63,0.6032,0.4882,0.7377,0.2686,0.5714,0.6222,45,0.5,24,0.4375,16,OMC,5,0,499,504
449,113,63,0.4444,0.6276,0.6772,0.2474,0.4444,0.4444,63,0.4444,63,0.8889,9,OMC,5,1,562,567
500,125,63,0.4127,0.5575,0.694,0.2508,0.7302,0.8,15,0.8571,14,0.8571,14,OMC,5,2,625,630
550,138,63,0.4762,0.4266,1.0519,0.3143,0.3651,0.3214,28,0.3214,28,0.3214,28,OMC,5,3,688,693
600,151,63,0.4762,0.4091,3.5249,0.3686,0.4762,0.4762,63,0.4048,42,0.4048,42,OMC,5,4,751,756
651,163,63,0.6032,0.5968,0.6708,0.239,0.4921,1.0,6,1.0,6,1.0,3,OMC,5,5,814,819
701,176,63,0.5079,0.5313,3.4322,0.3331,0.5238,0.5357,28,0.5556,27,0.5556,27,OMC,5,6,877,882
752,188,63,0.6032,0.4969,0.9116,0.2517,0.4286,0.6667,6,0.6667,6,0.8,5,OMC,5,7,940,945
802,201,63,0.5556,0.5071,0.6882,0.2475,0.4444,0.5,4,0.5,4,0.5,4,OMC,5,8,1003,1008
399,100,63,0.381,0.5524,1.6964,0.3186,0.381,0.381,63,0.381,63,0.5,12,ACN,5,0,499,504
449,113,63,0.381,0.5128,0.8097,0.3061,0.381,0.381,63,0.3871,62,0.3871,62,ACN,5,1,562,567
500,125,63,0.3016,0.4175,0.9318,0.3625,0.6984,,0,,0,,0,ACN,5,2,625,630
550,138,63,0.6508,0.5417,0.6631,0.2352,0.619,0.6393,61,,0,,0,ACN,5,3,688,693
600,151,63,0.3968,0.5142,0.7497,0.2778,0.3968,0.3968,63,0.3968,63,0.4118,51,ACN,5,4,751,756
651,163,63,0.4921,0.5785,1.104,0.2479,0.381,0.413,46,,0,,0,ACN,5,5,814,819
701,176,63,0.4921,0.5,0.6931,0.25,0.4921,0.4921,63,,0,,0,ACN,5,6,877,882
752,188,63,0.5238,0.5076,0.6834,0.2466,0.4921,1.0,1,1.0,1,1.0,1,ACN,5,7,940,945
802,201,63,0.381,0.5,0.6944,0.2506,0.381,0.381,63,,0,,0,ACN,5,8,1003,1008
399,100,63,0.4921,0.4314,0.7914,0.2938,0.3333,0.2381,21,0.25,20,0.25,20,ADBE,5,0,499,504
449,113,63,0.4762,0.5,0.6953,0.2511,0.4762,0.4762,63,,0,,0,ADBE,5,1,562,567
500,125,63,0.5238,0.5025,0.9776,0.2726,0.4762,,0,,0,,0,ADBE,5,2,625,630
550,138,63,0.4762,0.5,0.6953,0.2511,0.5238,,0,,0,,0,ADBE,5,3,688,693
600,151,63,0.5238,0.5596,0.6708,0.2406,0.4762,,0,,0,,0,ADBE,5,4,751,756
651,163,63,0.5873,0.5005,0.698,0.2508,0.4127,,0,,0,,0,ADBE,5,5,814,819
701,176,63,0.4444,0.4816,1.3242,0.3325,0.4444,0.4444,63,0.4444,63,0.4444,63,ADBE,5,6,877,882
752,188,63,0.4127,0.4864,0.9195,0.3505,0.3651,0.3542,48,0.3542,48,0.3542,48,ADBE,5,7,940,945
802,201,63,0.4444,0.498,0.7021,0.2545,0.4444,0.4364,55,,0,,0,ADBE,5,8,1003,1008
399,100,63,0.4444,0.4852,0.9655,0.2766,0.4444,0.4444,63,0.4524,42,0.4231,26,AKAM,5,0,499,504
449,113,63,0.4444,0.5046,0.834,0.3151,0.4286,0.431,58,0.431,58,0.431,58,AKAM,5,1,562,567
500,125,63,0.381,0.3205,5.0715,0.4776,0.619,,0,,0,,0,AKAM,5,2,625,630
550,138,63,0.5714,0.4451,0.8916,0.2486,0.4921,0.5357,56,0.4062,32,,0,AKAM,5,3,688,693
600,151,63,0.5079,0.5086,0.8023,0.2976,0.5079,0.5079,63,0.5079,63,0.5091,55,AKAM,5,4,751,756
651,163,63,0.4762,0.5167,1.0463,0.3669,0.4762,0.4762,63,0.5098,51,0.5098,51,AKAM,5,5,814,819
701,176,63,0.5397,0.5477,0.6902,0.2485,0.5397,0.5397,63,0.5,2,,0,AKAM,5,6,877,882
752,188,63,0.6667,0.6102,0.6668,0.2361,0.5873,0.6667,48,0.7097,31,,0,AKAM,5,7,940,945
802,201,63,0.4444,0.5247,4.0612,0.4142,0.7143,0.75,20,0.7222,18,0.7222,18,AKAM,5,8,1003,1008
399,100,63,0.7143,0.5593,0.6334,0.2204,0.7143,0.7143,63,0.7368,57,1.0,1,APH,5,0,499,504
449,113,63,0.5397,0.6019,0.8032,0.2955,0.5397,0.5397,63,0.5397,63,0.5397,63,APH,5,1,562,567
500,125,63,0.6825,0.5,0.6333,0.2205,0.6825,0.6825,63,0.6825,63,0.6825,63,APH,5,2,625,630
550,138,63,0.4762,0.5152,0.7266,0.2664,0.4762,0.4762,63,0.4839,62,0.4839,62,APH,5,3,688,693
600,151,63,0.5238,0.447,0.8032,0.2979,0.5238,0.5238,63,0.4889,45,0.4773,44,APH,5,4,751,756
651,163,63,0.8254,0.6614,1.1595,0.2644,0.873,0.9074,54,,0,,0,APH,5,5,814,819
701,176,63,0.6667,0.5,0.6428,0.2252,0.6667,0.6667,63,0.6667,63,0.6667,63,APH,5,6,877,882
752,188,63,0.5714,0.4722,0.7273,0.265,0.5714,0.5714,63,0.5574,61,0.5574,61,APH,5,7,940,945
802,201,63,0.4762,0.6798,0.893,0.3332,0.4762,0.4762,63,0.4762,63,0.4762,63,APH,5,8,1003,1008
399,100,63,0.5873,0.5887,0.6677,0.2375,0.4921,0.551,49,,0,,0,ADI,5,0,499,504
449,113,63,0.5397,0.5716,2.9893,0.4196,0.5079,1.0,3,1.0,3,1.0,3,ADI,5,1,562,567
500,125,63,0.4603,0.6445,0.6898,0.2528,0.5873,1.0,3,1.0,3,1.0,3,ADI,5,2,625,630
550,138,63,0.4127,0.5368,0.8849,0.3367,0.3968,0.4032,62,0.4032,62,0.4118,51,ADI,5,3,688,693
600,151,63,0.5079,0.6683,1.3469,0.2602,0.5079,0.5079,63,0.5818,55,0.5818,55,ADI,5,4,751,756
651,163,63,0.5397,0.6222,0.9186,0.2553,0.5397,0.8571,7,0.8,5,,0,ADI,5,5,814,819
701,176,63,0.6349,0.6816,0.6561,0.2317,0.4444,0.5862,29,0.75,8,1.0,3,ADI,5,6,877,882
752,188,63,0.3333,0.4507,2.4053,0.4368,0.7619,0.7143,14,0.7,10,0.8,5,ADI,5,7,940,945
802,201,63,0.6984,0.36,0.679,0.243,0.6984,0.6984,63,0.5714,28,0.5,22,ADI,5,8,1003,1008
399,100,63,0.4444,0.4423,1.1908,0.2842,0.4444,0.4444,63,0.4655,58,0.3636,22,CDNS,5,0,499,504
449,113,63,0.5079,0.4757,1.042,0.2927,0.5397,0.5294,51,0.5,14,0.5,14,CDNS,5,1,562,567
500,125,63,0.4603,0.4355,1.1883,0.2793,0.5079,0.475,40,0.3333,6,0.5,4,CDNS,5,2,625,630
550,138,63,0.4603,0.7305,0.6762,0.2443,0.5714,1.0,2,,0,,0,CDNS,5,3,688,693
600,151,63,0.4762,0.5,0.6931,0.25,0.4762,0.4762,63,,0,,0,CDNS,5,4,751,756
651,163,63,0.5714,0.568,0.6802,0.2436,0.5397,0.5614,57,0.5714,56,0.5714,56,CDNS,5,5,814,819
701,176,63,0.3651,0.4947,0.9727,0.2785,0.381,0.3571,56,0.0,1,0.0,1,CDNS,5,6,877,882
752,188,63,0.5873,0.6049,0.6669,0.2377,0.4286,0.5217,23,0.5,16,,0,CDNS,5,7,940,945
802,201,63,0.381,0.4418,0.8065,0.2985,0.5556,0.4444,36,0.4444,36,0.5185,27,CDNS,5,8,1003,1008
399,100,63,0.5873,0.5405,0.6666,0.2377,0.5873,0.5873,63,0.5873,63,1.0,3,CDW,5,0,499,504
449,113,63,0.5079,0.4677,0.7153,0.2606,0.5079,0.5079,63,0.5079,63,0.5079,63,CDW,5,1,562,567
500,125,63,0.4286,0.4475,0.742,0.2707,0.5238,0.2,5,0.2,5,0.2,5,CDW,5,2,625,630
550,138,63,0.4127,0.4556,1.1776,0.2755,0.5556,0.0,2,0.0,2,,0,CDW,5,3,688,693
600,151,63,0.3651,0.392,0.6689,0.2455,0.4286,0.0667,15,,0,,0,CDW,5,4,751,756
651,163,63,0.6032,0.46,0.6916,0.2492,0.3968,,0,,0,,0,CDW,5,5,814,819
701,176,63,0.6032,0.5,0.6908,0.2488,0.3968,,0,,0,,0,CDW,5,6,877,882
752,188,63,0.5714,0.5226,2.3417,0.3151,0.4286,0.5,16,0.3,10,0.3,10,CDW,5,7,940,945
802,201,63,0.5079,0.4375,0.6991,0.253,0.5079,1.0,1,1.0,1,,0,CDW,5,8,1003,1008
399,100,63,0.5714,0.5949,4.2746,0.3373,0.4444,0.5333,15,0.5333,15,0.4286,7,CIEN,5,0,499,504
449,113,63,0.5556,0.4792,0.72,0.2622,0.5397,0.5517,58,0.5517,58,0.5439,57,CIEN,5,1,562,567
500,125,63,0.4444,0.52,1.5512,0.3364,0.6508,0.875,8,1.0,6,1.0,6,CIEN,5,2,625,630
550,138,63,0.5079,0.4475,0.9843,0.2819,0.5714,0.5439,57,0.5439,57,0.5439,57,CIEN,5,3,688,693
600,151,63,0.4444,0.4474,0.7432,0.2742,0.4444,0.4444,63,0.4444,63,0.381,21,CIEN,5,4,751,756
651,163,63,0.7778,0.5,0.6666,0.2367,0.7778,0.7778,63,,0,,0,CIEN,5,5,814,819
701,176,63,0.8254,0.5,0.5861,0.1971,0.8254,0.8254,63,0.8254,63,,0,CIEN,5,6,877,882
752,188,63,0.6032,0.5,0.6835,0.2447,0.6032,0.6032,63,0.6032,63,0.6032,63,CIEN,5,7,940,945
802,201,63,0.7937,0.3846,0.5513,0.1781,0.7937,0.7937,63,0.7937,63,0.7937,63,CIEN,5,8,1003,1008
399,100,63,0.4286,0.5,0.7153,0.261,0.4286,0.4286,63,0.4286,63,,0,CSCO,5,0,499,504
449,113,63,0.5079,0.5664,0.7056,0.2561,0.4603,0.4821,56,0.4821,56,,0,CSCO,5,1,562,567
500,125,63,0.381,0.5826,4.5893,0.4474,0.6508,1.0,2,1.0,2,1.0,2,CSCO,5,2,625,630
550,138,63,0.4444,0.5,0.7096,0.2582,0.5556,,0,,0,,0,CSCO,5,3,688,693
600,151,63,0.619,0.6128,0.6693,0.2382,0.5556,0.6571,35,0.7,30,0.6471,17,CSCO,5,4,751,756
651,163,63,0.6349,0.5715,0.6534,0.2304,0.6508,0.6452,62,0.6452,62,0.7857,14,CSCO,5,5,814,819
701,176,63,0.5238,0.398,0.7532,0.2787,0.5556,0.541,61,0.4906,53,0.4906,53,CSCO,5,6,877,882
752,188,63,0.5397,0.3622,0.7314,0.2677,0.5556,0.5536,56,0.5536,56,0.4878,41,CSCO,5,7,940,945
802,201,63,0.5556,0.4807,1.3872,0.3078,0.6667,0.64,50,0.6596,47,0.6596,47,CSCO,5,8,1003,1008
399,100,63,0.381,0.6168,5.7183,0.4753,0.1905,0.2245,49,0.25,32,0.25,32,CTSH,5,0,499,504
449,113,63,0.5238,0.5586,0.9174,0.2586,0.5238,0.6667,9,0.6667,9,0.6667,9,CTSH,5,1,562,567
500,125,63,0.4444,0.6342,1.2054,0.2972,0.5556,,0,,0,,0,CTSH,5,2,625,630
550,138,63,0.2698,0.2152,1.4955,0.4473,0.5873,0.3636,33,,0,,0,CTSH,5,3,688,693
600,151,63,0.619,0.5499,0.6827,0.2448,0.4127,0.6667,6,0.6667,6,0.6667,6,CTSH,5,4,751,756
651,163,63,0.6349,0.5,0.6798,0.2433,0.3651,,0,,0,,0,CTSH,5,5,814,819
701,176,63,0.3968,0.5,0.7096,0.2582,0.6032,,0,,0,,0,CTSH,5,6,877,882
752,188,63,0.5079,0.5005,2.5696,0.3243,0.4921,0.5,8,0.5,2,0.5,2,CTSH,5,7,940,945
802,201,63,0.381,0.3868,3.9506,0.4455,0.2698,0.2609,46,0.2857,42,0.1154,26,CTSH,5,8,1003,1008
399,100,63,0.4286,0.5495,0.8861,0.332,0.4444,0.431,58,0.4444,54,0.4528,53,COHR,5,0,499,504
449,113,63,0.3175,0.3772,0.8299,0.3131,0.3651,0.3214,56,0.3214,56,0.3214,56,COHR,5,1,562,567
500,125,63,0.6508,0.45,0.7205,0.2629,0.7619,0.7407,54,,0,,0,COHR,5,2,625,630
550,138,63,0.5397,0.5204,0.723,0.2642,0.6667,0.7241,29,0.7143,21,0.4286,7,COHR,5,3,688,693
600,151,63,0.5556,0.5732,5.5657,0.4177,0.6508,0.7407,27,0.7407,27,0.7407,27,COHR,5,4,751,756
651,163,63,0.7143,0.4574,0.6032,0.2064,0.7143,0.7143,63,0.7143,63,0.7143,63,COHR,5,5,814,819
