n_train,n_calib,n_test,accuracy,roc_auc,log_loss,brier,pos_rate,buy_hit_50,buy_n_50,buy_hit_55,buy_n_55,buy_hit_60,buy_n_60,ticker,horizon,fold,train_end_idx,test_start_idx
400,101,63,0.3968,0.4949,0.7107,0.2588,0.4444,0.375,40,0.5172,29,,0,AAPL,3,0,501,504
451,113,63,0.3016,0.4354,0.8088,0.3047,0.6667,0.25,4,0.0,3,0.0,3,AAPL,3,1,564,567
501,126,63,0.3016,0.2724,4.7505,0.5047,0.619,0.4074,27,0.25,8,,0,AAPL,3,2,627,630
552,138,63,0.6032,0.4705,0.6813,0.2437,0.6032,0.6032,63,0.6032,63,0.5,8,AAPL,3,3,690,693
602,151,63,0.5556,0.572,0.6845,0.2471,0.5397,0.5484,62,0.5484,62,0.5484,62,AAPL,3,4,753,756
652,164,63,0.5397,0.5025,0.924,0.2578,0.5397,0.541,61,0.541,61,,0,AAPL,3,5,816,819
703,176,63,0.6032,0.516,0.6956,0.2509,0.619,0.6296,54,,0,,0,AAPL,3,6,879,882
753,189,63,0.6508,0.6525,0.6668,0.2369,0.4762,0.6667,24,0.6522,23,,0,AAPL,3,7,942,945
804,201,63,0.5873,0.6395,0.6787,0.2426,0.6032,0.875,16,0.875,16,0.9333,15,AAPL,3,8,1005,1008
400,101,63,0.619,0.5379,0.676,0.241,0.5873,0.6102,59,0.6102,59,0.5,2,ABNB,3,0,501,504
451,113,63,0.4444,0.4592,0.8256,0.3086,0.4444,0.4444,63,0.4681,47,0.4681,47,ABNB,3,1,564,567
501,126,63,0.5873,0.5284,0.6829,0.2442,0.6032,0.5968,62,0.5968,62,0.5968,62,ABNB,3,2,627,630
552,138,63,0.4444,0.4867,0.9498,0.2698,0.4444,0.4426,61,0.3333,3,0.3333,3,ABNB,3,3,690,693
602,151,63,0.6667,0.6768,0.6482,0.2296,0.4762,0.9091,11,0.875,8,0.875,8,ABNB,3,4,753,756
652,164,63,0.4762,0.4914,0.7074,0.257,0.5397,1.0,1,1.0,1,1.0,1,ABNB,3,5,816,819
703,176,63,0.4286,0.4658,0.7011,0.2538,0.4444,0.4333,60,0.0,1,0.0,1,ABNB,3,6,879,882
753,189,63,0.4603,0.5319,0.6848,0.248,0.5714,1.0,2,1.0,2,1.0,2,ABNB,3,7,942,945
804,201,63,0.5238,0.4765,0.7087,0.2573,0.5556,0.5424,59,,0,,0,ABNB,3,8,1005,1008
400,101,63,0.3968,0.5,0.7872,0.2957,0.3968,0.3968,63,0.3968,63,0.3968,63,ABT,3,0,501,504
451,113,63,0.5556,0.5761,4.8636,0.3969,0.4603,0.5094,53,0.5094,53,0.5094,53,ABT,3,1,564,567
501,126,63,0.619,0.6164,0.7264,0.2635,0.5873,0.7241,29,,0,,0,ABT,3,2,627,630
552,138,63,0.5397,0.5492,3.4437,0.3385,0.4603,,0,,0,,0,ABT,3,3,690,693
602,151,63,0.3968,0.4868,0.9548,0.2717,0.6032,,0,,0,,0,ABT,3,4,753,756
652,164,63,0.5238,0.4545,0.6938,0.2503,0.5238,0.5238,63,,0,,0,ABT,3,5,816,819
703,176,63,0.4762,0.4742,0.7024,0.2546,0.4762,0.4762,63,0.375,8,,0,ABT,3,6,879,882
753,189,63,0.4444,0.5,0.6996,0.2532,0.4444,0.4444,63,,0,,0,ABT,3,7,942,945
804,201,63,0.3175,0.5072,0.7182,0.2624,0.3016,0.3065,62,0.2727,11,0.2727,11,ABT,3,8,1005,1008
400,101,63,0.3968,0.5253,0.7694,0.2868,0.3968,0.3968,63,0.3968,63,0.4375,16,ADSK,3,0,501,504
451,113,63,0.5873,0.5751,0.8818,0.2414,0.5714,0.5806,62,0.75,8,0.75,8,ADSK,3,1,564,567
501,126,63,0.3016,0.4037,9.2935,0.6393,0.6984,,0,,0,,0,ADSK,3,2,627,630
552,138,63,0.5714,0.5,0.6837,0.2453,0.5714,0.5714,63,0.5714,63,,0,ADSK,3,3,690,693
602,151,63,0.5079,0.558,0.7232,0.2634,0.5079,0.5079,63,0.5161,62,0.5439,57,ADSK,3,4,753,756
652,164,63,0.5873,0.6202,0.67,0.2388,0.619,0.7241,29,0.7143,28,0.75,4,ADSK,3,5,816,819
703,176,63,0.5079,0.4814,0.7541,0.2778,0.4921,0.5,62,0.5,62,0.5,62,ADSK,3,6,879,882
753,189,63,0.3175,0.5093,0.7859,0.2957,0.3175,0.3115,61,0.3115,61,0.3137,51,ADSK,3,7,942,945
804,201,63,0.4762,0.6786,0.908,0.2544,0.4444,0.4576,59,0.4576,59,0.8571,7,ADSK,3,8,1005,1008
400,101,63,0.746,0.7188,0.6249,0.2178,0.4127,0.7778,18,0.7778,18,0.7778,18,AI,3,0,501,504
451,113,63,0.4921,0.4945,0.749,0.2766,0.4921,0.4706,17,0.4167,12,0.4167,12,AI,3,1,564,567
501,126,63,0.5238,0.5619,0.6982,0.2525,0.5397,1.0,4,,0,,0,AI,3,2,627,630
552,138,63,0.5714,0.6143,4.4573,0.3969,0.5556,0.7222,18,0.7222,18,,0,AI,3,3,690,693
602,151,63,0.5714,0.7848,0.85,0.2267,0.3651,0.4583,48,0.6538,26,,0,AI,3,4,753,756
652,164,63,0.5079,0.5398,0.6853,0.2509,0.5079,0.5294,17,0.3333,6,1.0,1,AI,3,5,816,819
703,176,63,0.4603,0.5654,4.109,0.479,0.4603,0.4603,63,0.4603,63,0.4603,63,AI,3,6,879,882
753,189,63,0.5556,0.5968,0.6564,0.2362,0.3968,0.4516,31,0.8,5,1.0,3,AI,3,7,942,945
804,201,63,0.619,0.6357,1.3649,0.2626,0.4127,0.5385,26,0.5385,26,0.5833,24,AI,3,8,1005,1008
400,101,63,0.4444,0.5,0.7123,0.2595,0.5556,,0,,0,,0,ALK,3,0,501,504
451,113,63,0.5556,0.4832,1.3587,0.2638,0.3651,0.381,21,0.3846,13,,0,ALK,3,1,564,567
501,126,63,0.6667,0.6743,1.0404,0.2235,0.7619,0.8857,35,0.8929,28,0.8929,28,ALK,3,2,627,630
552,138,63,0.3651,0.4278,8.1044,0.5868,0.7143,0.7273,11,,0,,0,ALK,3,3,690,693
602,151,63,0.4762,0.6167,0.7176,0.2623,0.4762,0.4762,63,0.4762,63,0.4762,63,ALK,3,4,753,756
652,164,63,0.4762,0.4582,0.7826,0.2858,0.5079,0.4918,61,0.5,46,0.5,46,ALK,3,5,816,819
703,176,63,0.5873,0.539,0.6925,0.2496,0.4127,0.5,12,0.5556,9,0.5556,9,ALK,3,6,879,882
753,189,63,0.5714,0.421,0.6936,0.2502,0.5873,0.5806,62,,0,,0,ALK,3,7,942,945
804,201,63,0.4921,0.5395,0.7334,0.2682,0.4127,0.4464,56,0.45,20,0.4211,19,ALK,3,8,1005,1008
400,101,63,0.4603,0.4975,0.7063,0.2586,0.4603,0.4603,63,0.4444,9,0.375,8,AMD,3,0,501,504
451,113,63,0.4603,0.4773,0.7553,0.2796,0.4762,0.463,54,0.463,54,0.463,54,AMD,3,1,564,567
501,126,63,0.5714,0.5993,0.6899,0.2483,0.5079,0.5714,35,0.5714,35,0.5714,35,AMD,3,2,627,630
552,138,63,0.4921,0.5046,0.6922,0.2495,0.4444,0.4412,34,,0,,0,AMD,3,3,690,693
602,151,63,0.4444,0.5011,0.7008,0.2538,0.6032,0.5882,17,0.5882,17,0.5882,17,AMD,3,4,753,756
652,164,63,0.6349,0.4875,0.6853,0.2461,0.6349,0.6349,63,,0,,0,AMD,3,5,816,819
703,176,63,0.5397,0.5582,0.6789,0.243,0.5873,0.6667,24,0.6667,24,0.6522,23,AMD,3,6,879,882
753,189,63,0.5714,0.4208,0.6871,0.2469,0.5714,0.5714,63,0.5714,63,0.25,4,AMD,3,7,942,945
804,201,63,0.3651,0.2426,0.7517,0.2789,0.7143,0.5641,39,0.5641,39,0.25,4,AMD,3,8,1005,1008
400,101,63,0.4921,0.4844,1.0336,0.3669,0.5079,,0,,0,,0,AMPX,3,0,501,504
451,113,63,0.6508,0.546,0.6439,0.226,0.3492,,0,,0,,0,AMPX,3,1,564,567
501,126,63,0.4127,0.539,0.8541,0.3227,0.6825,0.875,8,1.0,4,1.0,4,AMPX,3,2,627,630
552,138,63,0.5397,0.5469,1.1707,0.2705,0.5079,0.5366,41,0.5526,38,0.75,4,AMPX,3,3,690,693
602,151,63,0.4921,0.4889,0.7189,0.2623,0.4921,0.4921,63,0.4737,19,0.4737,19,AMPX,3,4,753,756
652,164,63,0.619,0.5641,1.1189,0.2507,0.619,0.619,63,0.7619,21,0.625,8,AMPX,3,5,816,819
400,101,63,0.5873,0.6117,0.6685,0.2379,0.5873,0.5873,63,0.5873,63,0.7097,31,AMZN,3,0,501,504
451,113,63,0.4286,0.5103,0.7312,0.2686,0.4286,0.4286,63,0.4444,36,0.4,20,AMZN,3,1,564,567
501,126,63,0.6667,0.7073,0.642,0.2261,0.619,0.68,50,0.84,25,,0,AMZN,3,2,627,630
552,138,63,0.4921,0.5163,1.6399,0.3659,0.6349,0.6429,28,0.5714,14,0.0,3,AMZN,3,3,690,693
602,151,63,0.3016,0.634,1.6966,0.3195,0.3016,0.3016,63,0.3016,63,0.4762,21,AMZN,3,4,753,756
652,164,63,0.5873,0.5,0.6921,0.2495,0.5873,0.5873,63,,0,,0,AMZN,3,5,816,819
703,176,63,0.5873,0.537,0.6889,0.2479,0.5714,0.5926,54,,0,,0,AMZN,3,6,879,882
753,189,63,0.6508,0.6939,0.5909,0.2086,0.4286,0.5532,47,0.5556,18,,0,AMZN,3,7,942,945
804,201,63,0.5714,0.519,0.7154,0.2618,0.6349,0.6444,45,0.6279,43,0.6364,22,AMZN,3,8,1005,1008
400,101,63,0.5238,0.5312,0.7492,0.276,0.4921,0.5082,61,0.5082,61,0.5082,61,APLD,3,0,501,504
451,113,63,0.619,0.5625,0.6632,0.2351,0.619,0.619,63,0.65,60,,0,APLD,3,1,564,567
501,126,63,0.5556,0.5544,3.6525,0.3383,0.4921,0.5484,31,0.5484,31,0.4,5,APLD,3,2,627,630
552,138,63,0.6508,0.6339,0.6731,0.2374,0.5397,0.7,30,0.7,30,0.7,30,APLD,3,3,690,693
602,151,63,0.5238,0.5439,0.6843,0.2469,0.4921,0.5094,53,0.6667,3,0.6667,3,APLD,3,4,753,756
652,164,63,0.6032,0.6253,0.6493,0.23,0.5397,0.7368,19,0.7368,19,0.7368,19,APLD,3,5,816,819
703,176,63,0.4762,0.5427,0.7569,0.2764,0.6508,0.7857,14,0.7857,14,0.7857,14,APLD,3,6,879,882
753,189,63,0.6508,0.6366,0.8974,0.2434,0.5079,0.7778,18,0.8235,17,0.8235,17,APLD,3,7,942,945
804,201,63,0.5714,0.5231,0.6843,0.2456,0.5714,0.5714,63,0.75,4,0.75,4,APLD,3,8,1005,1008
400,101,63,0.5714,0.6378,4.7889,0.3674,0.3175,0.4222,45,0.4,30,0.3793,29,ARM,3,0,501,504
451,113,63,0.3968,0.3602,1.9817,0.3415,0.5873,0.4865,37,0.4865,37,0.4865,37,ARM,3,1,564,567
400,101,63,0.5238,0.5864,0.6935,0.25,0.4762,0.5,42,0.5588,34,0.5588,34,ASAN,3,0,501,504
451,113,63,0.5079,0.6647,1.5919,0.2733,0.3968,0.44,50,0.5,14,0.5,14,ASAN,3,1,564,567
501,126,63,0.4921,0.4833,1.2462,0.3014,0.5397,0.5263,38,0.5,22,0.4762,21,ASAN,3,2,627,630
552,138,63,0.4286,0.6674,4.0478,0.3926,0.5873,1.0,1,1.0,1,,0,ASAN,3,3,690,693
602,151,63,0.4762,0.5778,0.7796,0.2815,0.5238,0.5,50,0.68,25,,0,ASAN,3,4,753,756
652,164,63,0.4921,0.4254,0.7451,0.2744,0.4921,0.4921,63,0.3636,22,0.4,20,ASAN,3,5,816,819
703,176,63,0.4762,0.5162,0.7123,0.2594,0.4762,0.4762,63,0.48,25,0.48,25,ASAN,3,6,879,882
753,189,63,0.3968,0.4777,2.3397,0.3173,0.4127,0.4032,62,0.4286,14,0.5,12,ASAN,3,7,942,945
804,201,63,0.5873,0.5,0.6907,0.2488,0.4127,,0,,0,,0,ASAN,3,8,1005,1008
400,101,63,0.4444,0.4837,0.9243,0.2632,0.4444,0.4054,37,0.4054,37,0.4118,34,ASTS,3,0,501,504
451,113,63,0.4127,0.6054,5.7226,0.4881,0.6667,0.7778,9,,0,,0,ASTS,3,1,564,567
501,126,63,0.6349,0.6311,0.8816,0.2383,0.4444,0.5862,29,0.5862,29,,0,ASTS,3,2,627,630
552,138,63,0.4603,0.6111,0.7337,0.2733,0.3968,0.4182,55,0.4571,35,0.4571,35,ASTS,3,3,690,693
602,151,63,0.619,0.6347,0.849,0.2259,0.4444,0.6111,18,0.8,10,0.8,10,ASTS,3,4,753,756
652,164,63,0.5079,0.2434,1.3147,0.3368,0.5238,1.0,2,1.0,2,1.0,1,ASTS,3,5,816,819
703,176,63,0.4762,0.4753,0.6967,0.252,0.5238,,0,,0,,0,ASTS,3,6,879,882
753,189,63,0.5556,0.5,0.6896,0.2482,0.5556,0.5556,63,,0,,0,ASTS,3,7,942,945
804,201,63,0.3651,0.5,0.7219,0.2643,0.3651,0.3651,63,,0,,0,ASTS,3,8,1005,1008
400,101,63,0.5714,0.5329,0.6811,0.244,0.5714,0.5714,63,,0,,0,AXP,3,0,501,504
451,113,63,0.5238,0.4289,0.7305,0.267,0.6032,0.587,46,0.5682,44,0.0,1,AXP,3,1,564,567
501,126,63,0.6349,0.5489,0.6531,0.2306,0.6349,0.6393,61,0.6538,52,0.6538,52,AXP,3,2,627,630
552,138,63,0.5873,0.4735,0.707,0.255,0.5873,0.5873,63,0.5968,62,0.5968,62,AXP,3,3,690,693
602,151,63,0.4921,0.6023,1.6425,0.2943,0.4921,0.4921,63,0.4921,63,0.4921,63,AXP,3,4,753,756
652,164,63,0.6349,0.5647,0.6604,0.2338,0.6032,0.6415,53,0.6346,52,0.6346,52,AXP,3,5,816,819
703,176,63,0.5714,0.3742,0.698,0.2518,0.6508,0.64,50,0.6327,49,0.25,4,AXP,3,6,879,882
753,189,63,0.5873,0.6212,4.351,0.3632,0.5397,0.7,20,,0,,0,AXP,3,7,942,945
804,201,63,0.5079,0.5116,0.7212,0.2624,0.4921,0.5,44,0.5,38,0.4865,37,AXP,3,8,1005,1008
400,101,63,0.4921,0.4172,0.733,0.2689,0.6667,0.619,42,0.619,42,,0,AZN,3,0,501,504
451,113,63,0.5079,0.4607,0.7189,0.2622,0.5079,0.5079,63,0.5079,63,0.2857,7,AZN,3,1,564,567
501,126,63,0.4762,0.448,0.7168,0.2616,0.4762,0.4762,63,0.4762,63,0.125,8,AZN,3,2,627,630
552,138,63,0.6032,0.5611,0.6785,0.2427,0.6032,0.6032,63,,0,,0,AZN,3,3,690,693
602,151,63,0.381,0.5379,0.6999,0.2533,0.6032,0.3333,3,0.3333,3,0.3333,3,AZN,3,4,753,756
652,164,63,0.4921,0.5561,1.8381,0.2883,0.5873,0.5862,29,0.6154,26,0.5833,12,AZN,3,5,816,819
703,176,63,0.4286,0.5093,0.7445,0.2752,0.4286,0.4286,63,0.4262,61,0.4262,61,AZN,3,6,879,882
753,189,63,0.6349,0.4444,1.1603,0.2653,0.6667,0.6557,61,0.6316,38,,0,AZN,3,7,942,945
804,201,63,0.3651,0.4875,0.7307,0.2683,0.3651,0.3651,63,0.0,1,0.0,1,AZN,3,8,1005,1008
400,101,63,0.6349,0.4875,0.6787,0.2428,0.3651,,0,,0,,0,BA,3,0,501,504
451,113,63,0.4762,0.5247,0.6913,0.2505,0.5238,,0,,0,,0,BA,3,1,564,567
501,126,63,0.5397,0.4561,0.7042,0.255,0.4444,0.4286,7,,0,,0,BA,3,2,627,630
552,138,63,0.5397,0.587,0.9185,0.2551,0.6508,0.75,24,0.75,24,,0,BA,3,3,690,693
602,151,63,0.5397,0.497,0.7405,0.2646,0.5397,0.5397,63,0.5455,11,0.5455,11,BA,3,4,753,756
652,164,63,0.6349,0.5432,1.3867,0.2695,0.6508,0.6731,52,,0,,0,BA,3,5,816,819
703,176,63,0.619,0.6318,0.6718,0.2394,0.4603,0.5641,39,0.5625,32,0.5625,32,BA,3,6,879,882
753,189,63,0.6984,0.5875,0.6303,0.2189,0.6349,0.7059,51,0.7059,51,0.7059,51,BA,3,7,942,945
804,201,63,0.4286,0.5324,0.6935,0.2502,0.4286,0.4286,63,,0,,0,BA,3,8,1005,1008
400,101,63,0.5873,0.6005,0.6887,0.2464,0.4762,0.5625,32,0.5625,32,0.6,5,BETR,3,0,501,504
451,113,63,0.5556,0.5665,0.687,0.2469,0.5079,0.5588,34,0.5758,33,0.6,5,BETR,3,1,564,567
501,126,63,0.4444,0.4441,1.241,0.3057,0.4921,0.4091,22,0.4091,22,0.4091,22,BETR,3,2,627,630
400,101,63,0.4921,0.5233,0.9375,0.263,0.5397,0.6667,6,0.5,2,,0,BRKR,3,0,501,504
451,113,63,0.4762,0.4394,4.2134,0.389,0.4762,0.4762,63,0.4138,29,0.4138,29,BRKR,3,1,564,567
501,126,63,0.4762,0.5303,0.6971,0.252,0.4762,0.4762,63,,0,,0,BRKR,3,2,627,630
552,138,63,0.4921,0.5406,0.7176,0.2633,0.5397,0.5625,16,,0,,0,BRKR,3,3,690,693
602,151,63,0.4127,0.5195,0.6976,0.2523,0.3968,0.4032,62,0.6,5,,0,BRKR,3,4,753,756
652,164,63,0.4127,0.402,0.9588,0.2736,0.4762,0.1818,11,0.2222,9,,0,BRKR,3,5,816,819
703,176,63,0.619,0.5192,0.6874,0.2471,0.619,0.619,63,1.0,2,,0,BRKR,3,6,879,882
753,189,63,0.4444,0.4476,0.7122,0.2595,0.4921,0.4444,36,0.5556,9,,0,BRKR,3,7,942,945
804,201,63,0.6032,0.4947,0.6746,0.2408,0.619,0.6167,60,1.0,1,1.0,1,BRKR,3,8,1005,1008
400,101,63,0.6349,0.5379,1.1125,0.2463,0.6032,0.6364,55,0.6346,52,0.6346,52,BSX,3,0,501,504
451,113,63,0.5397,0.6329,0.7243,0.2625,0.5397,0.5397,63,0.5397,63,0.5397,63,BSX,3,1,564,567
501,126,63,0.6032,0.5037,0.6643,0.2363,0.7143,0.7174,46,0.7368,38,0.8,5,BSX,3,2,627,630
552,138,63,0.5238,0.4809,1.1628,0.2694,0.7143,0.6923,39,0.6923,39,0.6923,39,BSX,3,3,690,693
602,151,63,0.5873,0.5674,1.5634,0.2635,0.5714,0.5806,62,0.5833,60,0.5833,60,BSX,3,4,753,756
652,164,63,0.4762,0.4949,0.7537,0.2787,0.4762,0.4762,63,0.4762,63,0.4762,63,BSX,3,5,816,819
703,176,63,0.4603,0.5578,1.1824,0.2815,0.4603,0.4603,63,0.4603,63,0.5417,24,BSX,3,6,879,882
753,189,63,0.6667,0.6853,0.6792,0.243,0.3968,0.5455,44,,0,,0,BSX,3,7,942,945
804,201,63,0.6032,0.5144,0.6839,0.2454,0.3492,0.3636,11,0.3333,6,,0,BSX,3,8,1005,1008
400,101,63,0.5873,0.4348,0.9222,0.2549,0.3333,0.3077,13,,0,,0,CAVA,3,0,501,504
451,113,63,0.619,0.6394,1.6144,0.277,0.5238,0.6,45,0.6562,32,0.4615,13,CAVA,3,1,564,567
501,126,63,0.619,0.6421,0.7081,0.2451,0.6032,0.75,28,0.8421,19,0.8235,17,CAVA,3,2,627,630
400,101,63,0.4444,0.5513,0.6989,0.2529,0.619,1.0,4,,0,,0,CI,3,0,501,504
451,113,63,0.4762,0.5,0.716,0.2613,0.4762,0.4762,63,0.4762,63,,0,CI,3,1,564,567
501,126,63,0.4286,0.3211,4.3539,0.4327,0.4921,0.4561,57,0.4561,57,0.4259,54,CI,3,2,627,630
552,138,63,0.4286,0.4219,0.956,0.2723,0.5079,0.4655,58,0.4737,57,0.0,1,CI,3,3,690,693
602,151,63,0.6508,0.4908,0.678,0.2425,0.6349,0.6452,62,,0,,0,CI,3,4,753,756
652,164,63,0.4286,0.4907,0.7056,0.2562,0.4286,0.4237,59,,0,,0,CI,3,5,816,819
703,176,63,0.5079,0.5302,0.6946,0.2507,0.5079,0.5079,63,0.5714,21,0.5714,21,CI,3,6,879,882
753,189,63,0.5556,0.5893,0.6711,0.2393,0.5556,0.5556,63,0.6667,24,0.6818,22,CI,3,7,942,945
804,201,63,0.5714,0.5455,0.6981,0.2524,0.4762,0.5714,21,0.4706,17,,0,CI,3,8,1005,1008
400,101,63,0.6349,0.4519,0.6751,0.2413,0.619,0.629,62,0.6333,60,0.5714,35,CNC,3,0,501,504
451,113,63,0.4603,0.6281,0.6713,0.2452,0.4444,0.4516,62,0.4746,59,0.6667,9,CNC,3,1,564,567
501,126,63,0.5397,0.4616,2.3511,0.3182,0.5238,0.5435,46,0.5435,46,0.2222,9,CNC,3,2,627,630
552,138,63,0.5397,0.5248,3.9294,0.3605,0.4603,0.5,32,0.5161,31,0.5161,31,CNC,3,3,690,693
602,151,63,0.4603,0.4568,0.7512,0.2714,0.5714,0.5357,28,0.5357,28,0.5357,28,CNC,3,4,753,756
652,164,63,0.2381,0.6542,0.7203,0.2635,0.2381,0.2381,63,0.36,25,,0,CNC,3,5,816,819
703,176,63,0.3651,0.4712,0.7425,0.2744,0.619,0.3333,3,0.3333,3,0.3333,3,CNC,3,6,879,882
753,189,63,0.4762,0.5576,1.6035,0.2779,0.5238,,0,,0,,0,CNC,3,7,942,945
804,201,63,0.3333,0.4881,0.7033,0.255,0.6667,,0,,0,,0,CNC,3,8,1005,1008
400,101,63,0.6508,0.5139,0.6463,0.227,0.6508,0.6508,63,0.6508,63,0.6508,63,COST,3,0,501,504
451,113,63,0.6349,0.5348,1.1152,0.246,0.6349,0.6349,63,0.6349,63,0.6349,63,COST,3,1,564,567
501,126,63,0.5873,0.549,0.6818,0.2466,0.5556,0.5738,61,0.5738,61,0.5738,61,COST,3,2,627,630
552,138,63,0.6032,0.538,1.1202,0.2531,0.6349,0.6271,59,0.6271,59,0.6111,54,COST,3,3,690,693
602,151,63,0.5556,0.4311,0.6903,0.2486,0.5556,0.5556,63,0.75,4,,0,COST,3,4,753,756
652,164,63,0.3968,0.5379,2.1564,0.3322,0.3968,0.3968,63,0.4043,47,0.4138,29,COST,3,5,816,819
703,176,63,0.4444,0.6489,1.9138,0.3186,0.3968,0.4167,60,0.4138,58,0.4138,58,COST,3,6,879,882
753,189,63,0.4127,0.4143,0.7372,0.2706,0.5079,0.3333,15,0.3333,15,0.2857,14,COST,3,7,942,945
804,201,63,0.4286,0.4882,0.7477,0.2759,0.5714,,0,,0,,0,COST,3,8,1005,1008
400,101,63,0.4286,0.338,0.739,0.2726,0.4286,0.4286,63,0.4286,63,,0,CRM,3,0,501,504
451,113,63,0.4921,0.4531,1.1893,0.2795,0.4921,0.4921,63,0.4921,63,0.0,3,CRM,3,1,564,567
501,126,63,0.6508,0.5,0.6835,0.2452,0.6508,0.6508,63,,0,,0,CRM,3,2,627,630
552,138,63,0.5556,0.5625,0.6815,0.2444,0.5079,0.6,20,0.6,20,1.0,1,CRM,3,3,690,693
602,151,63,0.4444,0.4408,1.6842,0.3129,0.4444,0.4444,63,0.359,39,0.3684,38,CRM,3,4,753,756
652,164,63,0.4127,0.579,0.7492,0.2756,0.4127,0.4127,63,0.4571,35,0.5294,17,CRM,3,5,816,819
703,176,63,0.4286,0.4289,0.711,0.2589,0.5079,0.4333,30,,0,,0,CRM,3,6,879,882
753,189,63,0.5397,0.4244,0.7132,0.2596,0.4603,,0,,0,,0,CRM,3,7,942,945
804,201,63,0.5397,0.5101,0.6899,0.2484,0.5079,0.5254,59,,0,,0,CRM,3,8,1005,1008
400,101,63,0.4762,0.4783,0.7599,0.2818,0.4762,0.4762,63,0.4762,63,0.4655,58,CRWD,3,0,501,504
451,113,63,0.4762,0.5111,1.8845,0.3045,0.5079,0.4912,57,0.5,56,0.5789,19,CRWD,3,1,564,567
501,126,63,0.3968,0.4647,2.6503,0.3559,0.6349,0.6,10,0.6,10,0.5,4,CRWD,3,2,627,630
552,138,63,0.6349,0.4977,0.9083,0.2481,0.6667,0.6667,57,0.6667,57,,0,CRWD,3,3,690,693
602,151,63,0.5238,0.4686,1.4142,0.2831,0.5397,0.5323,62,0.541,61,0.0,2,CRWD,3,4,753,756
652,164,63,0.5556,0.4949,0.9248,0.2594,0.5397,0.5517,58,0.5319,47,0.5319,47,CRWD,3,5,816,819
703,176,63,0.619,0.4418,0.6831,0.2451,0.5873,0.6066,61,0.5893,56,0.5,24,CRWD,3,6,879,882
753,189,63,0.381,0.413,1.0282,0.3036,0.3651,0.34,50,0.2381,21,0.2632,19,CRWD,3,7,942,945
804,201,63,0.6349,0.5,0.6723,0.2396,0.6349,0.6349,63,,0,,0,CRWD,3,8,1005,1008
400,101,63,0.5397,0.4924,0.6916,0.2492,0.5397,0.5397,63,0.5439,57,,0,DDOG,3,0,501,504
451,113,63,0.5714,0.5195,4.5553,0.3623,0.5714,0.5714,63,0.5714,63,0.5714,63,DDOG,3,1,564,567
501,126,63,0.5556,0.5353,0.8921,0.2464,0.5873,0.5738,61,0.7778,9,0.7778,9,DDOG,3,2,627,630
552,138,63,0.4762,0.4399,0.7308,0.2679,0.4762,0.4762,63,0.3,10,0.2222,9,DDOG,3,3,690,693
602,151,63,0.4286,0.4163,0.7369,0.2715,0.4444,0.42,50,0.42,50,,0,DDOG,3,4,753,756
652,164,63,0.3175,0.5,0.71,0.2584,0.6825,,0,,0,,0,DDOG,3,5,816,819
703,176,63,0.6508,0.5388,0.6743,0.2406,0.6508,0.6508,63,,0,,0,DDOG,3,6,879,882
753,189,63,0.254,0.4794,0.8274,0.3159,0.254,0.254,63,0.254,63,0.2459,61,DDOG,3,7,942,945
804,201,63,0.5714,0.5185,0.6832,0.2451,0.5714,0.5714,63,0.5806,62,,0,DDOG,3,8,1005,1008
400,101,63,0.5714,0.5283,0.688,0.2472,0.4286,,0,,0,,0,DNA,3,0,501,504
451,113,63,0.3333,0.3561,3.1627,0.3933,0.2698,0.234,47,0.1935,31,0.125,16,DNA,3,1,564,567
501,126,63,0.619,0.4792,0.6651,0.2361,0.381,,0,,0,,0,DNA,3,2,627,630
552,138,63,0.3492,0.5,0.9473,0.3664,0.6508,,0,,0,,0,DNA,3,3,690,693
602,151,63,0.3492,0.4462,0.7222,0.2644,0.3492,0.3492,63,0.2308,13,,0,DNA,3,4,753,756
652,164,63,0.5556,0.4655,1.1972,0.2798,0.5397,0.5484,62,0.0,3,0.0,3,DNA,3,5,816,819
703,176,63,0.4762,0.4564,1.4762,0.296,0.4603,0.4412,34,0.5,2,0.5,2,DNA,3,6,879,882
753,189,63,0.5079,0.4284,0.7065,0.2566,0.4921,,0,,0,,0,DNA,3,7,942,945
804,201,63,0.4921,0.4844,0.6969,0.2519,0.4921,0.0,1,,0,,0,DNA,3,8,1005,1008
400,101,63,0.5079,0.5449,1.1128,0.2511,0.5556,0.6667,12,0.7273,11,0.7273,11,DUOL,3,0,501,504
451,113,63,0.4444,0.4984,4.2265,0.3937,0.381,0.383,47,0.375,24,0.375,24,DUOL,3,1,564,567
501,126,63,0.2698,0.5607,0.7746,0.288,0.7302,,0,,0,,0,DUOL,3,2,627,630
552,138,63,0.5238,0.4995,0.6966,0.2517,0.5238,0.5238,63,0.5161,62,0.75,4,DUOL,3,3,690,693
602,151,63,0.5873,0.391,2.3385,0.3164,0.619,0.6182,55,0.4815,27,0.4815,27,DUOL,3,4,753,756
652,164,63,0.3016,0.5754,0.7893,0.2969,0.3016,0.3016,63,0.3016,63,0.4,20,DUOL,3,5,816,819
703,176,63,0.5556,0.5103,0.688,0.2474,0.4286,0.4615,13,,0,,0,DUOL,3,6,879,882
753,189,63,0.5556,0.5556,0.7064,0.2564,0.2857,0.3333,30,0.3333,30,0.3333,30,DUOL,3,7,942,945
804,201,63,0.5556,0.603,0.6958,0.2511,0.5238,0.7778,9,0.7778,9,0.7778,9,DUOL,3,8,1005,1008
400,101,63,0.5714,0.4666,0.6896,0.2481,0.4286,,0,,0,,0,ETSY,3,0,501,504
451,113,63,0.4921,0.4758,2.1042,0.3055,0.4762,0.4286,14,0.5,12,0.4,10,ETSY,3,1,564,567
501,126,63,0.5238,0.5222,0.709,0.2576,0.4762,0.5,34,0.5152,33,0.5152,33,ETSY,3,2,627,630
552,138,63,0.6032,0.5837,0.9152,0.253,0.5556,0.6136,44,0.6154,39,,0,ETSY,3,3,690,693
602,151,63,0.4921,0.5525,0.9215,0.2568,0.4762,0.4783,46,0.6364,11,0.5,2,ETSY,3,4,753,756
652,164,63,0.4286,0.45,0.7438,0.2747,0.5556,0.4762,21,0.5,4,0.5,4,ETSY,3,5,816,819
703,176,63,0.4762,0.4849,0.7047,0.2559,0.4921,0.4444,18,0.4444,18,0.75,4,ETSY,3,6,879,882
753,189,63,0.5556,0.597,1.5987,0.2712,0.5238,0.5641,39,0.5641,39,0.8889,9,ETSY,3,7,942,945
804,201,63,0.5556,0.5798,0.7014,0.2524,0.5238,0.551,49,0.6316,19,0.6,5,ETSY,3,8,1005,1008
400,101,63,0.5873,0.5203,0.8992,0.247,0.4127,,0,,0,,0,FIVN,3,0,501,504
451,113,63,0.6667,0.5,0.6813,0.2441,0.3333,,0,,0,,0,FIVN,3,1,564,567
501,126,63,0.5873,0.5208,1.1297,0.2559,0.4603,0.8,5,0.8,5,0.8,5,FIVN,3,2,627,630
552,138,63,0.4603,0.4265,1.2631,0.3114,0.5397,,0,,0,,0,FIVN,3,3,690,693
602,151,63,0.5556,0.5123,0.9479,0.2675,0.381,0.375,16,0.375,16,0.4,15,FIVN,3,4,753,756
652,164,63,0.5397,0.5,0.6902,0.2485,0.4603,,0,,0,,0,FIVN,3,5,816,819
703,176,63,0.5556,0.5107,0.6899,0.2484,0.4444,,0,,0,,0,FIVN,3,6,879,882
753,189,63,0.5556,0.6541,0.6451,0.2275,0.4444,,0,,0,,0,FIVN,3,7,942,945
804,201,63,0.5238,0.5354,0.7411,0.2718,0.4762,0.5,36,0.5,36,0.5,28,FIVN,3,8,1005,1008
400,101,63,0.5556,0.5788,2.0467,0.3439,0.3651,0.4324,37,0.4324,37,0.4138,29,FSLY,3,0,501,504
451,113,63,0.5397,0.4856,1.4414,0.2909,0.4286,0.4375,16,0.4615,13,0.4615,13,FSLY,3,1,564,567
501,126,63,0.4921,0.4481,0.7192,0.2627,0.5079,,0,,0,,0,FSLY,3,2,627,630
552,138,63,0.3968,0.5463,0.7437,0.2744,0.5714,0.0,2,0.0,2,0.0,2,FSLY,3,3,690,693
602,151,63,0.4762,0.5616,0.7057,0.2562,0.4762,0.4762,63,0.5192,52,0.4762,21,FSLY,3,4,753,756
652,164,63,0.4762,0.4834,0.6985,0.2527,0.5079,0.4667,15,0.4286,14,,0,FSLY,3,5,816,819
703,176,63,0.5556,0.536,0.6852,0.246,0.5714,0.5769,52,0.5769,52,,0,FSLY,3,6,879,882
753,189,63,0.5714,0.3686,0.9748,0.2766,0.381,0.2,5,0.2,5,,0,FSLY,3,7,942,945
804,201,63,0.5079,0.602,2.9956,0.3269,0.619,0.75,16,0.6667,3,0.6667,3,FSLY,3,8,1005,1008
400,101,63,0.5238,0.4106,1.9004,0.3113,0.4762,,0,,0,,0,FTNT,3,0,501,504
451,113,63,0.4921,0.6406,2.2602,0.2929,0.4921,0.4918,61,0.5714,35,0.5714,35,FTNT,3,1,564,567
501,126,63,0.5714,0.6537,2.3823,0.334,0.5397,0.64,25,1.0,2,,0,FTNT,3,2,627,630
552,138,63,0.381,0.4829,0.7677,0.284,0.619,,0,,0,,0,FTNT,3,3,690,693
602,151,63,0.4921,0.4299,1.6475,0.2932,0.4921,0.4915,59,0.4545,22,0.5,12,FTNT,3,4,753,756
652,164,63,0.5238,0.5889,0.6905,0.2487,0.4127,0.463,54,,0,,0,FTNT,3,5,816,819
703,176,63,0.4762,0.5534,0.8901,0.2446,0.619,0.625,24,0.7,10,0.7,10,FTNT,3,6,879,882
753,189,63,0.4444,0.6276,0.9412,0.2662,0.4444,0.4444,63,0.5,8,0.5,8,FTNT,3,7,942,945
804,201,63,0.5714,0.6142,0.6813,0.2456,0.5714,0.68,25,0.5714,7,0.6,5,FTNT,3,8,1005,1008
400,101,63,0.4127,0.5,0.7243,0.2655,0.5873,,0,,0,,0,GM,3,0,501,504
451,113,63,0.5714,0.5806,4.1015,0.3487,0.4921,0.5769,26,0.5769,26,,0,GM,3,1,564,567
501,126,63,0.3968,0.4316,0.7867,0.2954,0.619,0.5128,39,0.7059,17,0.7059,17,GM,3,2,627,630
552,138,63,0.4286,0.4815,0.7196,0.2612,0.4286,0.4286,63,0.3333,6,0.4,5,GM,3,3,690,693
602,151,63,0.6349,0.6476,0.6397,0.2244,0.5873,0.7059,34,0.7059,34,0.7241,29,GM,3,4,753,756
652,164,63,0.5397,0.5323,0.6799,0.244,0.4921,1.0,2,1.0,2,1.0,2,GM,3,5,816,819
703,176,63,0.3651,0.5266,0.7264,0.2666,0.6349,,0,,0,,0,GM,3,6,879,882
753,189,63,0.5397,0.5676,0.737,0.2659,0.6508,0.6364,44,0.7857,28,1.0,1,GM,3,7,942,945
804,201,63,0.4444,0.574,0.7627,0.2819,0.4444,0.4444,63,0.463,54,0.463,54,GM,3,8,1005,1008
400,101,63,0.5397,0.4508,1.6943,0.3029,0.4603,,0,,0,,0,GME,3,0,501,504
451,113,63,0.6984,0.6111,0.6169,0.2142,0.3968,0.875,8,0.875,8,0.875,8,GME,3,1,564,567
501,126,63,0.4921,0.4108,0.7256,0.2653,0.4921,0.0,1,0.0,1,,0,GME,3,2,627,630
552,138,63,0.4921,0.6242,0.6945,0.2519,0.5238,1.0,1,,0,,0,GME,3,3,690,693
602,151,63,0.5238,0.5483,1.1511,0.2631,0.5873,0.5714,49,1.0,7,1.0,4,GME,3,4,753,756
652,164,63,0.5079,0.5816,1.1573,0.2654,0.5397,0.8,5,,0,,0,GME,3,5,816,819
703,176,63,0.6825,0.6809,0.6471,0.2275,0.5079,0.6579,38,,0,,0,GME,3,6,879,882
753,189,63,0.5714,0.555,0.7058,0.2556,0.5714,0.6452,31,0.6452,31,,0,GME,3,7,942,945
804,201,63,0.5397,0.6572,0.9171,0.2531,0.4603,0.5,54,0.5,54,0.6129,31,GME,3,8,1005,1008
400,101,63,0.6508,0.6159,0.6394,0.2237,0.6508,0.6508,63,0.6508,63,0.6667,57,GOOG,3,0,501,504
451,113,63,0.6032,0.4707,0.9,0.2512,0.5238,0.5714,56,0.4737,38,0.0,1,GOOG,3,1,564,567
501,126,63,0.5714,0.5113,1.1479,0.2635,0.5714,0.5714,63,0.5645,62,0.6,15,GOOG,3,2,627,630
552,138,63,0.6667,0.6513,0.6396,0.2236,0.6508,0.7174,46,0.7174,46,0.7632,38,GOOG,3,3,690,693
602,151,63,0.4127,0.4711,0.8667,0.3258,0.3968,0.3929,56,0.3929,56,0.3929,56,GOOG,3,4,753,756
652,164,63,0.7143,0.5444,0.6579,0.2326,0.7143,0.7143,63,1.0,4,1.0,4,GOOG,3,5,816,819
703,176,63,0.4127,0.5742,0.7393,0.2729,0.7302,0.8462,13,0.8889,9,0.8889,9,GOOG,3,6,879,882
753,189,63,0.6032,0.5137,0.6703,0.2387,0.6032,0.6102,59,0.6102,59,0.6102,59,GOOG,3,7,942,945
804,201,63,0.5714,0.6209,0.7697,0.2773,0.5714,0.5714,63,0.5714,63,0.5714,63,GOOG,3,8,1005,1008
400,101,63,0.6984,0.6719,0.6446,0.2261,0.5556,0.6739,46,0.6667,18,,0,HUM,3,0,501,504
451,113,63,0.4603,0.6142,0.8484,0.3081,0.6032,0.6667,12,0.6667,12,0.6667,12,HUM,3,1,564,567
501,126,63,0.4286,0.5226,0.8341,0.3137,0.4286,0.4286,63,0.4286,63,0.4468,47,HUM,3,2,627,630
552,138,63,0.5079,0.523,0.7017,0.2542,0.4444,0.4651,43,0.4524,42,,0,HUM,3,3,690,693
602,151,63,0.6984,0.6314,0.655,0.2325,0.381,0.6923,13,0.75,12,1.0,1,HUM,3,4,753,756
652,164,63,0.5397,0.5221,0.825,0.3017,0.5714,0.6667,21,0.8,10,,0,HUM,3,5,816,819
703,176,63,0.4444,0.4182,3.556,0.3809,0.5238,0.4,10,0.4,10,0.4,10,HUM,3,6,879,882
753,189,63,0.4286,0.406,0.7181,0.2619,0.3651,0.2593,27,0.0,1,0.0,1,HUM,3,7,942,945
804,201,63,0.4286,0.3534,0.7047,0.2558,0.5873,0.5714,7,0.5714,7,0.5714,7,HUM,3,8,1005,1008
400,101,63,0.5079,0.6079,0.7243,0.2661,0.4921,0.5,62,0.5,62,0.5,62,HY,3,0,501,504
451,113,63,0.4603,0.4849,0.7598,0.2831,0.4921,0.4746,59,0.4364,55,0.4364,55,HY,3,1,564,567
501,126,63,0.4762,0.6065,0.6837,0.2453,0.5397,1.0,1,1.0,1,,0,HY,3,2,627,630
552,138,63,0.5238,0.5046,1.8931,0.3043,0.4286,0.4615,39,0.25,4,0.25,4,HY,3,3,690,693
602,151,63,0.5079,0.4949,0.7077,0.257,0.5397,0.5319,47,0.5,4,,0,HY,3,4,753,756
652,164,63,0.5397,0.5524,0.6903,0.2486,0.4921,0.525,40,0.6667,3,,0,HY,3,5,816,819
703,176,63,0.5238,0.6667,0.6885,0.2477,0.381,0.4423,52,0.4423,52,,0,HY,3,6,879,882
753,189,63,0.5714,0.5179,0.6796,0.2434,0.5556,0.5645,62,0.5645,62,,0,HY,3,7,942,945
804,201,63,0.4444,0.4792,0.7051,0.2556,0.5397,0.3333,3,0.3333,3,0.3333,3,HY,3,8,1005,1008
400,101,63,0.5556,0.5606,0.6618,0.2389,0.5238,0.5641,39,1.0,3,1.0,3,INSM,3,0,501,504
451,113,63,0.4762,0.5031,1.6235,0.2848,0.5556,0.5714,14,0.5455,11,0.5455,11,INSM,3,1,564,567
501,126,63,0.4603,0.57,0.6976,0.2521,0.4603,0.4603,63,0.55,20,0.55,20,INSM,3,2,627,630
552,138,63,0.5714,0.5559,0.7023,0.2536,0.5079,0.5806,31,0.5806,31,0.3333,3,INSM,3,3,690,693
602,151,63,0.4603,0.4279,0.9541,0.2712,0.381,0.3529,34,0.2727,11,0.3333,9,INSM,3,4,753,756
652,164,63,0.4127,0.4335,0.7685,0.2858,0.6508,0.7,10,0.625,8,0.625,8,INSM,3,5,816,819
703,176,63,0.6667,0.5714,0.674,0.2405,0.6667,0.6667,63,0.8889,9,,0,INSM,3,6,879,882
753,189,63,0.4286,0.3812,0.8165,0.3066,0.4286,0.4286,63,0.4286,63,0.3333,33,INSM,3,7,942,945
804,201,63,0.4127,0.5135,0.7292,0.2679,0.4127,0.4127,63,0.4127,63,,0,INSM,3,8,1005,1008
400,101,63,0.4127,0.4683,0.8409,0.3193,0.4127,0.4127,63,0.4127,63,0.4032,62,INTC,3,0,501,504
451,113,63,0.5397,0.4767,0.6912,0.249,0.4603,,0,,0,,0,INTC,3,1,564,567
501,126,63,0.4444,0.3561,0.7175,0.2621,0.5556,,0,,0,,0,INTC,3,2,627,630
552,138,63,0.4127,0.5244,1.4275,0.2903,0.3175,0.3333,51,0.3333,51,0.5,8,INTC,3,3,690,693
602,151,63,0.5397,0.5791,0.6732,0.2403,0.4603,0.5,46,,0,,0,INTC,3,4,753,756
652,164,63,0.4603,0.5882,0.6876,0.2473,0.5397,,0,,0,,0,INTC,3,5,816,819
703,176,63,0.3492,0.5654,4.124,0.4245,0.6508,,0,,0,,0,INTC,3,6,879,882
753,189,63,0.4286,0.5,0.7028,0.2548,0.5714,,0,,0,,0,INTC,3,7,942,945
804,201,63,0.6667,0.5758,2.0243,0.2732,0.6032,0.6977,43,0.6977,43,,0,INTC,3,8,1005,1008
400,101,63,0.5873,0.4917,0.7033,0.2534,0.4127,0.5,4,0.5,4,0.5,4,IREN,3,0,501,504
451,113,63,0.5556,0.5076,0.7254,0.2651,0.5238,0.7778,9,,0,,0,IREN,3,1,564,567
501,126,63,0.4603,0.5,0.702,0.2544,0.5397,,0,,0,,0,IREN,3,2,627,630
552,138,63,0.5873,0.606,0.6769,0.242,0.5714,0.7273,22,0.7273,22,0.7143,21,IREN,3,3,690,693
602,151,63,0.4603,0.7423,0.6158,0.2223,0.4444,0.4516,62,0.8333,18,0.8333,18,IREN,3,4,753,756
652,164,63,0.7143,0.4605,1.358,0.258,0.7143,0.7143,63,0.6429,28,0.6429,14,IREN,3,5,816,819
703,176,63,0.6508,0.5083,0.6623,0.2346,0.6508,0.6508,63,0.661,59,,0,IREN,3,6,879,882
753,189,63,0.4921,0.495,0.715,0.2607,0.4921,0.4921,63,0.4921,63,,0,IREN,3,7,942,945
804,201,63,0.5556,0.5878,0.7007,0.2528,0.5556,0.5556,63,0.5556,63,0.5556,63,IREN,3,8,1005,1008
400,101,63,0.6032,0.5936,0.6843,0.2455,0.4286,0.5333,30,0.5333,30,0.5333,30,JNJ,3,0,501,504
451,113,63,0.5556,0.5378,0.6942,0.2504,0.5556,0.566,53,0.5769,52,0.5769,52,JNJ,3,1,564,567
501,126,63,0.4921,0.5454,1.7846,0.3485,0.4921,0.4615,13,,0,,0,JNJ,3,2,627,630
552,138,63,0.4286,0.6852,1.1454,0.2656,0.4286,0.4286,63,0.4576,59,0.6842,19,JNJ,3,3,690,693
602,151,63,0.4921,0.5224,0.6951,0.2516,0.5556,0.7143,7,1.0,1,1.0,1,JNJ,3,4,753,756
652,164,63,0.4762,0.6797,0.7061,0.2564,0.6667,0.9091,11,1.0,1,,0,JNJ,3,5,816,819
703,176,63,0.4286,0.5459,3.0752,0.4009,0.619,0.7143,7,,0,,0,JNJ,3,6,879,882
753,189,63,0.5079,0.4873,0.6767,0.2421,0.6508,0.6136,44,0.6136,44,0.6452,31,JNJ,3,7,942,945
804,201,63,0.4286,0.5149,0.7475,0.2767,0.4286,0.4286,63,0.4286,63,0.4286,63,JNJ,3,8,1005,1008
400,101,63,0.5714,0.5968,0.8789,0.2415,0.3968,0.4688,32,0.5,4,0.5,4,KVUE,3,0,501,504
451,113,63,0.4127,0.5,9.363,0.5873,0.4127,0.4127,63,0.4127,63,0.4127,63,KVUE,3,1,564,567
501,126,63,0.3333,0.5006,0.7643,0.2852,0.6508,0.0,1,,0,,0,KVUE,3,2,627,630
552,138,63,0.4603,0.4051,0.7021,0.2545,0.4762,0.4677,62,,0,,0,KVUE,3,3,690,693
400,101,63,0.5556,0.5176,1.1683,0.2694,0.4921,0.8,5,0.8,5,0.8,5,LLY,3,0,501,504
451,113,63,0.6825,0.4535,0.679,0.242,0.6825,0.6825,63,0.6333,30,0.6207,29,LLY,3,1,564,567
501,126,63,0.5397,0.4564,2.108,0.306,0.5397,0.5397,63,0.5397,63,0.5,20,LLY,3,2,627,630
552,138,63,0.5397,0.4625,0.7221,0.2634,0.5397,0.5397,63,0.5397,63,0.5397,63,LLY,3,3,690,693
602,151,63,0.5079,0.5544,0.676,0.2439,0.5079,0.5079,63,0.6667,6,0.6667,6,LLY,3,4,753,756
652,164,63,0.4921,0.4854,0.6952,0.251,0.5079,0.5,60,,0,,0,LLY,3,5,816,819
703,176,63,0.6667,0.5111,0.6638,0.2352,0.6508,0.6613,62,0.678,59,0.4,5,LLY,3,6,879,882
753,189,63,0.4762,0.4454,1.1667,0.2701,0.5873,0.75,8,0.75,8,,0,LLY,3,7,942,945
804,201,63,0.4127,0.5286,0.7017,0.2546,0.4127,0.4127,63,0.4615,13,0.4615,13,LLY,3,8,1005,1008
400,101,63,0.4762,0.5208,4.9508,0.4278,0.4127,0.4407,59,0.4407,59,0.4483,58,LULU,3,0,501,504
451,113,63,0.3016,0.5,0.7639,0.2851,0.3016,0.3016,63,0.3016,63,,0,LULU,3,1,564,567
501,126,63,0.3016,0.5275,0.8351,0.3184,0.6984,,0,,0,,0,LULU,3,2,627,630
552,138,63,0.4603,0.5098,3.5045,0.3604,0.5714,0.5625,16,,0,,0,LULU,3,3,690,693
602,151,63,0.4127,0.7578,0.7285,0.2675,0.4127,0.4127,63,0.4127,63,0.6818,22,LULU,3,4,753,756
652,164,63,0.4444,0.4647,1.2404,0.3056,0.3968,0.4138,58,0.4035,57,0.3714,35,LULU,3,5,816,819
703,176,63,0.4921,0.4882,2.1253,0.3144,0.4286,0.4138,29,0.4286,28,0.4286,28,LULU,3,6,879,882
753,189,63,0.5079,0.5192,0.7482,0.2684,0.5238,0.525,40,,0,,0,LULU,3,7,942,945
804,201,63,0.5238,0.5364,0.6855,0.2462,0.4127,0.4375,32,,0,,0,LULU,3,8,1005,1008
400,101,63,0.5397,0.4553,2.0766,0.2959,0.4127,0.3846,13,,0,,0,LYFT,3,0,501,504
451,113,63,0.5556,0.5743,4.4794,0.4048,0.2222,0.2308,26,0.2308,26,0.24,25,LYFT,3,1,564,567
501,126,63,0.5079,0.4954,3.3034,0.3633,0.5714,0.5714,35,0.5333,30,0.5333,30,LYFT,3,2,627,630
552,138,63,0.5556,0.7246,1.7324,0.2485,0.4603,1.0,1,,0,,0,LYFT,3,3,690,693
602,151,63,0.5079,0.5312,0.6898,0.2484,0.5079,1.0,1,1.0,1,1.0,1,LYFT,3,4,753,756
652,164,63,0.5397,0.4738,3.405,0.321,0.381,0.3077,13,1.0,2,1.0,2,LYFT,3,5,816,819
703,176,63,0.4444,0.6163,1.3297,0.3345,0.5556,,0,,0,,0,LYFT,3,6,879,882
753,189,63,0.6349,0.3489,1.6345,0.2842,0.3651,,0,,0,,0,LYFT,3,7,942,945
804,201,63,0.5238,0.5934,2.9951,0.3312,0.4762,0.5,46,0.4889,45,0.5116,43,LYFT,3,8,1005,1008
400,101,63,0.5556,0.6552,0.9694,0.2813,0.4921,0.5283,53,0.5283,53,0.5283,53,META,3,0,501,504
451,113,63,0.4127,0.4141,0.7518,0.2788,0.6349,0.5556,27,0.4667,15,0.4667,15,META,3,1,564,567
501,126,63,0.4444,0.3737,0.7842,0.2904,0.4762,0.459,61,0.431,58,0.1667,6,META,3,2,627,630
552,138,63,0.5873,0.5681,0.6787,0.2428,0.5873,0.5873,63,,0,,0,META,3,3,690,693
602,151,63,0.5397,0.6146,0.6788,0.243,0.5397,0.5397,63,0.5397,63,0.8333,12,META,3,4,753,756
652,164,63,0.381,0.5011,0.7012,0.2544,0.381,0.381,63,0.3704,27,1.0,2,META,3,5,816,819
703,176,63,0.4286,0.4865,0.9296,0.261,0.4127,0.3913,46,0.5,2,0.5,2,META,3,6,879,882
753,189,63,0.4286,0.4128,1.9821,0.337,0.4921,0.3529,17,0.3529,17,0.3529,17,META,3,7,942,945
400,101,63,0.619,0.6201,0.6926,0.2459,0.4127,1.0,2,1.0,1,,0,MP,3,0,501,504
451,113,63,0.6349,0.6086,0.6364,0.223,0.3492,0.0,1,0.0,1,0.0,1,MP,3,1,564,567
501,126,63,0.4921,0.537,0.8951,0.3383,0.7143,0.76,25,0.7,10,0.7,10,MP,3,2,627,630
552,138,63,0.4762,0.5416,0.6942,0.2511,0.5397,0.5714,7,0.5714,7,0.75,4,MP,3,3,690,693
602,151,63,0.4444,0.4857,0.7164,0.2615,0.4444,0.4444,63,0.4444,63,0.4,10,MP,3,4,753,756
652,164,63,0.5873,0.4709,0.7172,0.2595,0.5873,0.5873,63,0.5873,63,0.5873,63,MP,3,5,816,819
703,176,63,0.5714,0.5321,0.6861,0.2465,0.4444,0.5556,9,0.5556,9,,0,MP,3,6,879,882
753,189,63,0.5238,0.5454,1.1427,0.2611,0.5079,0.52,50,1.0,2,1.0,2,MP,3,7,942,945
804,201,63,0.6349,0.677,0.659,0.2331,0.5397,0.6341,41,1.0,7,,0,MP,3,8,1005,1008
400,101,63,0.4762,0.4714,0.7075,0.2571,0.5556,0.525,40,,0,,0,MRNA,3,0,501,504
451,113,63,0.3651,0.3853,0.9432,0.3581,0.3968,0.3404,47,0.3261,46,0.3261,46,MRNA,3,1,564,567
501,126,63,0.2698,0.5,11.6405,0.7302,0.2698,0.2698,63,0.2698,63,0.2698,63,MRNA,3,2,627,630
552,138,63,0.6032,0.5,0.6719,0.2394,0.3968,,0,,0,,0,MRNA,3,3,690,693
602,151,63,0.5079,0.4582,0.6995,0.2511,0.3651,0.2778,18,0.0,1,0.0,1,MRNA,3,4,753,756
652,164,63,0.4762,0.4045,0.7909,0.2929,0.5238,,0,,0,,0,MRNA,3,5,816,819
703,176,63,0.5556,0.4485,0.935,0.2618,0.4444,,0,,0,,0,MRNA,3,6,879,882
753,189,63,0.5079,0.6927,0.6862,0.2477,0.5397,1.0,3,,0,,0,MRNA,3,7,942,945
804,201,63,0.6825,0.6211,0.6651,0.2355,0.6032,0.6957,46,0.6957,46,0.5,2,MRNA,3,8,1005,1008
400,101,63,0.5238,0.5429,0.77,0.285,0.4762,0.5,60,0.5,60,0.4898,49,MSFT,3,0,501,504
400,101,63,0.4444,0.4892,0.7054,0.256,0.5714,0.5455,11,0.4444,9,0.1667,6,MU,3,0,501,504
451,113,63,0.4286,0.3579,1.9973,0.353,0.4921,0.4545,55,0.0833,12,0.0833,12,MU,3,1,564,567
501,126,63,0.5556,0.5,0.687,0.2469,0.5556,0.5556,63,0.5556,63,,0,MU,3,2,627,630
552,138,63,0.5556,0.5616,0.6482,0.2336,0.5238,0.541,61,1.0,2,1.0,2,MU,3,3,690,693
602,151,63,0.5079,0.5121,0.9348,0.2617,0.4762,0.0,1,0.0,1,0.0,1,MU,3,4,753,756
652,164,63,0.4603,0.3104,0.7211,0.2635,0.619,0.551,49,0.1667,6,0.2,5,MU,3,5,816,819
703,176,63,0.6984,0.5341,0.6565,0.2318,0.6984,0.6984,63,0.6984,63,,0,MU,3,6,879,882
753,189,63,0.6508,0.5,0.6532,0.2302,0.6508,0.6508,63,0.6508,63,,0,MU,3,7,942,945
804,201,63,0.6667,0.3702,0.6694,0.2371,0.6667,0.678,59,0.678,59,0.6897,58,MU,3,8,1005,1008
400,101,63,0.6349,0.7082,0.6563,0.2317,0.4444,0.561,41,0.5897,39,,0,NET,3,0,501,504
451,113,63,0.5556,0.5,7.0855,0.4444,0.5556,0.5556,63,0.5556,63,0.5556,63,NET,3,1,564,567
501,126,63,0.6349,0.6583,0.6484,0.2282,0.5079,0.7368,19,0.7368,19,0.7778,18,NET,3,2,627,630
552,138,63,0.3016,0.4747,0.9454,0.3676,0.7143,0.6667,3,,0,,0,NET,3,3,690,693
602,151,63,0.4603,0.5345,0.6971,0.2524,0.4603,0.4603,63,1.0,1,1.0,1,NET,3,4,753,756
652,164,63,0.7619,0.5,0.6771,0.242,0.7619,0.7619,63,,0,,0,NET,3,5,816,819
703,176,63,0.5714,0.5,0.6939,0.2501,0.5714,0.5714,63,0.5714,63,0.5714,63,NET,3,6,879,882
753,189,63,0.4127,0.5,0.755,0.2803,0.4127,0.4127,63,0.4127,63,0.4127,63,NET,3,7,942,945
804,201,63,0.6349,0.5245,0.6644,0.2357,0.6349,0.6349,63,0.6481,54,,0,NET,3,8,1005,1008
400,101,63,0.5714,0.4337,1.0087,0.2875,0.6032,0.6,55,0.4,10,0.4,10,NFLX,3,0,501,504
451,113,63,0.6349,0.6343,1.1246,0.2379,0.5238,0.6,50,0.6,50,1.0,1,NFLX,3,1,564,567
501,126,63,0.5873,0.6798,0.6712,0.2393,0.5873,0.5873,63,0.5873,63,0.5873,63,NFLX,3,2,627,630
552,138,63,0.3016,0.3594,3.9307,0.4369,0.6667,0.4545,22,0.4737,19,0.4737,19,NFLX,3,3,690,693
602,151,63,0.6508,0.4346,0.67,0.2385,0.6508,0.6508,63,0.6275,51,0.6087,46,NFLX,3,4,753,756
652,164,63,0.5079,0.5766,0.7066,0.2566,0.5079,0.5079,63,0.5079,63,0.6316,19,NFLX,3,5,816,819
703,176,63,0.4603,0.5385,0.7745,0.2884,0.4603,0.4603,63,0.4677,62,0.4677,62,NFLX,3,6,879,882
753,189,63,0.3016,0.4803,2.067,0.3886,0.3016,0.3016,63,0.3065,62,0.3065,62,NFLX,3,7,942,945
804,201,63,0.5238,0.5,0.692,0.2494,0.4762,,0,,0,,0,NFLX,3,8,1005,1008
400,101,63,0.5079,0.4714,2.3519,0.3215,0.4444,0.3636,11,0.3636,11,0.3636,11,NIO,3,0,501,504
451,113,63,0.6508,0.4745,0.6551,0.2312,0.3492,,0,,0,,0,NIO,3,1,564,567
501,126,63,0.4444,0.6924,3.213,0.3349,0.5714,1.0,1,1.0,1,1.0,1,NIO,3,2,627,630
552,138,63,0.6032,0.6826,0.9145,0.2545,0.4603,0.6429,14,0.6429,14,,0,NIO,3,3,690,693
602,151,63,0.5079,0.5469,0.8532,0.2996,0.4444,0.3846,13,0.3846,13,0.4545,11,NIO,3,4,753,756
652,164,63,0.4921,0.5433,1.1748,0.2776,0.5079,0.5,34,0.5833,12,0.7143,7,NIO,3,5,816,819
703,176,63,0.4444,0.3541,0.8657,0.3218,0.5556,,0,,0,,0,NIO,3,6,879,882
753,189,63,0.6825,0.5,0.6906,0.2487,0.3175,,0,,0,,0,NIO,3,7,942,945
804,201,63,0.5079,0.5499,0.6969,0.2519,0.4921,,0,,0,,0,NIO,3,8,1005,1008
400,101,63,0.5238,0.5418,0.6749,0.2438,0.4921,0.5217,23,0.6,20,0.6,20,NOK,3,0,501,504
451,113,63,0.5079,0.6421,4.5701,0.3715,0.5079,1.0,1,1.0,1,1.0,1,NOK,3,1,564,567
501,126,63,0.3968,0.4471,0.799,0.299,0.619,1.0,1,1.0,1,1.0,1,NOK,3,2,627,630
552,138,63,0.5556,0.5605,1.1457,0.2626,0.5079,0.5345,58,0.537,54,0.6,5,NOK,3,3,690,693
602,151,63,0.5714,0.6471,0.6243,0.2253,0.5397,0.5814,43,1.0,7,1.0,5,NOK,3,4,753,756
652,164,63,0.381,0.3704,4.7015,0.4134,0.4286,0.3,30,0.4444,9,0.4444,9,NOK,3,5,816,819
703,176,63,0.4444,0.4951,0.8555,0.2349,0.7143,0.8571,14,0.9231,13,0.9231,13,NOK,3,6,879,882
753,189,63,0.5556,0.5556,1.3877,0.273,0.5714,0.569,58,0.6,30,,0,NOK,3,7,942,945
804,201,63,0.6349,0.5208,0.6558,0.2329,0.619,0.629,62,0.629,62,,0,NOK,3,8,1005,1008
400,101,63,0.619,0.5,0.6826,0.2447,0.619,0.619,63,,0,,0,NVDA,3,0,501,504
400,101,63,0.4603,0.5143,0.694,0.2505,0.5556,1.0,1,1.0,1,1.0,1,NVMI,3,0,501,504
451,113,63,0.6508,0.4008,1.1604,0.2676,0.6667,0.6786,56,0.6098,41,0.4444,9,NVMI,3,1,564,567
501,126,63,0.4921,0.5998,0.8289,0.3008,0.4921,0.4921,63,0.4921,63,0.4921,63,NVMI,3,2,627,630
552,138,63,0.6508,0.5,0.6623,0.2346,0.6508,0.6508,63,0.6508,63,,0,NVMI,3,3,690,693
602,151,63,0.3492,0.3764,5.995,0.506,0.3492,0.3492,63,0.3492,63,0.2424,33,NVMI,3,4,753,756
652,164,63,0.5397,0.5228,0.7079,0.2569,0.5397,0.5556,45,,0,,0,NVMI,3,5,816,819
703,176,63,0.5873,0.5,0.684,0.2454,0.5873,0.5873,63,,0,,0,NVMI,3,6,879,882
753,189,63,0.5079,0.4103,0.7211,0.2628,0.619,0.5714,56,,0,,0,NVMI,3,7,942,945
804,201,63,0.4921,0.4894,0.6977,0.2523,0.5238,0.5143,35,0.5143,35,,0,NVMI,3,8,1005,1008
400,101,63,0.5079,0.5312,0.7035,0.2548,0.4921,0.5,46,0.5484,31,0.5333,30,NVO,3,0,501,504
451,113,63,0.4444,0.4215,0.7377,0.271,0.5873,0.5294,34,0.5294,34,0.5185,27,NVO,3,1,564,567
501,126,63,0.4444,0.429,0.978,0.2827,0.4286,0.4355,62,0.4355,62,0.2941,17,NVO,3,2,627,630
552,138,63,0.4286,0.4259,0.7212,0.264,0.4286,0.4286,63,0.3846,52,,0,NVO,3,3,690,693
602,151,63,0.5714,0.4537,0.6908,0.2486,0.3968,0.3333,6,0.3333,6,0.3333,6,NVO,3,4,753,756
652,164,63,0.5079,0.5469,0.7253,0.2654,0.5079,1.0,1,1.0,1,1.0,1,NVO,3,5,816,819
703,176,63,0.4762,0.5251,3.0533,0.3512,0.381,0.4043,47,0.3704,27,0.3704,27,NVO,3,6,879,882
753,189,63,0.4762,0.5157,0.7531,0.2783,0.5397,0.5385,13,0.5385,13,0.5385,13,NVO,3,7,942,945
804,201,63,0.5873,0.5629,0.682,0.2445,0.5397,0.6,40,0.5833,24,,0,NVO,3,8,1005,1008
400,101,63,0.5397,0.5724,0.6774,0.2423,0.5556,0.56,50,0.6667,24,0.6667,24,ONTO,3,0,501,504
451,113,63,0.4286,0.4275,1.7018,0.3232,0.5397,0.4706,34,0.3913,23,0.4091,22,ONTO,3,1,564,567
501,126,63,0.5238,0.4503,0.6992,0.253,0.5397,0.5323,62,0.5323,62,,0,ONTO,3,2,627,630
552,138,63,0.5397,0.5122,0.7101,0.2574,0.5397,0.541,61,0.5641,39,0.5641,39,ONTO,3,3,690,693
602,151,63,0.3651,0.3701,0.7888,0.2952,0.3651,0.3651,63,0.2,20,0.2,20,ONTO,3,4,753,756
652,164,63,0.5079,0.4807,0.6918,0.2493,0.4603,0.4,10,,0,,0,ONTO,3,5,816,819
703,176,63,0.4127,0.7089,0.7142,0.2599,0.6032,1.0,1,1.0,1,1.0,1,ONTO,3,6,879,882
753,189,63,0.4444,0.6147,2.5526,0.3197,0.6032,0.6364,11,,0,,0,ONTO,3,7,942,945
804,201,63,0.4127,0.5353,1.4165,0.2899,0.6032,0.5385,13,0.5385,13,0.5385,13,ONTO,3,8,1005,1008
400,101,63,0.6825,0.6054,1.5698,0.2584,0.3333,0.5556,9,0.5556,9,0.5556,9,OPEN,3,0,501,504
451,113,63,0.3492,0.4496,0.8172,0.3022,0.3492,0.3273,55,0.3333,54,0.25,8,OPEN,3,1,564,567
501,126,63,0.619,0.5837,1.384,0.271,0.4603,0.6667,15,0.4,5,0.4,5,OPEN,3,2,627,630
552,138,63,0.6508,0.4052,0.6777,0.2423,0.3492,,0,,0,,0,OPEN,3,3,690,693
602,151,63,0.619,0.4444,0.6778,0.2423,0.381,,0,,0,,0,OPEN,3,4,753,756
652,164,63,0.4603,0.4965,0.7482,0.2765,0.5397,0.5,20,0.5,20,,0,OPEN,3,5,816,819
703,176,63,0.5079,0.4723,0.7886,0.2872,0.4921,,0,,0,,0,OPEN,3,6,879,882
753,189,63,0.6667,0.5805,0.6475,0.2278,0.3333,,0,,0,,0,OPEN,3,7,942,945
804,201,63,0.5397,0.5639,0.6946,0.2492,0.4603,,0,,0,,0,OPEN,3,8,1005,1008
400,101,63,0.4127,0.383,1.5924,0.3576,0.381,0.2903,31,0.2903,31,0.2903,31,ORIC,3,0,501,504
451,113,63,0.4762,0.4823,0.7541,0.2747,0.4762,0.2857,7,0.2857,7,0.2857,7,ORIC,3,1,564,567
501,126,63,0.5238,0.5152,0.6884,0.2478,0.4762,,0,,0,,0,ORIC,3,2,627,630
552,138,63,0.5238,0.4485,0.7004,0.2549,0.5238,0.5263,57,0.44,25,0.4583,24,ORIC,3,3,690,693
602,151,63,0.3651,0.6247,0.9642,0.2794,0.2857,0.2963,54,0.2963,54,0.4667,15,ORIC,3,4,753,756
652,164,63,0.5873,0.57,1.9634,0.3266,0.5714,0.7273,22,,0,,0,ORIC,3,5,816,819
703,176,63,0.4921,0.5152,0.7473,0.276,0.5238,1.0,1,,0,,0,ORIC,3,6,879,882
753,189,63,0.5238,0.4712,0.6944,0.2506,0.4762,,0,,0,,0,ORIC,3,7,942,945
804,201,63,0.5714,0.6389,0.6681,0.2378,0.5397,0.6842,19,0.6875,16,0.7333,15,ORIC,3,8,1005,1008
400,101,63,0.5714,0.5954,1.8225,0.2813,0.4444,0.6,5,,0,,0,PFE,3,0,501,504
451,113,63,0.4762,0.5123,1.3315,0.3397,0.5714,0.6154,13,0.6154,13,0.5,6,PFE,3,1,564,567
501,126,63,0.5238,0.4196,3.6941,0.3443,0.3651,0.3333,21,0.0,1,0.0,1,PFE,3,2,627,630
552,138,63,0.5714,0.6133,0.6742,0.2407,0.4444,0.5143,35,0.6111,18,0.5625,16,PFE,3,3,690,693
602,151,63,0.6032,0.5694,0.6787,0.2428,0.4286,0.5625,16,,0,,0,PFE,3,4,753,756
652,164,63,0.5397,0.5485,0.7356,0.2695,0.5238,0.6429,14,0.5,4,0.5,4,PFE,3,5,816,819
703,176,63,0.4286,0.4735,0.7067,0.2575,0.4444,0.4286,56,,0,,0,PFE,3,6,879,882
753,189,63,0.4603,0.5112,0.7222,0.2641,0.5397,,0,,0,,0,PFE,3,7,942,945
804,201,63,0.5238,0.5603,0.6795,0.2435,0.4603,0.0,1,0.0,1,,0,PFE,3,8,1005,1008
400,101,63,0.746,0.7631,0.8076,0.2055,0.4762,0.6944,36,0.7368,19,0.7368,19,PL,3,0,501,504
451,113,63,0.5397,0.4736,2.7998,0.3231,0.4603,0.5,30,0.5,24,1.0,2,PL,3,1,564,567
501,126,63,0.4762,0.4848,0.9908,0.2885,0.5238,,0,,0,,0,PL,3,2,627,630
552,138,63,0.3968,0.5751,0.7536,0.2799,0.746,0.9091,11,,0,,0,PL,3,3,690,693
602,151,63,0.4444,0.6673,0.7877,0.2933,0.4444,0.4444,63,0.4444,63,0.4444,63,PL,3,4,753,756
652,164,63,0.5397,0.5294,0.687,0.247,0.5397,0.5397,63,0.5397,63,1.0,2,PL,3,5,816,819
703,176,63,0.5397,0.4634,1.7194,0.3182,0.6508,0.6154,52,,0,,0,PL,3,6,879,882
753,189,63,0.6349,0.5,0.682,0.2444,0.6349,0.6349,63,,0,,0,PL,3,7,942,945
804,201,63,0.5556,0.5163,0.689,0.2479,0.5556,0.5556,63,0.5556,63,0.5,4,PL,3,8,1005,1008
400,101,63,0.4603,0.4526,0.7768,0.2883,0.4921,0.4615,39,0.4118,17,0.4375,16,PLTR,3,0,501,504
451,113,63,0.6508,0.5942,0.6602,0.2336,0.6032,0.66,50,0.66,50,,0,PLTR,3,1,564,567
501,126,63,0.5873,0.5424,1.3543,0.2649,0.6825,0.7179,39,0.75,16,0.75,16,PLTR,3,2,627,630
552,138,63,0.746,0.5213,0.6091,0.2093,0.746,0.746,63,0.7419,62,1.0,3,PLTR,3,3,690,693
602,151,63,0.5079,0.3951,1.4436,0.2968,0.5714,0.5424,59,0.5424,59,0.5424,59,PLTR,3,4,753,756
652,164,63,0.7302,0.5774,0.585,0.1978,0.7302,0.7302,63,0.7302,63,0.7377,61,PLTR,3,5,816,819
703,176,63,0.5238,0.4889,0.7376,0.2708,0.5238,0.5238,63,0.5238,63,0.5238,63,PLTR,3,6,879,882
753,189,63,0.5079,0.4496,0.7417,0.2731,0.5079,0.5079,63,0.4909,55,0.48,50,PLTR,3,7,942,945
804,201,63,0.5079,0.5595,2.3155,0.3134,0.5079,0.5079,63,0.5079,63,0.5079,63,PLTR,3,8,1005,1008
400,101,63,0.4444,0.5,0.7314,0.2689,0.5556,,0,,0,,0,PUBM,3,0,501,504
451,113,63,0.4762,0.3821,0.7619,0.2826,0.4921,0.0,2,,0,,0,PUBM,3,1,564,567
501,126,63,0.4921,0.4424,4.6756,0.4045,0.4762,0.4839,62,0.4,30,0.4,30,PUBM,3,2,627,630
552,138,63,0.5397,0.4828,0.6905,0.2487,0.5397,0.5397,63,,0,,0,PUBM,3,3,690,693
602,151,63,0.4603,0.6395,0.7021,0.2544,0.4603,0.4603,63,0.5532,47,0.5532,47,PUBM,3,4,753,756
652,164,63,0.6032,0.6324,1.3869,0.2748,0.4603,0.5667,30,0.5667,30,0.5714,28,PUBM,3,5,816,819
703,176,63,0.3651,0.5608,0.8218,0.3119,0.4127,0.3793,58,0.3793,58,0.3455,55,PUBM,3,6,879,882
753,189,63,0.619,0.5693,0.9095,0.2506,0.3492,0.4286,14,0.4615,13,0.5,2,PUBM,3,7,942,945
804,201,63,0.3968,0.4968,0.7428,0.2746,0.619,0.6,5,0.6,5,0.6,5,PUBM,3,8,1005,1008
400,101,63,0.5238,0.5597,0.9451,0.265,0.5556,0.6923,13,0.6923,13,0.6923,13,PYPL,3,0,501,504
451,113,63,0.4603,0.6085,0.9332,0.2611,0.4603,0.4603,63,0.5227,44,0.6667,6,PYPL,3,1,564,567
501,126,63,0.381,0.5783,3.079,0.363,0.6349,1.0,1,,0,,0,PYPL,3,2,627,630
552,138,63,0.4762,0.4414,2.1913,0.3315,0.5238,,0,,0,,0,PYPL,3,3,690,693
602,151,63,0.5238,0.6058,0.7008,0.2534,0.4921,0.5085,59,0.5652,46,0.5652,46,PYPL,3,4,753,756
652,164,63,0.6032,0.6116,0.6811,0.2437,0.5238,0.5952,42,0.5952,42,0.6098,41,PYPL,3,5,816,819
703,176,63,0.4921,0.5748,0.7293,0.2677,0.4127,0.4464,56,0.4464,56,0.4545,55,PYPL,3,6,879,882
753,189,63,0.3651,0.592,2.0966,0.3037,0.3492,0.3548,62,0.4667,15,0.5,14,PYPL,3,7,942,945
804,201,63,0.3492,0.3966,0.7227,0.2645,0.5714,0.3684,19,0.4118,17,0.4118,17,PYPL,3,8,1005,1008
400,101,63,0.4921,0.5342,2.8852,0.3624,0.4444,0.4583,48,0.4524,42,0.4242,33,QS,3,0,501,504
451,113,63,0.4921,0.5737,0.7323,0.2689,0.381,0.4231,52,0.4231,52,0.4231,52,QS,3,1,564,567
501,126,63,0.5556,0.591,0.7459,0.2717,0.4286,0.4,5,0.3333,3,0.3333,3,QS,3,2,627,630
552,138,63,0.6032,0.5187,1.667,0.2891,0.4127,1.0,1,1.0,1,,0,QS,3,3,690,693
602,151,63,0.6508,0.6872,0.6154,0.2152,0.4444,0.7143,14,0.8,10,0.8,10,QS,3,4,753,756
652,164,63,0.4444,0.5942,0.9922,0.2897,0.6825,1.0,8,1.0,8,1.0,8,QS,3,5,816,819
703,176,63,0.4762,0.4792,0.7271,0.2641,0.5397,0.5333,15,0.5,10,0.5,2,QS,3,6,879,882
753,189,63,0.3651,0.5734,0.7188,0.2628,0.3651,0.3651,63,0.4444,27,,0,QS,3,7,942,945
804,201,63,0.5079,0.5141,0.8933,0.322,0.4921,0.5,38,0.5,38,0.5,38,QS,3,8,1005,1008
400,101,63,0.5397,0.5198,0.6825,0.2462,0.4603,,0,,0,,0,QUBT,3,0,501,504
451,113,63,0.5714,0.4419,0.7224,0.262,0.4286,0.5,12,0.5,12,0.5,12,QUBT,3,1,564,567
501,126,63,0.4603,0.5598,0.9503,0.2691,0.5397,,0,,0,,0,QUBT,3,2,627,630
552,138,63,0.4444,0.3689,7.0996,0.5171,0.5556,,0,,0,,0,QUBT,3,3,690,693
602,151,63,0.381,0.5625,0.7274,0.2671,0.381,0.381,63,0.381,63,1.0,1,QUBT,3,4,753,756
652,164,63,0.4444,0.5,0.6971,0.252,0.5556,,0,,0,,0,QUBT,3,5,816,819
703,176,63,0.5238,0.5152,0.692,0.2494,0.4762,,0,,0,,0,QUBT,3,6,879,882
753,189,63,0.5079,0.5522,0.6796,0.2433,0.3651,0.4091,44,,0,,0,QUBT,3,7,942,945
804,201,63,0.5714,0.5163,0.9083,0.2515,0.4444,0.5714,7,0.6667,3,0.6667,3,QUBT,3,8,1005,1008
400,101,63,0.4762,0.4657,2.0953,0.3055,0.4762,0.3636,11,0.3636,11,0.6667,3,QURE,3,0,501,504
451,113,63,0.5714,0.3913,0.7302,0.2657,0.3651,0.1667,6,0.1667,6,0.1667,6,QURE,3,1,564,567
501,126,63,0.6032,0.5263,0.6557,0.2344,0.3968,,0,,0,,0,QURE,3,2,627,630
552,138,63,0.4444,0.7136,0.7444,0.2752,0.6349,0.8571,7,,0,,0,QURE,3,3,690,693
602,151,63,0.5238,0.5352,1.0156,0.2916,0.4444,0.4706,34,0.4706,34,0.4706,34,QURE,3,4,753,756
652,164,63,0.619,0.6356,0.8861,0.2399,0.4921,0.6522,23,0.6522,23,0.6522,23,QURE,3,5,816,819
703,176,63,0.3968,0.4153,0.7534,0.2793,0.5397,0.4583,48,0.52,25,1.0,1,QURE,3,6,879,882
753,189,63,0.6825,0.6507,0.6627,0.2349,0.4127,0.625,24,1.0,2,,0,QURE,3,7,942,945
804,201,63,0.5238,0.5047,0.6724,0.2414,0.5873,0.5778,45,1.0,5,1.0,5,QURE,3,8,1005,1008
400,101,63,0.5397,0.6087,2.547,0.3147,0.4444,0.4667,15,0.4667,15,0.4667,15,ROKU,3,0,501,504
451,113,63,0.5714,0.5888,0.6953,0.2507,0.4444,0.5185,27,0.56,25,0.56,25,ROKU,3,1,564,567
501,126,63,0.4762,0.4647,0.7135,0.2616,0.5873,0.6111,18,0.6667,12,1.0,4,ROKU,3,2,627,630
552,138,63,0.4762,0.5152,0.7046,0.2557,0.5238,,0,,0,,0,ROKU,3,3,690,693
602,151,63,0.6349,0.5695,0.8967,0.2444,0.3968,0.625,8,0.7143,7,0.7143,7,ROKU,3,4,753,756
652,164,63,0.3333,0.4813,0.7211,0.2639,0.6667,,0,,0,,0,ROKU,3,5,816,819
703,176,63,0.5873,0.5625,0.6764,0.2417,0.619,0.6444,45,0.6857,35,,0,ROKU,3,6,879,882
753,189,63,0.4921,0.496,0.7112,0.2589,0.5079,0.5,62,0.5,58,,0,ROKU,3,7,942,945
804,201,63,0.3175,0.4914,0.7306,0.2692,0.7143,0.625,8,0.625,8,0.625,8,ROKU,3,8,1005,1008
400,101,63,0.4603,0.5449,0.7377,0.2716,0.4444,0.4483,58,0.4643,56,0.4717,53,ROST,3,0,501,504
451,113,63,0.5556,0.5204,0.6945,0.2506,0.5556,0.5556,63,0.5484,62,0.5667,60,ROST,3,1,564,567
501,126,63,0.4921,0.4889,0.715,0.2602,0.5079,0.5,12,0.4545,11,0.4545,11,ROST,3,2,627,630
552,138,63,0.5079,0.5396,0.9265,0.2576,0.4603,0.4815,54,0.0,1,0.0,1,ROST,3,3,690,693
602,151,63,0.5714,0.608,1.9863,0.2647,0.4603,1.0,2,1.0,2,1.0,2,ROST,3,4,753,756
652,164,63,0.6825,0.699,0.6305,0.225,0.5238,0.7241,29,1.0,4,1.0,4,ROST,3,5,816,819
703,176,63,0.4921,0.5431,0.7056,0.26,0.5397,0.75,4,0.75,4,0.75,4,ROST,3,6,879,882
753,189,63,0.4286,0.5412,0.8587,0.3234,0.5714,,0,,0,,0,ROST,3,7,942,945
804,201,63,0.3333,0.5055,0.7486,0.2775,0.6508,0.0,1,,0,,0,ROST,3,8,1005,1008
400,101,63,0.5079,0.4955,1.1827,0.2792,0.4921,0.5,58,0.5,58,0.5,58,S,3,0,501,504
451,113,63,0.4603,0.6668,0.9042,0.2552,0.4603,0.4603,63,0.52,50,0.52,50,S,3,1,564,567
501,126,63,0.4127,0.4606,0.7037,0.2556,0.5238,0.4091,22,0.8,5,0.8,5,S,3,2,627,630
552,138,63,0.4762,0.4954,0.941,0.2651,0.5397,0.5455,11,0.3333,6,0.3333,6,S,3,3,690,693
602,151,63,0.3333,0.2793,2.527,0.3847,0.4762,0.3636,44,0.2963,27,0.2963,27,S,3,4,753,756
652,164,63,0.5238,0.5588,0.6718,0.2399,0.4603,0.4915,59,,0,,0,S,3,5,816,819
703,176,63,0.5079,0.5771,0.8953,0.2462,0.5079,0.5079,63,0.6923,13,0.6923,13,S,3,6,879,882
753,189,63,0.619,0.5842,0.6726,0.2399,0.4444,0.7,10,0.6667,9,0.6667,9,S,3,7,942,945
804,201,63,0.4444,0.4578,0.9257,0.2627,0.5714,0.5122,41,0.5122,41,0.5714,7,S,3,8,1005,1008
400,101,63,0.4603,0.5242,0.6897,0.249,0.4286,0.4407,59,,0,,0,SHOP,3,0,501,504
451,113,63,0.4603,0.5436,3.7471,0.3775,0.4603,0.4603,63,0.4615,52,0.4615,52,SHOP,3,1,564,567
501,126,63,0.3175,0.3126,1.2774,0.3228,0.6032,0.381,21,0.3077,13,0.25,12,SHOP,3,2,627,630
552,138,63,0.6032,0.5695,1.5574,0.2597,0.6032,0.6032,63,0.6452,31,0.6452,31,SHOP,3,3,690,693
602,151,63,0.4762,0.4561,0.6986,0.2527,0.4762,0.4762,63,,0,,0,SHOP,3,4,753,756
652,164,63,0.6032,0.5787,0.8864,0.2421,0.5714,0.5932,59,0.75,8,,0,SHOP,3,5,816,819
703,176,63,0.5079,0.5669,0.9186,0.2582,0.5397,0.5319,47,0.5319,47,0.5319,47,SHOP,3,6,879,882
753,189,63,0.3968,0.3765,0.7816,0.2921,0.4444,0.3214,28,0.3333,27,0.3158,19,SHOP,3,7,942,945
804,201,63,0.5238,0.5658,0.7151,0.2615,0.4444,0.4773,44,0.4773,44,0.4773,44,SHOP,3,8,1005,1008
400,101,63,0.6349,0.5647,0.9162,0.2543,0.6032,0.6364,55,,0,,0,SLV,3,0,501,504
451,113,63,0.4444,0.4798,0.8931,0.3296,0.5079,0.2,5,0.2,5,,0,SLV,3,1,564,567
501,126,63,0.619,0.6391,0.6767,0.2419,0.6349,0.7,40,0.8333,6,1.0,2,SLV,3,2,627,630
552,138,63,0.5556,0.5635,1.6487,0.2832,0.5079,0.5417,48,0.5455,44,,0,SLV,3,3,690,693
602,151,63,0.5556,0.5168,2.0979,0.302,0.5556,0.5556,63,0.5556,45,0.5366,41,SLV,3,4,753,756
652,164,63,0.6349,0.5527,0.6766,0.2418,0.6349,0.6441,59,0.7143,14,,0,SLV,3,5,816,819
703,176,63,0.746,0.5083,0.6076,0.2083,0.7302,0.7419,62,0.75,56,0.75,56,SLV,3,6,879,882
753,189,63,0.746,0.488,0.5883,0.1994,0.746,0.746,63,0.7333,60,0.7241,58,SLV,3,7,942,945
804,201,63,0.5556,0.5699,0.7914,0.2881,0.5556,0.5556,63,0.5556,63,0.5556,63,SLV,3,8,1005,1008
400,101,63,0.6032,0.5198,0.6733,0.2402,0.5873,0.6,60,0.5965,57,0.5965,57,SMCI,3,0,501,504
451,113,63,0.3651,0.4751,2.1793,0.341,0.3492,0.35,60,0.35,60,0.25,8,SMCI,3,1,564,567
501,126,63,0.4444,0.4828,0.6982,0.2525,0.4603,0.4516,62,,0,,0,SMCI,3,2,627,630
552,138,63,0.4921,0.5126,0.9409,0.2647,0.4921,0.0,1,0.0,1,0.0,1,SMCI,3,3,690,693
602,151,63,0.5556,0.3796,0.8133,0.2889,0.4444,,0,,0,,0,SMCI,3,4,753,756
652,164,63,0.5079,0.5,0.6931,0.25,0.5079,0.5079,63,,0,,0,SMCI,3,5,816,819
703,176,63,0.5079,0.5,0.6931,0.25,0.5079,0.5079,63,,0,,0,SMCI,3,6,879,882
753,189,63,0.5556,0.5956,0.7,0.2483,0.381,0.4375,32,0.6667,6,0.6667,6,SMCI,3,7,942,945
804,201,63,0.4921,0.5231,0.7005,0.2536,0.5714,0.5556,36,0.5882,34,0.6,30,SMCI,3,8,1005,1008
400,101,63,0.5556,0.5525,0.9432,0.2599,0.5714,0.6,40,0.6875,32,0.6875,32,SMMT,3,0,501,504
451,113,63,0.7143,0.7253,0.6322,0.2198,0.4762,0.6875,32,0.6875,32,0.6875,32,SMMT,3,1,564,567
501,126,63,0.4286,0.4078,0.7182,0.2624,0.5079,0.4,20,0.0,4,,0,SMMT,3,2,627,630
552,138,63,0.4762,0.4691,0.7095,0.2578,0.4603,0.4643,56,0.0,2,0.0,2,SMMT,3,3,690,693
602,151,63,0.5556,0.5615,0.6832,0.2451,0.4921,0.5273,55,,0,,0,SMMT,3,4,753,756
652,164,63,0.381,0.4722,0.707,0.2569,0.619,,0,,0,,0,SMMT,3,5,816,819
703,176,63,0.4286,0.466,2.14,0.3216,0.4286,0.4286,63,0.4,20,0.2222,9,SMMT,3,6,879,882
753,189,63,0.4286,0.448,0.7195,0.2628,0.4286,0.4286,63,0.2727,11,0.2727,11,SMMT,3,7,942,945
804,201,63,0.4921,0.5286,0.6975,0.252,0.5556,1.0,3,,0,,0,SMMT,3,8,1005,1008
400,101,63,0.4444,0.432,2.382,0.3331,0.4921,0.4565,46,0.4565,46,,0,SNOW,3,0,501,504
451,113,63,0.3016,0.5,0.7815,0.2937,0.3016,0.3016,63,0.3016,63,,0,SNOW,3,1,564,567
501,126,63,0.4921,0.5152,0.7086,0.2577,0.5238,1.0,1,1.0,1,1.0,1,SNOW,3,2,627,630
552,138,63,0.4286,0.55,0.7522,0.2791,0.6349,1.0,4,,0,,0,SNOW,3,3,690,693
602,151,63,0.5397,0.5895,0.6683,0.2382,0.5714,0.8182,11,0.8889,9,0.8889,9,SNOW,3,4,753,756
652,164,63,0.5873,0.54,0.9375,0.2649,0.6032,0.6154,52,1.0,1,1.0,1,SNOW,3,5,816,819
703,176,63,0.5714,0.4592,0.6778,0.2453,0.5556,0.5667,60,0.5,24,,0,SNOW,3,6,879,882
753,189,63,0.5079,0.5586,0.7076,0.257,0.4286,0.4583,48,0.4667,45,,0,SNOW,3,7,942,945
804,201,63,0.6032,0.5784,0.979,0.2767,0.3968,0.5,20,0.5,20,0.5,20,SNOW,3,8,1005,1008
400,101,63,0.6032,0.6603,0.6424,0.2275,0.5079,0.64,25,0.64,25,0.7857,14,TEAM,3,0,501,504
451,113,63,0.4127,0.5908,5.0381,0.4551,0.3651,0.3793,58,0.3922,51,0.38,50,TEAM,3,1,564,567
501,126,63,0.381,0.4989,0.7135,0.2635,0.6667,1.0,3,1.0,3,1.0,3,TEAM,3,2,627,630
552,138,63,0.3175,0.5,10.8813,0.6825,0.6825,,0,,0,,0,TEAM,3,3,690,693
602,151,63,0.3651,0.5,0.7455,0.276,0.3651,0.3651,63,0.3651,63,,0,TEAM,3,4,753,756
652,164,63,0.5079,0.4894,0.7308,0.268,0.4762,0.4909,55,0.4909,55,0.5,54,TEAM,3,5,816,819
703,176,63,0.4444,0.5694,6.0701,0.4582,0.4286,0.4355,62,0.4355,62,0.4355,62,TEAM,3,6,879,882
753,189,63,0.4444,0.5452,3.3306,0.3757,0.4127,0.4262,61,0.4634,41,0.4634,41,TEAM,3,7,942,945
804,201,63,0.4127,0.4808,0.7298,0.2682,0.4127,0.4127,63,0.4032,62,,0,TEAM,3,8,1005,1008
400,101,63,0.5238,0.4868,0.7276,0.2624,0.5397,0.5333,60,,0,,0,TGT,3,0,501,504
451,113,63,0.5238,0.4157,1.2319,0.2928,0.5238,0.5238,63,0.5238,63,0.5,42,TGT,3,1,564,567
501,126,63,0.5714,0.4433,1.1442,0.2668,0.5873,0.5806,62,0.5,38,0.5143,35,TGT,3,2,627,630
552,138,63,0.4286,0.4074,0.7326,0.2689,0.5714,0.5,36,0.5,36,0.4857,35,TGT,3,3,690,693
602,151,63,0.3333,0.3073,0.8155,0.3089,0.3333,0.3333,63,0.3,50,0.0526,19,TGT,3,4,753,756
652,164,63,0.4444,0.5357,0.6934,0.2501,0.5556,,0,,0,,0,TGT,3,5,816,819
703,176,63,0.6032,0.5,0.6801,0.2435,0.3968,,0,,0,,0,TGT,3,6,879,882
753,189,63,0.3333,0.3719,2.7055,0.3807,0.6667,,0,,0,,0,TGT,3,7,942,945
804,201,63,0.5079,0.6225,0.6859,0.2464,0.5079,0.5079,63,0.7222,18,,0,TGT,3,8,1005,1008
400,101,63,0.5873,0.5751,0.6745,0.2423,0.5397,0.5714,56,0.5714,56,0.6667,6,TJX,3,0,501,504
451,113,63,0.4762,0.5797,0.652,0.2303,0.6825,0.7778,18,0.7778,18,0.7778,18,TJX,3,1,564,567
501,126,63,0.5238,0.681,1.37,0.2716,0.4603,0.4915,59,0.4915,59,0.4915,59,TJX,3,2,627,630
552,138,63,0.5714,0.5679,1.4761,0.2975,0.6032,0.6774,31,0.6774,31,1.0,1,TJX,3,3,690,693
602,151,63,0.5556,0.5606,0.6728,0.2407,0.4762,1.0,2,1.0,2,1.0,2,TJX,3,4,753,756
652,164,63,0.5397,0.5423,0.7474,0.2578,0.5079,0.5283,53,0.5,6,0.6,5,TJX,3,5,816,819
703,176,63,0.5873,0.5454,0.6771,0.2424,0.5556,0.5738,61,0.6667,3,1.0,2,TJX,3,6,879,882
753,189,63,0.5873,0.5485,0.7021,0.2534,0.5238,0.5946,37,0.5946,37,0.0,1,TJX,3,7,942,945
804,201,63,0.5714,0.5541,0.979,0.278,0.4127,0.4872,39,0.0,4,0.0,4,TJX,3,8,1005,1008
400,101,63,0.4127,0.3474,2.6193,0.3475,0.3968,0.3125,32,0.1,10,0.1,10,TPR,3,0,501,504
451,113,63,0.4444,0.6357,0.7006,0.2537,0.4444,0.4444,63,0.55,40,,0,TPR,3,1,564,567
501,126,63,0.4127,0.6621,1.436,0.2886,0.6032,1.0,1,,0,,0,TPR,3,2,627,630
552,138,63,0.4444,0.5382,0.7635,0.2843,0.6508,0.8,10,,0,,0,TPR,3,3,690,693
602,151,63,0.5556,0.5107,0.6858,0.2464,0.5556,0.5556,63,0.6667,3,0.6667,3,TPR,3,4,753,756
652,164,63,0.6667,0.5395,0.6482,0.2277,0.6984,0.717,53,0.717,53,,0,TPR,3,5,816,819
703,176,63,0.5397,0.3337,0.7221,0.2635,0.5397,0.5397,63,0.5397,63,0.5397,63,TPR,3,6,879,882
753,189,63,0.6667,0.4989,0.643,0.2267,0.6508,0.6613,62,0.6491,57,0.6491,57,TPR,3,7,942,945
804,201,63,0.4286,0.5509,0.7878,0.2952,0.4286,0.4286,63,0.4286,63,0.4286,63,TPR,3,8,1005,1008
400,101,63,0.5873,0.5593,0.6927,0.2495,0.4603,0.6,15,0.5,10,0.5,10,TSLA,3,0,501,504
451,113,63,0.5079,0.5111,0.924,0.264,0.5238,0.5556,18,0.5625,16,0.5625,16,TSLA,3,1,564,567
501,126,63,0.4127,0.397,0.7459,0.2741,0.5238,0.4545,44,0.4545,44,,0,TSLA,3,2,627,630
552,138,63,0.5556,0.5547,1.1908,0.2757,0.6032,0.5926,54,0.8182,11,,0,TSLA,3,3,690,693
602,151,63,0.3651,0.512,0.7356,0.27,0.3651,0.3651,63,0.375,8,0.2857,7,TSLA,3,4,753,756
652,164,63,0.4762,0.4545,0.711,0.2588,0.5238,0.5,16,0.0,1,,0,TSLA,3,5,816,819
703,176,63,0.4286,0.4758,0.7902,0.2944,0.5714,,0,,0,,0,TSLA,3,6,879,882
753,189,63,0.5556,0.5,0.687,0.2469,0.4444,,0,,0,,0,TSLA,3,7,942,945
804,201,63,0.5873,0.5963,0.6818,0.2444,0.4921,0.6316,19,0.6,15,,0,TSLA,3,8,1005,1008
400,101,63,0.5556,0.5254,0.6782,0.2441,0.5397,0.5484,62,0.6,5,0.6,5,TSM,3,0,501,504
451,113,63,0.5714,0.4163,0.7621,0.2677,0.5873,0.5833,60,0.3636,11,0.3636,11,TSM,3,1,564,567
501,126,63,0.5873,0.4727,0.6866,0.2478,0.5714,0.5806,62,0.5636,55,0.5,12,TSM,3,2,627,630
552,138,63,0.5079,0.5313,0.9342,0.2616,0.5238,0.5161,62,0.5246,61,1.0,1,TSM,3,3,690,693
602,151,63,0.4286,0.6759,1.8235,0.2826,0.4286,0.4286,63,0.6522,23,0.6364,22,TSM,3,4,753,756
652,164,63,0.4127,0.5375,0.7021,0.2545,0.6349,1.0,3,1.0,3,1.0,3,TSM,3,5,816,819
703,176,63,0.4921,0.624,0.6931,0.25,0.5556,1.0,3,1.0,1,1.0,1,TSM,3,6,879,882
753,189,63,0.381,0.4157,0.7074,0.2568,0.6508,0.5556,18,0.5556,18,0.0,3,TSM,3,7,942,945
804,201,63,0.5556,0.4265,0.6859,0.2466,0.5556,0.5556,63,0.5556,63,1.0,2,TSM,3,8,1005,1008
400,101,63,0.5873,0.5766,1.7815,0.2646,0.4921,0.8571,7,1.0,6,1.0,6,UAL,3,0,501,504
451,113,63,0.6349,0.5114,4.9605,0.3512,0.3651,,0,,0,,0,UAL,3,1,564,567
501,126,63,0.2222,0.5,0.874,0.3382,0.7778,,0,,0,,0,UAL,3,2,627,630
552,138,63,0.6667,0.5388,0.6543,0.2314,0.6508,0.6667,60,0.6522,23,0.6522,23,UAL,3,3,690,693
602,151,63,0.4444,0.5126,1.4786,0.3138,0.4762,0.4576,59,0.48,50,0.48,50,UAL,3,4,753,756
652,164,63,0.6667,0.5796,0.6362,0.2244,0.619,0.68,50,0.68,50,0.6296,27,UAL,3,5,816,819
703,176,63,0.5397,0.6219,0.6704,0.239,0.5556,0.5517,58,0.5833,48,0.8,15,UAL,3,6,879,882
753,189,63,0.6825,0.7105,0.6089,0.2096,0.5873,0.7297,37,0.7647,34,0.8,30,UAL,3,7,942,945
804,201,63,0.5714,0.5584,1.5892,0.2716,0.3968,0.45,20,0.45,20,0.4615,13,UAL,3,8,1005,1008
400,101,63,0.5556,0.5396,2.7344,0.307,0.5397,0.55,60,0.5769,26,0.6,25,UNH,3,0,501,504
451,113,63,0.4127,0.4491,1.2827,0.3241,0.5873,,0,,0,,0,UNH,3,1,564,567
501,126,63,0.5556,0.4872,0.6903,0.2486,0.5556,0.5556,63,0.5476,42,0.6667,3,UNH,3,2,627,630
552,138,63,0.5873,0.6221,1.7671,0.266,0.5873,0.5873,63,0.6216,37,0.6389,36,UNH,3,3,690,693
602,151,63,0.5079,0.4864,2.806,0.3334,0.5079,0.5079,63,0.5079,63,0.5172,29,UNH,3,4,753,756
652,164,63,0.4127,0.6068,0.7725,0.2884,0.3968,0.4032,62,0.4098,61,0.4098,61,UNH,3,5,816,819
703,176,63,0.381,0.4755,0.7359,0.2709,0.5556,0.1667,6,0.1667,6,0.1667,6,UNH,3,6,879,882
753,189,63,0.4762,0.4727,0.6966,0.2519,0.4762,0.3333,9,,0,,0,UNH,3,7,942,945
804,201,63,0.4444,0.5294,0.7024,0.2576,0.619,0.7,10,0.6667,6,0.6667,6,UNH,3,8,1005,1008
400,101,63,0.4286,0.4326,2.5425,0.3996,0.4286,0.4262,61,0.4167,60,0.4167,60,V,3,0,501,504
451,113,63,0.5079,0.5,0.7023,0.2545,0.5079,0.5079,63,0.5079,63,,0,V,3,1,564,567
501,126,63,0.6508,0.625,0.724,0.2639,0.746,0.7907,43,,0,,0,V,3,2,627,630
552,138,63,0.4603,0.4647,5.4202,0.4451,0.6349,0.5938,32,0.6296,27,0.6364,11,V,3,3,690,693
602,151,63,0.6984,0.6813,0.619,0.2145,0.6508,0.7391,46,0.8,25,0.8,25,V,3,4,753,756
652,164,63,0.5714,0.539,0.6909,0.2482,0.5873,0.625,40,0.6216,37,0.625,16,V,3,5,816,819
703,176,63,0.5238,0.3934,0.7545,0.2778,0.5556,0.541,61,0.541,61,0.5106,47,V,3,6,879,882
753,189,63,0.4603,0.5492,1.225,0.2994,0.4603,0.4603,63,0.4603,63,0.4603,63,V,3,7,942,945
804,201,63,0.4921,0.623,0.6863,0.2482,0.4921,0.4921,63,0.4921,63,0.6842,19,V,3,8,1005,1008
400,101,63,0.5397,0.5359,0.7124,0.259,0.5873,0.5952,42,0.5952,42,0.5952,42,VKTX,3,0,501,504
451,113,63,0.381,0.3872,1.0016,0.3805,0.3175,0.2564,39,0.1935,31,0.1935,31,VKTX,3,1,564,567
501,126,63,0.5079,0.5081,1.4045,0.2816,0.5079,0.5111,45,,0,,0,VKTX,3,2,627,630
552,138,63,0.6508,0.5488,0.662,0.2348,0.3492,,0,,0,,0,VKTX,3,3,690,693
602,151,63,0.6508,0.6482,1.9682,0.2558,0.4921,0.7143,21,0.7143,21,0.7143,21,VKTX,3,4,753,756
652,164,63,0.3968,0.5995,0.7352,0.2704,0.6032,,0,,0,,0,VKTX,3,5,816,819
703,176,63,0.6032,0.5516,0.7057,0.2495,0.6508,0.6481,54,0.7059,17,0.7059,17,VKTX,3,6,879,882
753,189,63,0.4603,0.5615,0.9408,0.267,0.3492,0.35,40,0.3667,30,0.3667,30,VKTX,3,7,942,945
804,201,63,0.6825,0.6902,1.1054,0.2421,0.5873,0.7742,31,0.7917,24,1.0,3,VKTX,3,8,1005,1008
400,101,63,0.5556,0.5,0.6878,0.2473,0.5556,0.5556,63,0.5556,63,,0,VZ,3,0,501,504
451,113,63,0.5714,0.4722,0.6893,0.248,0.5714,0.5714,63,0.5574,61,,0,VZ,3,1,564,567
501,126,63,0.5238,0.3415,0.7134,0.2599,0.5873,0.5593,59,0.4444,18,0.4118,17,VZ,3,2,627,630
552,138,63,0.4603,0.6587,1.8352,0.2929,0.4603,0.4603,63,0.4603,63,0.5238,42,VZ,3,3,690,693
602,151,63,0.5556,0.6169,0.642,0.228,0.5873,0.9091,11,0.9091,11,0.9091,11,VZ,3,4,753,756
652,164,63,0.4444,0.5139,0.7155,0.2611,0.4286,0.4355,62,0.4355,62,,0,VZ,3,5,816,819
703,176,63,0.3968,0.4249,3.2758,0.3548,0.4603,0.3846,39,0.3846,39,0.45,20,VZ,3,6,879,882
753,189,63,0.5714,0.534,1.6077,0.2745,0.5714,0.5714,63,0.65,20,0.65,20,VZ,3,7,942,945
804,201,63,0.4921,0.5454,0.6709,0.2438,0.4921,0.3333,3,0.3333,3,,0,VZ,3,8,1005,1008
400,101,63,0.5238,0.5263,0.7113,0.2593,0.5238,0.5366,41,0.5366,41,0.5366,41,WMT,3,0,501,504
451,113,63,0.619,0.6705,0.6816,0.244,0.5873,0.8421,19,0.8421,19,0.75,4,WMT,3,1,564,567
501,126,63,0.5238,0.3535,2.6183,0.3401,0.6825,0.6383,47,0.6383,47,0.5556,27,WMT,3,2,627,630
552,138,63,0.6984,0.6,0.6301,0.2198,0.7143,0.7097,62,0.9286,14,0.9286,14,WMT,3,3,690,693
602,151,63,0.5714,0.4578,3.0283,0.3337,0.5714,0.5714,63,0.5714,63,0.5682,44,WMT,3,4,753,756
652,164,63,0.619,0.5192,0.6644,0.2358,0.619,0.619,63,0.619,63,0.619,63,WMT,3,5,816,819
703,176,63,0.5079,0.5897,0.7038,0.2589,0.5079,0.5079,63,0.5079,63,0.5357,56,WMT,3,6,879,882
753,189,63,0.619,0.5457,0.6549,0.2332,0.5873,0.6102,59,0.6102,59,,0,WMT,3,7,942,945
804,201,63,0.5556,0.5051,0.6931,0.2498,0.5556,0.5556,63,0.569,58,0.5758,33,WMT,3,8,1005,1008
400,101,63,0.5079,0.6122,0.6809,0.2442,0.4444,0.4727,55,0.4727,55,1.0,4,ZM,3,0,501,504
451,113,63,0.4444,0.3753,0.7148,0.2607,0.4762,0.4561,57,0.2222,9,0.2857,7,ZM,3,1,564,567
501,126,63,0.2857,0.4462,6.2003,0.5051,0.6984,0.0,1,0.0,1,,0,ZM,3,2,627,630
552,138,63,0.4921,0.5,0.7083,0.2575,0.4921,0.4921,63,0.4921,63,,0,ZM,3,3,690,693
602,151,63,0.6032,0.6026,0.6214,0.2195,0.6032,0.6032,63,0.6032,63,0.9,10,ZM,3,4,753,756
652,164,63,0.4921,0.6211,0.7033,0.255,0.3968,0.434,53,0.434,53,0.5,24,ZM,3,5,816,819
703,176,63,0.4286,0.5797,0.853,0.3221,0.5714,,0,,0,,0,ZM,3,6,879,882
753,189,63,0.5079,0.5832,0.6821,0.246,0.4603,0.4833,60,1.0,1,1.0,1,ZM,3,7,942,945
804,201,63,0.5714,0.566,1.8076,0.2746,0.5873,0.619,42,0.6667,21,0.6667,21,ZM,3,8,1005,1008
400,101,63,0.5238,0.5152,0.7061,0.2553,0.5397,0.5323,62,0.5405,37,0.5882,17,SPY,3,0,501,504
451,113,63,0.6508,0.5698,0.6498,0.2286,0.6508,0.6508,63,0.6508,63,0.8,15,SPY,3,1,564,567
501,126,63,0.6032,0.4762,2.0826,0.2933,0.6667,0.6545,55,0.6545,55,0.6545,55,SPY,3,2,627,630
552,138,63,0.5079,0.3842,1.4542,0.3018,0.5556,0.5357,56,0.5417,48,0.5,26,SPY,3,3,690,693
602,151,63,0.5238,0.4152,0.7971,0.2958,0.5238,0.5238,63,0.5238,63,0.45,40,SPY,3,4,753,756
652,164,63,0.7619,0.5,0.6268,0.217,0.7619,0.7619,63,0.7619,63,,0,SPY,3,5,816,819
703,176,63,0.6349,0.4842,0.6577,0.2324,0.6349,0.6349,63,0.6349,63,0.6349,63,SPY,3,6,879,882
753,189,63,0.4921,0.4478,0.7583,0.2805,0.5397,0.5179,56,0.5106,47,0.5106,47,SPY,3,7,942,945
804,201,63,0.619,0.5074,0.6744,0.2415,0.6032,0.6129,62,0.6129,62,0.6129,62,SPY,3,8,1005,1008
400,101,63,0.4921,0.504,1.4104,0.2868,0.4921,0.4857,35,0.4545,33,0.5217,23,QQQ,3,0,501,504
451,113,63,0.6667,0.5832,1.5522,0.2515,0.6349,0.6792,53,0.6792,53,0.7,10,QQQ,3,1,564,567
501,126,63,0.6508,0.6526,0.6652,0.2361,0.6032,0.6818,44,0.7778,18,0.7647,17,QQQ,3,2,627,630
552,138,63,0.4921,0.43,0.994,0.2865,0.6032,0.5577,52,0.5577,52,0.5577,52,QQQ,3,3,690,693
602,151,63,0.4921,0.4148,0.7728,0.2868,0.4921,0.4921,63,0.4464,56,0.4259,54,QQQ,3,4,753,756
652,164,63,0.7937,0.4492,0.6071,0.2074,0.7937,0.7937,63,0.7937,63,,0,QQQ,3,5,816,819
703,176,63,0.619,0.5,0.665,0.2361,0.619,0.619,63,0.619,63,0.619,63,QQQ,3,6,879,882
753,189,63,0.5079,0.4904,1.2887,0.3169,0.5238,0.5278,36,0.5278,36,0.5455,33,QQQ,3,7,942,945
804,201,63,0.6667,0.5312,0.6483,0.2275,0.6667,0.6667,63,0.7021,47,0.6667,30,QQQ,3,8,1005,1008
400,101,63,0.5556,0.5011,2.1082,0.3087,0.619,0.617,47,,0,,0,GLD,3,0,501,504
451,113,63,0.619,0.5,0.6657,0.2364,0.619,0.619,63,0.619,63,,0,GLD,3,1,564,567
501,126,63,0.6667,0.5323,0.6366,0.2223,0.6667,0.6667,63,0.6667,63,0.6613,62,GLD,3,2,627,630
552,138,63,0.6032,0.4842,0.6761,0.2414,0.6032,0.6032,63,0.6032,63,0.6032,63,GLD,3,3,690,693
602,151,63,0.6032,0.4758,0.9483,0.261,0.6032,0.6032,63,0.6032,63,0.5625,16,GLD,3,4,753,756
652,164,63,0.4603,0.499,0.7985,0.294,0.4603,0.4603,63,0.4603,63,0.4603,63,GLD,3,5,816,819
703,176,63,0.6984,0.4587,0.6563,0.2317,0.6984,0.6984,63,0.6875,48,,0,GLD,3,6,879,882
753,189,63,0.7302,0.5,0.6171,0.2125,0.7302,0.7302,63,0.7302,63,0.7302,63,GLD,3,7,942,945
804,201,63,0.5397,0.4883,0.7032,0.2548,0.5397,0.5397,63,0.5397,63,0.541,61,GLD,3,8,1005,1008
400,101,63,0.5556,0.5261,1.0047,0.2791,0.6508,0.697,33,0.697,33,0.697,33,XLF,3,0,501,504
451,113,63,0.5397,0.534,0.7104,0.2591,0.5397,0.5397,63,0.5397,63,0.5397,63,XLF,3,1,564,567
501,126,63,0.6825,0.5884,0.6349,0.2213,0.6667,0.7115,52,0.7059,51,0.7059,51,XLF,3,2,627,630
552,138,63,0.5079,0.2349,0.9868,0.286,0.5873,0.5517,58,0.5517,58,0.3889,36,XLF,3,3,690,693
602,151,63,0.5556,0.4599,0.9574,0.2698,0.5714,0.5645,62,0.5645,62,0.5645,62,XLF,3,4,753,756
652,164,63,0.5873,0.5125,0.696,0.2473,0.5873,0.5873,63,0.5873,63,0.5625,16,XLF,3,5,816,819
703,176,63,0.5397,0.4235,0.7815,0.2795,0.5556,0.5484,62,0.5484,62,0.2857,7,XLF,3,6,879,882
753,189,63,0.5079,0.5398,0.695,0.2509,0.5079,0.5079,63,,0,,0,XLF,3,7,942,945
804,201,63,0.5079,0.4945,0.967,0.2726,0.4921,0.5,52,0.5,52,0.5455,33,XLF,3,8,1005,1008
400,101,63,0.6825,0.5721,0.921,0.2532,0.6825,0.717,53,0.7368,19,0.8,5,XLE,3,0,501,504
451,113,63,0.5873,0.5995,0.6589,0.2347,0.5556,0.5738,61,0.6522,23,0.7143,7,XLE,3,1,564,567
501,126,63,0.5397,0.604,0.9412,0.263,0.4762,0.5094,53,0.561,41,0.6,5,XLE,3,2,627,630
552,138,63,0.3651,0.3488,0.7602,0.2783,0.5079,0.4,40,0.5,2,0.5,2,XLE,3,3,690,693
602,151,63,0.4921,0.5345,0.9285,0.2602,0.5714,0.5909,22,0.5909,22,0.6667,3,XLE,3,4,753,756
652,164,63,0.4603,0.4419,3.0379,0.3431,0.5238,0.4865,37,0.4865,37,0.45,20,XLE,3,5,816,819
703,176,63,0.6984,0.6795,0.64,0.2191,0.5714,0.6889,45,0.6889,45,0.6818,44,XLE,3,6,879,882
753,189,63,0.5238,0.6238,0.7327,0.2683,0.6984,0.8889,18,0.9375,16,0.9375,16,XLE,3,7,942,945
804,201,63,0.381,0.5417,0.6749,0.244,0.619,,0,,0,,0,XLE,3,8,1005,1008
400,101,63,0.4921,0.5473,0.7205,0.2658,0.5714,0.5909,22,0.5556,9,,0,XLV,3,0,501,504
451,113,63,0.5397,0.4018,0.842,0.2909,0.5873,0.569,58,0.569,58,0.5116,43,XLV,3,1,564,567
501,126,63,0.619,0.5284,0.6883,0.2473,0.5397,0.5862,58,0.5862,58,0.5435,46,XLV,3,2,627,630
552,138,63,0.5397,0.5147,0.6925,0.2496,0.5397,0.5397,63,0.5397,63,,0,XLV,3,3,690,693
602,151,63,0.4603,0.6,0.7189,0.2622,0.4444,0.4516,62,0.5185,27,0.5185,27,XLV,3,4,753,756
652,164,63,0.5397,0.5414,0.6953,0.2508,0.5238,0.5714,28,,0,,0,XLV,3,5,816,819
703,176,63,0.4921,0.5255,0.6846,0.2457,0.6508,0.68,25,0.68,25,,0,XLV,3,6,879,882
753,189,63,0.5714,0.5517,0.6898,0.2483,0.5397,0.5814,43,,0,,0,XLV,3,7,942,945
804,201,63,0.3492,0.4636,0.7909,0.296,0.3651,0.3548,62,0.3548,62,0.35,20,XLV,3,8,1005,1008
400,101,63,0.619,0.4808,0.6856,0.2462,0.619,0.619,63,,0,,0,XLI,3,0,501,504
451,113,63,0.4603,0.4168,0.807,0.2993,0.4603,0.4603,63,0.3793,29,0.3929,28,XLI,3,1,564,567
501,126,63,0.619,0.6559,0.6531,0.2301,0.6667,0.8,30,0.8214,28,1.0,1,XLI,3,2,627,630
552,138,63,0.4762,0.2288,2.9133,0.4349,0.5238,0.5,60,0.2353,34,0.2759,29,XLI,3,3,690,693
602,151,63,0.6032,0.4874,0.9202,0.2525,0.6032,0.6032,63,0.6032,63,0.5,4,XLI,3,4,753,756
652,164,63,0.6825,0.6032,0.6478,0.2276,0.6667,0.6774,62,0.7419,31,1.0,3,XLI,3,5,816,819
703,176,63,0.5397,0.4599,0.6955,0.2511,0.619,0.5962,52,0.5962,52,,0,XLI,3,6,879,882
753,189,63,0.6032,0.485,0.914,0.2512,0.619,0.6129,62,0.6129,62,0.6102,59,XLI,3,7,942,945
804,201,63,0.5556,0.4245,0.7117,0.2585,0.5556,0.5556,63,0.5556,63,0.5484,62,XLI,3,8,1005,1008
400,101,63,0.3016,0.5357,3.398,0.3849,0.6667,0.25,4,0.25,4,0.0,1,XLU,3,0,501,504
451,113,63,0.5397,0.4797,0.7382,0.2689,0.5397,0.5397,63,0.5397,63,0.5397,63,XLU,3,1,564,567
501,126,63,0.619,0.5449,0.6616,0.2345,0.619,0.619,63,0.619,63,1.0,3,XLU,3,2,627,630
552,138,63,0.4444,0.4848,0.7658,0.2849,0.4603,0.4516,62,0.4407,59,0.4407,59,XLU,3,3,690,693
602,151,63,0.6032,0.534,0.6857,0.2455,0.6667,0.6977,43,0.6316,19,0.6429,14,XLU,3,4,753,756
652,164,63,0.5397,0.5324,0.6917,0.2492,0.5714,0.6,35,0.6,35,,0,XLU,3,5,816,819
703,176,63,0.4921,0.5,0.7017,0.2542,0.4921,0.4921,63,0.4921,63,,0,XLU,3,6,879,882
753,189,63,0.4444,0.4026,0.7268,0.2666,0.4603,0.4516,62,0.4211,38,0.4286,7,XLU,3,7,942,945
804,201,63,0.5714,0.5958,0.6796,0.2433,0.5397,0.6667,21,0.7222,18,,0,XLU,3,8,1005,1008
400,101,63,0.5714,0.3951,3.0117,0.3302,0.5714,0.5714,63,0.5714,63,0.5714,63,COIN,3,0,501,504
451,113,63,0.381,0.4487,1.0118,0.2984,0.381,0.381,63,0.381,63,0.0,4,COIN,3,1,564,567
501,126,63,0.3651,0.5586,0.7518,0.2781,0.5714,0.1667,6,,0,,0,COIN,3,2,627,630
552,138,63,0.5238,0.5,0.692,0.2495,0.4762,,0,,0,,0,COIN,3,3,690,693
602,151,63,0.4603,0.5,0.6944,0.2506,0.4603,0.4603,63,,0,,0,COIN,3,4,753,756
652,164,63,0.4444,0.5452,0.6929,0.2499,0.5873,0.5625,16,,0,,0,COIN,3,5,816,819
703,176,63,0.4286,0.4178,1.6725,0.3046,0.5079,0.4583,48,0.4583,48,,0,COIN,3,6,879,882
753,189,63,0.3016,0.4994,0.74,0.2747,0.3016,0.3016,63,0.2778,18,0.2778,18,COIN,3,7,942,945
804,201,63,0.5397,0.5077,2.5237,0.3076,0.5556,0.6071,28,0.5652,23,0.5556,18,COIN,3,8,1005,1008
400,101,63,0.4762,0.5,0.6968,0.2518,0.4762,0.4762,63,,0,,0,AVGO,3,0,501,504
451,113,63,0.5079,0.5096,0.7311,0.2671,0.4921,0.5,38,0.5,26,,0,AVGO,3,1,564,567
501,126,63,0.5238,0.5247,0.6964,0.2516,0.5079,0.5278,36,,0,,0,AVGO,3,2,627,630
552,138,63,0.5714,0.5,0.6902,0.2485,0.5714,0.5714,63,,0,,0,AVGO,3,3,690,693
602,151,63,0.4762,0.454,0.7724,0.2807,0.4762,0.4762,63,0.4583,24,0.4286,21,AVGO,3,4,753,756
652,164,63,0.6349,0.5867,0.6611,0.2342,0.6984,0.678,59,0.8889,18,0.8889,18,AVGO,3,5,816,819
703,176,63,0.4603,0.4556,0.7378,0.271,0.4444,0.3929,28,0.3889,18,0.3889,18,AVGO,3,6,879,882
753,189,63,0.4603,0.5367,0.7084,0.2576,0.4444,0.4375,48,0.4375,48,0.7143,7,AVGO,3,7,942,945
804,201,63,0.5714,0.5967,1.1367,0.2568,0.5714,0.68,25,0.68,25,0.68,25,AVGO,3,8,1005,1008
400,101,63,0.5079,0.6275,0.6655,0.2367,0.5079,0.5085,59,0.7143,21,0.7143,21,ANET,3,0,501,504
451,113,63,0.5238,0.5454,0.7162,0.2604,0.5079,0.5161,62,0.549,51,0.5152,33,ANET,3,1,564,567
501,126,63,0.5238,0.4879,0.6916,0.2492,0.6032,0.625,32,0.5,20,,0,ANET,3,2,627,630
552,138,63,0.5873,0.6011,0.6584,0.233,0.6032,0.6875,32,0.6875,32,0.6774,31,ANET,3,3,690,693
602,151,63,0.3968,0.4242,1.2386,0.3025,0.3968,0.3968,63,0.2381,21,0.2381,21,ANET,3,4,753,756
652,164,63,0.619,0.4435,0.7026,0.2537,0.6349,0.6429,56,0.3636,11,0.4,10,ANET,3,5,816,819
703,176,63,0.619,0.5,0.6743,0.2406,0.619,0.619,63,0.619,63,,0,ANET,3,6,879,882
753,189,63,0.5079,0.5,0.6982,0.2525,0.5079,0.5079,63,0.5079,63,,0,ANET,3,7,942,945
804,201,63,0.5873,0.5135,0.6775,0.2422,0.5873,0.5873,63,0.5873,63,,0,ANET,3,8,1005,1008
400,101,63,0.6349,0.3886,0.6754,0.2412,0.6508,0.65,60,0.5455,33,,0,AMAT,3,0,501,504
451,113,63,0.5556,0.3745,1.4034,0.2792,0.5714,0.5667,60,0.5667,60,0.5667,60,AMAT,3,1,564,567
501,126,63,0.5397,0.5354,0.7277,0.266,0.5238,0.5323,62,0.5323,62,0.5424,59,AMAT,3,2,627,630
552,138,63,0.5079,0.4814,0.7228,0.2628,0.5079,0.5079,63,0.5079,63,0.4444,9,AMAT,3,3,690,693
602,151,63,0.5873,0.4969,0.6876,0.2472,0.4127,0.5,2,0.5,2,0.5,2,AMAT,3,4,753,756
652,164,63,0.4603,0.5391,0.6953,0.2525,0.5714,0.6667,6,1.0,4,1.0,4,AMAT,3,5,816,819
703,176,63,0.3175,0.5476,0.7591,0.2819,0.6667,0.3333,3,0.3333,3,0.3333,3,AMAT,3,6,879,882
753,189,63,0.5079,0.4917,5.137,0.4201,0.5873,0.6,30,0.4286,14,0.5,2,AMAT,3,7,942,945
804,201,63,0.6508,0.5416,0.6518,0.2297,0.6508,0.6508,63,0.6739,46,0.6842,38,AMAT,3,8,1005,1008
400,101,63,0.5556,0.5786,0.6846,0.2457,0.5556,0.5556,63,0.8,10,,0,LRCX,3,0,501,504
451,113,63,0.5238,0.4189,1.0628,0.3103,0.5556,0.5455,55,0.5778,45,0.5778,45,LRCX,3,1,564,567
501,126,63,0.5238,0.5,0.7057,0.2561,0.5238,0.5238,63,0.5238,63,0.5238,63,LRCX,3,2,627,630
552,138,63,0.4921,0.4839,0.7595,0.2779,0.4921,0.4921,63,0.4737,38,0.4444,36,LRCX,3,3,690,693
602,151,63,0.4603,0.4439,0.7097,0.2583,0.5238,0.4667,15,0.4286,14,1.0,1,LRCX,3,4,753,756
652,164,63,0.619,0.5,0.6874,0.2471,0.619,0.619,63,,0,,0,LRCX,3,5,816,819
703,176,63,0.5238,0.5424,4.7317,0.4239,0.6825,0.7241,29,0.7241,29,1.0,1,LRCX,3,6,879,882
753,189,63,0.6667,0.6679,0.6356,0.2217,0.6349,0.7714,35,0.7714,35,0.7714,35,LRCX,3,7,942,945
804,201,63,0.619,0.5593,0.6637,0.2354,0.619,0.6316,57,0.6316,57,0.6538,52,LRCX,3,8,1005,1008
400,101,63,0.6667,0.4291,0.6867,0.2448,0.6825,0.6833,60,0.6833,60,0.5789,19,VRT,3,0,501,504
451,113,63,0.4762,0.452,0.7495,0.2789,0.4444,0.459,61,0.4746,59,0.4746,59,VRT,3,1,564,567
501,126,63,0.6825,0.5151,0.632,0.2199,0.6825,0.6825,63,0.6897,58,0.6897,58,VRT,3,2,627,630
552,138,63,0.6508,0.5999,0.9238,0.2552,0.5397,0.6304,46,0.6053,38,0.6053,38,VRT,3,3,690,693
602,151,63,0.5238,0.2383,3.1588,0.3874,0.5556,0.5424,59,0.5,52,0.3714,35,VRT,3,4,753,756
652,164,63,0.6667,0.5595,0.6481,0.2277,0.6667,0.6667,63,0.6774,62,,0,VRT,3,5,816,819
703,176,63,0.5238,0.5152,0.6956,0.2512,0.5238,0.5238,63,0.5238,63,1.0,1,VRT,3,6,879,882
753,189,63,0.4921,0.6015,0.6878,0.2476,0.4762,0.4839,62,0.7059,17,,0,VRT,3,7,942,945
804,201,63,0.5714,0.5564,0.6868,0.2471,0.6825,0.7105,38,0.7105,38,0.8235,17,VRT,3,8,1005,1008
400,101,63,0.6825,0.5173,0.866,0.228,0.6984,0.7069,58,0.7069,58,0.7069,58,ETN,3,0,501,504
451,113,63,0.4127,0.5286,1.8166,0.3642,0.4127,0.4127,63,0.4,60,0.4,60,ETN,3,1,564,567
501,126,63,0.6349,0.4784,0.7129,0.2516,0.6508,0.6607,56,0.6607,56,0.5333,15,ETN,3,2,627,630
552,138,63,0.4762,0.5267,0.6723,0.2456,0.4921,0.4821,56,0.4872,39,1.0,4,ETN,3,3,690,693
602,151,63,0.5397,0.4888,0.7009,0.2538,0.5397,0.5397,63,0.5,44,0.6429,14,ETN,3,4,753,756
652,164,63,0.6508,0.6247,0.647,0.2273,0.6508,0.6508,63,0.7111,45,0.7778,18,ETN,3,5,816,819
703,176,63,0.5079,0.5449,0.6838,0.246,0.4444,0.4681,47,,0,,0,ETN,3,6,879,882
753,189,63,0.7619,0.749,0.6211,0.2172,0.5238,0.7143,42,,0,,0,ETN,3,7,942,945
804,201,63,0.5873,0.6357,0.879,0.2426,0.5556,0.5818,55,0.5849,53,0.7,10,ETN,3,8,1005,1008
400,101,63,0.4127,0.5187,3.0729,0.3605,0.4127,0.4127,63,0.4127,63,0.4127,63,NOW,3,0,501,504
451,113,63,0.5873,0.6544,0.7691,0.2032,0.619,0.7241,29,0.7241,29,0.8889,18,NOW,3,1,564,567
501,126,63,0.3968,0.5152,0.8154,0.3099,0.6349,0.75,4,0.5,2,0.5,2,NOW,3,2,627,630
552,138,63,0.4921,0.3647,0.9853,0.2846,0.5714,0.5345,58,0.5345,58,0.25,8,NOW,3,3,690,693
602,151,63,0.4286,0.4583,0.7464,0.2762,0.4286,0.4286,63,0.4068,59,,0,NOW,3,4,753,756
652,164,63,0.4603,0.4777,0.7006,0.2537,0.4603,0.4603,63,,0,,0,NOW,3,5,816,819
703,176,63,0.5397,0.5217,1.6398,0.2843,0.4762,0.5455,11,0.5455,11,0.5455,11,NOW,3,6,879,882
753,189,63,0.6508,0.5349,1.5994,0.2728,0.3492,0.5,8,0.5,8,0.5,8,NOW,3,7,942,945
804,201,63,0.5556,0.5172,0.687,0.2469,0.4603,1.0,1,1.0,1,,0,NOW,3,8,1005,1008
400,101,63,0.4127,0.3521,9.1935,0.5974,0.3968,0.4032,62,0.4032,62,0.4032,62,EQIX,3,0,501,504
451,113,63,0.4921,0.5,0.6949,0.2509,0.4921,0.4921,63,,0,,0,EQIX,3,1,564,567
501,126,63,0.4921,0.5,0.697,0.2519,0.5079,,0,,0,,0,EQIX,3,2,627,630
552,138,63,0.6825,0.6232,0.6681,0.2376,0.6032,0.6957,46,,0,,0,EQIX,3,3,690,693
602,151,63,0.5238,0.5363,1.1824,0.2763,0.4921,0.5152,33,0.5,8,0.5,8,EQIX,3,4,753,756
652,164,63,0.4762,0.498,0.8053,0.3016,0.4762,0.4762,63,0.4677,62,0.4677,62,EQIX,3,5,816,819
703,176,63,0.5873,0.5255,0.6968,0.2508,0.5873,0.5965,57,0.5862,29,0.5,2,EQIX,3,6,879,882
753,189,63,0.6032,0.5801,0.6666,0.2369,0.5556,0.5893,56,0.5818,55,1.0,1,EQIX,3,7,942,945
804,201,63,0.6349,0.4712,0.6786,0.2427,0.6349,0.6349,63,0.6136,44,,0,EQIX,3,8,1005,1008
400,101,63,0.4603,0.5147,0.7094,0.2581,0.4603,0.4603,63,0.4603,63,,0,DLR,3,0,501,504
451,113,63,0.4444,0.4062,0.7671,0.2852,0.5079,0.4634,41,0.4634,41,0.2,5,DLR,3,1,564,567
501,126,63,0.4127,0.5256,0.6898,0.2489,0.619,1.0,2,1.0,2,1.0,2,DLR,3,2,627,630
552,138,63,0.4921,0.6222,0.6948,0.2508,0.4762,0.4833,60,0.6154,26,0.6,5,DLR,3,3,690,693
602,151,63,0.5556,0.4964,1.8282,0.2887,0.5714,0.5645,62,0.5581,43,0.5581,43,DLR,3,4,753,756
652,164,63,0.5079,0.4965,0.7432,0.2702,0.5079,0.5079,63,0.5,14,0.5,14,DLR,3,5,816,819
703,176,63,0.4286,0.5221,0.9356,0.2622,0.4286,0.4286,63,0.4667,15,0.6,5,DLR,3,6,879,882
753,189,63,0.4762,0.4701,0.6985,0.2527,0.5397,0.5714,7,,0,,0,DLR,3,7,942,945
804,201,63,0.4603,0.3786,3.7734,0.3812,0.5714,0.5208,48,0.4375,16,0.4375,16,DLR,3,8,1005,1008
400,101,63,0.5238,0.5525,0.7068,0.2566,0.5238,0.5238,63,0.5238,63,0.5238,63,WDC,3,0,501,504
451,113,63,0.4286,0.3225,1.2409,0.3042,0.5397,0.4773,44,0.3462,26,0.0,1,WDC,3,1,564,567
501,126,63,0.5714,0.6013,0.6835,0.2446,0.5714,0.5714,63,0.6667,36,0.5,4,WDC,3,2,627,630
552,138,63,0.4921,0.5,0.705,0.2559,0.4921,0.4921,63,0.4921,63,,0,WDC,3,3,690,693
602,151,63,0.5079,0.5781,0.7044,0.2555,0.5079,1.0,1,,0,,0,WDC,3,4,753,756
652,164,63,0.7302,0.6194,0.6863,0.2465,0.7619,0.7818,55,,0,,0,WDC,3,5,816,819
703,176,63,0.7619,0.5,0.609,0.2084,0.7619,0.7619,63,0.7619,63,,0,WDC,3,6,879,882
753,189,63,0.619,0.4978,0.6762,0.2413,0.6349,0.6333,60,0.6271,59,0.614,57,WDC,3,7,942,945
804,201,63,0.7143,0.4346,0.6033,0.2062,0.7143,0.7143,63,0.7,60,0.7241,58,WDC,3,8,1005,1008
400,101,63,0.4603,0.3798,0.9169,0.3341,0.4603,0.4603,63,0.3667,30,0.2609,23,STX,3,0,501,504
451,113,63,0.4286,0.4405,0.7145,0.2612,0.5079,0.4333,30,0.4333,30,0.6667,3,STX,3,1,564,567
501,126,63,0.4286,0.4135,0.7365,0.2707,0.619,0.5517,29,,0,,0,STX,3,2,627,630
552,138,63,0.4286,0.3868,2.1112,0.3875,0.4286,0.4286,63,0.4286,63,0.3077,39,STX,3,3,690,693
602,151,63,0.5873,0.4136,0.7249,0.2652,0.5714,0.5806,62,0.2222,9,0.2222,9,STX,3,4,753,756
652,164,63,0.5556,0.5099,0.7231,0.2639,0.6825,0.7027,37,,0,,0,STX,3,5,816,819
703,176,63,0.7778,0.5882,0.6097,0.2101,0.7302,0.7667,60,0.7667,60,,0,STX,3,6,879,882
753,189,63,0.6032,0.6164,0.6607,0.2342,0.5873,0.6765,34,0.6765,34,0.6562,32,STX,3,7,942,945
804,201,63,0.6667,0.3895,0.6556,0.2324,0.6667,0.6667,63,0.6667,63,0.6667,63,STX,3,8,1005,1008
400,101,63,0.5079,0.4679,1.1845,0.2786,0.5556,0.537,54,0.537,54,,0,ASML,3,0,501,504
451,113,63,0.5714,0.4882,0.9346,0.2618,0.5714,0.5714,63,0.5854,41,0.5854,41,ASML,3,1,564,567
501,126,63,0.5238,0.6436,1.6013,0.2729,0.4921,0.5082,61,0.5,60,0.6818,22,ASML,3,2,627,630
552,138,63,0.5238,0.5233,1.1579,0.2677,0.5397,0.5333,60,0.5526,38,0.5714,7,ASML,3,3,690,693
602,151,63,0.5397,0.6202,0.6616,0.235,0.4762,0.5094,53,1.0,5,1.0,5,ASML,3,4,753,756
652,164,63,0.4603,0.4964,0.6928,0.2496,0.5556,0.5152,33,0.75,8,0.7143,7,ASML,3,5,816,819
703,176,63,0.6825,0.6808,1.1169,0.2479,0.6825,0.7447,47,0.8276,29,0.6667,3,ASML,3,6,879,882
753,189,63,0.4286,0.383,0.837,0.3135,0.619,0.5405,37,0.5278,36,0.5294,17,ASML,3,7,942,945
804,201,63,0.5079,0.5751,0.9204,0.2576,0.4921,0.5,60,0.5263,38,0.5263,38,ASML,3,8,1005,1008
400,101,63,0.5714,0.3405,0.7499,0.2747,0.5714,0.5714,63,0.5714,63,0.5098,51,CEG,3,0,501,504
451,113,63,0.5556,0.5857,0.7085,0.2559,0.5556,0.5574,61,0.5574,61,0.5574,61,CEG,3,1,564,567
501,126,63,0.6032,0.4832,0.6736,0.2403,0.6032,0.6032,63,0.6032,63,0.5714,7,CEG,3,2,627,630
552,138,63,0.5079,0.5045,0.7007,0.2537,0.5079,0.5079,63,0.5079,63,,0,CEG,3,3,690,693
602,151,63,0.6349,0.4543,0.6701,0.2385,0.6349,0.6349,63,0.6078,51,,0,CEG,3,4,753,756
652,164,63,0.5397,0.5532,0.6766,0.2425,0.5397,0.5397,63,0.6364,11,1.0,2,CEG,3,5,816,819
703,176,63,0.5556,0.5954,0.6602,0.2346,0.5556,0.5556,63,0.7059,17,0.7857,14,CEG,3,6,879,882
753,189,63,0.4603,0.4772,0.7609,0.2815,0.4603,0.4603,63,0.4603,63,0.0,6,CEG,3,7,942,945
804,201,63,0.4286,0.4259,2.6138,0.3404,0.4286,0.4286,63,0.2,10,0.2,10,CEG,3,8,1005,1008
400,101,63,0.3492,0.5724,0.9846,0.3694,0.6984,0.7143,7,0.7143,7,0.7143,7,VST,3,0,501,504
451,113,63,0.5079,0.5828,1.6772,0.3063,0.5238,0.5179,56,0.5179,56,0.5882,34,VST,3,1,564,567
501,126,63,0.619,0.4567,0.6602,0.2371,0.619,0.619,63,0.619,63,0.56,25,VST,3,2,627,630
552,138,63,0.6349,0.5389,1.1234,0.2524,0.6032,0.6316,57,0.6098,41,0.5,4,VST,3,3,690,693
602,151,63,0.5079,0.3649,0.7427,0.2736,0.5079,0.5079,63,0.4348,46,0.3333,12,VST,3,4,753,756
652,164,63,0.6984,0.6376,0.6518,0.2295,0.6984,0.6984,63,0.6909,55,0.6667,3,VST,3,5,816,819
703,176,63,0.4444,0.5143,0.759,0.2818,0.4444,0.4444,63,0.4516,62,0.4516,62,VST,3,6,879,882
753,189,63,0.4286,0.5696,0.7149,0.2609,0.4127,0.4194,62,0.4194,62,1.0,3,VST,3,7,942,945
804,201,63,0.5397,0.608,0.7407,0.2662,0.5397,0.6087,23,0.6087,23,0.6087,23,VST,3,8,1005,1008
400,101,63,0.5556,0.4821,0.93,0.2593,0.5556,0.5556,63,0.0,1,0.0,1,LIN,3,0,501,504
451,113,63,0.5873,0.4964,0.6871,0.2469,0.5873,0.5873,63,0.5714,7,0.5714,7,LIN,3,1,564,567
501,126,63,0.6032,0.5789,0.6612,0.2345,0.6032,0.6032,63,0.8333,12,0.8333,12,LIN,3,2,627,630
552,138,63,0.5397,0.4366,1.0655,0.3139,0.5397,0.5397,63,0.4571,35,0.4571,35,LIN,3,3,690,693
602,151,63,0.6508,0.4756,0.651,0.2343,0.6508,0.6508,63,0.6,15,0.6,15,LIN,3,4,753,756
652,164,63,0.5397,0.5066,0.9184,0.2563,0.5397,0.5397,63,0.5,4,0.5,4,LIN,3,5,816,819
703,176,63,0.4762,0.4985,0.7327,0.2689,0.4762,0.4717,53,0.4717,53,0.4717,53,LIN,3,6,879,882
753,189,63,0.6032,0.5694,0.6766,0.241,0.5714,0.6038,53,0.617,47,0.617,47,LIN,3,7,942,945
804,201,63,0.6508,0.6544,0.9486,0.2665,0.619,0.7742,31,0.9167,12,,0,LIN,3,8,1005,1008
400,101,63,0.6032,0.604,0.9167,0.2528,0.4762,0.5806,31,0.5,2,0.5,2,MRVL,3,0,501,504
451,113,63,0.5079,0.5102,0.7,0.2533,0.5556,0.5588,34,0.5588,34,0.5588,34,MRVL,3,1,564,567
501,126,63,0.6349,0.5636,0.6738,0.2423,0.7143,0.7292,48,0.8333,6,0.8333,6,MRVL,3,2,627,630
552,138,63,0.6667,0.6437,2.0299,0.2776,0.619,0.6875,48,1.0,1,1.0,1,MRVL,3,3,690,693
602,151,63,0.4127,0.4745,2.2631,0.4218,0.4127,0.4127,63,0.4127,63,0.4091,44,MRVL,3,4,753,756
652,164,63,0.5873,0.5416,0.6769,0.2419,0.5873,0.5873,63,0.5873,63,0.7143,7,MRVL,3,5,816,819
703,176,63,0.6508,0.5227,0.6682,0.2373,0.6667,0.6667,60,0.678,59,,0,MRVL,3,6,879,882
753,189,63,0.4286,0.4769,0.717,0.2619,0.4286,0.4286,63,0.4151,53,,0,MRVL,3,7,942,945
804,201,63,0.4603,0.4749,0.7064,0.253,0.6984,0.6389,36,0.7143,14,1.0,1,MRVL,3,8,1005,1008
400,101,63,0.5397,0.5096,1.1437,0.2616,0.5397,0.5397,63,0.5397,63,0.6,5,CLS,3,0,501,504
451,113,63,0.5238,0.4239,1.9186,0.3123,0.5714,0.5556,54,0.5556,54,0.2,5,CLS,3,1,564,567
501,126,63,0.6032,0.5205,0.6713,0.2392,0.6032,0.6032,63,0.6032,63,,0,CLS,3,2,627,630
552,138,63,0.619,0.5953,1.3694,0.2625,0.6508,0.6441,59,0.8667,15,0.8667,15,CLS,3,3,690,693
602,151,63,0.4921,0.5348,0.7434,0.2731,0.4921,0.4921,63,0.5085,59,0.5283,53,CLS,3,4,753,756
652,164,63,0.6984,0.3542,0.6861,0.2448,0.7778,0.7679,56,0.7,30,0.6667,27,CLS,3,5,816,819
703,176,63,0.6032,0.5063,0.6764,0.2415,0.6032,0.6032,63,0.6032,63,0.6032,63,CLS,3,6,879,882
753,189,63,0.4603,0.5325,0.7873,0.2902,0.4603,0.4603,63,0.4603,63,0.52,25,CLS,3,7,942,945
804,201,63,0.5714,0.4892,0.9185,0.255,0.5714,0.5714,63,0.5667,60,0.5588,34,CLS,3,8,1005,1008
400,101,63,0.6349,0.6021,1.3442,0.2543,0.3968,0.55,20,0.5556,9,0.5556,9,SYM,3,0,501,504
451,113,63,0.4921,0.4929,1.0739,0.322,0.5556,0.8,5,,0,,0,SYM,3,1,564,567
501,126,63,0.4127,0.4554,0.7078,0.2565,0.3651,0.3333,42,,0,,0,SYM,3,2,627,630
552,138,63,0.2698,0.484,1.0135,0.2968,0.746,1.0,1,,0,,0,SYM,3,3,690,693
602,151,63,0.4444,0.5093,0.7049,0.2559,0.5714,0.6667,3,,0,,0,SYM,3,4,753,756
652,164,63,0.4603,0.5,0.7043,0.2555,0.4603,0.4603,63,,0,,0,SYM,3,5,816,819
703,176,63,0.4444,0.5504,0.95,0.2708,0.4286,0.4333,60,0.5769,26,0.1667,6,SYM,3,6,879,882
400,101,63,0.4921,0.5313,0.6823,0.2462,0.4762,0.4839,62,1.0,1,1.0,1,MNDY,3,0,501,504
451,113,63,0.5079,0.4929,0.7318,0.2686,0.5556,0.5667,30,0.52,25,0.52,25,MNDY,3,1,564,567
501,126,63,0.4444,0.4423,5.0123,0.4458,0.619,0.5769,26,1.0,4,,0,MNDY,3,2,627,630
552,138,63,0.4762,0.4894,0.7242,0.2651,0.4762,0.4762,63,0.4706,34,0.4706,34,MNDY,3,3,690,693
602,151,63,0.5238,0.5267,0.7051,0.2554,0.4921,0.5102,49,0.5,6,0.5,6,MNDY,3,4,753,756
652,164,63,0.4444,0.4275,0.7322,0.2672,0.4603,0.3636,22,0.3636,11,0.3333,3,MNDY,3,5,816,819
703,176,63,0.4762,0.5276,1.127,0.2579,0.5556,0.5417,24,0.5417,24,0.75,8,MNDY,3,6,879,882
753,189,63,0.3968,0.3667,1.764,0.3455,0.2857,0.1875,32,0.1875,32,0.1875,32,MNDY,3,7,942,945
804,201,63,0.5714,0.6237,0.6755,0.2412,0.4127,0.4889,45,,0,,0,MNDY,3,8,1005,1008
400,101,63,0.4921,0.5154,3.937,0.3624,0.4286,0.4468,47,0.4737,19,0.4737,19,FVRR,3,0,501,504
451,113,63,0.6349,0.6405,0.6645,0.2365,0.4603,0.7143,14,,0,,0,FVRR,3,1,564,567
501,126,63,0.5079,0.4793,1.2251,0.2958,0.5079,0.6,5,0.6,5,,0,FVRR,3,2,627,630
552,138,63,0.5873,0.621,0.6666,0.2382,0.4921,0.6923,13,0.6923,13,0.6667,12,FVRR,3,3,690,693
602,151,63,0.5556,0.5843,0.6591,0.236,0.5238,0.6667,15,0.7143,7,0.7143,7,FVRR,3,4,753,756
652,164,63,0.5873,0.5125,0.7165,0.261,0.3651,0.4211,19,0.4211,19,0.4211,19,FVRR,3,5,816,819
703,176,63,0.6825,0.6846,0.6681,0.237,0.4603,0.6667,27,0.8,5,0.8,5,FVRR,3,6,879,882
753,189,63,0.5079,0.5795,1.0049,0.3651,0.4127,0.4528,53,0.4615,52,0.4615,52,FVRR,3,7,942,945
804,201,63,0.4762,0.6282,0.9175,0.2534,0.381,0.4211,57,0.0,1,0.0,1,FVRR,3,8,1005,1008
400,101,63,0.4762,0.4145,0.7134,0.2595,0.619,0.5625,48,0.5532,47,0.5532,47,APD,3,0,501,504
451,113,63,0.6032,0.6824,1.5721,0.2666,0.5873,0.75,24,0.0,1,0.0,1,APD,3,1,564,567
501,126,63,0.4286,0.37,2.4283,0.3521,0.5079,0.4524,42,0.3333,12,0.3333,12,APD,3,2,627,630
552,138,63,0.5556,0.2806,1.4613,0.3072,0.5556,0.5556,63,0.3333,30,0.3333,30,APD,3,3,690,693
602,151,63,0.4921,0.5156,0.7039,0.2553,0.4921,0.4921,63,0.5,62,,0,APD,3,4,753,756
652,164,63,0.6032,0.5132,0.672,0.24,0.6032,0.6032,63,1.0,1,1.0,1,APD,3,5,816,819
703,176,63,0.5238,0.5571,0.7132,0.2598,0.4444,0.48,50,0.48,50,0.48,50,APD,3,6,879,882
753,189,63,0.619,0.6159,0.6327,0.2212,0.619,0.623,61,0.75,28,0.7692,26,APD,3,7,942,945
804,201,63,0.5714,0.5363,0.7069,0.2566,0.4921,0.5526,38,0.52,25,0.5217,23,APD,3,8,1005,1008
400,101,63,0.7619,0.6649,0.6636,0.2351,0.746,0.8333,48,,0,,0,EME,3,0,501,504
451,113,63,0.5714,0.4821,0.777,0.2845,0.5556,0.569,58,0.5536,56,0.5536,56,EME,3,1,564,567
501,126,63,0.6508,0.4852,0.6519,0.2298,0.7143,0.717,53,0.7059,51,0.7059,51,EME,3,2,627,630
552,138,63,0.5397,0.6255,0.6783,0.2431,0.5556,0.5484,62,0.5484,62,0.6774,31,EME,3,3,690,693
602,151,63,0.5238,0.398,1.4299,0.2929,0.5238,0.5238,63,0.5238,63,0.5106,47,EME,3,4,753,756
652,164,63,0.6508,0.4545,0.6649,0.2358,0.6508,0.6508,63,0.6508,63,0.0,2,EME,3,5,816,819
703,176,63,0.5397,0.3735,0.9526,0.2703,0.5556,0.5484,62,0.3077,13,0.3077,13,EME,3,6,879,882
753,189,63,0.5556,0.5,0.6906,0.2487,0.5556,0.5556,63,0.5556,63,,0,EME,3,7,942,945
804,201,63,0.619,0.4917,0.661,0.2341,0.6508,0.6393,61,0.6393,61,0.6393,61,EME,3,8,1005,1008
400,101,63,0.5556,0.5077,0.6887,0.2478,0.5556,0.5556,63,0.5614,57,,0,KLAC,3,0,501,504
451,113,63,0.4762,0.4742,0.7559,0.276,0.6032,0.6,25,0.6,25,0.6,25,KLAC,3,1,564,567
501,126,63,0.5714,0.534,0.896,0.248,0.5714,0.5714,63,0.6053,38,0.6053,38,KLAC,3,2,627,630
552,138,63,0.5714,0.588,0.6749,0.2403,0.5714,0.5714,63,0.5738,61,0.8182,11,KLAC,3,3,690,693
602,151,63,0.4603,0.4736,2.1628,0.3291,0.4603,0.4603,63,0.4603,63,0.4286,14,KLAC,3,4,753,756
652,164,63,0.4762,0.4329,0.6852,0.2465,0.6508,1.0,8,1.0,7,1.0,2,KLAC,3,5,816,819
703,176,63,0.6508,0.5122,0.6633,0.2358,0.6508,0.6508,63,0.6364,22,0.8333,6,KLAC,3,6,879,882
753,189,63,0.5397,0.5258,2.4198,0.3384,0.6032,0.6286,35,,0,,0,KLAC,3,7,942,945
804,201,63,0.5397,0.5652,0.664,0.236,0.6667,0.7407,27,0.7407,27,0.7407,27,KLAC,3,8,1005,1008
400,101,63,0.4127,0.5478,0.7563,0.2809,0.5714,0.4,5,0.0,1,0.0,1,TXN,3,0,501,504
451,113,63,0.4127,0.4782,7.9761,0.5394,0.5873,0.5,12,,0,,0,TXN,3,1,564,567
501,126,63,0.6032,0.4879,0.6764,0.2417,0.6032,0.6032,63,0.6042,48,,0,TXN,3,2,627,630
552,138,63,0.4286,0.6405,0.7684,0.2882,0.3968,0.4068,59,0.4068,59,0.4068,59,TXN,3,3,690,693
602,151,63,0.4603,0.4889,0.8278,0.3077,0.4762,0.4655,58,0.4359,39,0.4359,39,TXN,3,4,753,756
652,164,63,0.3492,0.4656,0.9555,0.2721,0.6508,,0,,0,,0,TXN,3,5,816,819
703,176,63,0.4444,0.5,0.696,0.2514,0.4444,0.4444,63,,0,,0,TXN,3,6,879,882
753,189,63,0.5873,0.5,0.6866,0.2467,0.5873,0.5873,63,,0,,0,TXN,3,7,942,945
804,201,63,0.5714,0.4583,0.6899,0.2484,0.5714,0.5714,63,0.55,60,,0,TXN,3,8,1005,1008
400,101,63,0.6349,0.621,0.6561,0.2344,0.5079,0.6286,35,0.6061,33,,0,MCHP,3,0,501,504
451,113,63,0.5397,0.5111,1.6531,0.2964,0.4921,0.5556,18,0.3636,11,0.4,10,MCHP,3,1,564,567
501,126,63,0.5397,0.5497,0.6935,0.2502,0.5397,0.6087,23,0.6087,23,0.6667,3,MCHP,3,2,627,630
552,138,63,0.3968,0.6989,3.5157,0.3654,0.3968,0.3968,63,0.4894,47,0.4894,47,MCHP,3,3,690,693
602,151,63,0.5556,0.5394,0.6921,0.2494,0.5238,0.5472,53,0.5472,53,0.5472,53,MCHP,3,4,753,756
652,164,63,0.5079,0.4758,0.7222,0.2648,0.4921,0.5,16,,0,,0,MCHP,3,5,816,819
703,176,63,0.5238,0.5563,0.6834,0.2452,0.3968,0.4468,47,,0,,0,MCHP,3,6,879,882
753,189,63,0.5714,0.4787,0.6732,0.2423,0.5397,0.5614,57,1.0,1,1.0,1,MCHP,3,7,942,945
804,201,63,0.4444,0.3971,1.8802,0.302,0.5714,0.5111,45,0.4615,13,0.4615,13,MCHP,3,8,1005,1008
400,101,63,0.3651,0.5435,0.7142,0.2605,0.6349,,0,,0,,0,NXPI,3,0,501,504
451,113,63,0.5397,0.497,0.7373,0.2659,0.5397,0.5397,63,0.4286,7,0.4286,7,NXPI,3,1,564,567
501,126,63,0.5397,0.5614,0.9249,0.2612,0.5397,0.5397,63,0.5397,63,0.551,49,NXPI,3,2,627,630
552,138,63,0.4603,0.5167,4.4336,0.3914,0.4603,0.4603,63,0.4667,30,0.4667,30,NXPI,3,3,690,693
602,151,63,0.5079,0.5428,1.6343,0.2875,0.5079,0.5079,63,0.5926,27,0.5926,27,NXPI,3,4,753,756
652,164,63,0.6349,0.6179,0.6822,0.2459,0.4921,0.6538,26,0.3333,3,0.3333,3,NXPI,3,5,816,819
703,176,63,0.4603,0.4451,1.432,0.2934,0.4921,0.4348,23,0.4,20,0.25,4,NXPI,3,6,879,882
753,189,63,0.4921,0.5131,0.9061,0.2534,0.5079,0.5,12,0.5,10,0.5,10,NXPI,3,7,942,945
804,201,63,0.4286,0.4142,0.7742,0.2886,0.6032,0.5312,32,,0,,0,NXPI,3,8,1005,1008
400,101,63,0.5556,0.5609,0.6859,0.2464,0.5397,0.5484,62,0.5484,62,0.6087,23,DELL,3,0,501,504
451,113,63,0.4921,0.6129,3.6808,0.3508,0.4921,0.4921,63,0.5082,61,0.5556,54,DELL,3,1,564,567
501,126,63,0.5238,0.4623,2.5936,0.3318,0.6508,0.6279,43,0.6316,19,0.6316,19,DELL,3,2,627,630
552,138,63,0.4921,0.4793,0.7277,0.2654,0.4921,0.4921,63,0.3571,14,0.375,8,DELL,3,3,690,693
602,151,63,0.5397,0.5,0.6917,0.2493,0.5397,0.5397,63,,0,,0,DELL,3,4,753,756
652,164,63,0.6508,0.5833,2.0624,0.2871,0.6667,0.6923,52,0.7273,22,,0,DELL,3,5,816,819
703,176,63,0.5556,0.501,0.6952,0.251,0.5397,0.5625,48,0.5263,38,0.5263,38,DELL,3,6,879,882
753,189,63,0.4286,0.4678,0.7566,0.2808,0.4127,0.4194,62,0.4194,62,0.4259,54,DELL,3,7,942,945
804,201,63,0.7619,0.5312,0.6372,0.2227,0.746,0.7581,62,0.7581,62,,0,DELL,3,8,1005,1008
400,101,63,0.5079,0.6263,0.724,0.2647,0.5397,0.8,5,1.0,1,1.0,1,GLW,3,0,501,504
451,113,63,0.619,0.6348,0.7197,0.2607,0.5238,0.9091,11,0.9091,11,,0,GLW,3,1,564,567
501,126,63,0.3651,0.5122,0.7192,0.263,0.6508,1.0,1,,0,,0,GLW,3,2,627,630
552,138,63,0.6349,0.5054,0.6652,0.2361,0.6349,0.6349,63,0.6349,63,0.4,5,GLW,3,3,690,693
602,151,63,0.4762,0.5,0.7115,0.2591,0.4762,0.4762,63,0.4762,63,,0,GLW,3,4,753,756
652,164,63,0.7302,0.5109,0.6386,0.223,0.7302,0.7302,63,0.7302,63,1.0,1,GLW,3,5,816,819
703,176,63,0.6825,0.4663,0.6487,0.228,0.6825,0.6825,63,0.6818,44,0.6818,44,GLW,3,6,879,882
753,189,63,0.6349,0.5473,0.8719,0.235,0.6349,0.6349,63,0.6349,63,0.6349,63,GLW,3,7,942,945
804,201,63,0.6349,0.4158,0.6868,0.2445,0.6349,0.6349,63,0.6349,63,0.6349,63,GLW,3,8,1005,1008
400,101,63,0.5397,0.5378,0.6974,0.2519,0.5079,0.5789,19,0.5789,19,0.5,6,FLEX,3,0,501,504
451,113,63,0.4921,0.5096,0.9222,0.2596,0.4921,0.4898,49,0.5333,15,0.5333,15,FLEX,3,1,564,567
501,126,63,0.6825,0.6793,0.6459,0.2289,0.6349,0.7,50,1.0,7,1.0,4,FLEX,3,2,627,630
552,138,63,0.6349,0.6487,0.6695,0.2383,0.5079,0.6216,37,0.75,4,0.75,4,FLEX,3,3,690,693
602,151,63,0.4762,0.7611,0.9948,0.2905,0.4762,0.4762,63,0.4762,63,0.5472,53,FLEX,3,4,753,756
652,164,63,0.6349,0.5045,0.7257,0.2627,0.6667,0.6667,57,0.6667,6,,0,FLEX,3,5,816,819
703,176,63,0.5556,0.5859,0.9067,0.2495,0.5714,0.5714,56,1.0,3,1.0,3,FLEX,3,6,879,882
753,189,63,0.5079,0.6552,0.6875,0.2474,0.4603,0.4828,58,0.4828,58,0.7143,7,FLEX,3,7,942,945
804,201,63,0.5397,0.4488,2.0205,0.3359,0.6825,0.6667,42,0.6333,30,,0,FLEX,3,8,1005,1008
400,101,63,0.4921,0.4969,0.6873,0.2473,0.5556,0.5455,33,1.0,1,1.0,1,JBL,3,0,501,504
451,113,63,0.4444,0.5929,3.2195,0.3331,0.4444,0.4407,59,0.4872,39,0.5556,27,JBL,3,1,564,567
501,126,63,0.6984,0.5084,0.6785,0.2447,0.6984,0.6984,63,0.75,4,0.75,4,JBL,3,2,627,630
552,138,63,0.2381,0.339,2.8682,0.5941,0.6825,0.3077,13,,0,,0,JBL,3,3,690,693
602,151,63,0.5397,0.535,0.6891,0.2493,0.5397,0.5397,63,0.5833,24,0.5652,23,JBL,3,4,753,756
652,164,63,0.6825,0.6501,0.6046,0.2076,0.6984,0.7,60,0.7674,43,0.7674,43,JBL,3,5,816,819
703,176,63,0.5556,0.4677,0.726,0.2643,0.5238,0.541,61,0.5614,57,0.5111,45,JBL,3,6,879,882
753,189,63,0.4921,0.4505,0.7153,0.2608,0.5238,0.5082,61,0.5082,61,0.4667,15,JBL,3,7,942,945
804,201,63,0.5714,0.5794,0.6337,0.2241,0.6667,0.7143,35,0.7143,35,0.7143,35,JBL,3,8,1005,1008
400,101,63,0.4127,0.4699,2.8789,0.3634,0.4127,0.4098,61,0.4098,61,0.4286,49,GFS,3,0,501,504
451,113,63,0.3651,0.3788,0.748,0.277,0.4603,0.2963,27,0.2963,27,0.0,1,GFS,3,1,564,567
501,126,63,0.4921,0.4384,0.7254,0.2656,0.4762,0.4783,46,0.4,15,0.3571,14,GFS,3,2,627,630
552,138,63,0.6349,0.6668,0.656,0.2319,0.4603,0.5625,48,,0,,0,GFS,3,3,690,693
602,151,63,0.5238,0.501,2.5775,0.3254,0.4762,0.5,48,0.3333,12,0.3333,12,GFS,3,4,753,756
652,164,63,0.5714,0.5453,0.8893,0.2463,0.4286,0.5,16,0.4444,9,,0,GFS,3,5,816,819
703,176,63,0.4921,0.5828,0.6592,0.2375,0.4762,0.4821,56,0.8571,7,0.8571,7,GFS,3,6,879,882
753,189,63,0.4127,0.6068,0.783,0.2931,0.619,1.0,2,,0,,0,GFS,3,7,942,945
804,201,63,0.4127,0.3779,2.1567,0.327,0.6032,1.0,1,,0,,0,GFS,3,8,1005,1008
400,101,63,0.5873,0.6998,0.698,0.2517,0.6984,0.875,24,0.8696,23,0.8696,23,NEE,3,0,501,504
451,113,63,0.6349,0.4391,0.6751,0.2403,0.6349,0.6349,63,0.6481,54,0.5938,32,NEE,3,1,564,567
501,126,63,0.619,0.5621,0.7624,0.2602,0.6032,0.64,50,0.64,50,0.64,50,NEE,3,2,627,630
552,138,63,0.3492,0.4451,1.9749,0.4241,0.3492,0.3492,63,0.3492,63,0.3559,59,NEE,3,3,690,693
602,151,63,0.5556,0.6199,1.148,0.2576,0.5556,0.5556,63,0.72,25,0.6667,12,NEE,3,4,753,756
652,164,63,0.4603,0.4906,0.7587,0.2785,0.5873,0.5484,31,0.5484,31,0.5484,31,NEE,3,5,816,819
703,176,63,0.4444,0.408,1.2694,0.3116,0.5873,0.5625,16,0.5833,12,,0,NEE,3,6,879,882
753,189,63,0.3968,0.4789,8.946,0.5856,0.6032,0.5,4,,0,,0,NEE,3,7,942,945
804,201,63,0.5238,0.5015,0.6933,0.2501,0.5238,0.5238,63,0.5246,61,,0,NEE,3,8,1005,1008
400,101,63,0.3968,0.5164,0.906,0.3475,0.6667,0.8333,6,0.8333,6,,0,D,3,0,501,504
451,113,63,0.5397,0.5669,0.6873,0.2471,0.5397,0.5397,63,0.6364,11,,0,D,3,1,564,567
501,126,63,0.6349,0.5756,0.6813,0.2437,0.5714,0.6512,43,0.625,40,0.6207,29,D,3,2,627,630
552,138,63,0.5714,0.5842,1.8082,0.2751,0.5079,0.551,49,0.5652,46,0.6,10,D,3,3,690,693
602,151,63,0.6032,0.5579,0.6618,0.236,0.6032,0.6032,63,0.6032,63,0.6286,35,D,3,4,753,756
652,164,63,0.4603,0.4074,0.7382,0.2716,0.5714,0.5263,38,0.5263,38,0.4,5,D,3,5,816,819
703,176,63,0.4762,0.5232,0.7052,0.2572,0.4762,0.4762,63,0.5,42,0.4286,7,D,3,6,879,882
753,189,63,0.4603,0.4296,0.7227,0.2642,0.5556,0.5091,55,0.5714,7,0.5714,7,D,3,7,942,945
804,201,63,0.5079,0.4279,1.8789,0.3046,0.4921,0.5,52,0.3333,18,0.2,5,D,3,8,1005,1008
400,101,63,0.4603,0.4782,8.1516,0.5273,0.4603,0.4603,63,0.459,61,0.45,60,CHTR,3,0,501,504
451,113,63,0.5397,0.4944,0.7175,0.2603,0.5556,0.5517,58,,0,,0,CHTR,3,1,564,567
501,126,63,0.5397,0.5566,0.6845,0.2457,0.4444,0.4884,43,0.0,1,,0,CHTR,3,2,627,630
552,138,63,0.4603,0.4476,1.4404,0.2951,0.5079,0.4375,16,0.4375,16,0.5,4,CHTR,3,3,690,693
602,151,63,0.4286,0.5083,0.7006,0.2541,0.5873,0.6667,3,0.6667,3,0.6667,3,CHTR,3,4,753,756
652,164,63,0.3651,0.4478,0.7329,0.2666,0.3651,0.3651,63,0.3333,18,0.0,1,CHTR,3,5,816,819
703,176,63,0.4762,0.5,0.7134,0.26,0.4762,0.4762,63,0.4762,63,,0,CHTR,3,6,879,882
753,189,63,0.3968,0.3876,0.7631,0.2806,0.5079,0.3125,16,0.1111,9,0.1111,9,CHTR,3,7,942,945
804,201,63,0.5714,0.4311,0.6878,0.2473,0.4286,,0,,0,,0,CHTR,3,8,1005,1008
400,101,63,0.4762,0.5299,0.9159,0.2551,0.4603,0.4565,46,,0,,0,BIO,3,0,501,504
451,113,63,0.5397,0.5554,0.6869,0.2483,0.4921,0.5625,16,0.5385,13,,0,BIO,3,1,564,567
501,126,63,0.4603,0.4975,1.2434,0.3043,0.4921,0.2,5,0.2,5,0.2,5,BIO,3,2,627,630
552,138,63,0.6508,0.6326,1.8318,0.2805,0.4921,0.68,25,,0,,0,BIO,3,3,690,693
602,151,63,0.3016,0.6495,5.9404,0.4879,0.3016,0.3016,63,0.3016,63,0.3846,39,BIO,3,4,753,756
652,164,63,0.4444,0.5709,0.9446,0.2667,0.5556,,0,,0,,0,BIO,3,5,816,819
703,176,63,0.4127,0.5303,1.0277,0.2966,0.5714,0.0,1,,0,,0,BIO,3,6,879,882
753,189,63,0.6349,0.6014,0.6684,0.2378,0.4127,0.8,5,0.8,5,0.8,5,BIO,3,7,942,945
804,201,63,0.4444,0.4488,1.0652,0.3733,0.4603,0.44,50,0.4286,35,0.4286,35,BIO,3,8,1005,1008
400,101,63,0.3333,0.432,2.4769,0.4418,0.6667,,0,,0,,0,HOOD,3,0,501,504
451,113,63,0.5238,0.5071,4.8052,0.3771,0.4444,0.4545,22,0.4545,22,,0,HOOD,3,1,564,567
501,126,63,0.5873,0.4643,0.7506,0.2692,0.6667,0.6379,58,0.6379,58,0.6379,58,HOOD,3,2,627,630
552,138,63,0.6984,0.4889,0.6266,0.2172,0.7143,0.7097,62,0.7097,62,0.7097,62,HOOD,3,3,690,693
602,151,63,0.5238,0.5439,0.9036,0.2522,0.5238,0.5238,63,0.5238,63,0.8,5,HOOD,3,4,753,756
652,164,63,0.7937,0.4811,0.5726,0.1909,0.8413,0.8333,60,0.8333,60,0.8333,60,HOOD,3,5,816,819
703,176,63,0.5238,0.5,0.7446,0.2738,0.5238,0.5238,63,0.5238,63,0.5238,63,HOOD,3,6,879,882
753,189,63,0.3968,0.52,0.7892,0.2974,0.3968,0.3968,63,0.3968,63,0.3968,63,HOOD,3,7,942,945
804,201,63,0.4921,0.4495,0.8806,0.3152,0.4444,0.4474,38,0.4062,32,0.4062,32,HOOD,3,8,1005,1008
400,101,63,0.4603,0.5035,0.6999,0.2533,0.4603,0.4603,63,,0,,0,PINS,3,0,501,504
451,113,63,0.4286,0.5011,0.9319,0.2618,0.3651,0.3774,53,0.5,4,0.5,2,PINS,3,1,564,567
501,126,63,0.3651,0.4347,0.7989,0.3013,0.6032,0.4,10,0.5,4,,0,PINS,3,2,627,630
552,138,63,0.5238,0.5499,0.6923,0.2496,0.5873,0.6129,31,,0,,0,PINS,3,3,690,693
602,151,63,0.4603,0.5926,0.6753,0.242,0.3968,0.4237,59,,0,,0,PINS,3,4,753,756
652,164,63,0.5873,0.5233,0.7123,0.2585,0.6508,0.6923,39,0.6842,38,0.3333,6,PINS,3,5,816,819
703,176,63,0.6349,0.5701,0.6732,0.2412,0.5079,0.5957,47,0.5455,33,0.375,8,PINS,3,6,879,882
753,189,63,0.4127,0.5624,7.3302,0.5377,0.4127,0.4127,63,0.4127,63,0.4127,63,PINS,3,7,942,945
804,201,63,0.5079,0.5,0.6958,0.2513,0.5079,0.5079,63,,0,,0,PINS,3,8,1005,1008
400,101,63,0.5079,0.6224,1.5214,0.2506,0.3333,0.3864,44,0.3571,42,0.5294,17,MDB,3,0,501,504
451,113,63,0.4127,0.5182,3.3198,0.3747,0.4127,0.4127,63,0.4127,63,0.4127,63,MDB,3,1,564,567
501,126,63,0.619,0.648,0.6654,0.2363,0.4444,0.75,8,0.75,4,0.75,4,MDB,3,2,627,630
552,138,63,0.4921,0.3955,0.7187,0.2648,0.5397,1.0,2,1.0,2,1.0,2,MDB,3,3,690,693
602,151,63,0.4444,0.4242,0.8445,0.314,0.5238,0.4808,52,0.4808,52,0.5116,43,MDB,3,4,753,756
652,164,63,0.5397,0.5227,0.693,0.2499,0.5238,0.5625,32,0.4615,13,0.6667,6,MDB,3,5,816,819
703,176,63,0.6508,0.5554,0.6709,0.2389,0.6508,0.6508,63,,0,,0,MDB,3,6,879,882
753,189,63,0.5238,0.5333,0.7006,0.2537,0.4762,0.5,22,0.5,22,,0,MDB,3,7,942,945
804,201,63,0.5397,0.5592,0.6866,0.2464,0.5556,0.5484,62,0.6296,27,0.6296,27,MDB,3,8,1005,1008
400,101,63,0.4762,0.502,1.2733,0.304,0.5238,0.5,50,0.5102,49,0.5667,30,RKLB,3,0,501,504
451,113,63,0.5714,0.5386,0.6888,0.2478,0.5714,0.5714,63,,0,,0,RKLB,3,1,564,567
501,126,63,0.4603,0.5862,8.4564,0.5613,0.6667,0.9,10,1.0,1,,0,RKLB,3,2,627,630
552,138,63,0.5079,0.4561,0.7207,0.2631,0.5556,0.5385,52,0.5556,36,,0,RKLB,3,3,690,693
602,151,63,0.4921,0.5061,0.7172,0.2617,0.4762,0.4839,62,0.4839,62,0.5,24,RKLB,3,4,753,756
652,164,63,0.6032,0.5663,0.6716,0.2393,0.6032,0.6032,63,0.6667,27,1.0,2,RKLB,3,5,816,819
703,176,63,0.5714,0.4296,0.6906,0.2487,0.5556,0.5667,60,,0,,0,RKLB,3,6,879,882
753,189,63,0.4603,0.5,0.7028,0.2548,0.4603,0.4603,63,,0,,0,RKLB,3,7,942,945
804,201,63,0.5397,0.5601,0.7007,0.2535,0.5238,0.5833,24,0.5833,24,0.0,1,RKLB,3,8,1005,1008
400,101,63,0.5397,0.5071,0.7224,0.2632,0.5238,0.5357,56,0.5357,56,0.5556,45,STLA,3,0,501,504
451,113,63,0.3175,0.381,0.9133,0.351,0.3333,0.3103,58,0.2857,49,0.2143,28,STLA,3,1,564,567
501,126,63,0.6508,0.6452,0.8775,0.235,0.4921,0.7368,19,0.7368,19,0.7368,19,STLA,3,2,627,630
552,138,63,0.4921,0.3622,1.4481,0.2995,0.4444,0.1667,6,0.0,3,0.0,3,STLA,3,3,690,693
602,151,63,0.4921,0.5142,0.6953,0.2511,0.4603,0.4694,49,,0,,0,STLA,3,4,753,756
652,164,63,0.4286,0.5,0.6931,0.25,0.4286,0.4286,63,,0,,0,STLA,3,5,816,819
703,176,63,0.4444,0.427,0.7146,0.2607,0.5556,0.5,2,,0,,0,STLA,3,6,879,882
753,189,63,0.4762,0.5061,0.6935,0.2502,0.4762,0.4762,63,,0,,0,STLA,3,7,942,945
804,201,63,0.5714,0.5571,0.6814,0.2442,0.4444,0.5333,15,0.8333,6,0.6667,3,STLA,3,8,1005,1008
400,101,63,0.5397,0.4383,0.6932,0.2499,0.4286,0.25,4,,0,,0,AMC,3,0,501,504
451,113,63,0.5556,0.5107,6.3949,0.4219,0.4444,,0,,0,,0,AMC,3,1,564,567
501,126,63,0.5873,0.5,0.6778,0.2424,0.4127,,0,,0,,0,AMC,3,2,627,630
552,138,63,0.5714,0.5005,1.1445,0.2592,0.3651,0.3333,12,0.3333,12,1.0,4,AMC,3,3,690,693
602,151,63,0.4286,0.5263,0.6915,0.2492,0.3968,0.4098,61,,0,,0,AMC,3,4,753,756
652,164,63,0.5714,0.6189,0.6915,0.2488,0.4444,1.0,1,1.0,1,,0,AMC,3,5,816,819
703,176,63,0.5556,0.5052,0.7056,0.255,0.4127,0.25,4,0.25,4,0.25,4,AMC,3,6,879,882
753,189,63,0.7302,0.4252,0.6631,0.2344,0.2698,,0,,0,,0,AMC,3,7,942,945
804,201,63,0.746,0.7147,0.5918,0.2013,0.3651,0.7059,17,0.7059,17,,0,AMC,3,8,1005,1008
400,101,63,0.4444,0.4218,0.9951,0.2751,0.6508,0.6,30,0.6,30,0.6,30,AFL,3,0,501,504
451,113,63,0.6667,0.398,0.6802,0.243,0.6667,0.6667,63,0.64,50,0.0,3,AFL,3,1,564,567
501,126,63,0.5714,0.4357,0.693,0.2514,0.6508,0.6296,54,0.6296,54,0.6275,51,AFL,3,2,627,630
552,138,63,0.5238,0.5253,1.6514,0.3005,0.5238,0.5238,63,0.5238,63,0.5238,63,AFL,3,3,690,693
602,151,63,0.6825,0.5839,1.0313,0.2162,0.6667,0.6774,62,0.6774,62,0.6909,55,AFL,3,4,753,756
652,164,63,0.4127,0.4403,0.7276,0.2665,0.4286,0.4074,54,0.4,15,0.3333,9,AFL,3,5,816,819
703,176,63,0.3968,0.5365,0.7446,0.2722,0.5714,0.4,10,0.4,10,0.4,10,AFL,3,6,879,882
753,189,63,0.5714,0.4158,0.708,0.2571,0.5397,0.5574,61,0.3529,17,0.3529,17,AFL,3,7,942,945
804,201,63,0.5238,0.6475,1.0748,0.2379,0.4762,0.5,58,0.8333,12,0.8333,12,AFL,3,8,1005,1008
400,101,63,0.5079,0.6225,0.7045,0.2545,0.5079,0.5079,63,0.5758,33,0.5862,29,ALL,3,0,501,504
451,113,63,0.5079,0.4816,0.9455,0.2707,0.4444,0.4444,27,0.4118,17,0.4118,17,ALL,3,1,564,567
501,126,63,0.4286,0.464,1.4565,0.2973,0.5714,,0,,0,,0,ALL,3,2,627,630
552,138,63,0.5714,0.4954,0.6883,0.2476,0.5714,0.5714,63,,0,,0,ALL,3,3,690,693
602,151,63,0.6032,0.3958,0.6943,0.2506,0.6032,0.6032,63,0.6,10,0.6,5,ALL,3,4,753,756
652,164,63,0.4762,0.4818,0.7,0.2534,0.4762,0.4762,63,,0,,0,ALL,3,5,816,819
703,176,63,0.5079,0.5,0.6937,0.2503,0.5079,0.5079,63,,0,,0,ALL,3,6,879,882
753,189,63,0.5714,0.5791,0.6869,0.2469,0.5397,0.6296,27,0.6667,3,,0,ALL,3,7,942,945
804,201,63,0.5238,0.5194,0.7109,0.2578,0.5556,0.5424,59,0.5517,58,,0,ALL,3,8,1005,1008
400,101,63,0.6032,0.5255,1.1629,0.2637,0.6349,0.6316,57,0.6316,57,0.6444,45,AIG,3,0,501,504
451,113,63,0.3968,0.5742,0.7626,0.2802,0.3968,0.3968,63,0.3968,63,0.6,10,AIG,3,1,564,567
501,126,63,0.6508,0.6228,0.6838,0.2453,0.6349,0.725,40,0.0,1,0.0,1,AIG,3,2,627,630
552,138,63,0.4286,0.3553,0.9953,0.2888,0.4921,0.4359,39,0.3571,28,0.2727,11,AIG,3,3,690,693
602,151,63,0.4921,0.5203,0.8783,0.3269,0.619,0.6129,31,0.6,25,0.65,20,AIG,3,4,753,756
652,164,63,0.3651,0.4151,0.7338,0.2702,0.4286,0.2593,27,0.2593,27,,0,AIG,3,5,816,819
703,176,63,0.5238,0.5152,0.6918,0.2493,0.5238,0.5238,63,,0,,0,AIG,3,6,879,882
753,189,63,0.5238,0.5665,1.3314,0.254,0.5079,0.5208,48,0.7143,14,0.7692,13,AIG,3,7,942,945
804,201,63,0.5714,0.5919,0.6682,0.238,0.5238,0.875,8,0.8571,7,1.0,6,AIG,3,8,1005,1008
400,101,63,0.3968,0.4052,3.8432,0.4761,0.6825,0.8571,7,0.8333,6,,0,AMP,3,0,501,504
451,113,63,0.5238,0.5843,0.7061,0.2563,0.5238,0.5238,63,0.5238,63,0.5238,63,AMP,3,1,564,567
501,126,63,0.7302,0.5217,0.61,0.2109,0.7302,0.7302,63,0.7302,63,1.0,2,AMP,3,2,627,630
552,138,63,0.4286,0.4056,0.7734,0.2878,0.4762,0.44,50,0.44,50,0.381,21,AMP,3,3,690,693
602,151,63,0.5079,0.5302,0.7006,0.2537,0.5079,0.5079,63,0.5079,63,,0,AMP,3,4,753,756
652,164,63,0.4921,0.4854,0.933,0.2621,0.4921,0.4921,63,0.3333,3,0.3333,3,AMP,3,5,816,819
703,176,63,0.4921,0.5066,0.7058,0.2559,0.4921,0.4857,35,0.4286,7,0.4286,7,AMP,3,6,879,882
753,189,63,0.6349,0.6411,0.6619,0.2345,0.6032,0.6471,51,0.6829,41,1.0,4,AMP,3,7,942,945
804,201,63,0.4127,0.5364,0.8516,0.3091,0.4127,0.4127,63,0.4255,47,0.4286,21,AMP,3,8,1005,1008
400,101,63,0.5873,0.5963,0.671,0.2391,0.5397,0.6818,22,0.6818,22,0.6818,22,AON,3,0,501,504
451,113,63,0.4603,0.5245,4.245,0.3989,0.6349,1.0,6,1.0,6,1.0,6,AON,3,1,564,567
501,126,63,0.6032,0.5837,0.7017,0.2537,0.6825,0.6875,48,0.8182,11,0.8182,11,AON,3,2,627,630
552,138,63,0.5238,0.4591,0.7196,0.2626,0.5238,0.5238,63,0.5238,63,0.5,54,AON,3,3,690,693
602,151,63,0.5397,0.5122,0.9171,0.2559,0.5397,0.5397,63,0.5397,63,0.6667,3,AON,3,4,753,756
652,164,63,0.5238,0.5046,2.3405,0.3148,0.5556,0.5581,43,,0,,0,AON,3,5,816,819
703,176,63,0.6032,0.5993,1.1138,0.2497,0.4921,0.5714,42,0.5714,42,,0,AON,3,6,879,882
753,189,63,0.4762,0.534,0.7295,0.2652,0.4603,0.4583,48,0.4634,41,0.5455,11,AON,3,7,942,945
804,201,63,0.5079,0.4859,0.7261,0.2639,0.4921,0.5,60,0.0,3,0.0,3,AON,3,8,1005,1008
400,101,63,0.5556,0.5235,1.8401,0.2934,0.5556,0.5556,63,0.5556,63,0.5217,46,APO,3,0,501,504
451,113,63,0.6032,0.6347,0.6471,0.2326,0.6032,0.6032,63,0.6154,52,0.6154,52,APO,3,1,564,567
501,126,63,0.4127,0.4309,0.8163,0.3091,0.7302,0.6452,31,1.0,4,1.0,1,APO,3,2,627,630
552,138,63,0.5079,0.5,0.7046,0.2556,0.5079,0.5079,63,0.5079,63,,0,APO,3,3,690,693
602,151,63,0.4444,0.4714,0.761,0.2819,0.4444,0.4444,63,0.4444,63,0.4286,28,APO,3,4,753,756
652,164,63,0.5397,0.4904,0.692,0.2494,0.5397,0.5397,63,0.5345,58,,0,APO,3,5,816,819
703,176,63,0.5079,0.5473,0.704,0.255,0.4286,0.46,50,0.4545,11,0.4545,11,APO,3,6,879,882
753,189,63,0.4921,0.4592,0.705,0.2559,0.4921,0.0,1,,0,,0,APO,3,7,942,945
804,201,63,0.6032,0.5449,0.679,0.243,0.4444,0.6667,9,,0,,0,APO,3,8,1005,1008
400,101,63,0.6667,0.6378,0.6346,0.2227,0.6667,0.6667,63,0.75,36,1.0,6,ACGL,3,0,501,504
451,113,63,0.4762,0.4288,4.6865,0.4085,0.4762,0.4746,59,0.4717,53,0.375,24,ACGL,3,1,564,567
501,126,63,0.4762,0.4096,1.66,0.2984,0.5238,0.5,58,0.4524,42,,0,ACGL,3,2,627,630
552,138,63,0.4762,0.4878,0.731,0.2677,0.4444,0.459,61,0.3636,11,0.3,10,ACGL,3,3,690,693
602,151,63,0.4127,0.5464,0.7151,0.2603,0.5556,0.0,2,0.0,2,0.0,1,ACGL,3,4,753,756
652,164,63,0.5079,0.5753,0.9612,0.2611,0.4762,0.4615,13,0.6667,9,1.0,5,ACGL,3,5,816,819
703,176,63,0.5397,0.4612,0.7297,0.2666,0.5556,0.56,50,0.5,26,0.48,25,ACGL,3,6,879,882
753,189,63,0.6667,0.4558,0.6658,0.2366,0.6667,0.6667,63,0.6087,23,0.7333,15,ACGL,3,7,942,945
804,201,63,0.5238,0.5862,4.901,0.3964,0.4921,1.0,1,1.0,1,1.0,1,ACGL,3,8,1005,1008
400,101,63,0.5238,0.5329,4.8998,0.4101,0.4286,0.4595,37,0.4595,37,0.4595,37,ARES,3,0,501,504
451,113,63,0.6349,0.6217,1.5801,0.2645,0.5397,0.6341,41,0.6341,41,0.6341,41,ARES,3,1,564,567
501,126,63,0.4762,0.5021,0.7327,0.2694,0.6032,0.619,21,,0,,0,ARES,3,2,627,630
552,138,63,0.5714,0.573,0.6849,0.2459,0.5714,0.5714,63,,0,,0,ARES,3,3,690,693
602,151,63,0.5238,0.5732,0.766,0.2771,0.5238,0.5238,63,0.5333,60,0.5333,60,ARES,3,4,753,756
652,164,63,0.619,0.6966,0.6457,0.2266,0.619,0.619,63,0.75,40,0.75,36,ARES,3,5,816,819
703,176,63,0.4444,0.3776,0.7765,0.2899,0.4444,0.4444,63,0.4444,63,0.4444,63,ARES,3,6,879,882
753,189,63,0.5714,0.5776,0.6616,0.2362,0.4921,0.5357,56,,0,,0,ARES,3,7,942,945
804,201,63,0.5238,0.5,0.6966,0.2517,0.5238,0.5238,63,0.5238,63,,0,ARES,3,8,1005,1008
400,101,63,0.5238,0.6652,0.7276,0.2649,0.5238,0.5238,63,0.5238,63,0.5517,58,AJG,3,0,501,504
451,113,63,0.4921,0.5239,1.3888,0.3438,0.6984,0.75,24,0.6667,15,0.6667,15,AJG,3,1,564,567
501,126,63,0.5714,0.464,0.9833,0.2777,0.5714,0.5918,49,0.5405,37,0.5405,37,AJG,3,2,627,630
552,138,63,0.6508,0.4435,1.1194,0.2454,0.6508,0.6508,63,0.6508,63,0.6508,63,AJG,3,3,690,693
602,151,63,0.6508,0.5,0.648,0.2277,0.6508,0.6508,63,0.6508,63,0.6508,63,AJG,3,4,753,756
652,164,63,0.4603,0.6214,0.7408,0.2733,0.4286,0.4426,61,0.4426,61,0.4426,61,AJG,3,5,816,819
703,176,63,0.4921,0.5,0.7162,0.2613,0.4921,0.4921,63,0.4921,63,,0,AJG,3,6,879,882
753,189,63,0.5079,0.5,0.7054,0.256,0.5079,0.5079,63,0.5079,63,,0,AJG,3,7,942,945
804,201,63,0.6032,0.6129,0.6774,0.2422,0.4921,1.0,6,1.0,6,,0,AJG,3,8,1005,1008
400,101,63,0.5397,0.4802,1.644,0.2912,0.5397,0.5397,63,0.5397,63,0.4545,11,AIZ,3,0,501,504
451,113,63,0.4286,0.4878,0.7302,0.2678,0.4603,0.434,53,0.4762,42,0.4706,34,AIZ,3,1,564,567
501,126,63,0.3651,0.5096,0.7304,0.2681,0.6667,1.0,2,1.0,2,1.0,2,AIZ,3,2,627,630
552,138,63,0.5397,0.3945,0.7102,0.2585,0.5397,0.5397,63,0.45,40,,0,AIZ,3,3,690,693
602,151,63,0.5079,0.7127,0.6998,0.2533,0.5079,0.5079,63,0.5079,63,0.6667,6,AIZ,3,4,753,756
652,164,63,0.4603,0.4441,0.7248,0.2653,0.4921,0.4348,23,0.3333,12,0.3333,12,AIZ,3,5,816,819
703,176,63,0.4603,0.5565,1.1996,0.2869,0.6349,0.6875,16,0.5,4,0.5,4,AIZ,3,6,879,882
753,189,63,0.381,0.6068,2.7746,0.3249,0.619,,0,,0,,0,AIZ,3,7,942,945
804,201,63,0.6508,0.5728,0.6422,0.2266,0.6349,0.6452,62,0.6667,51,0.7143,14,AIZ,3,8,1005,1008
400,101,63,0.5873,0.5733,0.957,0.2697,0.5873,0.6486,37,0.6486,37,0.6875,16,BAC,3,0,501,504
451,113,63,0.5238,0.7591,0.5599,0.2041,0.5397,0.6667,12,0.5714,7,0.5714,7,BAC,3,1,564,567
501,126,63,0.3651,0.5625,8.9563,0.596,0.6349,,0,,0,,0,BAC,3,2,627,630
552,138,63,0.4921,0.5207,0.6966,0.2514,0.5079,0.5,62,0.5833,12,0.5833,12,BAC,3,3,690,693
602,151,63,0.5873,0.7278,1.9524,0.3223,0.5238,0.5636,55,0.5741,54,0.5741,54,BAC,3,4,753,756
652,164,63,0.381,0.5059,0.7154,0.2607,0.619,,0,,0,,0,BAC,3,5,816,819
703,176,63,0.4127,0.447,0.7919,0.2971,0.5873,,0,,0,,0,BAC,3,6,879,882
753,189,63,0.5397,0.5172,0.6953,0.251,0.5397,0.5397,63,0.5484,62,0.5484,62,BAC,3,7,942,945
804,201,63,0.4762,0.4273,0.7081,0.2574,0.4762,0.4762,63,0.3846,26,0.5,2,BAC,3,8,1005,1008
400,101,63,0.381,0.3924,0.7279,0.2669,0.4762,0.4043,47,,0,,0,BLK,3,0,501,504
451,113,63,0.6508,0.5804,0.6705,0.2402,0.6508,0.6557,61,1.0,4,1.0,1,BLK,3,1,564,567
501,126,63,0.6667,0.4864,0.6599,0.2334,0.6667,0.6667,63,0.6667,63,0.6,5,BLK,3,2,627,630
552,138,63,0.4762,0.4456,1.6869,0.3111,0.5079,0.4912,57,0.4912,57,0.4912,57,BLK,3,3,690,693
602,151,63,0.4762,0.4345,0.7483,0.2762,0.4921,0.4839,62,0.4839,62,0.4231,26,BLK,3,4,753,756
652,164,63,0.6984,0.5197,0.6547,0.2308,0.6984,0.6984,63,0.6984,63,,0,BLK,3,5,816,819
703,176,63,0.4603,0.5446,0.7234,0.2648,0.4603,0.4603,63,0.4603,63,0.4884,43,BLK,3,6,879,882
753,189,63,0.6032,0.6174,0.6753,0.2412,0.4921,0.5714,42,0.5769,26,,0,BLK,3,7,942,945
804,201,63,0.5238,0.4782,0.7258,0.2638,0.5397,0.5345,58,0.5,16,0.5,14,BLK,3,8,1005,1008
400,101,63,0.4603,0.5217,1.0651,0.3212,0.5079,0.4783,46,0.4783,46,0.4783,46,BX,3,0,501,504
451,113,63,0.4286,0.5186,0.7201,0.2632,0.5079,0.45,40,0.6471,17,,0,BX,3,1,564,567
501,126,63,0.3968,0.4605,0.7084,0.2576,0.6032,,0,,0,,0,BX,3,2,627,630
552,138,63,0.5238,0.5394,1.1497,0.2633,0.5238,0.7143,7,0.6,5,0.6,5,BX,3,3,690,693
602,151,63,0.5079,0.4832,0.7452,0.2746,0.4444,0.4737,57,0.4737,57,0.4194,31,BX,3,4,753,756
652,164,63,0.7302,0.6458,0.6598,0.2364,0.619,0.6964,56,,0,,0,BX,3,5,816,819
703,176,63,0.381,0.351,4.3148,0.4271,0.381,0.381,63,0.381,63,0.1579,19,BX,3,6,879,882
753,189,63,0.5238,0.5576,0.9209,0.2563,0.4286,0.4694,49,,0,,0,BX,3,7,942,945
804,201,63,0.4444,0.4599,0.735,0.2689,0.4603,0.4375,48,,0,,0,BX,3,8,1005,1008
400,101,63,0.619,0.5123,0.6703,0.2387,0.619,0.619,63,0.6207,58,,0,BRO,3,0,501,504
451,113,63,0.6984,0.5126,0.8574,0.2264,0.6984,0.7119,59,0.7091,55,0.7037,54,BRO,3,1,564,567
501,126,63,0.5556,0.464,0.7184,0.2603,0.5714,0.5645,62,0.5738,61,0.5741,54,BRO,3,2,627,630
552,138,63,0.5238,0.2783,0.7802,0.2894,0.5238,0.5238,63,0.4828,58,0.4167,36,BRO,3,3,690,693
602,151,63,0.6825,0.5116,0.6632,0.2352,0.6825,0.6825,63,1.0,1,1.0,1,BRO,3,4,753,756
652,164,63,0.381,0.5538,0.9791,0.2865,0.3651,0.371,62,0.377,61,0.377,61,BRO,3,5,816,819
703,176,63,0.4444,0.5061,1.1847,0.279,0.4444,0.4444,63,0.4444,63,0.3333,3,BRO,3,6,879,882
753,189,63,0.4921,0.501,0.693,0.2501,0.4921,0.4921,63,0.5,2,0.5,2,BRO,3,7,942,945
804,201,63,0.4921,0.4688,0.7149,0.2592,0.5079,,0,,0,,0,BRO,3,8,1005,1008
400,101,63,0.4603,0.4857,0.7092,0.2579,0.4444,0.4375,48,,0,,0,COF,3,0,501,504
451,113,63,0.4921,0.4921,0.7257,0.2658,0.3968,0.4103,39,0.4211,38,0.4211,38,COF,3,1,564,567
501,126,63,0.381,0.4327,0.8489,0.3178,0.619,,0,,0,,0,COF,3,2,627,630
552,138,63,0.4444,0.4821,0.7304,0.2683,0.5556,0.5,10,,0,,0,COF,3,3,690,693
602,151,63,0.5556,0.6472,1.5473,0.2609,0.5079,0.5526,38,0.5676,37,0.625,32,COF,3,4,753,756
652,164,63,0.4127,0.6034,0.7089,0.2578,0.5714,0.3333,3,0.3333,3,0.5,2,COF,3,5,816,819
703,176,63,0.4444,0.44,0.734,0.2708,0.4921,0.46,50,0.4211,19,0.4211,19,COF,3,6,879,882
753,189,63,0.5238,0.4554,0.6963,0.2516,0.6349,0.6136,44,0.7,10,1.0,2,COF,3,7,942,945
804,201,63,0.3968,0.5547,1.9082,0.3176,0.3968,0.3968,63,0.3871,62,0.4571,35,COF,3,8,1005,1008
400,101,63,0.4762,0.4919,0.7568,0.2796,0.4762,0.4762,63,0.4762,63,0.4762,63,CBOE,3,0,501,504
451,113,63,0.5079,0.4726,0.7285,0.2661,0.5397,0.5283,53,0.5,6,0.5,6,CBOE,3,1,564,567
501,126,63,0.4921,0.5071,0.9468,0.2686,0.5238,0.5217,23,0.5,12,0.5,12,CBOE,3,2,627,630
552,138,63,0.5397,0.3677,0.7025,0.2553,0.5238,0.5333,60,0.3333,24,,0,CBOE,3,3,690,693
602,151,63,0.619,0.5821,0.6711,0.2392,0.5873,0.6182,55,1.0,1,1.0,1,CBOE,3,4,753,756
652,164,63,0.6349,0.5098,0.6784,0.2435,0.6349,0.6393,61,,0,,0,CBOE,3,5,816,819
703,176,63,0.5238,0.5904,0.697,0.2519,0.5238,0.5238,63,0.5238,63,,0,CBOE,3,6,879,882
753,189,63,0.5714,0.5167,1.1766,0.2731,0.4762,0.6364,11,0.6364,11,0.4,5,CBOE,3,7,942,945
804,201,63,0.6825,0.663,0.6144,0.212,0.6349,0.6724,58,0.7429,35,0.7429,35,CBOE,3,8,1005,1008
400,101,63,0.4603,0.5664,6.4202,0.5061,0.6984,0.9167,12,0.9167,12,1.0,1,SCHW,3,0,501,504
451,113,63,0.4921,0.5152,0.7005,0.254,0.4762,0.4839,62,0.4839,62,,0,SCHW,3,1,564,567
501,126,63,0.5079,0.5156,0.6957,0.2527,0.5079,0.5079,63,0.5079,63,1.0,1,SCHW,3,2,627,630
552,138,63,0.5873,0.5772,0.9451,0.2689,0.6349,0.7333,30,0.5,4,0.5,4,SCHW,3,3,690,693
602,151,63,0.5397,0.6704,0.6579,0.2346,0.5397,0.5397,63,1.0,13,1.0,2,SCHW,3,4,753,756
652,164,63,0.7302,0.5518,0.6492,0.2296,0.7302,0.7377,61,1.0,3,1.0,1,SCHW,3,5,816,819
703,176,63,0.5079,0.5025,4.1762,0.3762,0.5079,0.5079,63,0.5079,63,0.5238,42,SCHW,3,6,879,882
753,189,63,0.4762,0.4722,0.7537,0.2583,0.619,0.5682,44,0.5714,42,0.5714,42,SCHW,3,7,942,945
804,201,63,0.5079,0.5,0.7349,0.2696,0.5079,0.5079,63,0.5079,63,0.5079,63,SCHW,3,8,1005,1008
400,101,63,0.5079,0.4924,0.708,0.2575,0.5079,0.5079,63,0.5079,63,0.4667,15,CB,3,0,501,504
451,113,63,0.4762,0.5263,1.4212,0.2878,0.4762,0.4762,63,0.4762,63,0.5833,12,CB,3,1,564,567
501,126,63,0.5238,0.503,0.7126,0.259,0.5238,0.5254,59,0.4286,7,0.4286,7,CB,3,2,627,630
552,138,63,0.4603,0.5461,0.6983,0.2526,0.4603,0.4603,63,0.5,4,,0,CB,3,3,690,693
602,151,63,0.4921,0.5308,1.1922,0.2837,0.6825,0.8235,17,0.8235,17,1.0,1,CB,3,4,753,756
652,164,63,0.6508,0.625,0.6671,0.237,0.381,0.5556,18,0.7778,9,,0,CB,3,5,816,819
703,176,63,0.4444,0.5571,0.6927,0.2512,0.6508,0.875,8,0.875,8,0.875,8,CB,3,6,879,882
753,189,63,0.6508,0.4911,0.6703,0.2386,0.6508,0.6508,63,0.6,5,,0,CB,3,7,942,945
804,201,63,0.4921,0.4824,0.9541,0.2722,0.4921,0.4921,63,0.4865,37,0.4865,37,CB,3,8,1005,1008
400,101,63,0.4921,0.4939,0.7509,0.277,0.5556,0.5385,39,0.5429,35,,0,CINF,3,0,501,504
451,113,63,0.5873,0.5622,2.0586,0.287,0.5714,0.6,50,0.7,10,0.7,10,CINF,3,1,564,567
501,126,63,0.6349,0.569,0.6509,0.23,0.6349,0.6349,63,0.7368,19,0.7368,19,CINF,3,2,627,630
552,138,63,0.4603,0.6077,1.6478,0.2992,0.4444,0.4516,62,0.4643,56,0.4643,56,CINF,3,3,690,693
602,151,63,0.6508,0.6642,0.8194,0.2198,0.5873,0.6667,45,0.6667,45,0.6341,41,CINF,3,4,753,756
652,164,63,0.5556,0.5485,1.2025,0.2871,0.4762,0.55,20,0.55,20,0.55,20,CINF,3,5,816,819
703,176,63,0.6349,0.6091,1.1144,0.2466,0.5873,0.75,28,0.7059,17,0.7059,17,CINF,3,6,879,882
753,189,63,0.5397,0.5318,0.7167,0.2614,0.4921,0.5556,18,0.5556,18,0.5294,17,CINF,3,7,942,945
804,201,63,0.5079,0.5619,0.7637,0.2774,0.4603,0.4821,56,0.4821,56,0.5294,17,CINF,3,8,1005,1008
400,101,63,0.5556,0.5359,3.7022,0.3529,0.5873,0.6154,39,0.6154,39,0.6154,39,C,3,0,501,504
451,113,63,0.4762,0.4899,1.4373,0.2943,0.5238,0.5,60,0.5098,51,0.5833,12,C,3,1,564,567
501,126,63,0.5714,0.4726,4.203,0.3806,0.6032,0.6341,41,0.6341,41,0.0,5,C,3,2,627,630
552,138,63,0.619,0.5,0.6663,0.2367,0.619,0.619,63,0.619,63,,0,C,3,3,690,693
602,151,63,0.5397,0.4853,0.6976,0.2522,0.5397,0.5397,63,0.5323,62,,0,C,3,4,753,756
652,164,63,0.6984,0.5,0.6469,0.227,0.6984,0.6984,63,0.6984,63,,0,C,3,5,816,819
703,176,63,0.5714,0.4293,0.9367,0.2622,0.5873,0.5806,62,0.5652,46,0.5652,46,C,3,6,879,882
753,189,63,0.619,0.5043,0.6728,0.2401,0.619,0.619,63,0.6279,43,0.6667,9,C,3,7,942,945
804,201,63,0.5397,0.4066,1.2122,0.2892,0.5556,0.55,60,0.55,60,0.4643,28,C,3,8,1005,1008
400,101,63,0.4444,0.439,1.4279,0.2909,0.5079,0.3636,11,,0,,0,CFG,3,0,501,504
451,113,63,0.4603,0.477,0.7094,0.2576,0.619,0.5806,31,0.5806,31,0.6071,28,CFG,3,1,564,567
501,126,63,0.4921,0.4812,0.7036,0.2552,0.5397,0.525,40,0.4857,35,0.625,8,CFG,3,2,627,630
552,138,63,0.5079,0.4717,3.3263,0.3666,0.5714,0.5641,39,0.2,5,0.2,5,CFG,3,3,690,693
602,151,63,0.5556,0.5917,0.7181,0.2583,0.4921,0.5319,47,0.5581,43,0.55,20,CFG,3,4,753,756
652,164,63,0.6349,0.6549,1.098,0.2399,0.5873,0.6944,36,0.7931,29,0.7931,29,CFG,3,5,816,819
703,176,63,0.3968,0.4792,0.7397,0.2728,0.619,0.5556,9,0.5556,9,0.3333,6,CFG,3,6,879,882
753,189,63,0.6508,0.4529,0.6747,0.2408,0.6825,0.678,59,0.619,21,,0,CFG,3,7,942,945
804,201,63,0.4762,0.5639,0.7429,0.274,0.4603,0.4643,56,0.4643,56,0.4444,54,CFG,3,8,1005,1008
400,101,63,0.4921,0.5192,1.6918,0.3149,0.4762,0.4815,54,0.5,52,0.5,52,CME,3,0,501,504
451,113,63,0.4762,0.5243,0.7069,0.2567,0.4603,0.45,40,0.5238,21,0.5238,21,CME,3,1,564,567
501,126,63,0.4286,0.5417,0.8164,0.3077,0.5714,,0,,0,,0,CME,3,2,627,630
552,138,63,0.6508,0.5935,0.6673,0.2387,0.619,0.6667,51,0.75,4,0.75,4,CME,3,3,690,693
602,151,63,0.4921,0.542,0.6826,0.2452,0.6667,0.7083,24,0.6957,23,0.8333,6,CME,3,4,753,756
652,164,63,0.5714,0.6507,0.6313,0.2292,0.5714,0.5714,63,0.6038,53,0.6038,53,CME,3,5,816,819
703,176,63,0.4603,0.6562,1.2418,0.3,0.4603,0.4603,63,0.4426,61,0.5098,51,CME,3,6,879,882
753,189,63,0.4762,0.539,0.6761,0.2417,0.619,0.6364,22,0.8889,9,0.875,8,CME,3,7,942,945
804,201,63,0.3651,0.3534,0.759,0.2834,0.4127,0.3409,44,0.1111,9,0.125,8,CME,3,8,1005,1008
400,101,63,0.4921,0.5262,1.6489,0.2984,0.5079,0.5,56,0.5,56,0.5,56,ERIE,3,0,501,504
451,113,63,0.5238,0.5247,0.7404,0.27,0.5079,0.5167,60,0.5167,60,0.4375,16,ERIE,3,1,564,567
501,126,63,0.4921,0.3796,2.8163,0.34,0.5556,0.5283,53,0.5,46,0.5,46,ERIE,3,2,627,630
552,138,63,0.5079,0.5373,0.7041,0.2551,0.5079,0.5079,63,0.6111,18,0.4,5,ERIE,3,3,690,693
602,151,63,0.4762,0.4914,0.7108,0.2591,0.4603,0.4524,42,0.4524,42,0.4615,13,ERIE,3,4,753,756
652,164,63,0.4762,0.5457,0.7144,0.2605,0.5873,0.75,8,1.0,2,1.0,1,ERIE,3,5,816,819
703,176,63,0.4286,0.5598,0.7065,0.2565,0.381,0.3966,58,0.4211,19,0.5,2,ERIE,3,6,879,882
753,189,63,0.5556,0.64,0.6643,0.2361,0.6032,0.6786,28,0.7273,11,,0,ERIE,3,7,942,945
804,201,63,0.3968,0.4167,1.2244,0.2982,0.4762,0.375,32,0.3871,31,0.5,4,ERIE,3,8,1005,1008
400,101,63,0.5397,0.6136,1.1286,0.2602,0.4762,0.5128,39,0.5556,36,0.5429,35,FDS,3,0,501,504
451,113,63,0.5079,0.6182,0.7126,0.2474,0.4762,0.4918,61,0.7143,7,0.7143,7,FDS,3,1,564,567
501,126,63,0.4286,0.6031,1.402,0.2809,0.5556,0.4,5,0.5,2,0.5,2,FDS,3,2,627,630
552,138,63,0.5556,0.5257,0.9549,0.271,0.4921,0.5789,19,0.5556,18,0.5556,18,FDS,3,3,690,693
602,151,63,0.5238,0.5222,0.6947,0.2507,0.5238,0.5789,19,,0,,0,FDS,3,4,753,756
652,164,63,0.5079,0.5704,1.4286,0.2963,0.3492,0.3784,37,0.3784,37,0.3784,37,FDS,3,5,816,819
703,176,63,0.4921,0.5901,6.1247,0.4765,0.3333,0.3878,49,0.3878,49,0.3696,46,FDS,3,6,879,882
753,189,63,0.381,0.5355,0.7855,0.2948,0.5714,0.3333,9,0.3333,9,0.3333,9,FDS,3,7,942,945
804,201,63,0.4921,0.6279,0.914,0.2521,0.5873,0.7778,9,0.7778,9,0.7778,9,FDS,3,8,1005,1008
400,101,63,0.4444,0.3568,1.23,0.2983,0.6032,0.5283,53,0.52,50,0.52,50,FIS,3,0,501,504
451,113,63,0.5397,0.463,0.6947,0.2507,0.5397,0.5397,63,0.5397,63,0.25,4,FIS,3,1,564,567
501,126,63,0.6825,0.4651,0.6623,0.2347,0.6825,0.6825,63,0.661,59,1.0,1,FIS,3,2,627,630
552,138,63,0.4603,0.4234,0.7502,0.2777,0.4603,0.4603,63,0.4603,63,0.4151,53,FIS,3,3,690,693
602,151,63,0.4762,0.599,0.8077,0.2969,0.4762,0.4762,63,0.5091,55,0.525,40,FIS,3,4,753,756
652,164,63,0.5238,0.5131,0.6983,0.2524,0.4921,0.5091,55,0.25,4,0.25,4,FIS,3,5,816,819
703,176,63,0.5079,0.4807,0.6942,0.2505,0.4603,0.4,10,,0,,0,FIS,3,6,879,882
753,189,63,0.619,0.5811,0.6581,0.2342,0.3968,0.6667,3,0.6667,3,0.5,2,FIS,3,7,942,945
804,201,63,0.6984,0.6362,0.6733,0.24,0.381,0.6667,15,0.5833,12,0.5833,12,FIS,3,8,1005,1008
400,101,63,0.4921,0.5517,5.3407,0.4226,0.5397,1.0,2,1.0,2,,0,FITB,3,0,501,504
451,113,63,0.5079,0.5475,1.1612,0.264,0.4762,0.4872,39,0.6364,11,0.6364,11,FITB,3,1,564,567
501,126,63,0.4127,0.5865,0.7231,0.2649,0.619,0.75,4,1.0,1,1.0,1,FITB,3,2,627,630
552,138,63,0.4762,0.503,1.1627,0.2696,0.4762,0.4762,63,0.5,4,0.5,4,FITB,3,3,690,693
602,151,63,0.5079,0.6825,2.4539,0.2888,0.5079,0.5079,63,0.5079,63,0.5417,48,FITB,3,4,753,756
652,164,63,0.5873,0.5462,0.6698,0.2385,0.6349,0.675,40,0.675,40,0.6486,37,FITB,3,5,816,819
703,176,63,0.5079,0.3955,1.2258,0.295,0.5238,0.5161,62,0.48,25,0.48,25,FITB,3,6,879,882
753,189,63,0.619,0.6086,0.944,0.2602,0.6508,0.6393,61,0.875,8,1.0,1,FITB,3,7,942,945
804,201,63,0.4762,0.5303,0.7186,0.2625,0.4762,0.4762,63,0.4762,63,0.5263,19,FITB,3,8,1005,1008
400,101,63,0.6349,0.6095,3.8107,0.3133,0.4603,1.0,6,1.0,6,1.0,6,BEN,3,0,501,504
451,113,63,0.3175,0.4434,5.7577,0.5032,0.381,0.3333,57,0.3333,57,0.3617,47,BEN,3,1,564,567
501,126,63,0.4762,0.499,0.7028,0.2557,0.5238,0.5,2,0.5,2,0.5,2,BEN,3,2,627,630
552,138,63,0.4603,0.3914,0.953,0.2721,0.5238,0.3333,3,0.3333,3,1.0,1,BEN,3,3,690,693
602,151,63,0.6032,0.5998,1.1119,0.2475,0.4921,0.7143,14,0.7692,13,0.7692,13,BEN,3,4,753,756
652,164,63,0.381,0.5327,0.7151,0.2608,0.6508,0.75,4,0.75,4,,0,BEN,3,5,816,819
703,176,63,0.5397,0.5,0.6911,0.249,0.4603,,0,,0,,0,BEN,3,6,879,882
753,189,63,0.6032,0.5527,0.9291,0.2589,0.6349,0.6744,43,,0,,0,BEN,3,7,942,945
804,201,63,0.5714,0.6224,1.6242,0.2828,0.5714,0.5714,63,0.5714,63,0.5738,61,BEN,3,8,1005,1008
400,101,63,0.381,0.3997,1.0156,0.2984,0.4286,0.3,30,0.2759,29,0.381,21,GPN,3,0,501,504
451,113,63,0.3651,0.6375,7.535,0.5257,0.3651,0.3651,63,0.4259,54,0.4259,54,GPN,3,1,564,567
501,126,63,0.4762,0.5787,0.74,0.2727,0.5714,0.6364,11,1.0,2,1.0,2,GPN,3,2,627,630
552,138,63,0.4603,0.4904,0.7632,0.2828,0.5079,0.4,10,,0,,0,GPN,3,3,690,693
602,151,63,0.5079,0.6991,0.6672,0.2372,0.5079,0.5079,63,0.675,40,,0,GPN,3,4,753,756
652,164,63,0.5238,0.697,0.7098,0.2574,0.5238,0.5238,63,0.5238,63,0.5636,55,GPN,3,5,816,819
703,176,63,0.4603,0.5837,0.723,0.2633,0.4603,0.4603,63,0.5091,55,0.4,5,GPN,3,6,879,882
753,189,63,0.5238,0.6075,0.8737,0.2391,0.4603,0.48,25,0.7333,15,0.7333,15,GPN,3,7,942,945
804,201,63,0.4762,0.5114,0.8377,0.3049,0.4127,0.4186,43,0.4186,43,0.3824,34,GPN,3,8,1005,1008
400,101,63,0.4921,0.5389,1.8688,0.3033,0.5238,0.5082,61,0.5179,56,0.5185,54,GL,3,0,501,504
451,113,63,0.4603,0.4364,0.7151,0.2608,0.5238,0.4894,47,0.4894,47,,0,GL,3,1,564,567
501,126,63,0.619,0.4875,0.6833,0.2451,0.6667,0.6607,56,,0,,0,GL,3,2,627,630
552,138,63,0.6349,0.5674,0.6517,0.2297,0.6349,0.6349,63,0.6429,56,0.6774,31,GL,3,3,690,693
602,151,63,0.6032,0.5395,0.6523,0.2343,0.6032,0.6032,63,0.6296,54,0.6296,54,GL,3,4,753,756
652,164,63,0.5873,0.5679,0.666,0.237,0.5714,0.5806,62,0.5862,58,1.0,3,GL,3,5,816,819
703,176,63,0.4603,0.5167,0.7736,0.2848,0.4603,0.4545,55,0.48,50,0.4667,15,GL,3,6,879,882
753,189,63,0.5238,0.502,1.4141,0.2831,0.5079,0.5385,26,0.5714,14,,0,GL,3,7,942,945
804,201,63,0.6349,0.6512,0.6631,0.2349,0.5079,0.6452,31,0.6452,31,,0,GL,3,8,1005,1008
400,101,63,0.5873,0.5211,0.6927,0.2497,0.6032,0.6154,52,,0,,0,GS,3,0,501,504
451,113,63,0.6032,0.5263,0.6716,0.2393,0.6032,0.6032,63,0.6032,63,1.0,2,GS,3,1,564,567
501,126,63,0.619,0.5733,0.8711,0.2365,0.5873,0.6102,59,0.6102,59,0.6102,59,GS,3,2,627,630
552,138,63,0.5397,0.5015,0.8765,0.3087,0.5556,0.5484,62,0.5484,62,0.541,61,GS,3,3,690,693
602,151,63,0.5238,0.6823,1.3345,0.2603,0.5238,0.5238,63,0.5238,63,0.6897,29,GS,3,4,753,756
652,164,63,0.6349,0.4783,0.6854,0.2461,0.6349,0.6349,63,,0,,0,GS,3,5,816,819
703,176,63,0.5873,0.5062,0.6821,0.2443,0.5873,0.5873,63,0.5873,63,0.6,15,GS,3,6,879,882
753,189,63,0.6032,0.5126,0.6745,0.2407,0.6032,0.6032,63,0.6102,59,,0,GS,3,7,942,945
804,201,63,0.5556,0.4704,0.6989,0.2526,0.5556,0.5556,63,0.5556,63,0.5556,36,GS,3,8,1005,1008
400,101,63,0.6508,0.4534,0.6765,0.2416,0.6508,0.6508,63,0.619,42,0.619,42,HIG,3,0,501,504
451,113,63,0.4921,0.6875,1.1787,0.2812,0.4921,0.4921,63,0.4921,63,0.4921,63,HIG,3,1,564,567
501,126,63,0.6508,0.6347,3.2498,0.3368,0.6508,0.7568,37,0.7568,37,,0,HIG,3,2,627,630
552,138,63,0.5238,0.5484,0.6999,0.2535,0.5079,0.5161,62,0.5161,62,0.5333,60,HIG,3,3,690,693
602,151,63,0.7143,0.4987,0.9034,0.2434,0.746,0.7458,59,0.7458,59,,0,HIG,3,4,753,756
652,164,63,0.5397,0.5323,0.7105,0.2584,0.4921,0.5167,60,0.5085,59,0.5085,59,HIG,3,5,816,819
703,176,63,0.6667,0.6322,0.872,0.235,0.5714,0.6744,43,0.65,40,0.6579,38,HIG,3,6,879,882
753,189,63,0.6508,0.5816,0.6264,0.2203,0.5397,0.6071,56,0.5926,54,0.5814,43,HIG,3,7,942,945
804,201,63,0.5238,0.497,0.9314,0.2623,0.4762,0.5,60,0.5,60,0.4737,38,HIG,3,8,1005,1008
400,101,63,0.3333,0.3878,0.7974,0.2957,0.5556,0.1818,11,0.125,8,0.125,8,HBAN,3,0,501,504
451,113,63,0.5556,0.5842,1.1118,0.2501,0.5397,0.7143,14,0.7143,14,0.7143,14,HBAN,3,1,564,567
501,126,63,0.619,0.4576,0.7024,0.2532,0.6349,0.6333,60,0.5,4,0.5,4,HBAN,3,2,627,630
552,138,63,0.5079,0.4189,0.717,0.2616,0.5079,0.5079,63,0.4419,43,0.4419,43,HBAN,3,3,690,693
602,151,63,0.5556,0.6663,0.8291,0.2228,0.5556,0.5556,63,0.5556,63,0.875,16,HBAN,3,4,753,756
652,164,63,0.3968,0.3974,0.7691,0.2829,0.5556,0.2857,7,0.2857,7,0.1667,6,HBAN,3,5,816,819
703,176,63,0.5238,0.4645,0.701,0.2538,0.4286,0.2,5,0.2,5,0.5,2,HBAN,3,6,879,882
753,189,63,0.4286,0.5,0.7051,0.256,0.5714,,0,,0,,0,HBAN,3,7,942,945
804,201,63,0.3968,0.4679,1.0229,0.3018,0.3968,0.3968,63,0.3333,18,0.3333,18,HBAN,3,8,1005,1008
400,101,63,0.3016,0.4914,1.0604,0.4077,0.7143,1.0,1,1.0,1,1.0,1,IBKR,3,0,501,504
451,113,63,0.4603,0.4422,2.1862,0.4163,0.4603,0.4603,63,0.4603,63,0.4603,63,IBKR,3,1,564,567
501,126,63,0.7937,0.5452,0.5815,0.1952,0.7778,0.7903,62,0.7903,62,0.7903,62,IBKR,3,2,627,630
552,138,63,0.6825,0.5578,0.6231,0.2163,0.6667,0.6774,62,0.6774,62,0.6774,62,IBKR,3,3,690,693
602,151,63,0.4921,0.6174,0.7832,0.2916,0.4921,0.4921,63,0.4921,63,0.4921,63,IBKR,3,4,753,756
652,164,63,0.6349,0.5625,0.6518,0.2298,0.6349,0.6349,63,0.6349,63,0.6349,63,IBKR,3,5,816,819
703,176,63,0.5556,0.45,0.71,0.2573,0.5556,0.5556,63,0.4762,21,0.0,1,IBKR,3,6,879,882
753,189,63,0.5079,0.5,0.6956,0.2512,0.5079,0.5079,63,,0,,0,IBKR,3,7,942,945
804,201,63,0.5397,0.3996,0.6979,0.2523,0.5397,0.5397,63,0.5323,62,,0,IBKR,3,8,1005,1008
400,101,63,0.5079,0.5,0.6931,0.25,0.5079,0.5079,63,,0,,0,ICE,3,0,501,504
451,113,63,0.5873,0.4925,0.7315,0.2647,0.619,0.614,57,,0,,0,ICE,3,1,564,567
501,126,63,0.5238,0.4882,3.5433,0.366,0.619,0.6098,41,0.6098,41,,0,ICE,3,2,627,630
552,138,63,0.5556,0.5477,1.8463,0.2899,0.5397,0.5484,62,0.5484,62,0.5714,49,ICE,3,3,690,693
602,151,63,0.6508,0.6868,0.6365,0.2222,0.6508,0.6508,63,0.9444,18,0.9444,18,ICE,3,4,753,756
652,164,63,0.6349,0.606,0.6757,0.2412,0.5714,0.6226,53,0.3333,3,0.3333,3,ICE,3,5,816,819
703,176,63,0.2381,0.509,1.105,0.4351,0.2381,0.2381,63,0.2381,63,0.2419,62,ICE,3,6,879,882
753,189,63,0.3333,0.5238,0.6978,0.2523,0.6667,,0,,0,,0,ICE,3,7,942,945
804,201,63,0.4444,0.4684,0.7044,0.2556,0.4444,0.4444,63,0.0,1,,0,ICE,3,8,1005,1008
400,101,63,0.6032,0.5142,0.7583,0.2538,0.6032,0.6032,63,0.6364,33,0.6364,33,IVZ,3,0,501,504
451,113,63,0.5238,0.5152,0.7153,0.2609,0.5238,0.5238,63,0.5111,45,0.5227,44,IVZ,3,1,564,567
501,126,63,0.4444,0.4874,0.799,0.3005,0.6032,0.6154,13,0.5,4,0.6667,3,IVZ,3,2,627,630
552,138,63,0.4921,0.625,0.6895,0.2482,0.4921,0.4921,63,,0,,0,IVZ,3,3,690,693
602,151,63,0.6508,0.7163,3.9125,0.3511,0.3968,0.5349,43,0.5349,43,0.5349,43,IVZ,3,4,753,756
652,164,63,0.5714,0.5811,1.1369,0.2571,0.5556,0.5769,52,0.5769,52,0.7778,9,IVZ,3,5,816,819
703,176,63,0.5397,0.5427,0.7244,0.2642,0.5714,0.6129,31,,0,,0,IVZ,3,6,879,882
753,189,63,0.5556,0.4653,0.7089,0.2574,0.6032,0.5862,58,,0,,0,IVZ,3,7,942,945
804,201,63,0.6032,0.4952,0.6747,0.2408,0.619,0.6167,60,0.6167,60,,0,IVZ,3,8,1005,1008
400,101,63,0.6508,0.5948,0.6647,0.2358,0.4603,0.6522,23,0.6522,23,0.7143,7,JKHY,3,0,501,504
451,113,63,0.5873,0.646,0.6611,0.2346,0.5238,0.6129,31,0.6818,22,0.7,20,JKHY,3,1,564,567
501,126,63,0.4444,0.4468,0.7982,0.3002,0.6032,0.5455,33,0.5455,22,0.5455,22,JKHY,3,2,627,630
552,138,63,0.5079,0.5921,2.2654,0.2903,0.3968,0.4118,34,1.0,1,,0,JKHY,3,3,690,693
602,151,63,0.5714,0.5837,0.6921,0.2496,0.5556,0.625,32,0.6923,13,1.0,1,JKHY,3,4,753,756
652,164,63,0.3651,0.3369,1.6722,0.3059,0.4286,0.3243,37,0.3333,6,0.3333,6,JKHY,3,5,816,819
703,176,63,0.5556,0.6381,2.3993,0.3438,0.4921,0.5263,57,0.5263,57,0.5357,56,JKHY,3,6,879,882
753,189,63,0.4603,0.6795,0.706,0.2564,0.5714,1.0,2,1.0,2,,0,JKHY,3,7,942,945
804,201,63,0.4603,0.5353,0.6916,0.2508,0.4921,0.4746,59,1.0,1,1.0,1,JKHY,3,8,1005,1008
400,101,63,0.4444,0.5874,0.9569,0.2751,0.5238,0.4167,12,0.4167,12,0.4167,12,ABBV,3,0,501,504
451,113,63,0.4286,0.4168,1.2978,0.3291,0.6032,0.5294,34,0.4839,31,0.4839,31,ABBV,3,1,564,567
501,126,63,0.4921,0.4746,2.1301,0.3177,0.5397,0.5208,48,0.5208,48,,0,ABBV,3,2,627,630
552,138,63,0.4921,0.4767,0.7513,0.2769,0.4603,0.4727,55,0.4727,55,0.3158,19,ABBV,3,3,690,693
602,151,63,0.3968,0.4224,0.9538,0.2712,0.5556,0.4516,31,0.5,2,0.5,2,ABBV,3,4,753,756
652,164,63,0.5238,0.4745,0.7062,0.2569,0.6508,0.6222,45,1.0,2,1.0,2,ABBV,3,5,816,819
703,176,63,0.5873,0.5771,0.6784,0.2424,0.5397,0.569,58,0.569,58,0.75,4,ABBV,3,6,879,882
753,189,63,0.5714,0.5756,0.6841,0.2455,0.5397,0.5686,51,0.5686,51,0.5897,39,ABBV,3,7,942,945
804,201,63,0.4286,0.4568,1.4662,0.3069,0.4286,0.4286,63,0.4286,63,0.25,8,ABBV,3,8,1005,1008
400,101,63,0.4762,0.4612,1.205,0.2832,0.5079,0.4909,55,,0,,0,A,3,0,501,504
451,113,63,0.4444,0.4586,2.6569,0.3584,0.5238,0.4688,32,0.4688,32,,0,A,3,1,564,567
501,126,63,0.5079,0.5842,0.6829,0.245,0.4603,0.4833,60,,0,,0,A,3,2,627,630
552,138,63,0.5397,0.6393,0.6508,0.2328,0.5556,0.6875,16,0.6875,16,0.6875,16,A,3,3,690,693
602,151,63,0.381,0.5673,6.6005,0.5021,0.381,0.381,63,0.3871,62,0.3871,62,A,3,4,753,756
652,164,63,0.3968,0.4505,0.6969,0.2519,0.5556,0.2857,7,,0,,0,A,3,5,816,819
703,176,63,0.5238,0.4647,0.7118,0.2582,0.619,0.5882,51,0.5854,41,1.0,2,A,3,6,879,882
753,189,63,0.619,0.504,1.7718,0.2606,0.3333,0.2857,7,0.0,4,0.0,4,A,3,7,942,945
804,201,63,0.4444,0.5571,2.3449,0.3944,0.4444,0.4444,63,0.463,54,0.4706,51,A,3,8,1005,1008
400,101,63,0.5079,0.5309,0.6895,0.2484,0.5714,0.5714,35,0.6129,31,0.6667,6,ALGN,3,0,501,504
451,113,63,0.4603,0.697,0.6741,0.2427,0.4127,0.431,58,0.5938,32,0.5938,32,ALGN,3,1,564,567
501,126,63,0.3651,0.4128,6.1257,0.4791,0.4444,0.375,48,0.383,47,0.383,47,ALGN,3,2,627,630
552,138,63,0.5079,0.5655,0.7019,0.2543,0.4921,,0,,0,,0,ALGN,3,3,690,693
602,151,63,0.5714,0.5103,0.6879,0.2474,0.4286,,0,,0,,0,ALGN,3,4,753,756
652,164,63,0.4286,0.6152,0.7058,0.2563,0.5714,,0,,0,,0,ALGN,3,5,816,819
703,176,63,0.5397,0.5664,1.0993,0.2468,0.5397,0.5397,63,0.5254,59,0.8,10,ALGN,3,6,879,882
753,189,63,0.5714,0.5538,0.6803,0.2436,0.5397,0.5714,49,0.5714,49,,0,ALGN,3,7,942,945
804,201,63,0.4762,0.4465,1.4373,0.2963,0.4762,0.4571,35,0.4571,35,0.48,25,ALGN,3,8,1005,1008
400,101,63,0.4762,0.5,0.7433,0.2742,0.4762,0.4762,63,0.4762,63,0.4762,63,AMGN,3,0,501,504
451,113,63,0.5238,0.5273,0.6974,0.2521,0.5238,0.5238,63,0.5238,63,0.6667,6,AMGN,3,1,564,567
501,126,63,0.4603,0.4714,0.9251,0.337,0.5556,0.5161,31,,0,,0,AMGN,3,2,627,630
552,138,63,0.5397,0.5071,0.6952,0.2509,0.5397,0.5397,63,0.5397,63,0.5,6,AMGN,3,3,690,693
602,151,63,0.5238,0.5424,1.1274,0.2563,0.4762,0.5,54,,0,,0,AMGN,3,4,753,756
652,164,63,0.5238,0.5203,0.6931,0.25,0.5397,0.5588,34,0.5455,33,,0,AMGN,3,5,816,819
703,176,63,0.5238,0.5667,0.6991,0.2527,0.4762,0.5,44,0.5116,43,0.6,10,AMGN,3,6,879,882
753,189,63,0.5079,0.579,1.5913,0.2708,0.5873,0.65,20,0.5,2,0.5,2,AMGN,3,7,942,945
804,201,63,0.4762,0.5239,0.6954,0.2514,0.4127,0.4407,59,0.4118,34,,0,AMGN,3,8,1005,1008
400,101,63,0.6349,0.605,1.385,0.2713,0.4603,0.6,30,0.5862,29,0.0,2,BAX,3,0,501,504
451,113,63,0.5556,0.5974,0.6978,0.2522,0.3968,0.4651,43,0.4651,43,,0,BAX,3,1,564,567
501,126,63,0.5714,0.5343,1.1818,0.2751,0.5079,0.619,21,0.5625,16,0.0,3,BAX,3,2,627,630
552,138,63,0.5556,0.5975,0.6959,0.2496,0.4762,0.75,4,1.0,1,1.0,1,BAX,3,3,690,693
602,151,63,0.4286,0.428,0.6983,0.2526,0.5397,0.4545,22,0.0,2,,0,BAX,3,4,753,756
652,164,63,0.5397,0.5187,0.6898,0.2483,0.4762,0.6667,3,1.0,1,1.0,1,BAX,3,5,816,819
703,176,63,0.4603,0.5582,0.6867,0.2469,0.4127,0.4333,60,1.0,1,1.0,1,BAX,3,6,879,882
753,189,63,0.4127,0.4284,0.7185,0.2626,0.6032,1.0,1,,0,,0,BAX,3,7,942,945
804,201,63,0.5079,0.4532,0.7329,0.2662,0.4286,0.25,8,0.25,4,0.25,4,BAX,3,8,1005,1008
400,101,63,0.5714,0.5601,1.3904,0.2711,0.5238,0.5536,56,0.587,46,0.587,46,BDX,3,0,501,504
451,113,63,0.4286,0.4332,0.8031,0.3022,0.4444,0.3947,38,0.3947,38,0.3947,38,BDX,3,1,564,567
501,126,63,0.5079,0.5313,0.7232,0.2632,0.5238,0.5278,36,0.5429,35,0.5429,35,BDX,3,2,627,630
552,138,63,0.5714,0.6174,0.6553,0.2362,0.5079,0.5806,31,0.5806,31,0.6875,16,BDX,3,3,690,693
602,151,63,0.5556,0.602,0.7016,0.2539,0.4444,0.5,44,0.5,40,0.5556,18,BDX,3,4,753,756
652,164,63,0.5873,0.6271,0.6633,0.2352,0.5714,0.5893,56,0.6596,47,,0,BDX,3,5,816,819
703,176,63,0.4127,0.3421,0.7452,0.275,0.3968,0.3333,36,0.3125,32,,0,BDX,3,6,879,882
753,189,63,0.5079,0.6139,0.6859,0.2464,0.5079,0.5714,7,,0,,0,BDX,3,7,942,945
804,201,63,0.3492,0.439,7.4423,0.5663,0.3175,0.3279,61,0.3333,60,0.3061,49,BDX,3,8,1005,1008
400,101,63,0.6349,0.3739,0.6881,0.2475,0.6349,0.6349,63,0.625,8,,0,TECH,3,0,501,504
451,113,63,0.381,0.4183,0.7331,0.2712,0.381,0.3077,39,0.3158,38,0.5,2,TECH,3,1,564,567
501,126,63,0.4921,0.5726,1.5884,0.2744,0.4921,0.4912,57,0.4912,57,0.6923,13,TECH,3,2,627,630
552,138,63,0.6349,0.7712,0.972,0.1977,0.5079,0.5882,51,0.75,28,0.875,16,TECH,3,3,690,693
602,151,63,0.3492,0.702,2.2264,0.4288,0.2698,0.2931,58,0.2931,58,0.2931,58,TECH,3,4,753,756
652,164,63,0.4762,0.5146,0.9299,0.2617,0.4762,0.44,25,0.5556,18,0.5556,18,TECH,3,5,816,819
703,176,63,0.5714,0.5644,0.6891,0.2479,0.5397,0.566,53,,0,,0,TECH,3,6,879,882
753,189,63,0.5714,0.6303,0.726,0.2633,0.5238,0.75,12,1.0,2,1.0,2,TECH,3,7,942,945
804,201,63,0.3333,0.3199,0.9123,0.344,0.4444,0.1818,22,0.1818,22,0.1818,22,TECH,3,8,1005,1008
400,101,63,0.3968,0.5932,0.8967,0.2503,0.3968,0.3774,53,0.8333,6,0.8333,6,BIIB,3,0,501,504
451,113,63,0.4762,0.4909,0.7552,0.276,0.4921,0.4167,12,0.625,8,0.625,8,BIIB,3,1,564,567
501,126,63,0.5714,0.5158,0.7033,0.2548,0.3968,0.4375,16,0.4375,16,0.4375,16,BIIB,3,2,627,630
552,138,63,0.5397,0.4821,0.6929,0.2498,0.3968,0.375,16,0.0,2,0.0,2,BIIB,3,3,690,693
602,151,63,0.5079,0.5153,2.6057,0.3315,0.4444,0.4,15,0.4,15,0.4,15,BIIB,3,4,753,756
652,164,63,0.4921,0.565,0.6996,0.2543,0.5079,,0,,0,,0,BIIB,3,5,816,819
703,176,63,0.4444,0.7281,0.6535,0.2313,0.5556,,0,,0,,0,BIIB,3,6,879,882
753,189,63,0.5397,0.5351,0.7184,0.2614,0.6667,0.6757,37,,0,,0,BIIB,3,7,942,945
804,201,63,0.5079,0.5187,0.6979,0.2536,0.5238,0.5208,48,0.5208,48,0.5333,30,BIIB,3,8,1005,1008
400,101,63,0.4921,0.423,1.8863,0.3054,0.4444,0.3,10,0.3,10,0.3,10,BMY,3,0,501,504
451,113,63,0.4127,0.3934,1.2214,0.2958,0.4444,0.3953,43,0.2,5,0.2,5,BMY,3,1,564,567
501,126,63,0.4603,0.5183,0.9359,0.2639,0.5397,0.5,2,,0,,0,BMY,3,2,627,630
552,138,63,0.3651,0.3935,0.7743,0.2876,0.5714,0.4333,30,0.625,8,,0,BMY,3,3,690,693
602,151,63,0.4127,0.4102,0.7409,0.2732,0.4444,0.4237,59,0.35,20,0.1,10,BMY,3,4,753,756
652,164,63,0.5238,0.5727,0.6806,0.2439,0.4762,0.5,48,0.7143,7,0.7143,7,BMY,3,5,816,819
703,176,63,0.381,0.5075,0.9306,0.2597,0.381,0.381,63,0.5,2,0.5,2,BMY,3,6,879,882
753,189,63,0.4127,0.5369,1.1964,0.2849,0.5873,,0,,0,,0,BMY,3,7,942,945
804,201,63,0.6032,0.6768,0.6666,0.2369,0.381,0.4872,39,0.8,5,0.8,5,BMY,3,8,1005,1008
400,101,63,0.5079,0.437,0.7548,0.2783,0.4921,0.5,50,0.5,50,0.5,50,CAH,3,0,501,504
451,113,63,0.5238,0.3051,1.4513,0.3005,0.5556,0.541,61,0.375,24,0.0,4,CAH,3,1,564,567
501,126,63,0.5556,0.5,0.6879,0.2474,0.5556,0.5556,63,,0,,0,CAH,3,2,627,630
552,138,63,0.4444,0.44,1.2948,0.3281,0.6032,0.5517,29,0.5517,29,,0,CAH,3,3,690,693
602,151,63,0.6349,0.5,0.6753,0.2411,0.6349,0.6349,63,,0,,0,CAH,3,4,753,756
652,164,63,0.4762,0.5697,0.708,0.2573,0.4762,0.4762,63,0.4762,63,,0,CAH,3,5,816,819
703,176,63,0.5556,0.3614,0.9048,0.2508,0.6508,0.6226,53,0.6154,52,0.5682,44,CAH,3,6,879,882
753,189,63,0.381,0.5,0.6969,0.2519,0.619,,0,,0,,0,CAH,3,7,942,945
804,201,63,0.4127,0.4652,0.7379,0.2721,0.4127,0.4127,63,0.4127,63,0.2,5,CAH,3,8,1005,1008
400,101,63,0.5556,0.5628,0.6891,0.248,0.5556,0.5556,63,,0,,0,CRL,3,0,501,504
451,113,63,0.4444,0.6724,3.6754,0.3493,0.4444,0.4444,63,0.4444,63,0.5581,43,CRL,3,1,564,567
501,126,63,0.4286,0.4995,6.5756,0.4896,0.4127,0.4194,62,0.4194,62,0.4194,62,CRL,3,2,627,630
552,138,63,0.4921,0.4612,0.7444,0.2727,0.4921,0.4915,59,0.4,15,0.4286,14,CRL,3,3,690,693
602,151,63,0.4921,0.4859,0.6953,0.2511,0.4921,0.4921,63,0.4286,7,,0,CRL,3,4,753,756
652,164,63,0.4286,0.5,0.6961,0.2515,0.5714,,0,,0,,0,CRL,3,5,816,819
703,176,63,0.5079,0.6237,0.6648,0.2404,0.4603,0.4808,52,0.6316,19,0.6316,19,CRL,3,6,879,882
753,189,63,0.6508,0.6725,2.9395,0.3013,0.619,0.7742,31,0.7778,9,0.7778,9,CRL,3,7,942,945
804,201,63,0.4762,0.4696,0.7214,0.2636,0.5397,0.5111,45,0.5111,45,0.5111,45,CRL,3,8,1005,1008
400,101,63,0.5873,0.6632,0.7181,0.2464,0.4127,,0,,0,,0,COO,3,0,501,504
451,113,63,0.4286,0.3387,0.7775,0.2861,0.4921,0.1429,7,,0,,0,COO,3,1,564,567
501,126,63,0.4762,0.6515,0.7091,0.2576,0.5238,,0,,0,,0,COO,3,2,627,630
552,138,63,0.6349,0.6445,0.6593,0.2334,0.4286,0.5526,38,,0,,0,COO,3,3,690,693
602,151,63,0.6032,0.4889,1.5615,0.2623,0.6032,0.6032,63,0.5882,51,0.5882,51,COO,3,4,753,756
652,164,63,0.5079,0.4839,0.6999,0.2533,0.5079,0.5079,63,0.0,1,0.0,1,COO,3,5,816,819
703,176,63,0.5714,0.6141,2.0394,0.2816,0.5238,0.5556,54,0.6429,28,0.6429,28,COO,3,6,879,882
753,189,63,0.6349,0.5725,1.1008,0.2448,0.5714,0.6182,55,,0,,0,COO,3,7,942,945
804,201,63,0.3968,0.4424,1.0635,0.3195,0.3175,0.3125,48,0.3125,48,0.3261,46,COO,3,8,1005,1008
400,101,63,0.4762,0.4642,1.2076,0.2871,0.5079,0.4762,21,0.5,20,0.5,20,CVS,3,0,501,504
451,113,63,0.5079,0.4723,1.518,0.3022,0.5079,0.5079,63,0.4667,30,0.4667,30,CVS,3,1,564,567
501,126,63,0.5079,0.4914,0.6977,0.2523,0.5079,0.5102,49,0.5,48,,0,CVS,3,2,627,630
552,138,63,0.5079,0.4539,0.7363,0.2701,0.5397,0.5385,39,0.5385,39,0.4,10,CVS,3,3,690,693
602,151,63,0.4286,0.4753,1.7689,0.3446,0.5714,0.5,12,0.5,12,,0,CVS,3,4,753,756
652,164,63,0.5714,0.5616,0.6958,0.2512,0.4762,0.5333,45,0.5366,41,0.4848,33,CVS,3,5,816,819
703,176,63,0.4762,0.443,0.7456,0.2756,0.6825,0.6562,32,,0,,0,CVS,3,6,879,882
753,189,63,0.6349,0.5652,0.6694,0.2382,0.6349,0.6349,63,1.0,1,1.0,1,CVS,3,7,942,945
804,201,63,0.5079,0.5126,0.726,0.2661,0.5238,0.5167,60,0.46,50,0.5,46,CVS,3,8,1005,1008
400,101,63,0.4127,0.3585,2.8908,0.3696,0.5397,0.3636,11,0.3636,11,0.3636,11,DHR,3,0,501,504
451,113,63,0.5556,0.5372,0.6818,0.2445,0.5556,0.5556,63,0.6667,9,0.6667,9,DHR,3,1,564,567
501,126,63,0.4762,0.6136,0.69,0.2484,0.4762,0.4762,63,0.5833,24,0.5833,24,DHR,3,2,627,630
552,138,63,0.5556,0.6197,1.87,0.2883,0.4762,0.5172,58,0.6098,41,0.6098,41,DHR,3,3,690,693
602,151,63,0.4603,0.4456,0.7817,0.2915,0.4921,0.4746,59,0.4746,59,0.46,50,DHR,3,4,753,756
652,164,63,0.619,0.5776,0.6694,0.2382,0.5556,0.5965,57,,0,,0,DHR,3,5,816,819
703,176,63,0.4444,0.4969,0.7115,0.2591,0.4286,0.42,50,0.4286,49,,0,DHR,3,6,879,882
753,189,63,0.5556,0.5386,0.6988,0.2526,0.5714,0.7222,18,0.7222,18,,0,DHR,3,7,942,945
804,201,63,0.6032,0.643,2.1296,0.3166,0.3175,0.4194,31,0.4194,31,0.4194,31,DHR,3,8,1005,1008
400,101,63,0.4762,0.4444,1.4583,0.3465,0.5714,0.5366,41,0.5366,41,0.5366,41,DVA,3,0,501,504
451,113,63,0.4444,0.5398,0.7746,0.289,0.4444,0.4444,63,0.4444,63,0.4444,63,DVA,3,1,564,567
501,126,63,0.5079,0.5338,0.692,0.2494,0.5079,0.5079,63,,0,,0,DVA,3,2,627,630
552,138,63,0.3333,0.2863,1.6912,0.3121,0.6667,,0,,0,,0,DVA,3,3,690,693
602,151,63,0.4921,0.4546,0.702,0.2544,0.4921,0.4921,63,0.3333,3,,0,DVA,3,4,753,756
652,164,63,0.4603,0.5167,0.7066,0.2567,0.4603,0.4603,63,0.4706,51,,0,DVA,3,5,816,819
703,176,63,0.4921,0.5,0.6957,0.2513,0.4921,0.4921,63,,0,,0,DVA,3,6,879,882
753,189,63,0.6032,0.5,0.6861,0.2465,0.3968,,0,,0,,0,DVA,3,7,942,945
804,201,63,0.3968,0.5068,0.939,0.2653,0.6032,,0,,0,,0,DVA,3,8,1005,1008
400,101,63,0.6508,0.6237,0.696,0.2444,0.4603,0.8182,11,0.8333,6,0.8333,6,DXCM,3,0,501,504
451,113,63,0.4762,0.5088,0.784,0.291,0.4127,0.3939,33,0.3939,33,0.375,32,DXCM,3,1,564,567
501,126,63,0.4762,0.5308,3.7984,0.3926,0.4762,0.4706,51,0.4706,51,0.4444,45,DXCM,3,2,627,630
552,138,63,0.381,0.4878,1.3786,0.2715,0.6508,0.625,8,0.625,8,0.625,8,DXCM,3,3,690,693
602,151,63,0.381,0.3851,0.7126,0.2597,0.5079,0.2667,15,0.2667,15,,0,DXCM,3,4,753,756
652,164,63,0.5238,0.4434,2.781,0.3269,0.5238,0.5238,63,0.4615,26,0.4615,26,DXCM,3,5,816,819
703,176,63,0.4286,0.4501,0.7175,0.2621,0.4286,0.4286,63,0.4182,55,0.0,1,DXCM,3,6,879,882
753,189,63,0.3651,0.5,0.6947,0.2508,0.6349,,0,,0,,0,DXCM,3,7,942,945
804,201,63,0.5238,0.5307,0.905,0.2514,0.4921,0.5085,59,,0,,0,DXCM,3,8,1005,1008
400,101,63,0.5873,0.5625,1.365,0.2634,0.4921,0.5532,47,0.5349,43,,0,EW,3,0,501,504
451,113,63,0.5397,0.5806,0.6748,0.2414,0.5079,0.5294,51,0.5526,38,0.7143,7,EW,3,1,564,567
501,126,63,0.5397,0.5653,1.815,0.281,0.5556,0.5682,44,0.6111,36,0.6111,36,EW,3,2,627,630
552,138,63,0.4921,0.5641,0.6986,0.2529,0.5238,0.5217,23,0.5,22,0.4444,18,EW,3,3,690,693
602,151,63,0.5079,0.5694,1.6286,0.2864,0.4444,0.4706,51,0.4706,51,0.5417,24,EW,3,4,753,756
652,164,63,0.5714,0.5409,0.7121,0.26,0.4762,0.5714,21,0.6,5,,0,EW,3,5,816,819
703,176,63,0.3016,0.3119,0.7335,0.2701,0.5397,0.3529,34,0.4444,9,,0,EW,3,6,879,882
753,189,63,0.5873,0.567,0.6685,0.238,0.4921,0.5455,55,,0,,0,EW,3,7,942,945
804,201,63,0.5873,0.6391,2.0287,0.2831,0.5079,0.5517,58,0.551,49,0.5532,47,EW,3,8,1005,1008
400,101,63,0.4603,0.6652,0.7495,0.2784,0.3492,0.3846,52,0.3846,52,0.3846,52,GILD,3,0,501,504
451,113,63,0.5238,0.569,1.1628,0.2686,0.5397,0.7,10,0.6667,9,0.625,8,GILD,3,1,564,567
501,126,63,0.3175,0.4556,1.0396,0.3114,0.7143,0.6,10,0.6,10,0.6,10,GILD,3,2,627,630
552,138,63,0.4762,0.5051,1.6857,0.313,0.5714,0.5652,23,0.5652,23,0.5,10,GILD,3,3,690,693
602,151,63,0.5079,0.3641,1.5883,0.355,0.5397,0.5246,61,0.5246,61,0.449,49,GILD,3,4,753,756
652,164,63,0.619,0.6913,0.6603,0.2338,0.5556,0.6122,49,0.625,48,0.617,47,GILD,3,5,816,819
703,176,63,0.5397,0.6727,1.1193,0.2526,0.4762,0.5085,59,0.5385,52,0.8,10,GILD,3,6,879,882
753,189,63,0.4921,0.3853,0.7601,0.2809,0.6349,0.5769,52,0.5686,51,,0,GILD,3,7,942,945
804,201,63,0.5397,0.5658,0.6567,0.2344,0.3968,0.46,50,0.4167,12,0.4167,12,GILD,3,8,1005,1008
400,101,63,0.5238,0.5056,0.7114,0.2585,0.4444,0.45,20,,0,,0,HCA,3,0,501,504
451,113,63,0.4603,0.4859,0.7258,0.2625,0.6349,0.5882,34,0.65,20,0.65,20,HCA,3,1,564,567
501,126,63,0.3968,0.3964,0.8295,0.3,0.7302,0.6667,24,0.6364,22,0.5714,14,HCA,3,2,627,630
552,138,63,0.3492,0.4967,1.8684,0.3863,0.3651,0.3548,62,0.3548,62,0.3548,62,HCA,3,3,690,693
602,151,63,0.6032,0.6363,0.6569,0.2323,0.6032,0.6032,63,0.6129,62,0.7241,29,HCA,3,4,753,756
652,164,63,0.5238,0.618,0.6704,0.239,0.5873,0.8889,9,1.0,6,1.0,6,HCA,3,5,816,819
703,176,63,0.619,0.5778,1.2391,0.2182,0.746,0.7674,43,0.8,25,0.8,25,HCA,3,6,879,882
753,189,63,0.5714,0.4146,0.7039,0.2546,0.5714,0.5714,63,0.5417,48,0.5319,47,HCA,3,7,942,945
804,201,63,0.3492,0.4426,0.7749,0.2902,0.3968,0.3261,46,0.3261,46,0.3261,46,HCA,3,8,1005,1008
400,101,63,0.3333,0.5238,0.7344,0.2705,0.3333,0.3333,63,0.3333,63,,0,HSIC,3,0,501,504
451,113,63,0.4286,0.4414,0.7125,0.2597,0.4286,0.4082,49,0.2,5,0.2,5,HSIC,3,1,564,567
501,126,63,0.5397,0.3971,0.9399,0.2655,0.4603,,0,,0,,0,HSIC,3,2,627,630
552,138,63,0.5397,0.4702,0.7039,0.2551,0.5714,0.6667,21,0.6667,21,0.6667,21,HSIC,3,3,690,693
602,151,63,0.7302,0.6512,0.6277,0.2179,0.381,0.7692,13,0.7692,13,0.7692,13,HSIC,3,4,753,756
652,164,63,0.4603,0.5644,0.6938,0.2544,0.5397,0.5,24,0.4762,21,0.5,20,HSIC,3,5,816,819
703,176,63,0.4921,0.5171,0.8516,0.313,0.4921,0.4921,63,0.5,40,0.5,40,HSIC,3,6,879,882
753,189,63,0.5397,0.6168,3.6927,0.353,0.5556,0.625,24,0.8889,9,,0,HSIC,3,7,942,945
804,201,63,0.6667,0.5886,0.6736,0.2403,0.3651,0.75,4,0.75,4,,0,HSIC,3,8,1005,1008
400,101,63,0.4444,0.4756,0.9476,0.2701,0.4127,0.4043,47,0.3333,9,0.3333,9,IDXX,3,0,501,504
451,113,63,0.5079,0.5665,3.1679,0.3831,0.4127,0.4468,47,0.4222,45,0.4524,42,IDXX,3,1,564,567
501,126,63,0.4286,0.5253,1.7588,0.3417,0.4762,0.44,50,0.4468,47,0.4773,44,IDXX,3,2,627,630
552,138,63,0.4286,0.4283,0.7192,0.2624,0.5238,0.4211,19,0.5,4,0.5,4,IDXX,3,3,690,693
602,151,63,0.5556,0.3536,0.6967,0.2518,0.5556,0.5556,63,,0,,0,IDXX,3,4,753,756
652,164,63,0.4444,0.687,1.4476,0.3063,0.6349,1.0,5,,0,,0,IDXX,3,5,816,819
703,176,63,0.5079,0.499,3.7026,0.3552,0.4921,0.5,20,0.6154,13,,0,IDXX,3,6,879,882
753,189,63,0.6349,0.6538,0.6868,0.2466,0.4127,0.5405,37,0.5405,37,0.5405,37,IDXX,3,7,942,945
804,201,63,0.3968,0.7016,0.9276,0.2681,0.3968,0.3934,61,0.4783,46,0.4889,45,IDXX,3,8,1005,1008
400,101,63,0.5079,0.4141,0.963,0.275,0.4286,0.0,4,0.0,4,0.0,3,INCY,3,0,501,504
451,113,63,0.6032,0.5936,3.7244,0.3623,0.5873,0.7727,22,,0,,0,INCY,3,1,564,567
501,126,63,0.3492,0.4783,0.7299,0.2683,0.6349,0.0,1,0.0,1,0.0,1,INCY,3,2,627,630
552,138,63,0.5397,0.3996,0.7133,0.2595,0.5397,0.5397,63,0.4857,35,0.1429,7,INCY,3,3,690,693
602,151,63,0.4286,0.4954,0.7436,0.2748,0.4286,0.4286,63,0.4286,63,0.4255,47,INCY,3,4,753,756
652,164,63,0.6984,0.5337,0.6756,0.2412,0.6825,0.7069,58,,0,,0,INCY,3,5,816,819
703,176,63,0.5556,0.4214,0.697,0.2519,0.5556,0.5556,63,0.5,44,,0,INCY,3,6,879,882
753,189,63,0.4127,0.5073,0.705,0.2559,0.4127,0.4127,63,0.4286,14,,0,INCY,3,7,942,945
804,201,63,0.5079,0.5638,0.6955,0.2512,0.4444,0.4634,41,0.5417,24,,0,INCY,3,8,1005,1008
400,101,63,0.6667,0.6749,0.668,0.2379,0.4921,0.619,42,0.5,2,1.0,1,PODD,3,0,501,504
451,113,63,0.5238,0.5287,0.7354,0.2688,0.5079,0.5238,42,0.5238,42,0.5333,30,PODD,3,1,564,567
501,126,63,0.5714,0.5553,0.6816,0.2443,0.6032,0.6279,43,0.6552,29,0.7059,17,PODD,3,2,627,630
552,138,63,0.6508,0.7215,1.4652,0.3037,0.6825,0.8182,33,,0,,0,PODD,3,3,690,693
602,151,63,0.5079,0.5303,0.7087,0.259,0.4762,0.4918,61,0.4918,61,0.4918,61,PODD,3,4,753,756
652,164,63,0.5714,0.5539,0.7003,0.2533,0.4921,0.537,54,0.537,54,0.5,48,PODD,3,5,816,819
703,176,63,0.5397,0.5595,0.709,0.2573,0.6032,0.68,25,0.8889,9,1.0,1,PODD,3,6,879,882
753,189,63,0.5714,0.5346,3.055,0.3488,0.3333,0.3929,28,0.3462,26,0.3462,26,PODD,3,7,942,945
804,201,63,0.3333,0.4833,0.9511,0.2698,0.2381,0.2353,51,0.0,1,0.0,1,PODD,3,8,1005,1008
400,101,63,0.5079,0.5197,0.7156,0.2607,0.4921,0.5,62,0.5,62,0.5217,23,ISRG,3,0,501,504
451,113,63,0.6349,0.51,0.6647,0.2358,0.6508,0.6452,62,0.6452,62,,0,ISRG,3,1,564,567
501,126,63,0.5397,0.5081,0.6984,0.2525,0.5397,0.5397,63,0.5882,34,0.5238,21,ISRG,3,2,627,630
552,138,63,0.5873,0.5177,0.6704,0.2401,0.6508,0.6744,43,0.6744,43,0.6667,33,ISRG,3,3,690,693
602,151,63,0.3016,0.3291,0.7786,0.2907,0.4921,0.3415,41,0.3824,34,0.375,32,ISRG,3,4,753,756
652,164,63,0.3968,0.4905,0.7271,0.2661,0.3968,0.3968,63,0.1667,6,0.3333,3,ISRG,3,5,816,819
703,176,63,0.5397,0.5333,0.6908,0.2488,0.5079,0.5306,49,0.5306,49,,0,ISRG,3,6,879,882
753,189,63,0.5714,0.5556,0.6833,0.2451,0.4286,,0,,0,,0,ISRG,3,7,942,945
804,201,63,0.619,0.4762,0.6756,0.2413,0.3492,0.25,4,,0,,0,ISRG,3,8,1005,1008
400,101,63,0.5873,0.6184,2.5432,0.3111,0.4921,0.8571,7,1.0,2,,0,IQV,3,0,501,504
451,113,63,0.5556,0.5823,0.7254,0.26,0.4762,0.5263,38,0.5652,23,0.6,10,IQV,3,1,564,567
501,126,63,0.4921,0.452,1.2094,0.2888,0.5238,1.0,1,1.0,1,1.0,1,IQV,3,2,627,630
552,138,63,0.4921,0.4592,2.8475,0.3496,0.4921,0.4921,63,0.4773,44,0.4773,44,IQV,3,3,690,693
602,151,63,0.3651,0.5,0.7306,0.2686,0.3651,0.3651,63,0.3651,63,,0,IQV,3,4,753,756
652,164,63,0.4762,0.5106,0.9752,0.2744,0.5238,0.5,4,0.5,4,0.5,4,IQV,3,5,816,819
703,176,63,0.5079,0.5418,0.7141,0.2589,0.5079,0.5333,15,0.5333,15,0.5385,13,IQV,3,6,879,882
753,189,63,0.6032,0.5727,3.1033,0.3451,0.5238,1.0,8,1.0,2,1.0,2,IQV,3,7,942,945
804,201,63,0.4762,0.5383,0.9361,0.2653,0.4444,0.4545,55,0.4545,55,0.6667,3,IQV,3,8,1005,1008
400,101,63,0.5397,0.5796,0.6712,0.2393,0.4603,,0,,0,,0,LH,3,0,501,504
451,113,63,0.619,0.5673,2.3014,0.2943,0.5556,0.6667,33,0.6562,32,0.6562,32,LH,3,1,564,567
501,126,63,0.5238,0.4874,0.7126,0.2594,0.4762,0.5,14,0.0,3,,0,LH,3,2,627,630
552,138,63,0.4127,0.3909,0.8942,0.3317,0.5873,,0,,0,,0,LH,3,3,690,693
602,151,63,0.4127,0.4113,2.3875,0.3374,0.5397,0.4694,49,0.4762,21,0.5,20,LH,3,4,753,756
652,164,63,0.5079,0.5423,0.6915,0.2492,0.5079,0.5079,63,,0,,0,LH,3,5,816,819
703,176,63,0.5397,0.4554,0.7482,0.2697,0.5397,0.5397,63,0.375,8,0.375,8,LH,3,6,879,882
753,189,63,0.5556,0.5,0.6883,0.2476,0.5556,0.5556,63,,0,,0,LH,3,7,942,945
804,201,63,0.4127,0.3935,0.7996,0.2942,0.4603,0.4231,52,0.4231,52,0.2727,11,LH,3,8,1005,1008
400,101,63,0.6032,0.5263,0.9242,0.2542,0.6032,0.6102,59,0.6034,58,0.6034,58,MCK,3,0,501,504
451,113,63,0.6349,0.5886,0.6362,0.2251,0.6349,0.6349,63,0.6349,63,0.64,50,MCK,3,1,564,567
501,126,63,0.5079,0.5837,2.6031,0.3421,0.5079,0.5079,63,0.5079,63,0.5333,60,MCK,3,2,627,630
552,138,63,0.5714,0.6492,0.6765,0.2396,0.4921,0.54,50,0.5714,35,0.6061,33,MCK,3,3,690,693
602,151,63,0.6508,0.6397,0.6527,0.2302,0.6508,0.7714,35,0.7714,35,0.7143,14,MCK,3,4,753,756
652,164,63,0.4444,0.451,1.3244,0.3198,0.4444,0.4444,63,0.4386,57,0.4,25,MCK,3,5,816,819
703,176,63,0.6825,0.4771,0.9249,0.2563,0.7619,0.75,56,0.7895,19,0.6923,13,MCK,3,6,879,882
753,189,63,0.5079,0.449,0.7326,0.2685,0.5556,0.5333,60,0.5333,60,0.5333,60,MCK,3,7,942,945
804,201,63,0.3492,0.5089,0.7577,0.2819,0.3492,0.3492,63,0.3492,63,0.2,5,MCK,3,8,1005,1008
400,101,63,0.5873,0.659,0.6574,0.2325,0.4127,0.5,48,1.0,2,1.0,2,MDT,3,0,501,504
451,113,63,0.5238,0.5702,0.9507,0.2676,0.5238,0.6154,13,0.5714,7,0.5714,7,MDT,3,1,564,567
501,126,63,0.3968,0.6866,4.5031,0.4177,0.5873,0.0,1,,0,,0,MDT,3,2,627,630
552,138,63,0.4127,0.4163,1.9502,0.3351,0.4603,0.42,50,0.42,50,0.4186,43,MDT,3,3,690,693
602,151,63,0.5873,0.5763,0.6873,0.2467,0.4762,0.5909,22,1.0,1,1.0,1,MDT,3,4,753,756
652,164,63,0.4603,0.606,1.1592,0.2701,0.6349,0.75,12,0.75,12,1.0,5,MDT,3,5,816,819
703,176,63,0.5238,0.5968,0.7115,0.2557,0.4921,0.5098,51,,0,,0,MDT,3,6,879,882
753,189,63,0.4603,0.4395,1.421,0.2867,0.5079,0.4808,52,0.75,4,0.75,4,MDT,3,7,942,945
804,201,63,0.381,0.5898,0.9192,0.3526,0.254,0.2745,51,0.2745,51,0.3023,43,MDT,3,8,1005,1008
400,101,63,0.4444,0.5,0.6982,0.2525,0.4444,0.4444,63,,0,,0,MRK,3,0,501,504
451,113,63,0.4762,0.5798,1.8543,0.2941,0.4762,0.4762,63,0.4915,59,0.5652,23,MRK,3,1,564,567
501,126,63,0.4603,0.5756,1.3709,0.2665,0.4286,0.4426,61,0.6,10,0.6667,9,MRK,3,2,627,630
552,138,63,0.4286,0.4769,0.7258,0.2662,0.4286,0.4286,63,0.4167,60,,0,MRK,3,3,690,693
602,151,63,0.619,0.5944,0.911,0.2507,0.4444,0.6,20,1.0,1,1.0,1,MRK,3,4,753,756
652,164,63,0.4444,0.5893,3.0277,0.3451,0.5556,,0,,0,,0,MRK,3,5,816,819
703,176,63,0.5556,0.5484,0.7031,0.2537,0.4286,0.4286,7,0.4286,7,0.4286,7,MRK,3,6,879,882
753,189,63,0.3492,0.5952,0.7644,0.282,0.6667,1.0,1,1.0,1,1.0,1,MRK,3,7,942,945
804,201,63,0.5556,0.5319,0.697,0.2517,0.4603,0.5294,17,0.0,1,,0,MRK,3,8,1005,1008
400,101,63,0.6032,0.6821,3.7303,0.3673,0.6349,0.7778,27,,0,,0,MTD,3,0,501,504
451,113,63,0.4603,0.4551,1.6932,0.3168,0.5079,0.4762,42,0.4762,42,0.4762,42,MTD,3,1,564,567
501,126,63,0.4921,0.5585,0.7178,0.262,0.4921,0.4921,63,0.4912,57,0.5429,35,MTD,3,2,627,630
552,138,63,0.381,0.4413,0.9923,0.2901,0.6349,0.5385,13,0.4545,11,0.4545,11,MTD,3,3,690,693
602,151,63,0.3968,0.6689,0.6975,0.2522,0.3968,0.3968,63,0.5833,24,0.5833,24,MTD,3,4,753,756
652,164,63,0.6508,0.7126,0.612,0.2122,0.619,0.8148,27,0.9412,17,0.9412,17,MTD,3,5,816,819
703,176,63,0.5556,0.5071,0.6961,0.2504,0.5556,0.5556,63,0.6471,17,0.6,5,MTD,3,6,879,882
753,189,63,0.5238,0.5859,1.6106,0.2772,0.4762,0.5,6,0.0,1,,0,MTD,3,7,942,945
804,201,63,0.4921,0.5212,0.7008,0.2538,0.4762,0.4808,52,0.4808,52,1.0,1,MTD,3,8,1005,1008
400,101,63,0.5556,0.4182,2.8975,0.3634,0.5714,0.5645,62,0.5645,62,0.4865,37,DGX,3,0,501,504
451,113,63,0.4921,0.5207,1.0598,0.3169,0.5079,0.5,8,0.5,8,0.5,8,DGX,3,1,564,567
501,126,63,0.4444,0.4122,3.8181,0.3987,0.5556,0.5,34,0.5,34,,0,DGX,3,2,627,630
552,138,63,0.4762,0.4854,0.7153,0.2608,0.4762,0.4706,51,0.4706,51,,0,DGX,3,3,690,693
602,151,63,0.4127,0.4891,0.7195,0.2633,0.5873,0.5,6,,0,,0,DGX,3,4,753,756
652,164,63,0.5238,0.5682,0.6915,0.2492,0.5238,0.5238,63,,0,,0,DGX,3,5,816,819
703,176,63,0.7302,0.7532,0.6096,0.2103,0.619,0.6964,56,0.8462,26,,0,DGX,3,6,879,882
753,189,63,0.3651,0.3717,1.2029,0.2892,0.4762,0.3864,44,0.3462,26,0.3462,26,DGX,3,7,942,945
804,201,63,0.4762,0.4283,1.0918,0.3225,0.4127,0.3478,23,0.3571,14,0.3571,14,DGX,3,8,1005,1008
400,101,63,0.5238,0.5838,0.7198,0.2626,0.4286,0.4706,51,0.48,50,0.48,50,REGN,3,0,501,504
451,113,63,0.4762,0.4658,1.0578,0.3141,0.6032,0.5532,47,0.5,2,0.5,2,REGN,3,1,564,567
501,126,63,0.3968,0.4558,0.9463,0.2688,0.3968,0.3934,61,0.0,3,0.0,3,REGN,3,2,627,630
552,138,63,0.4286,0.5756,5.5631,0.4238,0.4286,0.4286,63,0.4878,41,0.4878,41,REGN,3,3,690,693
602,151,63,0.619,0.508,0.6643,0.2357,0.381,0.5,2,0.5,2,,0,REGN,3,4,753,756
652,164,63,0.4127,0.4858,1.0747,0.3268,0.6032,0.6667,3,0.6667,3,0.6667,3,REGN,3,5,816,819
703,176,63,0.5238,0.4727,1.4585,0.2957,0.5238,0.5238,63,0.4474,38,0.4595,37,REGN,3,6,879,882
753,189,63,0.6349,0.6432,0.6808,0.2441,0.619,0.7667,30,1.0,1,1.0,1,REGN,3,7,942,945
804,201,63,0.4286,0.5026,0.9565,0.2753,0.4286,0.4286,63,0.4364,55,0.6667,3,REGN,3,8,1005,1008
400,101,63,0.5714,0.6014,1.6262,0.2846,0.5873,0.6562,32,0.6333,30,0.6333,30,RMD,3,0,501,504
451,113,63,0.5556,0.6179,1.8048,0.2727,0.5079,0.54,50,0.54,50,0.6667,21,RMD,3,1,564,567
501,126,63,0.4444,0.4872,1.0636,0.3048,0.5556,0.5,2,0.5,2,0.5,2,RMD,3,2,627,630
552,138,63,0.4762,0.4939,0.7112,0.2589,0.5238,0.5,8,0.5,8,,0,RMD,3,3,690,693
602,151,63,0.5079,0.4873,0.7983,0.2961,0.5397,0.5254,59,0.5254,59,0.5111,45,RMD,3,4,753,756
652,164,63,0.3651,0.5808,0.7234,0.265,0.6825,0.8,5,,0,,0,RMD,3,5,816,819
703,176,63,0.4921,0.4337,0.7498,0.2774,0.4444,0.4615,52,0.4468,47,0.3529,34,RMD,3,6,879,882
753,189,63,0.5714,0.5,0.6838,0.2453,0.5714,0.5714,63,0.5714,63,,0,RMD,3,7,942,945
804,201,63,0.3492,0.4723,0.8198,0.3077,0.3492,0.3492,63,0.3492,63,0.3125,16,RMD,3,8,1005,1008
400,101,63,0.6349,0.6653,0.6451,0.2284,0.4921,0.6053,38,0.6071,28,0.6667,18,STE,3,0,501,504
451,113,63,0.4921,0.4995,0.7011,0.2538,0.5079,0.5,42,0.625,8,0.625,8,STE,3,1,564,567
501,126,63,0.5873,0.627,0.6736,0.2404,0.5079,0.5833,36,1.0,2,1.0,2,STE,3,2,627,630
552,138,63,0.4921,0.4268,0.757,0.2801,0.4762,0.4828,58,0.4167,36,0.4167,36,STE,3,3,690,693
602,151,63,0.5714,0.5592,0.6753,0.2412,0.5714,0.5738,61,0.6034,58,,0,STE,3,4,753,756
652,164,63,0.4444,0.5246,0.7102,0.2583,0.381,0.3778,45,,0,,0,STE,3,5,816,819
703,176,63,0.5079,0.4773,0.9658,0.2761,0.4762,0.4615,13,0.5455,11,,0,STE,3,6,879,882
753,189,63,0.4921,0.5944,0.706,0.2567,0.5238,0.6667,3,,0,,0,STE,3,7,942,945
804,201,63,0.3651,0.4129,4.8509,0.4537,0.381,0.3571,56,0.3617,47,0.3721,43,STE,3,8,1005,1008
400,101,63,0.4603,0.4592,0.7136,0.2601,0.4921,0.4667,45,0.475,40,,0,SYK,3,0,501,504
451,113,63,0.5873,0.6064,0.6712,0.2406,0.4921,0.6316,19,0.6923,13,0.6923,13,SYK,3,1,564,567
501,126,63,0.6508,0.5035,0.6745,0.2422,0.6825,0.6842,57,1.0,1,1.0,1,SYK,3,2,627,630
552,138,63,0.5238,0.5041,0.7011,0.2539,0.5556,0.5424,59,0.5424,59,0.6,10,SYK,3,3,690,693
602,151,63,0.5238,0.4611,0.7258,0.2656,0.5238,0.5238,63,0.5098,51,0.5,44,SYK,3,4,753,756
652,164,63,0.5714,0.575,0.6846,0.2472,0.4444,0.5135,37,0.5135,37,1.0,1,SYK,3,5,816,819
703,176,63,0.4762,0.4365,1.4263,0.2911,0.4921,0.4545,22,0.4762,21,0.4762,21,SYK,3,6,879,882
753,189,63,0.5079,0.4861,0.7312,0.2685,0.4286,0.4333,30,0.4138,29,0.4138,29,SYK,3,7,942,945
804,201,63,0.5714,0.5601,0.6901,0.2485,0.4762,0.5652,23,0.5455,22,,0,SYK,3,8,1005,1008
400,101,63,0.6349,0.6658,0.6676,0.2375,0.5873,0.8182,22,0.8095,21,0.8095,21,MMM,3,0,501,504
451,113,63,0.4921,0.5768,1.8839,0.3035,0.6032,0.75,12,0.75,4,0.75,4,MMM,3,1,564,567
501,126,63,0.4762,0.464,0.6956,0.2513,0.5714,0.5349,43,0.5366,41,0.6667,6,MMM,3,2,627,630
552,138,63,0.6032,0.6316,0.6571,0.2324,0.6032,0.6032,63,0.6032,63,1.0,10,MMM,3,3,690,693
602,151,63,0.5397,0.4798,0.7027,0.2545,0.5238,0.5556,36,0.5556,36,0.3333,12,MMM,3,4,753,756
652,164,63,0.5556,0.5857,0.6497,0.2315,0.5556,0.5556,63,1.0,6,1.0,6,MMM,3,5,816,819
703,176,63,0.4762,0.4007,0.7962,0.2933,0.4921,0.4839,62,0.4839,62,0.4167,36,MMM,3,6,879,882
753,189,63,0.381,0.2712,0.7411,0.2738,0.5238,0.4375,48,0.4255,47,,0,MMM,3,7,942,945
804,201,63,0.381,0.4663,0.7835,0.2863,0.381,0.381,63,0.3654,52,0.2941,17,MMM,3,8,1005,1008
400,101,63,0.6667,0.602,1.8055,0.2673,0.619,0.7045,44,0.6857,35,0.6857,35,AOS,3,0,501,504
451,113,63,0.4921,0.6941,0.6809,0.2441,0.4921,0.4921,63,0.6757,37,0.6757,37,AOS,3,1,564,567
501,126,63,0.381,0.3301,1.2927,0.3268,0.4444,0.3333,33,0.3333,33,0.3,10,AOS,3,2,627,630
552,138,63,0.4127,0.5342,0.9298,0.3537,0.381,0.3898,59,0.3898,59,0.3898,59,AOS,3,3,690,693
602,151,63,0.4127,0.4418,0.7209,0.2635,0.6349,0.5789,19,0.5714,14,0.5385,13,AOS,3,4,753,756
652,164,63,0.5873,0.5021,0.6981,0.2506,0.5714,0.5806,62,0.5385,13,0.0,1,AOS,3,5,816,819
703,176,63,0.5873,0.6187,0.6979,0.2521,0.4603,0.5306,49,0.5455,44,0.5455,44,AOS,3,6,879,882
753,189,63,0.6349,0.4473,0.6754,0.2413,0.6349,0.6349,63,0.5957,47,1.0,1,AOS,3,7,942,945
804,201,63,0.3016,0.3866,0.8104,0.3051,0.3175,0.3065,62,0.3065,62,0.0,5,AOS,3,8,1005,1008
400,101,63,0.4127,0.5738,0.708,0.2574,0.4127,0.4127,63,,0,,0,ALLE,3,0,501,504
451,113,63,0.4603,0.4907,1.3955,0.2792,0.4286,0.4103,39,0.5,4,1.0,1,ALLE,3,1,564,567
501,126,63,0.3016,0.5724,4.5752,0.4556,0.6984,,0,,0,,0,ALLE,3,2,627,630
552,138,63,0.4286,0.5251,0.7143,0.2604,0.381,0.3966,58,0.375,8,0.375,8,ALLE,3,3,690,693
602,151,63,0.5714,0.4656,0.6881,0.2473,0.6508,0.625,56,0.6415,53,,0,ALLE,3,4,753,756
652,164,63,0.6032,0.4984,0.6784,0.2426,0.6032,0.6032,63,0.6,5,,0,ALLE,3,5,816,819
703,176,63,0.5714,0.5185,0.6806,0.2438,0.5714,0.5714,63,0.5806,62,,0,ALLE,3,6,879,882
753,189,63,0.5714,0.4816,0.7035,0.2541,0.6032,0.6,55,0.6,55,0.6111,54,ALLE,3,7,942,945
804,201,63,0.3492,0.5887,1.2977,0.3319,0.3492,0.3443,61,0.3922,51,0.3922,51,ALLE,3,8,1005,1008
400,101,63,0.5397,0.5046,0.6934,0.2501,0.5397,0.5424,59,,0,,0,AME,3,0,501,504
451,113,63,0.5079,0.5156,0.7205,0.263,0.5079,0.5079,63,0.5079,63,0.5,34,AME,3,1,564,567
501,126,63,0.6667,0.6944,0.5934,0.2082,0.6667,0.6667,63,0.7556,45,0.8235,17,AME,3,2,627,630
552,138,63,0.4127,0.4118,0.7423,0.2743,0.4921,0.4483,58,0.4255,47,0.4103,39,AME,3,3,690,693
602,151,63,0.6032,0.4536,0.7434,0.27,0.5556,0.5862,58,0.5152,33,0.5312,32,AME,3,4,753,756
652,164,63,0.5714,0.5182,0.9949,0.2801,0.5873,0.5806,62,0.5833,48,0.5833,48,AME,3,5,816,819
703,176,63,0.6032,0.6401,0.8783,0.2379,0.5079,0.5778,45,0.5682,44,0.7857,14,AME,3,6,879,882
753,189,63,0.3016,0.5269,8.2924,0.5806,0.6984,,0,,0,,0,AME,3,7,942,945
804,201,63,0.4762,0.5,0.7003,0.2536,0.4762,0.4762,63,,0,,0,AME,3,8,1005,1008
400,101,63,0.6508,0.6077,0.6706,0.2381,0.4444,0.6667,18,0.7059,17,0.3333,3,ADP,3,0,501,504
451,113,63,0.4762,0.4726,0.7663,0.2848,0.6032,0.5862,29,0.5862,29,0.5862,29,ADP,3,1,564,567
501,126,63,0.3016,0.5114,0.7433,0.275,0.6984,,0,,0,,0,ADP,3,2,627,630
552,138,63,0.5873,0.4615,0.6786,0.2427,0.5873,0.5873,63,0.5873,63,,0,ADP,3,3,690,693
602,151,63,0.6508,0.4634,0.6676,0.237,0.6508,0.6508,63,0.6508,63,0.625,24,ADP,3,4,753,756
652,164,63,0.5873,0.513,0.6776,0.2422,0.5873,0.5873,63,0.5873,63,0.5957,47,ADP,3,5,816,819
703,176,63,0.2857,0.4889,9.2733,0.633,0.2857,0.2857,63,0.2857,63,0.2857,63,ADP,3,6,879,882
753,189,63,0.3968,0.5,0.7041,0.2555,0.3968,0.3968,63,,0,,0,ADP,3,7,942,945
804,201,63,0.5397,0.5753,0.6931,0.2499,0.4762,0.5185,27,0.5185,27,0.5,26,ADP,3,8,1005,1008
400,101,63,0.3492,0.3332,4.2945,0.4267,0.4921,0.3214,28,0.3214,28,0.3214,28,BR,3,0,501,504
451,113,63,0.5714,0.4861,0.6967,0.2514,0.5714,0.5714,63,0.55,20,0.55,20,BR,3,1,564,567
501,126,63,0.4444,0.4878,1.4005,0.2794,0.4444,0.4386,57,,0,,0,BR,3,2,627,630
552,138,63,0.5873,0.4625,1.4174,0.2848,0.6349,0.6167,60,,0,,0,BR,3,3,690,693
602,151,63,0.5873,0.49,1.8829,0.3003,0.6508,0.6471,51,0.6471,51,,0,BR,3,4,753,756
652,164,63,0.5556,0.5179,0.6875,0.2471,0.5556,0.5556,63,0.5645,62,0.5645,62,BR,3,5,816,819
703,176,63,0.2857,0.6296,0.8404,0.3216,0.2857,0.2857,63,0.2857,63,0.2903,62,BR,3,6,879,882
753,189,63,0.3968,0.4921,0.8015,0.3017,0.3968,0.3968,63,0.3922,51,0.3922,51,BR,3,7,942,945
804,201,63,0.5397,0.357,0.7218,0.2636,0.4286,0.0,2,0.0,1,,0,BR,3,8,1005,1008
400,101,63,0.5397,0.3357,0.7332,0.269,0.5397,0.5397,63,0.3929,28,0.1818,11,BLDR,3,0,501,504
451,113,63,0.3651,0.5,0.7683,0.287,0.3651,0.3651,63,0.3651,63,0.3651,63,BLDR,3,1,564,567
501,126,63,0.4444,0.4684,0.7103,0.2585,0.5556,,0,,0,,0,BLDR,3,2,627,630
552,138,63,0.3492,0.3109,1.4695,0.3099,0.3651,0.2632,38,0.2,10,0.25,4,BLDR,3,3,690,693
602,151,63,0.6032,0.4552,0.6921,0.2494,0.3175,0.1429,7,0.1429,7,0.1429,7,BLDR,3,4,753,756
652,164,63,0.5079,0.5056,0.7095,0.258,0.5397,0.5455,33,,0,,0,BLDR,3,5,816,819
703,176,63,0.6032,0.5326,0.7247,0.2544,0.3968,0.5,8,0.5,8,0.5,8,BLDR,3,6,879,882
753,189,63,0.5079,0.6061,0.6894,0.2481,0.5238,0.5833,12,,0,,0,BLDR,3,7,942,945
804,201,63,0.5397,0.5227,0.7195,0.2619,0.3016,0.3438,32,0.3438,32,0.2308,13,BLDR,3,8,1005,1008
400,101,63,0.6667,0.6562,0.6091,0.2165,0.5397,0.6226,53,0.6207,29,0.625,16,CHRW,3,0,501,504
451,113,63,0.4762,0.6331,0.6477,0.2352,0.5873,1.0,4,1.0,4,1.0,4,CHRW,3,1,564,567
501,126,63,0.4921,0.5189,3.1299,0.3748,0.6032,0.6071,28,,0,,0,CHRW,3,2,627,630
552,138,63,0.5238,0.4995,0.7438,0.2733,0.4286,0.4595,37,0.3077,13,0.3077,13,CHRW,3,3,690,693
602,151,63,0.6032,0.6602,0.6669,0.2399,0.5556,0.6786,28,1.0,1,1.0,1,CHRW,3,4,753,756
652,164,63,0.5873,0.5442,0.6687,0.239,0.6032,0.5968,62,0.7143,7,0.7143,7,CHRW,3,5,816,819
703,176,63,0.5397,0.4919,0.6728,0.2429,0.5397,0.5397,63,1.0,2,1.0,2,CHRW,3,6,879,882
753,189,63,0.5556,0.5712,0.6956,0.2517,0.6349,0.7143,28,0.6,5,0.6,5,CHRW,3,7,942,945
804,201,63,0.4444,0.6045,0.7013,0.2546,0.4603,0.4444,54,0.5455,33,0.6667,12,CHRW,3,8,1005,1008
400,101,63,0.4127,0.3848,0.7253,0.2673,0.5238,0.4524,42,0.25,4,0.5,2,CARR,3,0,501,504
451,113,63,0.5079,0.5489,0.6814,0.2444,0.4921,,0,,0,,0,CARR,3,1,564,567
501,126,63,0.3016,0.3141,1.2576,0.3089,0.619,0.3913,23,0.4,5,0.4,5,CARR,3,2,627,630
552,138,63,0.4127,0.6008,4.0394,0.4047,0.4127,0.4127,63,0.4127,63,0.475,40,CARR,3,3,690,693
602,151,63,0.5397,0.5,0.6918,0.2493,0.5397,0.5397,63,,0,,0,CARR,3,4,753,756
652,164,63,0.4127,0.4085,0.7079,0.2574,0.5873,0.5,32,0.5,32,,0,CARR,3,5,816,819
703,176,63,0.4444,0.5358,0.6995,0.2538,0.381,0.3721,43,0.5714,7,0.5714,7,CARR,3,6,879,882
753,189,63,0.619,0.5224,0.687,0.247,0.619,0.619,63,,0,,0,CARR,3,7,942,945
804,201,63,0.4762,0.5,0.6985,0.2527,0.4762,0.4762,63,,0,,0,CARR,3,8,1005,1008
400,101,63,0.5397,0.6214,0.6746,0.2409,0.5556,0.7143,14,0.6364,11,,0,CAT,3,0,501,504
451,113,63,0.4286,0.4954,0.8237,0.3112,0.4286,0.4286,63,0.4286,63,0.4286,63,CAT,3,1,564,567
501,126,63,0.5873,0.5,0.6918,0.2493,0.5873,0.5873,63,,0,,0,CAT,3,2,627,630
552,138,63,0.619,0.5074,0.6688,0.2393,0.3968,1.0,1,1.0,1,1.0,1,CAT,3,3,690,693
602,151,63,0.4762,0.5161,0.6962,0.2515,0.4921,0.0,2,0.0,1,,0,CAT,3,4,753,756
652,164,63,0.6032,0.5183,0.6871,0.2468,0.6508,0.6481,54,0.7,30,0.5833,12,CAT,3,5,816,819
703,176,63,0.4762,0.4113,0.7641,0.2793,0.619,0.5682,44,0.5417,24,0.5417,24,CAT,3,6,879,882
753,189,63,0.6032,0.5,0.6797,0.2433,0.6032,0.6032,63,,0,,0,CAT,3,7,942,945
804,201,63,0.5714,0.4964,0.6886,0.2476,0.5714,0.5714,63,0.6,50,0.5357,28,CAT,3,8,1005,1008
400,101,63,0.5397,0.4955,0.7047,0.2551,0.4762,0.5385,13,0.5385,13,0.5385,13,CTAS,3,0,501,504
451,113,63,0.6032,0.6521,0.6848,0.2459,0.6032,0.6032,63,1.0,2,,0,CTAS,3,1,564,567
501,126,63,0.5714,0.513,1.6324,0.2851,0.6667,0.6829,41,0.6842,38,0.6429,14,CTAS,3,2,627,630
552,138,63,0.6032,0.4989,3.6748,0.3392,0.6032,0.6032,63,0.6032,63,0.6129,62,CTAS,3,3,690,693
602,151,63,0.6349,0.4326,0.6854,0.2452,0.6032,0.6316,57,0.6042,48,0.6042,48,CTAS,3,4,753,756
652,164,63,0.4127,0.4096,0.7695,0.2884,0.5238,0.4545,44,0.4545,44,0.4545,44,CTAS,3,5,816,819
703,176,63,0.2857,0.5321,0.8247,0.3139,0.2857,0.2857,63,0.2857,63,0.3077,26,CTAS,3,6,879,882
753,189,63,0.5079,0.5667,0.6914,0.2491,0.5238,0.625,8,0.625,8,,0,CTAS,3,7,942,945
804,201,63,0.5397,0.4653,0.9417,0.2645,0.4444,0.0,1,0.0,1,0.0,1,CTAS,3,8,1005,1008
400,101,63,0.4603,0.4927,0.7165,0.2612,0.5873,0.5484,31,0.5484,31,0.5652,23,FIX,3,0,501,504
451,113,63,0.4762,0.5247,0.9757,0.2803,0.4921,0.4828,58,0.4737,57,0.5714,21,FIX,3,1,564,567
501,126,63,0.5238,0.4755,0.7419,0.2736,0.6984,0.675,40,0.675,40,0.7143,7,FIX,3,2,627,630
552,138,63,0.619,0.5385,0.6572,0.2338,0.619,0.619,63,0.619,63,1.0,3,FIX,3,3,690,693
602,151,63,0.5238,0.398,3.254,0.3451,0.5238,0.5238,63,0.5161,62,0.4,30,FIX,3,4,753,756
652,164,63,0.6984,0.5076,0.6336,0.2208,0.6825,0.6935,62,0.6935,62,0.6667,18,FIX,3,5,816,819
703,176,63,0.6349,0.5852,0.6566,0.2336,0.5556,0.6154,52,0.6154,52,0.6087,23,FIX,3,6,879,882
753,189,63,0.6032,0.5379,0.6687,0.2381,0.5873,0.6071,56,0.6071,56,0.6071,56,FIX,3,7,942,945
804,201,63,0.6667,0.4419,0.6646,0.2357,0.6825,0.6774,62,0.6444,45,0.6444,45,FIX,3,8,1005,1008
400,101,63,0.5556,0.5,0.6889,0.2479,0.5556,0.5556,63,,0,,0,CPRT,3,0,501,504
451,113,63,0.4286,0.5602,0.7035,0.2552,0.4286,0.4286,63,,0,,0,CPRT,3,1,564,567
501,126,63,0.6349,0.5377,0.68,0.2429,0.6508,0.6731,52,0.6731,52,,0,CPRT,3,2,627,630
552,138,63,0.4286,0.4283,0.7762,0.2898,0.4762,0.4062,32,0.4062,32,0.4062,32,CPRT,3,3,690,693
602,151,63,0.5397,0.5699,0.6833,0.248,0.5556,0.5789,38,0.5789,38,0.6818,22,CPRT,3,4,753,756
652,164,63,0.4444,0.6016,1.0126,0.3023,0.3968,0.4074,54,0.3878,49,0.3878,49,CPRT,3,5,816,819
703,176,63,0.5714,0.5359,0.7266,0.2647,0.4127,0.4762,21,0.4762,21,0.4762,21,CPRT,3,6,879,882
753,189,63,0.4444,0.4367,0.9647,0.2753,0.5714,0.5116,43,0.5385,26,0.5385,26,CPRT,3,7,942,945
804,201,63,0.5873,0.5172,0.6858,0.2462,0.4603,0.7143,7,0.6667,6,0.6667,6,CPRT,3,8,1005,1008
400,101,63,0.381,0.5753,0.763,0.2842,0.381,0.381,63,0.381,63,0.4783,23,CSX,3,0,501,504
451,113,63,0.5079,0.5041,1.8637,0.2941,0.4444,0.3333,9,0.3333,9,0.3333,9,CSX,3,1,564,567
501,126,63,0.4762,0.5222,2.0876,0.3004,0.5238,,0,,0,,0,CSX,3,2,627,630
552,138,63,0.619,0.6311,0.6506,0.2298,0.4444,0.5476,42,0.0,1,0.0,1,CSX,3,3,690,693
602,151,63,0.4762,0.5664,0.7342,0.2681,0.4603,0.46,50,0.5357,28,0.5357,28,CSX,3,4,753,756
652,164,63,0.5079,0.6268,1.8467,0.2918,0.6984,0.76,25,1.0,3,1.0,3,CSX,3,5,816,819
703,176,63,0.5714,0.5,0.6931,0.25,0.5714,0.5714,63,,0,,0,CSX,3,6,879,882
753,189,63,0.4286,0.3484,3.3644,0.3854,0.6032,0.52,50,0.5,26,,0,CSX,3,7,942,945
804,201,63,0.6032,0.5689,0.6687,0.2381,0.6032,0.6032,63,0.8,10,0.875,8,CSX,3,8,1005,1008
400,101,63,0.4127,0.5951,0.8933,0.34,0.6984,0.7692,13,,0,,0,CMI,3,0,501,504
451,113,63,0.4762,0.4717,0.9316,0.3099,0.4762,0.4762,63,0.4727,55,0.4727,55,CMI,3,1,564,567
501,126,63,0.6032,0.6116,0.6671,0.2373,0.6032,0.6032,63,0.5849,53,0.7222,36,CMI,3,2,627,630
552,138,63,0.6032,0.4899,0.6902,0.2484,0.619,0.6296,54,,0,,0,CMI,3,3,690,693
602,151,63,0.4603,0.57,0.8061,0.2951,0.4603,0.4603,63,0.5385,39,0.5385,39,CMI,3,4,753,756
652,164,63,0.6508,0.5516,0.6734,0.2387,0.6508,0.6508,63,0.7692,13,0.75,4,CMI,3,5,816,819
703,176,63,0.4762,0.4979,0.7049,0.2529,0.6032,0.5926,27,0.5926,27,0.625,16,CMI,3,6,879,882
753,189,63,0.6825,0.364,0.6676,0.2369,0.6825,0.6825,63,0.6825,63,0.375,8,CMI,3,7,942,945
804,201,63,0.6032,0.5132,0.6699,0.2398,0.6032,0.6032,63,0.6032,63,0.6032,63,CMI,3,8,1005,1008
400,101,63,0.4762,0.4418,0.7194,0.2629,0.5873,0.5476,42,0.5476,42,0.5429,35,DE,3,0,501,504
451,113,63,0.4444,0.4276,0.7356,0.2698,0.4444,0.4426,61,0.0,4,0.0,4,DE,3,1,564,567
501,126,63,0.6508,0.6065,0.6678,0.2374,0.5397,0.65,40,0.6,30,,0,DE,3,2,627,630
552,138,63,0.4921,0.5015,1.1787,0.2714,0.4603,0.4706,51,,0,,0,DE,3,3,690,693
602,151,63,0.4762,0.5963,0.6771,0.2436,0.5397,0.5714,7,,0,,0,DE,3,4,753,756
652,164,63,0.4921,0.5993,0.9345,0.2614,0.4921,0.4889,45,0.5,4,0.3333,3,DE,3,5,816,819
703,176,63,0.5079,0.5268,0.7946,0.294,0.3968,0.4211,38,0.4211,38,0.4211,38,DE,3,6,879,882
753,189,63,0.5238,0.5385,0.9183,0.2568,0.619,0.6552,29,0.6364,22,0.8,5,DE,3,7,942,945
804,201,63,0.5397,0.5427,0.7052,0.2558,0.4286,0.4706,34,0.4545,33,0.4688,32,DE,3,8,1005,1008
400,101,63,0.254,0.375,11.8988,0.7466,0.746,,0,,0,,0,DAL,3,0,501,504
451,113,63,0.254,0.5718,0.8239,0.3138,0.254,0.254,63,0.3137,51,0.2857,49,DAL,3,1,564,567
501,126,63,0.7302,0.5,0.6689,0.2379,0.7302,0.7302,63,,0,,0,DAL,3,2,627,630
552,138,63,0.5714,0.3859,0.7032,0.255,0.5397,0.5574,61,0.4902,51,0.4651,43,DAL,3,3,690,693
602,151,63,0.6349,0.5892,0.7144,0.2547,0.4603,0.6364,22,0.6364,22,0.619,21,DAL,3,4,753,756
652,164,63,0.5238,0.501,1.1801,0.2787,0.5397,0.5357,56,0.5357,56,0.5357,56,DAL,3,5,816,819
703,176,63,0.5397,0.5384,0.6884,0.2477,0.5238,0.6111,18,0.6111,18,0.6111,18,DAL,3,6,879,882
753,189,63,0.5873,0.5042,0.9054,0.2516,0.5873,0.5873,63,0.6667,6,0.6667,6,DAL,3,7,942,945
804,201,63,0.4603,0.4868,0.7274,0.265,0.4603,0.4603,63,0.3333,6,0.3333,6,DAL,3,8,1005,1008
400,101,63,0.3333,0.4762,10.1848,0.6578,0.6667,,0,,0,,0,DOV,3,0,501,504
451,113,63,0.3968,0.4411,0.7861,0.2909,0.3968,0.3968,63,0.3968,63,0.3514,37,DOV,3,1,564,567
501,126,63,0.5873,0.4875,0.6488,0.2324,0.6349,0.6167,60,0.6102,59,1.0,3,DOV,3,2,627,630
552,138,63,0.4762,0.5167,0.6932,0.2501,0.4762,0.4762,63,1.0,1,1.0,1,DOV,3,3,690,693
602,151,63,0.4603,0.5416,0.7016,0.2542,0.4603,0.4603,63,0.5294,17,0.5625,16,DOV,3,4,753,756
652,164,63,0.5079,0.562,0.8439,0.3123,0.4921,0.5,56,0.4909,55,0.4909,55,DOV,3,5,816,819
703,176,63,0.5079,0.6038,0.7081,0.257,0.5079,0.5079,63,0.549,51,0.549,51,DOV,3,6,879,882
753,189,63,0.4603,0.5251,0.8701,0.3255,0.619,0.6923,13,1.0,2,1.0,1,DOV,3,7,942,945
804,201,63,0.4127,0.4062,0.9499,0.2694,0.5079,0.4194,31,0.4194,31,1.0,4,DOV,3,8,1005,1008
400,101,63,0.3651,0.3916,0.8665,0.3316,0.619,0.4,5,0.4,5,1.0,1,EMR,3,0,501,504
451,113,63,0.5714,0.5282,0.9441,0.2659,0.4921,0.5714,28,1.0,1,,0,EMR,3,1,564,567
501,126,63,0.5714,0.5827,0.8945,0.2464,0.5397,0.5614,57,0.5714,56,0.5926,27,EMR,3,2,627,630
552,138,63,0.4286,0.4447,1.1739,0.2774,0.4603,0.3704,27,0.3704,27,0.3704,27,EMR,3,3,690,693
602,151,63,0.5079,0.4446,2.5823,0.3291,0.5079,0.5079,63,0.4211,19,0.4211,19,EMR,3,4,753,756
652,164,63,0.6825,0.475,0.6901,0.2485,0.6825,0.6825,63,0.0,1,,0,EMR,3,5,816,819
703,176,63,0.4444,0.4143,0.7502,0.2766,0.5556,0.5,56,1.0,1,1.0,1,EMR,3,6,879,882
753,189,63,0.6667,0.5,0.6516,0.2294,0.6667,0.6667,63,0.6667,63,,0,EMR,3,7,942,945
804,201,63,0.3651,0.6049,0.9149,0.3355,0.3651,0.3651,63,0.3651,63,0.3651,63,EMR,3,8,1005,1008
400,101,63,0.4444,0.4612,0.7234,0.2649,0.5079,0.4694,49,0.4865,37,,0,EFX,3,0,501,504
451,113,63,0.5714,0.4652,2.1285,0.3145,0.5873,0.5862,58,0.1429,7,0.1429,7,EFX,3,1,564,567
501,126,63,0.4603,0.4919,0.7076,0.2575,0.4762,0.463,54,0.463,54,1.0,1,EFX,3,2,627,630
552,138,63,0.4603,0.4434,0.7446,0.2737,0.5238,0.4906,53,0.4906,53,0.8,5,EFX,3,3,690,693
602,151,63,0.5714,0.5226,0.6987,0.2522,0.5714,0.5918,49,0.5455,11,0.5455,11,EFX,3,4,753,756
652,164,63,0.4127,0.4612,0.7058,0.2563,0.5556,0.25,4,0.3333,3,,0,EFX,3,5,816,819
703,176,63,0.4127,0.3638,0.8333,0.3132,0.4127,0.4127,63,0.2692,26,0.2692,26,EFX,3,6,879,882
753,189,63,0.5079,0.5912,0.6915,0.2492,0.5079,0.5079,63,,0,,0,EFX,3,7,942,945
804,201,63,0.4762,0.4439,0.7029,0.2549,0.4762,0.4762,63,0.4,15,,0,EFX,3,8,1005,1008
400,101,63,0.4127,0.5,0.734,0.2702,0.4127,0.4127,63,0.4127,63,,0,EXPD,3,0,501,504
451,113,63,0.4286,0.55,0.692,0.2494,0.6349,1.0,4,1.0,2,1.0,2,EXPD,3,1,564,567
501,126,63,0.5556,0.5416,0.6878,0.2474,0.5397,0.5517,58,1.0,1,1.0,1,EXPD,3,2,627,630
552,138,63,0.381,0.6068,1.4357,0.2966,0.381,0.381,63,0.4634,41,0.4634,41,EXPD,3,3,690,693
602,151,63,0.6349,0.6913,0.6235,0.2173,0.6825,0.8333,30,0.8333,30,0.9,10,EXPD,3,4,753,756
652,164,63,0.6349,0.6803,0.6254,0.2191,0.5238,0.6471,34,0.6471,34,1.0,7,EXPD,3,5,816,819
703,176,63,0.5079,0.6293,1.52,0.3252,0.6349,0.9091,11,1.0,5,1.0,5,EXPD,3,6,879,882
753,189,63,0.3651,0.5326,8.3342,0.5933,0.6349,,0,,0,,0,EXPD,3,7,942,945
804,201,63,0.5873,0.6554,0.6696,0.2384,0.5873,0.5873,63,0.5873,63,0.6364,55,EXPD,3,8,1005,1008
400,101,63,0.5238,0.552,0.7177,0.2617,0.5238,0.5238,63,0.5238,63,0.5246,61,FAST,3,0,501,504
451,113,63,0.3968,0.5737,5.6214,0.4484,0.3968,0.3968,63,0.3968,63,0.4468,47,FAST,3,1,564,567
501,126,63,0.4603,0.5603,0.6852,0.249,0.5873,0.8,5,1.0,2,1.0,2,FAST,3,2,627,630
552,138,63,0.4286,0.3851,0.866,0.3223,0.4127,0.1875,16,0.1875,16,0.1875,16,FAST,3,3,690,693
602,151,63,0.6667,0.6429,0.6824,0.2447,0.5556,0.6522,46,,0,,0,FAST,3,4,753,756
652,164,63,0.7143,0.6785,0.7058,0.2544,0.6508,0.7674,43,,0,,0,FAST,3,5,816,819
703,176,63,0.3175,0.4313,0.7575,0.2814,0.3492,0.3279,61,0.3158,57,,0,FAST,3,6,879,882
753,189,63,0.5873,0.5071,0.7368,0.2679,0.5556,0.6,45,0.5814,43,0.4286,14,FAST,3,7,942,945
804,201,63,0.3968,0.4031,0.7748,0.2862,0.4444,0.3214,28,0.3889,18,0.3889,18,FAST,3,8,1005,1008
400,101,63,0.4762,0.5177,0.6977,0.2522,0.4762,0.4762,63,0.5,2,0.5,2,FDX,3,0,501,504
451,113,63,0.5397,0.5273,0.6568,0.2368,0.4762,0.5085,59,0.6667,3,1.0,2,FDX,3,1,564,567
501,126,63,0.381,0.5144,2.1202,0.3162,0.619,,0,,0,,0,FDX,3,2,627,630
552,138,63,0.4762,0.4854,0.6996,0.2532,0.5079,0.4762,21,,0,,0,FDX,3,3,690,693
602,151,63,0.4921,0.5422,1.0586,0.3001,0.5714,0.537,54,0.537,54,0.6136,44,FDX,3,4,753,756
652,164,63,0.4444,0.6755,0.7182,0.2624,0.4444,0.4444,63,0.4444,63,0.5938,32,FDX,3,5,816,819
703,176,63,0.3968,0.4739,0.7358,0.2704,0.6349,0.55,20,0.55,20,0.0,1,FDX,3,6,879,882
753,189,63,0.3333,0.5341,0.8169,0.3103,0.6984,1.0,2,1.0,1,,0,FDX,3,7,942,945
804,201,63,0.6032,0.5694,2.2705,0.2887,0.5714,0.617,47,0.617,47,,0,FDX,3,8,1005,1008
400,101,63,0.5714,0.5641,0.7051,0.2554,0.4762,0.5484,31,0.5484,31,0.5333,30,FTV,3,0,501,504
451,113,63,0.4127,0.4853,0.7756,0.2893,0.3968,0.3571,42,0.3571,42,0.4118,34,FTV,3,1,564,567
501,126,63,0.4762,0.4601,0.968,0.278,0.5238,0.5,26,0.4615,13,0.0,1,FTV,3,2,627,630
552,138,63,0.3968,0.4239,1.2102,0.2935,0.5397,0.375,16,0.0,5,0.0,5,FTV,3,3,690,693
602,151,63,0.4603,0.5323,0.6891,0.2496,0.4921,0.4754,61,1.0,2,1.0,2,FTV,3,4,753,756
652,164,63,0.5238,0.5715,1.1433,0.2638,0.4286,0.4545,33,0.5,28,0.52,25,FTV,3,5,816,819
703,176,63,0.5556,0.6276,0.6712,0.2395,0.5556,0.6129,31,0.6129,31,0.6129,31,FTV,3,6,879,882
753,189,63,0.4286,0.6674,0.7685,0.2849,0.6349,1.0,4,1.0,2,1.0,2,FTV,3,7,942,945
804,201,63,0.5238,0.4854,3.5,0.3578,0.5238,0.5714,21,,0,,0,FTV,3,8,1005,1008
400,101,63,0.8095,0.277,0.5792,0.1939,0.8095,0.8095,63,0.8095,63,0.8095,63,GE,3,0,501,504
451,113,63,0.4444,0.4735,1.4216,0.3739,0.4444,0.4444,63,0.4444,63,0.4444,63,GE,3,1,564,567
501,126,63,0.6667,0.4966,0.654,0.2281,0.6667,0.6667,63,0.6667,63,0.6667,63,GE,3,2,627,630
552,138,63,0.619,0.6426,1.0725,0.2308,0.619,0.6364,55,0.6364,55,0.6364,55,GE,3,3,690,693
602,151,63,0.6508,0.3836,1.2027,0.2742,0.6508,0.6508,63,0.6508,63,0.62,50,GE,3,4,753,756
652,164,63,0.6825,0.4337,0.6231,0.2158,0.6825,0.6825,63,0.6825,63,0.6949,59,GE,3,5,816,819
703,176,63,0.6825,0.6378,0.6205,0.2149,0.619,0.661,59,0.661,59,0.661,59,GE,3,6,879,882
753,189,63,0.4603,0.5595,0.724,0.2638,0.5079,0.4821,56,0.5682,44,0.5682,44,GE,3,7,942,945
804,201,63,0.3968,0.4792,1.2898,0.3245,0.4127,0.3889,54,0.3889,54,0.3725,51,GE,3,8,1005,1008
400,101,63,0.4286,0.5751,1.6171,0.2831,0.5714,,0,,0,,0,GNRC,3,0,501,504
451,113,63,0.5397,0.4645,1.6623,0.3486,0.5397,0.541,61,0.541,61,0.5217,46,GNRC,3,1,564,567
501,126,63,0.5556,0.3924,0.7121,0.2587,0.5873,0.5763,59,0.5143,35,0.5143,35,GNRC,3,2,627,630
552,138,63,0.3651,0.5,0.7316,0.2691,0.3651,0.3651,63,0.3651,63,,0,GNRC,3,3,690,693
602,151,63,0.4921,0.5631,2.2871,0.3019,0.5238,0.5088,57,0.5088,57,0.55,40,GNRC,3,4,753,756
652,164,63,0.4127,0.5598,0.6795,0.2444,0.6984,0.7692,13,0.7692,13,0.7692,13,GNRC,3,5,816,819
703,176,63,0.4286,0.5,0.6931,0.25,0.4286,0.4286,63,,0,,0,GNRC,3,6,879,882
753,189,63,0.6032,0.4052,1.174,0.2711,0.6508,0.6333,60,0.6053,38,0.0,1,GNRC,3,7,942,945
804,201,63,0.4127,0.4386,0.8467,0.3211,0.6349,0.6364,11,0.6667,9,0.6667,9,GNRC,3,8,1005,1008
400,101,63,0.5397,0.4453,1.7526,0.3229,0.6825,0.675,40,,0,,0,GD,3,0,501,504
451,113,63,0.4762,0.5985,0.7258,0.2656,0.4762,0.4762,63,0.5102,49,0.5102,49,GD,3,1,564,567
501,126,63,0.5238,0.619,0.6905,0.2502,0.4921,0.5091,55,0.5098,51,0.5098,51,GD,3,2,627,630
552,138,63,0.5397,0.5495,0.7125,0.2588,0.4762,1.0,1,,0,,0,GD,3,3,690,693
602,151,63,0.5079,0.477,0.9815,0.2854,0.5556,0.6429,14,0.6154,13,0.6154,13,GD,3,4,753,756
652,164,63,0.5714,0.6234,0.6924,0.2478,0.6349,0.7407,27,0.7407,27,0.7143,21,GD,3,5,816,819
703,176,63,0.6032,0.5811,1.6272,0.2809,0.5397,0.6667,27,0.6667,27,0.0,1,GD,3,6,879,882
753,189,63,0.4762,0.4929,1.1822,0.2777,0.4921,0.4833,60,0.4906,53,,0,GD,3,7,942,945
804,201,63,0.3968,0.5942,0.7241,0.2648,0.3968,0.3968,63,0.5294,17,0.5294,17,GD,3,8,1005,1008
400,101,63,0.5873,0.5796,0.6777,0.2423,0.4921,0.8571,7,0.8,5,0.75,4,HON,3,0,501,504
451,113,63,0.4444,0.524,0.9361,0.2632,0.5556,0.5,6,0.5,6,,0,HON,3,1,564,567
501,126,63,0.381,0.4743,1.6467,0.299,0.5714,0.4211,19,0.4211,19,0.4211,19,HON,3,2,627,630
552,138,63,0.5556,0.55,0.6934,0.2513,0.4762,0.5238,42,0.5294,34,0.5294,34,HON,3,3,690,693
602,151,63,0.4921,0.4895,1.8383,0.2901,0.6032,0.575,40,0.5769,26,0.5769,26,HON,3,4,753,756
652,164,63,0.5079,0.6512,3.2061,0.3344,0.4921,,0,,0,,0,HON,3,5,816,819
703,176,63,0.5873,0.5787,0.6935,0.2501,0.4286,0.5185,27,0.5185,27,0.5,26,HON,3,6,879,882
753,189,63,0.6032,0.3656,0.6977,0.2522,0.6667,0.6441,59,0.6667,6,0.6667,6,HON,3,7,942,945
804,201,63,0.4444,0.5393,0.6996,0.2533,0.4444,0.4444,63,0.75,4,0.75,4,HON,3,8,1005,1008
400,101,63,0.3175,0.3073,0.7891,0.2984,0.6667,0.4706,17,0.5,8,0.5,8,HWM,3,0,501,504
451,113,63,0.4921,0.436,1.9616,0.3296,0.4921,0.4921,63,0.4921,63,0.4545,22,HWM,3,1,564,567
501,126,63,0.6508,0.5,0.6518,0.2295,0.6508,0.6508,63,0.6508,63,0.6508,63,HWM,3,2,627,630
552,138,63,0.6032,0.4937,0.6743,0.2406,0.6032,0.6032,63,0.6,60,0.6,60,HWM,3,3,690,693
602,151,63,0.6508,0.4884,0.8845,0.2405,0.6508,0.6557,61,0.6111,36,0.8571,7,HWM,3,4,753,756
652,164,63,0.6508,0.5055,0.6443,0.2291,0.6508,0.6508,63,0.65,60,0.6087,23,HWM,3,5,816,819
703,176,63,0.6032,0.4916,0.709,0.2517,0.6032,0.6032,63,0.5968,62,0.6066,61,HWM,3,6,879,882
753,189,63,0.5079,0.4849,0.8031,0.2979,0.5079,0.5079,63,0.5079,63,0.5079,63,HWM,3,7,942,945
804,201,63,0.5714,0.5895,0.6801,0.2436,0.5714,0.5714,63,0.5714,63,0.6034,58,HWM,3,8,1005,1008
400,101,63,0.5714,0.5452,1.013,0.2945,0.5873,0.6786,28,0.6522,23,1.0,1,HUBB,3,0,501,504
451,113,63,0.5079,0.6142,0.8908,0.2471,0.4286,0.45,40,0.5556,27,0.5556,27,HUBB,3,1,564,567
501,126,63,0.619,0.464,0.6832,0.245,0.6508,0.6545,55,0.5385,13,0.7143,7,HUBB,3,2,627,630
552,138,63,0.4762,0.5267,0.6992,0.253,0.4921,0.4839,62,,0,,0,HUBB,3,3,690,693
602,151,63,0.4127,0.4278,4.2978,0.4211,0.4127,0.4127,63,0.3636,33,0.3226,31,HUBB,3,4,753,756
652,164,63,0.5238,0.5726,0.6927,0.2498,0.619,0.7368,19,,0,,0,HUBB,3,5,816,819
703,176,63,0.5556,0.605,0.6853,0.2461,0.5397,0.55,60,,0,,0,HUBB,3,6,879,882
753,189,63,0.619,0.5648,0.6642,0.2386,0.5714,0.6154,52,0.5882,17,1.0,2,HUBB,3,7,942,945
804,201,63,0.5397,0.4604,1.1573,0.2682,0.5397,0.5397,63,0.5397,63,0.5098,51,HUBB,3,8,1005,1008
400,101,63,0.5556,0.5139,0.6865,0.2467,0.5714,0.58,50,0.58,50,,0,HII,3,0,501,504
451,113,63,0.5873,0.621,0.6965,0.2508,0.4921,0.5472,53,0.6,40,0.5588,34,HII,3,1,564,567
501,126,63,0.5873,0.6455,2.806,0.3238,0.5397,0.5833,48,0.5833,48,0.5833,48,HII,3,2,627,630
552,138,63,0.5238,0.3245,2.8572,0.3517,0.5397,0.5323,62,0.5323,62,0.5323,62,HII,3,3,690,693
602,151,63,0.5397,0.5705,0.685,0.246,0.5397,0.5397,63,0.6364,22,0.619,21,HII,3,4,753,756
652,164,63,0.4444,0.4371,0.7511,0.278,0.5397,0.4667,15,0.0,2,0.0,2,HII,3,5,816,819
703,176,63,0.6349,0.5082,0.685,0.2459,0.6349,0.6349,63,,0,,0,HII,3,6,879,882
753,189,63,0.5714,0.501,0.6936,0.2496,0.5714,0.5714,63,0.5833,12,0.5455,11,HII,3,7,942,945
804,201,63,0.3968,0.4332,2.9201,0.3802,0.3968,0.3968,63,0.4186,43,0.4186,43,HII,3,8,1005,1008
400,101,63,0.4921,0.4194,0.729,0.2675,0.5079,,0,,0,,0,IEX,3,0,501,504
451,113,63,0.3968,0.5657,0.7432,0.2745,0.381,0.3871,62,0.3913,46,0.4324,37,IEX,3,1,564,567
501,126,63,0.4127,0.5042,0.7134,0.2601,0.6032,0.5714,7,0.5714,7,,0,IEX,3,2,627,630
552,138,63,0.3651,0.3949,1.7114,0.3207,0.4444,0.3333,36,,0,,0,IEX,3,3,690,693
602,151,63,0.4762,0.497,0.718,0.2622,0.4762,0.4762,63,0.4762,63,,0,IEX,3,4,753,756
652,164,63,0.4762,0.4728,1.1782,0.2756,0.5079,0.4706,17,0.4706,17,0.4706,17,IEX,3,5,816,819
703,176,63,0.5397,0.5467,0.7006,0.2523,0.5397,0.619,21,0.619,21,0.6667,18,IEX,3,6,879,882
753,189,63,0.6825,0.5648,0.9058,0.2462,0.7143,0.766,47,0.75,44,,0,IEX,3,7,942,945
804,201,63,0.5079,0.5581,0.7122,0.2585,0.4762,0.4912,57,0.4909,55,0.4889,45,IEX,3,8,1005,1008
400,101,63,0.3175,0.2874,1.9628,0.339,0.5238,0.3529,34,0.25,16,,0,ITW,3,0,501,504
451,113,63,0.381,0.6239,0.712,0.2593,0.381,0.381,63,0.5,8,0.6,5,ITW,3,1,564,567
501,126,63,0.3651,0.5033,0.7265,0.268,0.6508,0.5714,7,1.0,1,1.0,1,ITW,3,2,627,630
552,138,63,0.6825,0.5455,0.6376,0.2226,0.3492,1.0,2,1.0,2,1.0,2,ITW,3,3,690,693
602,151,63,0.5873,0.6768,0.6311,0.2213,0.5238,0.5946,37,0.8462,13,0.8462,13,ITW,3,4,753,756
652,164,63,0.5238,0.5735,1.8994,0.315,0.5556,0.5714,35,0.5455,22,0.5714,21,ITW,3,5,816,819
703,176,63,0.5873,0.569,0.6915,0.2484,0.4603,0.6364,11,0.6,10,0.75,8,ITW,3,6,879,882
753,189,63,0.5079,0.3873,1.2003,0.2859,0.5714,0.5424,59,0.5179,56,0.5179,56,ITW,3,7,942,945
804,201,63,0.619,0.4592,1.3567,0.2592,0.3651,0.3333,3,0.3333,3,,0,ITW,3,8,1005,1008
400,101,63,0.5556,0.475,0.7068,0.2564,0.5556,0.5556,63,0.5424,59,0.5424,59,IR,3,0,501,504
451,113,63,0.5873,0.5,0.6893,0.2477,0.5873,0.5873,63,0.5873,63,0.5873,63,IR,3,1,564,567
501,126,63,0.5714,0.3992,0.6875,0.2471,0.5714,0.5714,63,0.5714,63,0.5098,51,IR,3,2,627,630
552,138,63,0.4286,0.3488,7.0845,0.5189,0.4286,0.4286,63,0.4286,63,0.3171,41,IR,3,3,690,693
602,151,63,0.4921,0.5,0.6961,0.2515,0.4921,0.4921,63,,0,,0,IR,3,4,753,756
652,164,63,0.4603,0.5,0.6954,0.2511,0.5397,,0,,0,,0,IR,3,5,816,819
703,176,63,0.4762,0.4364,0.7282,0.2666,0.5238,0.5,36,0.4667,30,0.4286,14,IR,3,6,879,882
753,189,63,0.5714,0.4865,0.6884,0.2476,0.5873,0.5806,62,,0,,0,IR,3,7,942,945
804,201,63,0.381,0.5476,0.7435,0.275,0.3333,0.35,60,0.3559,59,,0,IR,3,8,1005,1008
400,101,63,0.5714,0.5146,1.4195,0.2855,0.4127,0.4615,13,0.4615,13,0.4615,13,JBHT,3,0,501,504
451,113,63,0.5238,0.4889,0.766,0.2833,0.4921,0.5085,59,0.5085,59,0.5085,59,JBHT,3,1,564,567
501,126,63,0.4921,0.5381,0.6976,0.2537,0.5714,0.6,20,1.0,1,1.0,1,JBHT,3,2,627,630
552,138,63,0.5873,0.4527,2.8037,0.3322,0.4286,0.5333,15,,0,,0,JBHT,3,3,690,693
602,151,63,0.4603,0.6677,0.702,0.2518,0.4286,0.4386,57,0.5128,39,0.7333,15,JBHT,3,4,753,756
652,164,63,0.5714,0.598,0.6797,0.2433,0.4762,0.5556,27,1.0,2,,0,JBHT,3,5,816,819
703,176,63,0.619,0.6678,0.8758,0.2417,0.5397,0.6786,28,0.6786,28,0.6786,28,JBHT,3,6,879,882
753,189,63,0.4127,0.409,8.0217,0.5564,0.5873,,0,,0,,0,JBHT,3,7,942,945
804,201,63,0.4921,0.502,1.6488,0.2929,0.5397,0.5172,58,,0,,0,JBHT,3,8,1005,1008
400,101,63,0.5556,0.5286,0.9079,0.2538,0.5556,0.5778,45,0.5814,43,0.4545,11,J,3,0,501,504
451,113,63,0.4762,0.4964,0.7582,0.2804,0.4444,0.451,51,0.451,51,0.439,41,J,3,1,564,567
501,126,63,0.4127,0.3753,0.8683,0.3284,0.6508,0.5714,28,0.6364,11,0.6364,11,J,3,2,627,630
552,138,63,0.5238,0.5316,0.7137,0.26,0.4444,0.475,40,0.475,40,0.475,40,J,3,3,690,693
602,151,63,0.4603,0.4173,0.7169,0.2614,0.4603,0.4603,63,0.4,10,0.375,8,J,3,4,753,756
652,164,63,0.6032,0.5113,0.6903,0.2494,0.6667,0.6667,51,,0,,0,J,3,5,816,819
703,176,63,0.5238,0.5,0.692,0.2494,0.5238,0.5238,63,,0,,0,J,3,6,879,882
753,189,63,0.4921,0.5136,0.6966,0.2518,0.4921,0.4918,61,0.5,54,,0,J,3,7,942,945
804,201,63,0.4444,0.6337,0.9285,0.2628,0.3968,0.4107,56,0.4545,33,0.5,24,J,3,8,1005,1008
400,101,63,0.5397,0.5429,0.6693,0.2392,0.4444,0.3333,3,0.5,2,,0,APTV,3,0,501,504
451,113,63,0.5873,0.5717,0.9059,0.2474,0.4127,0.5,26,0.7143,7,0.7143,7,APTV,3,1,564,567
501,126,63,0.4603,0.4498,0.7287,0.267,0.4603,0.3077,13,0.3077,13,,0,APTV,3,2,627,630
552,138,63,0.5556,0.5253,2.4997,0.2991,0.6032,0.6316,38,0.6176,34,0.6176,34,APTV,3,3,690,693
602,151,63,0.6032,0.6398,0.6543,0.2308,0.5556,0.6786,28,0.76,25,0.76,25,APTV,3,4,753,756
652,164,63,0.5079,0.5568,0.6919,0.2494,0.4603,0.4828,58,0.4828,58,1.0,1,APTV,3,5,816,819
703,176,63,0.6508,0.45,0.6972,0.2457,0.7143,0.7018,57,0.7018,57,0.6667,3,APTV,3,6,879,882
753,189,63,0.5238,0.565,0.6826,0.2449,0.5079,0.5161,62,0.5556,54,0.6667,3,APTV,3,7,942,945
804,201,63,0.3175,0.5526,2.0622,0.4901,0.3016,0.3065,62,0.3,60,0.3261,46,APTV,3,8,1005,1008
400,101,63,0.5397,0.5444,0.7229,0.2585,0.5238,0.5714,28,0.5714,28,0.5385,26,AZO,3,0,501,504
451,113,63,0.5397,0.5469,0.693,0.2499,0.4921,0.5294,34,0.5294,34,,0,AZO,3,1,564,567
501,126,63,0.6984,0.6648,0.9082,0.25,0.4444,0.6957,23,0.5,8,0.5,8,AZO,3,2,627,630
552,138,63,0.6032,0.5447,0.9108,0.2518,0.6032,0.6182,55,0.75,4,,0,AZO,3,3,690,693
602,151,63,0.5238,0.3974,0.7194,0.2633,0.6032,0.569,58,0.5306,49,0.5,30,AZO,3,4,753,756
652,164,63,0.5079,0.4829,0.7088,0.2577,0.5079,0.5161,31,0.25,8,0.25,8,AZO,3,5,816,819
703,176,63,0.4286,0.3056,0.7217,0.2642,0.4286,0.4286,63,0.1429,21,,0,AZO,3,6,879,882
753,189,63,0.5397,0.502,2.9683,0.3206,0.5397,0.5397,63,0.4889,45,0.4889,45,AZO,3,7,942,945
804,201,63,0.4762,0.4828,1.1644,0.2718,0.4603,0.4444,36,0.4118,17,0.4118,17,AZO,3,8,1005,1008
400,101,63,0.4762,0.5869,2.3035,0.305,0.5238,,0,,0,,0,BBY,3,0,501,504
451,113,63,0.5238,0.465,1.1748,0.2737,0.4603,0.4706,17,1.0,1,,0,BBY,3,1,564,567
501,126,63,0.4603,0.5237,0.8991,0.2486,0.5238,0.4762,21,0.5625,16,0.75,4,BBY,3,2,627,630
552,138,63,0.5556,0.5,0.6922,0.2495,0.4444,,0,,0,,0,BBY,3,3,690,693
602,151,63,0.5873,0.6111,1.7711,0.2592,0.5397,0.6053,38,0.6053,38,0.6154,26,BBY,3,4,753,756
652,164,63,0.4762,0.5636,0.7618,0.2817,0.4762,0.4737,57,0.5192,52,0.5192,52,BBY,3,5,816,819
703,176,63,0.6349,0.6315,0.6848,0.2482,0.6349,0.6889,45,,0,,0,BBY,3,6,879,882
753,189,63,0.3333,0.7023,0.741,0.2743,0.3175,0.3226,62,0.3462,52,0.5714,21,BBY,3,7,942,945
804,201,63,0.5556,0.5453,2.0762,0.2956,0.4286,0.4828,29,0.5556,18,0.5556,18,BBY,3,8,1005,1008
400,101,63,0.6508,0.6389,0.7104,0.2557,0.4762,0.587,46,0.587,46,0.587,46,BKNG,3,0,501,504
451,113,63,0.5556,0.5833,0.6635,0.2414,0.4762,0.5172,58,0.5263,57,0.5263,57,BKNG,3,1,564,567
501,126,63,0.5873,0.4896,1.1109,0.3695,0.8413,0.8293,41,0.8462,26,0.8889,9,BKNG,3,2,627,630
552,138,63,0.4286,0.2889,2.9512,0.3928,0.5238,0.4706,51,0.2963,27,0.25,20,BKNG,3,3,690,693
602,151,63,0.5714,0.3832,0.9653,0.2737,0.5714,0.5714,63,0.5714,63,0.5714,63,BKNG,3,4,753,756
652,164,63,0.5079,0.5156,0.7165,0.2614,0.5079,0.5079,63,0.5079,63,0.5079,63,BKNG,3,5,816,819
703,176,63,0.3968,0.5216,0.7094,0.2581,0.3968,0.3968,63,,0,,0,BKNG,3,6,879,882
753,189,63,0.5238,0.5485,0.6954,0.251,0.5238,0.5333,45,0.5625,32,0.5625,32,BKNG,3,7,942,945
804,201,63,0.4444,0.4893,0.7434,0.2741,0.4444,0.4444,63,0.44,25,0.4167,24,BKNG,3,8,1005,1008
400,101,63,0.5079,0.4839,0.7053,0.2556,0.5079,0.5079,63,0.0,1,0.0,1,CCL,3,0,501,504
451,113,63,0.5079,0.5227,1.3995,0.2779,0.5079,0.5091,55,,0,,0,CCL,3,1,564,567
501,126,63,0.5873,0.343,3.0853,0.3582,0.5873,0.5873,63,0.2308,13,0.2308,13,CCL,3,2,627,630
552,138,63,0.5556,0.425,0.6875,0.2472,0.5556,0.5556,63,0.5556,63,,0,CCL,3,3,690,693
602,151,63,0.5079,0.5005,0.9266,0.2591,0.5079,0.5082,61,,0,,0,CCL,3,4,753,756
652,164,63,0.5714,0.5286,1.1622,0.2678,0.5873,0.5833,60,,0,,0,CCL,3,5,816,819
703,176,63,0.619,0.5504,0.691,0.2473,0.4127,0.6,10,,0,,0,CCL,3,6,879,882
753,189,63,0.381,0.3867,0.7944,0.2943,0.5873,0.4286,14,0.4615,13,0.5556,9,CCL,3,7,942,945
804,201,63,0.619,0.6902,0.7142,0.2566,0.4127,0.5238,42,0.6061,33,0.5652,23,CCL,3,8,1005,1008
400,101,63,0.3492,0.4337,0.7272,0.267,0.6825,0.625,8,,0,,0,CVNA,3,0,501,504
451,113,63,0.4921,0.4879,0.9739,0.2789,0.4921,0.4921,63,0.4921,63,0.0,4,CVNA,3,1,564,567
501,126,63,0.6349,0.4581,1.6584,0.2829,0.6984,0.6842,57,0.6842,57,0.5,2,CVNA,3,2,627,630
552,138,63,0.6032,0.5132,0.6709,0.239,0.6032,0.6032,63,0.6032,63,0.6032,63,CVNA,3,3,690,693
602,151,63,0.619,0.5,0.6647,0.2359,0.619,0.619,63,0.619,63,0.619,63,CVNA,3,4,753,756
652,164,63,0.5397,0.5,0.7169,0.2611,0.5397,0.5397,63,0.5397,63,0.5397,63,CVNA,3,5,816,819
703,176,63,0.3651,0.3841,0.7282,0.2672,0.4921,0.3043,23,0.3571,14,0.3846,13,CVNA,3,6,879,882
753,189,63,0.4444,0.5106,0.9595,0.2735,0.4921,0.4444,36,0.6,20,0.5,10,CVNA,3,7,942,945
804,201,63,0.5873,0.6066,0.6592,0.234,0.5238,0.7333,15,0.7333,15,0.7778,9,CVNA,3,8,1005,1008
400,101,63,0.6508,0.5,0.6617,0.2343,0.6508,0.6508,63,0.6508,63,,0,CMG,3,0,501,504
451,113,63,0.4286,0.5314,0.7869,0.2931,0.4286,0.4286,63,0.4286,63,0.4576,59,CMG,3,1,564,567
501,126,63,0.5556,0.3953,1.4464,0.3243,0.6032,0.5862,58,0.52,25,0.5,16,CMG,3,2,627,630
552,138,63,0.5079,0.5559,0.9336,0.2611,0.5079,0.5082,61,,0,,0,CMG,3,3,690,693
602,151,63,0.4921,0.5696,0.6941,0.2504,0.4921,0.4921,63,0.56,25,0.5417,24,CMG,3,4,753,756
652,164,63,0.5079,0.51,0.6975,0.2521,0.3968,0.4,30,0.3077,13,0.6667,3,CMG,3,5,816,819
703,176,63,0.4603,0.64,0.7166,0.2616,0.381,0.4107,56,0.4107,56,0.5,22,CMG,3,6,879,882
753,189,63,0.5397,0.5421,0.9695,0.2777,0.5873,0.6176,34,0.6667,9,0.6667,9,CMG,3,7,942,945
804,201,63,0.5714,0.5633,0.7026,0.2537,0.4444,0.5294,17,0.5333,15,0.4545,11,CMG,3,8,1005,1008
400,101,63,0.4127,0.4516,2.6171,0.3435,0.4286,0.4194,62,0.4,60,0.4231,26,DRI,3,0,501,504
451,113,63,0.4444,0.4263,2.6859,0.3725,0.3968,0.375,40,0.375,40,0.359,39,DRI,3,1,564,567
501,126,63,0.5238,0.4682,0.6945,0.2507,0.4762,,0,,0,,0,DRI,3,2,627,630
552,138,63,0.4762,0.5152,0.7354,0.2703,0.5238,,0,,0,,0,DRI,3,3,690,693
602,151,63,0.4921,0.5232,1.4329,0.2871,0.5079,,0,,0,,0,DRI,3,4,753,756
652,164,63,0.5556,0.5237,1.8812,0.2997,0.5238,0.5641,39,,0,,0,DRI,3,5,816,819
703,176,63,0.5079,0.5147,0.6937,0.2537,0.5397,0.5366,41,0.5366,41,0.5366,41,DRI,3,6,879,882
753,189,63,0.5079,0.4837,0.6835,0.2452,0.6349,0.6154,39,0.6154,39,,0,DRI,3,7,942,945
804,201,63,0.4921,0.5929,0.6896,0.2489,0.4444,0.4545,44,0.6364,11,0.6364,11,DRI,3,8,1005,1008
400,101,63,0.5714,0.5468,0.6905,0.2485,0.5714,0.5882,51,0.6286,35,0.5,8,DECK,3,0,501,504
451,113,63,0.3968,0.3984,0.8594,0.3263,0.3968,0.3934,61,0.3934,61,0.3934,61,DECK,3,1,564,567
501,126,63,0.5397,0.5756,1.3565,0.2599,0.5397,0.5397,63,0.7143,14,0.6923,13,DECK,3,2,627,630
552,138,63,0.4603,0.5051,1.1723,0.2729,0.5714,0.625,8,,0,,0,DECK,3,3,690,693
602,151,63,0.3968,0.5868,1.0668,0.3893,0.3968,0.3774,53,0.3774,53,0.3774,53,DECK,3,4,753,756
652,164,63,0.4762,0.5884,0.6695,0.2391,0.4762,0.4762,63,0.7778,9,0.7778,9,DECK,3,5,816,819
703,176,63,0.4286,0.4289,1.2132,0.2917,0.5079,0.3333,12,0.2222,9,0.2222,9,DECK,3,6,879,882
753,189,63,0.381,0.5355,0.714,0.2615,0.6825,1.0,4,1.0,3,1.0,3,DECK,3,7,942,945
804,201,63,0.4444,0.4918,0.7407,0.2718,0.4444,0.4444,63,0.4444,63,0.4,5,DECK,3,8,1005,1008
400,101,63,0.5873,0.4802,0.9189,0.2553,0.5873,0.5902,61,0.5714,49,0.5714,49,DPZ,3,0,501,504
451,113,63,0.5079,0.546,0.7973,0.2946,0.4762,0.4918,61,0.4918,61,0.4918,61,DPZ,3,1,564,567
501,126,63,0.4444,0.4601,0.7186,0.2626,0.4762,0.3333,15,0.3333,15,,0,DPZ,3,2,627,630
552,138,63,0.4444,0.4767,1.1899,0.2801,0.5397,0.4545,11,0.0,2,0.0,2,DPZ,3,3,690,693
602,151,63,0.4762,0.4434,1.8873,0.3044,0.5238,,0,,0,,0,DPZ,3,4,753,756
652,164,63,0.4603,0.4833,0.7136,0.26,0.4603,0.4603,63,0.4167,12,0.4167,12,DPZ,3,5,816,819
703,176,63,0.4286,0.5112,1.3776,0.272,0.381,0.3889,54,,0,,0,DPZ,3,6,879,882
753,189,63,0.5397,0.5406,0.7123,0.2585,0.4603,0.5,26,0.5294,17,0.5294,17,DPZ,3,7,942,945
804,201,63,0.4603,0.4892,2.3677,0.3282,0.4286,0.4407,59,0.4407,59,0.375,16,DPZ,3,8,1005,1008
400,101,63,0.4921,0.5464,1.5839,0.2716,0.5079,0.5,44,0.5161,31,0.6667,18,DHI,3,0,501,504
451,113,63,0.4762,0.626,1.3617,0.265,0.4286,0.4483,58,0.6429,14,0.6429,14,DHI,3,1,564,567
501,126,63,0.5556,0.5512,1.3737,0.2681,0.5397,0.5556,54,0.5556,54,0.5556,54,DHI,3,2,627,630
552,138,63,0.5079,0.6378,0.6772,0.2413,0.3333,0.3913,46,0.5385,13,0.5714,7,DHI,3,3,690,693
602,151,63,0.5556,0.4846,0.7019,0.254,0.4286,0.4444,9,0.4444,9,0.4444,9,DHI,3,4,753,756
652,164,63,0.4444,0.6143,0.759,0.2814,0.5556,,0,,0,,0,DHI,3,5,816,819
703,176,63,0.5714,0.5515,0.6883,0.2476,0.4762,0.8,5,,0,,0,DHI,3,6,879,882
753,189,63,0.3651,0.3649,1.0114,0.3012,0.4921,0.3548,31,0.4,20,0.4,20,DHI,3,7,942,945
804,201,63,0.5873,0.5237,0.6891,0.248,0.4286,0.6667,3,0.6667,3,0.6667,3,DHI,3,8,1005,1008
400,101,63,0.5238,0.6272,5.8133,0.4384,0.6349,0.7778,18,,0,,0,EBAY,3,0,501,504
451,113,63,0.381,0.4621,0.6986,0.253,0.6032,0.4,5,0.5,2,0.5,2,EBAY,3,1,564,567
501,126,63,0.6984,0.7469,0.6421,0.2248,0.5873,0.6875,48,0.6875,48,1.0,2,EBAY,3,2,627,630
552,138,63,0.4762,0.4444,0.7956,0.2959,0.5238,0.5,32,0.4444,27,0.4444,27,EBAY,3,3,690,693
602,151,63,0.6667,0.487,0.6831,0.2428,0.6667,0.6667,63,0.6,15,0.6,15,EBAY,3,4,753,756
652,164,63,0.5873,0.5573,0.6858,0.2449,0.5397,0.569,58,0.5714,56,0.5714,56,EBAY,3,5,816,819
703,176,63,0.4603,0.4899,2.3844,0.3333,0.4603,0.4603,63,0.4603,63,0.125,8,EBAY,3,6,879,882
753,189,63,0.5714,0.5301,0.6869,0.2468,0.5556,0.5769,52,0.5714,49,0.5385,13,EBAY,3,7,942,945
804,201,63,0.6349,0.5267,0.6796,0.2431,0.619,0.6667,48,0.5769,26,0.5769,26,EBAY,3,8,1005,1008
400,101,63,0.4921,0.5,0.6941,0.2505,0.4921,0.4921,63,,0,,0,EXPE,3,0,501,504
451,113,63,0.4921,0.3126,0.7828,0.2944,0.5238,0.5091,55,0.3429,35,0.3429,35,EXPE,3,1,564,567
501,126,63,0.5556,0.4402,2.2039,0.3423,0.619,0.6279,43,0.375,8,0.375,8,EXPE,3,2,627,630
552,138,63,0.4286,0.5,0.7144,0.2606,0.4286,0.4286,63,0.4286,63,,0,EXPE,3,3,690,693
602,151,63,0.5873,0.5919,0.6827,0.245,0.5238,0.64,25,,0,,0,EXPE,3,4,753,756
652,164,63,0.4921,0.4829,2.0453,0.2904,0.619,0.5778,45,0.5778,45,0.5778,45,EXPE,3,5,816,819
703,176,63,0.5556,0.5263,0.712,0.2588,0.5238,0.5714,35,0.5588,34,0.5455,33,EXPE,3,6,879,882
753,189,63,0.619,0.5781,0.6535,0.2335,0.5079,0.58,50,,0,,0,EXPE,3,7,942,945
804,201,63,0.5556,0.5243,0.6894,0.2481,0.4603,0.5333,15,0.5333,15,0.6667,3,EXPE,3,8,1005,1008
400,101,63,0.4921,0.4635,0.8303,0.306,0.4286,0.2727,11,0.2,5,0.2,5,F,3,0,501,504
451,113,63,0.4603,0.3864,0.7135,0.264,0.4603,0.0,5,0.0,5,0.0,5,F,3,1,564,567
501,126,63,0.4286,0.5,0.7047,0.2558,0.5714,,0,,0,,0,F,3,2,627,630
552,138,63,0.3968,0.4816,0.9534,0.2724,0.3968,0.3968,63,0.25,4,0.3333,3,F,3,3,690,693
602,151,63,0.4286,0.5043,1.5919,0.2723,0.619,0.6364,11,0.6364,11,0.6364,11,F,3,4,753,756
652,164,63,0.5556,0.5838,3.915,0.3588,0.5238,0.619,21,0.5,8,0.5714,7,F,3,5,816,819
703,176,63,0.3968,0.5463,0.8298,0.314,0.6032,,0,,0,,0,F,3,6,879,882
753,189,63,0.5397,0.5472,0.7371,0.2693,0.4603,,0,,0,,0,F,3,7,942,945
804,201,63,0.4762,0.5542,0.6973,0.2521,0.3968,0.413,46,0.4419,43,0.75,4,F,3,8,1005,1008
400,101,63,0.6667,0.3452,0.689,0.2461,0.6667,0.6667,63,0.6667,63,0.3571,14,GRMN,3,0,501,504
451,113,63,0.5714,0.4681,0.7197,0.2601,0.5714,0.5714,63,0.5714,63,0.5714,63,GRMN,3,1,564,567
501,126,63,0.5873,0.5253,0.6661,0.2381,0.6032,0.5968,62,0.5968,62,0.5968,62,GRMN,3,2,627,630
552,138,63,0.619,0.4119,0.7133,0.2565,0.619,0.619,63,0.619,63,0.3636,11,GRMN,3,3,690,693
602,151,63,0.4921,0.5,0.7186,0.2625,0.4921,0.4921,63,0.4921,63,0.4921,63,GRMN,3,4,753,756
652,164,63,0.7778,0.6837,0.6522,0.2296,0.7778,0.7778,63,0.7778,9,,0,GRMN,3,5,816,819
703,176,63,0.4603,0.467,1.2168,0.2984,0.4603,0.4603,63,0.4603,63,0.4237,59,GRMN,3,6,879,882
753,189,63,0.5238,0.4686,0.7196,0.2614,0.5397,0.5323,62,0.5323,62,0.5323,62,GRMN,3,7,942,945
804,201,63,0.5238,0.4954,0.7191,0.2618,0.5397,0.5357,56,0.5357,56,0.5357,56,GRMN,3,8,1005,1008
400,101,63,0.5238,0.5213,0.7382,0.2688,0.5397,0.5417,48,1.0,2,1.0,2,GPC,3,0,501,504
451,113,63,0.3492,0.5942,1.1926,0.2697,0.3492,0.3492,63,0.625,8,0.625,8,GPC,3,1,564,567
501,126,63,0.4603,0.4551,0.7251,0.2656,0.5556,0.5714,7,0.3333,3,0.3333,3,GPC,3,2,627,630
552,138,63,0.6032,0.6641,0.6719,0.2396,0.4762,0.6923,13,0.6667,3,0.6667,3,GPC,3,3,690,693
602,151,63,0.5873,0.6071,0.6982,0.2523,0.5556,0.7143,21,,0,,0,GPC,3,4,753,756
652,164,63,0.6349,0.6225,0.7028,0.2446,0.4921,0.6818,22,0.6818,22,0.6818,22,GPC,3,5,816,819
703,176,63,0.4921,0.4612,0.799,0.2975,0.4921,0.4286,7,0.4286,7,1.0,1,GPC,3,6,879,882
753,189,63,0.619,0.7005,0.9094,0.2548,0.6032,0.7917,24,1.0,2,1.0,2,GPC,3,7,942,945
804,201,63,0.4444,0.4709,6.7832,0.4868,0.4444,0.4386,57,0.4444,54,0.4444,54,GPC,3,8,1005,1008
400,101,63,0.381,0.5211,0.831,0.315,0.6032,0.3333,3,0.3333,3,0.3333,3,HAS,3,0,501,504
451,113,63,0.4921,0.4681,0.7232,0.264,0.4286,0.3529,17,0.3529,17,0.4545,11,HAS,3,1,564,567
501,126,63,0.3492,0.2952,0.905,0.3458,0.5873,0.25,8,,0,,0,HAS,3,2,627,630
552,138,63,0.5238,0.5,0.6928,0.2498,0.4762,,0,,0,,0,HAS,3,3,690,693
602,151,63,0.5714,0.5756,0.8945,0.2441,0.5714,0.5714,63,0.8571,7,0.8333,6,HAS,3,4,753,756
652,164,63,0.4921,0.5956,0.6562,0.2332,0.619,0.8889,9,0.8889,9,0.8889,9,HAS,3,5,816,819
703,176,63,0.4603,0.4884,0.7143,0.2632,0.4762,0.45,40,0.45,40,0.45,40,HAS,3,6,879,882
753,189,63,0.5873,0.6389,0.6511,0.2322,0.6032,0.6667,36,0.75,24,1.0,7,HAS,3,7,942,945
804,201,63,0.4921,0.4434,0.7331,0.2693,0.381,0.3889,36,0.3889,36,0.3889,36,HAS,3,8,1005,1008
400,101,63,0.5397,0.464,0.719,0.2616,0.5397,0.5397,63,0.5397,63,0.4667,15,HLT,3,0,501,504
451,113,63,0.6032,0.4834,2.0782,0.2922,0.5873,0.6,60,0.6,50,0.5918,49,HLT,3,1,564,567
501,126,63,0.6825,0.6587,0.6216,0.2169,0.6825,0.6825,63,0.8,35,0.8125,16,HLT,3,2,627,630
552,138,63,0.6032,0.4868,2.5126,0.3008,0.6032,0.6066,61,0.6066,61,0.5932,59,HLT,3,3,690,693
602,151,63,0.5714,0.5893,1.586,0.2718,0.5556,0.569,58,0.569,58,0.569,58,HLT,3,4,753,756
652,164,63,0.6984,0.6507,0.6391,0.2233,0.5873,0.725,40,0.7105,38,0.6667,24,HLT,3,5,816,819
703,176,63,0.6349,0.5903,0.6723,0.2396,0.4603,0.65,20,,0,,0,HLT,3,6,879,882
753,189,63,0.4444,0.5609,0.7229,0.2647,0.6349,0.7273,11,0.7273,11,0.7273,11,HLT,3,7,942,945
804,201,63,0.4286,0.4508,1.0202,0.303,0.4603,0.4186,43,0.4186,43,0.4186,43,HLT,3,8,1005,1008
400,101,63,0.4921,0.5,0.6995,0.2532,0.5079,,0,,0,,0,HD,3,0,501,504
451,113,63,0.5079,0.5252,0.9202,0.2584,0.5079,0.5152,33,0.5152,33,,0,HD,3,1,564,567
501,126,63,0.5873,0.3413,1.1771,0.2738,0.619,0.6066,61,,0,,0,HD,3,2,627,630
552,138,63,0.4762,0.4148,2.129,0.3161,0.5397,0.5091,55,0.5091,55,,0,HD,3,3,690,693
602,151,63,0.5079,0.5,0.6977,0.2523,0.5079,0.5079,63,0.5079,63,,0,HD,3,4,753,756
652,164,63,0.5238,0.5921,0.6395,0.2284,0.5714,0.5517,58,0.5741,54,0.9,10,HD,3,5,816,819
703,176,63,0.4127,0.32,1.006,0.294,0.4286,0.4194,62,0.38,50,0.0,3,HD,3,6,879,882
753,189,63,0.381,0.4388,0.7391,0.2727,0.5556,0.375,16,0.5714,7,0.6,5,HD,3,7,942,945
804,201,63,0.4127,0.6535,0.7131,0.258,0.3175,0.3396,53,0.5294,17,0.5714,14,HD,3,8,1005,1008
400,101,63,0.4921,0.4868,0.7224,0.2643,0.4603,0.4211,19,0.4211,19,0.4211,19,LVS,3,0,501,504
451,113,63,0.5873,0.5299,0.7041,0.2541,0.3651,0.4211,19,0.3636,11,0.3636,11,LVS,3,1,564,567
501,126,63,0.381,0.4551,0.7781,0.2915,0.619,0.5,12,1.0,1,1.0,1,LVS,3,2,627,630
552,138,63,0.6032,0.5663,1.5832,0.2598,0.3968,,0,,0,,0,LVS,3,3,690,693
602,151,63,0.4762,0.4476,1.7019,0.3088,0.5079,0.48,25,0.4286,21,0.45,20,LVS,3,4,753,756
652,164,63,0.5556,0.7517,0.6914,0.2492,0.6508,0.9333,15,1.0,1,,0,LVS,3,5,816,819
703,176,63,0.5714,0.4679,0.7034,0.2547,0.6032,0.6038,53,0.58,50,,0,LVS,3,6,879,882
753,189,63,0.619,0.5857,0.6752,0.2411,0.4444,0.6667,12,0.6667,12,1.0,3,LVS,3,7,942,945
804,201,63,0.3968,0.4355,1.2044,0.2922,0.5079,0.3125,16,0.3125,16,0.3125,16,LVS,3,8,1005,1008
400,101,63,0.5714,0.5449,0.6854,0.2462,0.5556,0.5769,52,0.5745,47,0.5778,45,LEN,3,0,501,504
451,113,63,0.5079,0.5202,1.649,0.2913,0.4762,0.4906,53,0.5,14,0.5,12,LEN,3,1,564,567
501,126,63,0.5079,0.5615,0.6696,0.2413,0.5079,0.5079,63,0.8,5,0.8,5,LEN,3,2,627,630
552,138,63,0.3651,0.4968,1.9186,0.3166,0.2698,0.2909,55,0.125,8,0.125,8,LEN,3,3,690,693
602,151,63,0.5556,0.6041,0.6766,0.242,0.4444,,0,,0,,0,LEN,3,4,753,756
652,164,63,0.5238,0.5522,0.7507,0.2783,0.5397,0.8333,6,,0,,0,LEN,3,5,816,819
703,176,63,0.4921,0.4242,0.9863,0.2838,0.4762,0.25,4,0.25,4,0.25,4,LEN,3,6,879,882
753,189,63,0.3651,0.4569,1.4233,0.2892,0.4127,0.3793,58,,0,,0,LEN,3,7,942,945
804,201,63,0.5397,0.5283,0.687,0.2469,0.3651,0.375,24,,0,,0,LEN,3,8,1005,1008
400,101,63,0.4921,0.6268,1.2477,0.3122,0.5873,0.7778,9,0.75,8,,0,LOW,3,0,501,504
451,113,63,0.4127,0.4675,1.6622,0.3039,0.5397,0.4,15,0.125,8,0.125,8,LOW,3,1,564,567
501,126,63,0.3492,0.2737,5.7166,0.4792,0.5714,0.4242,33,0.125,8,,0,LOW,3,2,627,630
552,138,63,0.4286,0.5,0.7149,0.2608,0.4286,0.4286,63,0.4286,63,,0,LOW,3,3,690,693
602,151,63,0.4603,0.5,0.6963,0.2516,0.4603,0.4603,63,,0,,0,LOW,3,4,753,756
652,164,63,0.5714,0.5,0.6915,0.2492,0.5714,0.5714,63,,0,,0,LOW,3,5,816,819
703,176,63,0.4127,0.4614,0.947,0.2688,0.4286,0.4038,52,,0,,0,LOW,3,6,879,882
753,189,63,0.5079,0.4717,0.8255,0.2951,0.6508,0.6562,32,0.6562,32,,0,LOW,3,7,942,945
804,201,63,0.3492,0.5,0.7307,0.2687,0.3492,0.3492,63,0.3492,63,,0,LOW,3,8,1005,1008
400,101,63,0.4286,0.4662,0.749,0.2789,0.5079,0.463,54,0.4717,53,0.4898,49,MAR,3,0,501,504
451,113,63,0.4762,0.5147,0.7245,0.2667,0.4603,0.4677,62,0.4677,62,0.4677,62,MAR,3,1,564,567
501,126,63,0.6825,0.4884,0.6668,0.2368,0.6825,0.6825,63,,0,,0,MAR,3,2,627,630
552,138,63,0.5556,0.6165,1.2283,0.286,0.619,0.6341,41,0.6341,41,1.0,2,MAR,3,3,690,693
602,151,63,0.5079,0.4929,0.7479,0.2758,0.4603,0.4815,54,0.4815,54,0.4815,54,MAR,3,4,753,756
652,164,63,0.5873,0.4595,0.6843,0.2455,0.5873,0.5873,63,0.5873,63,0.5667,60,MAR,3,5,816,819
703,176,63,0.5397,0.4696,0.693,0.2499,0.5397,0.5397,63,0.5397,63,,0,MAR,3,6,879,882
753,189,63,0.4286,0.5,0.7057,0.2562,0.5714,,0,,0,,0,MAR,3,7,942,945
804,201,63,0.4444,0.5345,0.9583,0.2733,0.4603,0.4516,62,0.4815,54,,0,MAR,3,8,1005,1008
400,101,63,0.4286,0.4446,0.7388,0.2724,0.4921,0.439,41,0.439,41,,0,MCD,3,0,501,504
451,113,63,0.4762,0.5444,0.8465,0.3159,0.4762,0.4762,63,0.4762,63,0.4762,63,MCD,3,1,564,567
501,126,63,0.5714,0.6025,0.6909,0.2404,0.6508,0.6944,36,0.7778,27,1.0,8,MCD,3,2,627,630
552,138,63,0.4444,0.4913,0.7127,0.2597,0.4444,0.4444,63,0.4211,19,0.4211,19,MCD,3,3,690,693
602,151,63,0.4444,0.4237,0.7147,0.2629,0.5238,0.4783,46,0.4762,21,0.4762,21,MCD,3,4,753,756
652,164,63,0.3651,0.3295,0.7566,0.2803,0.4127,0.3793,58,0.2941,17,0.2941,17,MCD,3,5,816,819
703,176,63,0.5714,0.5286,0.6871,0.247,0.4444,0.5714,7,,0,,0,MCD,3,6,879,882
753,189,63,0.3968,0.5085,0.7124,0.2596,0.619,0.6,5,,0,,0,MCD,3,7,942,945
804,201,63,0.6508,0.5122,0.6823,0.2448,0.3492,,0,,0,,0,MCD,3,8,1005,1008
400,101,63,0.5556,0.5473,0.6958,0.2512,0.4286,0.4737,19,0.2,5,0.2,5,MGM,3,0,501,504
451,113,63,0.4603,0.4355,0.7041,0.2555,0.5079,0.4286,14,0.4286,14,,0,MGM,3,1,564,567
501,126,63,0.5397,0.5208,0.9735,0.2667,0.5397,0.551,49,0.6,5,0.6,5,MGM,3,2,627,630
552,138,63,0.6032,0.5645,1.4026,0.2774,0.5079,0.6,35,0.6,35,0.6176,34,MGM,3,3,690,693
602,151,63,0.5079,0.6762,0.6729,0.2424,0.4127,0.451,51,0.6667,12,0.6364,11,MGM,3,4,753,756
652,164,63,0.5238,0.499,2.0618,0.2895,0.5556,0.5532,47,0.6,15,0.6,15,MGM,3,5,816,819
703,176,63,0.5238,0.5631,0.6965,0.2516,0.4762,0.5,16,0.4286,14,1.0,1,MGM,3,6,879,882
753,189,63,0.5238,0.5587,0.6866,0.2473,0.5556,0.561,41,0.8333,6,1.0,2,MGM,3,7,942,945
804,201,63,0.4762,0.4909,1.1794,0.2749,0.4762,0.4754,61,0.4118,17,0.0,2,MGM,3,8,1005,1008
400,101,63,0.4603,0.4833,0.7235,0.265,0.4762,0.4677,62,0.4677,62,,0,NKE,3,0,501,504
451,113,63,0.4127,0.4331,0.7602,0.2819,0.4603,0.3947,38,0.3947,38,0.4706,17,NKE,3,1,564,567
501,126,63,0.3651,0.2954,1.9575,0.3341,0.5556,0.1429,7,0.1429,7,0.1429,7,NKE,3,2,627,630
552,138,63,0.4762,0.4017,0.7119,0.2593,0.381,0.1538,13,0.1667,12,,0,NKE,3,3,690,693
602,151,63,0.4286,0.3824,0.73,0.2679,0.4603,0.2308,13,0.1667,6,0.1667,6,NKE,3,4,753,756
652,164,63,0.4603,0.5156,0.7206,0.2634,0.5873,0.5789,19,,0,,0,NKE,3,5,816,819
703,176,63,0.5079,0.4637,0.7177,0.2616,0.3333,0.3077,26,0.0,6,0.0,5,NKE,3,6,879,882
753,189,63,0.4444,0.5041,0.6979,0.2526,0.5556,,0,,0,,0,NKE,3,7,942,945
804,201,63,0.4127,0.5419,1.1452,0.3501,0.3016,0.3393,56,0.3393,56,0.3393,56,NKE,3,8,1005,1008
400,101,63,0.5238,0.498,0.714,0.2606,0.4762,0.5,10,0.4444,9,0.4444,9,NCLH,3,0,501,504
451,113,63,0.4762,0.5776,0.7099,0.2572,0.5556,1.0,2,1.0,2,1.0,2,NCLH,3,1,564,567
501,126,63,0.3968,0.4858,4.5326,0.43,0.7143,0.6842,19,,0,,0,NCLH,3,2,627,630
552,138,63,0.5714,0.5263,0.6886,0.2477,0.5238,0.5652,46,0.4667,15,,0,NCLH,3,3,690,693
602,151,63,0.4286,0.6831,0.7278,0.2644,0.4286,0.4286,63,0.4286,63,0.6818,22,NCLH,3,4,753,756
652,164,63,0.6349,0.6071,0.6547,0.2318,0.6349,0.6349,63,0.8462,13,0.9091,11,NCLH,3,5,816,819
703,176,63,0.7143,0.663,1.0404,0.2169,0.3651,0.6667,15,0.6667,15,,0,NCLH,3,6,879,882
753,189,63,0.6032,0.6476,0.6707,0.2399,0.5873,0.6034,58,0.6889,45,1.0,1,NCLH,3,7,942,945
804,201,63,0.4127,0.4984,0.7446,0.2751,0.4127,0.4127,63,0.3158,38,0.5,22,NCLH,3,8,1005,1008
400,101,63,0.5714,0.5946,1.8223,0.2807,0.5873,0.6471,34,0.6429,28,,0,MO,3,0,501,504
451,113,63,0.3968,0.525,9.638,0.6111,0.6349,1.0,2,,0,,0,MO,3,1,564,567
501,126,63,0.4762,0.4158,1.288,0.3189,0.5873,0.5357,56,0.5357,56,0.5273,55,MO,3,2,627,630
552,138,63,0.4921,0.4879,1.4525,0.3002,0.4921,0.4921,63,0.4921,63,0.4921,63,MO,3,3,690,693
602,151,63,0.6349,0.5,0.667,0.237,0.6349,0.6349,63,0.6349,63,,0,MO,3,4,753,756
652,164,63,0.5714,0.5231,0.6869,0.2469,0.5714,0.5714,63,,0,,0,MO,3,5,816,819
703,176,63,0.4762,0.5177,1.383,0.2748,0.4603,0.4583,48,,0,,0,MO,3,6,879,882
753,189,63,0.619,0.7052,0.8662,0.2371,0.5714,0.625,48,0.625,48,0.625,48,MO,3,7,942,945
804,201,63,0.6349,0.57,0.9217,0.2521,0.5714,0.6383,47,0.6176,34,0.6061,33,MO,3,8,1005,1008
400,101,63,0.381,0.4353,1.2246,0.2969,0.6032,0.4,5,0.3333,3,0.3333,3,ADM,3,0,501,504
451,113,63,0.4444,0.3992,0.7329,0.2692,0.4286,0.3182,22,0.3182,22,0.0,2,ADM,3,1,564,567
501,126,63,0.5079,0.5222,0.6929,0.2499,0.5238,0.6,10,,0,,0,ADM,3,2,627,630
552,138,63,0.5079,0.4863,0.919,0.2556,0.4603,0.4828,58,,0,,0,ADM,3,3,690,693
602,151,63,0.5556,0.6481,0.6127,0.2209,0.5397,0.5682,44,0.5814,43,1.0,9,ADM,3,4,753,756
652,164,63,0.6508,0.6739,1.3379,0.2529,0.5714,0.6842,38,0.8462,13,0.6,5,ADM,3,5,816,819
703,176,63,0.5238,0.4356,1.9279,0.3129,0.4127,0.3571,14,0.3571,14,,0,ADM,3,6,879,882
753,189,63,0.4762,0.5689,0.682,0.2451,0.6032,1.0,5,1.0,5,1.0,5,ADM,3,7,942,945
804,201,63,0.5714,0.5381,0.6763,0.2418,0.5714,0.5714,63,0.625,16,1.0,2,ADM,3,8,1005,1008
400,101,63,0.3492,0.4756,0.7879,0.2937,0.6508,,0,,0,,0,BG,3,0,501,504
451,113,63,0.3333,0.5,0.7196,0.2632,0.6667,,0,,0,,0,BG,3,1,564,567
501,126,63,0.4444,0.5112,0.7779,0.2909,0.4444,0.4444,63,0.4444,63,0.4444,63,BG,3,2,627,630
552,138,63,0.381,0.5,9.8691,0.619,0.381,0.381,63,0.381,63,0.381,63,BG,3,3,690,693
602,151,63,0.4603,0.4949,0.7007,0.2537,0.5714,0.5556,18,0.5625,16,0.6,15,BG,3,4,753,756
652,164,63,0.4444,0.5051,0.9771,0.2818,0.5238,0.4167,12,0.4167,12,0.4167,12,BG,3,5,816,819
703,176,63,0.4921,0.4503,0.7607,0.2803,0.4603,0.3636,11,0.3636,11,,0,BG,3,6,879,882
753,189,63,0.5556,0.5041,0.6888,0.2479,0.5556,0.5574,61,,0,,0,BG,3,7,942,945
804,201,63,0.4921,0.4818,0.7133,0.2599,0.5238,0.5152,33,,0,,0,BG,3,8,1005,1008
400,101,63,0.6032,0.5299,0.6726,0.2397,0.5397,0.5763,59,0.5862,58,0.5862,58,CPB,3,0,501,504
451,113,63,0.5714,0.6165,0.6531,0.231,0.619,0.6667,36,0.6667,33,0.8421,19,CPB,3,1,564,567
501,126,63,0.4127,0.4547,2.1678,0.3343,0.4286,0.4167,60,0.4151,53,0.4333,30,CPB,3,2,627,630
552,138,63,0.381,0.4642,2.8655,0.3566,0.381,0.381,63,0.2857,14,0.2857,14,CPB,3,3,690,693
602,151,63,0.5238,0.5884,0.7256,0.2639,0.4762,0.5,14,0.5,14,0.5,14,CPB,3,4,753,756
652,164,63,0.619,0.6296,1.3261,0.2476,0.4286,0.5455,33,0.5862,29,,0,CPB,3,5,816,819
703,176,63,0.5238,0.4643,0.7199,0.2628,0.4444,0.4583,24,0.3889,18,0.3889,18,CPB,3,6,879,882
753,189,63,0.5714,0.5614,0.706,0.2551,0.4603,1.0,2,,0,,0,CPB,3,7,942,945
804,201,63,0.6984,0.4157,0.6583,0.2328,0.3016,,0,,0,,0,CPB,3,8,1005,1008
400,101,63,0.5873,0.5937,0.9275,0.2579,0.6032,0.6111,54,0.7097,31,0.75,8,CASY,3,0,501,504
451,113,63,0.5397,0.621,1.8124,0.2766,0.5079,0.6364,11,0.6364,11,0.6667,3,CASY,3,1,564,567
501,126,63,0.5397,0.6582,2.4793,0.2931,0.5556,0.5484,62,0.541,61,0.6739,46,CASY,3,2,627,630
552,138,63,0.6032,0.6582,0.7294,0.2502,0.5397,0.6216,37,0.6216,37,0.6216,37,CASY,3,3,690,693
602,151,63,0.5079,0.4985,0.801,0.2938,0.5397,0.5429,35,0.5429,35,0.5429,35,CASY,3,4,753,756
652,164,63,0.4127,0.4362,1.823,0.3618,0.5714,0.4815,27,0.48,25,0.5714,7,CASY,3,5,816,819
703,176,63,0.4921,0.4758,0.6912,0.2505,0.4921,0.4906,53,0.4,10,,0,CASY,3,6,879,882
753,189,63,0.6667,0.6463,0.6554,0.2313,0.6667,0.6667,63,0.7812,32,1.0,3,CASY,3,7,942,945
804,201,63,0.3333,0.5629,1.4376,0.2974,0.6667,,0,,0,,0,CASY,3,8,1005,1008
400,101,63,0.4603,0.4601,1.2478,0.3045,0.5238,0.4,5,0.3333,3,0.3333,3,CHD,3,0,501,504
451,113,63,0.4444,0.5,0.7089,0.2578,0.4444,0.4444,63,,0,,0,CHD,3,1,564,567
501,126,63,0.5873,0.5309,0.6835,0.2452,0.4286,0.5714,7,0.5,6,,0,CHD,3,2,627,630
552,138,63,0.4921,0.5136,0.7043,0.2555,0.5238,0.6667,3,0.6667,3,0.6667,3,CHD,3,3,690,693
602,151,63,0.4603,0.473,1.9072,0.3127,0.4127,0.42,50,0.3,10,0.3,10,CHD,3,4,753,756
652,164,63,0.6508,0.652,0.6672,0.2371,0.5238,0.6486,37,0.6486,37,,0,CHD,3,5,816,819
703,176,63,0.5238,0.569,0.6877,0.2473,0.4603,0.4706,17,0.4706,17,,0,CHD,3,6,879,882
753,189,63,0.4444,0.388,0.7859,0.2943,0.6508,0.5714,42,,0,,0,CHD,3,7,942,945
804,201,63,0.4127,0.4519,0.7204,0.2635,0.381,0.3243,37,0.0,1,,0,CHD,3,8,1005,1008
400,101,63,0.5238,0.6576,0.6399,0.2296,0.4762,0.5,10,,0,,0,CLX,3,0,501,504
451,113,63,0.4762,0.3111,4.3267,0.4235,0.4762,0.4762,63,0.4762,63,0.4677,62,CLX,3,1,564,567
501,126,63,0.5079,0.5908,1.1004,0.3187,0.5397,0.6154,13,,0,,0,CLX,3,2,627,630
552,138,63,0.4444,0.4813,2.5311,0.3113,0.4127,0.4,45,,0,,0,CLX,3,3,690,693
602,151,63,0.5397,0.5468,0.6733,0.2422,0.3968,0.4444,36,0.0,1,0.0,1,CLX,3,4,753,756
652,164,63,0.5556,0.5,0.6961,0.2512,0.4286,0.4286,7,0.4286,7,0.4286,7,CLX,3,5,816,819
703,176,63,0.6825,0.5,0.641,0.2242,0.3175,,0,,0,,0,CLX,3,6,879,882
753,189,63,0.4921,0.5,0.7138,0.2602,0.5079,,0,,0,,0,CLX,3,7,942,945
804,201,63,0.6508,0.4956,0.6587,0.233,0.3492,,0,,0,,0,CLX,3,8,1005,1008
400,101,63,0.4286,0.4556,1.443,0.2975,0.5079,0.4643,56,0.4894,47,,0,KO,3,0,501,504
451,113,63,0.5238,0.5192,0.9157,0.2544,0.4921,0.5556,9,0.6667,3,0.6667,3,KO,3,1,564,567
501,126,63,0.5079,0.6613,1.7631,0.2608,0.4921,,0,,0,,0,KO,3,2,627,630
552,138,63,0.5079,0.5051,1.2544,0.2996,0.4603,0.25,4,0.25,4,0.25,4,KO,3,3,690,693
602,151,63,0.4286,0.3974,4.839,0.4592,0.6032,0.6667,6,0.75,4,0.75,4,KO,3,4,753,756
652,164,63,0.5079,0.501,0.6932,0.25,0.4921,0.5,4,,0,,0,KO,3,5,816,819
703,176,63,0.5238,0.6323,0.678,0.2426,0.5238,0.5238,63,0.6786,28,0.64,25,KO,3,6,879,882
753,189,63,0.6032,0.5074,0.672,0.2395,0.6032,0.6226,53,0.6226,53,0.587,46,KO,3,7,942,945
804,201,63,0.4921,0.5091,0.7088,0.2577,0.5397,0.625,8,0.5,2,,0,KO,3,8,1005,1008
400,101,63,0.4921,0.5585,0.6729,0.2404,0.746,0.7586,29,0.7857,28,0.8077,26,CL,3,0,501,504
451,113,63,0.6349,0.4957,0.6714,0.2374,0.6349,0.6349,63,0.6349,63,0.6349,63,CL,3,1,564,567
501,126,63,0.4444,0.3786,3.7547,0.4334,0.4444,0.4444,63,0.4444,63,0.4444,63,CL,3,2,627,630
552,138,63,0.381,0.5,0.7687,0.2871,0.381,0.381,63,0.381,63,0.381,63,CL,3,3,690,693
602,151,63,0.4921,0.5403,0.6735,0.2432,0.5556,0.8,5,0.8,5,1.0,2,CL,3,4,753,756
652,164,63,0.5556,0.5112,0.68,0.2449,0.4444,,0,,0,,0,CL,3,5,816,819
703,176,63,0.5238,0.5684,0.9181,0.2553,0.3968,0.4324,37,0.5714,7,0.6,5,CL,3,6,879,882
753,189,63,0.4444,0.4236,0.749,0.2756,0.619,0.5588,34,0.4286,7,0.4286,7,CL,3,7,942,945
804,201,63,0.5873,0.5808,0.6736,0.2405,0.5238,0.6061,33,0.6061,33,1.0,1,CL,3,8,1005,1008
400,101,63,0.5714,0.5393,0.7209,0.2631,0.4921,0.5357,56,0.1429,7,0.1429,7,CAG,3,0,501,504
451,113,63,0.4762,0.5136,0.6948,0.2508,0.4762,0.4762,63,,0,,0,CAG,3,1,564,567
501,126,63,0.5714,0.608,0.6935,0.2516,0.5714,0.8462,13,1.0,2,1.0,2,CAG,3,2,627,630
552,138,63,0.4603,0.6156,1.1547,0.2703,0.4603,0.4603,63,0.5,40,0.5,40,CAG,3,3,690,693
602,151,63,0.4921,0.4437,2.1538,0.3278,0.3968,0.3333,21,0.3333,21,0.3333,21,CAG,3,4,753,756
652,164,63,0.619,0.5567,0.6563,0.2328,0.4127,0.75,4,1.0,1,1.0,1,CAG,3,5,816,819
703,176,63,0.5714,0.5424,0.687,0.2465,0.3651,0.4231,26,,0,,0,CAG,3,6,879,882
753,189,63,0.4127,0.4823,1.0972,0.3357,0.5873,,0,,0,,0,CAG,3,7,942,945
804,201,63,0.3968,0.4432,1.0371,0.2983,0.3968,0.3617,47,0.0,5,0.0,4,CAG,3,8,1005,1008
400,101,63,0.4127,0.6178,1.8762,0.3101,0.5714,0.0,1,0.0,1,0.0,1,STZ,3,0,501,504
451,113,63,0.4603,0.4577,0.9868,0.2869,0.4444,0.4348,46,0.4222,45,0.4222,45,STZ,3,1,564,567
501,126,63,0.4921,0.5477,0.9439,0.2648,0.5397,0.5278,36,0.65,20,0.65,20,STZ,3,2,627,630
552,138,63,0.4286,0.4938,3.9106,0.4182,0.3333,0.3684,57,0.3684,57,0.3333,42,STZ,3,3,690,693
602,151,63,0.4286,0.4384,0.9685,0.2768,0.4762,0.44,50,,0,,0,STZ,3,4,753,756
652,164,63,0.6032,0.46,0.6834,0.2448,0.3968,,0,,0,,0,STZ,3,5,816,819
703,176,63,0.6508,0.4642,0.8838,0.2366,0.2857,0.1667,6,0.3333,3,0.3333,3,STZ,3,6,879,882
753,189,63,0.3175,0.5262,0.8046,0.3046,0.6825,,0,,0,,0,STZ,3,7,942,945
804,201,63,0.6032,0.6695,0.6808,0.2439,0.3968,,0,,0,,0,STZ,3,8,1005,1008
400,101,63,0.4603,0.5096,0.692,0.2492,0.4603,0.3684,19,0.0,2,0.0,2,DG,3,0,501,504
451,113,63,0.5079,0.4929,1.6657,0.2956,0.5238,0.5172,58,0.5556,9,0.5556,9,DG,3,1,564,567
501,126,63,0.4921,0.5121,0.7045,0.2555,0.4762,0.4828,58,0.5,6,,0,DG,3,2,627,630
552,138,63,0.5714,0.6126,0.6772,0.2425,0.4603,0.75,4,,0,,0,DG,3,3,690,693
602,151,63,0.3492,0.5078,1.1792,0.2763,0.6508,,0,,0,,0,DG,3,4,753,756
652,164,63,0.5714,0.5,0.6901,0.2485,0.5714,0.5714,63,,0,,0,DG,3,5,816,819
703,176,63,0.3016,0.5963,1.7418,0.335,0.3016,0.3016,63,0.3158,38,0.4074,27,DG,3,6,879,882
753,189,63,0.6508,0.5277,0.6774,0.2422,0.6508,0.6557,61,0.6875,16,,0,DG,3,7,942,945
804,201,63,0.4921,0.6384,0.6808,0.2439,0.3968,0.4364,55,,0,,0,DG,3,8,1005,1008
400,101,63,0.6349,0.6996,0.6892,0.246,0.5079,0.6364,33,0.6364,33,0.7273,11,DLTR,3,0,501,504
451,113,63,0.3651,0.5668,0.8411,0.32,0.3651,0.3651,63,0.3651,63,0.3651,63,DLTR,3,1,564,567
501,126,63,0.4603,0.381,0.7687,0.2855,0.3651,0.1765,17,0.1429,14,0.1429,14,DLTR,3,2,627,630
552,138,63,0.4603,0.497,1.9266,0.3243,0.4603,0.1429,7,0.1429,7,0.1429,7,DLTR,3,3,690,693
602,151,63,0.4921,0.6045,0.7188,0.2626,0.5397,1.0,2,,0,,0,DLTR,3,4,753,756
652,164,63,0.4762,0.4755,0.6651,0.2362,0.6984,0.6774,31,0.6774,31,0.6774,31,DLTR,3,5,816,819
703,176,63,0.4603,0.5822,1.4442,0.303,0.4603,0.4603,63,0.4603,63,0.5106,47,DLTR,3,6,879,882
753,189,63,0.3651,0.3047,0.7751,0.2883,0.6032,0.4667,30,0.4286,28,0.4286,28,DLTR,3,7,942,945
804,201,63,0.4127,0.4662,1.1979,0.2865,0.4127,0.4127,63,0.4127,63,0.5625,16,DLTR,3,8,1005,1008
400,101,63,0.5556,0.5776,1.2226,0.2867,0.4603,1.0,1,1.0,1,1.0,1,EL,3,0,501,504
451,113,63,0.4127,0.5192,0.8272,0.308,0.3175,0.2927,41,0.2857,35,0.375,24,EL,3,1,564,567
501,126,63,0.6667,0.538,0.6476,0.2304,0.3651,0.75,4,0.6667,3,0.5,2,EL,3,2,627,630
552,138,63,0.4286,0.4028,0.7911,0.2969,0.5714,,0,,0,,0,EL,3,3,690,693
602,151,63,0.4762,0.4824,0.7141,0.2603,0.5079,0.4884,43,0.4884,43,0.4884,43,EL,3,4,753,756
652,164,63,0.3492,0.5266,1.4564,0.305,0.6667,0.6667,3,,0,,0,EL,3,5,816,819
703,176,63,0.4603,0.5,0.7268,0.2665,0.4603,0.4603,63,0.4603,63,,0,EL,3,6,879,882
753,189,63,0.4762,0.4879,0.7766,0.2889,0.6032,0.5862,29,0.5862,29,,0,EL,3,7,942,945
804,201,63,0.5079,0.4577,0.8108,0.2981,0.5079,0.5079,63,0.5,56,0.5,56,EL,3,8,1005,1008
400,101,63,0.5714,0.5417,0.6867,0.2468,0.5714,0.5714,63,,0,,0,GIS,3,0,501,504
451,113,63,0.5079,0.4793,1.8752,0.301,0.5079,0.5079,63,0.48,25,0.48,25,GIS,3,1,564,567
501,126,63,0.5238,0.7777,0.6097,0.2109,0.4921,0.5082,61,0.8636,22,0.8571,21,GIS,3,2,627,630
552,138,63,0.5714,0.5118,0.9404,0.3264,0.4286,0.5,40,0.5,40,0.5,40,GIS,3,3,690,693
602,151,63,0.5079,0.5854,0.7236,0.2645,0.4286,0.4583,48,0.4583,48,0.4878,41,GIS,3,4,753,756
652,164,63,0.5397,0.6884,0.6862,0.2466,0.4762,1.0,1,1.0,1,1.0,1,GIS,3,5,816,819
703,176,63,0.6508,0.6698,2.2378,0.2783,0.4286,0.5926,27,0.625,24,0.5909,22,GIS,3,6,879,882
753,189,63,0.5079,0.4883,0.6996,0.2532,0.5397,0.5429,35,,0,,0,GIS,3,7,942,945
804,201,63,0.381,0.35,0.6969,0.2519,0.2857,0.1613,31,,0,,0,GIS,3,8,1005,1008
400,101,63,0.4286,0.4167,1.7037,0.3205,0.5238,0.4444,27,0.4444,27,0.3333,6,HSY,3,0,501,504
451,113,63,0.4444,0.4561,0.7439,0.2747,0.5556,0.5,10,0.25,4,0.25,4,HSY,3,1,564,567
501,126,63,0.3651,0.5,0.7235,0.2651,0.3651,0.3651,63,,0,,0,HSY,3,2,627,630
552,138,63,0.6349,0.5,0.6848,0.2458,0.3651,,0,,0,,0,HSY,3,3,690,693
602,151,63,0.4286,0.5108,0.7345,0.2704,0.5714,0.5,4,0.3333,3,0.3333,3,HSY,3,4,753,756
652,164,63,0.4286,0.4738,0.7361,0.2708,0.5714,,0,,0,,0,HSY,3,5,816,819
703,176,63,0.4286,0.3448,0.7748,0.2888,0.4921,0.4561,57,0.4561,57,0.1111,9,HSY,3,6,879,882
753,189,63,0.6667,0.5609,0.658,0.2325,0.6349,0.6667,57,0.6667,57,,0,HSY,3,7,942,945
804,201,63,0.4603,0.4818,0.9179,0.2612,0.381,0.4107,56,0.3235,34,,0,HSY,3,8,1005,1008
400,101,63,0.4127,0.4784,1.0595,0.3214,0.5714,0.4783,23,0.4783,23,0.4286,14,HRL,3,0,501,504
451,113,63,0.4444,0.4255,0.979,0.2834,0.4603,0.4483,58,0.4091,44,0.4091,44,HRL,3,1,564,567
501,126,63,0.5873,0.5985,0.9087,0.2495,0.4762,0.54,50,,0,,0,HRL,3,2,627,630
552,138,63,0.6667,0.6016,0.6647,0.2359,0.3968,0.6111,18,0.5882,17,1.0,1,HRL,3,3,690,693
602,151,63,0.5238,0.5791,0.928,0.2583,0.4921,0.6,5,0.3333,3,0.3333,3,HRL,3,4,753,756
652,164,63,0.5079,0.5585,0.6881,0.2519,0.5079,0.5385,13,0.5385,13,0.5,12,HRL,3,5,816,819
703,176,63,0.4762,0.5021,0.6974,0.2521,0.4127,0.434,53,,0,,0,HRL,3,6,879,882
753,189,63,0.3968,0.4592,0.7008,0.2538,0.6349,0.625,8,,0,,0,HRL,3,7,942,945
804,201,63,0.3651,0.5466,0.7419,0.2733,0.3492,0.3448,58,0.4167,24,0.4167,24,HRL,3,8,1005,1008
400,101,63,0.4603,0.5005,0.7123,0.2588,0.5714,0.5833,12,0.5833,12,0.5833,12,KDP,3,0,501,504
451,113,63,0.5873,0.5771,2.5113,0.3016,0.5397,0.5909,44,1.0,1,1.0,1,KDP,3,1,564,567
501,126,63,0.6032,0.5421,1.1435,0.259,0.5873,0.6111,54,0.6111,54,,0,KDP,3,2,627,630
552,138,63,0.5397,0.4691,4.4179,0.3812,0.5397,0.5397,63,0.5397,63,0.5741,54,KDP,3,3,690,693
602,151,63,0.5079,0.4829,1.4033,0.2808,0.5079,0.5079,63,0.5079,63,0.4,5,KDP,3,4,753,756
652,164,63,0.619,0.5943,0.668,0.2376,0.5397,0.6042,48,0.6042,48,0.5,2,KDP,3,5,816,819
703,176,63,0.3651,0.5192,0.7298,0.2678,0.381,0.371,62,0.4167,12,0.4167,12,KDP,3,6,879,882
753,189,63,0.4127,0.5235,0.6948,0.2508,0.619,0.625,8,0.6,5,0.6,5,KDP,3,7,942,945
804,201,63,0.6032,0.5536,0.6784,0.2429,0.4444,1.0,3,1.0,3,1.0,3,KDP,3,8,1005,1008
400,101,63,0.5079,0.5787,0.9395,0.2603,0.5714,0.6471,17,0.6471,17,0.6471,17,KMB,3,0,501,504
451,113,63,0.5079,0.4713,7.4001,0.4824,0.4921,,0,,0,,0,KMB,3,1,564,567
501,126,63,0.5238,0.5379,0.6903,0.2486,0.5238,0.5238,63,,0,,0,KMB,3,2,627,630
552,138,63,0.4762,0.5576,0.6939,0.2504,0.4762,0.4762,63,,0,,0,KMB,3,3,690,693
602,151,63,0.5714,0.6291,0.6331,0.2235,0.5556,0.5645,62,0.9091,11,0.9091,11,KMB,3,4,753,756
652,164,63,0.5079,0.5702,0.6779,0.2492,0.5238,0.5333,30,1.0,1,1.0,1,KMB,3,5,816,819
703,176,63,0.3333,0.4205,3.2031,0.4121,0.3016,0.283,53,0.283,53,0.283,53,KMB,3,6,879,882
753,189,63,0.5714,0.5,0.7333,0.267,0.5714,0.5714,63,0.5714,63,0.5714,63,KMB,3,7,942,945
804,201,63,0.4603,0.4899,0.786,0.283,0.4603,0.4576,59,0.4576,59,0.4545,11,KMB,3,8,1005,1008
400,101,63,0.5714,0.5343,0.748,0.27,0.4762,0.5366,41,0.2857,7,0.2857,7,KHC,3,0,501,504
451,113,63,0.4603,0.4985,1.0142,0.2957,0.4603,0.4603,63,0.459,61,0.4828,29,KHC,3,1,564,567
501,126,63,0.4286,0.3982,6.9856,0.4845,0.5079,0.4655,58,0.4655,58,0.4528,53,KHC,3,2,627,630
552,138,63,0.4286,0.5,0.7017,0.2543,0.4286,0.4286,63,,0,,0,KHC,3,3,690,693
602,151,63,0.5397,0.5685,0.6816,0.2443,0.4603,0.5,48,,0,,0,KHC,3,4,753,756
652,164,63,0.4762,0.4367,0.7098,0.2582,0.4286,0.3636,22,0.1667,6,0.1667,6,KHC,3,5,816,819
703,176,63,0.5397,0.5827,0.6834,0.2452,0.4603,,0,,0,,0,KHC,3,6,879,882
753,189,63,0.6349,0.6042,0.6952,0.2506,0.6032,0.6415,53,,0,,0,KHC,3,7,942,945
804,201,63,0.5873,0.6061,1.1446,0.2604,0.4762,0.7,10,0.75,4,,0,KHC,3,8,1005,1008
400,101,63,0.5238,0.5926,5.6283,0.4471,0.6508,0.8235,17,0.6667,6,0.6667,6,KR,3,0,501,504
451,113,63,0.4444,0.5092,0.7297,0.2673,0.4444,0.4444,63,0.4314,51,0.5,12,KR,3,1,564,567
501,126,63,0.5079,0.5701,0.6925,0.2498,0.5079,1.0,1,1.0,1,1.0,1,KR,3,2,627,630
552,138,63,0.4127,0.5005,2.2275,0.3584,0.5873,0.5,2,,0,,0,KR,3,3,690,693
602,151,63,0.619,0.646,0.6478,0.2283,0.5397,0.75,20,0.75,20,0.75,20,KR,3,4,753,756
652,164,63,0.5079,0.5212,1.1789,0.2767,0.5238,0.5172,58,0.5172,58,0.4667,15,KR,3,5,816,819
703,176,63,0.381,0.7341,0.7204,0.2636,0.3333,0.35,60,0.3621,58,0.5833,24,KR,3,6,879,882
753,189,63,0.5397,0.5733,1.3828,0.2736,0.5873,0.6429,28,0.6,10,0.6,10,KR,3,7,942,945
804,201,63,0.4921,0.5015,0.9204,0.256,0.4286,0.4,25,,0,,0,KR,3,8,1005,1008
400,101,63,0.3492,0.3591,0.8547,0.3218,0.5873,0.4474,38,0.4474,38,1.0,1,MKC,3,0,501,504
451,113,63,0.4762,0.6854,0.6773,0.242,0.4762,0.4762,63,0.7273,11,0.7273,11,MKC,3,1,564,567
501,126,63,0.4921,0.5216,0.713,0.2574,0.5714,0.625,16,0.6667,6,0.6667,6,MKC,3,2,627,630
552,138,63,0.5556,0.539,0.696,0.2509,0.4603,0.5128,39,0.3333,3,0.3333,3,MKC,3,3,690,693
602,151,63,0.5079,0.399,0.7334,0.2682,0.5238,0.52,50,0.35,20,0.35,20,MKC,3,4,753,756
652,164,63,0.5079,0.4894,0.6936,0.2502,0.4603,0.375,8,0.25,4,,0,MKC,3,5,816,819
703,176,63,0.3651,0.4505,0.9156,0.2553,0.4444,0.3889,54,0.6667,6,0.6667,6,MKC,3,6,879,882
753,189,63,0.3968,0.4808,0.9607,0.2746,0.5873,0.0,1,0.0,1,0.0,1,MKC,3,7,942,945
804,201,63,0.3175,0.4543,0.6829,0.2464,0.2857,0.2642,53,,0,,0,MKC,3,8,1005,1008
400,101,63,0.4921,0.5423,1.8674,0.2992,0.5079,0.5,4,0.6667,3,0.6667,3,APA,3,0,501,504
451,113,63,0.619,0.6237,0.6616,0.2348,0.5397,0.619,42,0.619,42,,0,APA,3,1,564,567
501,126,63,0.4921,0.4592,6.2863,0.4539,0.4921,0.4915,59,0.4915,59,0.5,58,APA,3,2,627,630
552,138,63,0.4603,0.5348,2.0727,0.2924,0.5079,0.4722,36,1.0,8,1.0,8,APA,3,3,690,693
602,151,63,0.4444,0.4969,0.7171,0.2632,0.5714,0.5172,29,0.5172,29,0.5172,29,APA,3,4,753,756
652,164,63,0.5714,0.6337,0.6896,0.2496,0.6349,0.8095,21,0.8,20,0.8,20,APA,3,5,816,819
703,176,63,0.4444,0.4434,0.7031,0.2549,0.5714,0.5152,33,0.5152,33,1.0,1,APA,3,6,879,882
753,189,63,0.5556,0.5794,0.6729,0.24,0.6667,0.6667,42,0.8571,14,0.8571,14,APA,3,7,942,945
804,201,63,0.6032,0.5155,0.707,0.2545,0.6508,0.6538,52,0.6538,52,1.0,1,APA,3,8,1005,1008
400,101,63,0.5556,0.505,1.4041,0.2835,0.6508,0.6585,41,0.6452,31,0.5556,9,BKR,3,0,501,504
451,113,63,0.6032,0.5725,2.0454,0.2837,0.5714,0.6038,53,0.5,4,0.5,4,BKR,3,1,564,567
501,126,63,0.5556,0.4204,1.88,0.3057,0.5397,0.56,50,0.5417,48,0.5417,48,BKR,3,2,627,630
552,138,63,0.6349,0.5737,0.7029,0.2527,0.6032,0.6744,43,0.6486,37,,0,BKR,3,3,690,693
602,151,63,0.4603,0.5126,0.7432,0.2695,0.4762,0.4655,58,0.5,32,,0,BKR,3,4,753,756
652,164,63,0.5873,0.6273,0.6556,0.2315,0.5873,0.5873,63,0.6538,52,0.6531,49,BKR,3,5,816,819
703,176,63,0.5079,0.6038,0.6592,0.2345,0.6349,0.68,25,0.68,25,0.8571,14,BKR,3,6,879,882
753,189,63,0.6349,0.518,0.729,0.2543,0.6825,0.7,50,0.697,33,0.6875,32,BKR,3,7,942,945
804,201,63,0.4762,0.5151,1.2435,0.3006,0.5079,0.4889,45,0.4889,45,0.4889,45,BKR,3,8,1005,1008
400,101,63,0.5079,0.5678,0.7154,0.2528,0.619,0.7222,18,0.7222,18,0.75,8,CVX,3,0,501,504
451,113,63,0.5079,0.5393,0.7053,0.2551,0.5079,0.5079,63,0.5417,24,0.625,8,CVX,3,1,564,567
501,126,63,0.4921,0.5464,1.4204,0.2886,0.4921,0.4921,63,0.5143,35,0.5143,35,CVX,3,2,627,630
552,138,63,0.5873,0.6492,0.676,0.2422,0.5079,0.5789,38,0.7333,15,0.7333,15,CVX,3,3,690,693
602,151,63,0.5556,0.5332,0.7316,0.2663,0.5556,0.5946,37,0.5625,32,0.6,25,CVX,3,4,753,756
652,164,63,0.6508,0.6239,0.6511,0.2292,0.619,0.7179,39,0.7179,39,0.6875,16,CVX,3,5,816,819
703,176,63,0.5873,0.6202,0.668,0.2376,0.5238,0.5946,37,0.7333,15,0.7333,15,CVX,3,6,879,882
753,189,63,0.4286,0.3831,1.9877,0.3329,0.6825,0.6129,31,0.6129,31,0.6667,27,CVX,3,7,942,945
804,201,63,0.5873,0.4423,0.7017,0.2539,0.5873,0.5873,63,0.0,3,0.0,3,CVX,3,8,1005,1008
400,101,63,0.4286,0.5214,1.6568,0.3044,0.619,0.5789,19,0.5,16,0.5,16,COP,3,0,501,504
451,113,63,0.3968,0.4737,1.7177,0.3178,0.3968,0.3968,63,0.3684,19,0.3889,18,COP,3,1,564,567
501,126,63,0.4603,0.5172,0.6797,0.246,0.4603,0.4603,63,0.6667,6,0.8,5,COP,3,2,627,630
552,138,63,0.5556,0.5388,0.6948,0.2516,0.4444,0.5,20,0.5,20,0.4667,15,COP,3,3,690,693
602,151,63,0.4603,0.5278,0.9294,0.2632,0.5714,0.6667,6,0.6,5,0.6,5,COP,3,4,753,756
652,164,63,0.6349,0.7008,0.6348,0.2226,0.5397,0.6667,33,0.6667,33,0.6667,33,COP,3,5,816,819
703,176,63,0.6667,0.7092,0.6123,0.2136,0.4921,0.6087,46,0.6087,46,0.6316,38,COP,3,6,879,882
753,189,63,0.4921,0.5,0.715,0.2606,0.6667,0.6786,28,0.6786,28,0.8,20,COP,3,7,942,945
804,201,63,0.4921,0.5302,6.0014,0.4321,0.4921,0.4,5,,0,,0,COP,3,8,1005,1008
400,101,63,0.3333,0.63,7.1924,0.6307,0.7937,0.9,10,,0,,0,DVN,3,0,501,504
451,113,63,0.4286,0.6111,0.7575,0.2877,0.4286,0.4286,63,0.4286,63,0.4286,63,DVN,3,1,564,567
501,126,63,0.4444,0.6918,1.4076,0.2906,0.4444,0.4444,63,0.4444,63,0.5806,31,DVN,3,2,627,630
552,138,63,0.5556,0.4618,0.6682,0.2377,0.3492,0.0,6,,0,,0,DVN,3,3,690,693
602,151,63,0.4444,0.5484,0.7372,0.2739,0.6032,0.6364,11,0.6364,11,0.6364,11,DVN,3,4,753,756
652,164,63,0.5556,0.7133,0.6115,0.2165,0.5556,0.7692,13,0.7692,13,0.7692,13,DVN,3,5,816,819
703,176,63,0.5079,0.4888,0.7021,0.2544,0.5397,0.5283,53,0.5333,15,0.5333,15,DVN,3,6,879,882
753,189,63,0.3651,0.4263,0.7149,0.2605,0.6667,0.55,20,0.5789,19,0.5789,19,DVN,3,7,942,945
804,201,63,0.6032,0.4697,0.6763,0.2426,0.5714,0.5902,61,0.5435,46,0.5517,29,DVN,3,8,1005,1008
400,101,63,0.3175,0.51,0.8561,0.3247,0.746,0.8333,6,0.8333,6,0.8333,6,FANG,3,0,501,504
451,113,63,0.4762,0.5,0.7232,0.2648,0.4762,0.4762,63,0.4762,63,0.4762,63,FANG,3,1,564,567
501,126,63,0.4921,0.4578,0.72,0.263,0.4286,0.3333,15,0.3333,12,0.3333,12,FANG,3,2,627,630
552,138,63,0.5397,0.4722,0.718,0.2603,0.4286,0.0,2,0.0,2,0.0,2,FANG,3,3,690,693
602,151,63,0.4444,0.5,0.7066,0.2567,0.5556,,0,,0,,0,FANG,3,4,753,756
652,164,63,0.4921,0.5338,0.8092,0.2735,0.4921,0.4921,63,0.5217,23,0.5455,22,FANG,3,5,816,819
703,176,63,0.6825,0.6976,0.6592,0.2332,0.4921,0.6571,35,0.7059,17,0.7143,14,FANG,3,6,879,882
753,189,63,0.5556,0.586,0.7121,0.2633,0.619,0.6571,35,0.8333,6,0.8333,6,FANG,3,7,942,945
804,201,63,0.3968,0.51,1.851,0.42,0.6508,0.5882,17,0.375,8,0.375,8,FANG,3,8,1005,1008
400,101,63,0.2857,0.6451,0.8299,0.3146,0.7302,1.0,1,,0,,0,EOG,3,0,501,504
451,113,63,0.619,0.6075,0.6641,0.2363,0.4603,0.6471,17,0.6471,17,0.6471,17,EOG,3,1,564,567
501,126,63,0.6825,0.5963,0.6574,0.2324,0.4603,0.6957,23,0.6957,23,0.6957,23,EOG,3,2,627,630
552,138,63,0.5238,0.5912,1.6288,0.2873,0.4921,0.5455,11,0.5455,11,0.5455,11,EOG,3,3,690,693
602,151,63,0.619,0.6512,1.3647,0.2662,0.5079,0.6429,28,0.4667,15,0.4667,15,EOG,3,4,753,756
652,164,63,0.4762,0.6202,0.7515,0.276,0.4762,0.4762,63,0.5283,53,0.5435,46,EOG,3,5,816,819
703,176,63,0.4286,0.4235,2.415,0.3472,0.4444,0.4,40,0.3889,36,0.3824,34,EOG,3,6,879,882
753,189,63,0.5556,0.5624,0.9055,0.2477,0.5873,0.6286,35,0.6471,34,0.6471,34,EOG,3,7,942,945
804,201,63,0.381,0.5682,0.8955,0.3401,0.6508,0.625,8,1.0,1,1.0,1,EOG,3,8,1005,1008
400,101,63,0.4286,0.5,0.6955,0.2512,0.5714,,0,,0,,0,EQT,3,0,501,504
451,113,63,0.5873,0.6074,0.6626,0.2351,0.3968,0.4848,33,,0,,0,EQT,3,1,564,567
501,126,63,0.5238,0.4201,0.7747,0.2885,0.6667,0.6579,38,0.5714,28,,0,EQT,3,2,627,630
552,138,63,0.4444,0.4685,0.9013,0.3337,0.619,0.5714,28,0.6364,22,0.8182,11,EQT,3,3,690,693
602,151,63,0.5397,0.5073,1.2193,0.2888,0.5873,0.587,46,,0,,0,EQT,3,4,753,756
652,164,63,0.4603,0.4763,1.0378,0.3052,0.4762,0.4615,52,0.4615,52,0.4615,52,EQT,3,5,816,819
703,176,63,0.5556,0.5214,0.688,0.2474,0.5556,0.5556,63,0.5556,63,,0,EQT,3,6,879,882
753,189,63,0.5397,0.5403,1.1343,0.2576,0.4444,0.4737,19,1.0,2,,0,EQT,3,7,942,945
804,201,63,0.6032,0.5567,1.1487,0.3215,0.5873,0.9286,14,0.9286,14,,0,EQT,3,8,1005,1008
400,101,63,0.3651,0.601,0.7532,0.2758,0.7302,0.8,10,,0,,0,XOM,3,0,501,504
451,113,63,0.5873,0.5429,0.6556,0.2359,0.5238,0.5614,57,0.5312,32,0.5312,32,XOM,3,1,564,567
501,126,63,0.5556,0.5464,2.3393,0.3136,0.4921,0.5385,39,0.5385,39,0.5385,39,XOM,3,2,627,630
552,138,63,0.5238,0.6358,0.6828,0.2452,0.4286,0.4667,45,0.4667,45,0.7273,11,XOM,3,3,690,693
602,151,63,0.3651,0.4145,0.7784,0.2858,0.619,0.4545,11,0.4545,11,0.4545,11,XOM,3,4,753,756
652,164,63,0.4921,0.4622,0.7095,0.258,0.4921,0.4921,63,0.4921,63,0.45,20,XOM,3,5,816,819
703,176,63,0.6032,0.6611,0.6766,0.2415,0.6032,0.6066,61,1.0,5,1.0,2,XOM,3,6,879,882
753,189,63,0.3016,0.5066,9.7494,0.6515,0.746,0.8,5,1.0,3,1.0,3,XOM,3,7,942,945
804,201,63,0.5714,0.5,0.6831,0.245,0.5714,0.5714,63,0.5714,63,,0,XOM,3,8,1005,1008
400,101,63,0.4444,0.5,0.698,0.2524,0.5556,,0,,0,,0,HAL,3,0,501,504
451,113,63,0.4921,0.5282,1.1786,0.2706,0.5079,0.5,54,0.6667,9,0.6667,9,HAL,3,1,564,567
501,126,63,0.4444,0.5714,0.7,0.2533,0.4444,0.4444,63,0.0,1,0.0,1,HAL,3,2,627,630
552,138,63,0.381,0.3134,1.0331,0.3081,0.4603,0.2917,24,0.2308,13,0.1111,9,HAL,3,3,690,693
602,151,63,0.6349,0.7414,1.5185,0.2474,0.5079,0.6,45,0.6,45,0.619,42,HAL,3,4,753,756
652,164,63,0.5079,0.643,0.6894,0.2478,0.4603,0.4821,56,0.6,25,0.6,25,HAL,3,5,816,819
703,176,63,0.619,0.6458,0.6907,0.2487,0.619,0.7143,35,0.6667,3,1.0,1,HAL,3,6,879,882
753,189,63,0.3492,0.5432,4.0174,0.3978,0.6508,,0,,0,,0,HAL,3,7,942,945
804,201,63,0.5397,0.5426,1.6357,0.2864,0.5873,0.569,58,1.0,2,,0,HAL,3,8,1005,1008
400,101,63,0.4286,0.5206,0.7098,0.2582,0.5714,,0,,0,,0,KMI,3,0,501,504
451,113,63,0.6984,0.6174,0.6564,0.2318,0.6349,0.6909,55,,0,,0,KMI,3,1,564,567
501,126,63,0.6667,0.6271,1.2966,0.2368,0.5714,0.6596,47,0.6596,47,0.6585,41,KMI,3,2,627,630
552,138,63,0.5714,0.5711,0.659,0.2337,0.6032,0.6038,53,0.7083,24,0.7083,24,KMI,3,3,690,693
602,151,63,0.6032,0.6879,0.6313,0.2223,0.6032,0.6032,63,0.6032,63,0.6585,41,KMI,3,4,753,756
652,164,63,0.5079,0.5691,0.7251,0.2637,0.5079,0.5079,63,0.5366,41,0.5366,41,KMI,3,5,816,819
703,176,63,0.4286,0.4918,1.2001,0.2866,0.4286,0.3636,33,0.3636,33,0.4737,19,KMI,3,6,879,882
753,189,63,0.5556,0.5511,0.9296,0.261,0.6349,0.8,20,0.8421,19,0.8333,18,KMI,3,7,942,945
804,201,63,0.3651,0.326,1.6893,0.3155,0.5556,0.4194,31,0.3929,28,0.4,5,KMI,3,8,1005,1008
400,101,63,0.4444,0.4026,2.7374,0.3802,0.6032,0.5556,27,0.5909,22,0.5714,21,MPC,3,0,501,504
451,113,63,0.5397,0.4975,0.6995,0.2529,0.5397,0.5397,63,0.5397,63,0.3333,3,MPC,3,1,564,567
501,126,63,0.4286,0.4589,2.3877,0.3374,0.4603,0.4364,55,0.4348,46,0.4615,26,MPC,3,2,627,630
552,138,63,0.5556,0.526,0.7291,0.2522,0.5873,0.6,45,0.5,2,0.5,2,MPC,3,3,690,693
602,151,63,0.5556,0.5233,0.698,0.2511,0.5397,0.5536,56,0.5536,56,,0,MPC,3,4,753,756
652,164,63,0.5079,0.499,2.3385,0.3155,0.5079,0.5135,37,1.0,1,1.0,1,MPC,3,5,816,819
703,176,63,0.6667,0.5334,0.9141,0.2518,0.6667,0.678,59,1.0,1,1.0,1,MPC,3,6,879,882
753,189,63,0.5079,0.4667,0.7165,0.2614,0.5079,0.5079,63,0.5,54,0.5,50,MPC,3,7,942,945
804,201,63,0.5079,0.448,4.01,0.3909,0.5873,0.6,30,0.4545,11,0.4545,11,MPC,3,8,1005,1008
400,101,63,0.4127,0.6185,3.3256,0.4436,0.7143,0.9,10,0.8333,6,0.8333,6,OXY,3,0,501,504
451,113,63,0.381,0.5625,0.7742,0.2894,0.381,0.381,63,0.381,63,0.4211,38,OXY,3,1,564,567
501,126,63,0.4444,0.601,5.345,0.4205,0.4444,0.4444,63,0.4444,63,0.5,44,OXY,3,2,627,630
552,138,63,0.6032,0.5984,0.6576,0.2336,0.4603,0.8333,6,1.0,5,1.0,5,OXY,3,3,690,693
602,151,63,0.5714,0.6,2.0524,0.2882,0.5238,0.6,30,0.6071,28,0.6154,26,OXY,3,4,753,756
652,164,63,0.4603,0.4979,0.98,0.279,0.5873,0.5333,45,0.5714,35,0.6522,23,OXY,3,5,816,819
703,176,63,0.4762,0.5121,0.7219,0.2617,0.5238,0.5,8,0.5,8,0.5,8,OXY,3,6,879,882
753,189,63,0.619,0.523,0.6794,0.2431,0.619,0.619,63,0.5,2,0.5,2,OXY,3,7,942,945
804,201,63,0.5873,0.4241,0.6715,0.2422,0.5873,0.5873,63,0.5217,46,1.0,2,OXY,3,8,1005,1008
400,101,63,0.4444,0.602,0.715,0.263,0.6667,1.0,7,1.0,7,1.0,7,OKE,3,0,501,504
451,113,63,0.5714,0.6724,0.8998,0.2461,0.5556,0.5645,62,0.5645,62,0.6531,49,OKE,3,1,564,567
501,126,63,0.7143,0.6674,0.6425,0.2262,0.6032,0.6923,52,0.75,4,0.75,4,OKE,3,2,627,630
552,138,63,0.4127,0.4136,1.1141,0.3413,0.4286,0.4167,60,0.4167,60,0.3548,31,OKE,3,3,690,693
602,151,63,0.619,0.4964,2.7699,0.3171,0.5556,0.5932,59,0.5932,59,0.4375,16,OKE,3,4,753,756
652,164,63,0.4921,0.5556,0.6666,0.2416,0.4286,0.4576,59,0.4576,59,,0,OKE,3,5,816,819
703,176,63,0.6667,0.5952,0.6477,0.2274,0.3333,,0,,0,,0,OKE,3,6,879,882
753,189,63,0.3333,0.5971,0.8165,0.3063,0.6825,1.0,1,,0,,0,OKE,3,7,942,945
804,201,63,0.4286,0.4841,3.3167,0.3688,0.5714,,0,,0,,0,OKE,3,8,1005,1008
400,101,63,0.4921,0.5212,0.975,0.2804,0.4921,0.4921,63,0.5,50,0.5,50,PSX,3,0,501,504
451,113,63,0.4921,0.5152,0.7095,0.2581,0.4762,0.4839,62,0.4839,62,,0,PSX,3,1,564,567
501,126,63,0.4921,0.4803,2.0938,0.3047,0.4762,0.4375,16,0.0,1,0.0,1,PSX,3,2,627,630
552,138,63,0.3651,0.479,0.9584,0.2733,0.6667,0.625,8,,0,,0,PSX,3,3,690,693
602,151,63,0.5397,0.5143,0.689,0.248,0.5556,0.5484,62,0.5484,62,1.0,2,PSX,3,4,753,756
652,164,63,0.4921,0.4738,0.7185,0.2612,0.4921,0.4921,63,0.475,40,0.0,1,PSX,3,5,816,819
703,176,63,0.6984,0.7082,0.6125,0.2126,0.5556,0.7222,36,0.7222,36,0.7222,36,PSX,3,6,879,882
753,189,63,0.4286,0.4609,0.7025,0.2539,0.6349,0.5909,22,0.619,21,0.5,2,PSX,3,7,942,945
804,201,63,0.4127,0.432,0.7351,0.2704,0.5397,0.3636,11,0.4,10,0.4,10,PSX,3,8,1005,1008
400,101,63,0.4603,0.5066,2.9823,0.3236,0.5079,0.48,50,0.5769,26,0.5769,26,SLB,3,0,501,504
451,113,63,0.5873,0.5405,0.681,0.244,0.4127,,0,,0,,0,SLB,3,1,564,567
501,126,63,0.5079,0.4888,0.9318,0.2617,0.4603,0.25,4,0.25,4,0.5,2,SLB,3,2,627,630
552,138,63,0.5238,0.6015,0.7101,0.2591,0.5238,0.56,25,0.5417,24,0.5417,24,SLB,3,3,690,693
602,151,63,0.5079,0.5561,0.9121,0.2548,0.5238,0.5385,26,0.5333,15,,0,SLB,3,4,753,756
652,164,63,0.5873,0.6217,0.9846,0.2684,0.4603,0.5385,39,0.5385,39,0.6429,14,SLB,3,5,816,819
703,176,63,0.6667,0.6204,0.6592,0.2332,0.5714,0.6415,53,0.6207,29,0.6667,12,SLB,3,6,879,882
753,189,63,0.5873,0.6038,0.7014,0.2538,0.6349,0.75,28,0.6667,6,1.0,1,SLB,3,7,942,945
804,201,63,0.619,0.713,0.6575,0.2329,0.5714,0.8333,18,1.0,7,1.0,7,SLB,3,8,1005,1008
400,101,63,0.3333,0.4861,0.6986,0.2527,0.7619,0.7143,14,,0,,0,TRGP,3,0,501,504
451,113,63,0.7302,0.6543,0.5605,0.1867,0.746,0.8,50,0.8298,47,0.8298,47,TRGP,3,1,564,567
501,126,63,0.6984,0.6714,1.6232,0.2699,0.7302,0.814,43,0.8333,36,0.8947,19,TRGP,3,2,627,630
552,138,63,0.5238,0.4636,0.7726,0.2851,0.5238,0.5238,63,0.5238,63,0.5238,63,TRGP,3,3,690,693
602,151,63,0.4762,0.4525,0.7224,0.2642,0.4762,0.4762,63,0.5,58,0.4912,57,TRGP,3,4,753,756
652,164,63,0.5397,0.5,0.6905,0.2487,0.5397,0.5397,63,0.5397,63,,0,TRGP,3,5,816,819
703,176,63,0.5873,0.6588,0.6712,0.2388,0.4921,0.8571,7,0.8333,6,0.8,5,TRGP,3,6,879,882
753,189,63,0.5556,0.4234,0.6989,0.2529,0.6984,0.6538,52,,0,,0,TRGP,3,7,942,945
804,201,63,0.5873,0.5,0.689,0.2479,0.5873,0.5873,63,,0,,0,TRGP,3,8,1005,1008
400,101,63,0.5238,0.5395,1.385,0.2757,0.619,0.6047,43,0.6047,43,0.6875,32,TPL,3,0,501,504
451,113,63,0.5397,0.5436,3.5259,0.3663,0.5397,0.7778,9,0.7143,7,0.3333,3,TPL,3,1,564,567
501,126,63,0.6508,0.5401,1.6166,0.2778,0.6984,0.7037,54,1.0,2,1.0,2,TPL,3,2,627,630
552,138,63,0.5873,0.4205,0.6895,0.2479,0.5873,0.5873,63,0.5873,63,0.5667,60,TPL,3,3,690,693
602,151,63,0.5079,0.6815,0.6865,0.2486,0.5079,0.5079,63,0.5079,63,0.6486,37,TPL,3,4,753,756
652,164,63,0.3175,0.6151,1.0114,0.3013,0.3175,0.3175,63,0.3175,63,0.5833,12,TPL,3,5,816,819
703,176,63,0.381,0.4837,0.99,0.2923,0.5556,0.3333,12,0.3333,12,1.0,2,TPL,3,6,879,882
753,189,63,0.4762,0.3281,1.4259,0.289,0.5079,0.0,1,,0,,0,TPL,3,7,942,945
804,201,63,0.4127,0.5795,0.967,0.2798,0.5873,,0,,0,,0,TPL,3,8,1005,1008
400,101,63,0.4444,0.4084,1.748,0.3273,0.5714,0.6667,3,,0,,0,VLO,3,0,501,504
451,113,63,0.5238,0.5172,0.6926,0.2497,0.5238,0.5238,63,0.5333,60,,0,VLO,3,1,564,567
501,126,63,0.4286,0.5135,0.709,0.2594,0.4127,0.4194,62,0.4194,62,,0,VLO,3,2,627,630
552,138,63,0.5714,0.5993,0.6409,0.2321,0.5079,0.5926,27,0.5455,11,0.8333,6,VLO,3,3,690,693
602,151,63,0.619,0.6694,0.669,0.2369,0.4921,0.5778,45,0.68,25,0.6364,22,VLO,3,4,753,756
652,164,63,0.5714,0.6305,0.6516,0.2312,0.5079,0.8571,7,0.8333,6,1.0,4,VLO,3,5,816,819
703,176,63,0.5397,0.6531,2.7517,0.3863,0.6984,0.8947,19,,0,,0,VLO,3,6,879,882
753,189,63,0.4921,0.4751,0.776,0.288,0.5873,0.5926,27,0.625,24,,0,VLO,3,7,942,945
804,201,63,0.5397,0.5384,0.6946,0.2507,0.6032,0.6098,41,0.6098,41,0.6667,24,VLO,3,8,1005,1008
400,101,63,0.6667,0.659,0.6477,0.2272,0.5873,0.7105,38,0.7105,38,0.7105,38,AES,3,0,501,504
451,113,63,0.4921,0.3488,0.7049,0.2559,0.4921,0.4921,63,,0,,0,AES,3,1,564,567
501,126,63,0.4603,0.6861,1.3341,0.3214,0.4603,0.4603,63,0.5098,51,0.5098,51,AES,3,2,627,630
552,138,63,0.3333,0.5249,1.3458,0.491,0.3333,0.3333,63,0.3333,63,0.3333,63,AES,3,3,690,693
602,151,63,0.4444,0.5214,0.7183,0.2625,0.5556,,0,,0,,0,AES,3,4,753,756
652,164,63,0.4127,0.5608,0.6947,0.2554,0.5873,,0,,0,,0,AES,3,5,816,819
703,176,63,0.4127,0.4493,0.8064,0.3032,0.5397,0.4211,19,0.2857,7,0.0,1,AES,3,6,879,882
753,189,63,0.3968,0.4182,1.7246,0.3273,0.5714,0.4667,30,0.4667,30,0.4667,30,AES,3,7,942,945
804,201,63,0.4444,0.5,2.5714,0.3299,0.4444,0.4146,41,0.4783,23,0.4706,17,AES,3,8,1005,1008
400,101,63,0.6667,0.6173,0.6494,0.2283,0.5556,0.64,50,0.625,48,0.625,48,LNT,3,0,501,504
451,113,63,0.4603,0.5458,0.7875,0.2909,0.5714,1.0,2,1.0,1,1.0,1,LNT,3,1,564,567
501,126,63,0.5714,0.6502,0.8001,0.2928,0.5873,0.7083,24,0.7222,18,,0,LNT,3,2,627,630
552,138,63,0.3651,0.6142,2.5062,0.3737,0.4286,0.3898,59,0.3898,59,0.5143,35,LNT,3,3,690,693
602,151,63,0.6349,0.494,0.6625,0.2354,0.6349,0.6349,63,0.875,8,0.875,8,LNT,3,4,753,756
652,164,63,0.4127,0.5256,0.7057,0.2572,0.619,1.0,2,1.0,2,1.0,2,LNT,3,5,816,819
703,176,63,0.4603,0.61,0.702,0.2545,0.4603,0.4603,63,0.4792,48,0.6875,16,LNT,3,6,879,882
753,189,63,0.4603,0.5185,0.6898,0.2484,0.5714,0.6667,6,0.6667,6,0.6667,6,LNT,3,7,942,945
804,201,63,0.5714,0.5103,0.7092,0.2525,0.5714,0.5714,63,0.5862,58,0.0,1,LNT,3,8,1005,1008
400,101,63,0.5397,0.4918,0.7342,0.2677,0.5556,0.5577,52,0.5833,24,0.25,4,AEE,3,0,501,504
451,113,63,0.4762,0.5042,0.6899,0.2484,0.6032,0.6087,23,0.5909,22,,0,AEE,3,1,564,567
501,126,63,0.6349,0.5375,0.6674,0.2372,0.6349,0.6349,63,1.0,3,1.0,3,AEE,3,2,627,630
552,138,63,0.5556,0.4026,1.3991,0.2796,0.5556,0.5614,57,0.5614,57,0.5614,57,AEE,3,3,690,693
602,151,63,0.6032,0.4963,1.1328,0.2549,0.619,0.6167,60,0.6167,60,0.6167,60,AEE,3,4,753,756
652,164,63,0.4762,0.4793,0.6961,0.2515,0.4762,0.4762,63,0.0,1,,0,AEE,3,5,816,819
703,176,63,0.4921,0.564,0.6932,0.25,0.4921,0.4921,63,,0,,0,AEE,3,6,879,882
753,189,63,0.381,0.4195,0.7067,0.2567,0.6032,0.4783,23,0.6154,13,0.5556,9,AEE,3,7,942,945
804,201,63,0.5556,0.5331,0.9389,0.2584,0.619,0.6571,35,0.6571,35,0.6571,35,AEE,3,8,1005,1008
400,101,63,0.6349,0.6566,0.6834,0.2451,0.5556,0.8,20,0.8,5,0.75,4,AEP,3,0,501,504
451,113,63,0.3968,0.3883,0.8359,0.3198,0.5873,0.4848,33,0.5,32,0.4167,12,AEP,3,1,564,567
501,126,63,0.5397,0.5303,0.6872,0.2492,0.5238,0.5333,60,0.5273,55,0.5,4,AEP,3,2,627,630
552,138,63,0.4921,0.3488,3.1421,0.3806,0.4921,0.4921,63,0.4921,63,0.3667,30,AEP,3,3,690,693
602,151,63,0.4921,0.4306,0.7624,0.2716,0.5714,0.5345,58,0.5345,58,,0,AEP,3,4,753,756
652,164,63,0.4921,0.3862,0.7074,0.2571,0.5556,0.5254,59,,0,,0,AEP,3,5,816,819
703,176,63,0.4762,0.5,0.7049,0.2558,0.4762,0.4762,63,0.4762,63,,0,AEP,3,6,879,882
753,189,63,0.5714,0.5139,0.6994,0.2525,0.5714,0.5714,63,0.6316,19,0.4,10,AEP,3,7,942,945
804,201,63,0.5397,0.4895,0.6986,0.2525,0.6032,0.5882,51,0.75,8,0.6,5,AEP,3,8,1005,1008
400,101,63,0.4921,0.5245,0.7257,0.2655,0.5556,0.5882,17,0.5882,17,,0,AWK,3,0,501,504
451,113,63,0.4286,0.463,0.7426,0.2728,0.5714,,0,,0,,0,AWK,3,1,564,567
501,126,63,0.4127,0.3913,0.7142,0.2604,0.4444,0.3043,23,0.2,10,0.25,4,AWK,3,2,627,630
552,138,63,0.381,0.5285,0.7833,0.2936,0.3175,0.3061,49,0.3043,46,0.3548,31,AWK,3,3,690,693
602,151,63,0.4286,0.55,0.7487,0.2768,0.6349,1.0,4,,0,,0,AWK,3,4,753,756
652,164,63,0.4762,0.5343,0.7031,0.256,0.5238,0.5,8,0.5,8,0.5,8,AWK,3,5,816,819
703,176,63,0.6508,0.56,0.6519,0.2321,0.3968,1.0,3,1.0,3,1.0,3,AWK,3,6,879,882
753,189,63,0.6032,0.55,1.4438,0.2952,0.3651,0.4667,30,0.4375,16,0.4545,11,AWK,3,7,942,945
804,201,63,0.4603,0.446,2.1022,0.3073,0.4762,0.3889,18,0.4545,11,0.4545,11,AWK,3,8,1005,1008
400,101,63,0.4444,0.5921,2.0624,0.2922,0.6032,0.7143,7,0.7143,7,0.7143,7,ATO,3,0,501,504
451,113,63,0.5397,0.6723,0.6897,0.2484,0.5714,0.7059,17,0.5,6,0.5,6,ATO,3,1,564,567
501,126,63,0.4127,0.512,1.7537,0.3424,0.6349,0.5882,17,0.5714,14,,0,ATO,3,2,627,630
552,138,63,0.5714,0.4053,0.7107,0.2582,0.5714,0.5714,63,0.5263,57,0.5238,21,ATO,3,3,690,693
602,151,63,0.6825,0.5136,1.0995,0.2381,0.7143,0.7193,57,0.7193,57,0.7193,57,ATO,3,4,753,756
652,164,63,0.5079,0.5469,0.7005,0.2566,0.5079,0.5079,63,0.5079,63,0.5079,63,ATO,3,5,816,819
703,176,63,0.5397,0.551,1.4072,0.2839,0.5238,0.537,54,0.537,54,0.537,54,ATO,3,6,879,882
753,189,63,0.5238,0.5823,0.6871,0.2485,0.5238,0.5238,63,0.5238,63,1.0,1,ATO,3,7,942,945
804,201,63,0.5873,0.4879,2.1162,0.3069,0.6032,0.6364,44,0.6364,44,0.6061,33,ATO,3,8,1005,1008
400,101,63,0.619,0.5546,0.6815,0.2441,0.5873,0.614,57,0.0,2,0.0,2,CNP,3,0,501,504
451,113,63,0.4921,0.4748,0.7232,0.2641,0.4921,0.4921,63,0.4286,14,0.4286,14,CNP,3,1,564,567
501,126,63,0.6508,0.64,0.6439,0.2256,0.6032,0.6333,60,0.6786,56,0.6786,56,CNP,3,2,627,630
552,138,63,0.6032,0.5573,0.713,0.2585,0.5397,0.6154,39,0.625,8,0.625,8,CNP,3,3,690,693
602,151,63,0.2698,0.5,0.8137,0.3093,0.7302,,0,,0,,0,CNP,3,4,753,756
652,164,63,0.5079,0.5,0.7044,0.2555,0.5079,0.5079,63,0.5079,63,,0,CNP,3,5,816,819
703,176,63,0.5079,0.4617,0.701,0.2538,0.5079,0.5079,63,0.5094,53,,0,CNP,3,6,879,882
753,189,63,0.4603,0.5097,0.7005,0.2536,0.5556,0.6667,3,0.0,1,,0,CNP,3,7,942,945
804,201,63,0.6349,0.5125,0.6803,0.2437,0.6349,0.6349,63,1.0,1,1.0,1,CNP,3,8,1005,1008
400,101,63,0.4127,0.5505,0.9355,0.2666,0.6032,0.6667,3,0.6667,3,0.6667,3,CMS,3,0,501,504
451,113,63,0.4921,0.5,0.6938,0.2503,0.4921,0.4921,63,,0,,0,CMS,3,1,564,567
501,126,63,0.6349,0.5771,0.8882,0.2421,0.6508,0.6731,52,0.7778,9,0.7778,9,CMS,3,2,627,630
552,138,63,0.4762,0.5116,0.7539,0.2774,0.4762,0.4762,63,0.4762,63,0.4444,45,CMS,3,3,690,693
602,151,63,0.619,0.5,0.6768,0.2416,0.619,0.619,63,0.629,62,0.5909,22,CMS,3,4,753,756
652,164,63,0.5556,0.5393,0.8899,0.2434,0.4921,0.5263,57,1.0,1,1.0,1,CMS,3,5,816,819
703,176,63,0.5238,0.5929,0.6828,0.2448,0.5238,0.5238,63,0.7333,15,,0,CMS,3,6,879,882
753,189,63,0.5079,0.4641,0.7234,0.264,0.5238,0.5161,62,0.5,40,0.5,12,CMS,3,7,942,945
804,201,63,0.5238,0.45,0.6935,0.2502,0.5238,0.5238,63,,0,,0,CMS,3,8,1005,1008
400,101,63,0.5714,0.4969,0.695,0.2506,0.5873,0.5806,62,0.6,25,0.6,25,ED,3,0,501,504
451,113,63,0.5238,0.5811,1.5962,0.2742,0.4921,0.5094,53,0.5926,27,0.0,1,ED,3,1,564,567
501,126,63,0.4603,0.6278,3.9405,0.3732,0.5397,,0,,0,,0,ED,3,2,627,630
552,138,63,0.4286,0.6523,0.7157,0.2627,0.4127,0.4194,62,0.4194,62,0.5152,33,ED,3,3,690,693
602,151,63,0.5079,0.5289,0.7278,0.2636,0.6032,0.6522,23,0.619,21,0.8,5,ED,3,4,753,756
652,164,63,0.3175,0.2937,0.7629,0.2838,0.4286,0.3182,44,,0,,0,ED,3,5,816,819
703,176,63,0.5873,0.5,0.6827,0.2448,0.4127,,0,,0,,0,ED,3,6,879,882
753,189,63,0.4286,0.4563,1.204,0.287,0.5714,,0,,0,,0,ED,3,7,942,945
804,201,63,0.5079,0.5,0.6932,0.25,0.4921,,0,,0,,0,ED,3,8,1005,1008
400,101,63,0.4921,0.5795,0.718,0.2633,0.5873,0.7778,9,0.875,8,,0,DTE,3,0,501,504
451,113,63,0.5556,0.5768,0.6541,0.235,0.5238,0.5581,43,0.5938,32,0.4286,7,DTE,3,1,564,567
501,126,63,0.6032,0.5255,1.1126,0.2487,0.5873,0.6,60,0.5714,21,0.8,5,DTE,3,2,627,630
552,138,63,0.4762,0.5066,1.6005,0.3472,0.4762,0.4762,63,0.4909,55,0.4902,51,DTE,3,3,690,693
602,151,63,0.619,0.5804,0.6683,0.2378,0.6508,0.6977,43,0.6977,43,0.8,5,DTE,3,4,753,756
652,164,63,0.4127,0.4439,1.9178,0.3163,0.5238,0.463,54,0.6,15,,0,DTE,3,5,816,819
703,176,63,0.4921,0.5333,1.8551,0.2937,0.4762,0.4792,48,1.0,2,1.0,2,DTE,3,6,879,882
753,189,63,0.4444,0.499,0.9624,0.275,0.4603,0.4516,62,0.425,40,0.5294,17,DTE,3,7,942,945
804,201,63,0.4444,0.5315,0.6946,0.2508,0.6349,0.7273,11,0.7273,11,0.6667,9,DTE,3,8,1005,1008
400,101,63,0.4603,0.5458,0.9053,0.3358,0.5714,0.625,8,0.625,8,0.7143,7,DUK,3,0,501,504
451,113,63,0.5873,0.3642,0.8355,0.2996,0.6032,0.5968,62,0.3077,13,0.3077,13,DUK,3,1,564,567
501,126,63,0.4603,0.5806,0.7245,0.2655,0.4603,0.4603,63,0.4603,63,0.4727,55,DUK,3,2,627,630
552,138,63,0.5079,0.5378,0.9385,0.2652,0.5079,0.5079,63,0.5079,63,0.5714,14,DUK,3,3,690,693
602,151,63,0.5397,0.4792,0.9257,0.2577,0.5397,0.5424,59,1.0,1,1.0,1,DUK,3,4,753,756
652,164,63,0.3651,0.3327,1.1814,0.2774,0.5556,0.439,41,,0,,0,DUK,3,5,816,819
703,176,63,0.4444,0.5367,0.7006,0.2536,0.4444,0.4444,63,0.5,24,0.0,1,DUK,3,6,879,882
753,189,63,0.5397,0.5467,0.6888,0.2478,0.5397,0.5397,63,,0,,0,DUK,3,7,942,945
804,201,63,0.4921,0.4536,2.3539,0.3211,0.5556,0.5283,53,,0,,0,DUK,3,8,1005,1008
400,101,63,0.5714,0.5904,0.7641,0.279,0.5873,0.6786,28,0.6786,28,0.6786,28,EIX,3,0,501,504
451,113,63,0.4603,0.4265,0.9316,0.3517,0.5556,0.6,5,,0,,0,EIX,3,1,564,567
501,126,63,0.619,0.5037,0.6838,0.2454,0.619,0.619,63,,0,,0,EIX,3,2,627,630
552,138,63,0.3968,0.5219,0.8044,0.3036,0.381,0.3833,60,0.3833,60,0.3833,60,EIX,3,3,690,693
602,151,63,0.6508,0.5344,2.21,0.2689,0.6508,0.6508,63,0.6667,27,0.6667,27,EIX,3,4,753,756
652,164,63,0.5556,0.4877,0.6992,0.2527,0.5714,0.5833,48,0.0,2,0.0,2,EIX,3,5,816,819
703,176,63,0.5079,0.5,0.7059,0.2563,0.5079,0.5079,63,0.5079,63,,0,EIX,3,6,879,882
753,189,63,0.6508,0.4601,0.6657,0.2364,0.6508,0.6508,63,0.6296,54,,0,EIX,3,7,942,945
804,201,63,0.619,0.6174,5.4453,0.379,0.4921,0.7692,13,0.7273,11,,0,EIX,3,8,1005,1008
400,101,63,0.4603,0.4611,4.9456,0.4256,0.6032,0.6667,12,0.7,10,,0,ETR,3,0,501,504
451,113,63,0.5556,0.432,0.6994,0.253,0.5079,0.537,54,0.4516,31,0.0,2,ETR,3,1,564,567
501,126,63,0.746,0.5293,0.6628,0.2349,0.746,0.746,63,0.8571,7,0.8571,7,ETR,3,2,627,630
552,138,63,0.6508,0.4739,0.6891,0.2424,0.6508,0.6508,63,0.6508,63,0.6111,18,ETR,3,3,690,693
602,151,63,0.5873,0.4693,0.7071,0.2561,0.5873,0.5902,61,0.5902,61,0.5902,61,ETR,3,4,753,756
652,164,63,0.5079,0.5168,0.7198,0.2631,0.5556,0.5385,52,0.5385,52,0.5385,52,ETR,3,5,816,819
703,176,63,0.619,0.4888,0.6773,0.2421,0.619,0.619,63,0.5714,7,0.5714,7,ETR,3,6,879,882
753,189,63,0.5397,0.497,0.6937,0.2503,0.5397,0.5397,63,0.5397,63,,0,ETR,3,7,942,945
804,201,63,0.5873,0.5858,1.7865,0.2638,0.5873,0.5873,63,0.7273,22,0.7273,22,ETR,3,8,1005,1008
400,101,63,0.381,0.4882,0.7505,0.2783,0.619,,0,,0,,0,EVRG,3,0,501,504
451,113,63,0.5714,0.4753,0.6887,0.2478,0.5714,0.5714,63,0.5517,29,0.5714,28,EVRG,3,1,564,567
501,126,63,0.5397,0.4655,0.6995,0.2529,0.5397,0.5397,63,0.5397,63,0.0,2,EVRG,3,2,627,630
552,138,63,0.4921,0.2623,1.5065,0.3247,0.5714,0.5345,58,0.4359,39,0.4359,39,EVRG,3,3,690,693
602,151,63,0.5714,0.3988,3.2873,0.353,0.6825,0.6667,48,0.6216,37,0.6216,37,EVRG,3,4,753,756
652,164,63,0.5238,0.5434,0.7027,0.2547,0.5238,0.5238,63,0.5238,63,0.5238,63,EVRG,3,5,816,819
703,176,63,0.4921,0.5161,0.7095,0.2581,0.4921,0.4921,63,0.4921,63,1.0,1,EVRG,3,6,879,882
753,189,63,0.4921,0.5323,0.7021,0.2544,0.4921,0.4921,63,0.5085,59,,0,EVRG,3,7,942,945
804,201,63,0.3968,0.444,0.9716,0.2787,0.6508,0.5789,19,0.5789,19,,0,EVRG,3,8,1005,1008
400,101,63,0.4603,0.4475,1.2369,0.302,0.5714,0.5455,22,0.5556,9,0.5556,9,ES,3,0,501,504
451,113,63,0.4603,0.4547,0.8263,0.3042,0.5714,0.5208,48,0.6316,19,0.5714,7,ES,3,1,564,567
501,126,63,0.4762,0.5643,0.9488,0.2679,0.4444,0.459,61,0.5,32,0.25,4,ES,3,2,627,630
552,138,63,0.4921,0.5611,0.8983,0.2522,0.5238,0.5094,53,0.5094,53,0.8,10,ES,3,3,690,693
602,151,63,0.5079,0.6111,0.6384,0.2274,0.6032,0.6667,21,0.8,10,0.8,10,ES,3,4,753,756
652,164,63,0.5238,0.4936,0.9329,0.2618,0.619,0.5957,47,0.5455,11,0.6,10,ES,3,5,816,819
703,176,63,0.6032,0.5782,0.6672,0.2373,0.5714,0.5902,61,0.6111,18,0.6111,18,ES,3,6,879,882
753,189,63,0.5873,0.5626,0.9056,0.2483,0.6032,0.5968,62,0.5968,62,0.7143,21,ES,3,7,942,945
804,201,63,0.4921,0.5768,0.9389,0.264,0.5238,0.5088,57,0.5088,57,0.7059,17,ES,3,8,1005,1008
400,101,63,0.6667,0.6179,0.6272,0.2221,0.6032,0.6491,57,1.0,3,1.0,3,EXC,3,0,501,504
451,113,63,0.619,0.5665,0.8489,0.231,0.5079,0.5741,54,0.4828,29,0.6429,14,EXC,3,1,564,567
501,126,63,0.6508,0.6764,0.8138,0.2136,0.5714,0.7917,24,0.9333,15,1.0,9,EXC,3,2,627,630
552,138,63,0.5397,0.4605,2.7854,0.3296,0.619,0.6087,46,0.5758,33,0.5758,33,EXC,3,3,690,693
602,151,63,0.5079,0.4884,1.4673,0.3086,0.6032,0.5946,37,0.8,5,,0,EXC,3,4,753,756
652,164,63,0.5238,0.6404,0.682,0.2446,0.5238,0.5238,63,0.6562,32,0.6562,32,EXC,3,5,816,819
703,176,63,0.4286,0.4493,0.7113,0.2587,0.5397,0.4615,26,0.5333,15,0.5333,15,EXC,3,6,879,882
753,189,63,0.4603,0.5821,0.7025,0.2575,0.4444,0.4516,62,0.4516,62,0.6,5,EXC,3,7,942,945
804,201,63,0.5238,0.5364,0.6952,0.251,0.5238,0.6,15,,0,,0,EXC,3,8,1005,1008
400,101,63,0.5238,0.5116,2.7839,0.3256,0.5079,0.6,10,,0,,0,ARE,3,0,501,504
451,113,63,0.5556,0.5364,1.6275,0.2835,0.4762,0.5278,36,0.75,4,0.75,4,ARE,3,1,564,567
501,126,63,0.619,0.5811,0.9225,0.255,0.4444,0.625,16,0.625,16,0.6,15,ARE,3,2,627,630
552,138,63,0.4444,0.5726,0.739,0.2638,0.3968,0.4,50,0.5,4,0.0,2,ARE,3,3,690,693
602,151,63,0.5079,0.4936,0.7183,0.262,0.3175,0.3333,33,0.32,25,0.3158,19,ARE,3,4,753,756
652,164,63,0.4603,0.5147,0.731,0.2686,0.5397,,0,,0,,0,ARE,3,5,816,819
703,176,63,0.6349,0.6179,0.6609,0.234,0.5556,0.6429,42,0.6429,42,,0,ARE,3,6,879,882
753,189,63,0.5556,0.3764,1.9186,0.3193,0.6508,0.6226,53,0.3333,9,0.375,8,ARE,3,7,942,945
804,201,63,0.4127,0.7062,0.6853,0.2487,0.381,0.3934,61,0.4762,21,0.4762,21,ARE,3,8,1005,1008
400,101,63,0.4603,0.4821,0.9807,0.2822,0.4444,0.45,60,0.4419,43,0.2857,7,AMT,3,0,501,504
451,113,63,0.381,0.4087,0.8499,0.3148,0.619,,0,,0,,0,AMT,3,1,564,567
501,126,63,0.5714,0.5,0.6848,0.2458,0.4286,,0,,0,,0,AMT,3,2,627,630
552,138,63,0.3968,0.5063,0.9405,0.2646,0.3968,0.3968,63,0.5,2,0.5,2,AMT,3,3,690,693
602,151,63,0.3175,0.3819,0.7233,0.2651,0.6508,0.4167,12,,0,,0,AMT,3,4,753,756
652,164,63,0.4762,0.5725,0.9294,0.2639,0.5397,0.5714,7,0.5714,7,0.5714,7,AMT,3,5,816,819
703,176,63,0.3492,0.4484,0.7531,0.2796,0.3492,0.3492,63,0.3103,58,0.0,1,AMT,3,6,879,882
753,189,63,0.4921,0.5645,0.6837,0.2455,0.4921,0.4921,63,1.0,4,1.0,1,AMT,3,7,942,945
804,201,63,0.4444,0.4604,3.5283,0.3702,0.4286,0.3947,38,0.3947,38,0.3947,38,AMT,3,8,1005,1008
400,101,63,0.5556,0.6112,0.9039,0.2482,0.5556,0.6842,19,0.7778,9,0.7778,9,AVB,3,0,501,504
451,113,63,0.4921,0.5668,0.6956,0.2513,0.6032,0.875,8,0.875,8,0.8571,7,AVB,3,1,564,567
501,126,63,0.3651,0.2672,0.8556,0.3194,0.5873,0.4634,41,0.4211,38,0.3125,16,AVB,3,2,627,630
552,138,63,0.4921,0.4748,1.1831,0.2794,0.4921,0.4921,63,0.4921,63,0.4,10,AVB,3,3,690,693
602,151,63,0.5873,0.5858,0.8943,0.2447,0.5873,0.5873,63,0.8889,9,0.8889,9,AVB,3,4,753,756
652,164,63,0.4762,0.5333,0.6734,0.2432,0.4762,0.4762,63,1.0,2,1.0,2,AVB,3,5,816,819
703,176,63,0.4762,0.4414,1.1704,0.2718,0.5238,0.5,58,0.4286,7,0.4286,7,AVB,3,6,879,882
753,189,63,0.5079,0.5222,0.6932,0.25,0.5079,0.5079,63,0.5263,19,,0,AVB,3,7,942,945
804,201,63,0.3968,0.4252,0.8049,0.302,0.5873,0.4762,21,0.4762,21,0.5,6,AVB,3,8,1005,1008
400,101,63,0.4603,0.5,0.7041,0.2555,0.4603,0.4603,63,,0,,0,BXP,3,0,501,504
451,113,63,0.4921,0.4899,0.7084,0.2594,0.5079,0.5,6,0.5,6,0.5,6,BXP,3,1,564,567
501,126,63,0.3175,0.2838,2.7746,0.4092,0.6508,0.25,4,0.25,4,0.3333,3,BXP,3,2,627,630
552,138,63,0.5397,0.6879,1.092,0.2389,0.4762,0.5088,57,0.7368,19,0.7222,18,BXP,3,3,690,693
602,151,63,0.4762,0.5238,0.723,0.2646,0.4603,0.4667,60,0.4667,60,0.4762,21,BXP,3,4,753,756
652,164,63,0.5397,0.5045,0.712,0.2588,0.5079,0.5714,21,0.6,20,0.5625,16,BXP,3,5,816,819
703,176,63,0.4762,0.4689,0.7239,0.2647,0.5556,0.5278,36,0.5,32,0.5,32,BXP,3,6,879,882
753,189,63,0.5873,0.7739,0.6668,0.2369,0.3651,0.4681,47,0.8571,7,,0,BXP,3,7,942,945
804,201,63,0.4921,0.4597,0.7137,0.2602,0.5079,0.5,56,0.5,56,0.4737,38,BXP,3,8,1005,1008
400,101,63,0.4444,0.6469,1.3706,0.2715,0.5556,,0,,0,,0,CPT,3,0,501,504
451,113,63,0.381,0.4375,2.0914,0.3775,0.6349,0.6667,3,0.6667,3,0.6667,3,CPT,3,1,564,567
501,126,63,0.5397,0.5343,0.6946,0.2507,0.5079,0.5283,53,0.5283,53,,0,CPT,3,2,627,630
552,138,63,0.5397,0.3377,0.7427,0.2722,0.5397,0.5397,63,0.5397,63,0.3667,30,CPT,3,3,690,693
602,151,63,0.6032,0.5526,0.6614,0.2348,0.6032,0.6102,59,0.6102,59,0.6667,21,CPT,3,4,753,756
652,164,63,0.4127,0.5057,1.9106,0.3156,0.4127,0.4127,63,0.4,30,0.4444,27,CPT,3,5,816,819
703,176,63,0.5079,0.5247,0.6974,0.2521,0.5079,0.5079,63,0.537,54,,0,CPT,3,6,879,882
753,189,63,0.5397,0.5138,1.1681,0.2693,0.5556,0.55,60,0.5625,32,,0,CPT,3,7,942,945
804,201,63,0.4762,0.3981,0.7303,0.2683,0.4286,0.3333,18,0.3333,18,0.4,15,CPT,3,8,1005,1008
400,101,63,0.5238,0.599,0.6947,0.2532,0.5238,0.7143,7,,0,,0,CBRE,3,0,501,504
451,113,63,0.4444,0.5057,0.7519,0.2746,0.5873,0.5714,14,0.625,8,0.625,8,CBRE,3,1,564,567
501,126,63,0.7302,0.5667,0.6315,0.2211,0.7143,0.7333,60,0.7333,60,1.0,2,CBRE,3,2,627,630
552,138,63,0.5714,0.4743,0.727,0.2639,0.5714,0.5818,55,0.566,53,0.566,53,CBRE,3,3,690,693
602,151,63,0.4762,0.4212,0.8165,0.3008,0.4762,0.4762,63,0.5283,53,0.5283,53,CBRE,3,4,753,756
652,164,63,0.6032,0.4898,0.6674,0.2373,0.6984,0.6863,51,0.6863,51,,0,CBRE,3,5,816,819
703,176,63,0.5079,0.5,0.7129,0.2596,0.5079,0.5079,63,0.5079,63,0.5079,63,CBRE,3,6,879,882
753,189,63,0.6508,0.5,0.8889,0.2395,0.6508,0.661,59,0.661,59,1.0,2,CBRE,3,7,942,945
804,201,63,0.4921,0.4163,0.8038,0.2949,0.4921,0.4921,63,0.4921,63,0.4444,36,CBRE,3,8,1005,1008
400,101,63,0.4603,0.5,0.6983,0.2526,0.5397,,0,,0,,0,CSGP,3,0,501,504
451,113,63,0.2698,0.5742,2.8756,0.4559,0.2698,0.2698,63,0.2698,63,0.2698,63,CSGP,3,1,564,567
501,126,63,0.4286,0.5,0.7277,0.2671,0.5714,,0,,0,,0,CSGP,3,2,627,630
552,138,63,0.4921,0.4194,0.9996,0.289,0.5079,,0,,0,,0,CSGP,3,3,690,693
602,151,63,0.4762,0.4824,0.7006,0.2537,0.4921,0.475,40,,0,,0,CSGP,3,4,753,756
652,164,63,0.3016,0.4756,1.4712,0.3112,0.6825,0.0,1,,0,,0,CSGP,3,5,816,819
703,176,63,0.3968,0.3605,0.7434,0.2749,0.3968,0.3968,63,0.3061,49,,0,CSGP,3,6,879,882
753,189,63,0.4444,0.4404,1.4694,0.3115,0.4762,0.4561,57,0.4643,56,0.4727,55,CSGP,3,7,942,945
804,201,63,0.3016,0.433,0.7644,0.2853,0.3016,0.3016,63,0.3016,63,0.2,15,CSGP,3,8,1005,1008
400,101,63,0.3968,0.5385,0.6937,0.2502,0.381,0.3833,60,0.5,4,0.5,4,CCI,3,0,501,504
451,113,63,0.4444,0.5093,0.7371,0.2717,0.5714,1.0,1,1.0,1,1.0,1,CCI,3,1,564,567
501,126,63,0.4762,0.4811,0.9313,0.2612,0.3968,0.3889,36,0.6667,3,0.5,2,CCI,3,2,627,630
552,138,63,0.4762,0.4918,0.9383,0.2674,0.3651,0.3333,30,0.4,15,0.4286,7,CCI,3,3,690,693
602,151,63,0.3968,0.461,1.4309,0.2951,0.619,0.5333,15,0.5333,15,0.5333,15,CCI,3,4,753,756
652,164,63,0.4921,0.4657,2.3478,0.3245,0.4762,0.25,4,0.0,2,,0,CCI,3,5,816,819
703,176,63,0.5397,0.6346,0.6532,0.232,0.381,0.4468,47,,0,,0,CCI,3,6,879,882
753,189,63,0.4762,0.7201,0.69,0.2486,0.4603,0.4677,62,0.6389,36,0.6571,35,CCI,3,7,942,945
804,201,63,0.5238,0.568,0.6816,0.2444,0.5397,0.8333,6,0.8333,6,0.8333,6,CCI,3,8,1005,1008
400,101,63,0.4127,0.5327,1.1881,0.2807,0.5873,0.5,2,,0,,0,EQR,3,0,501,504
451,113,63,0.4444,0.4015,0.7288,0.2675,0.5556,0.5,54,0.5,54,,0,EQR,3,1,564,567
501,126,63,0.5397,0.3174,0.722,0.2641,0.5397,0.5397,63,0.3871,31,0.0,1,EQR,3,2,627,630
552,138,63,0.5714,0.4151,1.6589,0.2965,0.5714,0.5714,63,0.5714,63,0.3333,12,EQR,3,3,690,693
602,151,63,0.6032,0.5832,0.6488,0.2313,0.6032,0.6032,63,1.0,5,1.0,5,EQR,3,4,753,756
652,164,63,0.4444,0.5954,1.1608,0.2686,0.4444,0.4444,63,0.5111,45,0.5,4,EQR,3,5,816,819
703,176,63,0.4762,0.4889,0.7042,0.2557,0.4762,0.4754,61,0.4595,37,,0,EQR,3,6,879,882
753,189,63,0.5714,0.5198,0.7104,0.2572,0.619,0.6154,52,0.5,6,0.5,6,EQR,3,7,942,945
804,201,63,0.5079,0.4657,0.9437,0.2687,0.5238,0.5227,44,0.44,25,0.44,25,EQR,3,8,1005,1008
400,101,63,0.5238,0.5781,1.1476,0.2648,0.5397,0.7,10,0.75,8,0.7143,7,ESS,3,0,501,504
451,113,63,0.5714,0.5639,0.6871,0.247,0.5397,0.5714,49,,0,,0,ESS,3,1,564,567
501,126,63,0.5397,0.5116,0.6937,0.2503,0.5079,0.5405,37,0.5278,36,,0,ESS,3,2,627,630
552,138,63,0.5397,0.4016,3.0503,0.3451,0.5397,0.5397,63,0.4348,23,0.4348,23,ESS,3,3,690,693
602,151,63,0.6349,0.594,0.6757,0.2409,0.619,0.6333,60,0.8182,11,,0,ESS,3,4,753,756
652,164,63,0.4444,0.5179,0.714,0.2606,0.4444,0.4444,63,0.4444,63,1.0,1,ESS,3,5,816,819
703,176,63,0.5714,0.3704,1.675,0.3037,0.5714,0.5714,63,0.0,7,0.0,7,ESS,3,6,879,882
753,189,63,0.5238,0.5297,0.6935,0.2502,0.4921,0.5091,55,0.5091,55,,0,ESS,3,7,942,945
804,201,63,0.4762,0.4057,0.7363,0.27,0.5397,0.5111,45,0.2727,11,,0,ESS,3,8,1005,1008
400,101,63,0.4921,0.5005,0.6986,0.2524,0.5079,,0,,0,,0,EXR,3,0,501,504
451,113,63,0.5397,0.6102,0.9272,0.258,0.5556,0.5714,42,0.5854,41,0.8,5,EXR,3,1,564,567
501,126,63,0.4921,0.5884,0.9424,0.2649,0.5873,0.7778,9,0.7778,9,0.7778,9,EXR,3,2,627,630
552,138,63,0.5079,0.5318,0.6832,0.2466,0.5079,0.5079,63,0.75,4,0.75,4,EXR,3,3,690,693
602,151,63,0.4286,0.432,1.3351,0.323,0.5079,0.4167,24,0.4167,24,0.4167,24,EXR,3,4,753,756
652,164,63,0.4921,0.601,0.6823,0.2447,0.4444,0.4643,56,,0,,0,EXR,3,5,816,819
703,176,63,0.5714,0.5587,1.3801,0.2712,0.5556,0.6111,36,0.6,15,0.6,15,EXR,3,6,879,882
753,189,63,0.3651,0.3753,0.7443,0.2753,0.4762,0.4038,52,0.4,50,,0,EXR,3,7,942,945
804,201,63,0.6508,0.6157,0.6692,0.2381,0.5238,0.6341,41,0.3333,3,0.5,2,EXR,3,8,1005,1008
400,101,63,0.5714,0.5281,0.6766,0.2448,0.4444,0.5385,13,1.0,3,1.0,3,FRT,3,0,501,504
451,113,63,0.5873,0.5892,0.6907,0.2472,0.4921,0.6,25,0.5652,23,0.5333,15,FRT,3,1,564,567
501,126,63,0.4603,0.4768,1.5035,0.3257,0.5079,0.4167,12,,0,,0,FRT,3,2,627,630
552,138,63,0.5556,0.5691,0.9223,0.2583,0.4921,0.5349,43,,0,,0,FRT,3,3,690,693
602,151,63,0.5079,0.6366,3.8671,0.3419,0.4921,0.5,62,0.5556,45,0.5682,44,FRT,3,4,753,756
652,164,63,0.6508,0.6668,0.6642,0.2357,0.5397,0.8,20,0.8,20,0.75,4,FRT,3,5,816,819
703,176,63,0.6667,0.6868,0.6175,0.2146,0.6032,0.7297,37,0.7297,37,0.7297,37,FRT,3,6,879,882
753,189,63,0.5238,0.5874,0.6786,0.2463,0.5714,0.56,50,0.6957,23,0.6957,23,FRT,3,7,942,945
804,201,63,0.4286,0.4547,0.777,0.2894,0.6032,0.5385,26,0.5385,26,0.4,5,FRT,3,8,1005,1008
400,101,63,0.4286,0.357,4.297,0.4233,0.5714,,0,,0,,0,DOC,3,0,501,504
451,113,63,0.5397,0.5147,0.6882,0.2476,0.5397,0.5397,63,1.0,1,1.0,1,DOC,3,1,564,567
501,126,63,0.5556,0.5,0.6871,0.247,0.5556,0.5556,63,,0,,0,DOC,3,2,627,630
552,138,63,0.4127,0.4995,1.0404,0.3034,0.4127,0.4127,63,0.4127,63,0.4444,18,DOC,3,3,690,693
602,151,63,0.4921,0.4828,0.7192,0.2617,0.5397,0.5172,58,0.5714,14,0.5714,14,DOC,3,4,753,756
652,164,63,0.4762,0.5515,0.8931,0.247,0.5238,,0,,0,,0,DOC,3,5,816,819
703,176,63,0.6667,0.5674,0.9351,0.261,0.6825,0.6964,56,,0,,0,DOC,3,6,879,882
753,189,63,0.5238,0.4667,1.6422,0.2925,0.5079,0.5179,56,0.4902,51,0.6,5,DOC,3,7,942,945
804,201,63,0.4603,0.5213,0.6971,0.252,0.4603,0.4603,63,0.5,14,0.5556,9,DOC,3,8,1005,1008
400,101,63,0.4444,0.5,0.764,0.2843,0.4444,0.4444,63,0.4444,63,0.4444,63,HST,3,0,501,504
451,113,63,0.381,0.5417,0.7009,0.254,0.381,0.381,63,1.0,2,1.0,2,HST,3,1,564,567
501,126,63,0.5873,0.6989,0.8278,0.2236,0.6032,0.9286,14,1.0,13,1.0,11,HST,3,2,627,630
552,138,63,0.5714,0.5189,1.3204,0.3183,0.4444,0.5172,29,0.3846,13,0.3846,13,HST,3,3,690,693
602,151,63,0.4762,0.6531,5.0875,0.4046,0.4444,0.459,61,0.4828,58,0.4912,57,HST,3,4,753,756
652,164,63,0.4762,0.6015,0.6922,0.2495,0.4762,0.4762,63,0.5862,29,,0,HST,3,5,816,819
703,176,63,0.4762,0.4763,0.7018,0.2543,0.4921,0.4722,36,,0,,0,HST,3,6,879,882
753,189,63,0.4603,0.4973,3.835,0.4097,0.619,0.6471,17,,0,,0,HST,3,7,942,945
804,201,63,0.4444,0.552,0.7447,0.2746,0.5873,0.6,10,,0,,0,HST,3,8,1005,1008
400,101,63,0.4444,0.4818,0.8371,0.302,0.5873,0.6,10,0.0,2,0.0,2,INVH,3,0,501,504
451,113,63,0.3968,0.4742,1.4236,0.2893,0.6032,0.5,2,0.0,1,0.0,1,INVH,3,1,564,567
501,126,63,0.3968,0.4263,0.7448,0.2757,0.4762,0.3889,36,0.3889,36,0.4,30,INVH,3,2,627,630
552,138,63,0.4921,0.4244,2.8611,0.3555,0.4921,0.4921,63,0.4833,60,0.4062,32,INVH,3,3,690,693
602,151,63,0.619,0.5,0.6871,0.247,0.619,0.619,63,,0,,0,INVH,3,4,753,756
652,164,63,0.3651,0.5103,0.7034,0.2551,0.3651,0.3607,61,,0,,0,INVH,3,5,816,819
703,176,63,0.5238,0.4655,0.6986,0.2527,0.4603,0.0,1,,0,,0,INVH,3,6,879,882
753,189,63,0.5238,0.4853,0.6968,0.2517,0.4603,0.0,1,0.0,1,0.0,1,INVH,3,7,942,945
804,201,63,0.3968,0.4784,0.9805,0.2828,0.6032,0.5,6,0.3333,3,0.3333,3,INVH,3,8,1005,1008
400,101,63,0.4921,0.4687,0.7444,0.2733,0.5079,0.5,62,0.48,25,0.48,25,IRM,3,0,501,504
451,113,63,0.7619,0.709,0.5783,0.1955,0.7619,0.7619,63,0.8036,56,1.0,14,IRM,3,1,564,567
501,126,63,0.5238,0.4364,1.6832,0.3057,0.6349,0.5893,56,0.6667,9,0.6667,9,IRM,3,2,627,630
552,138,63,0.4444,0.4112,2.5621,0.4054,0.4444,0.4444,63,0.4444,63,0.4444,63,IRM,3,3,690,693
602,151,63,0.5079,0.5,0.7024,0.2546,0.5079,0.5079,63,0.5079,63,,0,IRM,3,4,753,756
652,164,63,0.5397,0.5,0.6923,0.2496,0.5397,0.5397,63,,0,,0,IRM,3,5,816,819
703,176,63,0.6984,0.6263,0.6296,0.2196,0.6032,0.6727,55,0.6727,55,,0,IRM,3,6,879,882
753,189,63,0.5873,0.461,0.6866,0.2467,0.5873,0.5873,63,0.5625,48,0.5625,48,IRM,3,7,942,945
804,201,63,0.5397,0.5505,0.6905,0.2487,0.5238,0.5323,62,0.5323,62,0.6154,13,IRM,3,8,1005,1008
400,101,63,0.4127,0.4747,1.7124,0.3287,0.6032,0.5556,9,0.5556,9,0.5556,9,ALB,3,0,501,504
451,113,63,0.5079,0.4721,0.91,0.2519,0.3175,0.28,25,0.0,1,0.0,1,ALB,3,1,564,567
501,126,63,0.4286,0.5026,1.4402,0.297,0.5556,0.4,5,0.4,5,0.4,5,ALB,3,2,627,630
552,138,63,0.4762,0.477,0.73,0.268,0.381,0.3043,23,0.3043,23,0.2857,14,ALB,3,3,690,693
602,151,63,0.5714,0.5551,0.682,0.2445,0.4127,0.48,25,0.48,25,,0,ALB,3,4,753,756
652,164,63,0.381,0.4198,0.801,0.3008,0.5714,0.3333,9,0.3333,9,0.3333,9,ALB,3,5,816,819
703,176,63,0.4286,0.4856,0.7217,0.2642,0.5714,,0,,0,,0,ALB,3,6,879,882
753,189,63,0.5873,0.5315,0.9536,0.2638,0.6349,0.6346,52,1.0,1,1.0,1,ALB,3,7,942,945
804,201,63,0.5397,0.4914,0.7004,0.2535,0.5397,0.5397,63,0.541,61,0.5345,58,ALB,3,8,1005,1008
400,101,63,0.4286,0.5291,0.6937,0.2496,0.4444,0.4286,56,0.7143,7,0.7143,7,AMCR,3,0,501,504
451,113,63,0.5556,0.4151,5.9772,0.4197,0.4286,0.0,1,,0,,0,AMCR,3,1,564,567
501,126,63,0.4762,0.5152,0.7206,0.2635,0.5238,,0,,0,,0,AMCR,3,2,627,630
552,138,63,0.4762,0.5172,1.1557,0.2661,0.4762,0.4762,63,0.5,4,0.5,4,AMCR,3,3,690,693
602,151,63,0.5079,0.6403,1.1345,0.2594,0.4444,0.4737,57,0.5652,23,0.5909,22,AMCR,3,4,753,756
652,164,63,0.4444,0.4923,0.7265,0.2663,0.5556,0.5,2,0.5,2,0.5,2,AMCR,3,5,816,819
703,176,63,0.6349,0.5821,0.6544,0.2342,0.4444,0.7778,9,0.75,8,0.75,8,AMCR,3,6,879,882
753,189,63,0.5714,0.6253,0.6676,0.2399,0.5873,0.8125,16,1.0,4,1.0,4,AMCR,3,7,942,945
804,201,63,0.3968,0.5211,2.1511,0.3266,0.3492,0.34,50,0.4211,19,0.4444,18,AMCR,3,8,1005,1008
400,101,63,0.3651,0.5,0.8792,0.3365,0.6349,,0,,0,,0,AVY,3,0,501,504
451,113,63,0.4762,0.5411,1.2342,0.2857,0.4603,0.4643,56,0.5217,23,0.5217,23,AVY,3,1,564,567
501,126,63,0.5873,0.5431,0.6786,0.2427,0.5873,0.5873,63,0.614,57,0.5,2,AVY,3,2,627,630
552,138,63,0.381,0.3606,0.7784,0.2863,0.381,0.381,63,0.2778,36,0.2222,18,AVY,3,3,690,693
602,151,63,0.5238,0.5357,0.6888,0.2478,0.5556,0.6,25,0.6,25,,0,AVY,3,4,753,756
652,164,63,0.5079,0.5484,0.7386,0.2611,0.4921,,0,,0,,0,AVY,3,5,816,819
703,176,63,0.4127,0.4937,0.9363,0.2624,0.3968,0.4,60,0.0,1,0.0,1,AVY,3,6,879,882
753,189,63,0.4603,0.499,0.7134,0.2596,0.5397,,0,,0,,0,AVY,3,7,942,945
804,201,63,0.5873,0.5385,0.6854,0.2461,0.4127,,0,,0,,0,AVY,3,8,1005,1008
400,101,63,0.5238,0.5253,0.6915,0.2492,0.5238,0.5517,29,,0,,0,CF,3,0,501,504
451,113,63,0.5556,0.5753,0.9316,0.2599,0.4762,0.5278,36,0.5833,24,0.5833,24,CF,3,1,564,567
501,126,63,0.4444,0.5721,2.6753,0.3718,0.6032,0.6667,9,0.6,5,0.6,5,CF,3,2,627,630
552,138,63,0.5873,0.6465,0.6757,0.2418,0.5238,0.6522,23,0.6364,22,0.8333,12,CF,3,3,690,693
602,151,63,0.6032,0.5826,0.655,0.2326,0.5873,0.5968,62,0.6346,52,0.6346,52,CF,3,4,753,756
652,164,63,0.619,0.5256,0.6854,0.2461,0.619,0.619,63,1.0,3,,0,CF,3,5,816,819
703,176,63,0.5079,0.4995,3.265,0.3502,0.5079,0.5263,19,0.5263,19,,0,CF,3,6,879,882
753,189,63,0.6667,0.724,0.6342,0.2228,0.5873,0.6538,52,1.0,2,1.0,2,CF,3,7,942,945
804,201,63,0.4286,0.4015,0.7865,0.2924,0.5556,0.4878,41,0.5556,9,0.5556,9,CF,3,8,1005,1008
400,101,63,0.5873,0.6047,0.7026,0.2568,0.619,0.6757,37,1.0,4,1.0,4,CTVA,3,0,501,504
451,113,63,0.5714,0.59,0.7013,0.2518,0.4286,0.5,44,0.3333,3,0.3333,3,CTVA,3,1,564,567
501,126,63,0.746,0.5524,0.8504,0.2206,0.7302,0.7778,54,0.7778,54,0.7778,54,CTVA,3,2,627,630
552,138,63,0.5079,0.6061,0.7029,0.2557,0.4762,0.4906,53,0.5,50,0.5106,47,CTVA,3,3,690,693
602,151,63,0.619,0.6079,0.6539,0.2301,0.6032,0.675,40,0.675,40,0.675,40,CTVA,3,4,753,756
652,164,63,0.4286,0.5449,1.0319,0.3053,0.619,0.6154,13,0.6154,13,0.6154,13,CTVA,3,5,816,819
703,176,63,0.4603,0.5389,1.0084,0.2978,0.4762,0.4524,42,0.4524,42,0.4359,39,CTVA,3,6,879,882
753,189,63,0.6984,0.4839,0.684,0.2454,0.6984,0.6984,63,,0,,0,CTVA,3,7,942,945
804,201,63,0.6032,0.6511,0.6622,0.2349,0.6032,0.6032,63,0.6032,63,0.6032,63,CTVA,3,8,1005,1008
400,101,63,0.5556,0.5286,0.6808,0.2466,0.5556,0.5556,63,0.5556,63,0.5556,63,CRH,3,0,501,504
451,113,63,0.4603,0.5167,2.2577,0.3667,0.4762,0.4677,62,0.4444,45,0.4444,45,CRH,3,1,564,567
501,126,63,0.4444,0.5204,0.8263,0.3115,0.6667,0.7333,15,,0,,0,CRH,3,2,627,630
552,138,63,0.5238,0.5192,0.931,0.2618,0.5238,0.5238,63,0.5556,27,0.5833,24,CRH,3,3,690,693
602,151,63,0.5397,0.4939,0.7063,0.2546,0.5397,0.5397,63,0.5,4,0.5,4,CRH,3,4,753,756
652,164,63,0.5556,0.427,2.3473,0.3181,0.5556,0.5556,63,0.5278,36,0.5278,36,CRH,3,5,816,819
703,176,63,0.4603,0.463,1.4041,0.2814,0.4603,0.4561,57,0.4091,22,,0,CRH,3,6,879,882
753,189,63,0.4921,0.5082,0.7294,0.2673,0.5556,0.5366,41,0.5526,38,,0,CRH,3,7,942,945
804,201,63,0.4921,0.5563,0.7092,0.2578,0.3968,0.4146,41,0.4667,30,0.4667,30,CRH,3,8,1005,1008
400,101,63,0.5556,0.6616,0.7355,0.2694,0.5873,0.8,15,1.0,1,1.0,1,DOW,3,0,501,504
451,113,63,0.4921,0.4872,0.7454,0.2718,0.381,0.4048,42,0.4048,42,,0,DOW,3,1,564,567
501,126,63,0.4762,0.5042,0.7124,0.2579,0.4127,0.4255,47,0.2727,11,0.5,6,DOW,3,2,627,630
552,138,63,0.4921,0.5441,0.864,0.3261,0.2698,0.2857,35,0.2941,34,0.2727,33,DOW,3,3,690,693
602,151,63,0.4603,0.3879,2.1864,0.3406,0.4286,0.0,7,0.0,7,0.0,6,DOW,3,4,753,756
652,164,63,0.5714,0.5,0.6947,0.2505,0.4286,,0,,0,,0,DOW,3,5,816,819
703,176,63,0.5238,0.5419,0.6987,0.2527,0.4762,,0,,0,,0,DOW,3,6,879,882
753,189,63,0.5714,0.5811,0.6995,0.2529,0.6032,0.72,25,0.72,25,,0,DOW,3,7,942,945
804,201,63,0.5238,0.5086,0.686,0.2479,0.5397,0.5357,56,1.0,1,1.0,1,DOW,3,8,1005,1008
400,101,63,0.4762,0.617,0.6643,0.2362,0.6508,0.8333,12,0.8333,12,0.8333,12,DD,3,0,501,504
451,113,63,0.5397,0.6013,2.395,0.3361,0.4921,0.5833,12,0.5714,7,0.5714,7,DD,3,1,564,567
501,126,63,0.5556,0.6,0.6675,0.2406,0.5556,0.64,25,0.7273,11,1.0,1,DD,3,2,627,630
552,138,63,0.5556,0.6009,0.9658,0.2785,0.3333,0.4255,47,0.4054,37,0.4054,37,DD,3,3,690,693
602,151,63,0.5238,0.6055,2.3407,0.3168,0.4127,0.4583,48,0.5172,29,0.5172,29,DD,3,4,753,756
652,164,63,0.4762,0.7096,0.6629,0.2357,0.5238,,0,,0,,0,DD,3,5,816,819
703,176,63,0.3492,0.4802,0.805,0.3004,0.6825,0.625,8,0.625,8,0.8333,6,DD,3,6,879,882
753,189,63,0.4286,0.5416,1.1961,0.2854,0.5873,1.0,1,1.0,1,,0,DD,3,7,942,945
804,201,63,0.5079,0.5091,0.7057,0.2562,0.4921,0.5,36,0.5,36,,0,DD,3,8,1005,1008
400,101,63,0.6667,0.5,0.6544,0.2308,0.6667,0.6667,63,0.6667,63,,0,ECL,3,0,501,504
451,113,63,0.5873,0.6065,0.6644,0.2382,0.5714,0.5862,58,0.6176,34,0.625,32,ECL,3,1,564,567
501,126,63,0.4286,0.3707,4.5421,0.433,0.619,0.5349,43,0.5349,43,0.5,36,ECL,3,2,627,630
552,138,63,0.5238,0.3498,0.7273,0.2662,0.5873,0.5593,59,0.5455,55,0.5455,55,ECL,3,3,690,693
602,151,63,0.619,0.5,0.6671,0.2371,0.619,0.619,63,0.619,63,,0,ECL,3,4,753,756
652,164,63,0.6667,0.551,0.6186,0.219,0.6667,0.6667,63,0.6667,63,1.0,4,ECL,3,5,816,819
703,176,63,0.5556,0.4843,0.7119,0.2582,0.5397,0.5484,62,0.5484,62,0.55,60,ECL,3,6,879,882
753,189,63,0.6032,0.5621,0.6701,0.2391,0.6032,0.6032,63,0.6032,63,0.5833,48,ECL,3,7,942,945
804,201,63,0.4286,0.3929,0.8188,0.3095,0.4444,0.4333,60,0.4333,60,0.3617,47,ECL,3,8,1005,1008
400,101,63,0.3968,0.4092,0.8265,0.3076,0.6349,0.5357,28,0.5357,28,0.6,5,FCX,3,0,501,504
451,113,63,0.4127,0.4942,0.9513,0.2743,0.3968,0.3966,58,0.3966,58,,0,FCX,3,1,564,567
501,126,63,0.5079,0.4995,0.781,0.2797,0.5079,0.5102,49,0.5102,49,,0,FCX,3,2,627,630
552,138,63,0.4444,0.548,0.8899,0.2482,0.4444,0.4103,39,0.6,20,0.6,20,FCX,3,3,690,693
602,151,63,0.5397,0.5587,0.7475,0.2675,0.5556,0.5833,36,0.6176,34,0.5938,32,FCX,3,4,753,756
652,164,63,0.5238,0.6123,0.6911,0.2493,0.5873,0.7333,15,0.6923,13,0.6923,13,FCX,3,5,816,819
703,176,63,0.5714,0.6377,0.6991,0.2453,0.5873,0.7778,18,0.7692,13,1.0,8,FCX,3,6,879,882
753,189,63,0.5079,0.4191,2.2284,0.3551,0.7143,0.6667,42,0.6667,42,1.0,1,FCX,3,7,942,945
804,201,63,0.4921,0.4083,0.7168,0.2616,0.4921,0.4921,63,0.4921,63,0.4286,14,FCX,3,8,1005,1008
400,101,63,0.4762,0.4379,2.4247,0.351,0.6032,0.5532,47,0.5532,47,0.5385,39,IFF,3,0,501,504
451,113,63,0.5238,0.504,0.7036,0.2551,0.5238,0.5238,63,0.5238,63,0.5455,11,IFF,3,1,564,567
501,126,63,0.5873,0.6265,0.6797,0.2429,0.5714,0.5862,58,0.5862,58,,0,IFF,3,2,627,630
552,138,63,0.4127,0.5187,1.2111,0.2946,0.381,0.3725,51,0.3725,51,0.3889,36,IFF,3,3,690,693
602,151,63,0.5397,0.5287,2.3068,0.3047,0.5079,0.5246,61,0.5294,17,0.5294,17,IFF,3,4,753,756
652,164,63,0.5714,0.5568,0.9022,0.2473,0.4603,0.75,4,1.0,2,1.0,2,IFF,3,5,816,819
703,176,63,0.4921,0.4294,0.7331,0.268,0.5079,0.5,56,0.0,4,0.0,4,IFF,3,6,879,882
753,189,63,0.4286,0.4978,0.7346,0.2694,0.6508,1.0,5,,0,,0,IFF,3,7,942,945
804,201,63,0.4762,0.4688,0.7111,0.2587,0.4921,0.4839,62,0.4688,32,,0,IFF,3,8,1005,1008
400,101,63,0.5556,0.5267,0.7014,0.2538,0.4921,0.5455,33,,0,,0,IP,3,0,501,504
451,113,63,0.4286,0.5245,1.082,0.3228,0.6349,0.6667,12,,0,,0,IP,3,1,564,567
501,126,63,0.5873,0.5057,0.6812,0.2441,0.5873,0.5873,63,,0,,0,IP,3,2,627,630
552,138,63,0.5397,0.5449,0.7161,0.2607,0.4921,0.5208,48,0.5122,41,0.5122,41,IP,3,3,690,693
602,151,63,0.5079,0.5288,0.705,0.2559,0.4762,0.4915,59,0.4915,59,,0,IP,3,4,753,756
652,164,63,0.619,0.6379,0.661,0.2343,0.5714,0.65,40,1.0,5,1.0,5,IP,3,5,816,819
703,176,63,0.4603,0.4959,0.9364,0.2625,0.4444,0.45,60,0.0,1,0.0,1,IP,3,6,879,882
753,189,63,0.5397,0.4763,2.9596,0.3137,0.6032,0.5918,49,0.5946,37,0.5946,37,IP,3,7,942,945
804,201,63,0.3175,0.5581,1.9296,0.33,0.3175,0.283,53,0.2857,49,0.4091,22,IP,3,8,1005,1008
400,101,63,0.6349,0.5844,1.1368,0.2584,0.619,0.6429,56,,0,,0,LYB,3,0,501,504
451,113,63,0.381,0.6779,0.7105,0.2584,0.3968,0.3833,60,0.5526,38,0.5526,38,LYB,3,1,564,567
501,126,63,0.3333,0.2217,2.5415,0.4047,0.381,0.1538,26,0.16,25,0.16,25,LYB,3,2,627,630
552,138,63,0.381,0.5,0.7259,0.2663,0.381,0.381,63,0.381,63,,0,LYB,3,3,690,693
602,151,63,0.6349,0.5,0.6566,0.2319,0.3651,,0,,0,,0,LYB,3,4,753,756
652,164,63,0.5397,0.5469,0.71,0.2603,0.4921,1.0,2,1.0,2,1.0,2,LYB,3,5,816,819
703,176,63,0.3492,0.3868,0.7418,0.2738,0.3968,0.3,40,0.2727,11,0.2727,11,LYB,3,6,879,882
753,189,63,0.4127,0.3119,0.7807,0.2921,0.5873,,0,,0,,0,LYB,3,7,942,945
804,201,63,0.5873,0.5758,0.6885,0.2477,0.6032,0.6667,36,,0,,0,LYB,3,8,1005,1008
400,101,63,0.5556,0.4818,3.6125,0.3828,0.619,0.6774,31,0.6923,26,0.6923,26,MLM,3,0,501,504
451,113,63,0.4286,0.5741,0.7436,0.274,0.4286,0.4286,63,0.4286,63,0.52,25,MLM,3,1,564,567
501,126,63,0.4127,0.3904,1.9018,0.3124,0.5714,0.4828,29,0.4828,29,0.4828,29,MLM,3,2,627,630
552,138,63,0.4444,0.6049,2.0563,0.2906,0.3651,0.38,50,0.5714,14,0.5714,14,MLM,3,3,690,693
602,151,63,0.4762,0.4556,1.1788,0.2748,0.4762,0.2857,7,0.2857,7,0.3333,3,MLM,3,4,753,756
652,164,63,0.4762,0.5,0.6974,0.2521,0.5238,,0,,0,,0,MLM,3,5,816,819
703,176,63,0.5079,0.5691,0.7036,0.2551,0.4921,,0,,0,,0,MLM,3,6,879,882
753,189,63,0.5079,0.5174,0.6957,0.2513,0.6349,0.6667,27,,0,,0,MLM,3,7,942,945
804,201,63,0.3651,0.5112,0.7256,0.266,0.381,0.3667,60,0.4286,35,0.4286,21,MLM,3,8,1005,1008
400,101,63,0.5238,0.5485,0.6749,0.2416,0.5238,0.6154,13,0.8571,7,0.8571,7,MOS,3,0,501,504
451,113,63,0.3968,0.4194,2.0945,0.3044,0.4444,0.3077,26,0.4,5,0.4,5,MOS,3,1,564,567
501,126,63,0.5714,0.5854,1.3766,0.2704,0.5714,0.7647,17,0.5,4,,0,MOS,3,2,627,630
552,138,63,0.5238,0.6038,0.6737,0.2413,0.5079,0.625,8,0.8,5,0.8,5,MOS,3,3,690,693
602,151,63,0.4762,0.7216,0.6581,0.2346,0.6032,1.0,5,1.0,5,1.0,5,MOS,3,4,753,756
652,164,63,0.4127,0.3864,0.8223,0.3124,0.5238,0.4333,30,0.4333,30,0.3846,26,MOS,3,5,816,819
703,176,63,0.381,0.4108,1.9329,0.3298,0.4603,0.3958,48,0.3953,43,0.3438,32,MOS,3,6,879,882
753,189,63,0.5397,0.5319,3.6406,0.3352,0.5714,0.566,53,0.566,53,0.6,35,MOS,3,7,942,945
804,201,63,0.3651,0.4853,1.667,0.3019,0.3651,0.3651,63,0.3182,22,0.4167,12,MOS,3,8,1005,1008
400,101,63,0.6349,0.5663,0.6515,0.2296,0.6349,0.6349,63,0.6349,63,0.6349,63,GOOGL,3,0,501,504
451,113,63,0.5556,0.5465,0.6914,0.2488,0.5238,0.5424,59,0.5833,12,0.5833,12,GOOGL,3,1,564,567
501,126,63,0.5714,0.4506,0.7149,0.2597,0.5714,0.5714,63,0.5714,63,0.5357,56,GOOGL,3,2,627,630
552,138,63,0.6667,0.6364,0.6266,0.2172,0.6508,0.6613,62,0.7193,57,0.7193,57,GOOGL,3,3,690,693
602,151,63,0.3492,0.5174,1.9461,0.3335,0.3968,0.3667,60,0.3667,60,0.4524,42,GOOGL,3,4,753,756
652,164,63,0.7619,0.5806,0.6309,0.221,0.7302,0.7627,59,0.8889,9,1.0,8,GOOGL,3,5,816,819
703,176,63,0.7619,0.7432,0.8878,0.2404,0.7143,0.7586,58,1.0,6,1.0,2,GOOGL,3,6,879,882
753,189,63,0.6349,0.565,0.6645,0.2355,0.5873,0.64,50,0.64,50,0.6327,49,GOOGL,3,7,942,945
804,201,63,0.5079,0.5154,2.1383,0.3236,0.5714,0.5424,59,0.5424,59,0.5424,59,GOOGL,3,8,1005,1008
400,101,63,0.5556,0.4939,0.7018,0.2541,0.5556,0.5556,63,0.5333,60,0.5333,60,T,3,0,501,504
451,113,63,0.4921,0.4707,2.6731,0.3548,0.6349,0.5952,42,0.6098,41,1.0,3,T,3,1,564,567
501,126,63,0.5397,0.3844,0.734,0.2692,0.6667,0.6444,45,0.6444,45,,0,T,3,2,627,630
552,138,63,0.6032,0.6058,0.883,0.2423,0.6032,0.6032,63,0.6032,63,0.6032,63,T,3,3,690,693
602,151,63,0.6349,0.5177,0.6532,0.2303,0.6508,0.6607,56,0.6607,56,0.7143,14,T,3,4,753,756
652,164,63,0.4921,0.4768,0.7302,0.2677,0.4762,0.4722,36,0.4722,36,0.4722,36,T,3,5,816,819
703,176,63,0.3651,0.3899,0.7565,0.2813,0.4286,0.3725,51,0.38,50,0.25,4,T,3,6,879,882
753,189,63,0.4762,0.5,0.6978,0.2523,0.4762,0.4762,63,,0,,0,T,3,7,942,945
804,201,63,0.5397,0.5,0.69,0.2484,0.4603,,0,,0,,0,T,3,8,1005,1008
400,101,63,0.4127,0.4326,4.0788,0.4152,0.3968,0.4032,62,0.3438,32,0.3548,31,CMCSA,3,0,501,504
451,113,63,0.6032,0.5,0.6758,0.2413,0.3968,,0,,0,,0,CMCSA,3,1,564,567
501,126,63,0.3333,0.5918,0.7695,0.2876,0.6667,,0,,0,,0,CMCSA,3,2,627,630
552,138,63,0.4921,0.5663,0.6558,0.2429,0.4444,0.3571,14,0.3571,14,0.3571,14,CMCSA,3,3,690,693
602,151,63,0.6032,0.7847,0.6058,0.2118,0.5556,0.5833,60,0.68,50,0.7568,37,CMCSA,3,4,753,756
652,164,63,0.5556,0.6217,1.4111,0.2826,0.4762,0.5179,56,0.5179,56,0.5179,56,CMCSA,3,5,816,819
703,176,63,0.4286,0.3495,4.3276,0.4331,0.3968,0.3962,53,0.2143,28,0.2143,28,CMCSA,3,6,879,882
753,189,63,0.5873,0.5385,1.1735,0.2732,0.619,0.6444,45,1.0,1,,0,CMCSA,3,7,942,945
804,201,63,0.5556,0.5504,2.9167,0.2928,0.3492,0.3846,26,0.6667,3,,0,CMCSA,3,8,1005,1008
400,101,63,0.4127,0.4047,1.243,0.3031,0.4921,0.4348,46,0.4444,45,0.4444,45,EA,3,0,501,504
451,113,63,0.3492,0.3716,0.754,0.28,0.5873,0.4091,22,,0,,0,EA,3,1,564,567
501,126,63,0.5397,0.513,0.935,0.2611,0.5873,0.5667,60,0.6296,27,0.6667,3,EA,3,2,627,630
552,138,63,0.5873,0.6066,0.7048,0.2562,0.4762,0.5833,24,0.6,20,0.6,20,EA,3,3,690,693
602,151,63,0.6825,0.4221,1.2022,0.2721,0.6825,0.7091,55,0.5556,27,0.5556,27,EA,3,4,753,756
652,164,63,0.5556,0.5112,0.6869,0.2469,0.5556,0.5593,59,0.5614,57,,0,EA,3,5,816,819
703,176,63,0.5238,0.4762,1.17,0.2717,0.5397,0.5333,60,0.5143,35,1.0,1,EA,3,6,879,882
753,189,63,0.3492,0.309,0.8366,0.3169,0.5079,0.3846,39,0.3846,39,0.3667,30,EA,3,7,942,945
804,201,63,0.4444,0.4359,0.7196,0.2629,0.5238,0.4688,32,0.4688,32,0.4375,16,EA,3,8,1005,1008
400,101,63,0.5397,0.5629,0.6961,0.253,0.5397,0.6087,23,0.5909,22,0.3333,3,FOXA,3,0,501,504
451,113,63,0.3333,0.5561,4.5826,0.434,0.6667,,0,,0,,0,FOXA,3,1,564,567
501,126,63,0.4603,0.4389,4.2641,0.4026,0.5238,0.4848,33,0.5714,7,0.5714,7,FOXA,3,2,627,630
552,138,63,0.6508,0.5604,0.6694,0.2382,0.6508,0.6508,63,0.8,15,,0,FOXA,3,3,690,693
602,151,63,0.5873,0.4823,0.9024,0.25,0.5873,0.5873,63,0.5873,63,0.5667,60,FOXA,3,4,753,756
652,164,63,0.5714,0.4752,0.9482,0.2673,0.5397,0.566,53,0.5577,52,0.4706,17,FOXA,3,5,816,819
703,176,63,0.6349,0.5288,0.6563,0.2317,0.6349,0.6349,63,0.6349,63,0.68,25,FOXA,3,6,879,882
753,189,63,0.5238,0.5953,0.6811,0.2442,0.5397,0.5323,62,0.625,32,0.625,32,FOXA,3,7,942,945
804,201,63,0.5714,0.6101,0.6789,0.243,0.5714,0.5738,61,0.587,46,0.587,46,FOXA,3,8,1005,1008
400,101,63,0.5397,0.5208,0.7228,0.2592,0.5397,0.5556,45,0.56,25,0.56,25,FOX,3,0,501,504
451,113,63,0.3651,0.5349,0.8334,0.3171,0.6825,1.0,3,,0,,0,FOX,3,1,564,567
501,126,63,0.4762,0.5077,0.7131,0.2598,0.5714,0.5319,47,0.5319,47,,0,FOX,3,2,627,630
552,138,63,0.6032,0.5489,0.6517,0.2307,0.6349,0.623,61,0.623,61,0.8889,9,FOX,3,3,690,693
602,151,63,0.6349,0.5217,0.7444,0.254,0.6349,0.6349,63,0.6349,63,0.65,20,FOX,3,4,753,756
652,164,63,0.5556,0.4679,0.6954,0.251,0.5556,0.5556,63,0.5424,59,0.5455,11,FOX,3,5,816,819
703,176,63,0.5873,0.4844,0.6747,0.2422,0.5873,0.5873,63,0.5873,63,0.5,6,FOX,3,6,879,882
753,189,63,0.5079,0.6482,1.8603,0.2975,0.5079,0.5079,63,0.5079,63,0.5833,48,FOX,3,7,942,945
804,201,63,0.5714,0.5864,0.6736,0.2404,0.5714,0.5714,63,0.5714,63,0.7,20,FOX,3,8,1005,1008
400,101,63,0.5873,0.4974,0.6839,0.2454,0.5873,0.5873,63,0.5854,41,,0,LYV,3,0,501,504
451,113,63,0.4603,0.454,0.7242,0.2653,0.4762,0.4091,22,0.4091,22,0.4167,12,LYV,3,1,564,567
501,126,63,0.3175,0.4641,0.7261,0.2664,0.746,0.6667,12,0.7,10,1.0,1,LYV,3,2,627,630
552,138,63,0.6032,0.5293,1.1429,0.2582,0.6349,0.6271,59,0.6579,38,1.0,1,LYV,3,3,690,693
602,151,63,0.4921,0.5842,0.9762,0.2859,0.4921,0.4921,63,0.4921,63,0.5094,53,LYV,3,4,753,756
652,164,63,0.5238,0.4318,0.7052,0.2559,0.5238,0.5238,63,0.5238,63,0.4737,38,LYV,3,5,816,819
703,176,63,0.4921,0.5294,0.6764,0.2433,0.4603,0.4754,61,,0,,0,LYV,3,6,879,882
753,189,63,0.5079,0.4425,0.6986,0.2527,0.5079,0.5079,63,0.5079,63,,0,LYV,3,7,942,945
804,201,63,0.5079,0.5026,0.6601,0.2381,0.5714,0.549,51,0.75,4,1.0,3,LYV,3,8,1005,1008
400,101,63,0.4444,0.4189,2.4037,0.3389,0.4444,0.4444,63,0.4444,63,0.2,10,NWSA,3,0,501,504
451,113,63,0.6032,0.5546,0.6723,0.2411,0.5556,0.5926,54,,0,,0,NWSA,3,1,564,567
501,126,63,0.5238,0.5222,0.9627,0.2664,0.4921,0.5098,51,,0,,0,NWSA,3,2,627,630
552,138,63,0.5556,0.5363,1.121,0.2534,0.5079,0.5357,56,,0,,0,NWSA,3,3,690,693
602,151,63,0.3968,0.5,0.6946,0.2507,0.6032,,0,,0,,0,NWSA,3,4,753,756
652,164,63,0.5397,0.5051,0.7039,0.254,0.5397,0.5424,59,,0,,0,NWSA,3,5,816,819
703,176,63,0.4286,0.4239,1.2263,0.3,0.4286,0.4286,63,0.4286,63,0.3636,44,NWSA,3,6,879,882
753,189,63,0.5556,0.5399,0.6925,0.2493,0.5238,0.541,61,0.541,61,0.5714,7,NWSA,3,7,942,945
804,201,63,0.6032,0.5165,0.6854,0.2459,0.5714,0.5902,61,0.5,10,0.0,3,NWSA,3,8,1005,1008
400,101,63,0.4444,0.5571,3.0291,0.3388,0.4286,0.4355,62,0.4706,51,0.4762,21,NWS,3,0,501,504
451,113,63,0.3968,0.42,0.8032,0.3025,0.5873,0.4839,31,0.4839,31,0.5,8,NWS,3,1,564,567
501,126,63,0.5079,0.5,0.6931,0.25,0.5079,0.5079,63,,0,,0,NWS,3,2,627,630
552,138,63,0.5238,0.4793,0.6994,0.2531,0.5079,0.5263,38,0.3,10,,0,NWS,3,3,690,693
602,151,63,0.5873,0.5,0.692,0.2494,0.5873,0.5873,63,,0,,0,NWS,3,4,753,756
652,164,63,0.5873,0.5645,0.6763,0.2417,0.5079,0.5517,58,0.5333,30,,0,NWS,3,5,816,819
703,176,63,0.4921,0.3427,0.7644,0.2841,0.4921,0.4912,57,0.451,51,0.4222,45,NWS,3,6,879,882
753,189,63,0.4127,0.4617,1.0055,0.2955,0.5079,0.4528,53,0.5,30,0.5,30,NWS,3,7,942,945
804,201,63,0.619,0.5495,0.6648,0.2359,0.6032,0.6296,54,0.6296,54,,0,NWS,3,8,1005,1008
400,101,63,0.5714,0.5679,0.6735,0.2403,0.5714,0.5714,63,0.6111,54,0.6111,54,OMC,3,0,501,504
451,113,63,0.4921,0.5363,0.7161,0.2616,0.4921,0.4921,63,0.4918,61,0.4918,61,OMC,3,1,564,567
501,126,63,0.5397,0.5715,0.6996,0.2528,0.6508,0.75,24,0.75,24,0.75,24,OMC,3,2,627,630
552,138,63,0.3968,0.4121,0.8673,0.3137,0.3968,0.3968,63,0.3478,46,0.3478,46,OMC,3,3,690,693
602,151,63,0.619,0.6419,0.9893,0.2794,0.4762,0.575,40,0.575,40,0.5758,33,OMC,3,4,753,756
652,164,63,0.5873,0.6567,0.6615,0.2346,0.4603,0.5714,21,1.0,2,,0,OMC,3,5,816,819
703,176,63,0.5079,0.451,0.7101,0.2582,0.5238,0.5161,62,0.375,8,0.4286,7,OMC,3,6,879,882
753,189,63,0.4762,0.4536,0.7093,0.258,0.5079,0.4815,27,0.45,20,,0,OMC,3,7,942,945
804,201,63,0.4286,0.4388,0.9931,0.2864,0.4444,0.4333,60,0.3,10,0.3,10,OMC,3,8,1005,1008
400,101,63,0.381,0.4469,0.9661,0.2789,0.4444,0.3333,33,0.3333,33,0.3333,33,ACN,3,0,501,504
451,113,63,0.4603,0.5264,1.0029,0.3631,0.4603,0.4603,63,0.46,50,0.4694,49,ACN,3,1,564,567
501,126,63,0.3333,0.4119,1.2859,0.3215,0.6508,0.3333,3,0.3333,3,0.5,2,ACN,3,2,627,630
552,138,63,0.6032,0.4337,0.7068,0.255,0.6032,0.6032,63,0.2,5,0.2,5,ACN,3,3,690,693
602,151,63,0.4921,0.5,0.7123,0.2594,0.4921,0.4921,63,0.4921,63,,0,ACN,3,4,753,756
652,164,63,0.4921,0.5263,0.8755,0.2427,0.3968,0.4364,55,0.1667,6,,0,ACN,3,5,816,819
703,176,63,0.5238,0.5,0.7033,0.2549,0.5238,0.5238,63,0.5238,63,,0,ACN,3,6,879,882
753,189,63,0.5238,0.5536,0.6793,0.2432,0.5556,0.6316,19,0.6923,13,0.6923,13,ACN,3,7,942,945
804,201,63,0.4286,0.4076,0.7567,0.2792,0.4762,0.3846,26,0.3846,26,0.3846,26,ACN,3,8,1005,1008
400,101,63,0.381,0.5994,7.2385,0.501,0.381,0.381,63,0.44,50,0.44,50,ADBE,3,0,501,504
451,113,63,0.5238,0.5,0.6921,0.2495,0.4762,,0,,0,,0,ADBE,3,1,564,567
501,126,63,0.4921,0.4237,0.863,0.3147,0.4762,0.4375,16,,0,,0,ADBE,3,2,627,630
552,138,63,0.4444,0.4511,0.6984,0.2526,0.4921,0.4655,58,,0,,0,ADBE,3,3,690,693
602,151,63,0.619,0.6608,0.6001,0.2151,0.5397,1.0,10,1.0,9,1.0,9,ADBE,3,4,753,756
652,164,63,0.5238,0.4747,0.713,0.259,0.3968,0.2222,9,0.1667,6,0.1667,6,ADBE,3,5,816,819
703,176,63,0.6032,0.6255,0.6925,0.2487,0.4444,0.5319,47,0.5319,47,0.5319,47,ADBE,3,6,879,882
753,189,63,0.5238,0.5779,0.7023,0.2544,0.3968,0.4468,47,0.4468,47,,0,ADBE,3,7,942,945
804,201,63,0.6032,0.6324,0.9054,0.2475,0.4603,0.7,10,0.7,10,0.7,10,ADBE,3,8,1005,1008
400,101,63,0.3968,0.5721,1.0066,0.2983,0.3968,0.3968,63,0.3968,63,0.3968,63,AKAM,3,0,501,504
451,113,63,0.5238,0.5318,0.6991,0.2529,0.5238,0.5238,63,0.5435,46,0.5435,46,AKAM,3,1,564,567
501,126,63,0.4286,0.3719,5.8985,0.4665,0.5556,0.4762,21,,0,,0,AKAM,3,2,627,630
552,138,63,0.5238,0.5,0.6934,0.2501,0.5397,0.5323,62,1.0,1,1.0,1,AKAM,3,3,690,693
602,151,63,0.5873,0.592,0.67,0.2386,0.5873,0.5873,63,0.5873,63,0.6458,48,AKAM,3,4,753,756
652,164,63,0.4921,0.4874,3.2627,0.3481,0.4921,0.4921,63,0.5,50,0.5,50,AKAM,3,5,816,819
703,176,63,0.5079,0.5136,0.7239,0.2592,0.5079,0.5079,63,0.5079,63,0.6,5,AKAM,3,6,879,882
753,189,63,0.4444,0.4907,0.6934,0.2502,0.5714,0.5217,23,0.625,16,,0,AKAM,3,7,942,945
804,201,63,0.3651,0.4326,0.7055,0.2562,0.6032,0.4,10,0.4,10,,0,AKAM,3,8,1005,1008
400,101,63,0.6349,0.5375,0.6572,0.2322,0.6349,0.6349,63,0.6349,63,0.6349,63,APH,3,0,501,504
451,113,63,0.6349,0.4277,0.6924,0.2468,0.6349,0.6349,63,0.6349,63,0.6349,63,APH,3,1,564,567
501,126,63,0.619,0.5016,0.6689,0.238,0.619,0.619,63,0.6154,26,0.7,10,APH,3,2,627,630
552,138,63,0.5079,0.5177,0.7227,0.2652,0.5238,0.5167,60,0.5167,60,0.5167,60,APH,3,3,690,693
602,151,63,0.5079,0.2923,3.0945,0.3615,0.5079,0.5079,63,0.5079,63,0.4259,54,APH,3,4,753,756
652,164,63,0.619,0.4188,1.2476,0.3017,0.7619,0.74,50,,0,,0,APH,3,5,816,819
703,176,63,0.6032,0.5,0.6717,0.2394,0.6032,0.6032,63,0.6032,63,0.6032,63,APH,3,6,879,882
753,189,63,0.4921,0.5,0.7245,0.2653,0.4921,0.4921,63,0.4921,63,0.4921,63,APH,3,7,942,945
804,201,63,0.5556,0.6097,0.9194,0.2565,0.5556,0.5556,63,0.5556,63,0.5556,63,APH,3,8,1005,1008
400,101,63,0.4762,0.6672,0.6838,0.2456,0.5238,,0,,0,,0,ADI,3,0,501,504
451,113,63,0.4921,0.555,3.7333,0.3702,0.5714,0.7,10,1.0,1,1.0,1,ADI,3,1,564,567
501,126,63,0.5079,0.6481,0.883,0.242,0.5397,1.0,3,1.0,3,1.0,1,ADI,3,2,627,630
552,138,63,0.4921,0.6719,0.6847,0.2459,0.4921,0.4921,63,0.6286,35,0.6286,35,ADI,3,3,690,693
602,151,63,0.5714,0.5606,2.326,0.309,0.4762,0.5273,55,0.5385,52,0.4615,26,ADI,3,4,753,756
652,164,63,0.4921,0.5122,0.7212,0.2672,0.5556,0.5714,21,1.0,3,1.0,3,ADI,3,5,816,819
703,176,63,0.5714,0.6101,0.672,0.2414,0.4286,0.5,42,0.4872,39,0.7143,7,ADI,3,6,879,882
753,189,63,0.5556,0.5865,0.7352,0.27,0.6508,0.76,25,1.0,2,1.0,2,ADI,3,7,942,945
804,201,63,0.6825,0.4488,0.666,0.2365,0.6825,0.6825,63,,0,,0,ADI,3,8,1005,1008
400,101,63,0.4127,0.473,0.7843,0.2902,0.4127,0.4127,63,0.381,21,0.381,21,CDNS,3,0,501,504
451,113,63,0.5079,0.5,0.6931,0.25,0.5079,0.5079,63,,0,,0,CDNS,3,1,564,567
501,126,63,0.4444,0.4359,0.7195,0.2631,0.5238,0.4762,42,0.475,40,,0,CDNS,3,2,627,630
552,138,63,0.5238,0.7116,0.7188,0.2601,0.6032,0.8333,12,0.5,2,0.5,2,CDNS,3,3,690,693
602,151,63,0.5397,0.4798,0.7003,0.2534,0.5079,0.5306,49,0.5208,48,0.75,4,CDNS,3,4,753,756
652,164,63,0.5714,0.5624,0.9245,0.3139,0.5873,0.6316,38,0.6316,38,0.6842,19,CDNS,3,5,816,819
703,176,63,0.5079,0.5489,0.9447,0.2695,0.3968,0.4375,48,0.4255,47,,0,CDNS,3,6,879,882
753,189,63,0.4286,0.4554,0.7257,0.2661,0.4603,0.434,53,0.434,53,0.5,2,CDNS,3,7,942,945
804,201,63,0.4762,0.4172,0.9361,0.2652,0.5714,0.5333,45,0.6667,3,0.6667,3,CDNS,3,8,1005,1008
400,101,63,0.5556,0.5172,0.6893,0.2481,0.5397,0.5484,62,,0,,0,CDW,3,0,501,504
451,113,63,0.5556,0.5581,0.6733,0.2418,0.5238,0.541,61,0.541,61,0.6667,3,CDW,3,1,564,567
501,126,63,0.4603,0.4923,0.7034,0.2549,0.5556,0.5455,11,0.4,5,0.4,5,CDW,3,2,627,630
552,138,63,0.5714,0.5,0.6837,0.2453,0.5714,0.5714,63,0.5714,63,,0,CDW,3,3,690,693
602,151,63,0.4444,0.4748,0.9231,0.258,0.4286,0.4333,60,0.0,1,,0,CDW,3,4,753,756
652,164,63,0.5873,0.5405,0.6786,0.2429,0.4127,,0,,0,,0,CDW,3,5,816,819
703,176,63,0.4286,0.5,1.6302,0.2866,0.4286,0.4286,63,0.4286,7,0.4286,7,CDW,3,6,879,882
753,189,63,0.5556,0.5668,0.6835,0.2452,0.4444,,0,,0,,0,CDW,3,7,942,945
804,201,63,0.5079,0.4556,0.6983,0.2525,0.4921,,0,,0,,0,CDW,3,8,1005,1008
400,101,63,0.5556,0.5534,2.7311,0.3057,0.4921,0.5366,41,0.5366,41,,0,CIEN,3,0,501,504
451,113,63,0.5556,0.525,0.6884,0.2476,0.5556,0.5556,63,0.5556,63,,0,CIEN,3,1,564,567
501,126,63,0.381,0.3525,0.8268,0.3135,0.6508,0.6667,6,0.6,5,0.6,5,CIEN,3,2,627,630
552,138,63,0.5397,0.5242,0.7244,0.2612,0.5714,0.5574,61,0.5574,61,0.5593,59,CIEN,3,3,690,693
602,151,63,0.4762,0.5182,0.7006,0.2537,0.4762,0.4762,63,0.6667,3,0.6667,3,CIEN,3,4,753,756
652,164,63,0.6825,0.5359,0.8828,0.2418,0.6349,0.6724,58,,0,,0,CIEN,3,5,816,819
703,176,63,0.7937,0.5022,0.6267,0.2173,0.7778,0.7903,62,0.7903,62,,0,CIEN,3,6,879,882
753,189,63,0.5714,0.5931,0.6768,0.2419,0.5714,0.5714,63,0.5932,59,0.6034,58,CIEN,3,7,942,945
804,201,63,0.7619,0.5375,0.5832,0.1953,0.7619,0.7619,63,0.7619,63,0.7755,49,CIEN,3,8,1005,1008
400,101,63,0.5238,0.5449,0.7013,0.2539,0.4762,0.5,26,0.5,26,0.5,26,CSCO,3,0,501,504
451,113,63,0.5238,0.5431,0.7237,0.2648,0.4603,0.4912,57,0.4821,56,0.4821,56,CSCO,3,1,564,567
501,126,63,0.381,0.5576,7.3216,0.5357,0.6349,0.6,5,,0,,0,CSCO,3,2,627,630
552,138,63,0.4127,0.5125,0.7057,0.2552,0.5873,,0,,0,,0,CSCO,3,3,690,693
602,151,63,0.5238,0.4954,0.709,0.2575,0.5397,0.5417,48,0.5319,47,,0,CSCO,3,4,753,756
652,164,63,0.5556,0.5139,1.147,0.2618,0.5714,0.569,58,0.5636,55,0.6667,9,CSCO,3,5,816,819
703,176,63,0.5397,0.5612,0.6836,0.2454,0.5714,0.5574,61,0.5614,57,0.8,10,CSCO,3,6,879,882
753,189,63,0.5556,0.4459,0.9513,0.2686,0.5556,0.5556,63,0.5556,63,0.45,20,CSCO,3,7,942,945
804,201,63,0.619,0.5198,0.6684,0.2377,0.619,0.619,63,0.6327,49,,0,CSCO,3,8,1005,1008
400,101,63,0.2857,0.4944,0.7786,0.2922,0.2857,0.2857,63,0.2826,46,0.2826,46,CTSH,3,0,501,504
451,113,63,0.4286,0.4902,0.7083,0.2575,0.5714,,0,,0,,0,CTSH,3,1,564,567
501,126,63,0.4921,0.5096,2.5529,0.3193,0.5079,,0,,0,,0,CTSH,3,2,627,630
552,138,63,0.5238,0.4103,0.7303,0.2678,0.619,0.5918,49,0.5,2,,0,CTSH,3,3,690,693
602,151,63,0.4921,0.4869,0.7022,0.2544,0.4921,0.4921,63,0.4545,11,0.4545,11,CTSH,3,4,753,756
652,164,63,0.5397,0.5,0.6927,0.2498,0.4603,,0,,0,,0,CTSH,3,5,816,819
703,176,63,0.5238,0.4253,6.0575,0.452,0.5238,0.5246,61,0.4912,57,0.4912,57,CTSH,3,6,879,882
753,189,63,0.5397,0.6384,0.7332,0.2697,0.5714,0.6667,21,1.0,1,1.0,1,CTSH,3,7,942,945
804,201,63,0.3492,0.3991,3.6291,0.411,0.3492,0.3492,63,0.3492,63,0.3492,63,CTSH,3,8,1005,1008
400,101,63,0.4603,0.4853,0.9463,0.2675,0.4603,0.4603,63,0.0,1,0.0,1,COHR,3,0,501,504
451,113,63,0.4127,0.447,0.7363,0.2713,0.4127,0.4127,63,0.3636,33,0.3636,33,COHR,3,1,564,567
501,126,63,0.3333,0.4229,0.7211,0.2638,0.6667,,0,,0,,0,COHR,3,2,627,630
552,138,63,0.6508,0.5,0.6805,0.2437,0.6508,0.6508,63,,0,,0,COHR,3,3,690,693
602,151,63,0.6032,0.5063,0.6726,0.2398,0.6032,0.6032,63,0.6032,63,0.6032,63,COHR,3,4,753,756
652,164,63,0.6667,0.5,0.6398,0.2237,0.6667,0.6667,63,0.6667,63,0.6667,63,COHR,3,5,816,819
