n_train,n_calib,n_test,accuracy,roc_auc,log_loss,brier,pos_rate,buy_hit_50,buy_n_50,buy_hit_55,buy_n_55,buy_hit_60,buy_n_60,ticker,horizon,fold,train_end_idx,test_start_idx
400,101,63,0.3968,0.4913,1.8399,0.2922,0.4444,0.381,42,0.5882,17,0.5882,17,AAPL,3,0,501,504
451,113,63,0.3968,0.4881,0.9671,0.2778,0.6667,0.6667,12,0.6364,11,,0,AAPL,3,1,564,567
501,126,63,0.3492,0.3168,4.1808,0.4473,0.619,0.4722,36,,0,,0,AAPL,3,2,627,630
552,138,63,0.6032,0.4805,0.6772,0.2419,0.6032,0.6032,63,0.6032,63,0.6032,63,AAPL,3,3,690,693
602,151,63,0.5397,0.6592,0.6871,0.2472,0.5397,0.5397,63,0.5397,63,0.6667,30,AAPL,3,4,753,756
652,164,63,0.5714,0.4812,0.7034,0.2542,0.5397,0.5574,61,0.5593,59,0.2857,7,AAPL,3,5,816,819
703,176,63,0.381,0.5,0.7038,0.2553,0.619,,0,,0,,0,AAPL,3,6,879,882
753,189,63,0.4921,0.5167,0.7032,0.255,0.4762,0.45,20,0.45,20,,0,AAPL,3,7,942,945
804,201,63,0.5079,0.5547,1.9344,0.3151,0.6032,0.6296,27,0.6154,26,,0,AAPL,3,8,1005,1008
400,101,63,0.5873,0.5442,0.6831,0.245,0.5873,0.5873,63,1.0,1,1.0,1,ABNB,3,0,501,504
451,113,63,0.4444,0.5347,1.785,0.3491,0.4444,0.4444,63,0.4655,58,0.4655,58,ABNB,3,1,564,567
501,126,63,0.6032,0.6084,0.6794,0.2428,0.6032,0.6032,63,0.6032,63,0.6032,63,ABNB,3,2,627,630
552,138,63,0.5079,0.5122,0.7101,0.2582,0.4444,0.4634,41,0.4722,36,0.3333,12,ABNB,3,3,690,693
602,151,63,0.5873,0.5899,0.897,0.2474,0.4762,0.7,10,0.75,4,,0,ABNB,3,4,753,756
652,164,63,0.5238,0.5117,1.1753,0.2724,0.5397,0.75,8,0.8333,6,0.8333,6,ABNB,3,5,816,819
703,176,63,0.4444,0.3342,0.8145,0.3054,0.4444,0.3333,21,0.3333,21,0.3333,21,ABNB,3,6,879,882
753,189,63,0.5079,0.5617,0.6862,0.2468,0.5714,0.619,21,1.0,1,1.0,1,ABNB,3,7,942,945
804,201,63,0.5556,0.5413,0.6893,0.2481,0.5556,0.5556,63,,0,,0,ABNB,3,8,1005,1008
400,101,63,0.3968,0.4779,0.7794,0.2914,0.3968,0.3968,63,0.381,42,0.381,42,ABT,3,0,501,504
451,113,63,0.5238,0.6121,6.3228,0.4624,0.4603,0.4912,57,0.4909,55,0.4909,55,ABT,3,1,564,567
501,126,63,0.4603,0.5873,0.7759,0.2869,0.5873,0.8,5,0.8,5,,0,ABT,3,2,627,630
552,138,63,0.5397,0.4843,1.4255,0.2902,0.4603,,0,,0,,0,ABT,3,3,690,693
602,151,63,0.3968,0.4426,0.7208,0.2637,0.6032,,0,,0,,0,ABT,3,4,753,756
652,164,63,0.5714,0.604,0.6815,0.2442,0.5238,0.5938,32,0.6429,28,,0,ABT,3,5,816,819
703,176,63,0.5238,0.4768,0.7041,0.2553,0.4762,0.5,46,0.5,46,,0,ABT,3,6,879,882
753,189,63,0.5556,0.5556,1.8332,0.2836,0.4444,0.5,20,0.5263,19,0.5455,11,ABT,3,7,942,945
804,201,63,0.2857,0.4282,0.7656,0.2858,0.3016,0.2903,62,0.3091,55,0.2308,13,ABT,3,8,1005,1008
400,101,63,0.3651,0.4253,0.8033,0.3024,0.3968,0.3529,51,0.3529,51,0.3529,51,ADSK,3,0,501,504
451,113,63,0.5873,0.5684,0.6625,0.2384,0.5714,0.5806,62,0.8333,6,0.8,5,ADSK,3,1,564,567
501,126,63,0.3016,0.4276,8.7479,0.6489,0.6984,0.5,2,0.5,2,,0,ADSK,3,2,627,630
552,138,63,0.5714,0.5,0.6832,0.245,0.5714,0.5714,63,0.5714,63,,0,ADSK,3,3,690,693
602,151,63,0.5079,0.5857,0.7263,0.265,0.5079,0.5079,63,0.5079,63,0.5814,43,ADSK,3,4,753,756
652,164,63,0.619,0.5759,0.6714,0.2392,0.619,0.619,63,0.75,4,0.75,4,ADSK,3,5,816,819
703,176,63,0.4921,0.4667,0.7568,0.2804,0.4921,0.4921,63,0.4921,63,0.4655,58,ADSK,3,6,879,882
753,189,63,0.3175,0.4924,0.7671,0.2862,0.3175,0.3175,63,0.3167,60,0.3,10,ADSK,3,7,942,945
804,201,63,0.4444,0.5286,0.6976,0.2522,0.4444,0.4444,63,,0,,0,ADSK,3,8,1005,1008
400,101,63,0.6349,0.672,0.6543,0.2315,0.4127,0.5556,27,,0,,0,AI,3,0,501,504
451,113,63,0.5079,0.5045,0.7227,0.2641,0.4921,0.5,18,0.5,18,,0,AI,3,1,564,567
501,126,63,0.5079,0.6313,0.6936,0.2502,0.5397,1.0,3,1.0,3,1.0,3,AI,3,2,627,630
552,138,63,0.5714,0.6199,4.8398,0.3896,0.5556,0.8333,12,,0,,0,AI,3,3,690,693
602,151,63,0.6667,0.6886,0.6383,0.2246,0.3651,0.75,4,1.0,3,1.0,3,AI,3,4,753,756
652,164,63,0.4603,0.4864,0.7223,0.2599,0.5079,0.25,4,0.5,2,1.0,1,AI,3,5,816,819
703,176,63,0.4603,0.5147,8.3671,0.5304,0.4603,0.4603,63,0.4603,63,0.4603,63,AI,3,6,879,882
753,189,63,0.4762,0.6821,0.734,0.2617,0.3968,0.431,58,0.56,25,0.56,25,AI,3,7,942,945
804,201,63,0.4603,0.6346,0.7214,0.261,0.4127,0.4259,54,0.4231,52,0.5833,24,AI,3,8,1005,1008
400,101,63,0.4444,0.551,1.6287,0.2862,0.5556,0.5,2,0.0,1,0.0,1,ALK,3,0,501,504
451,113,63,0.3492,0.4288,0.7272,0.2669,0.3651,0.32,50,0.3333,9,,0,ALK,3,1,564,567
501,126,63,0.3016,0.5361,0.7193,0.263,0.7619,0.75,8,,0,,0,ALK,3,2,627,630
552,138,63,0.7143,0.5,0.6615,0.2342,0.7143,0.7143,63,,0,,0,ALK,3,3,690,693
602,151,63,0.4762,0.5,0.7359,0.2708,0.4762,0.4762,63,0.4762,63,0.4762,63,ALK,3,4,753,756
652,164,63,0.5079,0.5,0.7123,0.2592,0.5079,0.5079,63,0.5079,63,0.5,24,ALK,3,5,816,819
703,176,63,0.4127,0.5,0.7078,0.2573,0.4127,0.4127,63,,0,,0,ALK,3,6,879,882
753,189,63,0.4444,0.5743,0.6933,0.2501,0.5873,0.6,10,,0,,0,ALK,3,7,942,945
804,201,63,0.4127,0.5068,0.7414,0.2733,0.4127,0.3962,53,0.4545,22,0.4545,22,ALK,3,8,1005,1008
400,101,63,0.4603,0.499,0.7298,0.267,0.4603,0.4603,63,0.4603,63,0.4286,7,AMD,3,0,501,504
451,113,63,0.4127,0.4429,2.1321,0.3217,0.4762,0.4286,49,0.4348,46,0.425,40,AMD,3,1,564,567
501,126,63,0.4444,0.5393,1.1777,0.274,0.5079,0.2857,7,0.0,2,0.0,2,AMD,3,2,627,630
552,138,63,0.4444,0.4964,0.6991,0.253,0.4444,0.4444,63,,0,,0,AMD,3,3,690,693
602,151,63,0.3333,0.3589,0.7173,0.262,0.6032,0.4375,32,,0,,0,AMD,3,4,753,756
652,164,63,0.746,0.6951,0.8631,0.2301,0.6349,0.7609,46,,0,,0,AMD,3,5,816,819
703,176,63,0.619,0.5894,3.9009,0.3462,0.5873,0.697,33,0.697,33,,0,AMD,3,6,879,882
753,189,63,0.5714,0.5849,0.6889,0.2506,0.5714,0.6957,23,0.6818,22,0.65,20,AMD,3,7,942,945
804,201,63,0.4762,0.3253,0.7343,0.2694,0.7143,0.625,48,0.625,48,0.5714,7,AMD,3,8,1005,1008
400,101,63,0.4921,0.559,0.732,0.2684,0.5079,,0,,0,,0,AMPX,3,0,501,504
451,113,63,0.6508,0.5676,0.6301,0.2232,0.3492,,0,,0,,0,AMPX,3,1,564,567
501,126,63,0.381,0.7047,2.3886,0.3461,0.6825,1.0,4,1.0,1,1.0,1,AMPX,3,2,627,630
552,138,63,0.4127,0.4476,1.2537,0.3083,0.5079,0.4528,53,0.4615,52,,0,AMPX,3,3,690,693
602,151,63,0.4921,0.4335,0.7148,0.2607,0.4921,0.4921,63,0.4839,62,,0,AMPX,3,4,753,756
652,164,63,0.619,0.524,0.6702,0.2386,0.619,0.619,63,0.6279,43,0.75,4,AMPX,3,5,816,819
400,101,63,0.5873,0.5572,0.675,0.2412,0.5873,0.5873,63,0.75,8,1.0,2,AMZN,3,0,501,504
451,113,63,0.5873,0.5653,0.7301,0.2637,0.4286,0.5185,27,0.2727,11,0.2,5,AMZN,3,1,564,567
501,126,63,0.6984,0.64,1.5381,0.2375,0.619,0.6724,58,0.6724,58,0.6957,46,AMZN,3,2,627,630
552,138,63,0.6508,0.5071,0.6963,0.2496,0.6349,0.6552,58,0.6364,11,0.6364,11,AMZN,3,3,690,693
602,151,63,0.3016,0.4988,1.1163,0.4279,0.3016,0.3016,63,0.2963,54,0.3019,53,AMZN,3,4,753,756
652,164,63,0.5714,0.6247,0.6655,0.2393,0.5873,0.7083,24,,0,,0,AMZN,3,5,816,819
703,176,63,0.5714,0.4877,0.6882,0.2475,0.5714,0.5738,61,,0,,0,AMZN,3,6,879,882
753,189,63,0.6349,0.6517,0.6642,0.2357,0.4286,0.5714,28,,0,,0,AMZN,3,7,942,945
804,201,63,0.5397,0.4766,2.5587,0.319,0.6349,0.6279,43,0.56,25,0.619,21,AMZN,3,8,1005,1008
400,101,63,0.4921,0.5479,0.8524,0.3166,0.4921,0.4921,63,0.4921,63,0.5088,57,APLD,3,0,501,504
451,113,63,0.619,0.5,0.6683,0.2376,0.619,0.619,63,0.619,63,,0,APLD,3,1,564,567
501,126,63,0.5556,0.5706,1.5688,0.2673,0.4921,0.5349,43,0.5349,43,1.0,1,APLD,3,2,627,630
552,138,63,0.5238,0.5994,0.9194,0.2542,0.5397,0.5323,62,0.6667,27,0.6667,27,APLD,3,3,690,693
602,151,63,0.5238,0.5988,0.9013,0.2495,0.4921,0.5085,59,,0,,0,APLD,3,4,753,756
652,164,63,0.6032,0.609,0.6593,0.2348,0.5397,0.5957,47,0.65,20,0.65,20,APLD,3,5,816,819
703,176,63,0.4921,0.4435,0.7836,0.2917,0.6508,0.68,25,0.68,25,,0,APLD,3,6,879,882
753,189,63,0.5079,0.5156,0.6944,0.2506,0.5079,0.5079,63,1.0,1,,0,APLD,3,7,942,945
804,201,63,0.5714,0.5612,0.6763,0.2417,0.5714,0.5714,63,0.6842,19,0.75,4,APLD,3,8,1005,1008
400,101,63,0.5714,0.6244,4.6706,0.4015,0.3175,0.4,35,0.4,30,0.4,30,ARM,3,0,501,504
451,113,63,0.381,0.3773,1.0366,0.3091,0.5873,0.4615,26,0.4615,26,0.44,25,ARM,3,1,564,567
400,101,63,0.6032,0.5985,0.6831,0.2448,0.4762,0.6667,15,0.8182,11,,0,ASAN,3,0,501,504
451,113,63,0.6032,0.5574,1.1566,0.2628,0.3968,0.5,20,0.5,14,0.5,14,ASAN,3,1,564,567
501,126,63,0.5714,0.5076,0.9655,0.2765,0.5397,0.6667,21,0.75,8,0.75,8,ASAN,3,2,627,630
552,138,63,0.5714,0.6866,2.777,0.3215,0.5873,1.0,10,1.0,5,1.0,2,ASAN,3,3,690,693
602,151,63,0.5556,0.5924,0.6666,0.2398,0.5238,0.5532,47,0.7273,11,0.7273,11,ASAN,3,4,753,756
652,164,63,0.4762,0.4682,0.7163,0.2614,0.4921,0.4839,62,0.4839,62,0.6,5,ASAN,3,5,816,819
703,176,63,0.4921,0.5843,1.1728,0.2731,0.4762,0.4839,62,0.4839,62,0.5526,38,ASAN,3,6,879,882
753,189,63,0.3968,0.4943,0.746,0.2752,0.4127,0.3929,56,0.4286,28,0.4286,28,ASAN,3,7,942,945
804,201,63,0.5238,0.4771,2.5861,0.3302,0.4127,0.3571,14,0.3571,14,0.3571,14,ASAN,3,8,1005,1008
400,101,63,0.4444,0.5214,0.7526,0.2621,0.4444,0.3478,23,0.3478,23,0.5,2,ASTS,3,0,501,504
451,113,63,0.381,0.5629,1.2788,0.4555,0.6667,1.0,3,1.0,1,1.0,1,ASTS,3,1,564,567
501,126,63,0.5556,0.5765,0.6738,0.2418,0.4444,0.5,32,0.5,32,,0,ASTS,3,2,627,630
552,138,63,0.6825,0.66,0.6426,0.2301,0.3968,0.5714,35,0.5484,31,0.5484,31,ASTS,3,3,690,693
602,151,63,0.5873,0.6066,0.6701,0.2429,0.4444,0.5263,38,0.5263,38,0.4286,7,ASTS,3,4,753,756
652,164,63,0.3016,0.2808,3.1888,0.4072,0.5238,0.2609,23,0.2609,23,,0,ASTS,3,5,816,819
703,176,63,0.5079,0.5146,0.7139,0.2618,0.5238,0.625,8,0.0,3,0.0,3,ASTS,3,6,879,882
753,189,63,0.5556,0.5,0.688,0.2474,0.5556,0.5556,63,,0,,0,ASTS,3,7,942,945
804,201,63,0.3492,0.4783,0.7308,0.2688,0.3651,0.3548,62,0.3548,62,,0,ASTS,3,8,1005,1008
400,101,63,0.4127,0.4815,0.7227,0.2647,0.5714,0.0,1,,0,,0,AXP,3,0,501,504
451,113,63,0.5397,0.5637,1.1484,0.2667,0.6032,0.6216,37,0.6216,37,,0,AXP,3,1,564,567
501,126,63,0.6667,0.7402,1.7163,0.2313,0.6349,0.7436,39,0.7632,38,0.7632,38,AXP,3,2,627,630
552,138,63,0.6032,0.5868,1.8776,0.2903,0.5873,0.5968,62,0.5968,62,0.6512,43,AXP,3,3,690,693
602,151,63,0.4921,0.5806,1.6782,0.3079,0.4921,0.4921,63,0.4921,63,0.5082,61,AXP,3,4,753,756
652,164,63,0.6032,0.5737,0.667,0.2371,0.6032,0.6032,63,0.6032,63,0.75,16,AXP,3,5,816,819
703,176,63,0.5079,0.4922,2.4157,0.3413,0.6508,0.5962,52,0.7059,17,1.0,1,AXP,3,6,879,882
753,189,63,0.5397,0.5147,0.6909,0.2489,0.5397,0.5397,63,1.0,1,,0,AXP,3,7,942,945
804,201,63,0.4286,0.4078,2.1617,0.3305,0.4921,0.4545,55,0.5116,43,0.5116,43,AXP,3,8,1005,1008
400,101,63,0.6032,0.4524,0.9613,0.2662,0.6667,0.6441,59,0.6441,59,,0,AZN,3,0,501,504
451,113,63,0.5079,0.5,0.7126,0.2595,0.5079,0.5079,63,0.5079,63,0.5079,63,AZN,3,1,564,567
501,126,63,0.4762,0.4485,0.7039,0.2553,0.4762,0.4762,63,0.375,16,,0,AZN,3,2,627,630
552,138,63,0.6032,0.6453,1.2734,0.2316,0.6032,0.6032,63,0.6667,42,0.6585,41,AZN,3,3,690,693
602,151,63,0.5714,0.5921,0.6896,0.2482,0.6032,0.7391,23,0.6364,11,,0,AZN,3,4,753,756
652,164,63,0.4921,0.5016,0.7169,0.2611,0.5873,0.5714,35,0.5833,24,0.5833,24,AZN,3,5,816,819
703,176,63,0.4127,0.5087,0.7934,0.2971,0.4286,0.4167,60,0.4318,44,0.4318,44,AZN,3,6,879,882
753,189,63,0.4444,0.4399,0.7495,0.2744,0.6667,0.64,25,0.5556,18,0.5556,18,AZN,3,7,942,945
804,201,63,0.3651,0.5092,0.7141,0.2605,0.3651,0.3651,63,0.5,2,,0,AZN,3,8,1005,1008
400,101,63,0.6349,0.5,0.673,0.24,0.3651,,0,,0,,0,BA,3,0,501,504
451,113,63,0.4762,0.5091,0.7045,0.2557,0.5238,,0,,0,,0,BA,3,1,564,567
501,126,63,0.4444,0.5286,0.6957,0.2513,0.4444,0.4444,63,,0,,0,BA,3,2,627,630
552,138,63,0.5556,0.5432,1.7802,0.2633,0.6508,0.6757,37,0.6667,36,0.6667,15,BA,3,3,690,693
602,151,63,0.5714,0.5735,0.6658,0.2367,0.5397,0.5686,51,0.5686,51,,0,BA,3,4,753,756
652,164,63,0.4127,0.5211,0.8925,0.3418,0.6508,1.0,4,,0,,0,BA,3,5,816,819
703,176,63,0.5238,0.5527,4.3339,0.3595,0.4603,0.0,1,0.0,1,0.0,1,BA,3,6,879,882
753,189,63,0.6349,0.6348,0.9133,0.2414,0.6349,0.6604,53,0.7083,48,0.7083,48,BA,3,7,942,945
804,201,63,0.6667,0.6502,2.1778,0.2561,0.4286,0.5882,34,0.5667,30,,0,BA,3,8,1005,1008
400,101,63,0.5556,0.5394,0.7718,0.2722,0.4762,0.5714,14,0.5714,14,0.5714,14,BETR,3,0,501,504
451,113,63,0.5873,0.5827,0.9043,0.2484,0.5079,0.65,20,0.6667,18,0.6429,14,BETR,3,1,564,567
400,101,63,0.4127,0.4356,0.7616,0.2827,0.5397,0.4634,41,,0,,0,BRKR,3,0,501,504
451,113,63,0.4762,0.4949,3.3003,0.3635,0.4762,0.4762,63,0.4762,63,0.4865,37,BRKR,3,1,564,567
501,126,63,0.4762,0.5288,0.6999,0.2534,0.4762,0.4762,63,,0,,0,BRKR,3,2,627,630
552,138,63,0.5714,0.6065,0.9246,0.2625,0.5397,0.64,25,0.6087,23,,0,BRKR,3,3,690,693
602,151,63,0.4286,0.5384,0.6977,0.2522,0.3968,0.4068,59,0.6667,9,,0,BRKR,3,4,753,756
652,164,63,0.4603,0.4061,0.7365,0.2711,0.4762,0.45,40,0.25,12,0.25,12,BRKR,3,5,816,819
703,176,63,0.4127,0.5166,0.6963,0.2516,0.619,0.75,4,0.5,2,,0,BRKR,3,6,879,882
753,189,63,0.4286,0.4672,0.9905,0.2835,0.4921,0.2727,11,0.2727,11,0.2,5,BRKR,3,7,942,945
804,201,63,0.619,0.4103,0.6824,0.2446,0.619,0.619,63,0.5714,56,,0,BRKR,3,8,1005,1008
400,101,63,0.6032,0.6174,0.6502,0.2294,0.6032,0.6032,63,0.6757,37,0.8,10,BSX,3,0,501,504
451,113,63,0.5397,0.5882,1.2214,0.2811,0.5397,0.5397,63,0.6087,23,0.6087,23,BSX,3,1,564,567
501,126,63,0.4603,0.4975,0.7355,0.2705,0.7143,0.72,25,0.72,25,0.7368,19,BSX,3,2,627,630
552,138,63,0.7143,0.4321,0.6253,0.218,0.7143,0.7143,63,0.7143,63,0.6842,38,BSX,3,3,690,693
602,151,63,0.5714,0.5216,0.92,0.2551,0.5714,0.5714,63,0.5714,63,0.5714,63,BSX,3,4,753,756
652,164,63,0.4762,0.5455,0.956,0.2768,0.4762,0.4762,63,0.4762,63,0.4762,63,BSX,3,5,816,819
703,176,63,0.4603,0.4503,4.0109,0.3915,0.4603,0.4603,63,0.4603,63,0.4667,45,BSX,3,6,879,882
753,189,63,0.3968,0.5,0.6954,0.2511,0.3968,0.3968,63,,0,,0,BSX,3,7,942,945
804,201,63,0.5397,0.6851,0.6781,0.2426,0.3492,0.4314,51,0.6667,6,0.6667,6,BSX,3,8,1005,1008
400,101,63,0.5397,0.6026,1.8963,0.3105,0.3333,0.3889,36,0.3889,36,0.3889,36,CAVA,3,0,501,504
451,113,63,0.4762,0.5798,1.3875,0.2742,0.5238,0.5,6,0.5,6,0.5,6,CAVA,3,1,564,567
501,126,63,0.6825,0.7216,0.6562,0.2318,0.6032,0.7045,44,0.9,20,0.7143,7,CAVA,3,2,627,630
400,101,63,0.381,0.5,0.7175,0.2622,0.619,,0,,0,,0,CI,3,0,501,504
451,113,63,0.4603,0.4485,0.729,0.2677,0.4762,0.4667,60,0.4483,58,,0,CI,3,1,564,567
501,126,63,0.4921,0.3478,3.8178,0.3994,0.4921,0.4921,63,0.3636,33,0.3636,33,CI,3,2,627,630
552,138,63,0.4603,0.4677,0.6945,0.2507,0.5079,0.0,2,,0,,0,CI,3,3,690,693
602,151,63,0.6349,0.5,0.6845,0.2457,0.6349,0.6349,63,,0,,0,CI,3,4,753,756
652,164,63,0.5397,0.4779,0.7006,0.2536,0.4286,0.3333,6,0.2,5,0.0,3,CI,3,5,816,819
703,176,63,0.3492,0.3513,0.7208,0.2638,0.5079,0.2,15,0.1667,6,,0,CI,3,6,879,882
753,189,63,0.4762,0.5015,0.7118,0.2584,0.5556,0.5714,14,0.5714,14,0.5714,14,CI,3,7,942,945
804,201,63,0.4921,0.4838,0.7129,0.2594,0.4762,0.4375,16,0.4667,15,0.4667,15,CI,3,8,1005,1008
400,101,63,0.619,0.4407,0.6765,0.24,0.619,0.619,63,0.619,63,0.5217,23,CNC,3,0,501,504
451,113,63,0.4444,0.5204,1.668,0.3038,0.4444,0.4386,57,0.4386,57,0.5455,11,CNC,3,1,564,567
501,126,63,0.5238,0.5429,0.6991,0.2553,0.5238,0.5789,19,0.5789,19,0.5714,14,CNC,3,2,627,630
552,138,63,0.4286,0.5411,2.3994,0.3364,0.4603,0.4255,47,0.4651,43,0.4651,43,CNC,3,3,690,693
602,151,63,0.4444,0.481,2.0916,0.3025,0.5714,0.5294,17,0.5,16,0.5,16,CNC,3,4,753,756
652,164,63,0.5079,0.5965,0.6991,0.2536,0.2381,0.2647,34,0.5714,7,0.5714,7,CNC,3,5,816,819
703,176,63,0.4286,0.4856,0.9487,0.2701,0.619,0.7143,7,0.5,2,0.5,2,CNC,3,6,879,882
753,189,63,0.5079,0.5202,0.7196,0.2607,0.5238,0.6,10,0.6,10,0.6,10,CNC,3,7,942,945
804,201,63,0.3333,0.4269,0.7787,0.2907,0.6667,0.5,14,0.5,14,0.5,14,CNC,3,8,1005,1008
400,101,63,0.6508,0.5421,0.6435,0.2255,0.6508,0.6727,55,0.6727,55,0.6727,55,COST,3,0,501,504
451,113,63,0.5714,0.5462,1.1561,0.2638,0.6349,0.6226,53,0.6531,49,0.6458,48,COST,3,1,564,567
501,126,63,0.5556,0.5173,0.7296,0.2645,0.5556,0.5556,63,0.5556,63,0.5806,31,COST,3,2,627,630
552,138,63,0.5873,0.5022,1.0851,0.2398,0.6349,0.6207,58,0.6316,57,0.6316,57,COST,3,3,690,693
602,151,63,0.381,0.3862,0.7655,0.28,0.5556,0.4091,22,0.4091,22,0.3889,18,COST,3,4,753,756
652,164,63,0.3968,0.66,2.3824,0.34,0.3968,0.3968,63,0.3968,63,0.5161,31,COST,3,5,816,819
703,176,63,0.4127,0.7095,0.7565,0.2809,0.3968,0.4032,62,0.4032,62,0.4423,52,COST,3,6,879,882
753,189,63,0.4603,0.4405,0.7062,0.2565,0.5079,0.4821,56,0.4909,55,,0,COST,3,7,942,945
804,201,63,0.4603,0.5221,0.9778,0.2817,0.5714,0.6,10,,0,,0,COST,3,8,1005,1008
400,101,63,0.4286,0.3848,0.7457,0.2757,0.4286,0.4286,63,0.4333,60,0.3243,37,CRM,3,0,501,504
451,113,63,0.4921,0.5,0.7005,0.2537,0.4921,0.4921,63,0.4921,63,,0,CRM,3,1,564,567
501,126,63,0.381,0.4357,0.7005,0.2537,0.6508,0.55,20,,0,,0,CRM,3,2,627,630
552,138,63,0.6032,0.5998,0.6586,0.2352,0.5079,0.566,53,0.566,53,,0,CRM,3,3,690,693
602,151,63,0.4286,0.4755,1.241,0.3026,0.4444,0.4355,62,0.4286,42,0.4286,42,CRM,3,4,753,756
652,164,63,0.4127,0.5738,1.3297,0.3411,0.4127,0.4127,63,0.4127,63,0.4127,63,CRM,3,5,816,819
703,176,63,0.5079,0.5171,4.3793,0.3734,0.5079,0.5079,63,0.5366,41,0.5366,41,CRM,3,6,879,882
753,189,63,0.381,0.3889,0.7447,0.2754,0.4603,0.3913,46,0.3947,38,1.0,1,CRM,3,7,942,945
804,201,63,0.5238,0.5247,0.7207,0.2625,0.5079,0.5333,30,0.5333,30,0.5333,30,CRM,3,8,1005,1008
400,101,63,0.4762,0.5,0.7477,0.2763,0.4762,0.4762,63,0.4762,63,0.4762,63,CRWD,3,0,501,504
451,113,63,0.5079,0.4864,1.196,0.2817,0.5079,0.5079,63,0.5079,63,0.4545,11,CRWD,3,1,564,567
501,126,63,0.3492,0.3522,0.8459,0.323,0.6349,0.4286,7,0.5,4,,0,CRWD,3,2,627,630
552,138,63,0.6667,0.5,0.6547,0.2309,0.6667,0.6667,63,0.6667,63,,0,CRWD,3,3,690,693
602,151,63,0.5397,0.4838,0.7094,0.2577,0.5397,0.5397,63,0.5098,51,0.56,25,CRWD,3,4,753,756
652,164,63,0.5397,0.5,0.69,0.2484,0.5397,0.5397,63,,0,,0,CRWD,3,5,816,819
703,176,63,0.5873,0.5608,0.6643,0.2377,0.5873,0.5873,63,0.5882,51,0.6667,30,CRWD,3,6,879,882
753,189,63,0.3651,0.4891,2.244,0.3626,0.3651,0.3651,63,0.3714,35,0.3714,35,CRWD,3,7,942,945
804,201,63,0.6349,0.5,0.683,0.2449,0.6349,0.6349,63,,0,,0,CRWD,3,8,1005,1008
400,101,63,0.5397,0.5081,0.7014,0.2538,0.5397,0.5455,55,0.5455,55,,0,DDOG,3,0,501,504
451,113,63,0.5714,0.5725,0.8113,0.2833,0.5714,0.5714,63,0.5714,63,0.5833,60,DDOG,3,1,564,567
501,126,63,0.5873,0.6019,0.8846,0.2401,0.5873,0.5902,61,0.8333,12,0.8889,9,DDOG,3,2,627,630
552,138,63,0.4762,0.5793,1.1692,0.2735,0.4762,0.4762,63,0.5556,36,0.5556,36,DDOG,3,3,690,693
602,151,63,0.4444,0.4173,0.7301,0.268,0.4444,0.4444,63,0.3478,46,0.5714,14,DDOG,3,4,753,756
652,164,63,0.3175,0.5,0.706,0.2564,0.6825,,0,,0,,0,DDOG,3,5,816,819
703,176,63,0.5873,0.5632,0.6821,0.2443,0.6508,0.6923,39,0.6923,39,,0,DDOG,3,6,879,882
753,189,63,0.2381,0.4648,0.8272,0.3156,0.254,0.2419,62,0.2419,62,0.24,50,DDOG,3,7,942,945
804,201,63,0.5556,0.5556,0.6681,0.24,0.5714,0.5645,62,1.0,6,1.0,5,DDOG,3,8,1005,1008
400,101,63,0.5714,0.5041,0.9161,0.2538,0.4286,,0,,0,,0,DNA,3,0,501,504
451,113,63,0.5397,0.6317,0.9921,0.2848,0.2698,0.3421,38,0.3333,24,0.381,21,DNA,3,1,564,567
501,126,63,0.5238,0.4642,0.77,0.2788,0.381,0.3636,22,0.3636,22,0.3636,22,DNA,3,2,627,630
552,138,63,0.3492,0.5133,1.287,0.3265,0.6508,,0,,0,,0,DNA,3,3,690,693
602,151,63,0.3492,0.4473,0.7795,0.2863,0.3492,0.3273,55,0.4,10,0.4,10,DNA,3,4,753,756
652,164,63,0.5079,0.503,1.1749,0.2726,0.5397,0.5246,61,,0,,0,DNA,3,5,816,819
703,176,63,0.5397,0.5142,0.7,0.2528,0.4603,0.5,14,0.5556,9,,0,DNA,3,6,879,882
753,189,63,0.5079,0.4536,0.7349,0.2686,0.4921,,0,,0,,0,DNA,3,7,942,945
804,201,63,0.4603,0.44,0.7365,0.2686,0.4921,0.3846,13,0.4286,7,0.4286,7,DNA,3,8,1005,1008
400,101,63,0.5714,0.6546,0.6369,0.2242,0.5556,0.5645,62,0.7308,26,0.7308,26,DUOL,3,0,501,504
451,113,63,0.4127,0.4396,1.995,0.3506,0.381,0.3333,39,0.3333,39,0.3448,29,DUOL,3,1,564,567
501,126,63,0.3016,0.5601,0.8099,0.3062,0.7302,0.6667,6,0.6667,6,,0,DUOL,3,2,627,630
552,138,63,0.5238,0.5,0.7,0.2534,0.5238,0.5238,63,0.5238,63,,0,DUOL,3,3,690,693
602,151,63,0.6032,0.4124,0.691,0.2488,0.619,0.6129,62,0.5,20,,0,DUOL,3,4,753,756
652,164,63,0.3016,0.5323,1.015,0.3029,0.3016,0.3016,63,0.3016,63,0.3636,11,DUOL,3,5,816,819
703,176,63,0.5238,0.5535,1.6381,0.2904,0.4286,0.4717,53,0.4717,53,0.4615,52,DUOL,3,6,879,882
753,189,63,0.2857,0.4444,0.9906,0.3868,0.2857,0.2857,63,0.2833,60,0.2833,60,DUOL,3,7,942,945
804,201,63,0.4762,0.4586,0.7263,0.2662,0.5238,,0,,0,,0,DUOL,3,8,1005,1008
400,101,63,0.5714,0.5026,2.2759,0.2928,0.4286,,0,,0,,0,ETSY,3,0,501,504
451,113,63,0.4921,0.5015,0.7058,0.2554,0.4762,0.475,40,0.0,1,0.0,1,ETSY,3,1,564,567
501,126,63,0.4921,0.5854,0.6923,0.2495,0.4762,0.4821,56,0.5405,37,,0,ETSY,3,2,627,630
552,138,63,0.4286,0.4852,0.7281,0.267,0.5556,0.4884,43,0.6429,14,0.6429,14,ETSY,3,3,690,693
602,151,63,0.5079,0.4934,0.7365,0.2683,0.4762,0.4667,15,0.4667,15,0.4667,15,ETSY,3,4,753,756
652,164,63,0.4762,0.5194,0.7284,0.2669,0.5556,1.0,2,1.0,2,1.0,2,ETSY,3,5,816,819
703,176,63,0.5556,0.4839,0.7244,0.2635,0.4921,1.0,3,1.0,3,1.0,3,ETSY,3,6,879,882
753,189,63,0.619,0.6298,0.671,0.239,0.5238,0.6957,23,0.7059,17,0.8182,11,ETSY,3,7,942,945
804,201,63,0.5556,0.5662,0.9168,0.2542,0.5238,0.5926,27,0.5926,27,0.5926,27,ETSY,3,8,1005,1008
400,101,63,0.5873,0.5,0.6867,0.2468,0.4127,,0,,0,,0,FIVN,3,0,501,504
451,113,63,0.3333,0.5,0.7037,0.2553,0.3333,0.3333,63,,0,,0,FIVN,3,1,564,567
501,126,63,0.5397,0.5963,0.6826,0.2445,0.4603,,0,,0,,0,FIVN,3,2,627,630
552,138,63,0.4921,0.4615,0.8248,0.3009,0.5397,0.625,8,1.0,3,1.0,3,FIVN,3,3,690,693
602,151,63,0.5079,0.5347,0.9791,0.2769,0.381,0.3871,31,0.3871,31,0.3871,31,FIVN,3,4,753,756
652,164,63,0.5714,0.5345,0.6874,0.2471,0.4603,1.0,2,,0,,0,FIVN,3,5,816,819
703,176,63,0.5556,0.4959,0.7028,0.2523,0.4444,,0,,0,,0,FIVN,3,6,879,882
753,189,63,0.4921,0.5107,0.7011,0.2537,0.4444,0.3333,12,,0,,0,FIVN,3,7,942,945
804,201,63,0.5714,0.5237,0.7156,0.2596,0.4762,0.5652,23,0.5385,13,0.5385,13,FIVN,3,8,1005,1008
400,101,63,0.5079,0.619,0.7594,0.2803,0.3651,0.413,46,0.413,46,0.4359,39,FSLY,3,0,501,504
451,113,63,0.4286,0.5,0.6957,0.2513,0.4286,0.4286,63,,0,,0,FSLY,3,1,564,567
501,126,63,0.5238,0.5257,0.6826,0.2488,0.5079,0.5625,16,1.0,3,1.0,3,FSLY,3,2,627,630
552,138,63,0.4286,0.5149,1.013,0.2942,0.5714,,0,,0,,0,FSLY,3,3,690,693
602,151,63,0.4762,0.6414,0.6949,0.2509,0.4762,0.4762,63,0.6,35,0.6,35,FSLY,3,4,753,756
652,164,63,0.4921,0.4173,0.6966,0.2517,0.5079,0.5,62,0.0,1,,0,FSLY,3,5,816,819
703,176,63,0.5714,0.5195,0.6836,0.2453,0.5714,0.5918,49,0.5833,24,,0,FSLY,3,6,879,882
753,189,63,0.5079,0.5678,0.6633,0.2371,0.381,0.4186,43,0.0,1,,0,FSLY,3,7,942,945
804,201,63,0.5238,0.5593,0.8131,0.3032,0.619,0.6667,27,,0,,0,FSLY,3,8,1005,1008
400,101,63,0.5238,0.3364,4.9473,0.4267,0.4762,,0,,0,,0,FTNT,3,0,501,504
451,113,63,0.4921,0.5917,0.6872,0.248,0.4921,0.4921,63,0.6,15,0.6,15,FTNT,3,1,564,567
501,126,63,0.5556,0.7257,2.5623,0.35,0.5397,0.875,8,,0,,0,FTNT,3,2,627,630
552,138,63,0.381,0.6047,0.7201,0.2682,0.619,,0,,0,,0,FTNT,3,3,690,693
602,151,63,0.4603,0.4128,0.7403,0.2725,0.4921,0.4727,55,0.4091,22,0.45,20,FTNT,3,4,753,756
652,164,63,0.6349,0.5988,0.7088,0.2567,0.4127,0.5652,23,0.3333,6,0.3333,6,FTNT,3,5,816,819
703,176,63,0.4444,0.4562,0.729,0.2666,0.619,0.5769,26,0.5769,26,0.5385,13,FTNT,3,6,879,882
753,189,63,0.4603,0.5403,0.9311,0.2615,0.4444,0.4464,56,0.5385,13,0.5,2,FTNT,3,7,942,945
804,201,63,0.5397,0.5864,0.6934,0.2499,0.5714,0.64,25,0.6,20,0.6,20,FTNT,3,8,1005,1008
400,101,63,0.4127,0.5,0.7568,0.2812,0.5873,,0,,0,,0,GM,3,0,501,504
451,113,63,0.5714,0.5625,0.6958,0.2512,0.4921,0.6429,14,0.0,1,0.0,1,GM,3,1,564,567
501,126,63,0.4603,0.5192,0.6722,0.2417,0.619,0.6,25,0.625,24,0.625,24,GM,3,2,627,630
552,138,63,0.4286,0.4444,0.7209,0.2634,0.4286,0.4286,63,0.0,4,0.0,4,GM,3,3,690,693
602,151,63,0.5714,0.5847,1.1337,0.2492,0.5873,0.7083,24,0.7083,24,0.7391,23,GM,3,4,753,756
652,164,63,0.4921,0.5146,0.6921,0.2497,0.4921,0.4706,17,0.8,5,0.8,5,GM,3,5,816,819
703,176,63,0.3651,0.5087,0.7819,0.2931,0.6349,,0,,0,,0,GM,3,6,879,882
753,189,63,0.381,0.3925,1.5897,0.3315,0.6508,0.55,20,0.55,20,,0,GM,3,7,942,945
804,201,63,0.4444,0.5679,2.0989,0.31,0.4444,0.4444,63,0.4444,54,0.4528,53,GM,3,8,1005,1008
400,101,63,0.5397,0.4402,3.4718,0.3467,0.4603,,0,,0,,0,GME,3,0,501,504
451,113,63,0.6032,0.5805,0.6668,0.237,0.3968,,0,,0,,0,GME,3,1,564,567
501,126,63,0.5397,0.5066,0.7137,0.2587,0.4921,0.625,8,,0,,0,GME,3,2,627,630
552,138,63,0.4762,0.5298,2.1699,0.3295,0.5238,,0,,0,,0,GME,3,3,690,693
602,151,63,0.6667,0.7053,0.657,0.2319,0.5873,0.6905,42,0.72,25,1.0,2,GME,3,4,753,756
652,164,63,0.4921,0.5076,3.4916,0.3577,0.5397,0.5294,34,0.5161,31,0.5417,24,GME,3,5,816,819
703,176,63,0.4921,0.4859,0.7029,0.2548,0.5079,,0,,0,,0,GME,3,6,879,882
753,189,63,0.5873,0.6286,0.6684,0.2379,0.5714,0.7778,18,0.7647,17,0.7647,17,GME,3,7,942,945
804,201,63,0.5238,0.5487,0.7141,0.2601,0.4603,0.4902,51,0.4902,51,0.4902,51,GME,3,8,1005,1008
400,101,63,0.6508,0.617,0.6125,0.2159,0.6508,0.6508,63,0.7209,43,0.7209,43,GOOG,3,0,501,504
451,113,63,0.5556,0.4975,0.6957,0.2509,0.5238,0.541,61,0.541,61,0.25,4,GOOG,3,1,564,567
501,126,63,0.5714,0.4594,0.7286,0.2631,0.5714,0.5714,63,0.5714,63,0.5714,63,GOOG,3,2,627,630
552,138,63,0.6508,0.5017,0.6481,0.2278,0.6508,0.6508,63,0.6508,63,0.6508,63,GOOG,3,3,690,693
602,151,63,0.4127,0.4442,0.8132,0.3068,0.3968,0.4,60,0.4,60,0.4,60,GOOG,3,4,753,756
652,164,63,0.6032,0.5407,0.6403,0.2256,0.7143,0.7,50,0.7419,31,0.7391,23,GOOG,3,5,816,819
703,176,63,0.6825,0.5761,2.4169,0.3264,0.7302,0.7708,48,1.0,1,1.0,1,GOOG,3,6,879,882
753,189,63,0.619,0.54,0.6548,0.2325,0.6032,0.6129,62,0.623,61,,0,GOOG,3,7,942,945
804,201,63,0.5714,0.4583,1.4463,0.2965,0.5714,0.5714,63,0.5714,63,0.5417,48,GOOG,3,8,1005,1008
400,101,63,0.7302,0.7036,0.6542,0.2307,0.5556,0.6875,48,,0,,0,HUM,3,0,501,504
451,113,63,0.5079,0.5584,1.8164,0.3583,0.6032,0.6522,23,,0,,0,HUM,3,1,564,567
501,126,63,0.4444,0.4722,0.9334,0.3491,0.4286,0.4355,62,0.4426,61,0.4333,60,HUM,3,2,627,630
552,138,63,0.6032,0.6179,0.6757,0.2413,0.4444,0.5385,39,0.5385,39,,0,HUM,3,3,690,693
602,151,63,0.6349,0.5299,1.1343,0.2557,0.381,0.6,5,0.6,5,0.6,5,HUM,3,4,753,756
652,164,63,0.4444,0.5113,1.3035,0.3246,0.5714,0.5714,7,0.5714,7,0.5714,7,HUM,3,5,816,819
703,176,63,0.4603,0.4677,3.0206,0.3378,0.5238,0.4,5,,0,,0,HUM,3,6,879,882
753,189,63,0.5714,0.438,1.1829,0.276,0.3651,0.25,8,0.25,8,0.2857,7,HUM,3,7,942,945
804,201,63,0.381,0.3903,0.7302,0.2684,0.5873,0.4545,22,0.4545,22,,0,HUM,3,8,1005,1008
400,101,63,0.4921,0.6295,0.6969,0.2554,0.4921,0.4921,63,0.4921,63,0.4921,63,HY,3,0,501,504
451,113,63,0.5238,0.4824,0.9763,0.2808,0.4921,0.5217,23,0.5217,23,0.45,20,HY,3,1,564,567
501,126,63,0.4286,0.4021,0.8027,0.2999,0.5397,0.4643,28,0.4643,28,0.1111,9,HY,3,2,627,630
552,138,63,0.4603,0.5062,0.9373,0.2629,0.4286,0.434,53,,0,,0,HY,3,3,690,693
602,151,63,0.5714,0.5553,0.7057,0.2537,0.5397,0.5714,49,1.0,1,1.0,1,HY,3,4,753,756
652,164,63,0.4603,0.4834,0.9674,0.2764,0.4921,0.2,5,0.2,5,0.2,5,HY,3,5,816,819
703,176,63,0.6349,0.5876,1.3626,0.262,0.381,0.5185,27,0.5185,27,,0,HY,3,6,879,882
753,189,63,0.5873,0.5684,0.6935,0.246,0.5556,0.5738,61,0.6667,12,0.6667,12,HY,3,7,942,945
804,201,63,0.5397,0.5228,0.6885,0.2477,0.5397,0.5397,63,0.6,10,,0,HY,3,8,1005,1008
400,101,63,0.4762,0.554,0.7098,0.258,0.5238,0.5,2,0.5,2,0.5,2,INSM,3,0,501,504
451,113,63,0.4286,0.4893,0.7528,0.2752,0.5556,0.4444,9,0.4444,9,0.4444,9,INSM,3,1,564,567
501,126,63,0.4921,0.535,1.3955,0.2798,0.4603,0.4727,55,0.4717,53,0.5,2,INSM,3,2,627,630
552,138,63,0.5238,0.5675,0.6817,0.2445,0.5079,0.5161,62,0.5909,22,,0,INSM,3,3,690,693
602,151,63,0.6032,0.586,1.1489,0.262,0.381,0.4848,33,0.5,32,0.5,32,INSM,3,4,753,756
652,164,63,0.4444,0.4191,2.8725,0.3603,0.6508,0.5938,32,0.6667,12,0.6667,12,INSM,3,5,816,819
703,176,63,0.4444,0.5748,0.681,0.244,0.6667,0.8889,9,1.0,6,1.0,6,INSM,3,6,879,882
753,189,63,0.4286,0.4352,0.7743,0.2887,0.4286,0.4286,63,0.4286,63,0.3571,28,INSM,3,7,942,945
804,201,63,0.4127,0.5416,1.4412,0.2995,0.4127,0.4127,63,0.4127,63,0.4706,17,INSM,3,8,1005,1008
400,101,63,0.4127,0.5135,0.8167,0.3069,0.4127,0.4127,63,0.4194,62,0.4286,35,INTC,3,0,501,504
451,113,63,0.5397,0.5,0.69,0.2484,0.4603,,0,,0,,0,INTC,3,1,564,567
501,126,63,0.5556,0.5199,5.0346,0.3831,0.5556,0.5714,49,0.5532,47,0.5556,45,INTC,3,2,627,630
552,138,63,0.4127,0.5826,2.6779,0.3663,0.3175,0.3509,57,0.3333,36,0.3333,24,INTC,3,3,690,693
602,151,63,0.5873,0.6866,0.6427,0.2272,0.4603,1.0,3,1.0,3,1.0,2,INTC,3,4,753,756
652,164,63,0.5079,0.5228,0.6986,0.2527,0.5397,0.5882,17,0.625,8,,0,INTC,3,5,816,819
703,176,63,0.4127,0.6242,4.5314,0.4342,0.6508,1.0,4,1.0,4,1.0,1,INTC,3,6,879,882
753,189,63,0.6032,0.6754,4.2539,0.3801,0.5714,0.7619,21,,0,,0,INTC,3,7,942,945
804,201,63,0.4762,0.3995,5.2472,0.4587,0.6032,0.619,21,0.619,21,0.619,21,INTC,3,8,1005,1008
400,101,63,0.6825,0.6123,0.6548,0.2311,0.4127,1.0,6,1.0,1,,0,IREN,3,0,501,504
451,113,63,0.4762,0.4455,1.162,0.3452,0.5238,,0,,0,,0,IREN,3,1,564,567
501,126,63,0.4603,0.5,0.7071,0.2569,0.5397,,0,,0,,0,IREN,3,2,627,630
552,138,63,0.5556,0.4954,0.6968,0.2516,0.5714,0.5645,62,,0,,0,IREN,3,3,690,693
602,151,63,0.4444,0.4964,0.7055,0.2561,0.4444,0.4426,61,,0,,0,IREN,3,4,753,756
652,164,63,0.6984,0.6457,0.8032,0.2072,0.7143,0.7097,62,0.8,40,0.8,40,IREN,3,5,816,819
703,176,63,0.5079,0.4723,0.7375,0.2711,0.6508,0.6389,36,0.6389,36,0.6316,19,IREN,3,6,879,882
753,189,63,0.5079,0.5645,0.706,0.2577,0.4921,0.5,62,0.5,62,0.5,62,IREN,3,7,942,945
804,201,63,0.5556,0.5327,0.6955,0.2516,0.5556,0.5556,63,0.5556,63,0.5556,63,IREN,3,8,1005,1008
400,101,63,0.5397,0.5689,0.7085,0.2572,0.4286,0.475,40,0.475,40,0.4865,37,JNJ,3,0,501,504
451,113,63,0.5397,0.4883,0.7444,0.2715,0.5556,0.5536,56,0.5536,56,0.5536,56,JNJ,3,1,564,567
501,126,63,0.5397,0.5615,2.6131,0.3446,0.4921,0.6,10,,0,,0,JNJ,3,2,627,630
552,138,63,0.4286,0.6379,0.9383,0.2708,0.4286,0.4286,63,0.4737,38,0.4737,38,JNJ,3,3,690,693
602,151,63,0.4762,0.5847,0.7055,0.256,0.5556,0.6,10,0.6,10,0.6,5,JNJ,3,4,753,756
652,164,63,0.6667,0.6956,0.6607,0.2336,0.6667,0.7838,37,0.8182,33,1.0,4,JNJ,3,5,816,819
703,176,63,0.381,0.5288,4.6407,0.4796,0.619,,0,,0,,0,JNJ,3,6,879,882
753,189,63,0.6508,0.4834,0.6768,0.2421,0.6508,0.6508,63,0.7273,11,0.7273,11,JNJ,3,7,942,945
804,201,63,0.4286,0.5617,0.7376,0.272,0.4286,0.4286,63,0.4286,63,0.8,5,JNJ,3,8,1005,1008
400,101,63,0.5079,0.5916,0.867,0.238,0.3968,0.4423,52,0.0,1,0.0,1,KVUE,3,0,501,504
451,113,63,0.4127,0.5135,9.1345,0.5813,0.4127,0.4127,63,0.4127,63,0.4127,63,KVUE,3,1,564,567
501,126,63,0.4603,0.4324,0.7465,0.2761,0.6508,0.6207,29,,0,,0,KVUE,3,2,627,630
552,138,63,0.381,0.3505,1.1849,0.2806,0.4762,0.3636,33,,0,,0,KVUE,3,3,690,693
400,101,63,0.4762,0.4849,0.6977,0.2522,0.4921,0.4828,58,,0,,0,LLY,3,0,501,504
451,113,63,0.6667,0.6302,0.6309,0.2197,0.6825,0.6774,62,0.8947,19,0.8947,19,LLY,3,1,564,567
501,126,63,0.5714,0.4209,0.9654,0.2749,0.5397,0.5614,57,0.5714,56,0.4286,35,LLY,3,2,627,630
552,138,63,0.5397,0.4686,3.2423,0.3405,0.5397,0.5397,63,0.5397,63,0.5397,63,LLY,3,3,690,693
602,151,63,0.5079,0.4516,0.697,0.2519,0.5079,0.5079,63,0.4516,31,,0,LLY,3,4,753,756
652,164,63,0.4603,0.4254,0.7364,0.2701,0.5079,0.4828,58,0.0,2,0.0,2,LLY,3,5,816,819
703,176,63,0.6508,0.4196,0.6898,0.2479,0.6508,0.6508,63,0.2,5,0.2,5,LLY,3,6,879,882
753,189,63,0.4127,0.5551,1.6589,0.3015,0.5873,,0,,0,,0,LLY,3,7,942,945
804,201,63,0.4127,0.5811,0.7238,0.2652,0.4127,0.4127,63,0.4561,57,,0,LLY,3,8,1005,1008
400,101,63,0.4444,0.4699,2.6745,0.3663,0.4127,0.3784,37,0.3667,30,0.3667,30,LULU,3,0,501,504
451,113,63,0.5397,0.5425,5.8961,0.4655,0.3016,0.3684,38,0.3429,35,0.3429,35,LULU,3,1,564,567
501,126,63,0.3016,0.5329,0.7929,0.298,0.6984,,0,,0,,0,LULU,3,2,627,630
552,138,63,0.4286,0.5051,3.3123,0.3722,0.5714,0.5,14,0.5,10,0.4444,9,LULU,3,3,690,693
602,151,63,0.4444,0.604,0.7179,0.2622,0.4127,0.4262,61,0.4407,59,,0,LULU,3,4,753,756
652,164,63,0.3968,0.5132,0.7522,0.2791,0.3968,0.3968,63,0.3968,63,,0,LULU,3,5,816,819
703,176,63,0.4921,0.5123,4.2851,0.4001,0.4286,0.4286,35,0.4286,35,0.4242,33,LULU,3,6,879,882
753,189,63,0.5079,0.497,0.7033,0.255,0.5238,1.0,2,,0,,0,LULU,3,7,942,945
804,201,63,0.5873,0.5858,0.6834,0.2451,0.4127,0.5,32,,0,,0,LULU,3,8,1005,1008
400,101,63,0.6032,0.5598,4.4933,0.338,0.4127,0.6667,3,0.6667,3,0.6667,3,LYFT,3,0,501,504
451,113,63,0.4444,0.6407,3.5478,0.3709,0.2222,0.2857,49,0.2917,24,0.2917,24,LYFT,3,1,564,567
501,126,63,0.5079,0.4465,1.7225,0.3256,0.5714,0.5676,37,0.5676,37,0.5676,37,LYFT,3,2,627,630
552,138,63,0.6349,0.7236,0.6337,0.2246,0.4603,0.875,8,0.8,5,0.8,5,LYFT,3,3,690,693
602,151,63,0.4286,0.4435,0.7273,0.2669,0.5079,0.4444,36,0.4706,34,,0,LYFT,3,4,753,756
652,164,63,0.6508,0.5321,4.6808,0.3271,0.381,0.75,4,0.75,4,,0,LYFT,3,5,816,819
703,176,63,0.4444,0.5082,0.8128,0.3059,0.5556,,0,,0,,0,LYFT,3,6,879,882
753,189,63,0.6349,0.4065,2.9586,0.3082,0.3651,,0,,0,,0,LYFT,3,7,942,945
804,201,63,0.5556,0.7444,1.2984,0.245,0.4762,0.5172,58,0.5625,48,0.5789,38,LYFT,3,8,1005,1008
400,101,63,0.4921,0.5171,0.7347,0.2698,0.4921,0.4921,63,0.4921,63,0.5172,29,META,3,0,501,504
451,113,63,0.5714,0.4429,0.9265,0.2575,0.6349,0.6182,55,0.6,45,,0,META,3,1,564,567
501,126,63,0.4127,0.4343,0.7302,0.2683,0.4762,0.4255,47,0.4348,46,,0,META,3,2,627,630
552,138,63,0.5873,0.5,0.6823,0.2446,0.5873,0.5873,63,,0,,0,META,3,3,690,693
602,151,63,0.5556,0.6298,1.8085,0.2732,0.5397,0.75,12,0.75,12,0.75,12,META,3,4,753,756
652,164,63,0.381,0.5427,1.237,0.3017,0.381,0.381,63,0.3871,62,0.0,4,META,3,5,816,819
703,176,63,0.4921,0.4735,0.7207,0.2647,0.4127,0.4464,56,0.2143,14,0.2143,14,META,3,6,879,882
753,189,63,0.5079,0.4501,0.7042,0.2554,0.4921,,0,,0,,0,META,3,7,942,945
400,101,63,0.5873,0.6616,0.8865,0.246,0.4127,,0,,0,,0,MP,3,0,501,504
451,113,63,0.5714,0.5815,1.1055,0.2388,0.3492,0.4074,27,0.4167,12,0.4167,12,MP,3,1,564,567
501,126,63,0.4921,0.5494,0.9289,0.3506,0.7143,0.76,25,,0,,0,MP,3,2,627,630
552,138,63,0.6032,0.5847,0.6781,0.2426,0.5397,0.5957,47,1.0,1,1.0,1,MP,3,3,690,693
602,151,63,0.4921,0.5173,4.124,0.3603,0.4444,0.4,20,0.5,4,0.5,4,MP,3,4,753,756
652,164,63,0.4603,0.4501,1.1703,0.2759,0.5873,0.5319,47,0.5319,47,0.5319,47,MP,3,5,816,819
703,176,63,0.5397,0.4985,0.6905,0.2487,0.4444,0.4444,9,0.3333,3,,0,MP,3,6,879,882
753,189,63,0.5238,0.5212,1.3962,0.2758,0.5079,0.5185,54,,0,,0,MP,3,7,942,945
804,201,63,0.5556,0.5882,1.1324,0.256,0.5397,0.5517,58,1.0,5,,0,MP,3,8,1005,1008
400,101,63,0.4286,0.3832,1.9277,0.321,0.5556,0.4884,43,,0,,0,MRNA,3,0,501,504
451,113,63,0.4444,0.4326,5.6634,0.4602,0.3968,0.4107,56,0.4107,56,0.4107,56,MRNA,3,1,564,567
501,126,63,0.2698,0.5,0.8069,0.306,0.2698,0.2698,63,0.2698,63,0.2698,63,MRNA,3,2,627,630
552,138,63,0.6032,0.5,0.6719,0.2395,0.3968,,0,,0,,0,MRNA,3,3,690,693
602,151,63,0.4286,0.4179,0.7008,0.2535,0.3651,0.2174,23,,0,,0,MRNA,3,4,753,756
652,164,63,0.4762,0.4404,0.7356,0.2705,0.5238,,0,,0,,0,MRNA,3,5,816,819
703,176,63,0.5238,0.4526,0.9297,0.2607,0.4444,0.25,4,0.0,1,,0,MRNA,3,6,879,882
753,189,63,0.5079,0.5558,1.2185,0.2965,0.5397,0.8,5,0.8,5,,0,MRNA,3,7,942,945
804,201,63,0.5714,0.5737,0.6754,0.2409,0.6032,0.6667,33,0.6667,33,0.6667,33,MRNA,3,8,1005,1008
400,101,63,0.4603,0.5788,0.7272,0.2667,0.4762,0.46,50,0.46,50,0.6087,23,MSFT,3,0,501,504
400,101,63,0.4921,0.4609,0.8505,0.3062,0.5714,0.54,50,1.0,1,1.0,1,MU,3,0,501,504
451,113,63,0.4921,0.4042,0.7388,0.2715,0.4921,0.4898,49,0.1111,9,0.125,8,MU,3,1,564,567
501,126,63,0.5556,0.4337,0.7001,0.2534,0.5556,0.5556,63,0.4,15,,0,MU,3,2,627,630
552,138,63,0.5238,0.5455,0.6695,0.2415,0.5238,0.5238,63,0.5238,63,1.0,3,MU,3,3,690,693
602,151,63,0.5238,0.5152,0.6871,0.2472,0.4762,,0,,0,,0,MU,3,4,753,756
652,164,63,0.6032,0.3531,1.2543,0.303,0.619,0.6129,62,0.3333,15,0.3333,15,MU,3,5,816,819
703,176,63,0.6825,0.5712,0.654,0.2305,0.6984,0.74,50,0.74,50,,0,MU,3,6,879,882
753,189,63,0.6508,0.5105,0.8842,0.2381,0.6508,0.6557,61,0.6557,61,,0,MU,3,7,942,945
804,201,63,0.5714,0.4904,0.7661,0.2807,0.6667,0.7027,37,0.6857,35,0.6857,35,MU,3,8,1005,1008
400,101,63,0.6508,0.6638,1.286,0.2371,0.4444,0.6,30,0.5652,23,,0,NET,3,0,501,504
451,113,63,0.5556,0.5,7.0855,0.4444,0.5556,0.5556,63,0.5556,63,0.5556,63,NET,3,1,564,567
501,126,63,0.6508,0.7061,0.6604,0.234,0.5079,0.6087,46,0.6765,34,1.0,1,NET,3,2,627,630
552,138,63,0.3175,0.5074,6.5225,0.5531,0.7143,0.75,4,0.75,4,0.6667,3,NET,3,3,690,693
602,151,63,0.4603,0.569,0.6938,0.2503,0.4603,0.4603,63,1.0,4,,0,NET,3,4,753,756
652,164,63,0.7619,0.5,0.684,0.2454,0.7619,0.7619,63,,0,,0,NET,3,5,816,819
703,176,63,0.5714,0.5,0.6957,0.2509,0.5714,0.5714,63,0.5714,63,0.5714,63,NET,3,6,879,882
753,189,63,0.4127,0.578,0.7936,0.2937,0.4127,0.4127,63,0.4032,62,0.4,60,NET,3,7,942,945
804,201,63,0.6349,0.5516,0.6618,0.2344,0.6349,0.6393,61,0.6393,61,,0,NET,3,8,1005,1008
400,101,63,0.6032,0.4342,0.6807,0.2436,0.6032,0.6032,63,0.6032,63,0.5625,32,NFLX,3,0,501,504
451,113,63,0.5873,0.6581,0.8622,0.2346,0.5238,0.6129,31,0.6538,26,0.6538,26,NFLX,3,1,564,567
501,126,63,0.5873,0.6019,1.1155,0.2478,0.5873,0.5873,63,0.6744,43,0.6585,41,NFLX,3,2,627,630
552,138,63,0.3175,0.4161,4.3316,0.4393,0.6667,0.4667,15,0.4667,15,0.4286,14,NFLX,3,3,690,693
602,151,63,0.619,0.3858,0.6953,0.2508,0.6508,0.6393,61,0.3333,9,1.0,1,NFLX,3,4,753,756
652,164,63,0.5556,0.5489,0.9111,0.2555,0.5079,0.5345,58,0.5345,58,0.5345,58,NFLX,3,5,816,819
703,176,63,0.4603,0.5563,0.7732,0.2876,0.4603,0.4603,63,0.4603,63,0.4912,57,NFLX,3,6,879,882
753,189,63,0.3016,0.5478,2.0581,0.3812,0.3016,0.3016,63,0.3016,63,0.322,59,NFLX,3,7,942,945
804,201,63,0.5238,0.5,0.6922,0.2495,0.4762,,0,,0,,0,NFLX,3,8,1005,1008
400,101,63,0.4762,0.5,0.7194,0.2629,0.4444,0.4444,45,0.4444,45,,0,NIO,3,0,501,504
451,113,63,0.6508,0.5277,0.6579,0.2328,0.3492,,0,,0,,0,NIO,3,1,564,567
501,126,63,0.4286,0.7377,2.4973,0.3014,0.5714,,0,,0,,0,NIO,3,2,627,630
552,138,63,0.4762,0.533,0.994,0.2771,0.4603,0.46,50,0.5,2,1.0,1,NIO,3,3,690,693
602,151,63,0.5397,0.6852,0.6414,0.2356,0.4444,0.4,5,0.0,1,0.0,1,NIO,3,4,753,756
652,164,63,0.5238,0.5343,0.7557,0.2728,0.5079,0.5556,18,0.5882,17,0.5882,17,NIO,3,5,816,819
703,176,63,0.4444,0.4464,5.0425,0.452,0.5556,,0,,0,,0,NIO,3,6,879,882
753,189,63,0.6825,0.5,0.6836,0.2452,0.3175,,0,,0,,0,NIO,3,7,942,945
804,201,63,0.5079,0.5141,1.3934,0.2787,0.4921,,0,,0,,0,NIO,3,8,1005,1008
400,101,63,0.4762,0.5202,1.2091,0.2875,0.4921,0.4792,48,0.625,8,0.625,8,NOK,3,0,501,504
451,113,63,0.5397,0.6759,3.6457,0.3383,0.5079,0.8,5,0.8,5,0.8,5,NOK,3,1,564,567
501,126,63,0.3968,0.4231,0.8549,0.3243,0.619,1.0,1,1.0,1,1.0,1,NOK,3,2,627,630
552,138,63,0.5079,0.5691,1.133,0.2585,0.5079,0.5088,57,0.5088,57,0.7273,11,NOK,3,3,690,693
602,151,63,0.5873,0.6405,0.6974,0.2495,0.5397,0.6053,38,1.0,7,1.0,7,NOK,3,4,753,756
652,164,63,0.3968,0.4115,0.7756,0.289,0.4286,0.28,25,0.3333,12,0.3333,12,NOK,3,5,816,819
703,176,63,0.5238,0.5907,0.6547,0.2339,0.7143,0.7778,27,0.8421,19,1.0,2,NOK,3,6,879,882
753,189,63,0.6349,0.6219,0.6603,0.2338,0.5714,0.6857,35,0.72,25,0.72,25,NOK,3,7,942,945
804,201,63,0.5079,0.4738,0.686,0.2465,0.619,0.5952,42,0.5882,34,1.0,1,NOK,3,8,1005,1008
400,101,63,0.619,0.5385,0.6793,0.2431,0.619,0.619,63,0.7273,11,,0,NVDA,3,0,501,504
400,101,63,0.4444,0.5,0.7012,0.254,0.5556,,0,,0,,0,NVMI,3,0,501,504
451,113,63,0.6667,0.4501,0.652,0.2297,0.6667,0.6667,63,0.6667,63,0.5,10,NVMI,3,1,564,567
501,126,63,0.4921,0.4647,0.7374,0.2715,0.4921,0.4921,63,0.4737,57,0.4737,57,NVMI,3,2,627,630
552,138,63,0.619,0.3487,0.6609,0.2355,0.6508,0.6393,61,0.6333,60,0.4545,22,NVMI,3,3,690,693
602,151,63,0.3492,0.4063,0.7988,0.3003,0.3492,0.3492,63,0.2692,26,0.24,25,NVMI,3,4,753,756
652,164,63,0.5873,0.5487,0.6864,0.2466,0.5397,0.58,50,,0,,0,NVMI,3,5,816,819
703,176,63,0.5873,0.5,0.6901,0.2485,0.5873,0.5873,63,,0,,0,NVMI,3,6,879,882
753,189,63,0.381,0.4167,0.7083,0.2576,0.619,,0,,0,,0,NVMI,3,7,942,945
804,201,63,0.5714,0.5758,0.6809,0.2439,0.5238,0.5556,54,0.5806,31,,0,NVMI,3,8,1005,1008
400,101,63,0.5079,0.6023,0.9,0.2497,0.4921,0.5,48,0.525,40,0.6667,18,NVO,3,0,501,504
451,113,63,0.5873,0.5213,0.6759,0.2418,0.5873,0.5873,63,0.6,45,0.625,16,NVO,3,1,564,567
501,126,63,0.4286,0.4239,2.1417,0.3267,0.4286,0.4286,63,0.4286,63,0.3158,19,NVO,3,2,627,630
552,138,63,0.4286,0.4444,1.6679,0.3009,0.4286,0.4286,63,0.0,4,0.0,4,NVO,3,3,690,693
602,151,63,0.6032,0.5368,0.6727,0.2398,0.3968,,0,,0,,0,NVO,3,4,753,756
652,164,63,0.5238,0.5575,0.7205,0.2628,0.5079,0.75,4,,0,,0,NVO,3,5,816,819
703,176,63,0.4603,0.3996,0.7293,0.2677,0.381,0.2222,18,0.0,7,0.0,6,NVO,3,6,879,882
753,189,63,0.5714,0.5411,0.6835,0.2465,0.5397,0.566,53,0.5,2,0.5,2,NVO,3,7,942,945
804,201,63,0.5238,0.5497,0.6798,0.2452,0.5397,0.5833,24,0.5833,24,1.0,2,NVO,3,8,1005,1008
400,101,63,0.5873,0.5888,0.6711,0.2392,0.5556,0.6552,29,0.6667,24,0.6667,24,ONTO,3,0,501,504
451,113,63,0.4603,0.4782,0.7603,0.2799,0.5397,0.5,28,0.52,25,0.52,25,ONTO,3,1,564,567
501,126,63,0.5714,0.6065,0.6811,0.2431,0.5397,0.6522,23,0.6522,23,0.6522,23,ONTO,3,2,627,630
552,138,63,0.5238,0.4148,3.1172,0.3686,0.5397,0.54,50,0.5116,43,0.5116,43,ONTO,3,3,690,693
602,151,63,0.3651,0.5886,0.7518,0.2789,0.3651,0.3651,63,0.377,61,0.4545,22,ONTO,3,4,753,756
652,164,63,0.4286,0.4412,0.7896,0.2902,0.4603,0.4222,45,0.4118,17,0.4118,17,ONTO,3,5,816,819
703,176,63,0.4921,0.7079,0.7099,0.2585,0.6032,1.0,6,,0,,0,ONTO,3,6,879,882
753,189,63,0.4127,0.6379,0.7991,0.2994,0.6032,0.6,5,0.6,5,,0,ONTO,3,7,942,945
804,201,63,0.5238,0.6011,0.8911,0.2446,0.6032,0.7857,14,0.7857,14,,0,ONTO,3,8,1005,1008
400,101,63,0.5397,0.61,2.037,0.2759,0.3333,0.3571,28,0.5,12,0.4545,11,OPEN,3,0,501,504
451,113,63,0.3492,0.4119,0.8221,0.3122,0.3492,0.3208,53,0.2917,48,0.2955,44,OPEN,3,1,564,567
501,126,63,0.5397,0.5233,0.6947,0.2507,0.4603,,0,,0,,0,OPEN,3,2,627,630
552,138,63,0.6508,0.4529,0.6439,0.2271,0.3492,,0,,0,,0,OPEN,3,3,690,693
602,151,63,0.4921,0.4375,0.7059,0.2563,0.381,0.2778,18,0.2778,18,,0,OPEN,3,4,753,756
652,164,63,0.4762,0.4599,1.6566,0.3049,0.5397,0.5238,21,0.55,20,0.55,20,OPEN,3,5,816,819
703,176,63,0.5079,0.5605,0.7214,0.2629,0.4921,,0,,0,,0,OPEN,3,6,879,882
753,189,63,0.6667,0.504,0.6597,0.2338,0.3333,,0,,0,,0,OPEN,3,7,942,945
804,201,63,0.5397,0.606,1.8163,0.2777,0.4603,,0,,0,,0,OPEN,3,8,1005,1008
400,101,63,0.4603,0.4231,0.8109,0.302,0.381,0.3333,30,0.24,25,0.24,25,ORIC,3,0,501,504
451,113,63,0.5714,0.4919,0.7074,0.2549,0.4762,0.5294,51,0.3333,6,0.3333,6,ORIC,3,1,564,567
501,126,63,0.5238,0.6015,0.6938,0.25,0.4762,,0,,0,,0,ORIC,3,2,627,630
552,138,63,0.5556,0.6369,0.6738,0.2407,0.5238,0.541,61,0.7857,14,,0,ORIC,3,3,690,693
602,151,63,0.3651,0.6272,1.1029,0.3376,0.2857,0.2885,52,0.3261,46,0.3256,43,ORIC,3,4,753,756
652,164,63,0.5079,0.5525,2.8244,0.3387,0.5714,0.6667,15,0.6667,15,,0,ORIC,3,5,816,819
703,176,63,0.4762,0.5,0.7638,0.2836,0.5238,,0,,0,,0,ORIC,3,6,879,882
753,189,63,0.5238,0.5152,0.6824,0.2462,0.4762,,0,,0,,0,ORIC,3,7,942,945
804,201,63,0.6032,0.6273,0.6753,0.2412,0.5397,0.6452,31,0.6364,11,0.8,5,ORIC,3,8,1005,1008
400,101,63,0.5556,0.5255,2.1657,0.3297,0.4444,,0,,0,,0,PFE,3,0,501,504
451,113,63,0.4127,0.4928,0.7721,0.2876,0.5714,0.0,1,,0,,0,PFE,3,1,564,567
501,126,63,0.5397,0.4658,0.7131,0.2571,0.3651,0.3636,22,0.375,16,,0,PFE,3,2,627,630
552,138,63,0.5397,0.527,0.73,0.2657,0.4444,0.4828,29,0.4828,29,0.4828,29,PFE,3,3,690,693
602,151,63,0.5397,0.6044,0.6844,0.2457,0.4286,0.4167,12,,0,,0,PFE,3,4,753,756
652,164,63,0.5556,0.5566,1.6021,0.277,0.5238,0.5926,27,0.6,10,0.6,10,PFE,3,5,816,819
703,176,63,0.3968,0.4082,0.73,0.2682,0.4444,0.3684,38,0.3929,28,,0,PFE,3,6,879,882
753,189,63,0.4603,0.574,6.3697,0.4856,0.5397,,0,,0,,0,PFE,3,7,942,945
804,201,63,0.5397,0.3626,4.6951,0.4108,0.4603,,0,,0,,0,PFE,3,8,1005,1008
400,101,63,0.6349,0.7131,1.043,0.2257,0.4762,0.64,25,0.64,25,0.64,25,PL,3,0,501,504
451,113,63,0.6032,0.5918,2.2622,0.2879,0.4603,0.6429,14,0.5833,12,0.5455,11,PL,3,1,564,567
501,126,63,0.4762,0.5,0.7451,0.2751,0.5238,,0,,0,,0,PL,3,2,627,630
552,138,63,0.3016,0.5319,0.7769,0.2915,0.746,1.0,3,,0,,0,PL,3,3,690,693
602,151,63,0.4444,0.5791,3.0411,0.3479,0.4444,0.4444,63,0.4444,63,0.4444,63,PL,3,4,753,756
652,164,63,0.5397,0.5,0.6923,0.2496,0.5397,0.5397,63,0.5397,63,,0,PL,3,5,816,819
703,176,63,0.5238,0.4867,1.7669,0.3228,0.6508,0.6279,43,1.0,2,,0,PL,3,6,879,882
753,189,63,0.6349,0.4962,0.6784,0.2427,0.6349,0.6349,63,,0,,0,PL,3,7,942,945
804,201,63,0.5556,0.4796,0.6865,0.2467,0.5556,0.5556,63,0.5556,63,1.0,1,PL,3,8,1005,1008
400,101,63,0.4921,0.4904,0.9557,0.2717,0.4921,0.4286,7,0.5,6,,0,PLTR,3,0,501,504
451,113,63,0.619,0.5279,2.4951,0.2896,0.6032,0.6667,42,0.6667,42,0.6667,42,PLTR,3,1,564,567
501,126,63,0.5873,0.5791,0.6479,0.2306,0.6825,0.7297,37,0.7188,32,0.7188,32,PLTR,3,2,627,630
552,138,63,0.746,0.5459,0.607,0.2076,0.746,0.746,63,0.7419,62,0.7907,43,PLTR,3,3,690,693
602,151,63,0.5714,0.4259,0.7264,0.2644,0.5714,0.5714,63,0.5645,62,0.5645,62,PLTR,3,4,753,756
652,164,63,0.7302,0.4674,0.5992,0.2044,0.7302,0.7302,63,0.7167,60,0.7167,60,PLTR,3,5,816,819
703,176,63,0.5238,0.4909,0.7333,0.2688,0.5238,0.5238,63,0.5238,63,0.5238,63,PLTR,3,6,879,882
753,189,63,0.5079,0.4819,0.7309,0.2679,0.5079,0.5085,59,0.5085,59,0.4872,39,PLTR,3,7,942,945
804,201,63,0.5079,0.5,0.7165,0.2613,0.5079,0.5079,63,0.5079,63,0.5079,63,PLTR,3,8,1005,1008
400,101,63,0.4444,0.5362,0.7364,0.2712,0.5556,,0,,0,,0,PUBM,3,0,501,504
451,113,63,0.5079,0.4299,0.7119,0.2592,0.4921,0.5,2,,0,,0,PUBM,3,1,564,567
501,126,63,0.4762,0.4535,4.675,0.4043,0.4762,0.4762,63,0.4828,58,0.4138,29,PUBM,3,2,627,630
552,138,63,0.5397,0.5,0.6914,0.2491,0.5397,0.5397,63,,0,,0,PUBM,3,3,690,693
602,151,63,0.5556,0.6405,0.7544,0.2758,0.4603,0.5094,53,0.5532,47,0.5532,47,PUBM,3,4,753,756
652,164,63,0.4603,0.5172,0.7048,0.256,0.4603,0.4603,63,0.4603,63,1.0,1,PUBM,3,5,816,819
703,176,63,0.381,0.4257,0.8703,0.3295,0.4127,0.3556,45,0.3721,43,0.3721,43,PUBM,3,6,879,882
753,189,63,0.6508,0.5859,0.7202,0.2586,0.3492,0.5,8,0.5,8,0.5,8,PUBM,3,7,942,945
804,201,63,0.381,0.5737,1.1841,0.2817,0.619,,0,,0,,0,PUBM,3,8,1005,1008
400,101,63,0.4762,0.5745,1.8388,0.2895,0.5556,0.6,10,1.0,1,1.0,1,PYPL,3,0,501,504
451,113,63,0.4603,0.6126,1.1576,0.2669,0.4603,0.4603,63,0.6,10,0.6,10,PYPL,3,1,564,567
501,126,63,0.381,0.6033,4.217,0.3949,0.6349,1.0,1,1.0,1,1.0,1,PYPL,3,2,627,630
552,138,63,0.6349,0.6354,1.8025,0.2709,0.5238,0.625,40,,0,,0,PYPL,3,3,690,693
602,151,63,0.4921,0.5857,0.7207,0.2623,0.4921,0.4921,63,0.5625,48,0.5625,48,PYPL,3,4,753,756
652,164,63,0.5238,0.5258,0.694,0.2503,0.5238,0.5238,63,0.5769,26,0.5769,26,PYPL,3,5,816,819
703,176,63,0.4603,0.6154,0.7353,0.2705,0.4127,0.4333,60,0.4561,57,0.4561,57,PYPL,3,6,879,882
753,189,63,0.4762,0.6236,2.8487,0.3469,0.3492,0.4,55,0.4,55,0.45,20,PYPL,3,7,942,945
804,201,63,0.4444,0.4264,0.7048,0.2558,0.5714,0.5143,35,0.5,34,,0,PYPL,3,8,1005,1008
400,101,63,0.5714,0.5556,1.6371,0.2873,0.4444,0.5143,35,0.375,8,0.375,8,QS,3,0,501,504
451,113,63,0.7143,0.7388,0.6471,0.2308,0.381,0.5938,32,0.5806,31,0.5667,30,QS,3,1,564,567
501,126,63,0.619,0.608,0.8893,0.2411,0.4286,0.6364,11,0.6364,11,0.5,2,QS,3,2,627,630
552,138,63,0.5238,0.5785,0.7442,0.2614,0.4127,0.45,40,0.5,2,,0,QS,3,3,690,693
602,151,63,0.6984,0.6898,0.8576,0.2278,0.4444,0.6957,23,0.7692,13,0.7692,13,QS,3,4,753,756
652,164,63,0.4762,0.6314,0.8839,0.3263,0.6825,1.0,10,,0,,0,QS,3,5,816,819
703,176,63,0.5079,0.568,0.7001,0.2535,0.5397,0.6364,11,1.0,1,1.0,1,QS,3,6,879,882
753,189,63,0.4286,0.6478,0.7119,0.2594,0.3651,0.3898,59,0.3898,59,,0,QS,3,7,942,945
804,201,63,0.5397,0.5302,2.0974,0.3046,0.4921,0.5208,48,0.5152,33,0.5152,33,QS,3,8,1005,1008
400,101,63,0.5397,0.5603,0.6776,0.2442,0.4603,,0,,0,,0,QUBT,3,0,501,504
451,113,63,0.6349,0.6096,0.613,0.2186,0.4286,1.0,4,1.0,4,1.0,4,QUBT,3,1,564,567
501,126,63,0.4603,0.5056,0.7221,0.2647,0.5397,0.5,2,,0,,0,QUBT,3,2,627,630
552,138,63,0.4444,0.4327,3.8084,0.3974,0.5556,,0,,0,,0,QUBT,3,3,690,693
602,151,63,0.3968,0.5759,1.392,0.2798,0.381,0.3871,62,0.3871,62,0.625,8,QUBT,3,4,753,756
652,164,63,0.4444,0.4592,0.7032,0.255,0.5556,,0,,0,,0,QUBT,3,5,816,819
703,176,63,0.3175,0.2843,0.8965,0.335,0.4762,0.3488,43,0.1818,11,,0,QUBT,3,6,879,882
753,189,63,0.3968,0.4875,0.7,0.255,0.3651,0.3529,51,0.5,2,1.0,1,QUBT,3,7,942,945
804,201,63,0.6508,0.625,1.1087,0.2473,0.4444,0.7143,14,0.7,10,0.7,10,QUBT,3,8,1005,1008
400,101,63,0.4286,0.4111,2.1726,0.3373,0.4762,0.4211,38,0.3684,19,0.3889,18,QURE,3,0,501,504
451,113,63,0.5714,0.4668,0.6729,0.2399,0.3651,0.3333,12,,0,,0,QURE,3,1,564,567
501,126,63,0.6032,0.6105,0.6647,0.236,0.3968,,0,,0,,0,QURE,3,2,627,630
552,138,63,0.5238,0.6418,1.0447,0.3088,0.6349,0.9167,12,0.875,8,1.0,1,QURE,3,3,690,693
602,151,63,0.5238,0.4903,1.3371,0.3356,0.4444,0.475,40,0.475,40,0.375,32,QURE,3,4,753,756
652,164,63,0.4921,0.6094,0.6791,0.2439,0.4921,0.4921,63,0.7273,11,0.7273,11,QURE,3,5,816,819
703,176,63,0.4921,0.4376,0.7419,0.2707,0.5397,0.5167,60,0.4615,13,0.5,2,QURE,3,6,879,882
753,189,63,0.5714,0.5722,0.6759,0.2415,0.4127,0.48,25,,0,,0,QURE,3,7,942,945
804,201,63,0.5238,0.5405,0.6914,0.2506,0.5873,0.7333,15,0.7333,15,0.7333,15,QURE,3,8,1005,1008
400,101,63,0.4921,0.4786,2.5864,0.333,0.4444,0.3889,18,0.3889,18,0.3889,18,ROKU,3,0,501,504
451,113,63,0.5079,0.5352,7.4249,0.4899,0.4444,0.4727,55,0.4727,55,0.4727,55,ROKU,3,1,564,567
501,126,63,0.5397,0.5842,0.649,0.2392,0.5873,0.6429,28,0.6429,28,0.8,10,ROKU,3,2,627,630
552,138,63,0.4762,0.5076,0.7307,0.2683,0.5238,,0,,0,,0,ROKU,3,3,690,693
602,151,63,0.5397,0.5926,0.6644,0.2364,0.3968,0.4333,30,1.0,4,1.0,4,ROKU,3,4,753,756
652,164,63,0.3492,0.5159,0.7181,0.2624,0.6667,1.0,1,,0,,0,ROKU,3,5,816,819
703,176,63,0.5556,0.5208,0.7013,0.2539,0.619,0.6341,41,,0,,0,ROKU,3,6,879,882
753,189,63,0.5714,0.5318,1.5901,0.2725,0.5079,0.551,49,0.5161,31,,0,ROKU,3,7,942,945
804,201,63,0.3968,0.5136,0.7247,0.2661,0.7143,0.7333,15,0.8,5,0.8,5,ROKU,3,8,1005,1008
400,101,63,0.4444,0.5,0.7455,0.2756,0.4444,0.4444,63,0.4444,63,0.4444,63,ROST,3,0,501,504
451,113,63,0.5714,0.5505,1.3526,0.2627,0.5556,0.5645,62,0.5645,62,0.5645,62,ROST,3,1,564,567
501,126,63,0.5079,0.5348,0.6927,0.2498,0.5079,0.5079,63,0.5556,27,,0,ROST,3,2,627,630
552,138,63,0.4921,0.5223,0.6936,0.2502,0.4603,0.4746,59,,0,,0,ROST,3,3,690,693
602,151,63,0.6032,0.6298,0.8368,0.2257,0.4603,1.0,4,1.0,4,1.0,4,ROST,3,4,753,756
652,164,63,0.6349,0.7328,0.8237,0.2161,0.5238,0.6,50,0.6522,46,0.6522,46,ROST,3,5,816,819
703,176,63,0.4762,0.535,0.7927,0.2942,0.5397,0.6,5,0.6,5,,0,ROST,3,6,879,882
753,189,63,0.4286,0.5046,5.3954,0.4839,0.5714,,0,,0,,0,ROST,3,7,942,945
804,201,63,0.3492,0.5144,0.72,0.2634,0.6508,0.5,4,,0,,0,ROST,3,8,1005,1008
400,101,63,0.5397,0.5343,2.1735,0.3205,0.4921,0.5217,46,0.5333,45,0.5333,45,S,3,0,501,504
451,113,63,0.4603,0.5147,0.7386,0.2722,0.4603,0.4603,63,0.4603,63,0.4677,62,S,3,1,564,567
501,126,63,0.4921,0.5146,0.6921,0.2495,0.5238,0.5263,19,,0,,0,S,3,2,627,630
552,138,63,0.4921,0.5086,1.1563,0.2658,0.5397,0.5625,16,0.5,4,0.5,4,S,3,3,690,693
602,151,63,0.3651,0.3263,1.2477,0.3089,0.4762,0.381,42,0.381,42,0.3103,29,S,3,4,753,756
652,164,63,0.5873,0.5811,0.667,0.2375,0.4603,0.6364,11,0.6364,11,0.6364,11,S,3,5,816,819
703,176,63,0.5714,0.5917,1.1278,0.255,0.5079,0.6316,19,0.6316,19,0.6316,19,S,3,6,879,882
753,189,63,0.5873,0.6612,0.6925,0.2493,0.4444,0.525,40,0.525,40,0.5312,32,S,3,7,942,945
804,201,63,0.4921,0.5123,0.6883,0.2476,0.5714,0.5714,28,0.6667,9,,0,S,3,8,1005,1008
400,101,63,0.4444,0.4707,0.7078,0.2573,0.4286,0.431,58,,0,,0,SHOP,3,0,501,504
451,113,63,0.4762,0.6136,6.0404,0.4347,0.4603,0.4677,62,0.4912,57,0.5094,53,SHOP,3,1,564,567
501,126,63,0.3651,0.3095,0.837,0.3109,0.6032,0.0,2,0.0,2,0.0,2,SHOP,3,2,627,630
552,138,63,0.6032,0.5616,0.6684,0.2392,0.6032,0.6032,63,0.75,12,1.0,1,SHOP,3,3,690,693
602,151,63,0.4762,0.4303,0.7004,0.2536,0.4762,0.4762,63,,0,,0,SHOP,3,4,753,756
652,164,63,0.4921,0.4794,1.3965,0.2788,0.5714,0.5385,52,0.5789,38,0.5,4,SHOP,3,5,816,819
703,176,63,0.5556,0.5162,0.7444,0.2673,0.5397,0.5484,62,0.4444,9,0.375,8,SHOP,3,6,879,882
753,189,63,0.4444,0.5714,0.7148,0.2604,0.4444,0.4407,59,0.5,44,0.5,44,SHOP,3,7,942,945
804,201,63,0.4921,0.5026,0.9461,0.2681,0.4444,0.4444,36,0.5,12,0.5,12,SHOP,3,8,1005,1008
400,101,63,0.5873,0.5135,0.6696,0.2397,0.5873,0.5873,63,0.5873,63,1.0,1,SMCI,3,0,501,504
451,113,63,0.3492,0.5155,2.9971,0.4022,0.3492,0.3492,63,0.3492,63,0.3492,63,SMCI,3,1,564,567
501,126,63,0.4603,0.5,0.7001,0.2535,0.4603,0.4603,63,,0,,0,SMCI,3,2,627,630
552,138,63,0.5079,0.5504,0.6942,0.2505,0.4921,,0,,0,,0,SMCI,3,3,690,693
602,151,63,0.5556,0.5265,0.6971,0.2517,0.4444,0.5,16,0.4444,9,0.4444,9,SMCI,3,4,753,756
652,164,63,0.4921,0.4995,0.6933,0.2501,0.5079,0.5,2,,0,,0,SMCI,3,5,816,819
703,176,63,0.4603,0.4375,0.7206,0.2626,0.5079,0.3333,6,0.3333,6,0.3333,6,SMCI,3,6,879,882
753,189,63,0.381,0.5,0.7054,0.2561,0.381,0.381,63,,0,,0,SMCI,3,7,942,945
804,201,63,0.6508,0.6754,1.2538,0.2233,0.5714,0.8182,22,0.8182,22,0.8182,22,SMCI,3,8,1005,1008
400,101,63,0.5714,0.4712,2.2874,0.342,0.5714,0.5738,61,0.5738,61,0.5217,46,SMMT,3,0,501,504
451,113,63,0.4603,0.6167,0.7413,0.2686,0.4762,0.463,54,0.463,54,0.8,5,SMMT,3,1,564,567
501,126,63,0.3968,0.4012,1.6478,0.2954,0.5079,0.25,12,0.25,12,,0,SMMT,3,2,627,630
552,138,63,0.4762,0.5122,0.6932,0.2504,0.4603,0.4667,60,,0,,0,SMMT,3,3,690,693
602,151,63,0.4921,0.5,0.6956,0.2512,0.4921,0.4921,63,,0,,0,SMMT,3,4,753,756
652,164,63,0.4444,0.5353,0.7037,0.2553,0.619,0.75,8,0.75,8,,0,SMMT,3,5,816,819
703,176,63,0.4286,0.465,5.178,0.4371,0.4286,0.4286,63,0.4286,63,0.3947,38,SMMT,3,6,879,882
753,189,63,0.4286,0.4244,1.4273,0.2908,0.4286,0.4286,63,0.2,5,0.2,5,SMMT,3,7,942,945
804,201,63,0.4444,0.5929,0.6954,0.2511,0.5556,,0,,0,,0,SMMT,3,8,1005,1008
400,101,63,0.4286,0.433,0.7655,0.2825,0.4921,0.449,49,,0,,0,SNOW,3,0,501,504
451,113,63,0.3016,0.5,0.7972,0.3012,0.3016,0.3016,63,0.3016,63,0.3016,63,SNOW,3,1,564,567
501,126,63,0.4762,0.5,0.7121,0.2594,0.5238,,0,,0,,0,SNOW,3,2,627,630
552,138,63,0.3651,0.4902,0.7542,0.2801,0.6349,,0,,0,,0,SNOW,3,3,690,693
602,151,63,0.5556,0.5977,0.7062,0.2561,0.5714,0.6176,34,0.6176,34,,0,SNOW,3,4,753,756
652,164,63,0.3968,0.57,0.7195,0.2631,0.6032,0.5,8,,0,,0,SNOW,3,5,816,819
703,176,63,0.5079,0.5122,0.7012,0.254,0.5556,0.5476,42,0.6316,19,0.6667,3,SNOW,3,6,879,882
753,189,63,0.4444,0.5607,0.6935,0.2516,0.4286,0.4355,62,0.4828,29,0.5556,9,SNOW,3,7,942,945
804,201,63,0.6032,0.5895,0.7663,0.2769,0.3968,0.5,28,0.5,28,0.5,28,SNOW,3,8,1005,1008
400,101,63,0.6825,0.683,0.6409,0.2266,0.5079,0.6304,46,,0,,0,TEAM,3,0,501,504
451,113,63,0.3651,0.656,3.1923,0.4172,0.3651,0.3651,63,0.3651,63,0.3651,63,TEAM,3,1,564,567
501,126,63,0.619,0.5782,0.6465,0.2282,0.6667,0.6552,58,0.7727,22,0.7619,21,TEAM,3,2,627,630
552,138,63,0.3175,0.5,0.7876,0.2965,0.6825,,0,,0,,0,TEAM,3,3,690,693
602,151,63,0.4444,0.6147,1.4146,0.2902,0.3651,0.3696,46,0.3696,46,0.56,25,TEAM,3,4,753,756
652,164,63,0.5238,0.5318,0.7493,0.269,0.4762,0.5,58,0.5,58,0.4722,36,TEAM,3,5,816,819
703,176,63,0.4762,0.6039,5.1746,0.4386,0.4286,0.45,60,0.45,60,0.45,60,TEAM,3,6,879,882
753,189,63,0.4921,0.5998,2.3274,0.3139,0.4127,0.44,50,0.44,50,0.4783,46,TEAM,3,7,942,945
804,201,63,0.4286,0.46,1.8359,0.3603,0.4127,0.4194,62,0.4237,59,0.4237,59,TEAM,3,8,1005,1008
400,101,63,0.5397,0.5,0.69,0.2485,0.5397,0.5397,63,,0,,0,TGT,3,0,501,504
451,113,63,0.5556,0.5045,1.5977,0.3453,0.5238,0.5424,59,0.5345,58,0.5345,58,TGT,3,1,564,567
501,126,63,0.5873,0.5468,0.8914,0.2475,0.5873,0.5873,63,0.5873,63,0.5873,63,TGT,3,2,627,630
552,138,63,0.5714,0.4167,0.9553,0.2698,0.5714,0.5714,63,0.25,8,0.25,8,TGT,3,3,690,693
602,151,63,0.3175,0.4008,0.7967,0.3006,0.3333,0.28,50,0.2857,49,0.2857,49,TGT,3,4,753,756
652,164,63,0.4444,0.5622,2.7796,0.3249,0.5556,,0,,0,,0,TGT,3,5,816,819
703,176,63,0.5556,0.4474,0.6863,0.2466,0.3968,0.0,3,,0,,0,TGT,3,6,879,882
753,189,63,0.3333,0.4093,1.5378,0.3308,0.6667,,0,,0,,0,TGT,3,7,942,945
804,201,63,0.5079,0.5,0.6954,0.2511,0.5079,0.5079,63,,0,,0,TGT,3,8,1005,1008
400,101,63,0.5079,0.503,0.7511,0.2759,0.5397,0.56,25,0.56,25,0.5833,24,TJX,3,0,501,504
451,113,63,0.5714,0.5378,0.7235,0.2638,0.6825,0.6905,42,0.6667,36,0.6667,36,TJX,3,1,564,567
501,126,63,0.4762,0.7049,0.9056,0.2595,0.4603,0.4677,62,0.5,58,0.5,58,TJX,3,2,627,630
552,138,63,0.5079,0.48,0.9711,0.2791,0.6032,0.5854,41,0.5854,41,1.0,1,TJX,3,3,690,693
602,151,63,0.5556,0.5167,0.688,0.2475,0.4762,1.0,2,1.0,2,,0,TJX,3,4,753,756
652,164,63,0.5238,0.5595,0.6719,0.242,0.5079,0.5172,58,0.8,5,0.8,5,TJX,3,5,816,819
703,176,63,0.4603,0.498,0.7019,0.2544,0.5556,1.0,1,1.0,1,1.0,1,TJX,3,6,879,882
753,189,63,0.5079,0.5747,0.8798,0.2392,0.5238,0.5278,36,0.7778,9,0.7778,9,TJX,3,7,942,945
804,201,63,0.4603,0.5691,0.6858,0.2467,0.4127,0.431,58,0.0,1,0.0,1,TJX,3,8,1005,1008
400,101,63,0.4762,0.5258,0.9575,0.268,0.3968,0.4048,42,,0,,0,TPR,3,0,501,504
451,113,63,0.4921,0.55,2.2567,0.2879,0.4444,0.4474,38,0.4595,37,1.0,2,TPR,3,1,564,567
501,126,63,0.381,0.4237,1.309,0.336,0.6032,0.4286,7,0.4286,7,0.6667,3,TPR,3,2,627,630
552,138,63,0.4286,0.5288,0.7757,0.2848,0.6508,1.0,5,1.0,4,1.0,4,TPR,3,3,690,693
602,151,63,0.619,0.6311,0.6781,0.2425,0.5556,0.6038,53,,0,,0,TPR,3,4,753,756
652,164,63,0.6667,0.3481,1.1455,0.258,0.6984,0.6885,61,0.5946,37,,0,TPR,3,5,816,819
703,176,63,0.5397,0.3671,2.1379,0.3191,0.5397,0.5397,63,0.5397,63,0.5323,62,TPR,3,6,879,882
753,189,63,0.6508,0.5,0.6499,0.2286,0.6508,0.6508,63,0.6508,63,0.6508,63,TPR,3,7,942,945
804,201,63,0.4286,0.4985,0.7826,0.293,0.4286,0.4286,63,0.4286,63,0.4286,63,TPR,3,8,1005,1008
400,101,63,0.5556,0.5421,0.7173,0.2602,0.4603,0.5333,15,0.5333,15,0.4615,13,TSLA,3,0,501,504
451,113,63,0.4762,0.4975,0.762,0.2798,0.5238,0.5,24,0.5,12,0.5,12,TSLA,3,1,564,567
501,126,63,0.4762,0.4197,1.2341,0.2919,0.5238,0.5,22,0.5,2,,0,TSLA,3,2,627,630
552,138,63,0.3968,0.5,0.6967,0.2518,0.6032,,0,,0,,0,TSLA,3,3,690,693
602,151,63,0.3492,0.4848,0.7518,0.2786,0.3651,0.3548,62,0.3548,62,,0,TSLA,3,4,753,756
652,164,63,0.4762,0.5434,0.7139,0.2602,0.5238,,0,,0,,0,TSLA,3,5,816,819
703,176,63,0.4603,0.6703,0.7098,0.2588,0.5714,0.75,4,,0,,0,TSLA,3,6,879,882
753,189,63,0.5556,0.5444,0.6888,0.2477,0.4444,0.5,2,0.5,2,0.5,2,TSLA,3,7,942,945
804,201,63,0.5397,0.5439,0.6895,0.2482,0.4921,1.0,2,,0,,0,TSLA,3,8,1005,1008
400,101,63,0.4921,0.4944,3.2572,0.3455,0.5397,0.5357,28,,0,,0,TSM,3,0,501,504
451,113,63,0.5397,0.4631,0.7482,0.2616,0.5873,0.569,58,0.5,8,0.5,8,TSM,3,1,564,567
501,126,63,0.5873,0.535,0.6794,0.2431,0.5714,0.5862,58,0.5862,58,,0,TSM,3,2,627,630
552,138,63,0.5556,0.6495,0.6863,0.2466,0.5238,0.549,51,0.549,51,0.8333,6,TSM,3,3,690,693
602,151,63,0.4286,0.6667,0.7056,0.2561,0.4286,0.4286,63,0.5294,51,0.5294,51,TSM,3,4,753,756
652,164,63,0.381,0.5864,0.699,0.2545,0.6349,1.0,1,1.0,1,1.0,1,TSM,3,5,816,819
703,176,63,0.4444,0.5163,1.1972,0.2834,0.5556,,0,,0,,0,TSM,3,6,879,882
753,189,63,0.6508,0.5909,0.6767,0.2418,0.6508,0.6508,63,,0,,0,TSM,3,7,942,945
804,201,63,0.5556,0.4959,0.7094,0.2566,0.5556,0.5556,63,0.5556,63,0.5484,62,TSM,3,8,1005,1008
400,101,63,0.5397,0.4824,3.0385,0.3438,0.4921,0.5455,22,0.5455,22,0.5455,22,UAL,3,0,501,504
451,113,63,0.6349,0.5217,5.5828,0.3554,0.3651,,0,,0,,0,UAL,3,1,564,567
501,126,63,0.2222,0.551,0.879,0.3403,0.7778,,0,,0,,0,UAL,3,2,627,630
552,138,63,0.619,0.4812,0.6785,0.2427,0.6508,0.6393,61,0.6667,6,0.6667,6,UAL,3,3,690,693
602,151,63,0.5079,0.5136,0.7565,0.2786,0.4762,0.4902,51,0.5102,49,0.4857,35,UAL,3,4,753,756
652,164,63,0.5714,0.5556,1.1293,0.2557,0.619,0.6364,44,0.6364,44,0.6364,44,UAL,3,5,816,819
703,176,63,0.5556,0.5857,0.7081,0.254,0.5556,0.5556,63,0.6176,34,0.6061,33,UAL,3,6,879,882
753,189,63,0.6508,0.6845,0.6253,0.22,0.5873,0.6829,41,0.6829,41,0.9091,11,UAL,3,7,942,945
804,201,63,0.5556,0.5737,0.6814,0.2418,0.3968,0.4516,31,0.4516,31,0.8,5,UAL,3,8,1005,1008
400,101,63,0.5873,0.5167,3.6668,0.34,0.5397,0.569,58,0.5333,30,0.5172,29,UNH,3,0,501,504
451,113,63,0.4603,0.4205,1.0986,0.3256,0.5873,0.6,15,0.0,2,0.0,2,UNH,3,1,564,567
501,126,63,0.5556,0.4857,0.6877,0.2473,0.5556,0.5556,63,0.5556,63,,0,UNH,3,2,627,630
552,138,63,0.5873,0.7001,0.607,0.219,0.5873,0.5873,63,0.5873,63,0.6944,36,UNH,3,3,690,693
602,151,63,0.5079,0.4627,3.0456,0.3456,0.5079,0.5079,63,0.5079,63,0.4865,37,UNH,3,4,753,756
652,164,63,0.4127,0.7479,0.7361,0.2741,0.3968,0.4032,62,0.4167,60,0.5238,42,UNH,3,5,816,819
703,176,63,0.4444,0.5122,0.8135,0.2876,0.5556,0.5,6,0.5,6,0.5,6,UNH,3,6,879,882
753,189,63,0.4762,0.4495,0.7041,0.2555,0.4762,0.3333,9,0.375,8,1.0,1,UNH,3,7,942,945
804,201,63,0.5079,0.547,0.9233,0.259,0.619,0.7857,14,0.8333,6,0.8333,6,UNH,3,8,1005,1008
400,101,63,0.4444,0.4923,0.9036,0.3408,0.4286,0.431,58,0.431,58,0.431,58,V,3,0,501,504
451,113,63,0.4921,0.558,0.9437,0.2673,0.5079,0.5,62,0.5,62,0.5,62,V,3,1,564,567
501,126,63,0.7619,0.8065,0.6762,0.2482,0.746,0.8636,44,,0,,0,V,3,2,627,630
552,138,63,0.4603,0.4337,3.6177,0.3987,0.6349,0.5789,38,0.5789,38,,0,V,3,3,690,693
602,151,63,0.6667,0.6935,0.6077,0.2094,0.6508,0.8125,32,0.8065,31,0.8077,26,V,3,4,753,756
652,164,63,0.5556,0.5239,1.6174,0.2788,0.5873,0.6364,33,0.625,32,0.625,32,V,3,5,816,819
703,176,63,0.5556,0.4393,0.7171,0.2606,0.5556,0.5556,63,0.5556,63,0.5556,63,V,3,6,879,882
753,189,63,0.4603,0.5,0.8253,0.3106,0.4603,0.4603,63,0.4603,63,0.4603,63,V,3,7,942,945
804,201,63,0.4921,0.5,0.7041,0.2554,0.4921,0.4921,63,0.4921,63,,0,V,3,8,1005,1008
400,101,63,0.5714,0.4174,0.7015,0.254,0.5873,0.5806,62,0.4615,13,0.4615,13,VKTX,3,0,501,504
451,113,63,0.254,0.4186,2.2382,0.4279,0.3175,0.2632,57,0.2632,57,0.2632,57,VKTX,3,1,564,567
501,126,63,0.4603,0.5066,0.9254,0.2584,0.5079,0.0,2,0.0,1,0.0,1,VKTX,3,2,627,630
552,138,63,0.6825,0.704,3.4781,0.3392,0.3492,0.5312,32,0.5312,32,0.5,30,VKTX,3,3,690,693
602,151,63,0.5873,0.6069,0.6749,0.2408,0.4921,0.6667,15,0.6667,15,0.6667,15,VKTX,3,4,753,756
652,164,63,0.3968,0.5563,0.7468,0.2761,0.6032,,0,,0,,0,VKTX,3,5,816,819
703,176,63,0.6508,0.6613,0.7049,0.2538,0.6508,0.7714,35,,0,,0,VKTX,3,6,879,882
753,189,63,0.4444,0.5299,0.709,0.2599,0.3492,0.3673,49,0.3333,42,1.0,2,VKTX,3,7,942,945
804,201,63,0.6032,0.6284,0.6619,0.2373,0.5873,0.6579,38,0.875,8,1.0,6,VKTX,3,8,1005,1008
400,101,63,0.5556,0.5,0.6873,0.2471,0.5556,0.5556,63,0.5556,63,,0,VZ,3,0,501,504
451,113,63,0.5714,0.4285,0.6966,0.2516,0.5714,0.5714,63,0.52,50,0.5306,49,VZ,3,1,564,567
501,126,63,0.5873,0.5036,0.6809,0.244,0.5873,0.5873,63,0.6,5,0.6,5,VZ,3,2,627,630
552,138,63,0.4603,0.7221,1.5519,0.2655,0.4603,0.4603,63,0.4603,63,0.7727,22,VZ,3,3,690,693
602,151,63,0.5873,0.6221,0.6628,0.2353,0.5873,0.5873,63,0.8,10,0.8,10,VZ,3,4,753,756
652,164,63,0.4603,0.4393,0.7489,0.2766,0.4286,0.3939,33,0.3548,31,0.3684,19,VZ,3,5,816,819
703,176,63,0.4921,0.5314,1.8405,0.2885,0.4603,0.4706,51,0.4468,47,0.5833,12,VZ,3,6,879,882
753,189,63,0.5714,0.5134,2.9894,0.3224,0.5714,0.5714,63,0.5532,47,0.5909,44,VZ,3,7,942,945
804,201,63,0.4762,0.6205,0.6777,0.2425,0.4921,0.375,8,0.75,4,0.75,4,VZ,3,8,1005,1008
400,101,63,0.6349,0.6258,0.6378,0.2285,0.5238,0.625,40,0.625,40,0.625,40,WMT,3,0,501,504
451,113,63,0.6508,0.6871,2.4673,0.2837,0.5873,0.7586,29,0.75,28,0.8,5,WMT,3,1,564,567
501,126,63,0.619,0.5076,1.8489,0.2841,0.6825,0.6792,53,0.68,50,0.68,50,WMT,3,2,627,630
552,138,63,0.619,0.7148,0.6416,0.2254,0.7143,0.8889,27,0.8889,27,0.8889,27,WMT,3,3,690,693
602,151,63,0.5873,0.4748,0.7558,0.2731,0.5714,0.5926,54,0.5849,53,0.5849,53,WMT,3,4,753,756
652,164,63,0.619,0.5037,0.6639,0.2355,0.619,0.619,63,0.619,63,0.629,62,WMT,3,5,816,819
703,176,63,0.5079,0.5963,0.7083,0.2562,0.5079,0.5079,63,0.6047,43,0.6047,43,WMT,3,6,879,882
753,189,63,0.6349,0.6331,0.6604,0.234,0.5873,0.6458,48,0.8333,12,0.8333,12,WMT,3,7,942,945
804,201,63,0.5556,0.5867,0.6844,0.2457,0.5556,0.5556,63,0.5484,62,0.619,42,WMT,3,8,1005,1008
400,101,63,0.4921,0.6423,0.8837,0.2438,0.4444,0.4667,60,0.6923,13,0.6923,13,ZM,3,0,501,504
451,113,63,0.4603,0.503,0.7629,0.2826,0.4762,0.4655,58,0.4286,42,0.4286,42,ZM,3,1,564,567
501,126,63,0.3016,0.6633,5.4385,0.4601,0.6984,0.5,2,0.5,2,0.5,2,ZM,3,2,627,630
552,138,63,0.4921,0.568,0.6927,0.2498,0.4921,0.4921,63,0.5385,39,,0,ZM,3,3,690,693
602,151,63,0.6032,0.56,0.6692,0.2381,0.6032,0.6032,63,0.6129,62,,0,ZM,3,4,753,756
652,164,63,0.5873,0.6063,0.8869,0.2403,0.3968,0.4878,41,0.4878,41,0.4,5,ZM,3,5,816,819
703,176,63,0.4444,0.4681,0.8939,0.3385,0.5714,0.5333,15,0.4,10,0.4,10,ZM,3,6,879,882
753,189,63,0.5556,0.6202,0.8861,0.2418,0.4603,0.5098,51,0.4898,49,0.6667,12,ZM,3,7,942,945
804,201,63,0.6508,0.578,0.7316,0.2586,0.5873,0.7143,35,0.7143,35,0.6522,23,ZM,3,8,1005,1008
400,101,63,0.5714,0.447,0.7337,0.2651,0.5714,0.5763,59,0.5763,59,0.5763,59,COIN,3,0,501,504
451,113,63,0.381,0.4092,1.7918,0.3564,0.381,0.381,63,0.3934,61,0.3966,58,COIN,3,1,564,567
501,126,63,0.4286,0.4861,1.4123,0.2867,0.5714,0.5,12,0.5,12,,0,COIN,3,2,627,630
552,138,63,0.5238,0.5,0.692,0.2494,0.4762,,0,,0,,0,COIN,3,3,690,693
602,151,63,0.5079,0.5401,0.6993,0.2531,0.4603,0.4783,46,0.4634,41,0.7143,7,COIN,3,4,753,756
652,164,63,0.6667,0.6564,0.6682,0.2378,0.5873,0.6481,54,,0,,0,COIN,3,5,816,819
703,176,63,0.4444,0.3992,0.7489,0.2765,0.5079,0.4516,31,0.3704,27,,0,COIN,3,6,879,882
753,189,63,0.3016,0.5478,0.7138,0.2619,0.3016,0.3016,63,1.0,1,1.0,1,COIN,3,7,942,945
804,201,63,0.5397,0.5597,1.386,0.2754,0.5556,0.5882,34,0.5882,34,0.5882,34,COIN,3,8,1005,1008
400,101,63,0.4762,0.6121,0.6895,0.2482,0.4762,0.4762,63,,0,,0,AVGO,3,0,501,504
451,113,63,0.4603,0.504,0.7536,0.2751,0.4921,0.4694,49,,0,,0,AVGO,3,1,564,567
501,126,63,0.5873,0.557,1.6137,0.2772,0.5079,0.5714,42,0.5789,38,0.5385,13,AVGO,3,2,627,630
552,138,63,0.6508,0.5741,0.6879,0.2434,0.5714,0.625,56,0.6279,43,0.0,2,AVGO,3,3,690,693
602,151,63,0.4603,0.4551,1.4457,0.299,0.4762,0.4655,58,0.4655,58,0.4737,57,AVGO,3,4,753,756
652,164,63,0.619,0.5724,0.6556,0.2313,0.6984,0.7174,46,0.75,44,,0,AVGO,3,5,816,819
703,176,63,0.4921,0.599,1.3744,0.2708,0.4444,0.4524,42,0.4737,38,0.6875,16,AVGO,3,6,879,882
753,189,63,0.4286,0.4913,0.7425,0.2741,0.4444,0.42,50,0.4286,49,,0,AVGO,3,7,942,945
804,201,63,0.5397,0.5844,1.15,0.2622,0.5714,0.6207,29,0.6207,29,0.7,20,AVGO,3,8,1005,1008
400,101,63,0.619,0.6971,0.6705,0.2387,0.5079,0.587,46,0.587,46,0.587,46,ANET,3,0,501,504
451,113,63,0.4444,0.4219,0.7538,0.2793,0.5079,0.4717,53,0.4583,48,0.4583,48,ANET,3,1,564,567
501,126,63,0.4921,0.4668,1.1826,0.2792,0.6032,0.6364,22,0.6364,22,0.6,5,ANET,3,2,627,630
552,138,63,0.6032,0.6021,0.6496,0.2299,0.6032,0.6032,63,0.8182,11,0.8182,11,ANET,3,3,690,693
602,151,63,0.3968,0.5332,4.0118,0.3933,0.3968,0.3968,63,0.4107,56,0.4,25,ANET,3,4,753,756
652,164,63,0.6667,0.5103,1.0974,0.2421,0.6349,0.661,59,0.62,50,0.8,5,ANET,3,5,816,819
703,176,63,0.5079,0.4583,3.7634,0.3758,0.619,0.5909,44,0.5909,44,,0,ANET,3,6,879,882
753,189,63,0.5079,0.5,0.6993,0.253,0.5079,0.5079,63,0.5079,63,,0,ANET,3,7,942,945
804,201,63,0.5873,0.5,0.6778,0.2424,0.5873,0.5873,63,0.5873,63,,0,ANET,3,8,1005,1008
400,101,63,0.4762,0.5588,0.7263,0.2661,0.6508,0.6667,24,0.6667,24,0.0,1,AMAT,3,0,501,504
451,113,63,0.619,0.3873,2.546,0.3116,0.5714,0.6034,58,0.566,53,0.566,53,AMAT,3,1,564,567
501,126,63,0.5238,0.5667,0.8132,0.301,0.5238,0.5238,63,0.5238,63,0.5238,63,AMAT,3,2,627,630
552,138,63,0.5079,0.4677,1.1798,0.275,0.5079,0.5079,63,0.5079,63,0.0,2,AMAT,3,3,690,693
602,151,63,0.4127,0.5,0.6931,0.25,0.4127,0.4127,63,,0,,0,AMAT,3,4,753,756
652,164,63,0.5079,0.5273,1.1573,0.2669,0.5714,0.619,21,0.619,21,0.5,4,AMAT,3,5,816,819
703,176,63,0.4603,0.5584,4.7465,0.4321,0.6667,0.7,20,0.7,20,,0,AMAT,3,6,879,882
753,189,63,0.3968,0.4465,0.9159,0.3492,0.5873,0.4615,13,0.4615,13,,0,AMAT,3,7,942,945
804,201,63,0.7302,0.6574,0.5968,0.2032,0.6508,0.7069,58,0.7347,49,0.7347,49,AMAT,3,8,1005,1008
400,101,63,0.5556,0.5,0.6892,0.248,0.5556,0.5556,63,,0,,0,LRCX,3,0,501,504
451,113,63,0.5079,0.4367,2.5787,0.3262,0.5556,0.5417,48,0.5417,48,0.5417,48,LRCX,3,1,564,567
501,126,63,0.5238,0.5455,2.3071,0.3061,0.5238,0.5238,63,0.5238,63,0.5238,63,LRCX,3,2,627,630
552,138,63,0.4921,0.5907,0.6998,0.2532,0.4921,0.4921,63,0.5581,43,0.5581,43,LRCX,3,3,690,693
602,151,63,0.4762,0.4737,1.161,0.2699,0.5238,0.5,52,0.5714,7,0.5714,7,LRCX,3,4,753,756
652,164,63,0.619,0.5,0.6855,0.2462,0.619,0.619,63,,0,,0,LRCX,3,5,816,819
703,176,63,0.4603,0.507,6.4108,0.5041,0.6825,0.7143,21,,0,,0,LRCX,3,6,879,882
753,189,63,0.6349,0.6723,0.6401,0.2241,0.6349,0.6349,63,0.6349,63,0.8636,22,LRCX,3,7,942,945
804,201,63,0.619,0.5246,0.6787,0.2419,0.619,0.623,61,0.623,61,0.623,61,LRCX,3,8,1005,1008
400,101,63,0.6984,0.5837,0.6204,0.2146,0.6825,0.6935,62,0.7,30,0.8571,21,VRT,3,0,501,504
451,113,63,0.4921,0.5898,0.8724,0.3207,0.4444,0.4667,60,0.4746,59,0.4746,59,VRT,3,1,564,567
501,126,63,0.7143,0.6651,0.6118,0.2102,0.6825,0.7193,57,0.7193,57,0.7321,56,VRT,3,2,627,630
552,138,63,0.6825,0.681,0.6539,0.2297,0.5397,0.6458,48,0.6458,48,0.6757,37,VRT,3,3,690,693
602,151,63,0.5238,0.4372,0.7529,0.2771,0.5556,0.5424,59,0.5439,57,0.5439,57,VRT,3,4,753,756
652,164,63,0.6667,0.5527,0.6487,0.228,0.6667,0.6667,63,0.6667,63,,0,VRT,3,5,816,819
703,176,63,0.5238,0.5374,0.7067,0.2563,0.5238,0.5238,63,0.5526,38,0.5556,36,VRT,3,6,879,882
753,189,63,0.4603,0.552,0.7209,0.2625,0.4762,0.4545,44,0.6667,21,0.6667,21,VRT,3,7,942,945
804,201,63,0.3651,0.557,1.4091,0.2846,0.6825,0.8,5,0.8,5,0.8,5,VRT,3,8,1005,1008
400,101,63,0.6349,0.6023,0.6727,0.2394,0.6984,0.7442,43,0.7381,42,0.7381,42,ETN,3,0,501,504
451,113,63,0.4127,0.5385,0.8574,0.3235,0.4127,0.4127,63,0.4127,63,0.4127,63,ETN,3,1,564,567
501,126,63,0.6349,0.5377,0.6929,0.2449,0.6508,0.6452,62,0.6491,57,0.6491,57,ETN,3,2,627,630
552,138,63,0.4762,0.562,0.708,0.2573,0.4921,0.475,40,0.5135,37,0.5135,37,ETN,3,3,690,693
602,151,63,0.5397,0.5228,1.4214,0.2878,0.5397,0.5424,59,0.5424,59,0.5405,37,ETN,3,4,753,756
652,164,63,0.6508,0.5432,0.9534,0.2484,0.6508,0.6508,63,0.6977,43,0.625,16,ETN,3,5,816,819
703,176,63,0.6032,0.5398,0.6842,0.2455,0.4444,0.8,5,0.8,5,,0,ETN,3,6,879,882
753,189,63,0.7143,0.7323,0.8701,0.2338,0.5238,0.6829,41,0.8,5,,0,ETN,3,7,942,945
804,201,63,0.5397,0.5393,0.6968,0.2514,0.5556,0.575,40,0.575,40,0.575,40,ETN,3,8,1005,1008
400,101,63,0.4127,0.5,0.7602,0.2828,0.4127,0.4127,63,0.4127,63,0.4127,63,NOW,3,0,501,504
451,113,63,0.619,0.5353,2.5525,0.306,0.619,0.6271,59,0.6207,58,0.6207,58,NOW,3,1,564,567
501,126,63,0.3968,0.5587,4.5436,0.4387,0.6349,0.75,4,0.75,4,1.0,2,NOW,3,2,627,630
552,138,63,0.5873,0.5468,0.903,0.2475,0.5714,0.5806,62,0.5806,62,0.7143,7,NOW,3,3,690,693
602,151,63,0.4286,0.4023,0.7531,0.2808,0.4286,0.4286,63,0.4286,63,0.3636,55,NOW,3,4,753,756
652,164,63,0.4603,0.5,0.6949,0.2509,0.4603,0.4603,63,,0,,0,NOW,3,5,816,819
703,176,63,0.5397,0.5217,1.6251,0.2841,0.4762,0.5333,15,0.4286,7,0.4286,7,NOW,3,6,879,882
753,189,63,0.6032,0.51,0.7391,0.2643,0.3492,0.3636,11,0.4,10,0.4444,9,NOW,3,7,942,945
804,201,63,0.5873,0.5609,0.6737,0.2418,0.4603,0.6667,9,1.0,1,1.0,1,NOW,3,8,1005,1008
400,101,63,0.3968,0.4579,3.8025,0.3998,0.3968,0.3968,63,0.3968,63,0.3968,63,EQIX,3,0,501,504
451,113,63,0.4921,0.4304,2.6009,0.334,0.4921,0.4918,61,0.3333,12,0.2727,11,EQIX,3,1,564,567
501,126,63,0.4921,0.5015,0.7007,0.2537,0.5079,,0,,0,,0,EQIX,3,2,627,630
552,138,63,0.3968,0.56,0.691,0.249,0.6032,,0,,0,,0,EQIX,3,3,690,693
602,151,63,0.6667,0.7273,0.6567,0.2293,0.4921,0.7778,18,0.7778,18,1.0,1,EQIX,3,4,753,756
652,164,63,0.3333,0.3364,0.816,0.3071,0.4762,0.3125,32,0.3125,32,0.3125,32,EQIX,3,5,816,819
703,176,63,0.6032,0.5499,0.6731,0.2392,0.5873,0.6034,58,0.614,57,,0,EQIX,3,6,879,882
753,189,63,0.6349,0.6158,0.6562,0.2325,0.5556,0.6304,46,0.6341,41,1.0,2,EQIX,3,7,942,945
804,201,63,0.6349,0.4337,0.6632,0.2355,0.6349,0.6349,63,0.6102,59,0.8333,6,EQIX,3,8,1005,1008
400,101,63,0.4921,0.5101,2.7712,0.3211,0.4603,0.4634,41,0.5,38,,0,DLR,3,0,501,504
451,113,63,0.4444,0.4365,0.7768,0.2879,0.5079,0.4,15,0.4,15,0.3571,14,DLR,3,1,564,567
501,126,63,0.3651,0.4797,0.7186,0.2627,0.619,0.4545,11,0.4545,11,0.4545,11,DLR,3,2,627,630
552,138,63,0.4762,0.55,0.6979,0.2523,0.4762,0.4754,61,0.4444,18,,0,DLR,3,3,690,693
602,151,63,0.5714,0.5885,0.6916,0.2473,0.5714,0.5714,63,0.5667,60,0.6667,27,DLR,3,4,753,756
652,164,63,0.5079,0.5514,1.1545,0.2662,0.5079,0.5079,63,0.6,15,0.6,15,DLR,3,5,816,819
703,176,63,0.5556,0.5993,0.7141,0.2598,0.4286,0.4865,37,0.4865,37,0.4667,30,DLR,3,6,879,882
753,189,63,0.4762,0.4812,1.4241,0.2928,0.5397,0.5238,21,0.5385,13,,0,DLR,3,7,942,945
804,201,63,0.4921,0.4666,1.5358,0.3293,0.5714,0.5833,24,0.5833,24,0.3333,12,DLR,3,8,1005,1008
400,101,63,0.5238,0.3641,0.7461,0.2756,0.5238,0.5238,63,0.3462,26,0.36,25,WDC,3,0,501,504
451,113,63,0.5397,0.4828,0.6979,0.2521,0.5397,0.5397,63,0.5397,63,0.0,1,WDC,3,1,564,567
501,126,63,0.619,0.6008,1.3485,0.2556,0.5714,0.6034,58,0.6034,58,0.6327,49,WDC,3,2,627,630
552,138,63,0.5238,0.5771,1.3872,0.2757,0.4921,0.5094,53,0.5094,53,0.5417,24,WDC,3,3,690,693
602,151,63,0.4921,0.693,0.947,0.3444,0.5079,,0,,0,,0,WDC,3,4,753,756
652,164,63,0.2698,0.5451,1.2788,0.4157,0.7619,1.0,2,,0,,0,WDC,3,5,816,819
703,176,63,0.7619,0.5,0.6463,0.2267,0.7619,0.7619,63,,0,,0,WDC,3,6,879,882
753,189,63,0.6349,0.5,0.658,0.2326,0.6349,0.6349,63,0.6349,63,0.6349,63,WDC,3,7,942,945
804,201,63,0.7143,0.4673,0.6305,0.2143,0.7143,0.7143,63,0.7143,63,0.7143,63,WDC,3,8,1005,1008
400,101,63,0.381,0.3043,1.0596,0.3225,0.4603,0.381,42,0.381,42,0.381,42,STX,3,0,501,504
451,113,63,0.4127,0.3987,1.4522,0.3018,0.5079,0.3333,15,0.4444,9,,0,STX,3,1,564,567
501,126,63,0.4127,0.5021,1.4199,0.289,0.619,0.6667,6,0.6667,6,,0,STX,3,2,627,630
552,138,63,0.4286,0.5787,0.8087,0.3036,0.4286,0.4286,63,0.4286,63,0.4727,55,STX,3,3,690,693
602,151,63,0.5556,0.4861,0.692,0.2494,0.5714,0.5645,62,,0,,0,STX,3,4,753,756
652,164,63,0.5079,0.5122,6.8397,0.5038,0.6825,0.7727,22,,0,,0,STX,3,5,816,819
703,176,63,0.7302,0.5,0.6357,0.2215,0.7302,0.7302,63,0.7302,63,,0,STX,3,6,879,882
753,189,63,0.5873,0.5,0.6896,0.2478,0.5873,0.5873,63,0.5873,63,0.5873,63,STX,3,7,942,945
804,201,63,0.6667,0.4161,0.6315,0.2236,0.6667,0.6667,63,0.6667,63,0.6531,49,STX,3,8,1005,1008
400,101,63,0.5556,0.6082,0.6766,0.2418,0.5556,0.5556,63,0.6571,35,,0,ASML,3,0,501,504
451,113,63,0.4444,0.4336,1.2271,0.2949,0.5714,0.5161,31,0.5161,31,0.5161,31,ASML,3,1,564,567
501,126,63,0.4921,0.5922,0.7154,0.2608,0.4921,0.4921,63,0.5,46,0.5238,42,ASML,3,2,627,630
552,138,63,0.5238,0.4802,1.1872,0.2762,0.5397,0.55,40,0.5263,38,0.4,5,ASML,3,3,690,693
602,151,63,0.5079,0.5045,0.6947,0.2508,0.4762,0.4828,29,,0,,0,ASML,3,4,753,756
652,164,63,0.6508,0.6474,0.6472,0.2274,0.5556,0.697,33,0.697,33,0.697,33,ASML,3,5,816,819
703,176,63,0.5397,0.6564,0.6611,0.2345,0.6825,0.8182,22,0.8182,22,0.75,8,ASML,3,6,879,882
753,189,63,0.4921,0.4973,0.976,0.2802,0.619,0.6061,33,0.6061,33,0.6061,33,ASML,3,7,942,945
804,201,63,0.619,0.5781,0.71,0.2556,0.4921,0.5745,47,0.5854,41,0.5161,31,ASML,3,8,1005,1008
400,101,63,0.5714,0.4028,0.7546,0.2759,0.5714,0.5714,63,0.5614,57,0.5614,57,CEG,3,0,501,504
451,113,63,0.5556,0.5383,0.6969,0.2516,0.5556,0.5556,63,0.5536,56,0.5636,55,CEG,3,1,564,567
501,126,63,0.6032,0.6758,0.6556,0.231,0.6032,0.6032,63,0.7317,41,0.8,5,CEG,3,2,627,630
552,138,63,0.5079,0.4793,0.7011,0.2565,0.5079,0.5079,63,0.4583,24,0.4583,24,CEG,3,3,690,693
602,151,63,0.619,0.5201,0.6619,0.2347,0.6349,0.629,62,0.629,62,0.6923,13,CEG,3,4,753,756
652,164,63,0.5397,0.4888,0.6948,0.2502,0.5397,0.541,61,0.6667,3,0.6667,3,CEG,3,5,816,819
703,176,63,0.5556,0.5821,0.6872,0.2463,0.5556,0.5556,63,0.6078,51,0.625,8,CEG,3,6,879,882
753,189,63,0.4603,0.5274,0.7571,0.28,0.4603,0.4603,63,0.45,60,0.4468,47,CEG,3,7,942,945
804,201,63,0.381,0.3405,1.296,0.3252,0.4286,0.3636,44,0.3636,44,0.1538,13,CEG,3,8,1005,1008
400,101,63,0.4762,0.5622,1.1529,0.3403,0.6984,0.7391,23,0.7391,23,0.7273,22,VST,3,0,501,504
451,113,63,0.5238,0.5354,1.8812,0.3061,0.5238,0.5238,63,0.5082,61,0.561,41,VST,3,1,564,567
501,126,63,0.5873,0.4696,0.6929,0.2493,0.619,0.6182,55,0.6182,55,0.6182,55,VST,3,2,627,630
552,138,63,0.5873,0.6442,0.9048,0.2469,0.6032,0.5968,62,0.5968,62,1.0,1,VST,3,3,690,693
602,151,63,0.5079,0.4536,0.7049,0.2558,0.5079,0.5079,63,0.4857,35,,0,VST,3,4,753,756
652,164,63,0.6667,0.4922,0.6604,0.2337,0.6984,0.6949,59,0.6949,59,,0,VST,3,5,816,819
703,176,63,0.4444,0.498,0.7574,0.2812,0.4444,0.4426,61,0.4426,61,0.4426,61,VST,3,6,879,882
753,189,63,0.4127,0.5754,0.7209,0.2638,0.4127,0.4127,63,0.4545,55,,0,VST,3,7,942,945
804,201,63,0.6349,0.6562,0.7258,0.2372,0.5397,0.6,55,0.6111,54,0.7,20,VST,3,8,1005,1008
400,101,63,0.5556,0.4944,0.6896,0.2483,0.5556,0.5556,63,0.5,4,0.6667,3,LIN,3,0,501,504
451,113,63,0.5873,0.527,0.668,0.2392,0.5873,0.5873,63,1.0,2,1.0,2,LIN,3,1,564,567
501,126,63,0.6032,0.5,0.6815,0.2438,0.6032,0.6032,63,0.6129,62,0.0,1,LIN,3,2,627,630
552,138,63,0.5397,0.4244,2.0514,0.3503,0.5397,0.5397,63,0.5435,46,0.5435,46,LIN,3,3,690,693
602,151,63,0.6508,0.5926,0.6465,0.2271,0.6508,0.6508,63,0.7692,26,0.7692,26,LIN,3,4,753,756
652,164,63,0.5397,0.5177,0.7022,0.2543,0.5397,0.5455,55,0.5455,55,0.5455,55,LIN,3,5,816,819
703,176,63,0.4603,0.5258,0.9279,0.2621,0.4762,0.4565,46,0.4565,46,1.0,3,LIN,3,6,879,882
753,189,63,0.4762,0.4805,0.7326,0.2671,0.5714,0.5455,33,0.5455,33,0.5455,33,LIN,3,7,942,945
804,201,63,0.4921,0.6303,1.5145,0.3108,0.619,1.0,7,1.0,7,,0,LIN,3,8,1005,1008
400,101,63,0.5238,0.5,0.6927,0.2498,0.4762,,0,,0,,0,MRVL,3,0,501,504
451,113,63,0.4286,0.4551,0.71,0.2582,0.5556,0.4737,19,0.5,18,0.3333,3,MRVL,3,1,564,567
501,126,63,0.7143,0.5272,0.6712,0.2392,0.7143,0.7143,63,0.8333,6,0.8,5,MRVL,3,2,627,630
552,138,63,0.5714,0.5214,0.6806,0.2438,0.619,0.625,48,0.617,47,0.6667,6,MRVL,3,3,690,693
602,151,63,0.4127,0.5463,1.0549,0.317,0.4127,0.4127,63,0.4127,63,0.451,51,MRVL,3,4,753,756
652,164,63,0.6667,0.5962,0.6413,0.2245,0.5873,0.6379,58,0.6379,58,,0,MRVL,3,5,816,819
703,176,63,0.6825,0.6519,0.6608,0.2337,0.6667,0.7391,46,0.7143,14,,0,MRVL,3,6,879,882
753,189,63,0.4762,0.5262,0.6859,0.2494,0.4286,0.4444,54,0.4419,43,,0,MRVL,3,7,942,945
804,201,63,0.4762,0.4533,3.5762,0.3822,0.6984,0.7391,23,0.7391,23,1.0,5,MRVL,3,8,1005,1008
400,101,63,0.5238,0.5218,0.7021,0.2541,0.5397,0.5323,62,0.5769,26,0.5769,26,CLS,3,0,501,504
451,113,63,0.5714,0.4115,0.9479,0.266,0.5714,0.5714,63,0.3,10,0.3,10,CLS,3,1,564,567
501,126,63,0.6032,0.4979,0.6774,0.2422,0.6032,0.6032,63,0.6,45,0.6053,38,CLS,3,2,627,630
552,138,63,0.5714,0.4634,0.736,0.2684,0.6508,0.6296,54,0.625,48,,0,CLS,3,3,690,693
602,151,63,0.4921,0.557,0.9625,0.2757,0.4921,0.4921,63,0.4921,63,0.5278,36,CLS,3,4,753,756
652,164,63,0.7778,0.5,0.6111,0.2094,0.7778,0.7778,63,0.7778,63,,0,CLS,3,5,816,819
703,176,63,0.6032,0.52,0.6691,0.2381,0.6032,0.6032,63,0.6129,62,0.6129,62,CLS,3,6,879,882
753,189,63,0.4921,0.7044,0.7061,0.2565,0.4603,0.4754,61,0.4754,61,0.5306,49,CLS,3,7,942,945
804,201,63,0.5397,0.4362,0.7622,0.2785,0.5714,0.5574,61,0.5614,57,0.3846,13,CLS,3,8,1005,1008
400,101,63,0.3333,0.3084,5.0859,0.4744,0.3968,0.3023,43,0.1923,26,0.16,25,SYM,3,0,501,504
451,113,63,0.4444,0.5,0.7138,0.2603,0.5556,,0,,0,,0,SYM,3,1,564,567
501,126,63,0.6349,0.663,0.6157,0.2143,0.3651,0.5,24,,0,,0,SYM,3,2,627,630
552,138,63,0.254,0.4195,0.8205,0.309,0.746,,0,,0,,0,SYM,3,3,690,693
602,151,63,0.5714,0.5,0.6862,0.2465,0.5714,0.5714,63,,0,,0,SYM,3,4,753,756
652,164,63,0.4444,0.4173,0.724,0.2652,0.4603,0.4286,42,0.3158,19,,0,SYM,3,5,816,819
703,176,63,0.4921,0.5622,0.7034,0.2551,0.4286,0.4545,55,0.4783,46,,0,SYM,3,6,879,882
400,101,63,0.5873,0.5995,0.6669,0.2372,0.4762,0.54,50,0.54,50,,0,MNDY,3,0,501,504
451,113,63,0.5079,0.4643,3.323,0.3694,0.5556,0.5909,22,0.5909,22,0.5909,22,MNDY,3,1,564,567
501,126,63,0.4762,0.469,4.2717,0.4088,0.619,0.875,8,0.875,8,,0,MNDY,3,2,627,630
552,138,63,0.4762,0.5091,0.7415,0.2726,0.4762,0.4762,63,0.5,36,0.5,36,MNDY,3,3,690,693
602,151,63,0.6508,0.6593,0.6687,0.2379,0.4921,0.6364,33,0.65,20,0.65,20,MNDY,3,4,753,756
652,164,63,0.5238,0.4635,0.7004,0.2534,0.4603,0.3333,3,0.3333,3,0.3333,3,MNDY,3,5,816,819
703,176,63,0.5873,0.5944,0.6753,0.2411,0.5556,0.5818,55,0.5818,55,0.64,25,MNDY,3,6,879,882
753,189,63,0.4762,0.5889,3.3223,0.3735,0.2857,0.3171,41,0.3333,39,0.3333,39,MNDY,3,7,942,945
804,201,63,0.5079,0.6102,0.8885,0.2437,0.4127,0.449,49,0.8,5,0.8,5,MNDY,3,8,1005,1008
400,101,63,0.5556,0.5417,2.577,0.3235,0.4286,0.4872,39,0.4722,36,0.4286,21,FVRR,3,0,501,504
451,113,63,0.5714,0.6374,0.8893,0.2453,0.4603,0.75,4,,0,,0,FVRR,3,1,564,567
501,126,63,0.5397,0.5418,0.9603,0.2745,0.5079,1.0,3,,0,,0,FVRR,3,2,627,630
552,138,63,0.5714,0.5811,0.6545,0.2321,0.4921,0.6667,12,0.8,10,0.8,10,FVRR,3,3,690,693
602,151,63,0.4603,0.5106,0.6784,0.2458,0.5238,0.4444,9,1.0,1,1.0,1,FVRR,3,4,753,756
652,164,63,0.5397,0.5408,0.7115,0.2579,0.3651,0.3929,28,0.5,16,0.3333,6,FVRR,3,5,816,819
703,176,63,0.5238,0.5314,1.899,0.3125,0.4603,0.4884,43,0.4615,39,0.4615,39,FVRR,3,6,879,882
753,189,63,0.5079,0.5348,0.8704,0.3268,0.4127,0.451,51,0.4167,48,0.4167,48,FVRR,3,7,942,945
804,201,63,0.4127,0.4872,0.9498,0.2681,0.381,0.3934,61,0.0,3,0.0,3,FVRR,3,8,1005,1008
400,101,63,0.6032,0.5176,0.6763,0.2416,0.619,0.6296,54,0.6296,54,,0,APD,3,0,501,504
451,113,63,0.6349,0.6923,4.1219,0.3554,0.5873,0.8182,22,0.8182,22,,0,APD,3,1,564,567
501,126,63,0.3016,0.3075,2.5774,0.4094,0.5079,0.35,40,0.35,40,,0,APD,3,2,627,630
552,138,63,0.381,0.4015,3.6066,0.3955,0.5556,0.4524,42,0.4524,42,0.5556,18,APD,3,3,690,693
602,151,63,0.4921,0.5166,0.7031,0.2542,0.4921,0.4921,63,0.4921,63,0.6667,3,APD,3,4,753,756
652,164,63,0.6032,0.5658,0.6797,0.2433,0.6032,0.6032,63,,0,,0,APD,3,5,816,819
703,176,63,0.4444,0.5628,0.7127,0.2597,0.4444,0.4444,63,0.4694,49,,0,APD,3,6,879,882
753,189,63,0.6032,0.5529,0.6995,0.2508,0.619,0.7188,32,0.7188,32,0.625,16,APD,3,7,942,945
804,201,63,0.4286,0.4088,4.0445,0.4004,0.4921,0.1429,7,0.1429,7,0.1429,7,APD,3,8,1005,1008
400,101,63,0.6032,0.502,1.4306,0.2925,0.746,0.7391,46,,0,,0,EME,3,0,501,504
451,113,63,0.5556,0.5444,0.7466,0.2725,0.5556,0.5556,63,0.5556,63,0.5556,63,EME,3,1,564,567
501,126,63,0.7143,0.5858,0.5853,0.1984,0.7143,0.7143,63,0.7455,55,0.7593,54,EME,3,2,627,630
552,138,63,0.6032,0.6255,0.8794,0.2402,0.5556,0.5862,58,0.5862,58,0.5862,58,EME,3,3,690,693
602,151,63,0.5238,0.4955,2.3382,0.3182,0.5238,0.5238,63,0.5238,63,0.5238,63,EME,3,4,753,756
652,164,63,0.6349,0.4302,2.5107,0.2976,0.6508,0.6452,62,0.6452,62,0.6061,33,EME,3,5,816,819
703,176,63,0.5714,0.4342,0.7108,0.2583,0.5556,0.5645,62,0.3,10,0.3,10,EME,3,6,879,882
753,189,63,0.5556,0.4643,0.6978,0.2521,0.5556,0.5556,63,0.5556,63,0.5172,29,EME,3,7,942,945
804,201,63,0.6508,0.4745,0.6627,0.2349,0.6508,0.6508,63,0.625,40,0.6486,37,EME,3,8,1005,1008
400,101,63,0.5873,0.5699,0.6796,0.2432,0.5556,0.6047,43,0.5952,42,,0,KLAC,3,0,501,504
451,113,63,0.381,0.4526,0.8003,0.3005,0.6032,0.4706,17,0.4706,17,0.5,16,KLAC,3,1,564,567
501,126,63,0.5397,0.5391,1.2278,0.2868,0.5714,0.5636,55,0.5556,54,0.5556,54,KLAC,3,2,627,630
552,138,63,0.5714,0.6698,0.6591,0.2354,0.5714,0.5714,63,0.5714,63,0.5714,63,KLAC,3,3,690,693
602,151,63,0.4603,0.6308,0.724,0.2646,0.4603,0.4603,63,0.5217,46,0.5217,46,KLAC,3,4,753,756
652,164,63,0.4127,0.5344,0.7201,0.2634,0.6508,0.6,20,0.6,20,,0,KLAC,3,5,816,819
703,176,63,0.6984,0.6402,0.6388,0.2231,0.6508,0.7619,42,0.7561,41,0.72,25,KLAC,3,6,879,882
753,189,63,0.4603,0.5526,3.9782,0.3807,0.6032,1.0,4,1.0,4,1.0,4,KLAC,3,7,942,945
804,201,63,0.6984,0.6349,0.6273,0.2169,0.6667,0.7091,55,0.7091,55,0.7091,55,KLAC,3,8,1005,1008
400,101,63,0.6349,0.6564,0.962,0.2733,0.5714,0.8421,19,,0,,0,TXN,3,0,501,504
451,113,63,0.4127,0.5,0.6974,0.2521,0.5873,,0,,0,,0,TXN,3,1,564,567
501,126,63,0.6508,0.56,0.6592,0.2331,0.6032,0.6333,60,0.6333,60,,0,TXN,3,2,627,630
552,138,63,0.4127,0.5442,0.8244,0.312,0.3968,0.4,60,0.4,60,0.4,60,TXN,3,3,690,693
602,151,63,0.4762,0.7005,1.7558,0.2581,0.4762,0.4754,61,0.5581,43,0.7391,23,TXN,3,4,753,756
652,164,63,0.3968,0.531,0.7312,0.2695,0.6508,0.8,5,0.8,5,1.0,4,TXN,3,5,816,819
703,176,63,0.5397,0.499,0.7055,0.2547,0.4444,0.0,1,0.0,1,0.0,1,TXN,3,6,879,882
753,189,63,0.5397,0.4002,0.7459,0.2736,0.5873,0.5769,52,,0,,0,TXN,3,7,942,945
804,201,63,0.5873,0.5185,0.6693,0.2396,0.5714,0.5806,62,0.5806,62,,0,TXN,3,8,1005,1008
400,101,63,0.6349,0.6689,0.6752,0.241,0.5079,0.7647,17,,0,,0,MCHP,3,0,501,504
451,113,63,0.6032,0.5953,0.6726,0.2398,0.4921,0.6071,28,0.6071,28,0.6071,28,MCHP,3,1,564,567
501,126,63,0.6349,0.6425,1.3344,0.2532,0.5397,0.6038,53,0.6038,53,0.6154,26,MCHP,3,2,627,630
552,138,63,0.3968,0.6426,2.9657,0.3908,0.3968,0.3968,63,0.4792,48,0.4792,48,MCHP,3,3,690,693
602,151,63,0.5873,0.6404,0.6467,0.2292,0.5238,0.5593,59,0.5556,54,0.8182,11,MCHP,3,4,753,756
652,164,63,0.5079,0.6053,0.7247,0.2669,0.4921,0.5,14,0.6,5,,0,MCHP,3,5,816,819
703,176,63,0.4921,0.4668,0.7179,0.2619,0.3968,0.2941,17,0.2941,17,,0,MCHP,3,6,879,882
753,189,63,0.5873,0.5218,0.6694,0.2415,0.5397,0.58,50,0.5,18,0.5,18,MCHP,3,7,942,945
804,201,63,0.5714,0.4156,2.1172,0.3094,0.5714,0.5849,53,0.4211,19,0.5,6,MCHP,3,8,1005,1008
400,101,63,0.4286,0.538,0.7299,0.2709,0.6349,0.75,8,0.75,8,0.75,8,NXPI,3,0,501,504
451,113,63,0.5238,0.5674,1.6333,0.2864,0.5397,0.5345,58,0.5185,54,0.7273,22,NXPI,3,1,564,567
501,126,63,0.5397,0.6516,1.4238,0.2926,0.5397,0.5397,63,0.5397,63,0.5484,62,NXPI,3,2,627,630
552,138,63,0.4444,0.5877,0.7215,0.2624,0.4603,0.4483,58,0.4906,53,0.5625,16,NXPI,3,3,690,693
602,151,63,0.4603,0.6139,1.2041,0.2946,0.5079,0.48,50,0.48,50,0.48,50,NXPI,3,4,753,756
652,164,63,0.619,0.6058,1.3703,0.2658,0.4921,0.6061,33,0.5556,9,0.5,6,NXPI,3,5,816,819
703,176,63,0.5079,0.4496,2.7977,0.3302,0.4921,0.5,12,0.5,12,0.375,8,NXPI,3,6,879,882
753,189,63,0.5238,0.5444,2.3203,0.3101,0.5079,0.5625,16,0.5,14,0.5,14,NXPI,3,7,942,945
804,201,63,0.4762,0.5221,0.7086,0.2568,0.6032,0.5926,27,0.6667,9,0.6667,9,NXPI,3,8,1005,1008
400,101,63,0.5397,0.5,0.6967,0.2517,0.5397,0.5397,63,0.5397,63,,0,DELL,3,0,501,504
451,113,63,0.4921,0.4869,3.7186,0.4009,0.4921,0.4921,63,0.5179,56,0.5179,56,DELL,3,1,564,567
501,126,63,0.6667,0.4978,0.9003,0.2463,0.6508,0.6667,60,0.619,42,,0,DELL,3,2,627,630
552,138,63,0.4921,0.5,0.7075,0.2571,0.4921,0.4921,63,0.4921,63,,0,DELL,3,3,690,693
602,151,63,0.3333,0.318,0.7382,0.272,0.5397,0.3333,24,0.125,8,0.125,8,DELL,3,4,753,756
652,164,63,0.6667,0.5357,0.6751,0.2412,0.6667,0.6667,63,0.7778,9,0.7778,9,DELL,3,5,816,819
703,176,63,0.619,0.5963,0.6744,0.2406,0.5397,0.6042,48,0.6042,48,,0,DELL,3,6,879,882
753,189,63,0.4921,0.5218,0.738,0.2715,0.4127,0.4444,54,0.4444,54,0.2,5,DELL,3,7,942,945
804,201,63,0.6508,0.6376,0.9403,0.2655,0.746,0.7778,45,0.7143,7,0.7143,7,DELL,3,8,1005,1008
400,101,63,0.5397,0.5385,0.7706,0.2824,0.5397,0.5714,35,0.7143,7,1.0,1,GLW,3,0,501,504
451,113,63,0.6032,0.5636,3.9009,0.3472,0.5238,0.6429,28,,0,,0,GLW,3,1,564,567
501,126,63,0.3651,0.5122,0.7192,0.263,0.6508,1.0,1,,0,,0,GLW,3,2,627,630
552,138,63,0.6349,0.5125,0.6656,0.2363,0.6349,0.6349,63,0.6349,63,1.0,1,GLW,3,3,690,693
602,151,63,0.4762,0.5909,0.7114,0.259,0.4762,0.4762,63,0.4762,63,,0,GLW,3,4,753,756
652,164,63,0.7302,0.5601,0.6467,0.2272,0.7302,0.7302,63,0.8889,9,0.8889,9,GLW,3,5,816,819
703,176,63,0.4286,0.5448,0.7451,0.2755,0.6825,0.7692,13,0.7692,13,0.7692,13,GLW,3,6,879,882
753,189,63,0.6349,0.5364,0.655,0.2312,0.6349,0.6349,63,0.6349,63,0.6349,63,GLW,3,7,942,945
804,201,63,0.6349,0.5929,0.6707,0.2383,0.6349,0.6349,63,0.6349,63,0.6349,63,GLW,3,8,1005,1008
400,101,63,0.5079,0.5156,0.6989,0.2531,0.5079,1.0,1,1.0,1,1.0,1,FLEX,3,0,501,504
451,113,63,0.4286,0.4879,1.647,0.2933,0.4921,0.4545,55,0.625,8,0.625,8,FLEX,3,1,564,567
501,126,63,0.3968,0.5511,0.7071,0.257,0.6349,1.0,2,1.0,2,1.0,1,FLEX,3,2,627,630
552,138,63,0.4762,0.5025,0.7189,0.2627,0.5079,0.4857,35,0.4857,35,,0,FLEX,3,3,690,693
602,151,63,0.6032,0.5929,0.846,0.2958,0.4762,0.5455,55,0.5455,55,0.5455,55,FLEX,3,4,753,756
652,164,63,0.6667,0.5,0.6899,0.2484,0.6667,0.6667,63,,0,,0,FLEX,3,5,816,819
703,176,63,0.5873,0.5617,1.3907,0.2772,0.5714,0.6471,34,0.6471,34,,0,FLEX,3,6,879,882
753,189,63,0.5079,0.5816,0.6903,0.2496,0.4603,0.4833,60,0.4833,60,,0,FLEX,3,7,942,945
804,201,63,0.6032,0.2727,0.8322,0.3031,0.6825,0.6607,56,0.45,20,0.3889,18,FLEX,3,8,1005,1008
400,101,63,0.6032,0.4668,0.6621,0.2351,0.5556,0.5833,60,0.5833,60,,0,JBL,3,0,501,504
451,113,63,0.4444,0.5852,0.7411,0.273,0.4444,0.4444,63,0.4912,57,0.4912,57,JBL,3,1,564,567
501,126,63,0.6984,0.5,0.6728,0.2399,0.6984,0.6984,63,,0,,0,JBL,3,2,627,630
552,138,63,0.4762,0.5128,6.1903,0.4908,0.6825,0.6786,28,,0,,0,JBL,3,3,690,693
602,151,63,0.5238,0.5913,0.6943,0.2506,0.5397,0.5526,38,0.5526,38,0.5526,38,JBL,3,4,753,756
652,164,63,0.6984,0.5526,0.6269,0.216,0.6984,0.6984,63,0.7143,49,0.7143,49,JBL,3,5,816,819
703,176,63,0.619,0.5884,0.6733,0.2396,0.5238,0.5957,47,0.5957,47,0.5957,47,JBL,3,6,879,882
753,189,63,0.4762,0.4414,0.7293,0.2676,0.5238,0.5,58,0.5,58,0.4912,57,JBL,3,7,942,945
804,201,63,0.6508,0.716,0.8676,0.2288,0.6667,0.6613,62,0.7091,55,0.8286,35,JBL,3,8,1005,1008
400,101,63,0.4603,0.5125,1.6677,0.306,0.4127,0.3889,36,0.4074,27,0.4074,27,GFS,3,0,501,504
451,113,63,0.4127,0.4615,1.1823,0.2751,0.4603,0.1667,12,0.1667,12,0.25,4,GFS,3,1,564,567
501,126,63,0.3968,0.398,0.7118,0.2592,0.4762,0.4259,54,,0,,0,GFS,3,2,627,630
552,138,63,0.5556,0.57,0.7111,0.2561,0.4603,0.5098,51,0.3333,3,0.3333,3,GFS,3,3,690,693
602,151,63,0.5873,0.5879,0.6821,0.2445,0.4762,0.625,16,0.6667,15,,0,GFS,3,4,753,756
652,164,63,0.5397,0.5067,0.7092,0.2576,0.4286,0.4583,24,0.4545,22,0.2857,7,GFS,3,5,816,819
703,176,63,0.5397,0.5965,0.8957,0.2478,0.4762,0.5143,35,0.5882,17,0.6429,14,GFS,3,6,879,882
753,189,63,0.4127,0.5929,0.813,0.3065,0.619,1.0,2,1.0,1,1.0,1,GFS,3,7,942,945
804,201,63,0.3968,0.4816,1.2482,0.298,0.6032,,0,,0,,0,GFS,3,8,1005,1008
400,101,63,0.5714,0.6962,5.1454,0.4196,0.6984,0.8696,23,0.8696,23,0.8696,23,NEE,3,0,501,504
451,113,63,0.6349,0.5554,0.6532,0.2297,0.6349,0.6349,63,0.6863,51,0.68,50,NEE,3,1,564,567
501,126,63,0.6032,0.6242,0.6495,0.2285,0.6032,0.6032,63,0.5962,52,0.7317,41,NEE,3,2,627,630
552,138,63,0.3492,0.3952,5.5607,0.5043,0.3492,0.3492,63,0.3548,62,0.3548,62,NEE,3,3,690,693
602,151,63,0.5556,0.6449,1.2877,0.2373,0.5556,0.5556,63,0.7619,21,0.7619,21,NEE,3,4,753,756
652,164,63,0.4286,0.4719,0.7262,0.2655,0.5873,0.5152,33,0.5385,26,0.5833,24,NEE,3,5,816,819
703,176,63,0.4603,0.4392,0.7585,0.2812,0.5873,0.5405,37,0.5714,7,0.5714,7,NEE,3,6,879,882
753,189,63,0.3968,0.5,0.695,0.2509,0.6032,,0,,0,,0,NEE,3,7,942,945
804,201,63,0.5238,0.5,0.6963,0.2515,0.5238,0.5238,63,0.5238,63,,0,NEE,3,8,1005,1008
400,101,63,0.4603,0.4994,1.7535,0.323,0.6667,0.6667,24,,0,,0,D,3,0,501,504
451,113,63,0.6667,0.6628,2.9388,0.3032,0.5397,0.7826,23,0.7,10,0.7,10,D,3,1,564,567
501,126,63,0.5556,0.4779,0.7077,0.2565,0.5714,0.5645,62,0.5,4,0.5,4,D,3,2,627,630
552,138,63,0.5397,0.5655,0.7599,0.2654,0.5079,0.5246,61,0.5349,43,0.5405,37,D,3,3,690,693
602,151,63,0.6032,0.6168,1.7356,0.2485,0.6032,0.6032,63,0.6129,62,0.6129,62,D,3,4,753,756
652,164,63,0.4603,0.4419,0.7181,0.2623,0.5714,0.5417,24,0.5417,24,0.5417,24,D,3,5,816,819
703,176,63,0.5397,0.5672,0.6915,0.2519,0.4762,0.5102,49,0.5102,49,0.5102,49,D,3,6,879,882
753,189,63,0.5556,0.4796,0.6963,0.2515,0.5556,0.5714,49,0.5641,39,0.5217,23,D,3,7,942,945
804,201,63,0.5397,0.5444,1.3318,0.2527,0.4921,0.525,40,0.4615,13,0.75,4,D,3,8,1005,1008
400,101,63,0.4603,0.4762,8.1802,0.5342,0.4603,0.4603,63,0.4603,63,0.4603,63,CHTR,3,0,501,504
451,113,63,0.4444,0.5082,0.6975,0.2522,0.5556,,0,,0,,0,CHTR,3,1,564,567
501,126,63,0.5079,0.5444,0.8864,0.2441,0.4444,0.4737,57,,0,,0,CHTR,3,2,627,630
552,138,63,0.5079,0.5,0.6931,0.25,0.5079,0.5079,63,,0,,0,CHTR,3,3,690,693
602,151,63,0.4127,0.4901,0.7734,0.2833,0.5873,0.5,8,0.5,8,0.5,8,CHTR,3,4,753,756
652,164,63,0.3968,0.3859,0.788,0.2933,0.3651,0.3636,55,0.0,9,0.0,9,CHTR,3,5,816,819
703,176,63,0.4762,0.4414,0.7078,0.2573,0.4762,0.4762,63,0.4423,52,,0,CHTR,3,6,879,882
753,189,63,0.5079,0.4002,0.7015,0.2542,0.5079,0.5079,63,0.3333,15,,0,CHTR,3,7,942,945
804,201,63,0.4921,0.445,0.6968,0.2518,0.4286,0.3077,13,,0,,0,CHTR,3,8,1005,1008
400,101,63,0.6032,0.6273,0.8801,0.236,0.4603,0.537,54,0.5,4,0.5,4,BIO,3,0,501,504
451,113,63,0.5079,0.5983,0.9154,0.2565,0.4921,0.5,50,0.5208,48,0.6429,14,BIO,3,1,564,567
501,126,63,0.619,0.6678,1.6405,0.2915,0.4921,0.8182,11,0.8,10,0.8,10,BIO,3,2,627,630
552,138,63,0.5238,0.5988,0.7627,0.2703,0.4921,0.5333,15,0.6364,11,,0,BIO,3,3,690,693
602,151,63,0.3016,0.4641,4.3496,0.5166,0.3016,0.3016,63,0.3016,63,0.3016,63,BIO,3,4,753,756
652,164,63,0.4444,0.6087,0.7371,0.2693,0.5556,,0,,0,,0,BIO,3,5,816,819
703,176,63,0.4286,0.4527,3.5293,0.3711,0.5714,,0,,0,,0,BIO,3,6,879,882
753,189,63,0.6508,0.6091,1.5607,0.2596,0.4127,0.6667,12,0.6667,12,0.6667,12,BIO,3,7,942,945
804,201,63,0.4127,0.4199,0.7634,0.2829,0.4603,0.4048,42,0.4118,34,0.4242,33,BIO,3,8,1005,1008
400,101,63,0.3333,0.6071,8.4892,0.578,0.6667,,0,,0,,0,HOOD,3,0,501,504
451,113,63,0.4286,0.4643,0.7406,0.2728,0.4444,0.4231,52,0.4231,52,,0,HOOD,3,1,564,567
501,126,63,0.6349,0.619,1.0907,0.2396,0.6667,0.6557,61,1.0,8,1.0,8,HOOD,3,2,627,630
552,138,63,0.7143,0.3889,0.6093,0.209,0.7143,0.7143,63,0.7143,63,0.7143,63,HOOD,3,3,690,693
602,151,63,0.5238,0.4384,0.7633,0.2821,0.5238,0.5238,63,0.4773,44,0.4773,44,HOOD,3,4,753,756
652,164,63,0.8413,0.5094,0.5414,0.1758,0.8413,0.8413,63,0.8413,63,0.8413,63,HOOD,3,5,816,819
703,176,63,0.5238,0.5,0.7459,0.2744,0.5238,0.5238,63,0.5238,63,0.5238,63,HOOD,3,6,879,882
753,189,63,0.3968,0.5805,0.7949,0.2991,0.3968,0.3968,63,0.3968,63,0.3968,63,HOOD,3,7,942,945
804,201,63,0.4286,0.451,1.9288,0.3287,0.4444,0.3889,36,0.4,25,0.4,25,HOOD,3,8,1005,1008
400,101,63,0.4603,0.5,0.6982,0.2525,0.4603,0.4603,63,,0,,0,PINS,3,0,501,504
451,113,63,0.619,0.5891,0.663,0.2351,0.3651,0.4783,23,0.4783,23,,0,PINS,3,1,564,567
501,126,63,0.4444,0.5053,0.7755,0.2898,0.6032,0.6154,13,,0,,0,PINS,3,2,627,630
552,138,63,0.4921,0.5629,0.6886,0.2478,0.5873,0.8571,7,0.8571,7,1.0,2,PINS,3,3,690,693
602,151,63,0.6032,0.5684,0.6836,0.2452,0.3968,0.5,20,0.5,20,,0,PINS,3,4,753,756
652,164,63,0.5556,0.4717,0.7579,0.2796,0.6508,0.6757,37,0.4615,13,0.4615,13,PINS,3,5,816,819
703,176,63,0.5556,0.5247,0.7173,0.2608,0.5079,0.5417,48,0.5319,47,0.375,8,PINS,3,6,879,882
753,189,63,0.4127,0.4901,8.2136,0.5515,0.4127,0.4127,63,0.4127,63,0.4098,61,PINS,3,7,942,945
804,201,63,0.5079,0.5,0.6964,0.2516,0.5079,0.5079,63,,0,,0,PINS,3,8,1005,1008
400,101,63,0.4444,0.6117,1.5704,0.2674,0.3333,0.3542,48,0.4762,21,0.4762,21,MDB,3,0,501,504
451,113,63,0.4127,0.3929,0.893,0.3375,0.4127,0.4127,63,0.4127,63,0.4,60,MDB,3,1,564,567
501,126,63,0.619,0.6194,0.6489,0.2303,0.4444,0.8333,6,0.8333,6,0.8333,6,MDB,3,2,627,630
552,138,63,0.4444,0.4797,0.7225,0.2649,0.5397,0.4,5,0.4,5,1.0,1,MDB,3,3,690,693
602,151,63,0.5714,0.5864,0.6846,0.2457,0.5238,0.5652,46,0.5778,45,0.6053,38,MDB,3,4,753,756
652,164,63,0.5079,0.5591,0.7068,0.2562,0.5238,0.5714,14,0.5,12,0.5,12,MDB,3,5,816,819
703,176,63,0.6825,0.5898,0.6707,0.2388,0.6508,0.6981,53,0.6944,36,,0,MDB,3,6,879,882
753,189,63,0.5556,0.5545,5.2568,0.3878,0.4762,0.5714,14,0.5714,14,,0,MDB,3,7,942,945
804,201,63,0.619,0.5821,0.6939,0.2478,0.5556,0.6486,37,0.6486,37,0.6486,37,MDB,3,8,1005,1008
400,101,63,0.5556,0.5086,1.5527,0.3168,0.5238,0.6,25,0.6,25,0.6,25,RKLB,3,0,501,504
451,113,63,0.6032,0.6389,0.6775,0.2396,0.5714,0.6667,33,0.6667,27,0.6667,27,RKLB,3,1,564,567
501,126,63,0.3333,0.5,0.773,0.2894,0.6667,,0,,0,,0,RKLB,3,2,627,630
552,138,63,0.4603,0.4102,2.3755,0.3315,0.5556,0.5098,51,0.4737,19,,0,RKLB,3,3,690,693
602,151,63,0.4762,0.4636,0.7133,0.2599,0.4762,0.4762,63,0.4762,63,,0,RKLB,3,4,753,756
652,164,63,0.6032,0.4421,0.683,0.2449,0.6032,0.6032,63,0.56,25,0.5833,24,RKLB,3,5,816,819
703,176,63,0.5556,0.4714,0.691,0.2489,0.5556,0.5556,63,,0,,0,RKLB,3,6,879,882
753,189,63,0.4603,0.461,0.7282,0.2673,0.4603,0.4603,63,0.3902,41,0.6667,9,RKLB,3,7,942,945
804,201,63,0.6032,0.6035,0.6654,0.2367,0.5238,0.7857,14,0.7857,14,0.7857,14,RKLB,3,8,1005,1008
400,101,63,0.5238,0.3672,0.7309,0.268,0.5238,0.5238,63,0.4167,36,0.3333,6,STLA,3,0,501,504
451,113,63,0.3333,0.4734,0.7763,0.291,0.3333,0.3333,63,0.3333,63,0.32,50,STLA,3,1,564,567
501,126,63,0.5079,0.5,0.6962,0.2515,0.4921,,0,,0,,0,STLA,3,2,627,630
552,138,63,0.4762,0.5107,4.6623,0.3963,0.4444,0.3913,23,0.3913,23,0.3913,23,STLA,3,3,690,693
602,151,63,0.4762,0.5096,0.7076,0.2572,0.4603,0.4655,58,0.4655,58,,0,STLA,3,4,753,756
652,164,63,0.381,0.4403,0.6993,0.2531,0.4286,0.3696,46,0.5714,14,,0,STLA,3,5,816,819
703,176,63,0.4603,0.4944,0.7263,0.2659,0.5556,0.5455,11,0.5,8,0.5,8,STLA,3,6,879,882
753,189,63,0.5397,0.5187,0.695,0.2508,0.4762,0.6,5,0.5,4,0.5,4,STLA,3,7,942,945
804,201,63,0.4127,0.45,0.6957,0.2513,0.4444,0.4151,53,,0,,0,STLA,3,8,1005,1008
400,101,63,0.5714,0.5802,3.156,0.3063,0.5714,0.5714,63,0.6,55,0.6596,47,FIG,3,0,501,504
451,113,63,0.4921,0.539,2.6501,0.3517,0.4127,0.4423,52,0.451,51,0.451,51,FIG,3,1,564,567
501,126,63,0.5556,0.5353,0.691,0.249,0.5079,0.5588,34,0.5161,31,1.0,1,FIG,3,2,627,630
552,138,63,0.5397,0.4758,0.6953,0.2515,0.4762,1.0,1,1.0,1,1.0,1,FIG,3,3,690,693
602,151,63,0.4921,0.5198,0.6842,0.2456,0.2857,0.2941,34,,0,,0,FIG,3,4,753,756
652,164,63,0.5079,0.5505,0.7101,0.2577,0.5238,0.5833,12,0.5556,9,0.6667,6,FIG,3,5,816,819
703,176,63,0.619,0.7618,1.105,0.2375,0.4286,0.5319,47,0.5319,47,0.7619,21,FIG,3,6,879,882
400,101,63,0.5714,0.5864,0.6841,0.2453,0.4286,,0,,0,,0,AMC,3,0,501,504
451,113,63,0.5556,0.5,0.7091,0.2573,0.4444,,0,,0,,0,AMC,3,1,564,567
501,126,63,0.5873,0.5,0.6778,0.2424,0.4127,,0,,0,,0,AMC,3,2,627,630
552,138,63,0.6667,0.5957,0.8646,0.2303,0.3651,0.75,4,0.75,4,0.75,4,AMC,3,3,690,693
602,151,63,0.4603,0.4689,0.8752,0.3303,0.3968,0.4118,51,0.3864,44,0.3864,44,AMC,3,4,753,756
652,164,63,0.5556,0.6423,0.6747,0.2417,0.4444,,0,,0,,0,AMC,3,5,816,819
703,176,63,0.5873,0.5504,0.6787,0.2428,0.4127,,0,,0,,0,AMC,3,6,879,882
753,189,63,0.7302,0.4898,0.6471,0.227,0.2698,,0,,0,,0,AMC,3,7,942,945
804,201,63,0.6349,0.55,0.8477,0.23,0.3651,,0,,0,,0,AMC,3,8,1005,1008
400,101,63,0.5556,0.5643,1.6066,0.2746,0.6508,0.7097,31,0.7037,27,0.7037,27,AFL,3,0,501,504
451,113,63,0.4444,0.4688,0.701,0.2542,0.6667,0.6061,33,0.6061,33,0.75,16,AFL,3,1,564,567
501,126,63,0.4921,0.4335,0.6924,0.2495,0.6508,0.5957,47,0.5957,47,0.587,46,AFL,3,2,627,630
552,138,63,0.5238,0.4985,0.9979,0.2918,0.5238,0.5238,63,0.5238,63,0.5238,63,AFL,3,3,690,693
602,151,63,0.6984,0.6361,0.5911,0.2031,0.6667,0.6885,61,0.6885,61,0.6885,61,AFL,3,4,753,756
652,164,63,0.4127,0.466,1.443,0.2999,0.4286,0.4138,58,0.4138,58,0.4,15,AFL,3,5,816,819
703,176,63,0.4603,0.5916,0.9722,0.2673,0.5714,0.5714,14,0.5714,14,0.5,4,AFL,3,6,879,882
753,189,63,0.5079,0.4615,0.7284,0.2665,0.5397,0.5319,47,0.4583,24,0.4583,24,AFL,3,7,942,945
804,201,63,0.5397,0.5455,0.68,0.2437,0.4762,0.5091,55,0.5,52,,0,AFL,3,8,1005,1008
400,101,63,0.5079,0.6986,0.7434,0.2738,0.5079,0.5079,63,0.5079,63,0.5079,63,ALL,3,0,501,504
451,113,63,0.4921,0.5112,0.7634,0.2804,0.4444,0.4524,42,0.4375,32,0.5,22,ALL,3,1,564,567
501,126,63,0.4286,0.5566,1.665,0.3044,0.5714,,0,,0,,0,ALL,3,2,627,630
552,138,63,0.5079,0.4882,0.6949,0.2509,0.5714,0.5676,37,,0,,0,ALL,3,3,690,693
602,151,63,0.5873,0.5158,0.9135,0.2513,0.6032,0.5968,62,0.6136,44,0.6667,3,ALL,3,4,753,756
652,164,63,0.4762,0.5,0.7005,0.2537,0.4762,0.4762,63,,0,,0,ALL,3,5,816,819
703,176,63,0.4603,0.4279,0.997,0.2908,0.5079,0.4722,36,0.375,16,0.0,1,ALL,3,6,879,882
753,189,63,0.5873,0.6258,0.7437,0.2661,0.5397,0.6111,36,0.6774,31,,0,ALL,3,7,942,945
804,201,63,0.5714,0.6439,0.6692,0.2382,0.5556,0.5645,62,0.6857,35,0.6765,34,ALL,3,8,1005,1008
400,101,63,0.6349,0.6092,0.6321,0.2216,0.6349,0.6349,63,0.7021,47,0.6923,26,AIG,3,0,501,504
451,113,63,0.3968,0.7005,1.1267,0.3296,0.3968,0.3968,63,0.4528,53,0.4528,53,AIG,3,1,564,567
501,126,63,0.6032,0.5859,0.8724,0.2394,0.6349,0.6596,47,0.7692,13,0.8333,6,AIG,3,2,627,630
552,138,63,0.4921,0.3962,1.0358,0.3074,0.4921,0.4918,61,0.4048,42,0.425,40,AIG,3,3,690,693
602,151,63,0.4921,0.5609,1.2576,0.3135,0.619,0.6129,31,0.7059,17,1.0,2,AIG,3,4,753,756
652,164,63,0.4444,0.4511,0.7093,0.2594,0.4286,0.4355,62,0.2857,14,0.2857,14,AIG,3,5,816,819
703,176,63,0.5397,0.5333,0.6802,0.2451,0.5238,0.5323,62,,0,,0,AIG,3,6,879,882
753,189,63,0.4286,0.5464,2.3069,0.3046,0.5079,0.4643,56,0.5319,47,0.625,24,AIG,3,7,942,945
804,201,63,0.5238,0.5076,0.6998,0.253,0.5238,0.5238,63,0.5455,11,0.5455,11,AIG,3,8,1005,1008
400,101,63,0.3492,0.4337,5.8259,0.5493,0.6825,1.0,2,,0,,0,AMP,3,0,501,504
451,113,63,0.5238,0.4399,0.7256,0.2654,0.5238,0.5238,63,0.5238,63,0.5238,63,AMP,3,1,564,567
501,126,63,0.7302,0.5684,0.7776,0.1974,0.7302,0.7302,63,0.7302,63,0.7302,63,AMP,3,2,627,630
552,138,63,0.4762,0.5187,0.7331,0.2693,0.4762,0.4762,63,0.4762,63,0.5,30,AMP,3,3,690,693
602,151,63,0.5079,0.5,0.718,0.262,0.5079,0.5079,63,0.5079,63,0.5079,63,AMP,3,4,753,756
652,164,63,0.4921,0.4561,0.703,0.2548,0.4921,0.4921,63,0.375,8,0.375,8,AMP,3,5,816,819
703,176,63,0.4921,0.5,0.695,0.2509,0.4921,0.4921,63,,0,,0,AMP,3,6,879,882
753,189,63,0.619,0.6268,0.6803,0.2358,0.6032,0.6522,46,1.0,6,1.0,6,AMP,3,7,942,945
804,201,63,0.4127,0.435,2.4204,0.3525,0.4127,0.4127,63,0.4127,63,0.3182,22,AMP,3,8,1005,1008
400,101,63,0.6032,0.6455,0.6478,0.2292,0.5397,0.5763,59,0.6562,32,0.6364,11,AON,3,0,501,504
451,113,63,0.4444,0.5179,3.0829,0.3568,0.6349,0.8571,7,0.8571,7,1.0,5,AON,3,1,564,567
501,126,63,0.6508,0.7262,5.0586,0.3871,0.6825,0.92,25,0.92,25,,0,AON,3,2,627,630
552,138,63,0.5238,0.4061,0.7388,0.2719,0.5238,0.5238,63,0.4902,51,0.4583,48,AON,3,3,690,693
602,151,63,0.5397,0.5872,0.6756,0.2414,0.5397,0.5397,63,0.6842,19,0.6842,19,AON,3,4,753,756
652,164,63,0.5397,0.4709,0.7015,0.2541,0.5556,0.5625,48,0.4,10,,0,AON,3,5,816,819
703,176,63,0.5397,0.5509,0.6882,0.2476,0.4921,0.5357,28,0.5333,15,,0,AON,3,6,879,882
753,189,63,0.4127,0.391,4.9785,0.4412,0.4603,0.4333,60,0.4407,59,0.434,53,AON,3,7,942,945
804,201,63,0.4921,0.5,0.6961,0.2515,0.4921,0.4921,63,,0,,0,AON,3,8,1005,1008
400,101,63,0.619,0.6398,0.6712,0.2391,0.5556,0.5965,57,0.5965,57,0.5818,55,APO,3,0,501,504
451,113,63,0.6032,0.5189,0.906,0.2491,0.6032,0.6032,63,0.5932,59,0.5932,59,APO,3,1,564,567
501,126,63,0.5079,0.4137,3.6245,0.4014,0.7302,0.6829,41,0.675,40,1.0,1,APO,3,2,627,630
552,138,63,0.5079,0.5958,0.9325,0.2644,0.5079,0.5079,63,0.5079,63,0.6154,26,APO,3,3,690,693
602,151,63,0.4444,0.3954,1.2413,0.3045,0.4444,0.4444,63,0.2941,17,0.2941,17,APO,3,4,753,756
652,164,63,0.5397,0.5274,0.6892,0.248,0.5397,0.5397,63,0.5556,54,,0,APO,3,5,816,819
703,176,63,0.5556,0.4835,0.7111,0.2582,0.4286,0.4286,7,0.4286,7,0.4286,7,APO,3,6,879,882
753,189,63,0.4921,0.4839,0.9351,0.2623,0.4921,0.0,1,0.0,1,0.0,1,APO,3,7,942,945
804,201,63,0.5079,0.5112,0.713,0.2609,0.4444,0.4615,39,0.4615,39,0.4615,39,APO,3,8,1005,1008
400,101,63,0.6667,0.6264,1.095,0.2377,0.6667,0.7059,51,0.7,50,0.7,50,ACGL,3,0,501,504
451,113,63,0.4921,0.4848,1.6791,0.3098,0.4762,0.48,50,0.48,50,0.48,50,ACGL,3,1,564,567
501,126,63,0.5079,0.503,0.7314,0.2674,0.5238,0.5179,56,0.5179,56,1.0,1,ACGL,3,2,627,630
552,138,63,0.4444,0.6495,2.7401,0.3144,0.4444,0.4444,63,0.463,54,0.64,25,ACGL,3,3,690,693
602,151,63,0.6032,0.5066,0.7076,0.2563,0.5556,0.619,42,0.5789,38,0.3,10,ACGL,3,4,753,756
652,164,63,0.5873,0.6187,1.3681,0.2645,0.4762,0.6,20,0.625,16,0.6667,9,ACGL,3,5,816,819
703,176,63,0.5556,0.4689,1.1718,0.2724,0.5556,0.5636,55,0.4545,11,0.5714,7,ACGL,3,6,879,882
753,189,63,0.5238,0.4898,0.7172,0.2608,0.6667,0.6364,44,0.6333,30,0.72,25,ACGL,3,7,942,945
804,201,63,0.5238,0.5171,7.3637,0.4688,0.4921,0.6667,3,1.0,1,1.0,1,ACGL,3,8,1005,1008
400,101,63,0.5238,0.5931,2.5828,0.334,0.4286,0.4615,39,0.4474,38,0.4545,33,ARES,3,0,501,504
451,113,63,0.5397,0.6232,0.7631,0.2603,0.5397,0.5397,63,0.68,25,0.68,25,ARES,3,1,564,567
501,126,63,0.4921,0.4358,0.7492,0.277,0.6032,0.5682,44,0.0,1,0.0,1,ARES,3,2,627,630
552,138,63,0.6032,0.6569,0.6614,0.2372,0.5714,0.5902,61,,0,,0,ARES,3,3,690,693
602,151,63,0.5238,0.5091,0.9519,0.3421,0.5238,0.5246,61,0.5246,61,0.5246,61,ARES,3,4,753,756
652,164,63,0.619,0.6592,0.6464,0.2269,0.619,0.619,63,0.7111,45,0.7111,45,ARES,3,5,816,819
703,176,63,0.4444,0.5,0.7493,0.2774,0.4444,0.4444,63,0.4444,63,0.4444,63,ARES,3,6,879,882
753,189,63,0.5238,0.5312,1.3953,0.2765,0.4921,0.5106,47,,0,,0,ARES,3,7,942,945
804,201,63,0.5238,0.4641,0.7237,0.2651,0.5238,0.5238,63,0.5238,63,0.52,25,ARES,3,8,1005,1008
400,101,63,0.5397,0.6025,1.6491,0.2938,0.5238,0.5357,56,0.5357,56,0.5357,56,AJG,3,0,501,504
451,113,63,0.3333,0.5628,2.0165,0.3282,0.6984,0.625,8,0.625,8,0.625,8,AJG,3,1,564,567
501,126,63,0.5238,0.4964,0.7041,0.2552,0.5714,0.5577,52,0.5714,49,0.5714,49,AJG,3,2,627,630
552,138,63,0.6508,0.3936,0.7002,0.2473,0.6508,0.6508,63,0.6508,63,0.6508,63,AJG,3,3,690,693
602,151,63,0.6667,0.5455,0.6342,0.2213,0.6508,0.6613,62,0.6613,62,0.6613,62,AJG,3,4,753,756
652,164,63,0.4762,0.5417,0.7594,0.2818,0.4286,0.45,60,0.45,60,0.45,60,AJG,3,5,816,819
703,176,63,0.4921,0.4632,0.731,0.2683,0.4921,0.4921,63,0.4921,63,0.4921,63,AJG,3,6,879,882
753,189,63,0.5079,0.5,0.7014,0.2541,0.5079,0.5079,63,0.5079,63,,0,AJG,3,7,942,945
804,201,63,0.7302,0.7424,0.657,0.2365,0.4921,0.7059,34,1.0,3,1.0,3,AJG,3,8,1005,1008
400,101,63,0.5397,0.5994,0.6822,0.246,0.5397,0.5397,63,0.5397,63,0.6364,22,AIZ,3,0,501,504
451,113,63,0.4921,0.4361,1.6848,0.308,0.4603,0.4754,61,0.375,32,0.3871,31,AIZ,3,1,564,567
501,126,63,0.4603,0.4303,1.5769,0.3506,0.6667,0.6538,26,0.5714,14,,0,AIZ,3,2,627,630
552,138,63,0.3968,0.354,1.8388,0.3564,0.5397,0.4545,44,0.4545,44,,0,AIZ,3,3,690,693
602,151,63,0.5079,0.7409,0.662,0.2355,0.5079,0.5079,63,0.5079,63,0.7857,28,AIZ,3,4,753,756
652,164,63,0.4921,0.4839,0.8182,0.2975,0.4921,0.4762,21,0.4762,21,0.5,20,AIZ,3,5,816,819
703,176,63,0.4921,0.5848,0.6865,0.2466,0.6349,0.7,20,0.6667,9,,0,AIZ,3,6,879,882
753,189,63,0.5873,0.5513,1.1443,0.2632,0.619,0.6444,45,,0,,0,AIZ,3,7,942,945
804,201,63,0.4762,0.4413,4.9644,0.433,0.6349,0.5946,37,0.6,35,0.6,25,AIZ,3,8,1005,1008
400,101,63,0.6032,0.5894,2.439,0.3326,0.5873,0.6765,34,,0,,0,BAC,3,0,501,504
451,113,63,0.6508,0.6466,0.6743,0.2395,0.5397,0.6429,42,,0,,0,BAC,3,1,564,567
501,126,63,0.4603,0.537,7.5408,0.53,0.6349,0.8,10,0.8,10,0.0,1,BAC,3,2,627,630
552,138,63,0.4444,0.4546,0.9428,0.2656,0.5079,0.4737,57,0.6667,3,0.5,2,BAC,3,3,690,693
602,151,63,0.5714,0.7621,2.2126,0.2776,0.5238,0.5517,58,0.5439,57,0.5439,57,BAC,3,4,753,756
652,164,63,0.381,0.4647,0.7026,0.2547,0.619,,0,,0,,0,BAC,3,5,816,819
703,176,63,0.4127,0.4834,0.7476,0.2759,0.5873,,0,,0,,0,BAC,3,6,879,882
753,189,63,0.5397,0.5619,0.689,0.2479,0.5397,0.5397,63,0.5769,52,0.5769,52,BAC,3,7,942,945
804,201,63,0.4762,0.4005,0.7491,0.2769,0.4762,0.4762,63,0.3784,37,0.4062,32,BAC,3,8,1005,1008
400,101,63,0.5238,0.4515,0.7301,0.2675,0.4762,0.5,4,,0,,0,BLK,3,0,501,504
451,113,63,0.4286,0.5089,0.7665,0.2811,0.6508,0.6923,13,0.6364,11,1.0,1,BLK,3,1,564,567
501,126,63,0.6667,0.4881,0.6485,0.2279,0.6667,0.6667,63,0.6613,62,,0,BLK,3,2,627,630
552,138,63,0.5397,0.4945,0.7122,0.2589,0.5079,0.5246,61,0.5246,61,0.5116,43,BLK,3,3,690,693
602,151,63,0.4921,0.6421,3.2745,0.3589,0.4921,0.4921,63,0.4921,63,0.5167,60,BLK,3,4,753,756
652,164,63,0.6984,0.4886,0.6538,0.2304,0.6984,0.6984,63,0.6935,62,,0,BLK,3,5,816,819
703,176,63,0.4603,0.5892,0.7092,0.258,0.4603,0.4603,63,0.4603,63,0.6667,6,BLK,3,6,879,882
753,189,63,0.5873,0.6376,0.6818,0.2423,0.4921,0.6087,23,0.6087,23,0.8333,6,BLK,3,7,942,945
804,201,63,0.4603,0.4143,0.8807,0.331,0.5397,0.5,34,0.5,34,0.5,34,BLK,3,8,1005,1008
400,101,63,0.5397,0.5978,0.6875,0.2469,0.5079,0.5294,51,0.6522,23,0.6522,23,BX,3,0,501,504
451,113,63,0.4603,0.5,0.7955,0.2968,0.5079,0.4375,16,0.4375,16,0.4375,16,BX,3,1,564,567
501,126,63,0.3651,0.4558,0.906,0.3466,0.6032,0.4,10,,0,,0,BX,3,2,627,630
552,138,63,0.5238,0.5232,0.7213,0.2593,0.5238,0.5238,63,0.5238,63,0.625,8,BX,3,3,690,693
602,151,63,0.4444,0.6163,0.7929,0.296,0.4444,0.4444,63,0.4528,53,0.4615,52,BX,3,4,753,756
652,164,63,0.6349,0.5208,0.6832,0.2461,0.619,0.629,62,,0,,0,BX,3,5,816,819
703,176,63,0.381,0.5491,4.704,0.4145,0.381,0.381,63,0.4545,33,0.4375,32,BX,3,6,879,882
753,189,63,0.5079,0.5422,0.6803,0.2437,0.4286,0.4565,46,,0,,0,BX,3,7,942,945
804,201,63,0.4603,0.502,1.6128,0.281,0.4603,0.439,41,,0,,0,BX,3,8,1005,1008
400,101,63,0.5079,0.5,0.6952,0.251,0.4921,,0,,0,,0,BNY,3,0,501,504
451,113,63,0.5079,0.5056,0.6902,0.2485,0.5556,0.5476,42,0.6667,6,,0,BNY,3,1,564,567
501,126,63,0.5238,0.4571,0.9298,0.2607,0.4444,0.25,4,0.3333,3,0.3333,3,BNY,3,2,627,630
552,138,63,0.5556,0.5559,1.6103,0.2775,0.5079,0.5588,34,0.5758,33,0.5758,33,BNY,3,3,690,693
602,151,63,0.5556,0.5953,0.7108,0.2578,0.4603,0.5088,57,0.5091,55,0.561,41,BNY,3,4,753,756
652,164,63,0.3016,0.4041,1.0454,0.313,0.3175,0.3,60,0.3,60,0.3333,3,BNY,3,5,816,819
703,176,63,0.4444,0.5745,0.6963,0.2516,0.5556,,0,,0,,0,BNY,3,6,879,882
753,189,63,0.4603,0.4419,0.7268,0.2652,0.4762,0.4091,22,,0,,0,BNY,3,7,942,945
400,101,63,0.4286,0.4263,0.7878,0.2952,0.619,0.5484,31,0.5484,31,,0,BRO,3,0,501,504
451,113,63,0.5238,0.3523,2.8519,0.3473,0.6984,0.6346,52,0.6275,51,0.6275,51,BRO,3,1,564,567
501,126,63,0.5873,0.5242,0.7307,0.254,0.5714,0.5833,60,0.5833,60,0.5833,60,BRO,3,2,627,630
552,138,63,0.5238,0.4702,0.7303,0.2674,0.5238,0.5238,63,0.5238,63,0.5238,63,BRO,3,3,690,693
602,151,63,0.6825,0.7733,0.6365,0.222,0.6825,0.6825,63,1.0,14,1.0,14,BRO,3,4,753,756
652,164,63,0.3175,0.3293,0.8968,0.3251,0.3651,0.1875,32,0.2143,14,0.2143,14,BRO,3,5,816,819
703,176,63,0.4444,0.4469,0.8576,0.2976,0.4444,0.4444,63,0.4444,63,0.1667,6,BRO,3,6,879,882
753,189,63,0.4921,0.5161,0.6897,0.2484,0.4921,0.4921,63,1.0,1,1.0,1,BRO,3,7,942,945
804,201,63,0.4921,0.5,0.701,0.2539,0.5079,,0,,0,,0,BRO,3,8,1005,1008
400,101,63,0.5079,0.5531,0.7042,0.2555,0.4444,0.4737,57,0.4737,57,,0,COF,3,0,501,504
451,113,63,0.4444,0.4563,0.8101,0.3025,0.3968,0.381,42,0.3421,38,0.3636,33,COF,3,1,564,567
501,126,63,0.381,0.578,0.7581,0.2782,0.619,,0,,0,,0,COF,3,2,627,630
552,138,63,0.4286,0.4602,0.935,0.2633,0.5556,0.4828,29,0.4828,29,0.8,5,COF,3,3,690,693
602,151,63,0.5397,0.7334,1.2059,0.2653,0.5079,0.5254,59,0.5957,47,0.6774,31,COF,3,4,753,756
652,164,63,0.4603,0.5756,0.6956,0.2514,0.5714,1.0,2,1.0,1,1.0,1,COF,3,5,816,819
703,176,63,0.5556,0.5575,0.699,0.2527,0.4921,0.56,25,0.5417,24,0.5417,24,COF,3,6,879,882
753,189,63,0.4921,0.5408,0.7129,0.2596,0.6349,0.75,16,1.0,5,1.0,4,COF,3,7,942,945
804,201,63,0.3492,0.4774,2.6447,0.4021,0.3968,0.3621,58,0.4167,36,0.4286,35,COF,3,8,1005,1008
400,101,63,0.5079,0.5338,2.2087,0.3474,0.4762,0.4915,59,0.4912,57,0.5094,53,CBOE,3,0,501,504
451,113,63,0.4444,0.4361,0.7204,0.2634,0.5397,0.4848,33,0.4848,33,,0,CBOE,3,1,564,567
501,126,63,0.4762,0.5753,0.6977,0.2523,0.5238,,0,,0,,0,CBOE,3,2,627,630
552,138,63,0.5079,0.5278,0.7112,0.2584,0.5238,0.5357,28,0.5357,28,0.5357,28,CBOE,3,3,690,693
602,151,63,0.5873,0.5411,0.6848,0.2459,0.5873,0.5873,63,1.0,1,1.0,1,CBOE,3,4,753,756
652,164,63,0.619,0.5707,0.7041,0.2551,0.6349,0.7222,36,0.25,4,0.25,4,CBOE,3,5,816,819
703,176,63,0.5397,0.5303,0.6975,0.2521,0.5238,0.5333,60,0.5333,60,0.5417,48,CBOE,3,6,879,882
753,189,63,0.5079,0.5121,1.1839,0.2783,0.4762,0.4828,29,0.4828,29,0.4828,29,CBOE,3,7,942,945
804,201,63,0.6984,0.638,0.6213,0.216,0.6349,0.7234,47,0.7333,45,0.7037,27,CBOE,3,8,1005,1008
400,101,63,0.4127,0.5048,5.371,0.5075,0.6984,0.8889,9,0.8571,7,1.0,3,SCHW,3,0,501,504
451,113,63,0.4603,0.4833,0.706,0.2563,0.4762,0.4677,62,,0,,0,SCHW,3,1,564,567
501,126,63,0.5556,0.5282,0.719,0.26,0.5079,0.5333,60,0.5333,60,0.4,5,SCHW,3,2,627,630
552,138,63,0.6349,0.5788,1.4368,0.2851,0.6349,0.7297,37,0.75,20,0.7368,19,SCHW,3,3,690,693
602,151,63,0.4444,0.4873,0.9845,0.2797,0.5397,0.4912,57,0.8,10,,0,SCHW,3,4,753,756
652,164,63,0.7143,0.5588,0.6767,0.2419,0.7302,0.7258,62,1.0,2,1.0,2,SCHW,3,5,816,819
703,176,63,0.5079,0.4451,2.6327,0.353,0.5079,0.5079,63,0.5,54,0.4444,36,SCHW,3,6,879,882
753,189,63,0.619,0.5288,0.6631,0.2356,0.619,0.619,63,0.619,63,0.7,10,SCHW,3,7,942,945
804,201,63,0.5397,0.5746,0.9591,0.2697,0.5079,0.5254,59,0.5345,58,0.5345,58,SCHW,3,8,1005,1008
400,101,63,0.4762,0.4728,1.8953,0.311,0.5079,0.4906,53,0.4906,53,0.4906,53,CB,3,0,501,504
451,113,63,0.4762,0.4869,0.7585,0.2796,0.4762,0.4762,63,0.4762,63,0.4815,27,CB,3,1,564,567
501,126,63,0.5238,0.4955,1.6359,0.2875,0.5238,0.5238,63,0.5333,15,0.5333,15,CB,3,2,627,630
552,138,63,0.5714,0.6537,0.6216,0.2221,0.4603,0.5179,56,0.6667,12,,0,CB,3,3,690,693
602,151,63,0.6349,0.6279,2.1189,0.3101,0.6825,0.7,50,1.0,1,1.0,1,CB,3,4,753,756
652,164,63,0.4762,0.6843,0.6903,0.2486,0.381,0.4118,51,0.6875,16,,0,CB,3,5,816,819
703,176,63,0.5079,0.5926,0.6959,0.2523,0.6508,0.7083,24,0.7778,18,1.0,2,CB,3,6,879,882
753,189,63,0.5079,0.582,0.6775,0.2443,0.6508,0.7083,24,0.8333,12,1.0,3,CB,3,7,942,945
804,201,63,0.4444,0.4284,0.7697,0.2854,0.4921,0.3889,18,0.3889,18,0.3889,18,CB,3,8,1005,1008
400,101,63,0.4286,0.4393,1.4565,0.3065,0.5556,0.4848,33,0.5161,31,0.6667,3,CINF,3,0,501,504
451,113,63,0.5079,0.6044,2.0496,0.285,0.5714,0.6923,13,0.75,12,0.75,12,CINF,3,1,564,567
501,126,63,0.6349,0.5761,0.6426,0.2266,0.6349,0.6393,61,0.6393,61,0.7692,13,CINF,3,2,627,630
552,138,63,0.5079,0.5097,1.8603,0.3656,0.4444,0.4706,51,0.4706,51,0.4571,35,CINF,3,3,690,693
602,151,63,0.619,0.7053,1.2606,0.2263,0.5873,0.6226,53,0.6226,53,0.75,36,CINF,3,4,753,756
652,164,63,0.4603,0.5076,0.6997,0.2554,0.4762,0.4333,30,0.6667,6,0.6667,6,CINF,3,5,816,819
703,176,63,0.5238,0.5369,0.7229,0.2621,0.5873,0.6061,33,0.6061,33,0.6061,33,CINF,3,6,879,882
753,189,63,0.4921,0.5197,0.7142,0.2598,0.4921,0.4615,13,0.4615,13,0.4615,13,CINF,3,7,942,945
804,201,63,0.4603,0.5401,0.7228,0.2634,0.4603,0.4603,63,0.5357,28,0.4167,12,CINF,3,8,1005,1008
400,101,63,0.5873,0.5,0.6782,0.2425,0.5873,0.5873,63,0.5873,63,0.5873,63,C,3,0,501,504
451,113,63,0.5238,0.5303,0.683,0.2452,0.5238,0.5238,63,1.0,2,1.0,2,C,3,1,564,567
501,126,63,0.5714,0.4979,0.7253,0.2615,0.6032,0.5932,59,0.5714,7,,0,C,3,2,627,630
552,138,63,0.619,0.4001,2.2972,0.2959,0.619,0.619,63,0.619,63,0.619,63,C,3,3,690,693
602,151,63,0.5556,0.5771,0.6848,0.246,0.5397,0.5577,52,0.5577,52,0.6667,15,C,3,4,753,756
652,164,63,0.5079,0.6154,0.6746,0.2417,0.6984,0.8824,17,0.8667,15,0.8667,15,C,3,5,816,819
703,176,63,0.4286,0.4647,0.7818,0.2916,0.5873,0.5238,21,0.5556,18,0.5556,18,C,3,6,879,882
753,189,63,0.619,0.4834,0.6733,0.2401,0.619,0.619,63,0.6167,60,,0,C,3,7,942,945
804,201,63,0.4444,0.4276,0.7664,0.2845,0.5556,0.5,44,0.5,44,0.5,18,C,3,8,1005,1008
400,101,63,0.4921,0.5176,0.7044,0.2555,0.5079,,0,,0,,0,CFG,3,0,501,504
451,113,63,0.619,0.4434,0.7048,0.2553,0.619,0.619,63,0.3333,6,0.4,5,CFG,3,1,564,567
501,126,63,0.4762,0.43,0.8531,0.3176,0.5397,0.5135,37,0.3571,14,0.3571,14,CFG,3,2,627,630
552,138,63,0.5873,0.6039,3.9267,0.3587,0.5714,0.8571,14,0.8571,14,,0,CFG,3,3,690,693
602,151,63,0.4921,0.6386,0.6982,0.2525,0.4921,0.4921,63,0.5686,51,0.58,50,CFG,3,4,753,756
652,164,63,0.5397,0.6065,3.8754,0.3389,0.5873,0.625,32,0.6667,30,0.6552,29,CFG,3,5,816,819
703,176,63,0.381,0.5278,0.7059,0.2558,0.619,,0,,0,,0,CFG,3,6,879,882
753,189,63,0.6825,0.5,0.6931,0.25,0.6825,0.6825,63,,0,,0,CFG,3,7,942,945
804,201,63,0.4603,0.6085,0.7453,0.2746,0.4603,0.4603,63,0.4603,63,0.5306,49,CFG,3,8,1005,1008
400,101,63,0.4286,0.4465,0.7658,0.2869,0.4762,0.4211,38,0.4211,38,0.4211,38,CME,3,0,501,504
451,113,63,0.4603,0.5294,0.7123,0.2594,0.4603,0.4545,55,0.4792,48,0.4828,29,CME,3,1,564,567
501,126,63,0.4603,0.5489,0.7273,0.2671,0.5714,1.0,2,,0,,0,CME,3,2,627,630
552,138,63,0.4762,0.5091,0.695,0.2512,0.619,0.7143,14,1.0,2,1.0,2,CME,3,3,690,693
602,151,63,0.5079,0.407,0.7497,0.2765,0.6667,0.6122,49,0.6122,49,0.5882,17,CME,3,4,753,756
652,164,63,0.5556,0.5463,0.9045,0.2497,0.5714,0.5645,62,0.5645,62,0.65,20,CME,3,5,816,819
703,176,63,0.4921,0.5421,0.759,0.2786,0.4603,0.4746,59,0.4746,59,0.5135,37,CME,3,6,879,882
753,189,63,0.5238,0.5107,0.7019,0.2542,0.619,0.5818,55,0.7,20,,0,CME,3,7,942,945
804,201,63,0.3651,0.4205,1.0169,0.3027,0.4127,0.3409,44,0.3256,43,0.5,10,CME,3,8,1005,1008
400,101,63,0.5238,0.5156,1.0336,0.3022,0.5079,0.5161,62,0.5082,61,0.5082,61,ERIE,3,0,501,504
451,113,63,0.5397,0.4647,0.776,0.2844,0.5079,0.5254,59,0.5254,59,0.5254,59,ERIE,3,1,564,567
501,126,63,0.5556,0.4469,0.6918,0.2493,0.5556,0.5556,63,,0,,0,ERIE,3,2,627,630
552,138,63,0.5079,0.6028,0.6669,0.2415,0.5079,0.5079,63,0.5079,63,1.0,3,ERIE,3,3,690,693
602,151,63,0.4921,0.4422,0.7272,0.2662,0.4603,0.4651,43,0.25,8,0.25,8,ERIE,3,4,753,756
652,164,63,0.4921,0.4922,0.6971,0.2518,0.5873,0.6667,15,0.8,5,0.8,5,ERIE,3,5,816,819
703,176,63,0.3968,0.4615,0.7932,0.2942,0.381,0.3542,48,0.3226,31,0.3226,31,ERIE,3,6,879,882
753,189,63,0.5714,0.6084,0.6886,0.2477,0.6032,0.6667,33,,0,,0,ERIE,3,7,942,945
804,201,63,0.4127,0.4848,0.7523,0.2763,0.4762,0.4386,57,0.52,25,,0,ERIE,3,8,1005,1008
400,101,63,0.5397,0.5444,0.9145,0.2573,0.4762,0.5094,53,0.5094,53,0.5094,53,FDS,3,0,501,504
451,113,63,0.4762,0.6162,0.6859,0.2465,0.4762,0.4762,63,0.7143,14,0.6923,13,FDS,3,1,564,567
501,126,63,0.619,0.6969,0.9339,0.3056,0.5556,0.72,25,0.8,10,0.8,10,FDS,3,2,627,630
552,138,63,0.619,0.5953,1.4305,0.2751,0.4921,0.5854,41,0.5854,41,0.5,8,FDS,3,3,690,693
602,151,63,0.5238,0.5343,0.6954,0.2513,0.5238,0.5273,55,0.5273,55,1.0,1,FDS,3,4,753,756
652,164,63,0.6508,0.6303,0.9182,0.253,0.3492,0.5,24,0.5,24,0.5,24,FDS,3,5,816,819
703,176,63,0.3651,0.6173,4.9255,0.422,0.3333,0.3333,57,0.4118,34,0.4118,34,FDS,3,6,879,882
753,189,63,0.6825,0.6723,0.6505,0.2288,0.5714,0.7222,36,0.6875,16,0.6875,16,FDS,3,7,942,945
804,201,63,0.5397,0.6559,0.6825,0.2444,0.5873,0.7,20,0.7,20,0.7,20,FDS,3,8,1005,1008
400,101,63,0.619,0.5442,0.9054,0.2501,0.6032,0.6167,60,,0,,0,FIS,3,0,501,504
451,113,63,0.5397,0.5,0.7002,0.2534,0.5397,0.5397,63,0.5397,63,0.5397,63,FIS,3,1,564,567
501,126,63,0.6825,0.5942,0.6547,0.231,0.6825,0.6825,63,0.8235,17,0.8182,11,FIS,3,2,627,630
552,138,63,0.4603,0.5,0.7388,0.2723,0.4603,0.4603,63,0.4603,63,0.4603,63,FIS,3,3,690,693
602,151,63,0.5397,0.6131,0.7826,0.2875,0.4762,0.5091,55,0.54,50,0.54,50,FIS,3,4,753,756
652,164,63,0.5556,0.5469,0.693,0.2499,0.4921,0.5882,17,0.0,1,0.0,1,FIS,3,5,816,819
703,176,63,0.7619,0.7414,0.604,0.2071,0.4603,1.0,14,1.0,12,1.0,6,FIS,3,6,879,882
753,189,63,0.5556,0.5347,0.7206,0.2559,0.3968,0.4286,21,0.5385,13,0.5385,13,FIS,3,7,942,945
804,201,63,0.7302,0.7126,0.6028,0.2065,0.381,0.8889,9,0.8889,9,0.8889,9,FIS,3,8,1005,1008
400,101,63,0.5556,0.5867,0.7144,0.2599,0.5397,0.65,20,0.5333,15,,0,FITB,3,0,501,504
451,113,63,0.4762,0.5581,0.7163,0.261,0.4762,0.44,25,0.5,4,,0,FITB,3,1,564,567
501,126,63,0.381,0.5,0.7283,0.2675,0.619,,0,,0,,0,FITB,3,2,627,630
552,138,63,0.4921,0.5116,0.7175,0.2618,0.4762,0.4821,56,0.4821,56,,0,FITB,3,3,690,693
602,151,63,0.5556,0.62,2.0523,0.2858,0.5079,0.5333,60,0.5333,60,0.6,25,FITB,3,4,753,756
652,164,63,0.5238,0.6554,0.6686,0.2384,0.6349,0.8571,14,0.8462,13,0.8462,13,FITB,3,5,816,819
703,176,63,0.4762,0.4434,2.0967,0.3047,0.5238,0.5,44,0.5714,7,0.5714,7,FITB,3,6,879,882
753,189,63,0.5397,0.6657,1.377,0.2695,0.6508,0.7727,22,0.8462,13,0.8462,13,FITB,3,7,942,945
804,201,63,0.5397,0.5571,0.6824,0.2481,0.4762,0.5143,35,0.55,20,0.5385,13,FITB,3,8,1005,1008
400,101,63,0.5873,0.5167,1.6128,0.278,0.4603,0.7143,7,0.7143,7,1.0,3,BEN,3,0,501,504
451,113,63,0.3175,0.3862,7.6223,0.57,0.381,0.3273,55,0.3273,55,0.2941,51,BEN,3,1,564,567
501,126,63,0.4762,0.5,0.6966,0.2517,0.5238,,0,,0,,0,BEN,3,2,627,630
552,138,63,0.4921,0.5222,0.7115,0.259,0.5238,0.6667,3,0.6667,3,0.6667,3,BEN,3,3,690,693
602,151,63,0.6508,0.6744,0.6513,0.2295,0.4921,0.6552,29,0.6552,29,0.6552,29,BEN,3,4,753,756
652,164,63,0.4127,0.5122,1.6737,0.3053,0.6508,0.8333,6,0.8333,6,1.0,1,BEN,3,5,816,819
703,176,63,0.5397,0.5,0.6902,0.2485,0.4603,,0,,0,,0,BEN,3,6,879,882
753,189,63,0.3651,0.4875,0.7122,0.2594,0.6349,,0,,0,,0,BEN,3,7,942,945
804,201,63,0.5714,0.6754,0.6877,0.2482,0.5714,0.5714,63,0.6034,58,0.6034,58,BEN,3,8,1005,1008
400,101,63,0.5238,0.5021,1.2464,0.297,0.4286,0.3846,13,0.4,10,0.4,10,GPN,3,0,501,504
451,113,63,0.3651,0.525,9.7072,0.6302,0.3651,0.3651,63,0.3651,63,0.3651,63,GPN,3,1,564,567
501,126,63,0.4921,0.5633,0.7421,0.2735,0.5714,0.8333,6,1.0,4,,0,GPN,3,2,627,630
552,138,63,0.4921,0.4839,1.2188,0.2951,0.5079,,0,,0,,0,GPN,3,3,690,693
602,151,63,0.5079,0.6562,0.6958,0.2513,0.5079,0.5079,63,0.6486,37,,0,GPN,3,4,753,756
652,164,63,0.4921,0.5207,0.7086,0.2574,0.5238,0.5161,31,0.5357,28,0.5357,28,GPN,3,5,816,819
703,176,63,0.4603,0.604,1.1499,0.2653,0.4603,0.4603,63,0.6087,23,0.5909,22,GPN,3,6,879,882
753,189,63,0.4444,0.4736,1.0441,0.3004,0.4603,0.4423,52,0.4722,36,0.4722,36,GPN,3,7,942,945
804,201,63,0.5556,0.7406,0.6785,0.2428,0.4127,0.4815,54,0.5122,41,0.6667,9,GPN,3,8,1005,1008
400,101,63,0.5238,0.4859,5.7602,0.4182,0.5238,0.5238,63,0.5217,46,0.5217,46,GL,3,0,501,504
451,113,63,0.5238,0.5,0.6943,0.2506,0.5238,0.5238,63,0.5238,63,,0,GL,3,1,564,567
501,126,63,0.6667,0.5,0.6791,0.243,0.6667,0.6667,63,,0,,0,GL,3,2,627,630
552,138,63,0.5079,0.5668,0.851,0.3114,0.6349,0.6364,33,0.6562,32,0.6774,31,GL,3,3,690,693
602,151,63,0.6032,0.6111,0.6493,0.2293,0.6032,0.6032,63,0.6842,38,0.6842,38,GL,3,4,753,756
652,164,63,0.5873,0.5381,0.6675,0.2378,0.5714,0.5893,56,0.8333,6,0.8333,6,GL,3,5,816,819
703,176,63,0.5397,0.5335,0.7312,0.2659,0.4603,0.5,44,0.5,44,0.5,44,GL,3,6,879,882
753,189,63,0.4762,0.498,0.7169,0.2615,0.5079,0.4906,53,0.5588,34,0.3333,9,GL,3,7,942,945
804,201,63,0.5397,0.5449,0.6962,0.2515,0.5079,0.6364,11,0.6364,11,,0,GL,3,8,1005,1008
400,101,63,0.3968,0.4363,0.7318,0.2691,0.6032,,0,,0,,0,GS,3,0,501,504
451,113,63,0.619,0.5337,0.6716,0.2387,0.6032,0.6207,58,0.6207,58,0.6207,58,GS,3,1,564,567
501,126,63,0.619,0.6341,0.6448,0.2264,0.5873,0.6182,55,0.66,50,0.6735,49,GS,3,2,627,630
552,138,63,0.4762,0.3821,0.8329,0.3111,0.5556,0.5185,54,0.5185,54,0.5185,54,GS,3,3,690,693
602,151,63,0.5079,0.6742,2.4605,0.2905,0.5238,0.5161,62,0.5246,61,0.5333,60,GS,3,4,753,756
652,164,63,0.6349,0.5,0.6894,0.2481,0.6349,0.6349,63,,0,,0,GS,3,5,816,819
703,176,63,0.6032,0.5556,0.6711,0.2391,0.5873,0.5968,62,0.6066,61,0.75,4,GS,3,6,879,882
753,189,63,0.6032,0.56,0.6711,0.239,0.6032,0.6032,63,0.623,61,,0,GS,3,7,942,945
804,201,63,0.5556,0.4332,0.743,0.2705,0.5556,0.5556,63,0.5556,63,0.5593,59,GS,3,8,1005,1008
400,101,63,0.6508,0.5,0.6473,0.2274,0.6508,0.6508,63,0.6508,63,0.6508,63,HIG,3,0,501,504
451,113,63,0.4921,0.5156,0.7992,0.2959,0.4921,0.4921,63,0.4921,63,0.4921,63,HIG,3,1,564,567
501,126,63,0.4762,0.5227,0.7392,0.2714,0.6508,0.625,32,0.8571,7,0.8333,6,HIG,3,2,627,630
552,138,63,0.5079,0.5459,0.7015,0.2541,0.5079,0.5079,63,0.5357,56,,0,HIG,3,3,690,693
602,151,63,0.7302,0.5738,0.6112,0.2104,0.746,0.7419,62,0.7419,62,0.9286,14,HIG,3,4,753,756
652,164,63,0.4921,0.4965,0.7827,0.2872,0.4921,0.4921,63,0.4921,63,0.3077,13,HIG,3,5,816,819
703,176,63,0.6032,0.5653,0.69,0.2475,0.5714,0.6122,49,0.6129,31,0.6667,21,HIG,3,6,879,882
753,189,63,0.619,0.6004,0.6476,0.2287,0.5397,0.5893,56,0.5893,56,0.5893,56,HIG,3,7,942,945
804,201,63,0.5079,0.4323,0.7019,0.256,0.4762,0.4918,61,0.4915,59,0.3871,31,HIG,3,8,1005,1008
400,101,63,0.5556,0.6255,0.6899,0.2484,0.5556,0.5556,63,,0,,0,HBAN,3,0,501,504
451,113,63,0.5397,0.5923,0.6811,0.2454,0.5397,0.5424,59,0.6452,31,0.5882,17,HBAN,3,1,564,567
501,126,63,0.5397,0.4592,1.1781,0.276,0.6349,0.6222,45,0.5417,24,0.5417,24,HBAN,3,2,627,630
552,138,63,0.4762,0.4521,0.7286,0.2673,0.5079,0.4915,59,0.4717,53,1.0,1,HBAN,3,3,690,693
602,151,63,0.5714,0.7439,0.8349,0.2207,0.5556,0.5645,62,0.5645,62,0.8696,23,HBAN,3,4,753,756
652,164,63,0.3175,0.3117,0.7877,0.296,0.5556,0.3667,30,0.3333,6,,0,HBAN,3,5,816,819
703,176,63,0.5556,0.4733,0.9587,0.2706,0.4286,0.3333,3,0.3333,3,0.3333,3,HBAN,3,6,879,882
753,189,63,0.4286,0.5,0.7169,0.2618,0.5714,,0,,0,,0,HBAN,3,7,942,945
804,201,63,0.4286,0.5011,0.8957,0.3259,0.3968,0.4098,61,0.3636,22,0.3636,22,HBAN,3,8,1005,1008
400,101,63,0.3651,0.5469,4.446,0.4847,0.7143,1.0,5,1.0,4,1.0,4,IBKR,3,0,501,504
451,113,63,0.4603,0.5137,5.24,0.4636,0.4603,0.4603,63,0.4603,63,0.4603,63,IBKR,3,1,564,567
501,126,63,0.7778,0.6429,0.5712,0.1907,0.7778,0.7778,63,0.7778,63,0.7778,63,IBKR,3,2,627,630
552,138,63,0.6667,0.5884,0.6248,0.2171,0.6667,0.6667,63,0.6809,47,0.6889,45,IBKR,3,3,690,693
602,151,63,0.4921,0.5887,3.5148,0.3688,0.4921,0.4921,63,0.4921,63,0.5172,58,IBKR,3,4,753,756
652,164,63,0.5397,0.469,1.8741,0.2976,0.6349,0.6038,53,0.6038,53,0.6038,53,IBKR,3,5,816,819
703,176,63,0.5556,0.4959,0.6858,0.2466,0.5556,0.5556,63,0.5652,23,1.0,3,IBKR,3,6,879,882
753,189,63,0.5079,0.5323,0.6968,0.2518,0.5079,0.5079,63,0.5079,63,,0,IBKR,3,7,942,945
804,201,63,0.5397,0.396,0.712,0.2587,0.5397,0.5397,63,0.5397,63,0.3333,15,IBKR,3,8,1005,1008
400,101,63,0.4444,0.4385,0.7342,0.2699,0.5079,0.4727,55,0.4727,55,,0,ICE,3,0,501,504
451,113,63,0.5079,0.5321,0.6863,0.2496,0.619,0.6429,28,0.6,20,,0,ICE,3,1,564,567
501,126,63,0.4603,0.4129,3.1485,0.3831,0.619,0.5676,37,0.5833,36,,0,ICE,3,2,627,630
552,138,63,0.5873,0.6222,1.7587,0.258,0.5397,0.58,50,0.58,50,0.58,50,ICE,3,3,690,693
602,151,63,0.6508,0.5471,0.6415,0.2268,0.6508,0.6508,63,0.6486,37,0.6486,37,ICE,3,4,753,756
652,164,63,0.5238,0.5273,0.677,0.2428,0.5714,0.5577,52,0.7273,11,0.7273,11,ICE,3,5,816,819
703,176,63,0.2381,0.3708,6.585,0.5723,0.2381,0.2381,63,0.2381,63,0.2381,63,ICE,3,6,879,882
753,189,63,0.3333,0.5,0.6986,0.2527,0.6667,,0,,0,,0,ICE,3,7,942,945
804,201,63,0.4444,0.4571,0.7026,0.2547,0.4444,0.4444,63,0.0,3,,0,ICE,3,8,1005,1008
400,101,63,0.6032,0.4947,1.1374,0.2568,0.6032,0.6032,63,0.6429,14,0.6667,9,IVZ,3,0,501,504
451,113,63,0.5556,0.5374,0.7094,0.258,0.5238,0.5424,59,0.5345,58,0.5439,57,IVZ,3,1,564,567
501,126,63,0.4444,0.5516,4.6439,0.3929,0.6032,0.8,5,0.8,5,0.8,5,IVZ,3,2,627,630
552,138,63,0.6032,0.6084,0.6837,0.2453,0.4921,0.6,30,,0,,0,IVZ,3,3,690,693
602,151,63,0.619,0.7095,3.8188,0.3182,0.3968,0.5111,45,0.5349,43,0.5897,39,IVZ,3,4,753,756
652,164,63,0.5873,0.5684,0.6725,0.2402,0.5556,0.6,45,0.5909,44,0.5909,44,IVZ,3,5,816,819
703,176,63,0.5714,0.6101,0.7979,0.2938,0.5714,0.6957,23,,0,,0,IVZ,3,6,879,882
753,189,63,0.3968,0.5263,0.924,0.2578,0.6032,,0,,0,,0,IVZ,3,7,942,945
804,201,63,0.619,0.5,0.6667,0.2369,0.619,0.619,63,0.619,63,,0,IVZ,3,8,1005,1008
400,101,63,0.619,0.6359,0.8828,0.2378,0.4603,0.7778,9,0.7778,9,0.7778,9,JKHY,3,0,501,504
451,113,63,0.4921,0.5833,0.7124,0.2594,0.5238,0.5102,49,0.5102,49,,0,JKHY,3,1,564,567
501,126,63,0.3492,0.3763,0.831,0.3112,0.6032,0.4286,21,0.4286,21,0.4,5,JKHY,3,2,627,630
552,138,63,0.5397,0.53,2.2905,0.2936,0.3968,0.4231,26,1.0,1,1.0,1,JKHY,3,3,690,693
602,151,63,0.5238,0.4964,0.7089,0.2576,0.5556,0.6316,19,0.6316,19,,0,JKHY,3,4,753,756
652,164,63,0.381,0.2906,2.9811,0.3891,0.4286,0.25,24,0.25,24,0.1667,6,JKHY,3,5,816,819
703,176,63,0.4921,0.4849,1.0762,0.3242,0.4921,0.4921,63,0.4921,63,0.4839,62,JKHY,3,6,879,882
753,189,63,0.4603,0.6775,0.693,0.2499,0.5714,1.0,2,1.0,2,,0,JKHY,3,7,942,945
804,201,63,0.5238,0.5504,0.922,0.2576,0.4921,0.5091,55,0.5111,45,0.6,5,JKHY,3,8,1005,1008
400,101,63,0.4921,0.5141,5.1083,0.4091,0.5238,0.5185,27,,0,,0,ABBV,3,0,501,504
451,113,63,0.4921,0.5695,0.709,0.2585,0.6032,0.6875,16,0.5,2,1.0,1,ABBV,3,1,564,567
501,126,63,0.5873,0.5852,0.6663,0.2377,0.5397,0.5769,52,0.5882,51,,0,ABBV,3,2,627,630
552,138,63,0.5238,0.5913,0.7244,0.2649,0.4603,0.4909,55,0.4909,55,0.4909,55,ABBV,3,3,690,693
602,151,63,0.4762,0.5168,0.7214,0.2635,0.5556,0.5833,12,0.5833,12,0.5,8,ABBV,3,4,753,756
652,164,63,0.5873,0.4928,0.6909,0.2503,0.6508,0.6471,51,0.65,20,1.0,1,ABBV,3,5,816,819
703,176,63,0.5397,0.5,0.6932,0.25,0.5397,0.5397,63,0.5397,63,,0,ABBV,3,6,879,882
753,189,63,0.5397,0.5284,0.6942,0.2504,0.5397,0.5397,63,0.54,50,0.5556,36,ABBV,3,7,942,945
804,201,63,0.4286,0.5874,0.7383,0.272,0.4286,0.4286,63,0.4583,48,0.4583,48,ABBV,3,8,1005,1008
400,101,63,0.4921,0.5,0.6958,0.2513,0.5079,,0,,0,,0,A,3,0,501,504
451,113,63,0.5079,0.4768,4.2046,0.3855,0.5238,0.5625,16,0.5625,16,0.5625,16,A,3,1,564,567
501,126,63,0.5238,0.6121,0.6748,0.241,0.4603,0.4915,59,0.6,15,,0,A,3,2,627,630
552,138,63,0.5079,0.5735,0.6907,0.2488,0.5556,0.6429,14,1.0,1,,0,A,3,3,690,693
602,151,63,0.381,0.5272,0.9218,0.354,0.381,0.381,63,0.381,63,0.381,63,A,3,4,753,756
652,164,63,0.4603,0.4658,0.7115,0.2589,0.5556,0.5263,19,0.4375,16,0.4667,15,A,3,5,816,819
703,176,63,0.5079,0.5556,0.929,0.2577,0.619,0.58,50,0.8235,17,0.8235,17,A,3,6,879,882
753,189,63,0.6349,0.4847,2.4573,0.2784,0.3333,0.375,8,0.1667,6,0.1667,6,A,3,7,942,945
804,201,63,0.4444,0.5306,1.4472,0.3677,0.4444,0.4444,63,0.4667,60,0.4746,59,A,3,8,1005,1008
400,101,63,0.4603,0.5278,0.7312,0.2688,0.5714,1.0,2,,0,,0,ALGN,3,0,501,504
451,113,63,0.4127,0.6528,0.749,0.277,0.4127,0.4127,63,0.4483,58,0.4483,58,ALGN,3,1,564,567
501,126,63,0.3175,0.3995,6.7925,0.5588,0.4444,0.3585,53,0.3585,53,0.3585,53,ALGN,3,2,627,630
552,138,63,0.5079,0.4637,0.7109,0.2586,0.4921,,0,,0,,0,ALGN,3,3,690,693
602,151,63,0.3492,0.3729,0.7671,0.2842,0.4286,0.3542,48,,0,,0,ALGN,3,4,753,756
652,164,63,0.4444,0.5267,0.7163,0.2613,0.5714,1.0,1,,0,,0,ALGN,3,5,816,819
703,176,63,0.5714,0.5137,3.2184,0.3305,0.5397,0.5686,51,0.5686,51,0.56,50,ALGN,3,6,879,882
753,189,63,0.5397,0.6095,0.9315,0.2596,0.5397,0.549,51,0.8462,13,,0,ALGN,3,7,942,945
804,201,63,0.4921,0.5732,0.8743,0.2428,0.4762,0.4722,36,0.6,10,0.6,10,ALGN,3,8,1005,1008
400,101,63,0.4762,0.4035,0.7812,0.291,0.4762,0.4762,63,0.4762,63,0.4762,63,AMGN,3,0,501,504
451,113,63,0.5238,0.5,0.6985,0.2526,0.5238,0.5238,63,0.5238,63,,0,AMGN,3,1,564,567
501,126,63,0.5556,0.4056,1.1785,0.2744,0.5556,0.5556,63,0.0,2,0.0,2,AMGN,3,2,627,630
552,138,63,0.5397,0.5,0.6907,0.2488,0.5397,0.5397,63,0.5397,63,,0,AMGN,3,3,690,693
602,151,63,0.5397,0.6444,0.9162,0.2532,0.4762,0.5385,13,0.5385,13,0.5385,13,AMGN,3,4,753,756
652,164,63,0.5397,0.4746,0.6932,0.25,0.5397,0.5397,63,,0,,0,AMGN,3,5,816,819
703,176,63,0.5556,0.5247,0.7836,0.2817,0.4762,0.52,50,0.3636,11,0.3,10,AMGN,3,6,879,882
753,189,63,0.5238,0.4699,0.7184,0.2622,0.5873,0.5946,37,,0,,0,AMGN,3,7,942,945
804,201,63,0.4444,0.4823,0.6998,0.2534,0.4127,0.3636,33,0.375,32,,0,AMGN,3,8,1005,1008
400,101,63,0.4921,0.465,1.1719,0.2737,0.4603,0.44,25,,0,,0,BAX,3,0,501,504
451,113,63,0.4286,0.5047,1.4663,0.3063,0.3968,0.3962,53,0.4091,44,0.3846,13,BAX,3,1,564,567
501,126,63,0.4921,0.5,0.7047,0.2557,0.5079,,0,,0,,0,BAX,3,2,627,630
552,138,63,0.5556,0.5682,0.7025,0.2535,0.4762,0.5417,24,0.7778,9,,0,BAX,3,3,690,693
602,151,63,0.6032,0.604,0.6615,0.2344,0.5397,0.7143,21,0.7143,21,0.7143,21,BAX,3,4,753,756
652,164,63,0.4444,0.4712,0.9417,0.2667,0.4762,0.4,25,0.4167,24,0.5,2,BAX,3,5,816,819
703,176,63,0.4762,0.4891,0.7122,0.2594,0.4127,0.3939,33,0.3333,21,,0,BAX,3,6,879,882
753,189,63,0.3968,0.4711,0.7062,0.2564,0.6032,,0,,0,,0,BAX,3,7,942,945
804,201,63,0.4603,0.5015,0.6978,0.2523,0.4286,0.4364,55,0.0,1,0.0,1,BAX,3,8,1005,1008
400,101,63,0.5397,0.5495,0.6923,0.2495,0.5238,0.5345,58,0.5536,56,0.5641,39,BDX,3,0,501,504
451,113,63,0.4762,0.4592,0.9425,0.2655,0.4444,0.4,25,0.0,1,0.0,1,BDX,3,1,564,567
501,126,63,0.4921,0.597,2.0463,0.2886,0.5238,0.5091,55,0.5091,55,0.6429,28,BDX,3,2,627,630
552,138,63,0.5397,0.5751,0.6827,0.2463,0.5079,0.5556,27,0.5,10,1.0,1,BDX,3,3,690,693
602,151,63,0.5556,0.5755,0.7003,0.2532,0.4444,0.5,50,0.4865,37,0.4783,23,BDX,3,4,753,756
652,164,63,0.4762,0.6811,0.6816,0.2445,0.5714,0.8,5,0.75,4,1.0,1,BDX,3,5,816,819
703,176,63,0.3175,0.3284,0.7845,0.2928,0.3968,0.2955,44,0.2692,26,,0,BDX,3,6,879,882
753,189,63,0.6032,0.5978,0.6695,0.2397,0.5079,0.6061,33,,0,,0,BDX,3,7,942,945
804,201,63,0.3651,0.4849,7.658,0.5788,0.3175,0.3148,54,0.3148,54,0.2857,49,BDX,3,8,1005,1008
400,101,63,0.3968,0.4348,0.7004,0.2546,0.6349,1.0,2,1.0,2,1.0,2,TECH,3,0,501,504
451,113,63,0.4762,0.5118,2.3224,0.3195,0.381,0.3784,37,0.3784,37,0.3846,13,TECH,3,1,564,567
501,126,63,0.5238,0.6195,0.6798,0.2434,0.4921,0.5091,55,0.5814,43,,0,TECH,3,2,627,630
552,138,63,0.6508,0.6935,0.6266,0.2181,0.5079,0.5962,52,0.5962,52,0.75,12,TECH,3,3,690,693
602,151,63,0.4286,0.7148,1.4147,0.3814,0.2698,0.3208,53,0.3208,53,0.3208,53,TECH,3,4,753,756
652,164,63,0.5397,0.5212,2.0855,0.2987,0.4762,0.5217,23,0.55,20,0.4167,12,TECH,3,5,816,819
703,176,63,0.619,0.6572,0.6388,0.229,0.5397,0.625,40,0.65,20,1.0,4,TECH,3,6,879,882
753,189,63,0.6032,0.6374,0.8622,0.2356,0.5238,0.9,10,0.9,10,1.0,6,TECH,3,7,942,945
804,201,63,0.4603,0.4301,1.2606,0.3128,0.4444,0.4516,62,0.3704,27,0.3704,27,TECH,3,8,1005,1008
400,101,63,0.3968,0.5463,1.8709,0.2984,0.3968,0.3968,63,0.5455,11,0.5,10,BIIB,3,0,501,504
451,113,63,0.5079,0.4713,0.7045,0.2558,0.4921,,0,,0,,0,BIIB,3,1,564,567
501,126,63,0.5873,0.5605,1.1173,0.2492,0.3968,0.4737,19,0.625,8,0.625,8,BIIB,3,2,627,630
552,138,63,0.4921,0.4789,2.0842,0.3651,0.3968,0.3871,31,0.3871,31,0.3871,31,BIIB,3,3,690,693
602,151,63,0.5714,0.5985,0.6799,0.2435,0.4444,0.6,5,0.6,5,0.6,5,BIIB,3,4,753,756
652,164,63,0.4921,0.5559,0.7123,0.2593,0.5079,0.5,26,1.0,1,,0,BIIB,3,5,816,819
703,176,63,0.4444,0.5,0.7014,0.2541,0.5556,,0,,0,,0,BIIB,3,6,879,882
753,189,63,0.381,0.4342,0.6977,0.2523,0.6667,0.5882,17,,0,,0,BIIB,3,7,942,945
804,201,63,0.5238,0.5677,0.6994,0.253,0.5238,0.5246,61,0.5246,61,0.6316,19,BIIB,3,8,1005,1008
400,101,63,0.4603,0.4158,1.043,0.2948,0.4444,0.125,8,0.0,3,0.0,3,BMY,3,0,501,504
451,113,63,0.5556,0.5638,0.6718,0.2404,0.4444,,0,,0,,0,BMY,3,1,564,567
501,126,63,0.4603,0.4853,0.7011,0.254,0.5397,,0,,0,,0,BMY,3,2,627,630
552,138,63,0.4921,0.4907,0.6965,0.2517,0.5714,0.5625,32,,0,,0,BMY,3,3,690,693
602,151,63,0.4127,0.373,2.4999,0.3821,0.4444,0.4262,61,0.3421,38,0.3333,33,BMY,3,4,753,756
652,164,63,0.4762,0.5864,0.6777,0.2426,0.4762,0.4762,63,0.7778,9,0.7778,9,BMY,3,5,816,819
703,176,63,0.3968,0.4744,1.6651,0.2995,0.381,0.3871,62,0.0,4,0.0,4,BMY,3,6,879,882
753,189,63,0.4127,0.4459,0.7658,0.2828,0.5873,,0,,0,,0,BMY,3,7,942,945
804,201,63,0.5397,0.5646,0.6765,0.2417,0.381,0.4359,39,,0,,0,BMY,3,8,1005,1008
400,101,63,0.4921,0.6008,0.76,0.278,0.4921,0.4921,63,0.4921,63,0.5806,31,CAH,3,0,501,504
451,113,63,0.5556,0.4158,0.8233,0.2967,0.5556,0.5556,63,0.44,25,0.4762,21,CAH,3,1,564,567
501,126,63,0.6349,0.6036,0.8614,0.2332,0.5556,0.6071,56,1.0,1,1.0,1,CAH,3,2,627,630
552,138,63,0.5397,0.5316,1.4006,0.2794,0.6032,0.6667,27,0.75,4,,0,CAH,3,3,690,693
602,151,63,0.6349,0.5092,0.6662,0.2365,0.6349,0.6393,61,0.6393,61,,0,CAH,3,4,753,756
652,164,63,0.4921,0.5071,0.7188,0.2626,0.4762,0.4815,54,0.4815,54,0.4783,46,CAH,3,5,816,819
703,176,63,0.6508,0.4473,0.6754,0.2405,0.6508,0.6508,63,0.6393,61,0.5882,17,CAH,3,6,879,882
753,189,63,0.619,0.5,0.6931,0.25,0.619,0.619,63,,0,,0,CAH,3,7,942,945
804,201,63,0.4127,0.5,0.7468,0.2764,0.4127,0.4127,63,0.4127,63,,0,CAH,3,8,1005,1008
400,101,63,0.5556,0.6679,0.6841,0.2455,0.5556,0.5556,63,,0,,0,CRL,3,0,501,504
451,113,63,0.4603,0.6633,3.6724,0.3483,0.4444,0.4516,62,0.4912,57,0.5102,49,CRL,3,1,564,567
501,126,63,0.4286,0.5478,6.8473,0.5007,0.4127,0.4194,62,0.4194,62,0.4194,62,CRL,3,2,627,630
552,138,63,0.5238,0.5312,0.688,0.2474,0.4921,0.5082,61,,0,,0,CRL,3,3,690,693
602,151,63,0.4762,0.4703,0.7107,0.2584,0.4921,0.0,2,0.0,2,0.0,2,CRL,3,4,753,756
652,164,63,0.4127,0.4815,0.7048,0.2558,0.5714,0.0,1,,0,,0,CRL,3,5,816,819
703,176,63,0.4921,0.5046,0.6897,0.2493,0.4603,0.4483,29,0.4231,26,0.8,5,CRL,3,6,879,882
753,189,63,0.6349,0.6052,1.7844,0.2624,0.619,0.7353,34,0.7576,33,0.65,20,CRL,3,7,942,945
804,201,63,0.5079,0.5122,0.7109,0.2585,0.5397,0.5254,59,0.5254,59,0.6667,6,CRL,3,8,1005,1008
400,101,63,0.5714,0.6601,0.8985,0.2466,0.4127,0.0,1,0.0,1,0.0,1,COO,3,0,501,504
451,113,63,0.5397,0.5035,0.7431,0.2725,0.4921,0.55,20,0.5789,19,0.5556,18,COO,3,1,564,567
501,126,63,0.4762,0.5101,3.0835,0.3662,0.5238,,0,,0,,0,COO,3,2,627,630
552,138,63,0.619,0.6476,0.6562,0.2326,0.4286,0.5385,39,0.6,5,0.75,4,COO,3,3,690,693
602,151,63,0.6032,0.6389,0.6523,0.2301,0.6032,0.6032,63,0.6032,63,0.6735,49,COO,3,4,753,756
652,164,63,0.5079,0.6119,0.6472,0.2347,0.5079,0.5079,63,0.65,20,1.0,6,COO,3,5,816,819
703,176,63,0.5556,0.4884,1.7192,0.3139,0.5238,0.5472,53,0.5417,48,0.5333,30,COO,3,6,879,882
753,189,63,0.6032,0.6646,0.6716,0.2392,0.5714,0.6279,43,0.6279,43,0.6585,41,COO,3,7,942,945
804,201,63,0.3333,0.4628,0.8474,0.3235,0.3175,0.3167,60,0.3167,60,0.3061,49,COO,3,8,1005,1008
400,101,63,0.6032,0.563,0.9205,0.2558,0.5079,0.6,35,0.4,5,0.4,5,CVS,3,0,501,504
451,113,63,0.5079,0.6048,1.2128,0.2897,0.5079,0.5079,63,0.5079,63,0.5079,63,CVS,3,1,564,567
501,126,63,0.5556,0.5696,0.6854,0.2461,0.5079,0.5714,28,0.5926,27,0.5926,27,CVS,3,2,627,630
552,138,63,0.4286,0.426,0.7445,0.2756,0.5397,0.4375,16,0.4375,16,0.4615,13,CVS,3,3,690,693
602,151,63,0.4603,0.5303,2.6322,0.3536,0.5714,0.5833,12,0.5833,12,0.5,2,CVS,3,4,753,756
652,164,63,0.5556,0.5561,0.7275,0.2658,0.4762,0.5357,28,0.48,25,0.48,25,CVS,3,5,816,819
703,176,63,0.2857,0.3971,0.7366,0.2716,0.6825,0.25,4,0.0,3,0.0,3,CVS,3,6,879,882
753,189,63,0.6349,0.4918,0.7066,0.2492,0.6349,0.6349,63,0.6,5,0.6,5,CVS,3,7,942,945
804,201,63,0.5238,0.5571,0.6913,0.2497,0.5238,0.5238,63,0.5161,62,0.6471,17,CVS,3,8,1005,1008
400,101,63,0.4286,0.4341,1.0025,0.2943,0.5397,0.4167,12,0.5,10,0.6667,6,DHR,3,0,501,504
451,113,63,0.5714,0.526,2.1351,0.3122,0.5556,0.6111,36,0.6667,6,0.6667,3,DHR,3,1,564,567
501,126,63,0.5238,0.5687,0.6784,0.2429,0.4762,0.5,34,0.8571,7,0.8571,7,DHR,3,2,627,630
552,138,63,0.4921,0.6343,0.7566,0.2795,0.4762,0.4839,62,0.4918,61,0.4918,61,DHR,3,3,690,693
602,151,63,0.4127,0.3619,1.4344,0.2957,0.4921,0.4423,52,0.3913,46,0.4444,9,DHR,3,4,753,756
652,164,63,0.6349,0.6765,0.6648,0.2359,0.5556,0.8,20,0.8,20,,0,DHR,3,5,816,819
703,176,63,0.4286,0.518,0.7009,0.2539,0.4286,0.4286,63,1.0,1,1.0,1,DHR,3,6,879,882
753,189,63,0.4286,0.5,0.6957,0.2513,0.5714,,0,,0,,0,DHR,3,7,942,945
804,201,63,0.4286,0.5192,0.8841,0.3328,0.3175,0.3095,42,0.3235,34,0.3235,34,DHR,3,8,1005,1008
400,101,63,0.4762,0.4583,0.7234,0.2649,0.5714,0.5484,31,,0,,0,DVA,3,0,501,504
451,113,63,0.4603,0.5561,0.7474,0.2763,0.4444,0.4516,62,0.4516,62,0.4516,62,DVA,3,1,564,567
501,126,63,0.5079,0.5,0.6932,0.25,0.5079,0.5079,63,,0,,0,DVA,3,2,627,630
552,138,63,0.4286,0.3498,0.7494,0.2768,0.6667,0.5714,42,,0,,0,DVA,3,3,690,693
602,151,63,0.4921,0.4199,0.9443,0.2664,0.4921,0.4921,63,0.3889,18,0.0,1,DVA,3,4,753,756
652,164,63,0.4603,0.4924,0.7172,0.2619,0.4603,0.4603,63,0.4561,57,,0,DVA,3,5,816,819
703,176,63,0.4762,0.5101,0.6938,0.2504,0.4921,0.4815,54,1.0,2,,0,DVA,3,6,879,882
753,189,63,0.6032,0.4289,0.7073,0.2564,0.3968,,0,,0,,0,DVA,3,7,942,945
804,201,63,0.3968,0.61,0.6429,0.2341,0.6032,,0,,0,,0,DVA,3,8,1005,1008
400,101,63,0.5714,0.5832,0.8936,0.2457,0.4603,0.75,4,0.75,4,0.75,4,DXCM,3,0,501,504
451,113,63,0.4762,0.5094,0.8419,0.3027,0.4127,0.4103,39,0.3947,38,0.3947,38,DXCM,3,1,564,567
501,126,63,0.5079,0.4687,6.2789,0.4543,0.4762,0.4894,47,0.4545,44,0.4545,44,DXCM,3,2,627,630
552,138,63,0.6032,0.505,0.6788,0.243,0.6508,0.6538,52,0.7143,14,0.7143,14,DXCM,3,3,690,693
602,151,63,0.5079,0.5,0.6935,0.2502,0.5079,0.5079,63,,0,,0,DXCM,3,4,753,756
652,164,63,0.5238,0.4606,2.3023,0.3029,0.5238,0.5238,63,0.4762,21,0.5294,17,DXCM,3,5,816,819
703,176,63,0.4286,0.3981,0.7358,0.2708,0.4286,0.4286,63,0.1667,12,0.1667,12,DXCM,3,6,879,882
753,189,63,0.6349,0.6413,1.18,0.2755,0.6349,0.7179,39,,0,,0,DXCM,3,7,942,945
804,201,63,0.5238,0.5489,0.6931,0.25,0.4921,0.5098,51,0.52,50,,0,DXCM,3,8,1005,1008
400,101,63,0.619,0.6084,2.3517,0.3041,0.4921,0.7692,13,0.7692,13,0.7692,13,EW,3,0,501,504
451,113,63,0.4762,0.4733,1.4313,0.2953,0.5079,0.4872,39,0.4872,39,0.4737,38,EW,3,1,564,567
501,126,63,0.6032,0.6122,0.6813,0.243,0.5556,0.5833,60,0.5833,60,0.6452,31,EW,3,2,627,630
552,138,63,0.5397,0.55,0.6943,0.2533,0.5238,0.5323,62,0.5333,45,0.5333,45,EW,3,3,690,693
602,151,63,0.4286,0.5582,0.9762,0.2784,0.4444,0.4355,62,0.5,30,0.5556,18,EW,3,4,753,756
652,164,63,0.4127,0.4783,0.7089,0.2573,0.4762,0.2941,17,,0,,0,EW,3,5,816,819
703,176,63,0.5556,0.3534,0.6784,0.2456,0.5397,0.55,60,,0,,0,EW,3,6,879,882
753,189,63,0.619,0.6149,0.6879,0.2474,0.4921,0.7333,15,,0,,0,EW,3,7,942,945
804,201,63,0.5238,0.5292,0.722,0.2632,0.5079,0.5385,26,0.3333,6,0.3333,6,EW,3,8,1005,1008
400,101,63,0.3492,0.7223,0.7496,0.2781,0.3492,0.3492,63,0.3492,63,0.6842,19,GILD,3,0,501,504
451,113,63,0.5238,0.5578,0.6542,0.2367,0.5397,0.75,8,1.0,4,1.0,4,GILD,3,1,564,567
501,126,63,0.2857,0.5111,0.8675,0.3342,0.7143,,0,,0,,0,GILD,3,2,627,630
552,138,63,0.4444,0.4244,0.7275,0.267,0.5714,0.52,25,0.52,25,,0,GILD,3,3,690,693
602,151,63,0.5397,0.4067,0.6989,0.2527,0.5397,0.5397,63,0.5397,63,0.0,1,GILD,3,4,753,756
652,164,63,0.5556,0.5,0.6873,0.2471,0.5556,0.5556,63,0.5556,63,,0,GILD,3,5,816,819
703,176,63,0.4762,0.6702,0.7014,0.2541,0.4762,0.4762,63,0.4762,63,,0,GILD,3,6,879,882
753,189,63,0.6349,0.2913,1.7508,0.3315,0.6349,0.6349,63,0.0,9,0.0,9,GILD,3,7,942,945
804,201,63,0.3651,0.4342,0.7513,0.2765,0.3968,0.3684,57,0.3333,6,0.4,5,GILD,3,8,1005,1008
400,101,63,0.5873,0.4827,3.2534,0.3372,0.4444,1.0,2,1.0,2,,0,HCA,3,0,501,504
451,113,63,0.6508,0.544,0.7382,0.2602,0.6349,0.6552,58,0.6383,47,0.6176,34,HCA,3,1,564,567
501,126,63,0.3651,0.5198,0.7317,0.2624,0.7302,0.7143,14,0.7143,14,0.7143,14,HCA,3,2,627,630
552,138,63,0.3651,0.5223,7.3396,0.5411,0.3651,0.3651,63,0.3651,63,0.3793,58,HCA,3,3,690,693
602,151,63,0.6032,0.5795,0.6697,0.2382,0.6032,0.6032,63,0.6379,58,0.75,4,HCA,3,4,753,756
652,164,63,0.6667,0.566,0.9196,0.2551,0.5873,0.6429,56,0.25,4,0.25,4,HCA,3,5,816,819
703,176,63,0.619,0.4674,1.6053,0.271,0.746,0.7447,47,0.7619,42,0.7619,42,HCA,3,6,879,882
753,189,63,0.5714,0.4367,0.6944,0.2526,0.5714,0.5714,63,0.5645,62,0.5645,62,HCA,3,7,942,945
804,201,63,0.381,0.4389,0.8116,0.307,0.3968,0.3833,60,0.3833,60,0.3833,60,HCA,3,8,1005,1008
400,101,63,0.3651,0.4507,1.4283,0.29,0.3333,0.3273,55,0.1429,7,0.2,5,HSIC,3,0,501,504
451,113,63,0.4921,0.5144,0.6997,0.2537,0.4286,0.4074,27,0.5,6,0.6,5,HSIC,3,1,564,567
501,126,63,0.3651,0.3742,0.7978,0.3004,0.4603,0.2609,23,0.2609,23,0.2609,23,HSIC,3,2,627,630
552,138,63,0.4286,0.5288,0.6982,0.2525,0.5714,,0,,0,,0,HSIC,3,3,690,693
602,151,63,0.381,0.5812,0.6971,0.252,0.381,0.381,63,0.8,5,,0,HSIC,3,4,753,756
652,164,63,0.5556,0.6633,1.0991,0.2429,0.5397,0.65,20,0.6667,18,0.6667,18,HSIC,3,5,816,819
703,176,63,0.5079,0.5015,1.734,0.3247,0.4921,0.5,62,0.4918,61,0.5111,45,HSIC,3,6,879,882
753,189,63,0.5079,0.5107,0.9088,0.3379,0.5556,0.7,10,,0,,0,HSIC,3,7,942,945
804,201,63,0.6349,0.5,0.6652,0.2361,0.3651,,0,,0,,0,HSIC,3,8,1005,1008
400,101,63,0.5714,0.5447,3.1502,0.3039,0.4127,0.4783,23,1.0,2,1.0,2,IDXX,3,0,501,504
451,113,63,0.3492,0.4953,4.8469,0.5237,0.4127,0.3729,59,0.3684,57,0.3684,57,IDXX,3,1,564,567
501,126,63,0.4921,0.4949,0.839,0.3138,0.4762,0.4839,62,0.4754,61,0.4717,53,IDXX,3,2,627,630
552,138,63,0.4444,0.496,0.7132,0.2594,0.5238,0.3333,6,0.3333,6,0.5,4,IDXX,3,3,690,693
602,151,63,0.5238,0.4577,0.7279,0.2664,0.5556,0.5556,45,0.5366,41,,0,IDXX,3,4,753,756
652,164,63,0.3651,0.6457,1.4389,0.3045,0.6349,,0,,0,,0,IDXX,3,5,816,819
703,176,63,0.4762,0.4738,0.7096,0.2581,0.4921,0.4545,22,,0,,0,IDXX,3,6,879,882
753,189,63,0.5873,0.6658,0.6879,0.2474,0.4127,0.5,44,0.5366,41,,0,IDXX,3,7,942,945
804,201,63,0.5556,0.7047,0.9112,0.2562,0.3968,0.4681,47,0.5,40,0.5128,39,IDXX,3,8,1005,1008
400,101,63,0.5397,0.4676,0.7122,0.2589,0.4286,0.4167,12,0.4167,12,0.3636,11,INCY,3,0,501,504
451,113,63,0.4127,0.6211,0.7465,0.2761,0.5873,,0,,0,,0,INCY,3,1,564,567
501,126,63,0.3651,0.5,0.7192,0.263,0.6349,,0,,0,,0,INCY,3,2,627,630
552,138,63,0.5079,0.5117,1.1617,0.2734,0.5397,0.5319,47,0.5319,47,,0,INCY,3,3,690,693
602,151,63,0.4762,0.5057,0.7193,0.2639,0.4286,0.4444,54,0.4255,47,0.4255,47,INCY,3,4,753,756
652,164,63,0.6349,0.4128,1.3948,0.275,0.6825,0.6724,58,,0,,0,INCY,3,5,816,819
703,176,63,0.5556,0.5403,0.6895,0.2482,0.5556,0.5556,63,,0,,0,INCY,3,6,879,882
753,189,63,0.5873,0.4704,5.6915,0.393,0.4127,0.5,2,0.0,1,,0,INCY,3,7,942,945
804,201,63,0.5397,0.4883,0.718,0.2617,0.4444,0.4857,35,0.0,4,0.0,4,INCY,3,8,1005,1008
400,101,63,0.5873,0.5822,1.3285,0.2526,0.4921,0.7273,11,0.7273,11,0.7273,11,PODD,3,0,501,504
451,113,63,0.5079,0.5035,0.8477,0.305,0.5079,0.5111,45,0.5111,45,0.5111,45,PODD,3,1,564,567
501,126,63,0.3492,0.4053,0.7852,0.2907,0.6032,0.3846,13,0.3846,13,0.3333,9,PODD,3,2,627,630
552,138,63,0.6825,0.5686,0.6846,0.2457,0.6825,0.6825,63,1.0,1,,0,PODD,3,3,690,693
602,151,63,0.5079,0.5843,1.8489,0.2914,0.4762,0.4902,51,0.5,48,0.5714,28,PODD,3,4,753,756
652,164,63,0.5556,0.499,0.7614,0.2792,0.4921,0.5263,57,0.5263,57,0.4074,27,PODD,3,5,816,819
703,176,63,0.4762,0.6047,0.7151,0.2609,0.6032,1.0,5,1.0,5,1.0,2,PODD,3,6,879,882
753,189,63,0.4921,0.5006,2.1729,0.3383,0.3333,0.3333,33,0.3333,33,0.3333,24,PODD,3,7,942,945
804,201,63,0.6667,0.5333,0.6792,0.243,0.2381,0.3125,16,,0,,0,PODD,3,8,1005,1008
400,101,63,0.4921,0.5,0.7127,0.2596,0.4921,0.4921,63,0.4921,63,,0,ISRG,3,0,501,504
451,113,63,0.6508,0.5194,0.6568,0.2333,0.6508,0.6939,49,0.6939,49,0.5909,22,ISRG,3,1,564,567
501,126,63,0.4921,0.4148,1.1936,0.2842,0.5397,0.5185,54,0.5094,53,0.4375,16,ISRG,3,2,627,630
552,138,63,0.6825,0.5621,0.6871,0.2415,0.6508,0.7143,49,0.7143,49,0.625,16,ISRG,3,3,690,693
602,151,63,0.5238,0.5197,0.6909,0.2498,0.4921,0.5082,61,0.5,46,,0,ISRG,3,4,753,756
652,164,63,0.3651,0.3979,0.8257,0.3124,0.3968,0.3729,59,0.3729,59,0.3333,51,ISRG,3,5,816,819
703,176,63,0.4921,0.5464,0.8824,0.2417,0.5079,0.5,24,0.875,8,,0,ISRG,3,6,879,882
753,189,63,0.6032,0.5787,0.747,0.2678,0.4286,0.55,20,0.55,20,0.55,20,ISRG,3,7,942,945
804,201,63,0.6667,0.4346,0.6534,0.2303,0.3492,0.6667,3,0.6667,3,,0,ISRG,3,8,1005,1008
400,101,63,0.5714,0.7132,4.2829,0.3427,0.4921,0.8333,6,0.8333,6,,0,IQV,3,0,501,504
451,113,63,0.5556,0.5343,1.6658,0.2936,0.4762,0.5455,22,0.5455,22,0.6923,13,IQV,3,1,564,567
501,126,63,0.5079,0.549,0.7488,0.2754,0.5238,1.0,2,1.0,2,1.0,2,IQV,3,2,627,630
552,138,63,0.4921,0.4955,0.7441,0.2741,0.4921,0.4921,63,0.4921,63,0.4889,45,IQV,3,3,690,693
602,151,63,0.3651,0.5,0.7402,0.2734,0.3651,0.3651,63,0.3651,63,,0,IQV,3,4,753,756
652,164,63,0.4762,0.5152,0.7085,0.2576,0.5238,0.5,2,,0,,0,IQV,3,5,816,819
703,176,63,0.5556,0.559,0.6876,0.2472,0.5079,0.55,40,,0,,0,IQV,3,6,879,882
753,189,63,0.5556,0.6212,1.3513,0.2609,0.5238,0.6923,13,0.75,12,0.75,12,IQV,3,7,942,945
804,201,63,0.5238,0.552,0.7169,0.2613,0.4444,0.4792,48,0.4545,33,0.5385,13,IQV,3,8,1005,1008
400,101,63,0.5556,0.5664,5.5419,0.411,0.4603,0.6667,3,,0,,0,LH,3,0,501,504
451,113,63,0.5079,0.5337,1.1606,0.2715,0.5556,0.5385,52,0.5625,48,0.5625,48,LH,3,1,564,567
501,126,63,0.5238,0.604,0.6678,0.2409,0.4762,0.5,58,,0,,0,LH,3,2,627,630
552,138,63,0.4444,0.527,0.7652,0.2849,0.5873,1.0,2,,0,,0,LH,3,3,690,693
602,151,63,0.4444,0.3727,1.0865,0.3026,0.5397,0.4894,47,0.4894,47,,0,LH,3,4,753,756
652,164,63,0.5397,0.5711,0.9133,0.2526,0.5079,0.5366,41,0.6,30,0.75,4,LH,3,5,816,819
703,176,63,0.4921,0.4853,0.9322,0.2619,0.5397,0.525,40,0.525,40,0.5,2,LH,3,6,879,882
753,189,63,0.5556,0.5107,0.909,0.2519,0.5556,0.5556,63,0.6667,3,0.6667,3,LH,3,7,942,945
804,201,63,0.4444,0.4173,0.7722,0.2849,0.4603,0.4516,62,0.4211,57,0.4,10,LH,3,8,1005,1008
400,101,63,0.6508,0.6,0.8865,0.2391,0.6032,0.6538,52,0.6538,52,0.6538,52,MCK,3,0,501,504
451,113,63,0.619,0.5554,0.6774,0.2435,0.6349,0.6667,48,0.6667,48,0.6667,48,MCK,3,1,564,567
501,126,63,0.5397,0.619,1.0368,0.2979,0.5079,0.5246,61,0.5246,61,0.5246,61,MCK,3,2,627,630
552,138,63,0.5556,0.6305,0.6693,0.2384,0.4921,0.5366,41,0.6429,28,0.6957,23,MCK,3,3,690,693
602,151,63,0.6349,0.5682,0.6938,0.249,0.6508,0.75,36,0.7419,31,0.7333,30,MCK,3,4,753,756
652,164,63,0.4444,0.5745,0.8435,0.3119,0.4444,0.4444,63,0.4444,63,0.4857,35,MCK,3,5,816,819
703,176,63,0.5556,0.4076,0.8925,0.3173,0.7619,0.7083,48,0.7021,47,0.5,4,MCK,3,6,879,882
753,189,63,0.5397,0.502,0.6932,0.25,0.5556,0.5517,58,0.5614,57,0.625,8,MCK,3,7,942,945
804,201,63,0.3492,0.5105,0.7451,0.2757,0.3492,0.3492,63,0.3492,63,0.4,10,MCK,3,8,1005,1008
400,101,63,0.5556,0.6154,0.655,0.2321,0.4127,0.4808,52,0.4808,52,,0,MDT,3,0,501,504
451,113,63,0.5714,0.646,1.0976,0.2453,0.5238,0.7143,14,0.6667,12,0.6364,11,MDT,3,1,564,567
501,126,63,0.4921,0.6414,6.5691,0.465,0.5873,0.8571,7,1.0,3,1.0,3,MDT,3,2,627,630
552,138,63,0.5238,0.4995,1.5492,0.3087,0.4603,0.4865,37,0.4865,37,0.4865,37,MDT,3,3,690,693
602,151,63,0.3968,0.4768,2.1394,0.3213,0.4762,0.4091,44,1.0,1,1.0,1,MDT,3,4,753,756
652,164,63,0.4921,0.6103,0.7219,0.264,0.6349,0.7222,18,1.0,2,,0,MDT,3,5,816,819
703,176,63,0.4444,0.4592,1.6291,0.2888,0.4921,0.4583,48,,0,,0,MDT,3,6,879,882
753,189,63,0.5238,0.4884,0.7229,0.2641,0.5079,0.55,20,0.0,1,0.0,1,MDT,3,7,942,945
804,201,63,0.254,0.5745,0.8812,0.3335,0.254,0.254,63,0.3111,45,0.28,25,MDT,3,8,1005,1008
400,101,63,0.4444,0.4071,0.7001,0.2535,0.4444,0.4444,63,,0,,0,MRK,3,0,501,504
451,113,63,0.4762,0.502,1.1833,0.2778,0.4762,0.4762,63,0.4762,63,0.4286,7,MRK,3,1,564,567
501,126,63,0.5714,0.5139,0.6885,0.2477,0.4286,,0,,0,,0,MRK,3,2,627,630
552,138,63,0.4762,0.5658,0.7154,0.261,0.4286,0.45,60,0.45,60,,0,MRK,3,3,690,693
602,151,63,0.4921,0.5286,0.6952,0.251,0.4444,0.4615,52,,0,,0,MRK,3,4,753,756
652,164,63,0.381,0.3694,0.8425,0.3189,0.5556,0.4545,44,0.4595,37,0.4595,37,MRK,3,5,816,819
703,176,63,0.5714,0.6116,0.6851,0.246,0.4286,0.5,44,,0,,0,MRK,3,6,879,882
753,189,63,0.3651,0.5992,2.3459,0.3227,0.6667,1.0,2,1.0,2,1.0,1,MRK,3,7,942,945
804,201,63,0.5397,0.4853,0.7174,0.2614,0.4603,,0,,0,,0,MRK,3,8,1005,1008
400,101,63,0.4127,0.6457,6.7848,0.492,0.6349,0.8,5,0.75,4,0.0,1,MTD,3,0,501,504
451,113,63,0.5238,0.4516,2.128,0.3175,0.5079,0.5238,42,0.5238,42,0.5238,42,MTD,3,1,564,567
501,126,63,0.5079,0.5,0.7319,0.2685,0.4921,0.5,54,0.5,54,0.5,54,MTD,3,2,627,630
552,138,63,0.4127,0.4728,0.7134,0.2601,0.6349,0.5789,19,0.7143,7,0.8,5,MTD,3,3,690,693
602,151,63,0.4286,0.6274,0.7056,0.2591,0.3968,0.4098,61,0.4098,61,,0,MTD,3,4,753,756
652,164,63,0.619,0.6474,0.6364,0.224,0.619,0.7586,29,0.7586,29,0.7586,29,MTD,3,5,816,819
703,176,63,0.5238,0.5107,2.5543,0.3182,0.5556,0.5532,47,1.0,1,,0,MTD,3,6,879,882
753,189,63,0.6032,0.6096,2.9859,0.3181,0.4762,0.619,21,,0,,0,MTD,3,7,942,945
804,201,63,0.5079,0.5596,0.6856,0.2463,0.4762,0.4915,59,0.6667,6,0.6667,6,MTD,3,8,1005,1008
400,101,63,0.5714,0.4275,5.5088,0.4018,0.5714,0.5714,63,0.5714,63,0.5217,46,DGX,3,0,501,504
451,113,63,0.5714,0.7278,1.5785,0.2717,0.5079,1.0,5,1.0,5,1.0,5,DGX,3,1,564,567
501,126,63,0.4444,0.4388,3.0821,0.3628,0.5556,0.5,40,,0,,0,DGX,3,2,627,630
552,138,63,0.5079,0.4944,0.712,0.259,0.4762,0.4902,51,0.4694,49,,0,DGX,3,3,690,693
602,151,63,0.4127,0.4631,2.3676,0.3308,0.5873,,0,,0,,0,DGX,3,4,753,756
652,164,63,0.5397,0.4667,0.6837,0.2468,0.5238,0.5323,62,,0,,0,DGX,3,5,816,819
703,176,63,0.6349,0.5417,0.6744,0.2422,0.619,0.629,62,,0,,0,DGX,3,6,879,882
753,189,63,0.3968,0.4293,0.9584,0.2748,0.4762,0.3667,30,0.3667,30,0.2857,7,DGX,3,7,942,945
804,201,63,0.5556,0.5026,2.823,0.3357,0.4127,0.4444,18,0.4444,18,0.4444,18,DGX,3,8,1005,1008
400,101,63,0.4921,0.5916,0.7074,0.2583,0.4286,0.4528,53,0.4706,51,0.4792,48,REGN,3,0,501,504
451,113,63,0.4286,0.5089,0.7144,0.263,0.6032,0.6667,6,0.6,5,0.6,5,REGN,3,1,564,567
501,126,63,0.3492,0.2695,4.2553,0.4617,0.3968,0.34,50,0.34,50,0.16,25,REGN,3,2,627,630
552,138,63,0.4286,0.5,0.7006,0.2537,0.4286,0.4286,63,,0,,0,REGN,3,3,690,693
602,151,63,0.5873,0.4744,0.6783,0.2426,0.381,0.0,2,0.0,2,0.0,2,REGN,3,4,753,756
652,164,63,0.3968,0.5632,0.8442,0.315,0.6032,,0,,0,,0,REGN,3,5,816,819
703,176,63,0.5873,0.5616,1.8396,0.2831,0.5238,0.5593,59,0.5741,54,0.566,53,REGN,3,6,879,882
753,189,63,0.4921,0.5021,4.9323,0.4207,0.619,0.6296,27,,0,,0,REGN,3,7,942,945
804,201,63,0.4444,0.6301,0.9244,0.2632,0.4286,0.4355,62,0.4355,62,0.8,10,REGN,3,8,1005,1008
400,101,63,0.4127,0.3971,0.7501,0.2779,0.5873,0.5,36,0.5,36,0.5,36,RMD,3,0,501,504
451,113,63,0.4286,0.4304,0.7277,0.2684,0.5079,0.4474,38,0.4474,38,0.4333,30,RMD,3,1,564,567
501,126,63,0.4762,0.5724,6.0514,0.4517,0.5556,0.625,8,,0,,0,RMD,3,2,627,630
552,138,63,0.4603,0.4859,0.7039,0.2553,0.5238,0.3333,3,,0,,0,RMD,3,3,690,693
602,151,63,0.5556,0.537,0.7815,0.2882,0.5397,0.5517,58,0.5517,58,0.5517,58,RMD,3,4,753,756
652,164,63,0.3492,0.5233,0.7548,0.2805,0.6825,1.0,2,1.0,1,,0,RMD,3,5,816,819
703,176,63,0.4444,0.5,0.7257,0.2661,0.4444,0.4444,63,0.4444,63,,0,RMD,3,6,879,882
753,189,63,0.5714,0.4907,0.6849,0.2459,0.5714,0.5714,63,,0,,0,RMD,3,7,942,945
804,201,63,0.3492,0.4911,4.0881,0.4227,0.3492,0.3492,63,0.3607,61,0.4062,32,RMD,3,8,1005,1008
400,101,63,0.5556,0.6038,0.6467,0.2282,0.4921,0.5484,31,0.8333,12,0.8333,12,STE,3,0,501,504
451,113,63,0.5079,0.5222,0.6728,0.243,0.5079,0.5122,41,1.0,1,1.0,1,STE,3,1,564,567
501,126,63,0.5714,0.5696,0.6861,0.2464,0.5079,0.7273,11,0.7273,11,1.0,2,STE,3,2,627,630
552,138,63,0.5714,0.5611,0.6966,0.2513,0.4762,0.5294,51,0.5294,51,0.52,50,STE,3,3,690,693
602,151,63,0.5873,0.5509,0.6784,0.2428,0.5714,0.6,50,0.5882,17,0.7,10,STE,3,4,753,756
652,164,63,0.6825,0.6378,0.6549,0.2312,0.381,0.5909,22,,0,,0,STE,3,5,816,819
703,176,63,0.5238,0.4136,1.2493,0.3623,0.4762,,0,,0,,0,STE,3,6,879,882
753,189,63,0.5397,0.6439,0.7019,0.2535,0.5238,0.7,10,1.0,1,,0,STE,3,7,942,945
804,201,63,0.3651,0.5032,5.0185,0.4613,0.381,0.34,50,0.3636,44,0.3636,44,STE,3,8,1005,1008
400,101,63,0.5079,0.5756,0.9073,0.2511,0.4921,0.5,60,1.0,1,1.0,1,SYK,3,0,501,504
451,113,63,0.5079,0.6159,0.6853,0.2461,0.4921,0.5,62,0.5789,19,0.5789,19,SYK,3,1,564,567
501,126,63,0.6508,0.5314,0.7031,0.249,0.6825,0.6842,57,0.6429,28,1.0,9,SYK,3,2,627,630
552,138,63,0.5079,0.4413,3.5066,0.3636,0.5556,0.5357,56,0.5,52,0.5,52,SYK,3,3,690,693
602,151,63,0.5238,0.4646,0.7693,0.2807,0.5238,0.5238,63,0.4694,49,0.4792,48,SYK,3,4,753,756
652,164,63,0.4444,0.4383,0.7245,0.2652,0.4444,0.4444,63,0.2222,9,0.2222,9,SYK,3,5,816,819
703,176,63,0.4444,0.3125,1.694,0.3137,0.4921,0.4643,56,0.3077,26,0.25,24,SYK,3,6,879,882
753,189,63,0.4286,0.4558,4.0007,0.3908,0.4286,0.4286,63,0.3571,28,0.3704,27,SYK,3,7,942,945
804,201,63,0.5556,0.5758,0.689,0.2479,0.4762,0.5172,58,,0,,0,SYK,3,8,1005,1008
400,101,63,0.6508,0.6668,0.6587,0.2323,0.5873,0.8571,21,0.8571,21,0.8571,21,MMM,3,0,501,504
451,113,63,0.4127,0.5526,0.7591,0.2817,0.6032,0.6667,3,0.6667,3,0.6667,3,MMM,3,1,564,567
501,126,63,0.6984,0.6173,0.6361,0.222,0.5714,0.6735,49,0.6735,49,,0,MMM,3,2,627,630
552,138,63,0.6032,0.5089,0.6716,0.239,0.6032,0.6032,63,0.623,61,0.623,61,MMM,3,3,690,693
602,151,63,0.4762,0.451,2.5951,0.3347,0.5238,0.5,50,0.4762,21,0.4737,19,MMM,3,4,753,756
652,164,63,0.5556,0.5,0.6892,0.248,0.5556,0.5556,63,,0,,0,MMM,3,5,816,819
703,176,63,0.4286,0.4446,1.9745,0.3207,0.4921,0.4545,55,,0,,0,MMM,3,6,879,882
753,189,63,0.5238,0.4419,0.6941,0.2505,0.5238,0.5238,63,,0,,0,MMM,3,7,942,945
804,201,63,0.4921,0.4952,0.7438,0.2742,0.381,0.3947,38,0.3333,18,0.3333,18,MMM,3,8,1005,1008
400,101,63,0.619,0.5315,0.6598,0.2337,0.619,0.619,63,0.619,63,0.8,5,AOS,3,0,501,504
451,113,63,0.4921,0.5756,0.9553,0.2717,0.4921,0.4918,61,0.4918,61,0.52,50,AOS,3,1,564,567
501,126,63,0.381,0.3546,1.4527,0.3036,0.4444,0.2963,27,0.2963,27,0.3333,6,AOS,3,2,627,630
552,138,63,0.381,0.5,0.8628,0.3298,0.381,0.381,63,0.381,63,0.381,63,AOS,3,3,690,693
602,151,63,0.4921,0.594,1.1426,0.255,0.6349,0.6538,26,0.6538,26,0.7647,17,AOS,3,4,753,756
652,164,63,0.5238,0.3441,1.1941,0.283,0.5714,0.5577,52,0.3571,14,0.3571,14,AOS,3,5,816,819
703,176,63,0.4603,0.5406,0.7244,0.2654,0.4603,0.4603,63,0.4603,63,,0,AOS,3,6,879,882
753,189,63,0.5873,0.4348,0.6797,0.2433,0.6349,0.6167,60,0.6167,60,0.6,50,AOS,3,7,942,945
804,201,63,0.3175,0.5459,1.4689,0.3132,0.3175,0.3175,63,0.3,50,0.3333,42,AOS,3,8,1005,1008
400,101,63,0.4444,0.5213,0.6847,0.2488,0.4127,0.4262,61,,0,,0,ALLE,3,0,501,504
451,113,63,0.4444,0.4012,1.2144,0.2921,0.4286,0.3182,22,0.2857,21,0.2857,21,ALLE,3,1,564,567
501,126,63,0.3175,0.4366,0.9225,0.353,0.6984,1.0,1,1.0,1,,0,ALLE,3,2,627,630
552,138,63,0.4444,0.531,2.7967,0.3292,0.381,0.4068,59,0.4,15,0.4,15,ALLE,3,3,690,693
602,151,63,0.381,0.3958,0.8526,0.3186,0.6508,0.55,20,0.55,20,0.5789,19,ALLE,3,4,753,756
652,164,63,0.5397,0.4089,0.7062,0.2563,0.6032,0.5882,51,0.4286,14,0.4615,13,ALLE,3,5,816,819
703,176,63,0.5714,0.5509,1.5604,0.261,0.5714,0.5714,63,0.5714,63,0.6923,13,ALLE,3,6,879,882
753,189,63,0.5873,0.4332,0.687,0.2467,0.6032,0.6,60,0.6,60,0.5741,54,ALLE,3,7,942,945
804,201,63,0.3492,0.5482,0.8335,0.3127,0.3492,0.3492,63,0.3492,63,0.4118,17,ALLE,3,8,1005,1008
400,101,63,0.4127,0.4341,0.7718,0.289,0.5397,0.4483,29,0.4483,29,1.0,1,AME,3,0,501,504
451,113,63,0.5397,0.4728,0.7236,0.2644,0.5079,0.5246,61,0.5246,61,0.4737,38,AME,3,1,564,567
501,126,63,0.7143,0.767,0.4941,0.1762,0.6667,0.7143,56,0.7778,45,0.7727,44,AME,3,2,627,630
552,138,63,0.4921,0.5423,0.7096,0.2584,0.4921,0.4921,63,0.4921,63,0.5,56,AME,3,3,690,693
602,151,63,0.6032,0.5923,0.6864,0.2459,0.5556,0.5893,56,0.5893,56,0.5893,56,AME,3,4,753,756
652,164,63,0.4921,0.5036,1.6708,0.3004,0.5873,0.5455,55,0.5556,54,0.6486,37,AME,3,5,816,819
703,176,63,0.619,0.6704,0.8908,0.2446,0.5079,0.6538,26,0.8571,7,0.8571,7,AME,3,6,879,882
753,189,63,0.3016,0.4611,4.1746,0.4688,0.6984,0.5,8,0.3333,6,,0,AME,3,7,942,945
804,201,63,0.5079,0.5606,0.6924,0.2511,0.4762,0.4918,61,0.5,60,0.6667,3,AME,3,8,1005,1008
400,101,63,0.6825,0.7015,2.4317,0.2676,0.4444,0.6667,24,0.6667,24,,0,ADP,3,0,501,504
451,113,63,0.6032,0.57,0.6767,0.2419,0.6032,0.6757,37,0.6552,29,0.6552,29,ADP,3,1,564,567
501,126,63,0.3175,0.7039,2.9122,0.3871,0.6984,1.0,1,1.0,1,1.0,1,ADP,3,2,627,630
552,138,63,0.5079,0.42,1.9371,0.3165,0.5873,0.5536,56,0.54,50,,0,ADP,3,3,690,693
602,151,63,0.6508,0.5,0.6495,0.2285,0.6508,0.6508,63,0.6508,63,0.6508,63,ADP,3,4,753,756
652,164,63,0.5873,0.4761,0.6836,0.2452,0.5873,0.5873,63,0.5778,45,0.5682,44,ADP,3,5,816,819
703,176,63,0.2857,0.5111,0.8917,0.3442,0.2857,0.2857,63,0.2857,63,0.2917,48,ADP,3,6,879,882
753,189,63,0.3968,0.5,0.7214,0.264,0.3968,0.3968,63,0.3968,63,,0,ADP,3,7,942,945
804,201,63,0.5238,0.5116,2.3716,0.3295,0.4762,0.5,44,0.4762,42,0.475,40,ADP,3,8,1005,1008
400,101,63,0.4921,0.3065,0.7448,0.2754,0.4921,0.4921,63,0.2273,22,0.1905,21,BR,3,0,501,504
451,113,63,0.5714,0.4532,0.6884,0.2477,0.5714,0.5714,63,0.4667,15,1.0,1,BR,3,1,564,567
501,126,63,0.4444,0.5,0.6962,0.2515,0.4444,0.4444,63,,0,,0,BR,3,2,627,630
552,138,63,0.4286,0.5043,1.1616,0.2662,0.6349,0.6667,12,0.6667,12,0.6667,12,BR,3,3,690,693
602,151,63,0.6508,0.5527,0.6591,0.2332,0.6508,0.6508,63,0.6792,53,0.8,5,BR,3,4,753,756
652,164,63,0.5556,0.4612,0.6939,0.2503,0.5556,0.5556,63,0.5556,63,0.5556,63,BR,3,5,816,819
703,176,63,0.2857,0.5,0.808,0.3065,0.2857,0.2857,63,0.2857,63,0.2857,63,BR,3,6,879,882
753,189,63,0.3968,0.5326,0.697,0.2521,0.3968,0.3968,63,1.0,1,1.0,1,BR,3,7,942,945
804,201,63,0.4762,0.2793,1.9038,0.3843,0.4286,0.125,8,0.125,8,0.0,7,BR,3,8,1005,1008
400,101,63,0.5397,0.4675,0.6901,0.2485,0.5397,0.5397,63,,0,,0,BLDR,3,0,501,504
451,113,63,0.3651,0.438,0.7624,0.2842,0.3651,0.3651,63,0.3333,57,,0,BLDR,3,1,564,567
501,126,63,0.4762,0.5408,0.936,0.2624,0.5556,0.6667,6,1.0,2,1.0,1,BLDR,3,2,627,630
552,138,63,0.5714,0.494,0.7294,0.2673,0.3651,0.4091,22,0.1667,12,0.0,4,BLDR,3,3,690,693
602,151,63,0.6825,0.5936,0.6782,0.2423,0.3175,,0,,0,,0,BLDR,3,4,753,756
652,164,63,0.5556,0.4665,6.6596,0.4384,0.5397,0.5484,62,0.55,60,0.55,60,BLDR,3,5,816,819
703,176,63,0.6032,0.5984,2.0493,0.2838,0.3968,0.5,16,0.4667,15,0.4667,15,BLDR,3,6,879,882
753,189,63,0.5873,0.6278,0.6692,0.2381,0.5238,0.5778,45,0.6471,34,0.6562,32,BLDR,3,7,942,945
804,201,63,0.4127,0.5981,0.6929,0.2501,0.3016,0.3269,52,0.3793,29,0.5,4,BLDR,3,8,1005,1008
400,101,63,0.6508,0.6334,1.1156,0.2514,0.5397,0.6111,54,0.6,25,0.5652,23,CHRW,3,0,501,504
451,113,63,0.6984,0.6959,0.6056,0.2172,0.5873,0.6875,48,0.75,12,0.75,12,CHRW,3,1,564,567
501,126,63,0.5238,0.5379,2.1675,0.328,0.6032,0.75,16,1.0,3,,0,CHRW,3,2,627,630
552,138,63,0.4286,0.4254,0.7591,0.2809,0.4286,0.4286,63,0.3667,30,0.2857,14,CHRW,3,3,690,693
602,151,63,0.619,0.627,0.6674,0.2381,0.5556,0.72,25,1.0,4,1.0,4,CHRW,3,4,753,756
652,164,63,0.5238,0.4984,0.6807,0.2457,0.6032,0.58,50,0.75,8,1.0,2,CHRW,3,5,816,819
703,176,63,0.5238,0.5,0.6874,0.2485,0.5397,0.5323,62,1.0,1,1.0,1,CHRW,3,6,879,882
753,189,63,0.3651,0.4929,0.7245,0.2652,0.6349,0.5,4,0.5,4,0.5,2,CHRW,3,7,942,945
804,201,63,0.4603,0.571,0.7057,0.2561,0.4603,0.4603,63,0.5,2,0.5,2,CHRW,3,8,1005,1008
400,101,63,0.5238,0.6152,0.6641,0.2359,0.5238,0.5238,63,0.75,16,0.75,16,CARR,3,0,501,504
451,113,63,0.5873,0.6094,0.6625,0.2365,0.4921,0.7273,11,0.7,10,0.7,10,CARR,3,1,564,567
501,126,63,0.3968,0.4038,3.2322,0.4036,0.619,0.5455,11,0.5455,11,0.5,8,CARR,3,2,627,630
552,138,63,0.4127,0.606,1.8428,0.3506,0.4127,0.4127,63,0.475,40,0.4872,39,CARR,3,3,690,693
602,151,63,0.5397,0.5507,2.0387,0.2828,0.5397,0.5397,63,0.6111,18,0.5882,17,CARR,3,4,753,756
652,164,63,0.3492,0.3462,1.7697,0.3289,0.5873,0.4091,22,0.3333,15,0.2222,9,CARR,3,5,816,819
703,176,63,0.381,0.5705,1.2302,0.3022,0.381,0.381,63,0.4151,53,0.4151,53,CARR,3,6,879,882
753,189,63,0.5556,0.4701,0.6836,0.2453,0.619,0.6,55,,0,,0,CARR,3,7,942,945
804,201,63,0.4762,0.5,0.6989,0.2529,0.4762,0.4762,63,,0,,0,CARR,3,8,1005,1008
400,101,63,0.4762,0.4515,2.356,0.3236,0.5556,1.0,2,,0,,0,CAT,3,0,501,504
451,113,63,0.4286,0.5329,0.7859,0.2937,0.4286,0.4286,63,0.4194,62,0.4324,37,CAT,3,1,564,567
501,126,63,0.5873,0.5073,0.9142,0.2536,0.5873,0.5873,63,0.6667,3,0.6667,3,CAT,3,2,627,630
552,138,63,0.6032,0.5347,0.9142,0.252,0.3968,0.5,2,0.5,2,0.5,2,CAT,3,3,690,693
602,151,63,0.4603,0.4688,0.7261,0.2654,0.4921,0.4444,27,0.5,24,0.4737,19,CAT,3,4,753,756
652,164,63,0.4286,0.5499,0.7132,0.2604,0.6508,0.8571,7,0.8333,6,0.8333,6,CAT,3,5,816,819
703,176,63,0.381,0.39,0.7439,0.275,0.619,0.5,40,0.5769,26,,0,CAT,3,6,879,882
753,189,63,0.6032,0.5,0.6773,0.2421,0.6032,0.6032,63,0.6032,63,,0,CAT,3,7,942,945
804,201,63,0.5714,0.5936,1.6012,0.2727,0.5714,0.5818,55,0.5818,55,0.65,40,CAT,3,8,1005,1008
400,101,63,0.4762,0.5848,0.6743,0.2416,0.4762,0.4737,57,0.625,16,0.625,16,CTAS,3,0,501,504
451,113,63,0.6032,0.6416,0.6892,0.248,0.6032,0.6032,63,,0,,0,CTAS,3,1,564,567
501,126,63,0.5873,0.5227,0.7275,0.2639,0.6667,0.7105,38,0.6923,26,0.6154,13,CTAS,3,2,627,630
552,138,63,0.6349,0.5916,3.1288,0.3009,0.6032,0.6415,53,0.6346,52,0.64,50,CTAS,3,3,690,693
602,151,63,0.6032,0.4526,1.5965,0.2733,0.6032,0.6032,63,0.6032,63,0.6032,63,CTAS,3,4,753,756
652,164,63,0.5238,0.3515,0.7374,0.2715,0.5238,0.5238,63,0.4444,45,0.4419,43,CTAS,3,5,816,819
703,176,63,0.2857,0.6117,0.7743,0.2903,0.2857,0.2857,63,0.2857,63,1.0,1,CTAS,3,6,879,882
753,189,63,0.5079,0.5263,1.1511,0.2655,0.5238,0.6,10,0.6,10,0.6,10,CTAS,3,7,942,945
804,201,63,0.5556,0.4219,0.6881,0.2475,0.4444,0.5,2,0.5,2,0.5,2,CTAS,3,8,1005,1008
400,101,63,0.5238,0.5249,3.5022,0.36,0.5873,0.6207,29,0.5789,19,0.5789,19,FIX,3,0,501,504
451,113,63,0.4921,0.4733,1.2116,0.297,0.4921,0.4921,63,0.439,41,0.439,41,FIX,3,1,564,567
501,126,63,0.6032,0.5461,1.5968,0.2733,0.6984,0.7021,47,0.7021,47,1.0,3,FIX,3,2,627,630
552,138,63,0.6349,0.5769,0.6386,0.2263,0.619,0.629,62,1.0,3,1.0,3,FIX,3,3,690,693
602,151,63,0.5238,0.3606,4.0517,0.4052,0.5238,0.5238,63,0.5161,62,0.4792,48,FIX,3,4,753,756
652,164,63,0.6825,0.5308,0.6335,0.2206,0.6825,0.6825,63,0.6964,56,0.6964,56,FIX,3,5,816,819
703,176,63,0.5873,0.4781,0.9133,0.2551,0.5556,0.5763,59,0.4737,19,0.4737,19,FIX,3,6,879,882
753,189,63,0.5714,0.5322,0.6863,0.2465,0.5873,0.5926,54,0.5849,53,0.6098,41,FIX,3,7,942,945
804,201,63,0.6825,0.693,0.5915,0.2031,0.6825,0.7447,47,0.8286,35,0.8286,35,FIX,3,8,1005,1008
400,101,63,0.5556,0.5,0.691,0.2489,0.5556,0.5556,63,0.5556,63,0.5556,63,CPRT,3,0,501,504
451,113,63,0.4286,0.5,0.7153,0.261,0.4286,0.4286,63,0.4286,63,,0,CPRT,3,1,564,567
501,126,63,0.6508,0.5,0.6841,0.2455,0.6508,0.6508,63,,0,,0,CPRT,3,2,627,630
552,138,63,0.6032,0.6434,0.6555,0.233,0.4762,0.5532,47,0.5366,41,1.0,3,CPRT,3,3,690,693
602,151,63,0.619,0.5673,0.6792,0.2429,0.5556,0.7391,23,0.7391,23,0.7391,23,CPRT,3,4,753,756
652,164,63,0.4127,0.5184,1.1055,0.4005,0.3968,0.38,50,0.3878,49,0.3878,49,CPRT,3,5,816,819
703,176,63,0.4286,0.4059,0.6996,0.2532,0.4127,0.2222,18,,0,,0,CPRT,3,6,879,882
753,189,63,0.4444,0.4213,0.7118,0.2593,0.5714,0.5122,41,0.5122,41,,0,CPRT,3,7,942,945
804,201,63,0.4603,0.39,0.7461,0.2769,0.4603,0.4194,31,0.2857,21,0.25,16,CPRT,3,8,1005,1008
400,101,63,0.381,0.5598,0.7558,0.2805,0.381,0.381,63,0.381,63,0.4737,19,CSX,3,0,501,504
451,113,63,0.4286,0.4128,0.9439,0.2705,0.4444,0.3824,34,0.3462,26,0.0,1,CSX,3,1,564,567
501,126,63,0.6349,0.6338,0.6632,0.2365,0.5238,0.6471,34,,0,,0,CSX,3,2,627,630
552,138,63,0.6032,0.6719,0.6491,0.2289,0.4444,0.5349,43,,0,,0,CSX,3,3,690,693
602,151,63,0.4762,0.6019,3.6908,0.3529,0.4603,0.4655,58,0.5,50,0.5526,38,CSX,3,4,753,756
652,164,63,0.6349,0.6699,0.6703,0.2419,0.6984,0.8182,33,0.8077,26,1.0,4,CSX,3,5,816,819
703,176,63,0.5079,0.5571,2.0856,0.3028,0.5714,0.619,21,,0,,0,CSX,3,6,879,882
753,189,63,0.3333,0.3426,0.7891,0.297,0.6032,0.4333,30,0.4333,30,,0,CSX,3,7,942,945
804,201,63,0.6032,0.6374,0.6741,0.2405,0.6032,0.6032,63,0.8333,18,,0,CSX,3,8,1005,1008
400,101,63,0.4444,0.6274,0.8322,0.3043,0.6984,0.9091,11,0.9091,11,0.9091,11,CMI,3,0,501,504
451,113,63,0.5079,0.6096,0.7866,0.2894,0.4762,0.4912,57,0.4912,57,0.4912,57,CMI,3,1,564,567
501,126,63,0.5556,0.5384,0.6747,0.2409,0.6032,0.6136,44,0.6341,41,0.6667,39,CMI,3,2,627,630
552,138,63,0.4762,0.6154,0.6801,0.2427,0.619,0.7143,14,0.7143,14,1.0,3,CMI,3,3,690,693
602,151,63,0.4921,0.6592,0.9417,0.2682,0.4603,0.4754,61,0.4754,61,0.5102,49,CMI,3,4,753,756
652,164,63,0.619,0.4734,0.6613,0.2342,0.6508,0.6604,53,0.6538,52,0.64,50,CMI,3,5,816,819
703,176,63,0.6032,0.5258,0.6852,0.2442,0.6032,0.6032,63,0.7143,7,0.6667,6,CMI,3,6,879,882
753,189,63,0.6825,0.3942,0.6553,0.2312,0.6825,0.6825,63,0.6825,63,,0,CMI,3,7,942,945
804,201,63,0.6032,0.5,0.6779,0.2422,0.6032,0.6032,63,0.6032,63,0.6032,63,CMI,3,8,1005,1008
400,101,63,0.5714,0.5676,0.6775,0.2422,0.5873,0.5962,52,0.625,48,,0,DE,3,0,501,504
451,113,63,0.4286,0.4408,1.2597,0.3107,0.4444,0.4259,54,0.425,40,0.3333,12,DE,3,1,564,567
501,126,63,0.6349,0.5806,0.7035,0.2492,0.5397,0.6,55,0.5882,17,0.5882,17,DE,3,2,627,630
552,138,63,0.619,0.6237,0.6718,0.2395,0.4603,0.5806,31,,0,,0,DE,3,3,690,693
602,151,63,0.6349,0.6283,2.7419,0.3067,0.5397,0.6774,31,,0,,0,DE,3,4,753,756
652,164,63,0.5714,0.7434,0.6806,0.2363,0.4921,0.6667,12,0.6667,12,0.8,5,DE,3,5,816,819
703,176,63,0.381,0.4611,1.0974,0.3375,0.3968,0.3409,44,0.3409,44,0.3409,44,DE,3,6,879,882
753,189,63,0.4127,0.4135,0.7563,0.2798,0.619,0.5625,16,0.4615,13,0.5,4,DE,3,7,942,945
804,201,63,0.6349,0.6034,0.6827,0.2448,0.4286,0.6429,14,0.6429,14,0.6429,14,DE,3,8,1005,1008
400,101,63,0.254,0.5,11.8935,0.746,0.746,,0,,0,,0,DAL,3,0,501,504
451,113,63,0.254,0.5,0.8573,0.33,0.254,0.254,63,0.254,63,0.254,63,DAL,3,1,564,567
501,126,63,0.7302,0.5,0.6723,0.2396,0.7302,0.7302,63,,0,,0,DAL,3,2,627,630
552,138,63,0.4921,0.4402,2.9278,0.3788,0.5397,0.5192,52,0.4889,45,0.4516,31,DAL,3,3,690,693
602,151,63,0.5873,0.6775,0.6162,0.2204,0.4603,0.5484,31,0.6071,28,0.7,10,DAL,3,4,753,756
652,164,63,0.5556,0.5446,1.62,0.2846,0.5397,0.5577,52,0.549,51,0.5714,49,DAL,3,5,816,819
703,176,63,0.5238,0.5091,0.9344,0.2613,0.5238,0.6364,11,1.0,5,,0,DAL,3,6,879,882
753,189,63,0.5238,0.5042,0.9503,0.2699,0.5873,0.5854,41,,0,,0,DAL,3,7,942,945
804,201,63,0.4603,0.503,0.7024,0.2546,0.4603,0.4603,63,,0,,0,DAL,3,8,1005,1008
400,101,63,0.3333,0.5,10.6283,0.6667,0.6667,,0,,0,,0,DOV,3,0,501,504
451,113,63,0.3968,0.4379,0.757,0.2814,0.3968,0.3968,63,0.3478,46,0.3636,44,DOV,3,1,564,567
501,126,63,0.6349,0.469,0.6569,0.2332,0.6349,0.6349,63,0.5926,54,1.0,4,DOV,3,2,627,630
552,138,63,0.4762,0.5,0.6976,0.2522,0.4762,0.4762,63,,0,,0,DOV,3,3,690,693
602,151,63,0.4286,0.569,0.6915,0.2496,0.4603,0.4426,61,1.0,6,1.0,6,DOV,3,4,753,756
652,164,63,0.619,0.619,0.912,0.2504,0.4921,0.6,35,0.6,35,0.75,4,DOV,3,5,816,819
703,176,63,0.5079,0.5827,0.7786,0.2821,0.5079,0.5079,63,0.5676,37,0.5676,37,DOV,3,6,879,882
753,189,63,0.4921,0.5972,0.7963,0.2938,0.619,0.8182,11,1.0,5,1.0,5,DOV,3,7,942,945
804,201,63,0.381,0.4365,0.6959,0.2521,0.5079,0.4146,41,0.8571,7,1.0,2,DOV,3,8,1005,1008
400,101,63,0.381,0.4049,0.8656,0.331,0.619,0.5,2,,0,,0,EMR,3,0,501,504
451,113,63,0.4444,0.4113,2.3707,0.3306,0.4921,0.4231,26,,0,,0,EMR,3,1,564,567
501,126,63,0.5079,0.5416,0.9751,0.2808,0.5397,0.5306,49,0.5417,48,0.5417,48,EMR,3,2,627,630
552,138,63,0.4921,0.5396,0.6776,0.2453,0.4603,0.4737,57,0.5,12,0.5,12,EMR,3,3,690,693
602,151,63,0.5079,0.5116,0.7234,0.263,0.5079,0.5079,63,0.5294,17,0.5294,17,EMR,3,4,753,756
652,164,63,0.4921,0.4529,0.7056,0.2562,0.6825,0.6571,35,,0,,0,EMR,3,5,816,819
703,176,63,0.5556,0.5429,0.6856,0.2462,0.5556,0.5556,63,1.0,3,,0,EMR,3,6,879,882
753,189,63,0.6667,0.5465,0.6616,0.2343,0.6667,0.6667,63,0.6607,56,,0,EMR,3,7,942,945
804,201,63,0.3651,0.5359,0.9128,0.3434,0.3651,0.3651,63,0.3651,63,0.3651,63,EMR,3,8,1005,1008
400,101,63,0.5079,0.562,0.6884,0.2476,0.5079,0.5079,63,0.5676,37,,0,EFX,3,0,501,504
451,113,63,0.5873,0.4771,0.6898,0.2482,0.5873,0.5873,63,0.5556,18,0.5294,17,EFX,3,1,564,567
501,126,63,0.4444,0.4667,1.2019,0.286,0.4762,0.459,61,0.459,61,,0,EFX,3,2,627,630
552,138,63,0.5079,0.4712,1.6531,0.295,0.5238,0.5333,30,0.5333,30,0.5,4,EFX,3,3,690,693
602,151,63,0.5238,0.5206,0.9293,0.2605,0.5714,0.6,30,0.5385,26,0.5,2,EFX,3,4,753,756
652,164,63,0.4921,0.4367,0.7074,0.2571,0.5556,0.5455,33,,0,,0,EFX,3,5,816,819
703,176,63,0.4127,0.3607,0.7707,0.2877,0.4127,0.4127,63,0.3256,43,0.303,33,EFX,3,6,879,882
753,189,63,0.5079,0.4975,0.6931,0.25,0.5079,0.5079,63,,0,,0,EFX,3,7,942,945
804,201,63,0.4762,0.5,0.6969,0.2519,0.4762,0.4762,63,,0,,0,EFX,3,8,1005,1008
400,101,63,0.4127,0.512,0.7613,0.2833,0.4127,0.4127,63,0.4098,61,0.4359,39,EXPD,3,0,501,504
451,113,63,0.381,0.5185,0.6993,0.2531,0.6349,1.0,1,1.0,1,1.0,1,EXPD,3,1,564,567
501,126,63,0.5079,0.4158,0.7145,0.2601,0.5397,0.5273,55,0.375,16,,0,EXPD,3,2,627,630
552,138,63,0.381,0.641,0.773,0.2868,0.381,0.381,63,0.4667,45,0.4773,44,EXPD,3,3,690,693
602,151,63,0.6984,0.6308,0.6345,0.2211,0.6825,0.7308,52,0.7442,43,0.7442,43,EXPD,3,4,753,756
652,164,63,0.6032,0.6056,0.7102,0.2551,0.5238,0.5833,48,0.5833,48,0.5745,47,EXPD,3,5,816,819
703,176,63,0.4286,0.6543,3.9231,0.4434,0.6349,1.0,4,1.0,4,1.0,3,EXPD,3,6,879,882
753,189,63,0.3651,0.5,0.7423,0.2744,0.6349,,0,,0,,0,EXPD,3,7,942,945
804,201,63,0.6032,0.5962,0.6695,0.2382,0.5873,0.5968,62,0.6066,61,,0,EXPD,3,8,1005,1008
400,101,63,0.5238,0.6414,0.6689,0.2386,0.5238,0.5238,63,0.5238,63,0.7778,18,FAST,3,0,501,504
451,113,63,0.4444,0.4784,3.3655,0.3908,0.3968,0.381,42,0.381,42,0.381,42,FAST,3,1,564,567
501,126,63,0.5714,0.6055,0.6521,0.2347,0.5873,0.6562,32,0.6667,6,0.8,5,FAST,3,2,627,630
552,138,63,0.5238,0.4194,0.7187,0.2622,0.4127,0.25,8,0.25,8,0.25,8,FAST,3,3,690,693
602,151,63,0.5079,0.5745,0.9004,0.2491,0.5556,0.6,20,0.5789,19,,0,FAST,3,4,753,756
652,164,63,0.3968,0.541,2.2415,0.3661,0.6508,1.0,3,,0,,0,FAST,3,5,816,819
703,176,63,0.3492,0.5188,0.6975,0.2522,0.3492,0.3492,63,,0,,0,FAST,3,6,879,882
753,189,63,0.5556,0.5122,0.6945,0.2507,0.5556,0.5778,45,0.4,5,0.5,2,FAST,3,7,942,945
804,201,63,0.381,0.3995,0.7288,0.2676,0.4444,0.3226,31,0.3226,31,0.3333,3,FAST,3,8,1005,1008
400,101,63,0.4762,0.4545,0.7262,0.2649,0.4762,0.4762,63,0.0,3,0.0,3,FDX,3,0,501,504
451,113,63,0.6032,0.651,1.1295,0.2533,0.4762,0.5758,33,0.5758,33,0.7692,13,FDX,3,1,564,567
501,126,63,0.3968,0.5406,1.8391,0.3792,0.619,0.5556,9,0.5556,9,0.3333,3,FDX,3,2,627,630
552,138,63,0.619,0.5832,0.6822,0.2445,0.5079,0.5741,54,0.5741,54,,0,FDX,3,3,690,693
602,151,63,0.5714,0.6003,2.7197,0.305,0.5714,0.5714,63,0.5574,61,0.6275,51,FDX,3,4,753,756
652,164,63,0.4444,0.5714,0.709,0.2595,0.4444,0.4444,63,0.4444,63,1.0,4,FDX,3,5,816,819
703,176,63,0.5714,0.4158,0.7579,0.2748,0.6349,0.614,57,0.5769,26,0.4,5,FDX,3,6,879,882
753,189,63,0.4444,0.6794,3.092,0.3685,0.6984,1.0,9,1.0,2,,0,FDX,3,7,942,945
804,201,63,0.5556,0.5864,0.9195,0.2555,0.5714,0.5714,56,0.5714,56,0.6,5,FDX,3,8,1005,1008
400,101,63,0.5238,0.5535,0.9092,0.252,0.4762,0.5,54,0.5238,21,,0,FTV,3,0,501,504
451,113,63,0.4286,0.4179,1.2847,0.3247,0.3968,0.359,39,0.359,39,0.359,39,FTV,3,1,564,567
501,126,63,0.4762,0.5207,1.2387,0.2962,0.5238,0.5,16,0.2857,7,0.2857,7,FTV,3,2,627,630
552,138,63,0.4921,0.5035,0.9356,0.2625,0.5397,0.5278,36,0.5278,36,,0,FTV,3,3,690,693
602,151,63,0.5556,0.6416,0.6893,0.248,0.4921,0.5366,41,0.5366,41,0.5366,41,FTV,3,4,753,756
652,164,63,0.4603,0.6348,0.7452,0.2751,0.4286,0.4407,59,0.4483,58,0.4483,58,FTV,3,5,816,819
703,176,63,0.6349,0.6423,2.0123,0.2702,0.5556,0.6154,52,0.6154,52,0.6154,52,FTV,3,6,879,882
753,189,63,0.4762,0.587,0.7807,0.2907,0.6349,0.7692,13,0.8889,9,,0,FTV,3,7,942,945
804,201,63,0.5556,0.5944,2.622,0.3204,0.5238,0.6316,19,0.4167,12,0.4,5,FTV,3,8,1005,1008
400,101,63,0.5079,0.3946,0.6821,0.2455,0.8095,0.7632,38,0.7632,38,0.7632,38,GE,3,0,501,504
451,113,63,0.4444,0.5439,2.32,0.3954,0.4444,0.4444,63,0.4444,63,0.4444,63,GE,3,1,564,567
501,126,63,0.6667,0.5238,0.6299,0.219,0.6667,0.6667,63,0.6774,62,0.6774,62,GE,3,2,627,630
552,138,63,0.6032,0.5887,1.0796,0.2406,0.619,0.6207,58,0.6078,51,0.6,50,GE,3,3,690,693
602,151,63,0.6508,0.4379,0.7362,0.2571,0.6508,0.6508,63,0.6508,63,0.6538,52,GE,3,4,753,756
652,164,63,0.6825,0.4343,0.6466,0.2265,0.6825,0.6825,63,0.6825,63,0.6825,63,GE,3,5,816,819
703,176,63,0.6349,0.6223,0.6414,0.2247,0.619,0.6379,58,0.6667,54,0.6667,54,GE,3,6,879,882
753,189,63,0.5397,0.5534,0.7317,0.2668,0.5079,0.5366,41,0.55,40,0.55,40,GE,3,7,942,945
804,201,63,0.4127,0.4376,0.7463,0.276,0.4127,0.4127,63,0.3864,44,0.2727,11,GE,3,8,1005,1008
400,101,63,0.5397,0.5278,0.7925,0.2885,0.5714,0.5946,37,,0,,0,GNRC,3,0,501,504
451,113,63,0.6349,0.6187,0.6611,0.2341,0.5397,0.6222,45,0.6222,45,,0,GNRC,3,1,564,567
501,126,63,0.5714,0.2848,0.7525,0.2773,0.5873,0.5833,60,0.2857,21,0.2857,21,GNRC,3,2,627,630
552,138,63,0.3651,0.4348,0.7301,0.2684,0.3651,0.3651,63,0.3333,60,,0,GNRC,3,3,690,693
602,151,63,0.5238,0.5167,0.7028,0.2546,0.5238,0.5238,63,0.5323,62,0.5323,62,GNRC,3,4,753,756
652,164,63,0.6667,0.5167,2.9207,0.2997,0.6984,0.7674,43,0.6552,29,0.6552,29,GNRC,3,5,816,819
703,176,63,0.5397,0.4465,0.74,0.2711,0.4286,0.4615,26,0.4615,26,0.0,1,GNRC,3,6,879,882
753,189,63,0.6667,0.5754,0.6631,0.2355,0.6508,0.6724,58,1.0,2,1.0,2,GNRC,3,7,942,945
804,201,63,0.381,0.4761,6.4254,0.5144,0.6349,1.0,1,,0,,0,GNRC,3,8,1005,1008
400,101,63,0.5556,0.443,1.2007,0.2837,0.6825,0.6596,47,,0,,0,GD,3,0,501,504
451,113,63,0.4762,0.5121,0.7316,0.2685,0.4762,0.4762,63,0.4762,63,0.4865,37,GD,3,1,564,567
501,126,63,0.4921,0.6114,0.945,0.2674,0.4921,0.4918,61,0.5625,32,0.5625,32,GD,3,2,627,630
552,138,63,0.5238,0.4924,0.7174,0.2616,0.4762,0.5,2,0.5,2,0.5,2,GD,3,3,690,693
602,151,63,0.4603,0.5265,0.7638,0.2835,0.5556,0.5455,11,0.5455,11,0.5455,11,GD,3,4,753,756
652,164,63,0.4603,0.5679,0.6889,0.2483,0.6349,0.75,12,0.75,12,0.75,12,GD,3,5,816,819
703,176,63,0.4603,0.5157,2.8385,0.3424,0.5397,0.5,46,0.8,10,0.6667,3,GD,3,6,879,882
753,189,63,0.5238,0.5302,0.6947,0.2507,0.4921,0.5085,59,0.5,58,,0,GD,3,7,942,945
804,201,63,0.4286,0.5179,0.7183,0.2624,0.3968,0.4068,59,0.4068,59,0.5,2,GD,3,8,1005,1008
400,101,63,0.6349,0.6341,0.681,0.2433,0.4921,0.6429,28,,0,,0,HON,3,0,501,504
451,113,63,0.4603,0.6719,1.005,0.2786,0.5556,1.0,1,1.0,1,1.0,1,HON,3,1,564,567
501,126,63,0.4762,0.4748,0.7195,0.2615,0.5714,0.5455,33,0.5714,7,0.5714,7,HON,3,2,627,630
552,138,63,0.6825,0.6818,0.6593,0.2331,0.4762,0.6471,34,0.6364,33,0.6364,33,HON,3,3,690,693
602,151,63,0.5397,0.4721,3.7828,0.3636,0.6032,0.6047,43,0.6286,35,0.6286,35,HON,3,4,753,756
652,164,63,0.5238,0.5534,2.0674,0.2962,0.4921,0.5714,7,0.6667,6,,0,HON,3,5,816,819
703,176,63,0.5238,0.5746,0.6967,0.2517,0.4286,0.4667,45,0.5,26,,0,HON,3,6,879,882
753,189,63,0.4127,0.3759,0.7594,0.2783,0.6667,0.5758,33,0.5667,30,,0,HON,3,7,942,945
804,201,63,0.4444,0.4643,0.7114,0.2591,0.4444,0.4444,63,0.4444,63,,0,HON,3,8,1005,1008
400,101,63,0.4286,0.3934,2.9376,0.3779,0.6667,0.5938,32,1.0,2,1.0,2,HWM,3,0,501,504
451,113,63,0.4921,0.4309,2.1533,0.3261,0.4921,0.4921,63,0.3889,18,0.3889,18,HWM,3,1,564,567
501,126,63,0.6508,0.5,0.6514,0.2294,0.6508,0.6508,63,0.6508,63,0.6508,63,HWM,3,2,627,630
552,138,63,0.6032,0.52,0.6715,0.2393,0.6032,0.6032,63,0.6032,63,0.6032,63,HWM,3,3,690,693
602,151,63,0.6349,0.5377,0.882,0.2391,0.6508,0.6452,62,0.6667,54,0.75,4,HWM,3,4,753,756
652,164,63,0.6508,0.6275,0.6516,0.2295,0.6508,0.6508,63,1.0,9,1.0,9,HWM,3,5,816,819
703,176,63,0.5397,0.5637,0.7052,0.2538,0.6032,0.6154,39,0.6316,38,0.6316,38,HWM,3,6,879,882
753,189,63,0.5556,0.6028,1.8951,0.2979,0.5079,0.5333,60,0.5424,59,0.5758,33,HWM,3,7,942,945
804,201,63,0.5714,0.4907,0.6936,0.2501,0.5714,0.5714,63,0.5714,63,0.5349,43,HWM,3,8,1005,1008
400,101,63,0.4603,0.5125,1.9333,0.3253,0.5873,0.6154,13,0.5833,12,0.5833,12,HUBB,3,0,501,504
451,113,63,0.5238,0.6055,0.7042,0.2554,0.4286,0.4615,39,0.4737,38,0.5,36,HUBB,3,1,564,567
501,126,63,0.6508,0.4806,0.6909,0.2485,0.6508,0.6508,63,0.5714,7,0.5714,7,HUBB,3,2,627,630
552,138,63,0.4762,0.5489,1.1728,0.2731,0.4921,0.4792,48,0.5862,29,0.5862,29,HUBB,3,3,690,693
602,151,63,0.5238,0.513,3.5501,0.3762,0.4127,0.4524,42,0.4524,42,0.4524,42,HUBB,3,4,753,756
652,164,63,0.5397,0.5694,0.6932,0.25,0.619,0.6562,32,0.7692,13,,0,HUBB,3,5,816,819
703,176,63,0.6032,0.6146,0.6824,0.2443,0.5397,0.6957,23,0.6957,23,0.6957,23,HUBB,3,6,879,882
753,189,63,0.619,0.6188,0.6766,0.2419,0.5714,0.6034,58,0.5455,11,,0,HUBB,3,7,942,945
804,201,63,0.5397,0.4539,1.6862,0.3102,0.5397,0.5397,63,0.5397,63,0.4865,37,HUBB,3,8,1005,1008
400,101,63,0.5714,0.5103,1.1599,0.2653,0.5714,0.5789,57,0.5789,57,,0,HII,3,0,501,504
451,113,63,0.4921,0.6457,0.7219,0.2642,0.4921,0.4921,63,0.4921,63,0.5,62,HII,3,1,564,567
501,126,63,0.5873,0.7282,1.0484,0.2209,0.5397,0.5833,48,0.8261,23,0.8261,23,HII,3,2,627,630
552,138,63,0.5079,0.3225,6.9763,0.477,0.5397,0.5246,61,0.5085,59,0.5085,59,HII,3,3,690,693
602,151,63,0.5397,0.502,0.6995,0.2531,0.5397,0.5397,63,0.5294,51,0.54,50,HII,3,4,753,756
652,164,63,0.4444,0.3925,3.3046,0.3631,0.5397,0.4894,47,0.375,8,,0,HII,3,5,816,819
703,176,63,0.6349,0.4755,0.675,0.2409,0.6349,0.6349,63,,0,,0,HII,3,6,879,882
753,189,63,0.5714,0.5,0.683,0.2449,0.5714,0.5714,63,0.5714,63,,0,HII,3,7,942,945
804,201,63,0.3968,0.6342,2.6565,0.3558,0.3968,0.3968,63,0.4706,51,0.4706,51,HII,3,8,1005,1008
400,101,63,0.4127,0.3952,0.8103,0.303,0.5079,0.2727,11,0.2727,11,,0,IEX,3,0,501,504
451,113,63,0.4286,0.4931,0.7189,0.2601,0.381,0.375,48,0.3846,13,0.3846,13,IEX,3,1,564,567
501,126,63,0.619,0.5768,0.6623,0.2347,0.6032,0.6346,52,0.6531,49,0.6458,48,IEX,3,2,627,630
552,138,63,0.5079,0.477,0.9719,0.2724,0.4444,0.4516,31,,0,,0,IEX,3,3,690,693
602,151,63,0.5714,0.7343,3.121,0.2987,0.4762,0.5263,57,0.5263,57,0.6571,35,IEX,3,4,753,756
652,164,63,0.5079,0.5186,6.4479,0.4407,0.5079,0.5079,63,0.5192,52,0.5192,52,IEX,3,5,816,819
703,176,63,0.4286,0.4351,0.7709,0.2846,0.5397,0.4643,28,0.4643,28,0.4643,28,IEX,3,6,879,882
753,189,63,0.5714,0.6068,0.9452,0.2624,0.7143,0.8214,28,0.7273,11,0.7273,11,IEX,3,7,942,945
804,201,63,0.5873,0.5253,0.7139,0.261,0.4762,0.537,54,0.4872,39,0.5,34,IEX,3,8,1005,1008
400,101,63,0.4762,0.4495,0.7002,0.2535,0.5238,,0,,0,,0,ITW,3,0,501,504
451,113,63,0.5079,0.664,0.6706,0.2393,0.381,0.434,53,0.8,5,0.8,5,ITW,3,1,564,567
501,126,63,0.4603,0.5227,0.9414,0.2655,0.6508,0.7692,13,1.0,1,1.0,1,ITW,3,2,627,630
552,138,63,0.6667,0.6657,0.8332,0.2227,0.3492,0.5714,7,0.5,4,0.5,4,ITW,3,3,690,693
602,151,63,0.7143,0.796,0.5831,0.197,0.5238,0.6531,49,1.0,11,1.0,11,ITW,3,4,753,756
652,164,63,0.5714,0.5821,1.2059,0.2748,0.5556,0.6333,30,0.6333,30,0.6333,30,ITW,3,5,816,819
703,176,63,0.4762,0.5487,0.7342,0.2647,0.4603,0.3889,18,0.4118,17,,0,ITW,3,6,879,882
753,189,63,0.5238,0.446,1.4409,0.2962,0.5714,0.55,60,0.537,54,0.537,54,ITW,3,7,942,945
804,201,63,0.619,0.6848,0.6216,0.2156,0.3651,0.4857,35,0.6667,6,,0,ITW,3,8,1005,1008
400,101,63,0.5556,0.448,0.7038,0.255,0.5556,0.5556,63,0.5424,59,0.5263,57,IR,3,0,501,504
451,113,63,0.5873,0.5,0.6927,0.2492,0.5873,0.5873,63,0.5873,63,0.5873,63,IR,3,1,564,567
501,126,63,0.5714,0.3426,1.9445,0.3212,0.5714,0.5714,63,0.5714,63,0.4091,22,IR,3,2,627,630
552,138,63,0.4286,0.3781,6.1272,0.4763,0.4286,0.4286,63,0.4286,63,0.3684,38,IR,3,3,690,693
602,151,63,0.4921,0.5988,0.7343,0.2683,0.4921,0.4921,63,0.5,60,0.5,60,IR,3,4,753,756
652,164,63,0.5556,0.5325,0.6924,0.2495,0.5397,0.56,50,0.56,50,0.56,50,IR,3,5,816,819
703,176,63,0.3968,0.3864,1.4919,0.3169,0.5238,0.4286,35,0.4286,35,0.4286,21,IR,3,6,879,882
753,189,63,0.5556,0.514,0.6843,0.2456,0.5873,0.5763,59,,0,,0,IR,3,7,942,945
804,201,63,0.3651,0.6463,0.7407,0.2736,0.3333,0.3443,61,0.3443,61,,0,IR,3,8,1005,1008
400,101,63,0.6032,0.5702,1.1187,0.2524,0.4127,0.5455,11,0.5455,11,0.5455,11,JBHT,3,0,501,504
451,113,63,0.4762,0.5428,4.3821,0.3773,0.4921,0.48,50,0.48,50,0.5217,46,JBHT,3,1,564,567
501,126,63,0.5714,0.6096,0.6614,0.2351,0.5714,0.7368,19,0.7368,19,0.7368,19,JBHT,3,2,627,630
552,138,63,0.6032,0.5226,1.3879,0.2716,0.4286,0.625,8,1.0,1,1.0,1,JBHT,3,3,690,693
602,151,63,0.5714,0.6579,3.4891,0.3551,0.4286,0.5,52,0.5,52,0.5,52,JBHT,3,4,753,756
652,164,63,0.6032,0.6162,0.6704,0.2391,0.4762,0.5676,37,0.5,12,1.0,4,JBHT,3,5,816,819
703,176,63,0.5238,0.5517,0.682,0.2477,0.5397,0.5526,38,0.5526,38,1.0,3,JBHT,3,6,879,882
753,189,63,0.3968,0.4699,6.6261,0.511,0.5873,0.3333,3,,0,,0,JBHT,3,7,942,945
804,201,63,0.3968,0.3986,3.1626,0.3886,0.5397,0.4524,42,0.475,40,,0,JBHT,3,8,1005,1008
400,101,63,0.5873,0.5429,0.8351,0.262,0.5556,0.5789,57,0.5714,21,0.5714,21,J,3,0,501,504
451,113,63,0.5714,0.6214,0.6886,0.2481,0.4444,0.5106,47,0.5106,47,0.5217,46,J,3,1,564,567
501,126,63,0.619,0.551,0.7536,0.2696,0.6508,0.6667,51,0.8,20,,0,J,3,2,627,630
552,138,63,0.4444,0.5985,0.6965,0.254,0.4444,0.4407,59,0.6923,13,0.6923,13,J,3,3,690,693
602,151,63,0.4603,0.5025,0.9286,0.2601,0.4603,0.4603,63,0.5,2,0.5,2,J,3,4,753,756
652,164,63,0.6508,0.5465,0.9448,0.2674,0.6667,0.7273,44,,0,,0,J,3,5,816,819
703,176,63,0.4603,0.4414,2.1093,0.3095,0.5238,0.4815,27,,0,,0,J,3,6,879,882
753,189,63,0.5079,0.5,0.698,0.2524,0.4921,0.5,62,0.4918,61,,0,J,3,7,942,945
804,201,63,0.6032,0.6111,0.6777,0.2464,0.3968,0.5,28,0.5385,26,0.4545,22,J,3,8,1005,1008
400,101,63,0.4762,0.4765,0.7731,0.283,0.4444,0.4194,31,0.0,2,0.0,2,APTV,3,0,501,504
451,113,63,0.6032,0.5192,0.675,0.241,0.4127,1.0,1,,0,,0,APTV,3,1,564,567
501,126,63,0.4762,0.4904,0.7566,0.2791,0.4603,0.45,40,0.4375,16,0.4375,16,APTV,3,2,627,630
552,138,63,0.6508,0.5921,2.6407,0.2736,0.6032,0.6429,56,0.6415,53,0.6415,53,APTV,3,3,690,693
602,151,63,0.5873,0.627,0.6653,0.2364,0.5556,0.6957,23,0.6957,23,0.7647,17,APTV,3,4,753,756
652,164,63,0.5079,0.4564,0.7337,0.2691,0.4603,0.4545,22,0.4545,22,0.4545,22,APTV,3,5,816,819
703,176,63,0.6349,0.4944,0.6765,0.2417,0.7143,0.6897,58,0.7857,14,0.7857,14,APTV,3,6,879,882
753,189,63,0.6032,0.5665,0.6859,0.246,0.5079,0.5636,55,0.5435,46,0.5,4,APTV,3,7,942,945
804,201,63,0.3016,0.6202,2.1492,0.4106,0.3016,0.3016,63,0.3051,59,0.3488,43,APTV,3,8,1005,1008
400,101,63,0.5079,0.3631,1.0779,0.3189,0.5238,0.5161,62,0.4615,52,0.4615,52,AZO,3,0,501,504
451,113,63,0.5079,0.5464,0.661,0.2395,0.4921,0.5,62,0.8,5,0.8,5,AZO,3,1,564,567
501,126,63,0.4444,0.5352,0.6825,0.2462,0.4444,0.4444,63,1.0,1,1.0,1,AZO,3,2,627,630
552,138,63,0.6032,0.5795,0.671,0.2397,0.6032,0.6512,43,,0,,0,AZO,3,3,690,693
602,151,63,0.5079,0.4047,0.7402,0.2718,0.6032,0.566,53,0.566,53,0.566,53,AZO,3,4,753,756
652,164,63,0.5079,0.503,1.1668,0.2701,0.5079,0.5455,11,0.5455,11,0.5455,11,AZO,3,5,816,819
703,176,63,0.4603,0.5278,0.6925,0.25,0.4286,0.4426,61,,0,,0,AZO,3,6,879,882
753,189,63,0.5397,0.5365,3.1819,0.3186,0.5397,0.5397,63,0.5714,28,0.5926,27,AZO,3,7,942,945
804,201,63,0.5397,0.5877,0.7031,0.2548,0.4603,0.5,42,0.5,42,0.5,42,AZO,3,8,1005,1008
400,101,63,0.4762,0.597,3.3507,0.3835,0.5238,,0,,0,,0,BBY,3,0,501,504
451,113,63,0.5714,0.6111,0.6982,0.2517,0.4603,0.5625,16,,0,,0,BBY,3,1,564,567
501,126,63,0.5873,0.604,1.1148,0.2494,0.5238,0.5946,37,0.5714,35,0.5882,34,BBY,3,2,627,630
552,138,63,0.4444,0.6821,0.6933,0.2501,0.4444,0.4444,63,1.0,1,,0,BBY,3,3,690,693
602,151,63,0.5397,0.6207,3.1204,0.2983,0.5397,0.5472,53,0.6389,36,0.6389,36,BBY,3,4,753,756
652,164,63,0.5079,0.5323,0.8174,0.3044,0.4762,0.4906,53,0.4906,53,0.4898,49,BBY,3,5,816,819
703,176,63,0.4762,0.4625,1.2801,0.3078,0.6349,0.6129,31,,0,,0,BBY,3,6,879,882
753,189,63,0.3333,0.6698,0.7326,0.27,0.3175,0.3226,62,0.3448,58,0.5833,12,BBY,3,7,942,945
804,201,63,0.5556,0.6039,1.8327,0.2847,0.4286,0.4865,37,0.5,34,0.5,34,BBY,3,8,1005,1008
400,101,63,0.619,0.6556,0.6482,0.2285,0.4762,0.56,50,0.5833,48,0.5588,34,BKNG,3,0,501,504
451,113,63,0.6032,0.6247,0.6683,0.241,0.4762,0.549,51,0.549,51,0.549,51,BKNG,3,1,564,567
501,126,63,0.5397,0.4849,1.7979,0.341,0.8413,0.8333,36,0.8333,36,0.8333,36,BKNG,3,2,627,630
552,138,63,0.4762,0.3439,2.4783,0.3743,0.5238,0.5,50,0.5,50,0.2,15,BKNG,3,3,690,693
602,151,63,0.5714,0.4861,0.6994,0.2522,0.5714,0.5714,63,0.5714,63,0.5714,63,BKNG,3,4,753,756
652,164,63,0.5079,0.5156,0.7149,0.2606,0.5079,0.5079,63,0.5079,63,0.5079,63,BKNG,3,5,816,819
703,176,63,0.3968,0.5653,0.7058,0.2563,0.3968,0.3968,63,,0,,0,BKNG,3,6,879,882
753,189,63,0.5714,0.5707,0.6908,0.2485,0.5238,0.5789,38,0.5789,38,0.5862,29,BKNG,3,7,942,945
804,201,63,0.4444,0.5,4.2808,0.4066,0.4444,0.4444,63,0.4651,43,0.4762,42,BKNG,3,8,1005,1008
400,101,63,0.4603,0.4975,0.7855,0.2871,0.5079,0.4783,46,,0,,0,CCL,3,0,501,504
451,113,63,0.4286,0.4325,0.7376,0.2715,0.5079,0.4444,36,0.4286,35,0.4286,35,CCL,3,1,564,567
501,126,63,0.5556,0.5088,0.6763,0.2431,0.5873,0.5763,59,1.0,1,1.0,1,CCL,3,2,627,630
552,138,63,0.5556,0.4786,0.6871,0.247,0.5556,0.5556,63,0.5556,63,,0,CCL,3,3,690,693
602,151,63,0.5079,0.5,0.6938,0.2504,0.5079,0.5079,63,0.5,2,0.5,2,CCL,3,4,753,756
652,164,63,0.5873,0.5135,0.6863,0.2469,0.5873,0.5873,63,1.0,1,1.0,1,CCL,3,5,816,819
703,176,63,0.6349,0.5873,0.669,0.2381,0.4127,0.6364,11,,0,,0,CCL,3,6,879,882
753,189,63,0.5397,0.5431,0.7028,0.2547,0.5873,0.6667,24,0.6316,19,0.6316,19,CCL,3,7,942,945
804,201,63,0.6508,0.6892,0.6908,0.2471,0.4127,0.5556,36,0.5385,26,0.5455,22,CCL,3,8,1005,1008
400,101,63,0.5079,0.5744,6.3576,0.4839,0.6825,0.8,20,,0,,0,CVNA,3,0,501,504
451,113,63,0.4921,0.3226,0.7578,0.2798,0.4921,0.4921,63,0.4921,63,0.0,8,CVNA,3,1,564,567
501,126,63,0.6984,0.5078,0.6447,0.2258,0.6984,0.6984,63,0.6984,63,0.75,4,CVNA,3,2,627,630
552,138,63,0.6032,0.45,0.6756,0.2412,0.6032,0.6032,63,0.6032,63,0.6032,63,CVNA,3,3,690,693
602,151,63,0.619,0.5027,0.668,0.2373,0.619,0.619,63,0.619,63,0.619,63,CVNA,3,4,753,756
652,164,63,0.5397,0.5294,0.7019,0.2544,0.5397,0.5397,63,0.5397,63,0.5397,63,CVNA,3,5,816,819
703,176,63,0.4444,0.4723,2.6349,0.3507,0.4921,0.4545,44,0.4545,44,0.5,36,CVNA,3,6,879,882
753,189,63,0.3968,0.4355,0.7661,0.2836,0.4921,0.4146,41,0.3929,28,0.5,18,CVNA,3,7,942,945
804,201,63,0.5873,0.6505,0.6788,0.2428,0.5238,0.8889,9,0.8,5,,0,CVNA,3,8,1005,1008
400,101,63,0.619,0.607,3.215,0.326,0.6508,0.7179,39,0.7179,39,,0,CMG,3,0,501,504
451,113,63,0.4286,0.4877,0.7845,0.292,0.4286,0.4286,63,0.4186,43,0.4186,43,CMG,3,1,564,567
501,126,63,0.5556,0.3805,2.3098,0.3064,0.6032,0.5862,58,0.5128,39,0.5,16,CMG,3,2,627,630
552,138,63,0.5238,0.5333,0.6925,0.2497,0.5079,0.5167,60,,0,,0,CMG,3,3,690,693
602,151,63,0.4921,0.5781,0.6865,0.2467,0.4921,0.4921,63,0.6154,13,0.6154,13,CMG,3,4,753,756
652,164,63,0.5238,0.4642,0.7117,0.2588,0.3968,0.3077,13,0.3077,13,0.3077,13,CMG,3,5,816,819
703,176,63,0.4127,0.6971,4.4041,0.3868,0.381,0.3934,61,0.3934,61,0.5122,41,CMG,3,6,879,882
753,189,63,0.4444,0.4319,0.7675,0.2857,0.5873,0.5357,28,0.5357,28,,0,CMG,3,7,942,945
804,201,63,0.5397,0.4066,0.9835,0.283,0.4444,0.0,1,0.0,1,0.0,1,CMG,3,8,1005,1008
400,101,63,0.4286,0.463,0.7634,0.2839,0.4286,0.4286,63,0.4286,63,0.3684,19,DRI,3,0,501,504
451,113,63,0.3968,0.4726,0.7492,0.2776,0.3968,0.3968,63,0.3818,55,,0,DRI,3,1,564,567
501,126,63,0.5397,0.6495,0.6816,0.2445,0.4762,1.0,1,1.0,1,,0,DRI,3,2,627,630
552,138,63,0.4921,0.5066,0.7976,0.2961,0.5238,1.0,1,,0,,0,DRI,3,3,690,693
602,151,63,0.4921,0.5968,0.7026,0.2548,0.5079,,0,,0,,0,DRI,3,4,753,756
652,164,63,0.4762,0.5167,0.6919,0.2494,0.5238,,0,,0,,0,DRI,3,5,816,819
703,176,63,0.5397,0.5598,0.6738,0.2406,0.5397,0.5397,63,0.7778,9,0.7778,9,DRI,3,6,879,882
753,189,63,0.6349,0.6207,0.6666,0.2368,0.6349,0.6349,63,,0,,0,DRI,3,7,942,945
804,201,63,0.4444,0.5194,0.7112,0.259,0.4444,0.4444,63,0.4516,62,0.3333,3,DRI,3,8,1005,1008
400,101,63,0.5714,0.4959,0.9071,0.2509,0.5714,0.5714,63,0.5645,62,0.6667,3,DECK,3,0,501,504
451,113,63,0.3968,0.3774,0.8409,0.3202,0.3968,0.3968,63,0.3333,57,0.36,50,DECK,3,1,564,567
501,126,63,0.5079,0.4777,0.7243,0.2632,0.5397,0.5517,29,0.625,8,0.0,1,DECK,3,2,627,630
552,138,63,0.6349,0.6188,0.6759,0.2414,0.5714,0.7097,31,0.7097,31,,0,DECK,3,3,690,693
602,151,63,0.5556,0.7042,4.1737,0.3709,0.3968,0.4717,53,0.5455,44,0.5455,44,DECK,3,4,753,756
652,164,63,0.4603,0.4697,1.193,0.2816,0.4762,0.4524,42,0.4615,13,0.4615,13,DECK,3,5,816,819
703,176,63,0.5238,0.5121,0.699,0.2528,0.5079,0.5556,18,0.5294,17,0.5294,17,DECK,3,6,879,882
753,189,63,0.4921,0.5965,0.7386,0.2724,0.6825,0.9231,13,,0,,0,DECK,3,7,942,945
804,201,63,0.4921,0.5245,0.7168,0.2616,0.4444,0.4667,60,0.4667,60,,0,DECK,3,8,1005,1008
400,101,63,0.5714,0.4719,0.7083,0.2567,0.5873,0.5926,54,0.6,50,0.5,14,DPZ,3,0,501,504
451,113,63,0.4921,0.4859,0.7937,0.2959,0.4762,0.4833,60,0.4833,60,0.4833,60,DPZ,3,1,564,567
501,126,63,0.5238,0.4131,0.6727,0.2429,0.4762,0.5,60,,0,,0,DPZ,3,2,627,630
552,138,63,0.4603,0.4853,0.7082,0.2569,0.5397,,0,,0,,0,DPZ,3,3,690,693
602,151,63,0.381,0.3904,0.7072,0.2599,0.5238,0.3929,28,0.3333,12,0.6667,3,DPZ,3,4,753,756
652,164,63,0.5079,0.6029,0.6963,0.2515,0.4603,0.4833,60,0.5179,56,,0,DPZ,3,5,816,819
703,176,63,0.5397,0.5326,2.276,0.2907,0.381,0.3913,23,0.3846,13,,0,DPZ,3,6,879,882
753,189,63,0.5714,0.6562,1.3044,0.244,0.4603,0.5263,38,0.7059,17,0.7059,17,DPZ,3,7,942,945
804,201,63,0.4286,0.4722,7.4965,0.5172,0.4286,0.4118,51,0.4118,51,0.4118,51,DPZ,3,8,1005,1008
400,101,63,0.5238,0.5,0.6948,0.251,0.5079,0.6,10,0.6,10,0.6,10,DHI,3,0,501,504
451,113,63,0.7143,0.6682,0.682,0.2437,0.4286,0.6957,23,0.65,20,0.65,20,DHI,3,1,564,567
501,126,63,0.5397,0.5375,1.5864,0.2709,0.5397,0.5397,63,0.5,50,0.6296,27,DHI,3,2,627,630
552,138,63,0.3651,0.5334,0.7127,0.2599,0.3333,0.3443,61,0.4286,7,0.4286,7,DHI,3,3,690,693
602,151,63,0.5714,0.6276,0.6729,0.2405,0.4286,0.5,14,1.0,1,1.0,1,DHI,3,4,753,756
652,164,63,0.4127,0.5592,1.9437,0.3337,0.5556,0.25,4,0.25,4,0.3333,3,DHI,3,5,816,819
703,176,63,0.4921,0.4551,2.6158,0.3428,0.4762,0.4722,36,0.3846,13,0.3846,13,DHI,3,6,879,882
753,189,63,0.4127,0.4945,1.2007,0.2851,0.4921,0.4375,48,0.5143,35,1.0,2,DHI,3,7,942,945
804,201,63,0.4603,0.4131,1.4548,0.2962,0.4286,0.3478,23,,0,,0,DHI,3,8,1005,1008
400,101,63,0.4127,0.638,5.4899,0.4734,0.6349,0.6667,9,0.5,4,0.6667,3,EBAY,3,0,501,504
451,113,63,0.5238,0.5568,0.6956,0.2511,0.6032,0.7222,18,0.8462,13,0.8333,12,EBAY,3,1,564,567
501,126,63,0.6984,0.6726,0.6226,0.2169,0.5873,0.6731,52,0.75,12,1.0,1,EBAY,3,2,627,630
552,138,63,0.5397,0.4556,0.8624,0.3111,0.5238,0.5357,56,0.5357,56,0.5122,41,EBAY,3,3,690,693
602,151,63,0.6667,0.5913,0.6406,0.2256,0.6667,0.6667,63,0.6792,53,0.9,10,EBAY,3,4,753,756
652,164,63,0.619,0.6263,0.6644,0.2356,0.5397,0.6087,46,0.6087,46,0.6389,36,EBAY,3,5,816,819
703,176,63,0.4603,0.3874,0.7945,0.2947,0.4603,0.4576,59,0.4576,59,0.1,10,EBAY,3,6,879,882
753,189,63,0.5714,0.5459,0.6929,0.2494,0.5556,0.5741,54,0.5741,54,0.5926,27,EBAY,3,7,942,945
804,201,63,0.619,0.5881,0.8796,0.2386,0.619,0.6667,45,0.6667,45,0.7143,7,EBAY,3,8,1005,1008
400,101,63,0.4921,0.5,0.6931,0.25,0.4921,0.4921,63,,0,,0,EXPE,3,0,501,504
451,113,63,0.3333,0.3485,1.5358,0.3344,0.5238,0.3953,43,0.3953,43,0.4048,42,EXPE,3,1,564,567
501,126,63,0.619,0.5107,0.6767,0.2419,0.619,0.619,63,0.6667,6,0.6,5,EXPE,3,2,627,630
552,138,63,0.4286,0.5,0.7149,0.2608,0.4286,0.4286,63,0.4286,63,,0,EXPE,3,3,690,693
602,151,63,0.6349,0.6116,0.6743,0.2403,0.5238,0.6389,36,0.6389,36,0.5,2,EXPE,3,4,753,756
652,164,63,0.4603,0.4679,0.7719,0.2857,0.619,0.5862,29,0.5862,29,0.5862,29,EXPE,3,5,816,819
703,176,63,0.3968,0.5172,0.705,0.2588,0.5238,0.1429,7,0.1429,7,0.1429,7,EXPE,3,6,879,882
753,189,63,0.5079,0.5882,0.7281,0.2661,0.5079,0.6667,3,0.6667,3,,0,EXPE,3,7,942,945
804,201,63,0.5556,0.5583,0.683,0.2451,0.4603,0.5106,47,0.4667,15,0.4667,15,EXPE,3,8,1005,1008
400,101,63,0.4921,0.4306,3.7339,0.3721,0.4286,0.2727,11,0.2727,11,0.2727,11,F,3,0,501,504
451,113,63,0.4286,0.4047,0.7354,0.2709,0.4603,0.2308,13,0.2308,13,,0,F,3,1,564,567
501,126,63,0.4762,0.4002,6.4469,0.4405,0.5714,0.5283,53,0.5283,53,0.5283,53,F,3,2,627,630
552,138,63,0.3968,0.5,0.7374,0.2719,0.3968,0.3968,63,0.3968,63,,0,F,3,3,690,693
602,151,63,0.6032,0.6063,0.8648,0.2342,0.619,0.6842,38,0.6842,38,0.8571,7,F,3,4,753,756
652,164,63,0.5714,0.6207,3.4667,0.3421,0.5238,0.6364,22,0.6364,22,0.6364,22,F,3,5,816,819
703,176,63,0.3968,0.5432,0.9311,0.3481,0.6032,,0,,0,,0,F,3,6,879,882
753,189,63,0.5397,0.5,0.6925,0.2497,0.4603,,0,,0,,0,F,3,7,942,945
804,201,63,0.5238,0.5847,0.6582,0.2349,0.3968,0.439,41,,0,,0,F,3,8,1005,1008
400,101,63,0.5714,0.4405,2.3487,0.3156,0.6667,0.6364,55,0.6364,55,,0,GRMN,3,0,501,504
451,113,63,0.4762,0.5165,0.7829,0.2891,0.5714,0.5429,35,0.6333,30,0.6333,30,GRMN,3,1,564,567
501,126,63,0.5079,0.3789,0.713,0.2597,0.6032,0.5614,57,0.5455,55,,0,GRMN,3,2,627,630
552,138,63,0.619,0.5347,0.6797,0.2419,0.619,0.619,63,0.619,63,0.6842,19,GRMN,3,3,690,693
602,151,63,0.4921,0.4844,0.7321,0.266,0.4921,0.4921,63,0.4921,63,0.0,1,GRMN,3,4,753,756
652,164,63,0.6667,0.7493,0.6652,0.236,0.7778,0.9667,30,,0,,0,GRMN,3,5,816,819
703,176,63,0.3651,0.3585,0.8043,0.3034,0.4603,0.3429,35,0.3429,35,0.3429,35,GRMN,3,6,879,882
753,189,63,0.5397,0.3727,0.7175,0.2617,0.5397,0.5397,63,0.5246,61,0.4468,47,GRMN,3,7,942,945
804,201,63,0.5397,0.7099,0.6537,0.2307,0.5397,0.5397,63,0.7222,36,0.7222,36,GRMN,3,8,1005,1008
400,101,63,0.5397,0.6308,0.6802,0.2451,0.5397,0.6667,15,0.7273,11,0.7,10,GPC,3,0,501,504
451,113,63,0.381,0.6225,0.714,0.2604,0.3492,0.3559,59,0.4255,47,,0,GPC,3,1,564,567
501,126,63,0.5238,0.6296,0.6986,0.2528,0.5556,0.6667,15,,0,,0,GPC,3,2,627,630
552,138,63,0.6825,0.6641,0.6641,0.2354,0.4762,0.6923,26,0.68,25,0.0,1,GPC,3,3,690,693
602,151,63,0.381,0.502,0.7381,0.2723,0.5556,0.0,4,0.0,4,0.0,4,GPC,3,4,753,756
652,164,63,0.619,0.6215,1.3354,0.253,0.4921,0.6129,31,0.6154,26,,0,GPC,3,5,816,819
703,176,63,0.5397,0.5106,0.819,0.3018,0.4921,1.0,2,1.0,2,1.0,2,GPC,3,6,879,882
753,189,63,0.4921,0.5511,0.7574,0.2729,0.6032,0.8,10,0.8,10,0.8,10,GPC,3,7,942,945
804,201,63,0.4444,0.4367,7.4848,0.5102,0.4444,0.4444,63,0.4545,55,0.4545,55,GPC,3,8,1005,1008
400,101,63,0.3333,0.4258,0.8463,0.3192,0.6032,0.1667,6,0.1667,6,0.1667,6,HAS,3,0,501,504
451,113,63,0.4603,0.4275,0.7589,0.2805,0.4286,0.3939,33,0.3529,17,0.1429,7,HAS,3,1,564,567
501,126,63,0.3968,0.3727,3.4643,0.4066,0.5873,0.4615,13,,0,,0,HAS,3,2,627,630
552,138,63,0.6349,0.6515,2.8952,0.2916,0.4762,0.6296,27,,0,,0,HAS,3,3,690,693
602,151,63,0.5714,0.518,0.6959,0.2506,0.5714,0.5818,55,0.5818,55,,0,HAS,3,4,753,756
652,164,63,0.5238,0.5759,1.6804,0.3025,0.619,0.6154,39,0.8571,7,0.8571,7,HAS,3,5,816,819
703,176,63,0.4444,0.4727,0.7432,0.2734,0.4762,0.4194,31,0.4348,23,0.4348,23,HAS,3,6,879,882
753,189,63,0.6032,0.5516,0.648,0.2342,0.6032,0.6032,63,0.7273,11,0.7273,11,HAS,3,7,942,945
804,201,63,0.4127,0.4637,0.7325,0.2693,0.381,0.386,57,0.3704,27,0.3704,27,HAS,3,8,1005,1008
400,101,63,0.5397,0.5497,0.695,0.2509,0.5397,0.5397,63,0.5397,63,0.5714,49,HLT,3,0,501,504
451,113,63,0.6508,0.5759,1.3944,0.2635,0.5873,0.6471,51,0.6216,37,0.6216,37,HLT,3,1,564,567
501,126,63,0.6825,0.7192,0.5734,0.1941,0.6825,0.8286,35,0.8286,35,0.8286,35,HLT,3,2,627,630
552,138,63,0.619,0.6237,3.0257,0.3304,0.6032,0.6129,62,0.6129,62,0.6129,62,HLT,3,3,690,693
602,151,63,0.5556,0.5821,3.2073,0.3279,0.5556,0.5556,63,0.569,58,0.569,58,HLT,3,4,753,756
652,164,63,0.619,0.6939,0.9003,0.2316,0.5873,0.6857,35,0.7059,34,0.7059,34,HLT,3,5,816,819
703,176,63,0.4762,0.4792,0.9346,0.2656,0.4603,0.375,16,,0,,0,HLT,3,6,879,882
753,189,63,0.6349,0.5995,0.6919,0.2477,0.6349,0.7297,37,0.7143,14,,0,HLT,3,7,942,945
804,201,63,0.4444,0.4102,1.4597,0.3058,0.4603,0.44,50,0.4,40,0.25,4,HLT,3,8,1005,1008
400,101,63,0.4921,0.5,0.7,0.2534,0.5079,,0,,0,,0,HD,3,0,501,504
451,113,63,0.5238,0.5444,0.7095,0.2578,0.5079,0.5385,26,0.5385,26,,0,HD,3,1,564,567
501,126,63,0.3016,0.2377,1.0637,0.3198,0.619,0.3077,13,,0,,0,HD,3,2,627,630
552,138,63,0.5397,0.3479,0.7203,0.2631,0.5397,0.5397,63,0.0,7,0.0,6,HD,3,3,690,693
602,151,63,0.5079,0.812,0.6694,0.2383,0.5079,0.5079,63,0.8148,27,0.7778,9,HD,3,4,753,756
652,164,63,0.5397,0.5689,1.5567,0.2633,0.5714,0.5574,61,0.5574,61,0.75,16,HD,3,5,816,819
703,176,63,0.381,0.4383,0.7861,0.2829,0.4286,0.3966,58,,0,,0,HD,3,6,879,882
753,189,63,0.5079,0.4969,1.8731,0.2987,0.5556,0.5588,34,0.5588,34,0.375,8,HD,3,7,942,945
804,201,63,0.3968,0.6209,0.745,0.273,0.3175,0.3448,58,0.3871,31,0.3871,31,HD,3,8,1005,1008
400,101,63,0.5556,0.5644,0.6992,0.2523,0.4603,0.6,5,0.5,4,0.5,4,LVS,3,0,501,504
451,113,63,0.5556,0.5582,0.6929,0.2497,0.3651,0.3913,23,0.3571,14,0.3333,12,LVS,3,1,564,567
501,126,63,0.4603,0.4888,1.2293,0.3002,0.619,0.6316,19,0.8,5,,0,LVS,3,2,627,630
552,138,63,0.5556,0.4637,1.4552,0.2918,0.3968,0.3636,11,0.3636,11,0.3636,11,LVS,3,3,690,693
602,151,63,0.4444,0.4738,1.922,0.3192,0.5079,0.44,25,0.44,25,0.44,25,LVS,3,4,753,756
652,164,63,0.5397,0.643,0.7463,0.2743,0.6508,0.875,16,,0,,0,LVS,3,5,816,819
703,176,63,0.5079,0.4989,0.7063,0.2562,0.6032,0.5714,49,0.6,25,0.6,25,LVS,3,6,879,882
753,189,63,0.6032,0.5643,0.6823,0.2446,0.4444,0.6364,11,0.5,4,,0,LVS,3,7,942,945
804,201,63,0.5873,0.5565,0.7052,0.2556,0.5079,0.5789,38,0.5625,16,0.5625,16,LVS,3,8,1005,1008
400,101,63,0.5556,0.4949,0.6984,0.2526,0.5556,0.5556,63,0.4615,13,0.5,12,LEN,3,0,501,504
451,113,63,0.4762,0.4202,1.2355,0.2988,0.4762,0.4762,63,0.4,30,0.4138,29,LEN,3,1,564,567
501,126,63,0.4603,0.5292,1.1652,0.2706,0.5079,0.4808,52,0.5769,26,0.6667,6,LEN,3,2,627,630
552,138,63,0.4127,0.5096,0.7197,0.2632,0.2698,0.3077,52,0.2424,33,,0,LEN,3,3,690,693
602,151,63,0.5556,0.5837,0.6743,0.2408,0.4444,,0,,0,,0,LEN,3,4,753,756
652,164,63,0.4603,0.5299,0.8879,0.3323,0.5397,0.5,14,,0,,0,LEN,3,5,816,819
703,176,63,0.4444,0.4202,0.7554,0.2797,0.4762,0.2727,11,0.2727,11,0.2727,11,LEN,3,6,879,882
753,189,63,0.3651,0.4532,1.2042,0.2872,0.4127,0.3409,44,0.5556,18,,0,LEN,3,7,942,945
804,201,63,0.381,0.4424,0.7329,0.2697,0.3651,0.3333,48,0.3333,48,,0,LEN,3,8,1005,1008
400,101,63,0.6508,0.6788,3.8875,0.3452,0.5873,0.8261,23,,0,,0,LOW,3,0,501,504
451,113,63,0.5556,0.5233,0.6841,0.247,0.5397,0.5938,32,0.0,4,,0,LOW,3,1,564,567
501,126,63,0.4444,0.4681,0.7711,0.2872,0.5714,0.5217,23,0.5,22,0.5833,12,LOW,3,2,627,630
552,138,63,0.5714,0.5185,0.6891,0.248,0.4286,,0,,0,,0,LOW,3,3,690,693
602,151,63,0.5714,0.5568,0.6781,0.2428,0.4603,0.6667,6,0.6667,6,0.6667,6,LOW,3,4,753,756
652,164,63,0.5397,0.4676,6.3977,0.4222,0.5714,0.5574,61,0.569,58,0.569,58,LOW,3,5,816,819
703,176,63,0.3651,0.4244,0.9549,0.2754,0.4286,0.3415,41,,0,,0,LOW,3,6,879,882
753,189,63,0.5238,0.5011,0.7553,0.2771,0.6508,0.6571,35,,0,,0,LOW,3,7,942,945
804,201,63,0.3492,0.5,0.7278,0.2673,0.3492,0.3492,63,,0,,0,LOW,3,8,1005,1008
400,101,63,0.5397,0.5242,0.7329,0.268,0.5079,0.5306,49,0.5306,49,0.5208,48,MAR,3,0,501,504
451,113,63,0.4603,0.5117,0.7718,0.284,0.4603,0.4603,63,0.5128,39,0.1818,11,MAR,3,1,564,567
501,126,63,0.6825,0.4797,1.9717,0.2551,0.6825,0.6825,63,0.6825,63,0.64,25,MAR,3,2,627,630
552,138,63,0.746,0.7169,1.7443,0.2486,0.619,0.7556,45,0.75,16,1.0,7,MAR,3,3,690,693
602,151,63,0.4603,0.5649,0.8127,0.3043,0.4603,0.4603,63,0.4746,59,0.4746,59,MAR,3,4,753,756
652,164,63,0.5873,0.5,0.6885,0.2473,0.5873,0.5873,63,0.5873,63,0.5873,63,MAR,3,5,816,819
703,176,63,0.5714,0.608,0.8744,0.2419,0.5397,0.5854,41,0.5854,41,0.5854,41,MAR,3,6,879,882
753,189,63,0.4444,0.5139,0.7059,0.2564,0.5714,1.0,1,,0,,0,MAR,3,7,942,945
804,201,63,0.5079,0.5152,0.6989,0.2529,0.4603,0.4737,38,0.4737,38,,0,MAR,3,8,1005,1008
400,101,63,0.5238,0.5474,0.7039,0.2551,0.4921,0.5128,39,0.5128,39,0.4667,30,MCD,3,0,501,504
451,113,63,0.4762,0.6424,5.1426,0.4306,0.4762,0.4762,63,0.4762,63,0.4762,63,MCD,3,1,564,567
501,126,63,0.5238,0.5272,1.8345,0.2841,0.6508,0.7037,27,0.7308,26,0.7,20,MCD,3,2,627,630
552,138,63,0.5556,0.5179,0.6873,0.2471,0.4444,,0,,0,,0,MCD,3,3,690,693
602,151,63,0.4921,0.4955,0.787,0.2829,0.5238,0.5082,61,0.55,20,0.55,20,MCD,3,4,753,756
652,164,63,0.5079,0.4974,3.033,0.3374,0.4127,0.381,21,0.4211,19,0.4211,19,MCD,3,5,816,819
703,176,63,0.3333,0.3704,0.7565,0.2807,0.4444,0.3654,52,0.3846,13,,0,MCD,3,6,879,882
753,189,63,0.4127,0.5486,0.7018,0.2543,0.619,0.6667,6,,0,,0,MCD,3,7,942,945
804,201,63,0.6508,0.5188,0.679,0.2431,0.3492,,0,,0,,0,MCD,3,8,1005,1008
400,101,63,0.5714,0.5376,0.907,0.2506,0.4286,,0,,0,,0,MGM,3,0,501,504
451,113,63,0.5079,0.5439,0.7031,0.2549,0.5079,0.5217,23,0.3333,6,,0,MGM,3,1,564,567
501,126,63,0.5873,0.569,0.6885,0.2477,0.5397,0.5714,56,1.0,1,,0,MGM,3,2,627,630
552,138,63,0.5079,0.5696,0.9365,0.2625,0.5079,0.5079,63,0.5625,48,0.5625,48,MGM,3,3,690,693
602,151,63,0.5238,0.5556,0.7241,0.265,0.4127,0.463,54,0.4528,53,0.4359,39,MGM,3,4,753,756
652,164,63,0.5397,0.4857,0.6863,0.2476,0.5556,0.5484,62,0.5333,15,0.5333,15,MGM,3,5,816,819
703,176,63,0.4921,0.4939,0.696,0.2514,0.4762,0.4545,22,,0,,0,MGM,3,6,879,882
753,189,63,0.5556,0.5699,0.7069,0.2553,0.5556,0.6296,27,0.6296,27,,0,MGM,3,7,942,945
804,201,63,0.5238,0.4657,0.6953,0.2511,0.4762,,0,,0,,0,MGM,3,8,1005,1008
400,101,63,0.4762,0.5,0.7114,0.2591,0.4762,0.4762,63,0.4762,63,,0,NKE,3,0,501,504
451,113,63,0.4921,0.4574,0.73,0.2679,0.4603,0.4595,37,0.375,24,0.375,24,NKE,3,1,564,567
501,126,63,0.5556,0.3898,0.6991,0.2529,0.5556,0.5556,63,0.4571,35,,0,NKE,3,2,627,630
552,138,63,0.3968,0.5048,0.7133,0.26,0.381,0.3833,60,,0,,0,NKE,3,3,690,693
602,151,63,0.4762,0.5147,0.6906,0.2488,0.4603,0.4677,62,,0,,0,NKE,3,4,753,756
652,164,63,0.4603,0.4709,0.7509,0.2748,0.5873,0.8,5,0.75,4,0.75,4,NKE,3,5,816,819
703,176,63,0.6349,0.5924,0.6755,0.2396,0.3333,0.4444,18,0.4375,16,0.0,1,NKE,3,6,879,882
753,189,63,0.5714,0.5888,0.6858,0.246,0.5556,0.7857,14,0.9091,11,,0,NKE,3,7,942,945
804,201,63,0.3968,0.4563,2.9547,0.3979,0.3016,0.2979,47,0.2727,44,0.2727,44,NKE,3,8,1005,1008
400,101,63,0.5079,0.4773,0.7124,0.2582,0.4762,0.4444,9,1.0,1,1.0,1,NCLH,3,0,501,504
451,113,63,0.5238,0.6133,0.6822,0.2448,0.5556,1.0,5,1.0,5,1.0,2,NCLH,3,1,564,567
501,126,63,0.4127,0.5235,1.3555,0.3561,0.7143,0.7857,14,0.8182,11,,0,NCLH,3,2,627,630
552,138,63,0.5397,0.5444,0.9701,0.2625,0.5238,0.8333,6,0.8333,6,0.8333,6,NCLH,3,3,690,693
602,151,63,0.4286,0.6286,1.4517,0.3072,0.4286,0.4286,63,0.4286,63,0.4694,49,NCLH,3,4,753,756
652,164,63,0.6032,0.5739,0.6629,0.2351,0.6349,0.6531,49,0.7273,22,0.7273,22,NCLH,3,5,816,819
703,176,63,0.6984,0.681,1.2542,0.2197,0.3651,0.6667,12,0.6667,6,0.6667,6,NCLH,3,6,879,882
753,189,63,0.5238,0.4662,0.7156,0.2613,0.5873,0.566,53,0.5333,15,0.5,4,NCLH,3,7,942,945
804,201,63,0.4127,0.488,0.7678,0.284,0.4127,0.4127,63,0.4118,17,0.4118,17,NCLH,3,8,1005,1008
400,101,63,0.4603,0.5322,0.7397,0.2737,0.5873,0.5882,17,0.5882,17,0.5882,17,MO,3,0,501,504
451,113,63,0.3651,0.525,0.966,0.3714,0.6349,,0,,0,,0,MO,3,1,564,567
501,126,63,0.4921,0.4439,0.9771,0.2809,0.5873,0.5455,55,0.5455,55,0.5455,55,MO,3,2,627,630
552,138,63,0.4921,0.4672,0.729,0.2674,0.4921,0.4921,63,0.4921,63,0.4921,63,MO,3,3,690,693
602,151,63,0.6349,0.5125,0.6646,0.2359,0.6349,0.6349,63,0.6349,63,1.0,1,MO,3,4,753,756
652,164,63,0.4921,0.5278,0.6895,0.2481,0.5714,0.625,16,0.625,16,0.625,16,MO,3,5,816,819
703,176,63,0.4603,0.4224,0.709,0.2578,0.4603,0.4603,63,0.0,2,0.0,2,MO,3,6,879,882
753,189,63,0.5873,0.6343,0.6481,0.2284,0.5714,0.5962,52,0.9167,12,0.9167,12,MO,3,7,942,945
804,201,63,0.5714,0.5406,1.8851,0.2994,0.5714,0.6098,41,0.6562,32,0.6562,32,MO,3,8,1005,1008
400,101,63,0.4286,0.4647,0.7795,0.2914,0.6032,0.5714,14,0.5714,14,0.5714,14,ADM,3,0,501,504
451,113,63,0.4127,0.3807,0.7189,0.2627,0.4286,0.3077,26,0.0,1,0.0,1,ADM,3,1,564,567
501,126,63,0.5238,0.5455,0.6847,0.2458,0.5238,1.0,3,1.0,3,1.0,3,ADM,3,2,627,630
552,138,63,0.5238,0.5188,0.9338,0.2612,0.4603,0.4737,19,0.0,1,0.0,1,ADM,3,3,690,693
602,151,63,0.4762,0.4478,0.736,0.2703,0.5397,0.5111,45,0.5,44,0.5,44,ADM,3,4,753,756
652,164,63,0.4444,0.6127,2.8065,0.3298,0.5714,0.5556,9,0.4286,7,1.0,2,ADM,3,5,816,819
703,176,63,0.4603,0.4366,1.1419,0.2704,0.4127,0.0,8,0.0,8,,0,ADM,3,6,879,882
753,189,63,0.4444,0.5063,0.7103,0.2581,0.6032,0.6667,9,0.6667,9,0.5,2,ADM,3,7,942,945
804,201,63,0.5714,0.4938,0.6854,0.2461,0.5714,0.5714,63,0.5455,11,0.5455,11,ADM,3,8,1005,1008
400,101,63,0.6032,0.6053,2.8226,0.2663,0.6508,0.7,40,0.7368,38,0.7368,38,BG,3,0,501,504
451,113,63,0.2857,0.4286,0.7593,0.2825,0.6667,0.0,3,0.0,3,0.0,3,BG,3,1,564,567
501,126,63,0.4444,0.4622,0.7769,0.2897,0.4444,0.4444,63,0.4444,63,0.4444,63,BG,3,2,627,630
552,138,63,0.381,0.5256,9.4086,0.6042,0.381,0.381,63,0.3871,62,0.3871,62,BG,3,3,690,693
602,151,63,0.4921,0.5525,0.688,0.2439,0.5714,0.8333,6,0.8333,6,0.8333,6,BG,3,4,753,756
652,164,63,0.5238,0.5424,0.6948,0.2508,0.5238,0.6667,9,,0,,0,BG,3,5,816,819
703,176,63,0.4762,0.5106,0.6962,0.2516,0.4603,0.1667,6,,0,,0,BG,3,6,879,882
753,189,63,0.4762,0.5148,0.6972,0.2517,0.5556,0.625,8,0.625,8,0.5714,7,BG,3,7,942,945
804,201,63,0.5397,0.5323,1.6488,0.2926,0.5238,0.5417,48,,0,,0,BG,3,8,1005,1008
400,101,63,0.5397,0.5811,0.7018,0.2547,0.5397,0.5397,63,0.5397,63,0.5484,62,CPB,3,0,501,504
451,113,63,0.5714,0.5775,0.6731,0.2403,0.619,0.6765,34,1.0,2,1.0,2,CPB,3,1,564,567
501,126,63,0.4127,0.4871,0.7492,0.274,0.4286,0.4038,52,0.25,4,0.25,4,CPB,3,2,627,630
552,138,63,0.381,0.6095,4.7521,0.4402,0.381,0.381,63,0.413,46,0.413,46,CPB,3,3,690,693
602,151,63,0.6667,0.6788,0.6634,0.2352,0.4762,0.6,45,0.6,45,,0,CPB,3,4,753,756
652,164,63,0.5873,0.6199,1.1304,0.255,0.4286,0.5556,9,0.3333,3,,0,CPB,3,5,816,819
703,176,63,0.5238,0.5485,0.6964,0.2513,0.4444,0.4667,30,0.5333,15,,0,CPB,3,6,879,882
753,189,63,0.5714,0.5441,0.6787,0.244,0.4603,1.0,2,1.0,2,1.0,2,CPB,3,7,942,945
804,201,63,0.4921,0.3923,0.8288,0.2951,0.3016,0.1176,17,0.0,7,0.0,7,CPB,3,8,1005,1008
400,101,63,0.6825,0.6289,0.8712,0.2333,0.6032,0.6875,48,0.6875,48,0.6667,6,CASY,3,0,501,504
451,113,63,0.5397,0.5333,0.7678,0.2797,0.5079,0.6667,9,0.6667,9,0.6667,9,CASY,3,1,564,567
501,126,63,0.5714,0.6158,0.9068,0.2488,0.5556,0.569,58,0.569,58,0.6774,31,CASY,3,2,627,630
552,138,63,0.5873,0.5892,1.1565,0.2659,0.5397,0.6,40,0.6,40,0.6,40,CASY,3,3,690,693
602,151,63,0.6349,0.5908,2.7301,0.2927,0.5397,0.6038,53,0.6122,49,0.5833,36,CASY,3,4,753,756
652,164,63,0.4286,0.4645,1.2578,0.3051,0.5714,0.5,20,0.5,20,0.5263,19,CASY,3,5,816,819
703,176,63,0.4921,0.5086,0.7004,0.2556,0.4921,0.4872,39,0.4737,38,0.4737,38,CASY,3,6,879,882
753,189,63,0.7143,0.6383,1.1109,0.2451,0.6667,0.7308,52,1.0,1,1.0,1,CASY,3,7,942,945
804,201,63,0.6349,0.6315,3.0441,0.3413,0.6667,0.7879,33,,0,,0,CASY,3,8,1005,1008
400,101,63,0.4762,0.396,6.3459,0.4783,0.5238,,0,,0,,0,CHD,3,0,501,504
451,113,63,0.5397,0.575,0.7016,0.2542,0.4444,0.4902,51,0.4902,51,,0,CHD,3,1,564,567
501,126,63,0.5873,0.5689,0.6829,0.2449,0.4286,0.5455,11,0.5455,11,0.5455,11,CHD,3,2,627,630
552,138,63,0.4762,0.5333,0.6883,0.2506,0.5238,,0,,0,,0,CHD,3,3,690,693
602,151,63,0.4286,0.3825,0.7321,0.269,0.4127,0.3077,26,0.25,8,0.25,8,CHD,3,4,753,756
652,164,63,0.4762,0.5,0.6822,0.2447,0.5238,0.5,16,1.0,3,1.0,3,CHD,3,5,816,819
703,176,63,0.5873,0.5751,0.6798,0.2434,0.4603,0.6,15,,0,,0,CHD,3,6,879,882
753,189,63,0.2857,0.3315,0.8348,0.3184,0.6508,0.0,4,,0,,0,CHD,3,7,942,945
804,201,63,0.6508,0.6026,0.687,0.2469,0.381,0.5625,16,0.6,15,,0,CHD,3,8,1005,1008
400,101,63,0.6349,0.6465,1.3748,0.2604,0.4762,0.6207,29,0.4444,9,,0,CLX,3,0,501,504
451,113,63,0.4762,0.4763,1.2446,0.4262,0.4762,0.4762,63,0.4762,63,0.4754,61,CLX,3,1,564,567
501,126,63,0.4762,0.5862,0.8369,0.3027,0.5397,0.5714,7,,0,,0,CLX,3,2,627,630
552,138,63,0.3968,0.4085,0.7154,0.2609,0.4127,0.3421,38,,0,,0,CLX,3,3,690,693
602,151,63,0.6032,0.5963,0.8648,0.2347,0.3968,,0,,0,,0,CLX,3,4,753,756
652,164,63,0.5714,0.5787,0.6738,0.2404,0.4286,0.5,34,,0,,0,CLX,3,5,816,819
703,176,63,0.4286,0.457,0.7176,0.2616,0.3175,0.2895,38,0.2222,9,0.2222,9,CLX,3,6,879,882
753,189,63,0.4921,0.5509,0.7032,0.255,0.5079,,0,,0,,0,CLX,3,7,942,945
804,201,63,0.6032,0.4667,0.6755,0.2412,0.3492,0.3333,9,,0,,0,CLX,3,8,1005,1008
400,101,63,0.4762,0.4451,1.6989,0.3148,0.5079,0.4872,39,0.4828,29,0.4828,29,KO,3,0,501,504
451,113,63,0.5238,0.5181,0.7049,0.2557,0.4921,0.5556,9,0.5556,9,,0,KO,3,1,564,567
501,126,63,0.5079,0.6129,2.2567,0.2867,0.4921,,0,,0,,0,KO,3,2,627,630
552,138,63,0.5397,0.5223,0.7293,0.2663,0.4603,0.5,16,0.25,8,0.25,8,KO,3,3,690,693
602,151,63,0.3968,0.4089,1.5983,0.3635,0.6032,0.5,8,0.5,8,,0,KO,3,4,753,756
652,164,63,0.5079,0.5,0.693,0.2499,0.4921,,0,,0,,0,KO,3,5,816,819
703,176,63,0.5238,0.5364,0.6909,0.2489,0.5238,0.5238,63,0.5439,57,,0,KO,3,6,879,882
753,189,63,0.381,0.3921,0.7266,0.2665,0.6032,0.4783,23,0.4286,21,0.4286,21,KO,3,7,942,945
804,201,63,0.4603,0.4939,0.6984,0.2526,0.5397,0.5,4,0.0,1,0.0,1,KO,3,8,1005,1008
400,101,63,0.2857,0.5013,0.8011,0.3032,0.746,0.75,4,0.75,4,,0,CL,3,0,501,504
451,113,63,0.6349,0.5,0.6631,0.2348,0.6349,0.6349,63,0.6349,63,0.6349,63,CL,3,1,564,567
501,126,63,0.3333,0.3214,2.5103,0.3935,0.4444,0.375,56,0.3636,55,0.3636,55,CL,3,2,627,630
552,138,63,0.381,0.5128,0.7668,0.2861,0.381,0.381,63,0.3871,62,0.3871,62,CL,3,3,690,693
602,151,63,0.5079,0.5357,0.6982,0.2525,0.5556,0.625,16,,0,,0,CL,3,4,753,756
652,164,63,0.5556,0.6107,0.6804,0.2437,0.4444,,0,,0,,0,CL,3,5,816,819
703,176,63,0.4286,0.4932,0.6807,0.2464,0.3968,0.3429,35,1.0,3,1.0,3,CL,3,6,879,882
753,189,63,0.381,0.5604,0.7555,0.2782,0.619,,0,,0,,0,CL,3,7,942,945
804,201,63,0.4444,0.4652,0.6957,0.2542,0.5238,0.4375,16,1.0,3,1.0,3,CL,3,8,1005,1008
400,101,63,0.4921,0.3851,0.7409,0.2719,0.4921,0.4921,63,0.4921,63,0.25,16,CAG,3,0,501,504
451,113,63,0.5238,0.5419,0.6939,0.2504,0.4762,0.5,46,0.5,46,,0,CAG,3,1,564,567
501,126,63,0.4762,0.5278,2.5595,0.3209,0.5714,0.6,15,,0,,0,CAG,3,2,627,630
552,138,63,0.4762,0.5183,0.7758,0.2721,0.4603,0.4677,62,0.4677,62,0.3333,3,CAG,3,3,690,693
602,151,63,0.3968,0.6026,0.7438,0.2659,0.3968,0.3968,63,0.5714,7,0.5,6,CAG,3,4,753,756
652,164,63,0.5556,0.5567,0.676,0.2415,0.4127,0.4286,14,1.0,1,,0,CAG,3,5,816,819
703,176,63,0.4286,0.431,0.6983,0.2525,0.3651,0.3143,35,0.25,8,,0,CAG,3,6,879,882
753,189,63,0.4286,0.5223,3.1304,0.3803,0.5873,1.0,1,1.0,1,1.0,1,CAG,3,7,942,945
804,201,63,0.6349,0.63,0.6638,0.2326,0.3968,0.5385,26,0.6667,6,0.6667,6,CAG,3,8,1005,1008
400,101,63,0.4603,0.5967,0.7636,0.2817,0.5714,0.6667,6,,0,,0,STZ,3,0,501,504
451,113,63,0.3968,0.4077,0.7735,0.2892,0.4444,0.3611,36,0.3611,36,0.3611,36,STZ,3,1,564,567
501,126,63,0.5714,0.5751,0.7229,0.2594,0.5397,0.5814,43,0.5814,43,0.5814,43,STZ,3,2,627,630
552,138,63,0.4127,0.5935,2.4552,0.364,0.3333,0.3621,58,0.3889,36,0.3889,36,STZ,3,3,690,693
602,151,63,0.4603,0.4747,0.7213,0.2634,0.4762,0.463,54,0.463,54,,0,STZ,3,4,753,756
652,164,63,0.619,0.4616,0.6862,0.2462,0.3968,1.0,1,,0,,0,STZ,3,5,816,819
703,176,63,0.7143,0.4191,0.6453,0.2261,0.2857,,0,,0,,0,STZ,3,6,879,882
753,189,63,0.3175,0.461,0.817,0.3103,0.6825,,0,,0,,0,STZ,3,7,942,945
804,201,63,0.6032,0.5632,0.6775,0.2422,0.3968,,0,,0,,0,STZ,3,8,1005,1008
400,101,63,0.4444,0.4544,1.0262,0.2893,0.4603,0.25,12,0.25,12,0.1429,7,DG,3,0,501,504
451,113,63,0.5556,0.5187,0.9314,0.2559,0.5238,0.5439,57,0.5,16,1.0,1,DG,3,1,564,567
501,126,63,0.4762,0.5,0.6994,0.2531,0.4762,0.4762,63,,0,,0,DG,3,2,627,630
552,138,63,0.5397,0.5147,0.6836,0.2456,0.4603,,0,,0,,0,DG,3,3,690,693
602,151,63,0.3492,0.4723,0.7362,0.2702,0.6508,,0,,0,,0,DG,3,4,753,756
652,164,63,0.4444,0.375,0.7453,0.275,0.5714,0.5091,55,,0,,0,DG,3,5,816,819
703,176,63,0.3016,0.5179,1.0289,0.3047,0.3016,0.3016,63,0.3019,53,0.3077,13,DG,3,6,879,882
753,189,63,0.5556,0.561,0.6832,0.2451,0.6508,0.7241,29,0.6364,11,0.6364,11,DG,3,7,942,945
804,201,63,0.6032,0.6111,0.6657,0.2366,0.3968,0.5,24,0.4286,21,,0,DG,3,8,1005,1008
400,101,63,0.5238,0.5444,0.8857,0.2465,0.5079,0.525,40,0.5128,39,,0,DLTR,3,0,501,504
451,113,63,0.3651,0.4957,0.7612,0.2831,0.3651,0.3651,63,0.3651,63,0.0,2,DLTR,3,1,564,567
501,126,63,0.4762,0.3766,0.6872,0.247,0.3651,0.0,10,,0,,0,DLTR,3,2,627,630
552,138,63,0.5397,0.4954,0.7535,0.277,0.4603,,0,,0,,0,DLTR,3,3,690,693
602,151,63,0.4603,0.6095,0.7083,0.2582,0.5397,,0,,0,,0,DLTR,3,4,753,756
652,164,63,0.6984,0.6902,0.7284,0.1861,0.6984,0.6984,63,0.7447,47,0.9474,19,DLTR,3,5,816,819
703,176,63,0.4444,0.4792,3.1133,0.3768,0.4603,0.4483,58,0.4483,58,0.4483,58,DLTR,3,6,879,882
753,189,63,0.5238,0.4058,0.701,0.2534,0.6032,0.569,58,0.5517,29,0.5385,13,DLTR,3,7,942,945
804,201,63,0.381,0.5411,0.976,0.2819,0.4127,0.3934,61,0.3913,46,0.48,25,DLTR,3,8,1005,1008
400,101,63,0.5873,0.5568,1.1497,0.2631,0.4603,0.5556,27,0.5769,26,0.5,2,EL,3,0,501,504
451,113,63,0.381,0.6651,0.8915,0.2478,0.3175,0.339,59,0.6667,3,0.6667,3,EL,3,1,564,567
501,126,63,0.4921,0.4342,0.7116,0.2588,0.3651,0.2,15,0.2,15,1.0,1,EL,3,2,627,630
552,138,63,0.3651,0.3174,0.8343,0.3166,0.5714,0.3,10,0.3,10,0.3,10,EL,3,3,690,693
602,151,63,0.5238,0.5192,0.6846,0.2461,0.5079,0.5172,58,0.5172,58,,0,EL,3,4,753,756
652,164,63,0.3492,0.462,0.7682,0.2855,0.6667,0.6667,3,,0,,0,EL,3,5,816,819
703,176,63,0.4603,0.5264,0.7203,0.2634,0.4603,0.4603,63,0.4603,63,,0,EL,3,6,879,882
753,189,63,0.5556,0.5089,1.876,0.3003,0.6032,0.6136,44,0.6047,43,,0,EL,3,7,942,945
804,201,63,0.5079,0.4274,0.8348,0.3094,0.5079,0.5079,63,0.5079,63,0.5079,63,EL,3,8,1005,1008
400,101,63,0.5714,0.5,0.6849,0.2459,0.5714,0.5714,63,,0,,0,GIS,3,0,501,504
451,113,63,0.4762,0.4587,0.7421,0.2734,0.5079,0.4918,61,0.4918,61,0.4762,42,GIS,3,1,564,567
501,126,63,0.5238,0.5161,0.6873,0.2472,0.4921,1.0,1,1.0,1,1.0,1,GIS,3,2,627,630
552,138,63,0.5079,0.5679,2.6346,0.345,0.4286,0.4091,22,0.4091,22,0.4091,22,GIS,3,3,690,693
602,151,63,0.4286,0.5154,0.7331,0.2698,0.4286,0.4262,61,0.4262,61,,0,GIS,3,4,753,756
652,164,63,0.6349,0.6722,0.6719,0.2395,0.4762,0.7692,13,1.0,2,,0,GIS,3,5,816,819
703,176,63,0.4603,0.4403,0.7187,0.2625,0.4286,0.4222,45,0.2667,15,0.25,12,GIS,3,6,879,882
753,189,63,0.4921,0.4975,0.6992,0.2529,0.5397,0.5227,44,0.5,12,0.5455,11,GIS,3,7,942,945
804,201,63,0.5397,0.408,1.3931,0.2728,0.2857,0.2105,19,0.2,5,0.2,5,GIS,3,8,1005,1008
400,101,63,0.3492,0.351,2.1833,0.3454,0.5238,0.3667,30,0.4,25,0.4,25,HSY,3,0,501,504
451,113,63,0.4127,0.4398,1.2659,0.3138,0.5556,0.4583,24,0.0,7,0.0,7,HSY,3,1,564,567
501,126,63,0.3651,0.5929,0.7246,0.2656,0.3651,0.3651,63,0.5,14,,0,HSY,3,2,627,630
552,138,63,0.746,0.6467,0.6689,0.2383,0.3651,0.8889,9,1.0,3,1.0,3,HSY,3,3,690,693
602,151,63,0.5079,0.591,0.6938,0.2541,0.5714,0.6316,19,1.0,3,1.0,3,HSY,3,4,753,756
652,164,63,0.4286,0.5622,0.707,0.2566,0.5714,,0,,0,,0,HSY,3,5,816,819
703,176,63,0.4286,0.4249,0.9598,0.2741,0.4921,0.439,41,0.4359,39,0.0,1,HSY,3,6,879,882
753,189,63,0.619,0.5902,0.6611,0.2356,0.6349,0.6538,52,0.7368,19,0.7368,19,HSY,3,7,942,945
804,201,63,0.3651,0.4722,0.9959,0.2931,0.381,0.3462,52,0.3824,34,,0,HSY,3,8,1005,1008
400,101,63,0.4603,0.4583,3.0798,0.3576,0.5714,0.75,4,0.75,4,0.75,4,HRL,3,0,501,504
451,113,63,0.5238,0.5117,0.7464,0.2718,0.4603,0.4884,43,0.4412,34,0.5,14,HRL,3,1,564,567
501,126,63,0.4762,0.5,0.6936,0.2502,0.4762,0.4762,63,,0,,0,HRL,3,2,627,630
552,138,63,0.6349,0.6268,0.6745,0.2407,0.3968,0.5312,32,0.5,14,,0,HRL,3,3,690,693
602,151,63,0.5714,0.5484,0.9333,0.2604,0.4921,0.5667,30,0.5517,29,0.0,2,HRL,3,4,753,756
652,164,63,0.5238,0.6169,0.7176,0.2609,0.5079,0.5714,14,0.4444,9,0.4444,9,HRL,3,5,816,819
703,176,63,0.5397,0.4984,0.7755,0.287,0.4127,0.44,25,0.44,25,0.44,25,HRL,3,6,879,882
753,189,63,0.381,0.444,0.6981,0.2525,0.6349,0.5172,29,0.7143,7,,0,HRL,3,7,942,945
804,201,63,0.4286,0.4684,0.7409,0.273,0.3492,0.3654,52,0.1818,11,0.1818,11,HRL,3,8,1005,1008
400,101,63,0.4286,0.4254,1.6789,0.3095,0.5714,0.5,28,0.5,28,0.4444,9,KDP,3,0,501,504
451,113,63,0.5238,0.5233,3.0191,0.334,0.5397,0.5455,44,0.6,20,0.5,4,KDP,3,1,564,567
501,126,63,0.6667,0.5941,0.6451,0.229,0.5873,0.6538,52,0.6364,33,,0,KDP,3,2,627,630
552,138,63,0.5397,0.4275,5.768,0.4178,0.5397,0.5397,63,0.5593,59,0.5593,59,KDP,3,3,690,693
602,151,63,0.5079,0.5,0.7116,0.259,0.5079,0.5079,63,0.5079,63,0.5079,63,KDP,3,4,753,756
652,164,63,0.5873,0.57,0.6857,0.2463,0.5397,0.5714,56,,0,,0,KDP,3,5,816,819
703,176,63,0.4444,0.4963,1.0266,0.2871,0.381,0.383,47,0.383,47,0.4,5,KDP,3,6,879,882
753,189,63,0.4444,0.4386,1.4545,0.296,0.619,0.5769,26,0.5769,26,0.5769,26,KDP,3,7,942,945
804,201,63,0.4762,0.5418,0.939,0.2638,0.4444,0.4561,57,0.4444,27,0.0,1,KDP,3,8,1005,1008
400,101,63,0.6032,0.6003,0.6746,0.2408,0.5714,0.6774,31,0.6552,29,,0,KMB,3,0,501,504
451,113,63,0.5079,0.4355,7.1851,0.479,0.4921,,0,,0,,0,KMB,3,1,564,567
501,126,63,0.5238,0.6646,0.6813,0.2441,0.5238,0.5238,63,,0,,0,KMB,3,2,627,630
552,138,63,0.4762,0.5,0.6971,0.252,0.4762,0.4762,63,,0,,0,KMB,3,3,690,693
602,151,63,0.6508,0.7219,0.6582,0.2338,0.5556,0.6275,51,0.8889,9,1.0,1,KMB,3,4,753,756
652,164,63,0.3333,0.3298,0.8001,0.3021,0.5238,0.3714,35,0.3714,35,,0,KMB,3,5,816,819
703,176,63,0.3175,0.5323,1.6904,0.4075,0.3016,0.2857,56,0.2857,56,0.2857,56,KMB,3,6,879,882
753,189,63,0.5714,0.5,1.009,0.3457,0.5714,0.5714,63,0.5714,63,0.5714,63,KMB,3,7,942,945
804,201,63,0.4603,0.5,0.7413,0.2735,0.4603,0.4603,63,0.4603,63,0.4603,63,KMB,3,8,1005,1008
400,101,63,0.6349,0.5283,0.7048,0.2557,0.4762,0.5714,49,0.4194,31,0.4194,31,KHC,3,0,501,504
451,113,63,0.4603,0.5101,0.723,0.2658,0.4603,0.4603,63,0.4603,63,0.5,6,KHC,3,1,564,567
501,126,63,0.4603,0.4113,5.743,0.4619,0.5079,0.4828,58,0.44,50,0.4286,49,KHC,3,2,627,630
552,138,63,0.4762,0.5417,0.7032,0.255,0.4286,0.45,60,0.45,60,,0,KHC,3,3,690,693
602,151,63,0.5397,0.5,0.6926,0.2497,0.4603,,0,,0,,0,KHC,3,4,753,756
652,164,63,0.4286,0.4614,0.7033,0.2554,0.4286,0.2353,17,0.2353,17,,0,KHC,3,5,816,819
703,176,63,0.4127,0.4351,0.6947,0.2508,0.4603,0.2778,18,,0,,0,KHC,3,6,879,882
753,189,63,0.5873,0.5968,0.7037,0.2551,0.6032,0.6579,38,0.6667,6,0.6667,6,KHC,3,7,942,945
804,201,63,0.5238,0.5616,0.9295,0.2588,0.4762,0.5,2,,0,,0,KHC,3,8,1005,1008
400,101,63,0.4762,0.5942,7.2454,0.5006,0.6508,0.8333,12,0.8333,12,0.7778,9,KR,3,0,501,504
451,113,63,0.4603,0.5143,0.7039,0.2554,0.4444,0.4516,62,,0,,0,KR,3,1,564,567
501,126,63,0.4921,0.5721,0.9334,0.2638,0.5079,,0,,0,,0,KR,3,2,627,630
552,138,63,0.4762,0.552,2.9409,0.3917,0.5873,0.6111,18,,0,,0,KR,3,3,690,693
602,151,63,0.5079,0.5649,0.6794,0.2475,0.5397,0.5254,59,0.54,50,0.54,50,KR,3,4,753,756
652,164,63,0.5238,0.548,1.1685,0.2715,0.5238,0.5385,39,0.5385,39,0.5385,39,KR,3,5,816,819
703,176,63,0.4127,0.7528,1.484,0.3174,0.3333,0.3621,58,0.3621,58,0.4872,39,KR,3,6,879,882
753,189,63,0.4603,0.6045,0.6888,0.2483,0.5873,0.6667,9,0.6667,9,1.0,1,KR,3,7,942,945
804,201,63,0.4921,0.5129,0.7071,0.2571,0.4286,0.439,41,0.4286,35,,0,KR,3,8,1005,1008
400,101,63,0.4444,0.4101,0.7588,0.2804,0.5873,0.5312,32,0.5312,32,0.5312,32,MKC,3,0,501,504
451,113,63,0.4762,0.5167,0.695,0.2524,0.4762,0.4762,63,0.4762,63,1.0,1,MKC,3,1,564,567
501,126,63,0.5556,0.5072,1.1568,0.2672,0.5714,0.5667,60,0.5714,7,0.5714,7,MKC,3,2,627,630
552,138,63,0.5873,0.6298,0.6806,0.2437,0.4603,0.5789,19,0.5833,12,0.4,5,MKC,3,3,690,693
602,151,63,0.5714,0.4424,0.7623,0.2798,0.5238,0.5556,54,0.4706,34,0.4848,33,MKC,3,4,753,756
652,164,63,0.4921,0.4726,0.7125,0.2593,0.4603,0.2,5,0.2,5,0.2,5,MKC,3,5,816,819
703,176,63,0.4127,0.4469,1.8913,0.3088,0.4444,0.4118,51,0.4286,14,0.4286,14,MKC,3,6,879,882
753,189,63,0.4286,0.4854,0.717,0.2619,0.5873,0.5556,9,,0,,0,MKC,3,7,942,945
804,201,63,0.7143,0.4562,0.9401,0.2641,0.2857,,0,,0,,0,MKC,3,8,1005,1008
400,101,63,0.5873,0.6058,0.6737,0.2411,0.5079,0.5789,38,,0,,0,APA,3,0,501,504
451,113,63,0.5714,0.604,0.6829,0.2448,0.5397,0.7333,15,,0,,0,APA,3,1,564,567
501,126,63,0.619,0.6532,2.0392,0.2792,0.4921,0.5686,51,0.5686,51,0.5862,29,APA,3,2,627,630
552,138,63,0.5556,0.5973,1.6273,0.2831,0.5079,0.5588,34,0.8333,12,0.9,10,APA,3,3,690,693
602,151,63,0.6349,0.5931,0.6813,0.2478,0.5714,0.6585,41,0.5294,17,0.5294,17,APA,3,4,753,756
652,164,63,0.5714,0.6196,0.6847,0.2458,0.6349,0.7407,27,0.9091,11,1.0,10,APA,3,5,816,819
703,176,63,0.5556,0.4095,0.8198,0.3,0.5714,0.5667,60,0.5106,47,0.5106,47,APA,3,6,879,882
753,189,63,0.6825,0.5006,0.6414,0.2251,0.6667,0.6774,62,0.6833,60,0.75,16,APA,3,7,942,945
804,201,63,0.6508,0.6131,0.6435,0.2257,0.6508,0.6508,63,0.7083,48,0.75,12,APA,3,8,1005,1008
400,101,63,0.4603,0.5809,0.763,0.2664,0.6508,0.6842,19,0.6842,19,0.6842,19,BKR,3,0,501,504
451,113,63,0.6032,0.5746,1.6094,0.2783,0.5714,0.6667,33,0.6667,33,0.5625,16,BKR,3,1,564,567
501,126,63,0.5714,0.533,1.6219,0.2836,0.5397,0.5714,49,0.5714,49,0.5714,49,BKR,3,2,627,630
552,138,63,0.5556,0.5821,0.7833,0.2873,0.6032,0.6471,34,0.6471,34,,0,BKR,3,3,690,693
602,151,63,0.4762,0.5131,0.7312,0.2678,0.4762,0.4754,61,0.4754,61,0.4833,60,BKR,3,4,753,756
652,164,63,0.5873,0.6637,0.6679,0.238,0.5873,0.5932,59,0.5965,57,0.6667,42,BKR,3,5,816,819
703,176,63,0.5873,0.7582,0.6942,0.2486,0.6349,0.8889,18,0.875,16,1.0,3,BKR,3,6,879,882
753,189,63,0.6984,0.5128,0.6699,0.2369,0.6825,0.7222,54,0.7222,54,0.6,5,BKR,3,7,942,945
804,201,63,0.4286,0.5091,0.7691,0.2882,0.5079,0.4583,48,0.4583,48,0.4762,42,BKR,3,8,1005,1008
400,101,63,0.5079,0.5529,0.6983,0.2526,0.619,0.7,20,1.0,3,1.0,1,CVX,3,0,501,504
451,113,63,0.5873,0.619,0.6697,0.2383,0.5079,0.5517,58,0.6667,12,0.6667,12,CVX,3,1,564,567
501,126,63,0.4921,0.4904,2.1708,0.3357,0.4921,0.4921,63,0.4902,51,0.4902,51,CVX,3,2,627,630
552,138,63,0.619,0.6411,1.1237,0.2517,0.5079,0.6053,38,0.75,8,0.75,8,CVX,3,3,690,693
602,151,63,0.5238,0.5184,0.9876,0.2862,0.5556,0.5862,29,0.5862,29,0.5862,29,CVX,3,4,753,756
652,164,63,0.4762,0.5988,0.7129,0.2597,0.619,0.6875,16,0.6154,13,0.6154,13,CVX,3,5,816,819
703,176,63,0.6508,0.7237,0.6298,0.2232,0.5238,0.8667,15,0.8571,14,0.8182,11,CVX,3,6,879,882
753,189,63,0.4603,0.4424,1.2765,0.3061,0.6825,0.6364,33,0.6364,33,0.625,32,CVX,3,7,942,945
804,201,63,0.2857,0.2812,0.7628,0.2837,0.5873,0.3333,24,0.3182,22,0.3182,22,CVX,3,8,1005,1008
400,101,63,0.4603,0.4733,0.798,0.3027,0.619,0.5806,31,0.5,16,0.5333,15,COP,3,0,501,504
451,113,63,0.3968,0.5226,1.742,0.3322,0.3968,0.3968,63,0.3968,63,0.4583,24,COP,3,1,564,567
501,126,63,0.5556,0.606,0.6864,0.2467,0.4603,0.5128,39,,0,,0,COP,3,2,627,630
552,138,63,0.4603,0.4724,2.1521,0.3275,0.4444,0.4286,42,0.4286,42,0.3889,18,COP,3,3,690,693
602,151,63,0.6032,0.5926,0.6497,0.2328,0.5714,0.6078,51,0.6078,51,0.6078,51,COP,3,4,753,756
652,164,63,0.5397,0.6105,0.8898,0.2459,0.5397,0.619,21,0.6842,19,0.6842,19,COP,3,5,816,819
703,176,63,0.5397,0.6245,0.6693,0.2395,0.4921,0.5185,54,0.5854,41,0.5854,41,COP,3,6,879,882
753,189,63,0.5873,0.5794,0.6739,0.2413,0.6667,0.75,32,1.0,3,1.0,3,COP,3,7,942,945
804,201,63,0.5079,0.5,0.7168,0.2615,0.4921,,0,,0,,0,COP,3,8,1005,1008
400,101,63,0.3492,0.6169,7.547,0.6406,0.7937,0.9091,11,,0,,0,DVN,3,0,501,504
451,113,63,0.4286,0.5103,0.8088,0.3048,0.4286,0.4286,63,0.4286,63,0.4286,63,DVN,3,1,564,567
501,126,63,0.4444,0.6934,0.7536,0.2793,0.4444,0.4444,63,0.4444,63,0.4444,63,DVN,3,2,627,630
552,138,63,0.6032,0.3343,0.7218,0.2615,0.3492,0.0,3,,0,,0,DVN,3,3,690,693
602,151,63,0.4286,0.4716,1.2055,0.2894,0.6032,0.5833,12,0.5833,12,0.5833,12,DVN,3,4,753,756
652,164,63,0.4921,0.5592,1.8534,0.2922,0.5556,1.0,3,1.0,3,,0,DVN,3,5,816,819
703,176,63,0.619,0.5999,0.6856,0.246,0.5397,0.6667,30,0.6667,30,0.7692,13,DVN,3,6,879,882
753,189,63,0.3968,0.445,0.7078,0.2568,0.6667,0.6111,18,0.6111,18,0.0,2,DVN,3,7,942,945
804,201,63,0.619,0.5705,0.6605,0.2344,0.5714,0.6111,54,0.6087,23,1.0,4,DVN,3,8,1005,1008
400,101,63,0.5397,0.5392,0.718,0.262,0.746,0.725,40,0.7778,27,,0,FANG,3,0,501,504
451,113,63,0.4762,0.5879,0.7204,0.2634,0.4762,0.4762,63,0.4762,63,0.5283,53,FANG,3,1,564,567
501,126,63,0.4921,0.4892,4.1263,0.3598,0.4286,0.2727,11,0.2727,11,0.4286,7,FANG,3,2,627,630
552,138,63,0.4286,0.4949,0.7461,0.276,0.4286,0.4262,61,0.4262,61,0.4262,61,FANG,3,3,690,693
602,151,63,0.5714,0.5179,0.683,0.2449,0.5556,0.5645,62,0.5645,62,,0,FANG,3,4,753,756
652,164,63,0.4762,0.5423,0.6984,0.2527,0.4921,0.4839,62,0.5116,43,1.0,2,FANG,3,5,816,819
703,176,63,0.6508,0.686,0.6811,0.2424,0.4921,0.6098,41,0.625,40,1.0,5,FANG,3,6,879,882
753,189,63,0.4286,0.7035,0.7604,0.2827,0.619,0.8,5,0.8,5,1.0,3,FANG,3,7,942,945
804,201,63,0.4603,0.3564,2.2586,0.3495,0.6508,0.5778,45,,0,,0,FANG,3,8,1005,1008
400,101,63,0.4921,0.6688,0.7471,0.2764,0.7302,0.8889,18,0.8889,18,0.75,4,EOG,3,0,501,504
451,113,63,0.5238,0.4853,0.7114,0.2569,0.4603,0.0,1,0.0,1,0.0,1,EOG,3,1,564,567
501,126,63,0.4603,0.5943,0.7308,0.2674,0.4603,0.4444,45,0.5455,33,0.5455,33,EOG,3,2,627,630
552,138,63,0.6667,0.6522,1.5504,0.2525,0.4921,0.6786,28,0.6786,28,0.7143,7,EOG,3,3,690,693
602,151,63,0.5238,0.5685,1.7005,0.3026,0.5079,0.55,20,0.55,20,0.55,20,EOG,3,4,753,756
652,164,63,0.619,0.6515,0.6926,0.2472,0.4762,0.56,50,0.5714,42,0.5714,42,EOG,3,5,816,819
703,176,63,0.4603,0.373,1.2998,0.3271,0.4444,0.4516,62,0.4364,55,0.4364,55,EOG,3,6,879,882
753,189,63,0.5873,0.4974,0.9164,0.254,0.5873,0.5873,63,0.5833,12,0.5833,12,EOG,3,7,942,945
804,201,63,0.5556,0.638,6.7434,0.4688,0.6508,1.0,13,1.0,9,1.0,1,EOG,3,8,1005,1008
400,101,63,0.619,0.5556,0.6867,0.2458,0.5714,0.6,60,0.6,60,0.6,60,EQT,3,0,501,504
451,113,63,0.5397,0.6121,0.6662,0.2391,0.3968,0.4565,46,0.5714,7,0.5714,7,EQT,3,1,564,567
501,126,63,0.5714,0.5748,0.6915,0.2513,0.6667,0.6829,41,0.8235,17,0.8235,17,EQT,3,2,627,630
552,138,63,0.4127,0.5021,1.7088,0.3248,0.619,0.5294,34,0.8182,11,1.0,1,EQT,3,3,690,693
602,151,63,0.5397,0.5426,2.1777,0.3136,0.5873,0.5952,42,0.6111,36,,0,EQT,3,4,753,756
652,164,63,0.4762,0.502,0.7776,0.287,0.4762,0.4651,43,0.5,38,0.4865,37,EQT,3,5,816,819
703,176,63,0.5714,0.5357,0.6827,0.2448,0.5556,0.5645,62,0.5738,61,,0,EQT,3,6,879,882
753,189,63,0.5556,0.5128,0.6855,0.2484,0.4444,0.5,8,0.5,8,0.5,8,EQT,3,7,942,945
804,201,63,0.5238,0.5213,4.6759,0.4054,0.5873,0.6207,29,,0,,0,EQT,3,8,1005,1008
400,101,63,0.3333,0.5531,0.7067,0.262,0.7302,0.8333,6,0.8333,6,0.8333,6,XOM,3,0,501,504
451,113,63,0.5397,0.5879,0.6643,0.2414,0.5238,0.5714,28,0.6087,23,0.6087,23,XOM,3,1,564,567
501,126,63,0.5556,0.557,1.1942,0.2809,0.4921,0.5385,39,0.5526,38,0.5526,38,XOM,3,2,627,630
552,138,63,0.4921,0.5617,0.6952,0.2511,0.4286,0.4528,53,,0,,0,XOM,3,3,690,693
602,151,63,0.3651,0.4402,0.7044,0.2556,0.619,0.4615,13,,0,,0,XOM,3,4,753,756
652,164,63,0.4921,0.4788,0.7042,0.2555,0.4921,0.4921,63,0.4762,42,,0,XOM,3,5,816,819
703,176,63,0.6667,0.7,0.8929,0.2424,0.6032,0.6667,51,,0,,0,XOM,3,6,879,882
753,189,63,0.2698,0.4907,7.2293,0.5733,0.746,1.0,1,1.0,1,1.0,1,XOM,3,7,942,945
804,201,63,0.5714,0.5,0.6839,0.2454,0.5714,0.5714,63,0.5714,63,,0,XOM,3,8,1005,1008
400,101,63,0.6984,0.6628,0.6641,0.2355,0.5556,0.66,50,,0,,0,HAL,3,0,501,504
451,113,63,0.5397,0.5338,0.6917,0.2493,0.5079,0.5294,51,0.5294,51,,0,HAL,3,1,564,567
501,126,63,0.4444,0.65,0.6752,0.2428,0.4444,0.4444,63,0.7333,15,0.7333,15,HAL,3,2,627,630
552,138,63,0.5873,0.5847,0.6751,0.2411,0.4603,0.5405,37,0.5405,37,,0,HAL,3,3,690,693
602,151,63,0.5079,0.5887,0.7445,0.2721,0.5079,0.5079,63,0.5556,54,0.5686,51,HAL,3,4,753,756
652,164,63,0.5238,0.4959,0.6903,0.2486,0.4603,0.4762,21,0.6667,6,0.6667,6,HAL,3,5,816,819
703,176,63,0.4286,0.6741,0.7281,0.2665,0.619,0.8,5,0.8,5,,0,HAL,3,6,879,882
753,189,63,0.3492,0.4762,6.4619,0.5302,0.6508,0.5,12,,0,,0,HAL,3,7,942,945
804,201,63,0.6032,0.5322,0.6743,0.2421,0.5873,0.5968,62,1.0,1,,0,HAL,3,8,1005,1008
400,101,63,0.4127,0.463,0.7669,0.2839,0.5714,0.4,5,0.4,5,0.3333,3,KMI,3,0,501,504
451,113,63,0.5556,0.4859,0.9743,0.2804,0.6349,0.65,40,0.6176,34,,0,KMI,3,1,564,567
501,126,63,0.5714,0.6389,0.6558,0.2317,0.5714,0.5714,63,0.7097,31,0.7097,31,KMI,3,2,627,630
552,138,63,0.5873,0.4863,0.6778,0.2424,0.6032,0.6034,58,0.6038,53,0.5556,9,KMI,3,3,690,693
602,151,63,0.619,0.5889,0.6774,0.2411,0.6032,0.6129,62,0.6271,59,0.6271,59,KMI,3,4,753,756
652,164,63,0.5079,0.6114,0.7834,0.2791,0.5079,0.5079,63,0.617,47,0.617,47,KMI,3,5,816,819
703,176,63,0.4762,0.5041,0.7923,0.2856,0.4286,0.4318,44,0.4286,35,0.3333,9,KMI,3,6,879,882
753,189,63,0.3651,0.5234,1.9391,0.3311,0.6349,0.5,2,0.5,2,0.5,2,KMI,3,7,942,945
804,201,63,0.4286,0.3806,0.7529,0.2786,0.5556,0.4667,15,0.5385,13,0.6667,3,KMI,3,8,1005,1008
400,101,63,0.5079,0.5079,4.4819,0.4076,0.6032,0.6207,29,0.6429,28,,0,MPC,3,0,501,504
451,113,63,0.5397,0.5908,0.6746,0.241,0.5397,0.5397,63,0.6842,19,0.6842,19,MPC,3,1,564,567
501,126,63,0.4603,0.4412,1.5076,0.3701,0.4603,0.4603,63,0.4762,42,0.4615,39,MPC,3,2,627,630
552,138,63,0.6032,0.5426,0.9187,0.2551,0.5873,0.6364,44,0.6364,44,,0,MPC,3,3,690,693
602,151,63,0.5556,0.394,0.7047,0.255,0.5397,0.5517,58,0.3636,11,,0,MPC,3,4,753,756
652,164,63,0.5238,0.5262,0.7256,0.2652,0.5079,0.5455,22,,0,,0,MPC,3,5,816,819
703,176,63,0.6349,0.5,1.1848,0.2751,0.6667,0.661,59,1.0,1,1.0,1,MPC,3,6,879,882
753,189,63,0.5397,0.4622,1.1811,0.2756,0.5079,0.5254,59,0.4444,27,0.4444,27,MPC,3,7,942,945
804,201,63,0.4762,0.5255,0.7142,0.2604,0.5873,0.6429,14,0.6429,14,0.6429,14,MPC,3,8,1005,1008
400,101,63,0.3651,0.5852,6.6991,0.5389,0.7143,0.8571,7,0.8571,7,0.8571,7,OXY,3,0,501,504
451,113,63,0.381,0.5737,0.7437,0.275,0.381,0.381,63,0.381,63,0.6,10,OXY,3,1,564,567
501,126,63,0.4444,0.5918,6.7362,0.4714,0.4444,0.4444,63,0.4444,63,0.4906,53,OXY,3,2,627,630
552,138,63,0.6032,0.5908,0.6761,0.2414,0.4603,0.6111,18,0.6111,18,0.6111,18,OXY,3,3,690,693
602,151,63,0.619,0.6121,1.9096,0.2858,0.5238,0.6047,43,0.5625,16,0.5625,16,OXY,3,4,753,756
652,164,63,0.3968,0.4085,0.7243,0.2662,0.5873,0.4815,27,0.4737,19,1.0,2,OXY,3,5,816,819
703,176,63,0.4603,0.4758,0.7254,0.265,0.5238,0.4615,13,0.4167,12,0.4545,11,OXY,3,6,879,882
753,189,63,0.619,0.5,0.6785,0.2427,0.619,0.619,63,,0,,0,OXY,3,7,942,945
804,201,63,0.6032,0.5546,0.6793,0.2429,0.5873,0.6034,58,0.6034,58,1.0,2,OXY,3,8,1005,1008
400,101,63,0.4921,0.6463,0.8145,0.3042,0.6667,0.75,20,0.9231,13,1.0,6,OKE,3,0,501,504
451,113,63,0.5556,0.5765,0.6967,0.2509,0.5556,0.5556,63,0.5556,63,0.625,32,OKE,3,1,564,567
501,126,63,0.4921,0.5579,0.6825,0.2452,0.6032,0.7143,14,0.7143,14,0.7143,14,OKE,3,2,627,630
552,138,63,0.4127,0.5082,2.8845,0.3678,0.4286,0.4038,52,0.45,40,0.45,40,OKE,3,3,690,693
602,151,63,0.5556,0.5612,0.7133,0.2569,0.5556,0.5556,63,0.5556,63,0.5625,16,OKE,3,4,753,756
652,164,63,0.4603,0.5725,0.9364,0.264,0.4286,0.4407,59,0.4407,59,0.625,8,OKE,3,5,816,819
703,176,63,0.6667,0.5578,0.6759,0.2284,0.3333,,0,,0,,0,OKE,3,6,879,882
753,189,63,0.3175,0.5942,0.7728,0.2894,0.6825,,0,,0,,0,OKE,3,7,942,945
804,201,63,0.4286,0.6343,0.719,0.2627,0.5714,,0,,0,,0,OKE,3,8,1005,1008
400,101,63,0.4921,0.376,0.7722,0.2865,0.4921,0.4921,63,0.4464,56,0.4464,56,PSX,3,0,501,504
451,113,63,0.4762,0.5889,0.7765,0.2864,0.4762,0.4762,63,0.52,50,0.5227,44,PSX,3,1,564,567
501,126,63,0.5873,0.5616,0.7194,0.2582,0.4762,0.5417,48,0.5,30,0.5,30,PSX,3,2,627,630
552,138,63,0.2222,0.3895,0.8693,0.3334,0.6667,0.1111,9,0.1111,9,0.1111,9,PSX,3,3,690,693
602,151,63,0.5397,0.4847,1.1565,0.2677,0.5556,0.5484,62,0.5588,34,0.5,24,PSX,3,4,753,756
652,164,63,0.4921,0.4884,0.699,0.2529,0.4921,0.4921,63,0.4444,9,0.5,4,PSX,3,5,816,819
703,176,63,0.5556,0.5536,0.6829,0.245,0.5556,0.5574,61,0.75,8,1.0,2,PSX,3,6,879,882
753,189,63,0.5079,0.569,0.6915,0.249,0.6349,0.8,15,0.8,15,1.0,3,PSX,3,7,942,945
804,201,63,0.6032,0.6171,2.5164,0.301,0.5397,0.6667,27,0.6667,27,0.75,20,PSX,3,8,1005,1008
400,101,63,0.5238,0.5015,0.7238,0.2645,0.5079,0.5417,24,0.5417,24,0.5417,24,SLB,3,0,501,504
451,113,63,0.5873,0.5468,0.6807,0.2438,0.4127,0.5,20,0.4444,18,,0,SLB,3,1,564,567
501,126,63,0.5238,0.6308,0.6913,0.2485,0.4603,0.4444,9,0.4444,9,0.4444,9,SLB,3,2,627,630
552,138,63,0.4444,0.5192,0.7515,0.2783,0.5238,0.0,2,0.0,2,0.0,2,SLB,3,3,690,693
602,151,63,0.4921,0.549,0.9388,0.2631,0.5238,0.6,5,0.6,5,,0,SLB,3,4,753,756
652,164,63,0.6825,0.6866,1.3565,0.2579,0.4603,0.6552,29,0.6552,29,0.5,6,SLB,3,5,816,819
703,176,63,0.6508,0.6312,0.6502,0.2288,0.5714,0.6296,54,0.6667,27,0.6667,27,SLB,3,6,879,882
753,189,63,0.381,0.5668,0.7712,0.2882,0.6349,1.0,1,,0,,0,SLB,3,7,942,945
804,201,63,0.5079,0.6055,4.8315,0.3805,0.5714,0.6923,13,1.0,9,1.0,9,SLB,3,8,1005,1008
400,101,63,0.2381,0.6146,1.9073,0.319,0.7619,,0,,0,,0,TRGP,3,0,501,504
451,113,63,0.746,0.6436,0.5825,0.1964,0.746,0.746,63,0.7419,62,0.7419,62,TRGP,3,1,564,567
501,126,63,0.7143,0.7366,1.4976,0.2212,0.7302,0.8043,46,0.8043,46,0.85,40,TRGP,3,2,627,630
552,138,63,0.5238,0.401,1.9686,0.3368,0.5238,0.5238,63,0.5161,62,0.5161,62,TRGP,3,3,690,693
602,151,63,0.4603,0.5101,0.7551,0.2798,0.4762,0.4667,60,0.4667,60,0.4667,60,TRGP,3,4,753,756
652,164,63,0.5397,0.6141,1.3293,0.25,0.5397,0.5397,63,0.8,15,0.8,15,TRGP,3,5,816,819
703,176,63,0.5238,0.5045,1.3876,0.2744,0.4921,0.5455,11,0.5455,11,0.5,6,TRGP,3,6,879,882
753,189,63,0.2698,0.3726,0.7282,0.2675,0.6984,0.4167,12,0.4167,12,,0,TRGP,3,7,942,945
804,201,63,0.5873,0.5,0.6856,0.2462,0.5873,0.5873,63,,0,,0,TRGP,3,8,1005,1008
400,101,63,0.619,0.6522,1.4239,0.2893,0.619,0.619,63,0.619,63,0.619,63,TPL,3,0,501,504
451,113,63,0.4762,0.5259,0.8966,0.3287,0.5397,0.6,5,0.5,4,0.5,4,TPL,3,1,564,567
501,126,63,0.6984,0.5,0.6835,0.2452,0.6984,0.6984,63,,0,,0,TPL,3,2,627,630
552,138,63,0.5873,0.4652,0.6822,0.2445,0.5873,0.5873,63,0.5873,63,0.569,58,TPL,3,3,690,693
602,151,63,0.5079,0.5685,0.6986,0.2534,0.5079,0.5079,63,0.5079,63,0.5079,63,TPL,3,4,753,756
652,164,63,0.3175,0.6192,1.4825,0.3214,0.3175,0.3175,63,0.3175,63,0.4375,32,TPL,3,5,816,819
703,176,63,0.4762,0.5449,1.4446,0.299,0.5556,0.6667,6,0.8,5,,0,TPL,3,6,879,882
753,189,63,0.4444,0.4113,1.2419,0.3036,0.5079,0.4211,19,0.4211,19,0.4211,19,TPL,3,7,942,945
804,201,63,0.5556,0.6601,0.7232,0.2636,0.5873,0.8462,13,0.8462,13,,0,TPL,3,8,1005,1008
400,101,63,0.4444,0.5417,8.3967,0.5419,0.5714,1.0,1,,0,,0,VLO,3,0,501,504
451,113,63,0.5238,0.5,0.6925,0.2497,0.5238,0.5238,63,,0,,0,VLO,3,1,564,567
501,126,63,0.4127,0.5561,0.7285,0.2674,0.4127,0.4127,63,0.4792,48,0.4074,27,VLO,3,2,627,630
552,138,63,0.4921,0.432,0.7046,0.2557,0.5079,,0,,0,,0,VLO,3,3,690,693
602,151,63,0.6508,0.752,0.6165,0.2126,0.4921,0.5918,49,0.7,30,0.7,30,VLO,3,4,753,756
652,164,63,0.4921,0.5479,0.6968,0.2531,0.5079,0.5,14,0.5,14,1.0,4,VLO,3,5,816,819
703,176,63,0.6349,0.7147,0.7736,0.2833,0.6984,0.8621,29,,0,,0,VLO,3,6,879,882
753,189,63,0.4444,0.4059,1.5477,0.3375,0.5873,0.5455,22,0.5455,22,,0,VLO,3,7,942,945
804,201,63,0.5873,0.4689,0.6873,0.2468,0.6032,0.6034,58,0.6034,58,,0,VLO,3,8,1005,1008
400,101,63,0.5873,0.5811,0.6621,0.2358,0.5873,0.5902,61,0.7778,9,0.7778,9,AES,3,0,501,504
451,113,63,0.4921,0.441,0.7035,0.2551,0.4921,0.4921,63,0.4762,21,,0,AES,3,1,564,567
501,126,63,0.5079,0.5512,0.708,0.2572,0.4603,0.4833,60,0.4889,45,0.4889,45,AES,3,2,627,630
552,138,63,0.3333,0.5238,1.0847,0.418,0.3333,0.3333,63,0.3333,63,0.3333,63,AES,3,3,690,693
602,151,63,0.4444,0.5,0.6941,0.2505,0.5556,,0,,0,,0,AES,3,4,753,756
652,164,63,0.4127,0.6367,0.713,0.2591,0.5873,,0,,0,,0,AES,3,5,816,819
703,176,63,0.4444,0.4772,0.9111,0.3247,0.5397,0.4615,13,0.4615,13,,0,AES,3,6,879,882
753,189,63,0.5238,0.5612,1.1704,0.2704,0.5714,0.6071,28,0.6923,13,0.6923,13,AES,3,7,942,945
804,201,63,0.4444,0.5306,0.7163,0.2608,0.4444,0.4444,63,0.5,20,0.5,10,AES,3,8,1005,1008
400,101,63,0.619,0.5745,0.6685,0.2378,0.5556,0.617,47,0.617,47,0.617,47,LNT,3,0,501,504
451,113,63,0.5556,0.6065,0.7335,0.2666,0.5714,0.6667,24,0.6667,24,,0,LNT,3,1,564,567
501,126,63,0.5397,0.5416,1.6343,0.2881,0.5873,0.625,32,0.625,32,,0,LNT,3,2,627,630
552,138,63,0.5079,0.6065,1.2488,0.307,0.4286,0.4655,58,0.4773,44,0.4773,44,LNT,3,3,690,693
602,151,63,0.6349,0.5745,0.6622,0.2348,0.6349,0.6349,63,0.7241,29,0.6429,14,LNT,3,4,753,756
652,164,63,0.5079,0.4343,0.7352,0.27,0.619,0.58,50,,0,,0,LNT,3,5,816,819
703,176,63,0.4762,0.4817,0.72,0.2632,0.4603,0.4444,36,0.4444,36,0.4444,36,LNT,3,6,879,882
753,189,63,0.5714,0.5185,0.6888,0.2478,0.5714,0.5714,63,,0,,0,LNT,3,7,942,945
804,201,63,0.4603,0.4511,0.6968,0.252,0.5714,0.5263,38,0.5263,38,0.52,25,LNT,3,8,1005,1008
400,101,63,0.5079,0.4827,1.6385,0.2902,0.5556,0.5417,48,0.5455,11,0.5455,11,AEE,3,0,501,504
451,113,63,0.6032,0.4916,0.6891,0.248,0.6032,0.6032,63,0.5882,17,,0,AEE,3,1,564,567
501,126,63,0.6349,0.525,0.6697,0.2383,0.6349,0.6349,63,0.6349,63,,0,AEE,3,2,627,630
552,138,63,0.5556,0.5714,0.6917,0.2492,0.5556,0.5556,63,0.5556,63,0.5556,63,AEE,3,3,690,693
602,151,63,0.619,0.5513,0.7607,0.2667,0.619,0.619,63,0.6471,51,0.625,32,AEE,3,4,753,756
652,164,63,0.4762,0.5,0.6942,0.2505,0.4762,0.4762,63,,0,,0,AEE,3,5,816,819
703,176,63,0.4921,0.5096,0.6943,0.2506,0.4921,0.4894,47,,0,,0,AEE,3,6,879,882
753,189,63,0.5238,0.5389,0.9289,0.2602,0.6032,0.6176,34,0.6667,30,0.6667,30,AEE,3,7,942,945
804,201,63,0.5714,0.5085,1.3311,0.2544,0.619,0.625,48,0.5625,16,0.5625,16,AEE,3,8,1005,1008
400,101,63,0.5556,0.4786,0.6898,0.2483,0.5556,0.5556,63,0.5238,21,,0,AEP,3,0,501,504
451,113,63,0.5873,0.5754,0.6561,0.2347,0.5873,0.5902,61,0.6087,46,0.8571,7,AEP,3,1,564,567
501,126,63,0.6667,0.7071,0.6353,0.2216,0.5238,0.62,50,0.6458,48,1.0,3,AEP,3,2,627,630
552,138,63,0.4921,0.4259,2.8313,0.3468,0.4921,0.4921,63,0.4821,56,0.4821,56,AEP,3,3,690,693
602,151,63,0.5556,0.5072,0.6863,0.2467,0.5714,0.5645,62,0.569,58,1.0,1,AEP,3,4,753,756
652,164,63,0.5556,0.5,0.6921,0.2495,0.5556,0.5556,63,,0,,0,AEP,3,5,816,819
703,176,63,0.4762,0.5,0.697,0.2519,0.4762,0.4762,63,,0,,0,AEP,3,6,879,882
753,189,63,0.5714,0.4954,0.6958,0.2512,0.5714,0.5714,63,0.5,2,0.5,2,AEP,3,7,942,945
804,201,63,0.5714,0.5521,1.6251,0.2826,0.6032,0.5965,57,0.8333,6,,0,AEP,3,8,1005,1008
400,101,63,0.3968,0.4883,0.7697,0.2873,0.5556,0.4118,17,0.4375,16,,0,AWK,3,0,501,504
451,113,63,0.4286,0.5267,0.7569,0.2804,0.5714,,0,,0,,0,AWK,3,1,564,567
501,126,63,0.4921,0.5372,0.711,0.2556,0.4444,0.4655,58,0.4655,58,,0,AWK,3,2,627,630
552,138,63,0.3968,0.5802,0.7585,0.2849,0.3175,0.2857,42,0.3077,39,0.3077,39,AWK,3,3,690,693
602,151,63,0.3651,0.5663,0.7702,0.2878,0.6349,0.5,2,1.0,1,1.0,1,AWK,3,4,753,756
652,164,63,0.4762,0.4667,0.6827,0.2478,0.5238,,0,,0,,0,AWK,3,5,816,819
703,176,63,0.6032,0.5058,0.9201,0.2559,0.3968,,0,,0,,0,AWK,3,6,879,882
753,189,63,0.4603,0.5891,0.6865,0.2475,0.3651,0.3922,51,0.0,4,0.0,4,AWK,3,7,942,945
804,201,63,0.4286,0.4152,4.7032,0.4153,0.4762,0.4,30,0.3704,27,0.3704,27,AWK,3,8,1005,1008
400,101,63,0.5556,0.6011,4.6623,0.4,0.6032,0.7083,24,1.0,1,,0,ATO,3,0,501,504
451,113,63,0.4444,0.5597,0.7024,0.2546,0.5714,0.5455,11,0.5455,11,0.5455,11,ATO,3,1,564,567
501,126,63,0.6349,0.7011,0.6605,0.2337,0.6349,0.6349,63,,0,,0,ATO,3,2,627,630
552,138,63,0.5714,0.4769,0.7006,0.2535,0.5714,0.5714,63,0.5593,59,0.5,52,ATO,3,3,690,693
602,151,63,0.7143,0.4889,0.6284,0.218,0.7143,0.7143,63,0.7143,63,0.6667,6,ATO,3,4,753,756
652,164,63,0.5397,0.567,0.6807,0.2469,0.5079,0.5254,59,0.5385,52,0.5294,51,ATO,3,5,816,819
703,176,63,0.4921,0.5025,0.8279,0.3046,0.5238,0.5091,55,0.5091,55,0.5185,54,ATO,3,6,879,882
753,189,63,0.5714,0.5439,0.6626,0.2391,0.5238,0.55,60,0.52,25,0.5,24,ATO,3,7,942,945
804,201,63,0.5397,0.4742,1.0051,0.2876,0.6032,0.6047,43,0.6047,43,0.6071,28,ATO,3,8,1005,1008
400,101,63,0.4286,0.4844,0.6988,0.2527,0.5873,0.5714,7,0.5714,7,0.5714,7,CNP,3,0,501,504
451,113,63,0.4444,0.5081,2.59,0.3315,0.4921,0.4615,52,0.5312,32,0.5484,31,CNP,3,1,564,567
501,126,63,0.6032,0.7084,0.6222,0.2155,0.6032,0.6032,63,0.6923,52,0.7333,45,CNP,3,2,627,630
552,138,63,0.5556,0.5756,0.6864,0.2466,0.5397,0.75,12,0.7273,11,0.7,10,CNP,3,3,690,693
602,151,63,0.2698,0.5774,0.8541,0.3278,0.7302,,0,,0,,0,CNP,3,4,753,756
652,164,63,0.5079,0.5,0.7035,0.2551,0.5079,0.5079,63,0.5079,63,,0,CNP,3,5,816,819
703,176,63,0.5079,0.505,0.7023,0.2544,0.5079,0.5079,63,0.4286,7,0.4286,7,CNP,3,6,879,882
753,189,63,0.5556,0.5357,0.6878,0.2473,0.5556,0.5556,63,,0,,0,CNP,3,7,942,945
804,201,63,0.6349,0.4783,0.6763,0.2416,0.6349,0.6349,63,0.0,1,,0,CNP,3,8,1005,1008
400,101,63,0.3492,0.4937,0.7442,0.275,0.6032,0.2,5,0.2,5,0.2,5,CMS,3,0,501,504
451,113,63,0.4921,0.5066,0.7315,0.2681,0.4921,0.4783,23,0.6667,3,,0,CMS,3,1,564,567
501,126,63,0.6508,0.5,0.6775,0.2422,0.6508,0.6508,63,,0,,0,CMS,3,2,627,630
552,138,63,0.4762,0.4601,0.767,0.2851,0.4762,0.4762,63,0.4576,59,0.4655,58,CMS,3,3,690,693
602,151,63,0.619,0.5662,0.6623,0.2348,0.619,0.619,63,0.619,63,0.7037,27,CMS,3,4,753,756
652,164,63,0.5238,0.503,0.6829,0.2475,0.4921,0.5088,57,0.0,2,0.0,1,CMS,3,5,816,819
703,176,63,0.5238,0.5,0.6921,0.2495,0.5238,0.5238,63,,0,,0,CMS,3,6,879,882
753,189,63,0.4762,0.5096,0.7097,0.258,0.5238,0.5,60,0.6471,17,0.6471,17,CMS,3,7,942,945
804,201,63,0.3492,0.2758,0.7383,0.2719,0.5238,0.4,40,0.25,16,0.2667,15,CMS,3,8,1005,1008
400,101,63,0.5079,0.5114,0.6988,0.2528,0.5873,0.5517,58,0.6471,34,,0,ED,3,0,501,504
451,113,63,0.4921,0.5983,0.6879,0.2474,0.4921,0.4921,63,0.5714,35,,0,ED,3,1,564,567
501,126,63,0.4603,0.4939,0.9682,0.3632,0.5397,,0,,0,,0,ED,3,2,627,630
552,138,63,0.4762,0.6939,0.6517,0.2329,0.4127,0.4407,59,0.5484,31,0.875,8,ED,3,3,690,693
602,151,63,0.4921,0.5384,0.7439,0.2701,0.6032,0.65,20,0.8,5,0.8,5,ED,3,4,753,756
652,164,63,0.4762,0.393,0.7295,0.2678,0.4286,0.4423,52,0.4,45,0.0,9,ED,3,5,816,819
703,176,63,0.381,0.5016,0.7644,0.2717,0.4127,0.386,57,,0,,0,ED,3,6,879,882
753,189,63,0.4286,0.5165,1.1602,0.271,0.5714,,0,,0,,0,ED,3,7,942,945
804,201,63,0.4603,0.4531,0.7189,0.2611,0.4921,0.0,3,0.0,3,0.0,2,ED,3,8,1005,1008
400,101,63,0.4603,0.5998,0.7295,0.2679,0.5873,1.0,3,1.0,3,1.0,3,DTE,3,0,501,504
451,113,63,0.5238,0.5707,1.1489,0.2618,0.5238,0.5238,63,0.6667,18,0.6667,18,DTE,3,1,564,567
501,126,63,0.5873,0.5748,0.8752,0.2388,0.5873,0.5873,63,0.6154,26,0.6154,26,DTE,3,2,627,630
552,138,63,0.4762,0.4859,1.268,0.3064,0.4762,0.4762,63,0.4902,51,0.4762,42,DTE,3,3,690,693
602,151,63,0.7302,0.5942,0.645,0.2276,0.6508,0.7069,58,0.6667,15,0.6667,15,DTE,3,4,753,756
652,164,63,0.5397,0.5232,1.8712,0.2977,0.5238,0.5435,46,,0,,0,DTE,3,5,816,819
703,176,63,0.5238,0.5167,0.7071,0.2567,0.4762,,0,,0,,0,DTE,3,6,879,882
753,189,63,0.5079,0.4853,1.0092,0.2918,0.4603,0.4444,18,0.4444,18,0.4375,16,DTE,3,7,942,945
804,201,63,0.3492,0.4804,0.6948,0.2508,0.6349,0.3333,3,,0,,0,DTE,3,8,1005,1008
400,101,63,0.5238,0.5201,0.9113,0.2864,0.5714,0.5517,58,0.7143,7,0.7143,7,DUK,3,0,501,504
451,113,63,0.6032,0.2868,2.3982,0.3407,0.6032,0.6066,61,0.3667,30,0.2692,26,DUK,3,1,564,567
501,126,63,0.5556,0.5629,0.7063,0.2561,0.4603,0.5122,41,0.5122,41,0.5122,41,DUK,3,2,627,630
552,138,63,0.5079,0.4879,0.7044,0.2555,0.5079,0.5079,63,0.5,48,,0,DUK,3,3,690,693
602,151,63,0.5079,0.5213,0.7088,0.2592,0.5397,0.5254,59,0.5556,18,0.6,15,DUK,3,4,753,756
652,164,63,0.4444,0.2959,0.7496,0.2777,0.5556,,0,,0,,0,DUK,3,5,816,819
703,176,63,0.4444,0.4546,0.719,0.2615,0.4444,0.4444,63,0.0,2,0.0,2,DUK,3,6,879,882
753,189,63,0.5238,0.4873,0.7034,0.2546,0.5397,0.5333,60,,0,,0,DUK,3,7,942,945
804,201,63,0.5397,0.5352,4.0006,0.3865,0.5556,0.5938,32,0.0,1,0.0,1,DUK,3,8,1005,1008
400,101,63,0.6032,0.5821,0.7064,0.2551,0.5873,0.6765,34,0.6452,31,,0,EIX,3,0,501,504
451,113,63,0.4444,0.4546,3.6683,0.393,0.5556,,0,,0,,0,EIX,3,1,564,567
501,126,63,0.619,0.4151,0.6783,0.2426,0.619,0.619,63,,0,,0,EIX,3,2,627,630
552,138,63,0.381,0.3515,3.4092,0.4086,0.381,0.381,63,0.3621,58,0.3621,58,EIX,3,3,690,693
602,151,63,0.6508,0.5,0.6706,0.2387,0.6508,0.6508,63,,0,,0,EIX,3,4,753,756
652,164,63,0.4921,0.4681,0.7955,0.2886,0.5714,0.5588,34,0.5588,34,0.5588,34,EIX,3,5,816,819
703,176,63,0.5714,0.5489,1.2215,0.2922,0.5079,0.5581,43,0.5476,42,0.5476,42,EIX,3,6,879,882
753,189,63,0.6508,0.5831,0.6379,0.2256,0.6508,0.6508,63,0.6508,63,0.6,10,EIX,3,7,942,945
804,201,63,0.5556,0.5484,0.6838,0.2454,0.4921,1.0,3,1.0,3,,0,EIX,3,8,1005,1008
400,101,63,0.4762,0.4905,1.6514,0.2927,0.6032,0.6471,17,0.6471,17,0.6875,16,ETR,3,0,501,504
451,113,63,0.5079,0.5055,0.9267,0.261,0.5079,0.5079,63,0.5,24,0.5,24,ETR,3,1,564,567
501,126,63,0.746,0.5,0.6797,0.2433,0.746,0.746,63,,0,,0,ETR,3,2,627,630
552,138,63,0.6508,0.4878,0.6489,0.2282,0.6508,0.6508,63,0.6508,63,0.6452,62,ETR,3,3,690,693
602,151,63,0.381,0.3825,6.642,0.5163,0.5873,0.4545,22,0.0,7,0.0,7,ETR,3,4,753,756
652,164,63,0.5556,0.5133,0.6969,0.2517,0.5556,0.5556,63,0.5556,63,0.5556,63,ETR,3,5,816,819
703,176,63,0.5556,0.4717,0.9476,0.2671,0.619,0.6,55,0.6,55,0.6222,45,ETR,3,6,879,882
753,189,63,0.5397,0.537,0.7222,0.2634,0.5397,0.5397,63,0.5397,63,0.5397,63,ETR,3,7,942,945
804,201,63,0.4444,0.42,0.9726,0.2767,0.5873,0.5263,38,0.5263,38,0.0,1,ETR,3,8,1005,1008
400,101,63,0.381,0.4108,3.4747,0.4235,0.619,,0,,0,,0,EVRG,3,0,501,504
451,113,63,0.4603,0.3976,1.0058,0.2886,0.5714,0.5185,54,0.5185,54,0.5405,37,EVRG,3,1,564,567
501,126,63,0.5397,0.4838,0.6961,0.2514,0.5397,0.5397,63,0.5397,63,,0,EVRG,3,2,627,630
552,138,63,0.3968,0.3287,1.7265,0.33,0.5714,0.4792,48,0.3929,28,0.3846,13,EVRG,3,3,690,693
602,151,63,0.6825,0.3919,0.6753,0.2409,0.6825,0.6825,63,0.6,35,0.6,5,EVRG,3,4,753,756
652,164,63,0.5079,0.4707,1.6624,0.299,0.5238,0.5185,54,0.5185,54,0.5094,53,EVRG,3,5,816,819
703,176,63,0.4921,0.5,0.7082,0.2574,0.4921,0.4921,63,0.4921,63,,0,EVRG,3,6,879,882
753,189,63,0.4921,0.4869,0.7241,0.2635,0.4921,0.4921,63,0.4921,63,0.4,5,EVRG,3,7,942,945
804,201,63,0.5873,0.3803,1.2316,0.2894,0.6508,0.6271,59,,0,,0,EVRG,3,8,1005,1008
400,101,63,0.5397,0.6337,1.191,0.2836,0.5714,0.6842,19,0.6842,19,,0,ES,3,0,501,504
451,113,63,0.5079,0.5051,2.6114,0.3411,0.5714,0.561,41,0.561,41,1.0,2,ES,3,1,564,567
501,126,63,0.4444,0.5051,0.7133,0.26,0.4444,0.4444,63,0.4565,46,,0,ES,3,2,627,630
552,138,63,0.5397,0.5131,0.7537,0.2707,0.5238,0.5333,60,0.5556,18,0.4444,9,ES,3,3,690,693
602,151,63,0.4921,0.5316,0.6646,0.2377,0.6032,0.625,24,0.6923,13,1.0,5,ES,3,4,753,756
652,164,63,0.3968,0.4279,0.7206,0.2636,0.619,0.5263,19,0.5263,19,,0,ES,3,5,816,819
703,176,63,0.5079,0.482,0.7462,0.2735,0.5714,0.551,49,0.5625,48,0.5625,16,ES,3,6,879,882
753,189,63,0.5714,0.3732,0.698,0.2519,0.6032,0.5902,61,0.5833,60,0.4545,22,ES,3,7,942,945
804,201,63,0.5238,0.501,0.6961,0.2529,0.5238,0.5238,63,0.5167,60,1.0,1,ES,3,8,1005,1008
400,101,63,0.619,0.5495,0.6773,0.242,0.6032,0.6296,54,,0,,0,EXC,3,0,501,504
451,113,63,0.5397,0.5746,0.6803,0.2465,0.5079,0.5405,37,0.5405,37,0.5517,29,EXC,3,1,564,567
501,126,63,0.619,0.6919,0.7062,0.2449,0.5714,0.8333,18,0.8333,18,0.8333,12,EXC,3,2,627,630
552,138,63,0.5079,0.4995,1.175,0.2739,0.619,0.6111,36,0.6111,36,0.6111,36,EXC,3,3,690,693
602,151,63,0.4127,0.4816,0.7423,0.2735,0.6032,0.6,5,0.6,5,1.0,1,EXC,3,4,753,756
652,164,63,0.5238,0.5,0.6989,0.2527,0.5238,0.5238,63,0.5323,62,0.0,1,EXC,3,5,816,819
703,176,63,0.5079,0.4929,0.9436,0.2658,0.5397,0.5246,61,0.5581,43,,0,EXC,3,6,879,882
753,189,63,0.4603,0.5408,0.7021,0.2553,0.4444,0.4516,62,0.4516,62,0.5714,7,EXC,3,7,942,945
804,201,63,0.4762,0.5697,1.3718,0.2708,0.5238,,0,,0,,0,EXC,3,8,1005,1008
400,101,63,0.4921,0.5958,0.7551,0.2762,0.5079,,0,,0,,0,ARE,3,0,501,504
451,113,63,0.5714,0.4939,1.1473,0.2623,0.4762,0.6364,11,0.6364,11,0.6364,11,ARE,3,1,564,567
501,126,63,0.5873,0.6133,0.9107,0.2512,0.4444,0.5357,28,0.5357,28,0.5882,17,ARE,3,2,627,630
552,138,63,0.4921,0.5042,1.0473,0.3081,0.3968,0.4,35,0.4333,30,0.4483,29,ARE,3,3,690,693
602,151,63,0.5873,0.593,0.6794,0.2431,0.3175,0.35,20,0.35,20,0.3529,17,ARE,3,4,753,756
652,164,63,0.5238,0.6734,0.7119,0.2592,0.5397,1.0,4,,0,,0,ARE,3,5,816,819
703,176,63,0.5079,0.4888,1.2929,0.3211,0.5556,0.625,16,0.625,16,0.625,16,ARE,3,6,879,882
753,189,63,0.619,0.4745,0.6764,0.2416,0.6508,0.6491,57,0.6364,55,,0,ARE,3,7,942,945
804,201,63,0.6032,0.5481,0.7144,0.2601,0.381,0.48,25,0.2727,11,0.3,10,ARE,3,8,1005,1008
400,101,63,0.4603,0.5046,0.7335,0.2698,0.4444,0.425,40,0.425,40,0.425,40,AMT,3,0,501,504
451,113,63,0.4762,0.4722,0.7689,0.286,0.619,0.6364,22,0.7143,7,,0,AMT,3,1,564,567
501,126,63,0.5556,0.4599,0.6921,0.2495,0.4286,0.0,1,,0,,0,AMT,3,2,627,630
552,138,63,0.3968,0.5184,0.9589,0.2743,0.3968,0.3968,63,0.375,8,0.375,8,AMT,3,3,690,693
602,151,63,0.3492,0.5,0.7135,0.2602,0.6508,,0,,0,,0,AMT,3,4,753,756
652,164,63,0.6032,0.6156,0.6805,0.2438,0.5397,0.6957,23,0.75,4,0.75,4,AMT,3,5,816,819
703,176,63,0.3492,0.5366,0.7531,0.2796,0.3492,0.3061,49,0.3261,46,,0,AMT,3,6,879,882
753,189,63,0.5556,0.562,0.6905,0.2487,0.4921,0.5556,27,0.5556,27,,0,AMT,3,7,942,945
804,201,63,0.4921,0.5,0.7068,0.2568,0.4286,0.4286,35,0.4286,35,,0,AMT,3,8,1005,1008
400,101,63,0.5714,0.5531,0.7027,0.2543,0.5556,0.6333,30,0.6,20,0.5789,19,AVB,3,0,501,504
451,113,63,0.6508,0.6005,0.6727,0.2398,0.6032,0.7105,38,0.6562,32,,0,AVB,3,1,564,567
501,126,63,0.5873,0.3914,0.6879,0.2476,0.5873,0.5873,63,1.0,1,1.0,1,AVB,3,2,627,630
552,138,63,0.4762,0.4199,0.9685,0.2782,0.4921,0.4783,46,0.4783,46,0.4889,45,AVB,3,3,690,693
602,151,63,0.4127,0.4979,0.7094,0.2578,0.5873,0.5,8,0.4286,7,0.4286,7,AVB,3,4,753,756
652,164,63,0.4921,0.5152,0.696,0.2514,0.4762,0.4839,62,,0,,0,AVB,3,5,816,819
703,176,63,0.5238,0.3879,0.7056,0.2562,0.5238,0.5238,63,0.3333,21,,0,AVB,3,6,879,882
753,189,63,0.5079,0.5,0.6954,0.2511,0.5079,0.5079,63,,0,,0,AVB,3,7,942,945
804,201,63,0.381,0.434,0.7551,0.2818,0.5873,0.4545,22,0.4545,22,0.7143,7,AVB,3,8,1005,1008
400,101,63,0.6508,0.7059,0.6154,0.2144,0.4603,0.5854,41,0.5854,41,1.0,3,BXP,3,0,501,504
451,113,63,0.381,0.4612,0.8317,0.3122,0.5079,0.3478,23,0.3478,23,0.3636,22,BXP,3,1,564,567
501,126,63,0.381,0.3592,0.8327,0.3153,0.6508,0.5385,26,0.5833,12,0.5833,12,BXP,3,2,627,630
552,138,63,0.5714,0.6818,0.6551,0.2308,0.4762,0.5333,45,0.8571,14,0.8571,14,BXP,3,3,690,693
602,151,63,0.5397,0.5994,1.8411,0.2847,0.4603,0.5,48,0.5417,24,0.5652,23,BXP,3,4,753,756
652,164,63,0.5556,0.5565,0.9041,0.2523,0.5079,0.5769,26,0.5455,22,0.5238,21,BXP,3,5,816,819
703,176,63,0.5397,0.4653,0.7086,0.2571,0.5556,0.5536,56,0.5208,48,0.5,8,BXP,3,6,879,882
753,189,63,0.5714,0.7429,0.6695,0.2378,0.3651,0.4565,46,0.4565,46,0.6316,19,BXP,3,7,942,945
804,201,63,0.4762,0.4572,0.8317,0.3081,0.5079,0.4878,41,0.4375,32,0.4375,32,BXP,3,8,1005,1008
400,101,63,0.4444,0.6429,2.0307,0.2833,0.5556,,0,,0,,0,CPT,3,0,501,504
451,113,63,0.3492,0.6016,7.0623,0.5179,0.6349,0.0,1,,0,,0,CPT,3,1,564,567
501,126,63,0.5079,0.5,0.6961,0.2515,0.5079,0.5079,63,,0,,0,CPT,3,2,627,630
552,138,63,0.5397,0.4214,0.826,0.2962,0.5397,0.5397,63,0.5227,44,0.5227,44,CPT,3,3,690,693
602,151,63,0.6032,0.5,0.6775,0.2422,0.6032,0.6032,63,,0,,0,CPT,3,4,753,756
652,164,63,0.4286,0.5078,0.742,0.2737,0.4127,0.4167,60,0.4,35,0.4194,31,CPT,3,5,816,819
703,176,63,0.5079,0.5,0.698,0.2524,0.5079,0.5079,63,0.5079,63,,0,CPT,3,6,879,882
753,189,63,0.5556,0.4107,2.0969,0.3066,0.5556,0.5556,63,0.4348,23,0.4211,19,CPT,3,7,942,945
804,201,63,0.5714,0.5,0.6923,0.2496,0.4286,,0,,0,,0,CPT,3,8,1005,1008
400,101,63,0.4762,0.7894,0.6345,0.223,0.5238,,0,,0,,0,CBRE,3,0,501,504
451,113,63,0.3968,0.4813,1.3853,0.3987,0.5873,0.4286,7,0.5,6,0.0,1,CBRE,3,1,564,567
501,126,63,0.8254,0.7407,0.5826,0.2002,0.7143,0.84,50,0.8148,27,0.9,10,CBRE,3,2,627,630
552,138,63,0.5714,0.5195,0.6635,0.2373,0.5714,0.5789,57,0.6,55,0.5357,28,CBRE,3,3,690,693
602,151,63,0.4921,0.4253,1.017,0.2983,0.4762,0.4839,62,0.4918,61,0.4918,61,CBRE,3,4,753,756
652,164,63,0.6984,0.4348,0.6548,0.2309,0.6984,0.6984,63,0.6591,44,,0,CBRE,3,5,816,819
703,176,63,0.5079,0.5565,0.7109,0.2585,0.5079,0.5079,63,0.5172,58,0.5172,58,CBRE,3,6,879,882
753,189,63,0.5873,0.4922,0.9229,0.2548,0.6508,0.6531,49,0.6531,49,0.6486,37,CBRE,3,7,942,945
804,201,63,0.4921,0.4748,0.7304,0.2676,0.4921,0.4921,63,0.4918,61,0.4,10,CBRE,3,8,1005,1008
400,101,63,0.4603,0.5,0.6986,0.2527,0.5397,,0,,0,,0,CSGP,3,0,501,504
451,113,63,0.3333,0.6835,1.9317,0.3938,0.2698,0.2807,57,0.2857,56,0.2727,55,CSGP,3,1,564,567
501,126,63,0.4444,0.5139,0.7187,0.2641,0.5714,1.0,1,1.0,1,1.0,1,CSGP,3,2,627,630
552,138,63,0.4603,0.2651,0.7856,0.292,0.5079,0.4167,12,0.4167,12,1.0,1,CSGP,3,3,690,693
602,151,63,0.5873,0.5494,0.6942,0.2461,0.4921,0.7778,9,0.7778,9,0.75,8,CSGP,3,4,753,756
652,164,63,0.381,0.4849,2.5757,0.4068,0.6825,0.6429,14,,0,,0,CSGP,3,5,816,819
703,176,63,0.3651,0.4237,2.6065,0.3424,0.3968,0.3469,49,0.3542,48,,0,CSGP,3,6,879,882
753,189,63,0.4762,0.4742,0.8718,0.3262,0.4762,0.4762,63,0.4762,63,0.46,50,CSGP,3,7,942,945
804,201,63,0.3016,0.4743,6.4349,0.5162,0.3016,0.3016,63,0.3016,63,0.2778,36,CSGP,3,8,1005,1008
400,101,63,0.619,0.5,0.6908,0.2488,0.381,,0,,0,,0,CCI,3,0,501,504
451,113,63,0.4286,0.5854,1.3976,0.2798,0.5714,,0,,0,,0,CCI,3,1,564,567
501,126,63,0.6032,0.4784,1.1573,0.2662,0.3968,,0,,0,,0,CCI,3,2,627,630
552,138,63,0.5714,0.6071,0.7228,0.2633,0.3651,0.4375,32,0.4375,32,0.4375,32,CCI,3,3,690,693
602,151,63,0.381,0.5,0.7244,0.2655,0.619,,0,,0,,0,CCI,3,4,753,756
652,164,63,0.4921,0.4359,3.066,0.355,0.4762,0.0,2,0.0,2,,0,CCI,3,5,816,819
703,176,63,0.619,0.6437,0.6642,0.236,0.381,0.5,32,0.5217,23,,0,CCI,3,6,879,882
753,189,63,0.4603,0.6937,0.6936,0.2502,0.4603,0.4603,63,0.6957,23,0.6,5,CCI,3,7,942,945
804,201,63,0.5556,0.5816,0.6777,0.2425,0.5397,0.75,12,0.75,12,0.75,12,CCI,3,8,1005,1008
400,101,63,0.5397,0.5998,0.7146,0.2603,0.5873,0.8333,12,0.75,4,,0,EQR,3,0,501,504
451,113,63,0.5238,0.4857,0.7107,0.2573,0.5556,0.541,61,1.0,1,1.0,1,EQR,3,1,564,567
501,126,63,0.6032,0.7819,0.6497,0.2289,0.5397,0.5789,57,0.5789,57,1.0,9,EQR,3,2,627,630
552,138,63,0.5238,0.4913,1.6363,0.2895,0.5714,0.5556,54,,0,,0,EQR,3,3,690,693
602,151,63,0.3968,0.4763,0.7069,0.2567,0.6032,0.5,14,0.5,14,0.5,14,EQR,3,4,753,756
652,164,63,0.4762,0.5995,0.6974,0.2525,0.4444,0.451,51,0.451,51,0.5484,31,EQR,3,5,816,819
703,176,63,0.5238,0.4556,0.9746,0.2792,0.4762,0.5,20,0.5,12,0.5,12,EQR,3,6,879,882
753,189,63,0.619,0.5326,1.1864,0.2711,0.619,0.6667,45,0.6667,45,0.6111,18,EQR,3,7,942,945
804,201,63,0.619,0.6419,0.6491,0.2312,0.5238,0.6452,31,0.6552,29,0.6552,29,EQR,3,8,1005,1008
400,101,63,0.4762,0.4782,0.7592,0.2819,0.5397,0.5455,11,0.6,5,0.6,5,ESS,3,0,501,504
451,113,63,0.5397,0.4949,0.6905,0.2487,0.5397,0.5397,63,0.5,4,,0,ESS,3,1,564,567
501,126,63,0.4921,0.494,0.7061,0.2551,0.5079,0.5,22,0.5,2,0.5,2,ESS,3,2,627,630
552,138,63,0.3968,0.4102,0.7253,0.2659,0.5397,0.25,8,0.0,1,0.0,1,ESS,3,3,690,693
602,151,63,0.3968,0.4044,1.1434,0.262,0.619,0.5385,13,0.8,5,0.8,5,ESS,3,4,753,756
652,164,63,0.4444,0.5,0.7051,0.2559,0.4444,0.4444,63,,0,,0,ESS,3,5,816,819
703,176,63,0.5714,0.5,0.6893,0.2481,0.5714,0.5714,63,,0,,0,ESS,3,6,879,882
753,189,63,0.4921,0.4839,0.7014,0.254,0.4921,0.4921,63,0.4,5,0.25,4,ESS,3,7,942,945
804,201,63,0.5079,0.4564,0.7645,0.2782,0.5397,0.5246,61,0.5,14,0.5,14,ESS,3,8,1005,1008
400,101,63,0.4921,0.619,0.6757,0.243,0.5079,,0,,0,,0,EXR,3,0,501,504
451,113,63,0.4762,0.4974,0.6956,0.2512,0.5556,0.5714,14,0.6154,13,0.6154,13,EXR,3,1,564,567
501,126,63,0.5714,0.5873,1.4282,0.289,0.5873,0.6,50,0.5,2,0.5,2,EXR,3,2,627,630
552,138,63,0.4762,0.505,0.7098,0.2582,0.5079,0.4828,29,0.4828,29,,0,EXR,3,3,690,693
602,151,63,0.5714,0.6058,0.6458,0.2346,0.5079,0.6316,19,0.7,10,0.7,10,EXR,3,4,753,756
652,164,63,0.4444,0.4316,0.7301,0.268,0.4444,0.4314,51,0.25,8,0.25,8,EXR,3,5,816,819
703,176,63,0.6667,0.6464,1.1274,0.2503,0.5556,0.6296,54,0.6818,22,0.5,6,EXR,3,6,879,882
753,189,63,0.4762,0.4848,0.7557,0.2754,0.4762,0.4615,39,0.4615,39,0.4615,39,EXR,3,7,942,945
804,201,63,0.5079,0.5111,0.6985,0.2524,0.5238,0.5167,60,,0,,0,EXR,3,8,1005,1008
400,101,63,0.5556,0.6005,1.3353,0.2569,0.4444,,0,,0,,0,FRT,3,0,501,504
451,113,63,0.5238,0.5282,0.6932,0.2502,0.4921,0.5128,39,0.4444,18,,0,FRT,3,1,564,567
501,126,63,0.4921,0.4698,0.7309,0.2672,0.5079,,0,,0,,0,FRT,3,2,627,630
552,138,63,0.5397,0.5454,0.686,0.2465,0.4921,0.5185,54,,0,,0,FRT,3,3,690,693
602,151,63,0.5079,0.6406,4.5502,0.3617,0.4921,0.5,62,0.5263,57,0.5814,43,FRT,3,4,753,756
652,164,63,0.5238,0.5015,0.6989,0.2528,0.5397,0.5323,62,0.5357,56,0.5,12,FRT,3,5,816,819
703,176,63,0.6984,0.7263,0.5915,0.203,0.6032,0.7209,43,0.7209,43,0.8148,27,FRT,3,6,879,882
753,189,63,0.5238,0.5802,1.8356,0.2851,0.5714,0.5833,36,0.5714,35,0.5938,32,FRT,3,7,942,945
804,201,63,0.381,0.3963,1.8061,0.3575,0.6032,0.4444,9,0.4444,9,0.4444,9,FRT,3,8,1005,1008
400,101,63,0.4286,0.3817,6.9356,0.5306,0.5714,,0,,0,,0,DOC,3,0,501,504
451,113,63,0.5397,0.5172,0.693,0.2499,0.5397,0.5397,63,0.5397,63,,0,DOC,3,1,564,567
501,126,63,0.5556,0.5179,0.6942,0.2503,0.5556,0.5556,63,0.5645,62,0.5645,62,DOC,3,2,627,630
552,138,63,0.4127,0.5681,0.7596,0.2841,0.4127,0.4127,63,0.4286,56,0.4242,33,DOC,3,3,690,693
602,151,63,0.5556,0.4975,0.703,0.2541,0.5397,0.5556,54,0.5556,54,0.25,4,DOC,3,4,753,756
652,164,63,0.4603,0.6283,0.9319,0.2668,0.5238,0.4444,9,,0,,0,DOC,3,5,816,819
703,176,63,0.381,0.518,0.7694,0.2877,0.6825,0.6429,14,0.6429,14,,0,DOC,3,6,879,882
753,189,63,0.5397,0.4234,0.7064,0.2565,0.5079,0.5273,55,0.4545,44,0.3333,6,DOC,3,7,942,945
804,201,63,0.4762,0.5117,0.7252,0.2635,0.4603,0.4667,60,0.4667,60,,0,DOC,3,8,1005,1008
400,101,63,0.4444,0.5367,0.7445,0.275,0.4444,0.4444,63,0.4364,55,0.4615,52,HST,3,0,501,504
451,113,63,0.381,0.5422,3.9786,0.3807,0.381,0.381,63,0.44,25,0.44,25,HST,3,1,564,567
501,126,63,0.619,0.6547,0.6499,0.229,0.6032,0.7059,34,0.8333,18,0.8235,17,HST,3,2,627,630
552,138,63,0.5714,0.5434,1.8362,0.2845,0.4444,0.5714,7,0.5,6,0.5,6,HST,3,3,690,693
602,151,63,0.4603,0.6765,0.8073,0.2948,0.4444,0.4516,62,0.4516,62,0.4808,52,HST,3,4,753,756
652,164,63,0.5556,0.6025,0.9334,0.2614,0.4762,0.5263,38,0.5405,37,0.5714,35,HST,3,5,816,819
703,176,63,0.5556,0.5741,0.685,0.2459,0.4921,0.5882,17,0.5882,17,,0,HST,3,6,879,882
753,189,63,0.5079,0.5123,6.3439,0.4743,0.619,1.0,8,1.0,8,1.0,8,HST,3,7,942,945
804,201,63,0.4286,0.5483,2.8369,0.3487,0.5873,0.5333,15,0.5333,15,,0,HST,3,8,1005,1008
400,101,63,0.5079,0.5759,1.6862,0.3119,0.5873,0.6875,16,0.7,10,0.7,10,INVH,3,0,501,504
451,113,63,0.5079,0.4084,0.7355,0.27,0.6032,0.5714,49,0.0,1,,0,INVH,3,1,564,567
501,126,63,0.5556,0.5652,0.6959,0.2512,0.4762,0.5227,44,0.5227,44,0.5227,44,INVH,3,2,627,630
552,138,63,0.4921,0.3926,3.5235,0.3686,0.4921,0.4921,63,0.4921,63,0.4921,63,INVH,3,3,690,693
602,151,63,0.6349,0.4936,1.3776,0.2693,0.619,0.629,62,0.5,6,0.5,6,INVH,3,4,753,756
652,164,63,0.3492,0.469,0.7156,0.2607,0.3651,0.3393,56,,0,,0,INVH,3,5,816,819
703,176,63,0.5238,0.5299,0.7058,0.2561,0.4603,0.4878,41,0.4878,41,0.4583,24,INVH,3,6,879,882
753,189,63,0.5556,0.5223,0.6989,0.2511,0.4603,0.6,5,0.6,5,0.6,5,INVH,3,7,942,945
804,201,63,0.4286,0.5063,1.1766,0.2788,0.6032,0.625,8,0.7143,7,0.7143,7,INVH,3,8,1005,1008
400,101,63,0.4921,0.4541,1.8793,0.3009,0.5079,0.5,54,0.5,54,,0,IRM,3,0,501,504
451,113,63,0.7619,0.2306,0.9872,0.2698,0.7619,0.7619,63,0.6809,47,0.4615,13,IRM,3,1,564,567
501,126,63,0.5873,0.4864,0.6917,0.2488,0.6349,0.6167,60,0.6102,59,0.6102,59,IRM,3,2,627,630
552,138,63,0.4444,0.5842,4.4136,0.4493,0.4444,0.4444,63,0.4444,63,0.4444,63,IRM,3,3,690,693
602,151,63,0.5079,0.6285,0.6995,0.2532,0.5079,0.5079,63,0.5079,63,0.6207,29,IRM,3,4,753,756
652,164,63,0.4921,0.5203,1.1738,0.2722,0.5397,0.6667,6,0.3333,3,0.3333,3,IRM,3,5,816,819
703,176,63,0.5079,0.4947,1.4876,0.3126,0.6032,0.5686,51,1.0,1,1.0,1,IRM,3,6,879,882
753,189,63,0.5556,0.5359,0.6869,0.2467,0.5873,0.5789,57,0.62,50,0.6122,49,IRM,3,7,942,945
804,201,63,0.5714,0.5379,0.6829,0.2448,0.5238,0.5556,54,0.5556,54,0.5349,43,IRM,3,8,1005,1008
400,101,63,0.3968,0.5221,0.7825,0.2931,0.6032,,0,,0,,0,ALB,3,0,501,504
451,113,63,0.6825,0.5,0.6899,0.2484,0.3175,,0,,0,,0,ALB,3,1,564,567
501,126,63,0.4762,0.4327,0.7175,0.262,0.5556,0.5556,18,0.0,1,0.0,1,ALB,3,2,627,630
552,138,63,0.5397,0.4674,0.7011,0.2519,0.381,0.3529,17,0.5,2,0.5,2,ALB,3,3,690,693
602,151,63,0.6032,0.6305,0.6622,0.2347,0.4127,0.5556,9,,0,,0,ALB,3,4,753,756
652,164,63,0.3651,0.3452,1.482,0.3164,0.5714,0.0,4,0.0,3,0.0,2,ALB,3,5,816,819
703,176,63,0.4286,0.5741,1.0222,0.3052,0.5714,,0,,0,,0,ALB,3,6,879,882
753,189,63,0.5397,0.5842,3.433,0.3995,0.6349,0.7619,21,1.0,1,,0,ALB,3,7,942,945
804,201,63,0.5397,0.6192,1.8352,0.286,0.5397,0.5397,63,0.5397,63,0.5484,62,ALB,3,8,1005,1008
400,101,63,0.4286,0.5617,0.9562,0.2725,0.4444,0.4259,54,0.4423,52,0.7333,15,AMCR,3,0,501,504
451,113,63,0.5714,0.5057,5.6766,0.3886,0.4286,,0,,0,,0,AMCR,3,1,564,567
501,126,63,0.4762,0.5,0.7182,0.2623,0.5238,,0,,0,,0,AMCR,3,2,627,630
552,138,63,0.5238,0.5152,0.9426,0.2653,0.4762,0.5,60,0.4167,12,0.4167,12,AMCR,3,3,690,693
602,151,63,0.5714,0.6821,0.6591,0.2348,0.4444,0.5098,51,0.5455,44,0.6875,16,AMCR,3,4,753,756
652,164,63,0.4762,0.5,0.728,0.2671,0.5556,0.5833,12,0.5,10,0.5,4,AMCR,3,5,816,819
703,176,63,0.6349,0.5954,0.6781,0.2436,0.4444,0.6471,17,0.6471,17,1.0,3,AMCR,3,6,879,882
753,189,63,0.5079,0.5696,0.6624,0.2409,0.5873,0.7143,14,0.7143,14,0.7143,14,AMCR,3,7,942,945
804,201,63,0.619,0.6231,4.1965,0.3784,0.3492,0.475,40,0.4483,29,0.4483,29,AMCR,3,8,1005,1008
400,101,63,0.381,0.506,0.7213,0.2634,0.6349,1.0,1,1.0,1,1.0,1,AVY,3,0,501,504
451,113,63,0.4444,0.4929,0.7188,0.2627,0.4603,0.4167,36,0.4167,36,0.5882,17,AVY,3,1,564,567
501,126,63,0.5873,0.4912,0.6962,0.2512,0.5873,0.5873,63,0.55,20,0.5,10,AVY,3,2,627,630
552,138,63,0.381,0.5166,0.7675,0.276,0.381,0.3404,47,0.5625,16,0.5625,16,AVY,3,3,690,693
602,151,63,0.619,0.5173,1.1476,0.2617,0.5556,0.6078,51,0.575,40,0.5,18,AVY,3,4,753,756
652,164,63,0.5556,0.5827,0.6952,0.2505,0.4921,1.0,3,,0,,0,AVY,3,5,816,819
703,176,63,0.4921,0.5174,0.778,0.2897,0.3968,0.4103,39,0.4103,39,0.4103,39,AVY,3,6,879,882
753,189,63,0.5556,0.6034,0.7176,0.2612,0.5397,0.7143,14,,0,,0,AVY,3,7,942,945
804,201,63,0.6032,0.5593,0.686,0.2464,0.4127,1.0,1,,0,,0,AVY,3,8,1005,1008
400,101,63,0.4762,0.5,0.6937,0.2503,0.5238,,0,,0,,0,CF,3,0,501,504
451,113,63,0.4603,0.4985,1.4074,0.2839,0.4762,0.4474,38,0.4474,38,0.5,30,CF,3,1,564,567
501,126,63,0.7143,0.7605,1.1864,0.2673,0.6032,0.7941,34,1.0,1,1.0,1,CF,3,2,627,630
552,138,63,0.5397,0.5455,0.6652,0.2386,0.5238,0.5357,56,,0,,0,CF,3,3,690,693
602,151,63,0.5873,0.5707,0.6786,0.2428,0.5873,0.5873,63,0.5873,63,0.5873,63,CF,3,4,753,756
652,164,63,0.4921,0.5657,0.6947,0.2508,0.619,0.7692,13,,0,,0,CF,3,5,816,819
703,176,63,0.5873,0.5938,0.6735,0.2402,0.5079,0.56,50,1.0,1,,0,CF,3,6,879,882
753,189,63,0.5397,0.5489,0.6975,0.2521,0.5873,0.587,46,,0,,0,CF,3,7,942,945
804,201,63,0.4921,0.6454,1.6275,0.2865,0.5556,1.0,3,,0,,0,CF,3,8,1005,1008
400,101,63,0.4444,0.6421,0.7286,0.2638,0.619,0.8333,6,0.8333,6,0.8333,6,CTVA,3,0,501,504
451,113,63,0.6032,0.6178,0.6844,0.2454,0.4286,0.5208,48,0.5208,48,0.0,2,CTVA,3,1,564,567
501,126,63,0.7143,0.5601,0.6263,0.2169,0.7302,0.7692,52,0.7692,52,0.7692,52,CTVA,3,2,627,630
552,138,63,0.5397,0.6889,0.6774,0.2424,0.4762,0.5091,55,0.5091,55,0.6562,32,CTVA,3,3,690,693
602,151,63,0.5556,0.5705,0.7068,0.2544,0.6032,0.5926,54,0.7083,24,0.75,20,CTVA,3,4,753,756
652,164,63,0.381,0.4738,3.6334,0.4108,0.619,0.5,4,0.5,4,0.5,2,CTVA,3,5,816,819
703,176,63,0.4762,0.499,0.7923,0.2929,0.4762,0.4762,63,0.4762,63,0.4848,33,CTVA,3,6,879,882
753,189,63,0.6984,0.5,0.6684,0.2376,0.6984,0.6984,63,,0,,0,CTVA,3,7,942,945
804,201,63,0.6032,0.5,0.6724,0.2397,0.6032,0.6032,63,0.6032,63,0.6032,63,CTVA,3,8,1005,1008
400,101,63,0.5873,0.473,0.6921,0.2504,0.5556,0.5738,61,0.5738,61,0.5738,61,CRH,3,0,501,504
451,113,63,0.5079,0.5652,2.2915,0.2996,0.4762,0.4889,45,0.4889,45,0.6667,12,CRH,3,1,564,567
501,126,63,0.4444,0.339,4.3844,0.4559,0.6667,0.6296,27,0.25,8,0.25,4,CRH,3,2,627,630
552,138,63,0.5238,0.6328,0.709,0.2546,0.5238,0.5238,63,0.5238,63,0.6667,15,CRH,3,3,690,693
602,151,63,0.5397,0.5269,0.9474,0.2658,0.5397,0.5397,63,0.5397,63,0.0,2,CRH,3,4,753,756
652,164,63,0.5556,0.4536,0.7844,0.2875,0.5556,0.5556,63,0.5424,59,0.5273,55,CRH,3,5,816,819
703,176,63,0.4603,0.4594,0.7218,0.2641,0.4603,0.4545,55,0.434,53,,0,CRH,3,6,879,882
753,189,63,0.5556,0.6679,0.6868,0.2468,0.5556,0.5556,63,,0,,0,CRH,3,7,942,945
804,201,63,0.4603,0.5884,0.7393,0.2702,0.3968,0.4211,57,0.4545,22,0.4545,22,CRH,3,8,1005,1008
400,101,63,0.5397,0.5567,5.1263,0.417,0.5873,0.6538,26,0.0,1,0.0,1,DOW,3,0,501,504
451,113,63,0.6984,0.6613,0.6348,0.2211,0.381,0.6667,15,0.6667,15,,0,DOW,3,1,564,567
501,126,63,0.5397,0.5624,1.2013,0.2849,0.4127,0.4681,47,0.4681,47,0.4681,47,DOW,3,2,627,630
552,138,63,0.2698,0.4936,8.6668,0.6323,0.2698,0.2623,61,0.2778,54,0.2778,54,DOW,3,3,690,693
602,151,63,0.5714,0.2757,0.7076,0.2563,0.4286,,0,,0,,0,DOW,3,4,753,756
652,164,63,0.5714,0.5602,0.9189,0.2569,0.4286,,0,,0,,0,DOW,3,5,816,819
703,176,63,0.5238,0.5152,0.7018,0.2543,0.4762,,0,,0,,0,DOW,3,6,879,882
753,189,63,0.5873,0.61,0.9466,0.2677,0.6032,0.6667,36,,0,,0,DOW,3,7,942,945
804,201,63,0.5397,0.5725,0.6941,0.249,0.5397,0.5397,63,0.5636,55,0.6667,12,DOW,3,8,1005,1008
400,101,63,0.4286,0.6048,1.1334,0.3297,0.6508,0.6471,17,0.6471,17,0.6471,17,DD,3,0,501,504
451,113,63,0.4921,0.5156,2.1699,0.3354,0.4921,0.4857,35,0.4857,35,0.4857,35,DD,3,1,564,567
501,126,63,0.5556,0.4367,0.7013,0.2539,0.5556,0.5556,63,0.4815,27,0.48,25,DD,3,2,627,630
552,138,63,0.3968,0.5935,0.7397,0.2754,0.3333,0.3559,59,0.3559,59,0.381,42,DD,3,3,690,693
602,151,63,0.5556,0.5156,1.1692,0.2698,0.4127,0.25,4,0.25,4,0.25,4,DD,3,4,753,756
652,164,63,0.4762,0.6232,0.664,0.2364,0.5238,,0,,0,,0,DD,3,5,816,819
703,176,63,0.4921,0.5413,4.6596,0.4681,0.6825,0.9231,13,,0,,0,DD,3,6,879,882
753,189,63,0.4127,0.5,0.7568,0.2812,0.5873,,0,,0,,0,DD,3,7,942,945
804,201,63,0.4921,0.5,0.7024,0.2546,0.4921,0.4921,63,0.4921,63,,0,DD,3,8,1005,1008
400,101,63,0.6667,0.5,0.6561,0.2316,0.6667,0.6667,63,0.6667,63,,0,ECL,3,0,501,504
451,113,63,0.5873,0.6271,0.6669,0.2384,0.5714,0.5833,60,0.5932,59,0.5932,59,ECL,3,1,564,567
501,126,63,0.5714,0.4167,0.9787,0.2795,0.619,0.6,60,0.6,60,0.6,30,ECL,3,2,627,630
552,138,63,0.5873,0.4636,0.6967,0.2511,0.5873,0.5873,63,0.5873,63,0.566,53,ECL,3,3,690,693
602,151,63,0.619,0.4551,0.6909,0.2498,0.619,0.619,63,0.5,12,0.5,12,ECL,3,4,753,756
652,164,63,0.6667,0.6361,0.6358,0.2217,0.6667,0.6667,63,0.75,48,0.7447,47,ECL,3,5,816,819
703,176,63,0.5079,0.4239,0.7333,0.2697,0.5397,0.5333,45,0.5333,45,0.5333,45,ECL,3,6,879,882
753,189,63,0.619,0.5526,0.6709,0.2402,0.6032,0.6129,62,0.625,48,0.6383,47,ECL,3,7,942,945
804,201,63,0.4127,0.4276,0.8175,0.3078,0.4444,0.4262,61,0.4237,59,0.3913,46,ECL,3,8,1005,1008
400,101,63,0.4127,0.4435,1.1838,0.4146,0.6349,0.5517,29,0.6111,18,0.5882,17,FCX,3,0,501,504
451,113,63,0.3968,0.5068,0.7131,0.2599,0.3968,0.3968,63,0.5,2,,0,FCX,3,1,564,567
501,126,63,0.5714,0.6169,0.6814,0.2441,0.5079,0.5581,43,,0,,0,FCX,3,2,627,630
552,138,63,0.6349,0.6699,2.2551,0.2781,0.4444,0.5676,37,0.5676,37,0.619,21,FCX,3,3,690,693
602,151,63,0.5873,0.5449,3.1913,0.3203,0.5556,0.5738,61,0.5946,37,0.5714,35,FCX,3,4,753,756
652,164,63,0.5079,0.6055,0.7179,0.2614,0.5873,0.65,20,0.65,20,0.65,20,FCX,3,5,816,819
703,176,63,0.5556,0.579,0.7286,0.2647,0.5873,1.0,9,1.0,5,1.0,5,FCX,3,6,879,882
753,189,63,0.5714,0.5086,2.1524,0.3289,0.7143,0.7143,42,,0,,0,FCX,3,7,942,945
804,201,63,0.4921,0.4194,0.7199,0.2632,0.4921,0.4921,63,0.4419,43,,0,FCX,3,8,1005,1008
400,101,63,0.381,0.3779,5.7056,0.4752,0.6032,0.4857,35,0.5385,13,0.5,12,IFF,3,0,501,504
451,113,63,0.5238,0.4455,0.723,0.2637,0.5238,0.5238,63,0.5238,63,0.3333,9,IFF,3,1,564,567
501,126,63,0.5714,0.5,0.6829,0.2449,0.5714,0.5714,63,0.5714,63,,0,IFF,3,2,627,630
552,138,63,0.4286,0.3157,1.0359,0.3119,0.381,0.3846,52,0.3846,52,0.0476,21,IFF,3,3,690,693
602,151,63,0.5079,0.5,0.6931,0.25,0.5079,0.5079,63,,0,,0,IFF,3,4,753,756
652,164,63,0.5397,0.5122,0.6888,0.2478,0.4603,,0,,0,,0,IFF,3,5,816,819
703,176,63,0.5397,0.5514,0.6873,0.2477,0.5079,0.6,15,0.6,15,0.6,15,IFF,3,6,879,882
753,189,63,0.381,0.4412,0.7863,0.2955,0.6508,0.5455,22,0.5,6,0.5,6,IFF,3,7,942,945
804,201,63,0.4921,0.5101,1.1811,0.2756,0.4921,0.4857,35,0.4839,31,0.5357,28,IFF,3,8,1005,1008
400,101,63,0.5556,0.5333,1.8567,0.2913,0.4921,0.5484,31,0.5333,30,,0,IP,3,0,501,504
451,113,63,0.3651,0.594,0.7903,0.2963,0.6349,,0,,0,,0,IP,3,1,564,567
501,126,63,0.5556,0.499,1.1627,0.2666,0.5873,0.5738,61,0.5962,52,,0,IP,3,2,627,630
552,138,63,0.4921,0.5015,0.7227,0.2642,0.4921,0.4909,55,0.4909,55,0.5,26,IP,3,3,690,693
602,151,63,0.4762,0.5167,0.6906,0.2488,0.4762,0.4762,63,1.0,1,1.0,1,IP,3,4,753,756
652,164,63,0.5238,0.4676,0.6957,0.2512,0.5714,0.5536,56,,0,,0,IP,3,5,816,819
703,176,63,0.619,0.6117,1.3709,0.2676,0.4444,0.5667,30,0.5667,30,0.5667,30,IP,3,6,879,882
753,189,63,0.5079,0.6137,0.6959,0.2509,0.6032,0.8182,11,0.8182,11,0.6667,6,IP,3,7,942,945
804,201,63,0.3492,0.5686,1.1906,0.2842,0.3175,0.3019,53,0.3871,31,0.3871,31,IP,3,8,1005,1008
400,101,63,0.5397,0.6453,1.663,0.282,0.619,0.8125,16,0.8125,16,0.8182,11,LYB,3,0,501,504
451,113,63,0.4127,0.74,0.678,0.2502,0.3968,0.4,60,0.4423,52,0.6842,19,LYB,3,1,564,567
501,126,63,0.3651,0.3077,5.7508,0.4935,0.381,0.3095,42,0.3,40,0.3,40,LYB,3,2,627,630
552,138,63,0.3651,0.4915,0.7069,0.2569,0.381,0.371,62,,0,,0,LYB,3,3,690,693
602,151,63,0.6349,0.4571,0.6613,0.2342,0.3651,,0,,0,,0,LYB,3,4,753,756
652,164,63,0.5079,0.5383,0.7381,0.2712,0.4921,,0,,0,,0,LYB,3,5,816,819
703,176,63,0.5714,0.5768,0.6872,0.247,0.3968,0.4643,28,0.4643,28,0.4643,28,LYB,3,6,879,882
753,189,63,0.4127,0.4932,1.4631,0.3064,0.5873,0.5,2,,0,,0,LYB,3,7,942,945
804,201,63,0.6349,0.7274,1.1074,0.2495,0.6032,0.8947,19,0.5,2,,0,LYB,3,8,1005,1008
