n_train,n_calib,n_test,accuracy,roc_auc,log_loss,brier,pos_rate,buy_hit_50,buy_n_50,buy_hit_55,buy_n_55,buy_hit_60,buy_n_60,ticker,horizon,fold,train_end_idx,test_start_idx
402,101,63,0.5079,0.5378,0.7317,0.2685,0.4444,0.4737,57,0.4643,56,0.4643,56,AAPL,1,0,503,504
452,114,63,0.5238,0.5522,0.6879,0.2471,0.6349,0.6923,26,0.68,25,0.7083,24,AAPL,1,1,566,567
503,126,63,0.4921,0.4224,0.7242,0.2628,0.5556,0.5306,49,0.5319,47,0.5,6,AAPL,1,2,629,630
553,139,63,0.5238,0.3778,1.1956,0.2844,0.5238,0.5238,63,0.5082,61,0.4,15,AAPL,1,3,692,693
604,151,63,0.4762,0.4439,0.7308,0.2678,0.4762,0.4762,63,0.3,10,0.3,10,AAPL,1,4,755,756
654,164,63,0.4762,0.4265,0.6889,0.2494,0.5397,0.5085,59,1.0,1,1.0,1,AAPL,1,5,818,819
704,177,63,0.4127,0.394,0.6923,0.2509,0.5397,0.4667,45,0.4,5,,0,AAPL,1,6,881,882
755,189,63,0.5397,0.5167,1.1531,0.2629,0.5238,0.5345,58,,0,,0,AAPL,1,7,944,945
805,202,63,0.4127,0.4234,0.7354,0.2654,0.4603,0.4231,52,0.0,1,0.0,1,AAPL,1,8,1007,1008
856,214,63,0.619,0.5954,0.6789,0.2429,0.5556,0.5965,57,0.5,4,0.5,4,AAPL,1,9,1070,1071
906,227,63,0.4762,0.5598,0.716,0.2604,0.4603,0.46,50,0.4516,31,0.6667,15,AAPL,1,10,1133,1134
956,240,63,0.4762,0.4047,1.1801,0.2767,0.5079,0.4918,61,0.4412,34,0.3333,3,AAPL,1,11,1196,1197
1007,252,63,0.5397,0.5404,0.6986,0.2526,0.5238,0.5435,46,0.0,2,0.0,2,AAPL,1,12,1259,1260
1057,265,63,0.3968,0.4199,0.9595,0.2733,0.5397,0.0,4,,0,,0,AAPL,1,13,1322,1323
1108,277,63,0.5556,0.5143,0.7067,0.2558,0.5556,0.566,53,,0,,0,AAPL,1,14,1385,1386
1158,290,63,0.4762,0.5,0.6961,0.2515,0.4762,0.4762,63,,0,,0,AAPL,1,15,1448,1449
1208,303,63,0.4444,0.551,0.7025,0.2546,0.4444,0.4444,63,0.4286,14,,0,AAPL,1,16,1511,1512
1259,315,63,0.3968,0.4982,0.7113,0.259,0.6984,0.7143,14,,0,,0,AAPL,1,17,1574,1575
1309,328,63,0.5714,0.5051,0.6849,0.2459,0.5714,0.6098,41,,0,,0,AAPL,1,18,1637,1638
1360,340,63,0.5079,0.4842,0.6929,0.2499,0.5556,0.54,50,0.5417,48,,0,AAPL,1,19,1700,1701
1410,353,63,0.5079,0.3763,0.6934,0.2516,0.5238,0.5172,58,0.4,35,,0,AAPL,1,20,1763,1764
1460,366,63,0.5556,0.4327,0.688,0.2474,0.5556,0.5556,63,0.5556,63,,0,AAPL,1,21,1826,1827
1511,378,63,0.5556,0.4738,1.162,0.2677,0.5714,0.5667,60,0.5263,19,,0,AAPL,1,22,1889,1890
1561,391,63,0.4921,0.5818,0.6865,0.2482,0.4762,0.4839,62,0.5333,30,,0,AAPL,1,23,1952,1953
1612,403,63,0.5397,0.5404,0.6934,0.2501,0.5238,0.5333,60,0.5385,52,,0,AAPL,1,24,2015,2016
402,101,63,0.5238,0.5283,0.928,0.2603,0.5238,0.5714,21,,0,,0,ABNB,1,0,503,504
452,114,63,0.4444,0.5521,0.7151,0.2608,0.6032,0.8,5,1.0,4,,0,ABNB,1,1,566,567
503,126,63,0.3968,0.4913,1.9139,0.3184,0.4286,0.4,55,0.3846,52,0.5385,13,ABNB,1,2,629,630
553,139,63,0.5079,0.5207,0.6944,0.2506,0.5079,0.5079,63,0.5227,44,,0,ABNB,1,3,692,693
604,151,63,0.5079,0.5,0.6977,0.2522,0.4921,0.5,2,0.5,2,0.5,2,ABNB,1,4,755,756
654,164,63,0.5238,0.5141,0.6954,0.2511,0.4921,0.5152,33,0.5,8,0.4286,7,ABNB,1,5,818,819
704,177,63,0.5397,0.3874,1.0594,0.295,0.5397,0.5397,63,0.25,12,0.25,12,ABNB,1,6,881,882
755,189,63,0.5873,0.64,0.6631,0.2353,0.5397,0.5769,52,0.7368,19,0.7368,19,ABNB,1,7,944,945
805,202,63,0.5714,0.6136,0.6881,0.2474,0.4762,0.6,15,0.5714,14,0.25,4,ABNB,1,8,1007,1008
856,214,63,0.5714,0.6316,0.6756,0.2408,0.5556,0.7,20,0.7,20,0.7,20,ABNB,1,9,1070,1071
906,227,63,0.4762,0.4247,0.7388,0.2721,0.5238,0.5,42,0.5,42,0.4706,17,ABNB,1,10,1133,1134
956,240,63,0.5079,0.5229,0.6975,0.2522,0.5873,0.5882,34,0.75,4,0.6667,3,ABNB,1,11,1196,1197
1007,252,63,0.5079,0.4747,1.1656,0.2708,0.5238,0.5172,58,,0,,0,ABNB,1,12,1259,1260
402,101,63,0.4444,0.3942,0.763,0.2838,0.4921,0.4655,58,0.42,50,0.4231,26,ABT,1,0,503,504
452,114,63,0.5079,0.6214,0.681,0.244,0.5556,0.625,16,0.625,16,0.625,16,ABT,1,1,566,567
503,126,63,0.5397,0.5323,0.6866,0.2468,0.4921,1.0,2,1.0,1,1.0,1,ABT,1,2,629,630
553,139,63,0.5873,0.6019,0.9061,0.2504,0.5873,0.7037,27,0.7308,26,0.7308,26,ABT,1,3,692,693
604,151,63,0.5238,0.5418,1.6238,0.2819,0.5079,0.5238,42,0.5238,42,0.6429,14,ABT,1,4,755,756
654,164,63,0.5714,0.6097,1.1162,0.2495,0.5556,0.5667,60,0.5962,52,0.6667,21,ABT,1,5,818,819
704,177,63,0.5556,0.5193,0.7261,0.2632,0.5397,0.5882,34,0.52,25,0.4444,9,ABT,1,6,881,882
755,189,63,0.4444,0.4284,0.7505,0.2772,0.5079,0.4667,45,0.44,25,0.4286,7,ABT,1,7,944,945
805,202,63,0.5397,0.5051,0.6739,0.2434,0.5397,0.5397,63,0.52,50,1.0,2,ABT,1,8,1007,1008
856,214,63,0.4286,0.5905,0.7058,0.2562,0.4286,0.4286,63,0.5,42,,0,ABT,1,9,1070,1071
906,227,63,0.4921,0.5394,0.6833,0.2466,0.4762,0.4821,56,1.0,1,1.0,1,ABT,1,10,1133,1134
956,240,63,0.4921,0.4812,0.715,0.2606,0.5397,0.525,40,,0,,0,ABT,1,11,1196,1197
1007,252,63,0.5238,0.5203,0.7326,0.2669,0.5397,0.5435,46,0.5714,21,0.75,4,ABT,1,12,1259,1260
1057,265,63,0.5873,0.5568,0.7322,0.26,0.4603,0.6,15,1.0,1,1.0,1,ABT,1,13,1322,1323
1108,277,63,0.5873,0.6507,0.7267,0.2479,0.4286,0.5122,41,0.6316,19,0.5,10,ABT,1,14,1385,1386
1158,290,63,0.3492,0.4637,0.7579,0.2813,0.619,0.3333,6,0.5,4,0.5,4,ABT,1,15,1448,1449
1208,303,63,0.5238,0.499,0.7001,0.2504,0.4603,0.4909,55,0.0,1,,0,ABT,1,16,1511,1512
1259,315,63,0.619,0.6278,0.6711,0.2401,0.4603,0.6923,13,0.6923,13,0.5,2,ABT,1,17,1574,1575
1309,328,63,0.4286,0.5314,0.6914,0.2493,0.5714,0.5,2,1.0,1,,0,ABT,1,18,1637,1638
1360,340,63,0.5079,0.6166,0.9151,0.2543,0.5397,0.8,5,0.8,5,0.8,5,ABT,1,19,1700,1701
1410,353,63,0.5397,0.4295,1.1771,0.275,0.5714,0.5614,57,0.25,4,,0,ABT,1,20,1763,1764
1460,366,63,0.5397,0.475,0.7153,0.2589,0.5556,0.5577,52,0.5,4,0.5,4,ABT,1,21,1826,1827
1511,378,63,0.5079,0.5522,0.6904,0.2487,0.4603,0.48,50,1.0,1,1.0,1,ABT,1,22,1889,1890
1561,391,63,0.4762,0.4878,0.7,0.2534,0.4444,0.4528,53,0.2857,7,,0,ABT,1,23,1952,1953
1612,403,63,0.4762,0.5032,0.7897,0.2935,0.3968,0.4231,52,0.4,50,0.4,20,ABT,1,24,2015,2016
402,101,63,0.5079,0.5338,0.7283,0.2666,0.5079,0.5079,63,0.5273,55,0.5273,55,ADSK,1,0,503,504
452,114,63,0.6508,0.622,0.6433,0.2254,0.6508,0.6508,63,0.7381,42,0.7317,41,ADSK,1,1,566,567
503,126,63,0.5238,0.4832,0.7002,0.257,0.5556,0.5472,53,0.5,18,0.5,18,ADSK,1,2,629,630
553,139,63,0.5397,0.5898,0.6824,0.2449,0.5397,0.5397,63,0.5424,59,0.65,20,ADSK,1,3,692,693
604,151,63,0.5397,0.5418,1.6172,0.2825,0.4921,0.6667,6,0.6667,6,0.6667,6,ADSK,1,4,755,756
654,164,63,0.619,0.4076,0.6979,0.2518,0.619,0.619,63,0.0,1,0.0,1,ADSK,1,5,818,819
704,177,63,0.4921,0.3514,0.7211,0.2635,0.5397,0.5172,58,0.3158,19,0.3333,9,ADSK,1,6,881,882
755,189,63,0.4127,0.4574,0.958,0.2751,0.4127,0.4068,59,0.3889,54,,0,ADSK,1,7,944,945
805,202,63,0.381,0.4784,1.1833,0.2793,0.3968,0.3871,62,0.375,8,0.375,8,ADSK,1,8,1007,1008
856,214,63,0.5238,0.5323,0.6924,0.2496,0.4921,0.5217,23,0.5217,23,,0,ADSK,1,9,1070,1071
906,227,63,0.5079,0.3936,0.7091,0.2577,0.4921,0.5,6,0.5,6,0.5,6,ADSK,1,10,1133,1134
956,240,63,0.5397,0.5304,0.9118,0.2533,0.4603,0.5,22,0.5,22,0.6667,3,ADSK,1,11,1196,1197
1007,252,63,0.5079,0.5877,0.6891,0.2478,0.4921,0.5,2,0.0,1,0.0,1,ADSK,1,12,1259,1260
1057,265,63,0.5238,0.5398,0.7362,0.2685,0.5556,0.6923,13,,0,,0,ADSK,1,13,1322,1323
1108,277,63,0.5397,0.4924,0.7252,0.2621,0.4921,0.6667,6,1.0,1,,0,ADSK,1,14,1385,1386
1158,290,63,0.5873,0.5064,0.6952,0.251,0.619,0.6226,53,,0,,0,ADSK,1,15,1448,1449
1208,303,63,0.4762,0.4878,1.1853,0.2778,0.4444,0.4444,45,,0,,0,ADSK,1,16,1511,1512
1259,315,63,0.5079,0.4909,0.6971,0.252,0.5397,0.5263,57,0.5357,56,,0,ADSK,1,17,1574,1575
1309,328,63,0.619,0.5288,0.681,0.2439,0.619,0.619,63,,0,,0,ADSK,1,18,1637,1638
1360,340,63,0.5873,0.5125,0.6716,0.2408,0.5873,0.5932,59,0.5932,59,,0,ADSK,1,19,1700,1701
1410,353,63,0.4444,0.4934,0.9433,0.2672,0.4444,0.4407,59,,0,,0,ADSK,1,20,1763,1764
1460,366,63,0.5397,0.4439,0.6822,0.2461,0.5238,0.5323,62,0.3,10,,0,ADSK,1,21,1826,1827
1511,378,63,0.4921,0.5,0.697,0.2519,0.4921,0.4921,63,,0,,0,ADSK,1,22,1889,1890
1561,391,63,0.5238,0.5091,0.6919,0.2494,0.5238,0.5238,63,,0,,0,ADSK,1,23,1952,1953
1612,403,63,0.4921,0.4097,1.418,0.2851,0.5397,0.5167,60,,0,,0,ADSK,1,24,2015,2016
402,101,63,0.4921,0.4286,4.4868,0.4098,0.4444,0.4474,38,0.4474,38,0.32,25,AI,1,0,503,504
452,114,63,0.5397,0.4711,0.7082,0.2572,0.4603,0.5,6,,0,,0,AI,1,1,566,567
503,126,63,0.5714,0.4856,0.6835,0.2452,0.4286,,0,,0,,0,AI,1,2,629,630
553,139,63,0.5873,0.4684,0.6837,0.2443,0.3968,0.0,1,,0,,0,AI,1,3,692,693
604,151,63,0.4444,0.431,3.1365,0.3791,0.4603,0.3636,22,0.3333,21,0.3,20,AI,1,4,755,756
654,164,63,0.4921,0.5323,0.6986,0.2528,0.5079,,0,,0,,0,AI,1,5,818,819
704,177,63,0.5079,0.5394,1.1617,0.2665,0.4762,0.3333,3,,0,,0,AI,1,6,881,882
755,189,63,0.381,0.4678,0.7108,0.2588,0.4127,0.3488,43,,0,,0,AI,1,7,944,945
805,202,63,0.5556,0.5403,0.6774,0.2437,0.4444,,0,,0,,0,AI,1,8,1007,1008
856,214,63,0.4444,0.5396,0.7236,0.2637,0.5397,0.0,1,,0,,0,AI,1,9,1070,1071
906,227,63,0.5556,0.5309,0.6729,0.2406,0.4286,0.3333,3,0.3333,3,0.3333,3,AI,1,10,1133,1134
956,240,63,0.4921,0.5454,0.7157,0.2604,0.5079,,0,,0,,0,AI,1,11,1196,1197
1007,252,63,0.4921,0.5182,0.7213,0.2633,0.5238,0.5714,7,0.5,6,,0,AI,1,12,1259,1260
1057,265,63,0.4921,0.4843,0.6974,0.2521,0.5238,0.5111,45,,0,,0,AI,1,13,1322,1323
1108,277,63,0.5238,0.5464,0.6787,0.2431,0.5079,1.0,2,1.0,2,1.0,2,AI,1,14,1385,1386
1158,290,63,0.3968,0.4779,0.6931,0.25,0.3968,0.3968,63,0.6667,3,,0,AI,1,15,1448,1449
1208,303,63,0.5556,0.5333,0.7004,0.2532,0.4762,0.75,4,0.0,1,0.0,1,AI,1,16,1511,1512
1259,315,63,0.4444,0.4536,0.7003,0.2536,0.4921,0.4231,26,0.5556,9,,0,AI,1,17,1574,1575
1309,328,63,0.3968,0.4937,0.7049,0.2558,0.6032,,0,,0,,0,AI,1,18,1637,1638
1360,340,63,0.4762,0.4681,0.7134,0.2595,0.4603,0.3333,12,0.3333,12,0.4444,9,AI,1,19,1700,1701
1410,353,63,0.6508,0.5481,0.7167,0.2516,0.381,0.75,4,0.75,4,0.75,4,AI,1,20,1763,1764
1460,366,63,0.5556,0.551,0.6914,0.2491,0.4444,0.5,6,0.4,5,0.0,2,AI,1,21,1826,1827
1511,378,63,0.5556,0.5071,0.6887,0.2478,0.4444,0.5,8,,0,,0,AI,1,22,1889,1890
1561,391,63,0.5079,0.4111,0.9452,0.2665,0.4762,0.4286,7,0.4286,7,0.4286,7,AI,1,23,1952,1953
402,101,63,0.4444,0.5959,3.4492,0.3418,0.4444,0.4444,63,0.5161,31,0.5161,31,ALK,1,0,503,504
452,114,63,0.4603,0.4793,1.5862,0.2737,0.5079,0.4615,26,0.6429,14,0.6923,13,ALK,1,1,566,567
503,126,63,0.5079,0.4369,0.72,0.2601,0.5238,0.52,50,1.0,1,1.0,1,ALK,1,2,629,630
553,139,63,0.5238,0.5505,0.6689,0.2423,0.5238,0.5455,33,,0,,0,ALK,1,3,692,693
604,151,63,0.4921,0.5554,0.704,0.2554,0.5079,0.5,8,0.5714,7,,0,ALK,1,4,755,756
654,164,63,0.4286,0.5078,0.7127,0.2597,0.4127,0.4167,60,0.4167,60,,0,ALK,1,5,818,819
704,177,63,0.4762,0.5233,0.7005,0.2536,0.4603,0.4655,58,,0,,0,ALK,1,6,881,882
755,189,63,0.5714,0.518,0.6878,0.2473,0.4286,0.5,2,,0,,0,ALK,1,7,944,945
805,202,63,0.4921,0.4783,0.7248,0.2614,0.5079,0.5,2,0.5,2,0.5,2,ALK,1,8,1007,1008
856,214,63,0.5079,0.5245,0.6864,0.2467,0.4444,0.3846,13,,0,,0,ALK,1,9,1070,1071
906,227,63,0.4762,0.5725,0.7244,0.2595,0.5397,0.6,5,0.75,4,,0,ALK,1,10,1133,1134
956,240,63,0.3651,0.4589,1.6938,0.3144,0.619,0.4,5,0.4,5,0.4,5,ALK,1,11,1196,1197
1007,252,63,0.4603,0.4959,0.7139,0.2602,0.4444,0.4464,56,0.4464,56,0.4545,11,ALK,1,12,1259,1260
1057,265,63,0.5079,0.5242,0.6903,0.2486,0.5238,0.6,10,0.6,10,,0,ALK,1,13,1322,1323
1108,277,63,0.3333,0.5556,3.8601,0.4152,0.3333,0.3333,63,0.3778,45,0.3778,45,ALK,1,14,1385,1386
1158,290,63,0.4603,0.4607,0.696,0.2515,0.5556,0.5161,31,,0,,0,ALK,1,15,1448,1449
1208,303,63,0.5397,0.5485,0.6769,0.2437,0.5556,0.5938,32,0.6,5,0.75,4,ALK,1,16,1511,1512
1259,315,63,0.381,0.3691,1.0238,0.2896,0.381,0.2414,29,0.2778,18,0.2667,15,ALK,1,17,1574,1575
1309,328,63,0.4286,0.5448,0.7016,0.2542,0.5714,0.5,2,,0,,0,ALK,1,18,1637,1638
1360,340,63,0.4286,0.4275,2.4193,0.3497,0.5714,,0,,0,,0,ALK,1,19,1700,1701
1410,353,63,0.4444,0.5,0.6945,0.2507,0.4444,0.4444,63,,0,,0,ALK,1,20,1763,1764
1460,366,63,0.5079,0.5112,0.6938,0.2503,0.5397,0.5652,23,,0,,0,ALK,1,21,1826,1827
1511,378,63,0.4603,0.5231,0.6846,0.2472,0.4286,0.4386,57,,0,,0,ALK,1,22,1889,1890
1561,391,63,0.5556,0.4697,0.6838,0.2468,0.5714,0.5741,54,,0,,0,ALK,1,23,1952,1953
1612,403,63,0.5079,0.5551,0.6905,0.2489,0.4127,0.4468,47,,0,,0,ALK,1,24,2015,2016
402,101,63,0.5714,0.5,0.6831,0.245,0.5714,0.5714,63,0.5714,63,,0,AMD,1,0,503,504
452,114,63,0.4762,0.5146,0.9285,0.2615,0.4762,0.4754,61,0.4754,61,1.0,1,AMD,1,1,566,567
503,126,63,0.5556,0.5716,1.139,0.2604,0.4921,0.5455,33,0.5806,31,0.5882,17,AMD,1,2,629,630
553,139,63,0.4286,0.4854,1.6081,0.2801,0.4762,0.425,40,0.6,10,0.6,10,AMD,1,3,692,693
604,151,63,0.4444,0.4807,0.7447,0.2735,0.4603,0.4318,44,0.4483,29,0.4483,29,AMD,1,4,755,756
654,164,63,0.4603,0.4787,0.7174,0.2618,0.5873,0.5714,21,0.6667,6,0.6667,6,AMD,1,5,818,819
704,177,63,0.4762,0.5091,0.6965,0.2516,0.4921,0.4615,26,0.5,2,0.5,2,AMD,1,6,881,882
755,189,63,0.4921,0.5449,0.6857,0.2462,0.4444,0.4667,60,0.5,2,0.5,2,AMD,1,7,944,945
805,202,63,0.5397,0.5363,0.6896,0.2482,0.4921,0.5833,12,,0,,0,AMD,1,8,1007,1008
856,214,63,0.5397,0.4793,0.6933,0.25,0.4921,0.5172,58,0.4545,11,0.4,10,AMD,1,9,1070,1071
906,227,63,0.3968,0.5246,0.9212,0.2579,0.381,0.3793,58,0.4,5,0.6667,3,AMD,1,10,1133,1134
956,240,63,0.4762,0.4653,1.1679,0.2711,0.5556,0.5294,34,,0,,0,AMD,1,11,1196,1197
1007,252,63,0.4127,0.4156,0.7008,0.2538,0.4286,0.3611,36,,0,,0,AMD,1,12,1259,1260
1057,265,63,0.4444,0.5253,1.181,0.2772,0.6032,0.8,5,,0,,0,AMD,1,13,1322,1323
1108,277,63,0.4762,0.498,0.6993,0.2529,0.4762,0.4754,61,,0,,0,AMD,1,14,1385,1386
1158,290,63,0.3968,0.4704,0.7066,0.2564,0.5873,0.4444,9,,0,,0,AMD,1,15,1448,1449
1208,303,63,0.4603,0.4625,0.7,0.2534,0.4603,0.4603,63,,0,,0,AMD,1,16,1511,1512
1259,315,63,0.4444,0.4782,0.7118,0.2592,0.4127,0.3902,41,0.4103,39,0.0,1,AMD,1,17,1574,1575
1309,328,63,0.5397,0.497,0.692,0.2494,0.5397,0.5397,63,,0,,0,AMD,1,18,1637,1638
1360,340,63,0.3651,0.4257,0.7074,0.257,0.4127,0.3793,58,0.3333,3,0.3333,3,AMD,1,19,1700,1701
1410,353,63,0.4762,0.4924,0.698,0.2524,0.5397,0.5238,21,0.5238,21,,0,AMD,1,20,1763,1764
1460,366,63,0.3968,0.5011,0.6951,0.2511,0.619,1.0,1,1.0,1,,0,AMD,1,21,1826,1827
1511,378,63,0.5079,0.4783,0.7486,0.2737,0.5238,0.5312,32,0.2857,7,0.2857,7,AMD,1,22,1889,1890
1561,391,63,0.3968,0.3936,0.7073,0.2571,0.4921,0.434,53,,0,,0,AMD,1,23,1952,1953
1612,403,63,0.5238,0.4674,0.7015,0.2542,0.6032,0.5741,54,,0,,0,AMD,1,24,2015,2016
402,101,63,0.5079,0.5827,4.821,0.3851,0.4921,,0,,0,,0,AMPX,1,0,503,504
452,114,63,0.6349,0.4467,0.6896,0.2474,0.3651,0.5,4,0.5,4,,0,AMPX,1,1,566,567
503,126,63,0.4444,0.5761,0.7204,0.2637,0.5714,0.6667,3,1.0,2,1.0,2,AMPX,1,2,629,630
553,139,63,0.5079,0.4693,0.941,0.2649,0.4921,,0,,0,,0,AMPX,1,3,692,693
604,151,63,0.4603,0.5061,0.6942,0.2516,0.4603,0.4603,63,0.5,4,0.5,4,AMPX,1,4,755,756
654,164,63,0.4286,0.4511,0.695,0.2509,0.6032,0.5417,24,0.5417,24,,0,AMPX,1,5,818,819
402,101,63,0.4921,0.5218,0.8705,0.3248,0.5397,1.0,2,,0,,0,AMZN,1,0,503,504
452,114,63,0.4127,0.4673,3.4622,0.4766,0.6508,0.5909,22,1.0,1,,0,AMZN,1,1,566,567
503,126,63,0.619,0.6788,0.6083,0.2156,0.5238,0.5789,57,0.75,16,0.75,16,AMZN,1,2,629,630
553,139,63,0.5397,0.4702,1.2351,0.2973,0.5238,0.5345,58,0.4444,18,0.4444,18,AMZN,1,3,692,693
604,151,63,0.5397,0.4648,0.7478,0.2702,0.5556,0.5577,52,0.5172,29,0.25,4,AMZN,1,4,755,756
654,164,63,0.4762,0.4017,0.7219,0.2642,0.5079,0.4918,61,0.4074,27,0.5,2,AMZN,1,5,818,819
704,177,63,0.5079,0.4859,0.6686,0.2435,0.5079,0.5111,45,0.5,16,0.5333,15,AMZN,1,6,881,882
755,189,63,0.5556,0.5291,1.1807,0.2761,0.4127,0.4737,38,0.2857,14,0.375,8,AMZN,1,7,944,945
805,202,63,0.5079,0.5424,0.6934,0.2501,0.4762,0.4898,49,,0,,0,AMZN,1,8,1007,1008
856,214,63,0.5079,0.4738,0.7052,0.2557,0.5714,0.5532,47,0.0,1,0.0,1,AMZN,1,9,1070,1071
906,227,63,0.4286,0.518,0.6702,0.2394,0.4286,0.4118,51,1.0,4,1.0,4,AMZN,1,10,1133,1134
956,240,63,0.5873,0.5874,0.9317,0.2575,0.4762,0.6,20,0.5556,9,0.5556,9,AMZN,1,11,1196,1197
1007,252,63,0.4921,0.4859,0.7039,0.2552,0.4921,0.4286,7,0.4286,7,0.4286,7,AMZN,1,12,1259,1260
1057,265,63,0.4921,0.6095,0.7074,0.2569,0.6032,0.7143,14,1.0,1,1.0,1,AMZN,1,13,1322,1323
1108,277,63,0.3651,0.3473,0.7468,0.2758,0.5079,0.1667,12,,0,,0,AMZN,1,14,1385,1386
1158,290,63,0.4762,0.4883,0.701,0.2539,0.5556,0.5714,14,,0,,0,AMZN,1,15,1448,1449
1208,303,63,0.4603,0.4657,0.6915,0.2493,0.5238,0.4865,37,1.0,1,1.0,1,AMZN,1,16,1511,1512
1259,315,63,0.4603,0.5316,0.6906,0.2495,0.4444,0.4516,62,,0,,0,AMZN,1,17,1574,1575
1309,328,63,0.5873,0.5,0.9228,0.256,0.6032,0.5968,62,1.0,2,1.0,2,AMZN,1,18,1637,1638
1360,340,63,0.5238,0.5,0.692,0.2494,0.5238,0.5238,63,,0,,0,AMZN,1,19,1700,1701
1410,353,63,0.4603,0.6019,0.693,0.2499,0.4127,0.431,58,,0,,0,AMZN,1,20,1763,1764
1460,366,63,0.5556,0.4657,0.6915,0.2492,0.5873,0.5738,61,1.0,1,1.0,1,AMZN,1,21,1826,1827
1511,378,63,0.5714,0.527,0.6877,0.2473,0.5556,0.5714,56,,0,,0,AMZN,1,22,1889,1890
1561,391,63,0.5873,0.6035,0.6821,0.2443,0.5238,0.6129,31,0.6129,31,,0,AMZN,1,23,1952,1953
1612,403,63,0.4921,0.3289,0.7262,0.266,0.6032,0.5577,52,0.4688,32,0.5,10,AMZN,1,24,2015,2016
402,101,63,0.4762,0.4393,0.9709,0.2789,0.4444,0.4074,27,0.0,6,0.0,6,APLD,1,0,503,504
452,114,63,0.4286,0.4704,0.9545,0.2723,0.5556,0.4286,7,,0,,0,APLD,1,1,566,567
503,126,63,0.5397,0.5525,0.9195,0.2556,0.4762,0.5098,51,,0,,0,APLD,1,2,629,630
553,139,63,0.6032,0.5938,0.6728,0.2401,0.4921,0.5682,44,,0,,0,APLD,1,3,692,693
604,151,63,0.619,0.5828,0.7275,0.256,0.5714,0.6364,44,,0,,0,APLD,1,4,755,756
654,164,63,0.3968,0.4655,0.7012,0.2555,0.4286,0.383,47,1.0,1,1.0,1,APLD,1,5,818,819
704,177,63,0.4127,0.395,0.7427,0.2739,0.5873,0.5,36,1.0,1,1.0,1,APLD,1,6,881,882
755,189,63,0.4603,0.4528,0.7113,0.2589,0.4603,0.4561,57,0.0,3,0.0,3,APLD,1,7,944,945
805,202,63,0.5397,0.5525,1.1411,0.26,0.4762,0.5098,51,,0,,0,APLD,1,8,1007,1008
402,101,63,0.4286,0.5823,1.0259,0.302,0.381,0.3846,52,0.3846,52,0.4615,39,ARM,1,0,503,504
452,114,63,0.4921,0.476,0.7062,0.2564,0.5556,0.5789,19,0.5789,19,,0,ARM,1,1,566,567
402,101,63,0.4127,0.4051,1.4297,0.2951,0.4444,0.3846,39,0.3125,16,0.3125,16,ASAN,1,0,503,504
452,114,63,0.5714,0.5756,0.9182,0.253,0.4603,0.75,4,0.75,4,0.75,4,ASAN,1,1,566,567
503,126,63,0.5397,0.5328,0.6969,0.2517,0.4921,0.5333,30,1.0,1,1.0,1,ASAN,1,2,629,630
553,139,63,0.5079,0.4787,1.1912,0.283,0.4603,0.4667,30,0.4667,30,0.5,6,ASAN,1,3,692,693
604,151,63,0.4921,0.4263,1.67,0.3018,0.4762,0.4444,18,0.4,5,0.4,5,ASAN,1,4,755,756
654,164,63,0.4286,0.4874,0.705,0.2559,0.4762,0.4375,48,,0,,0,ASAN,1,5,818,819
704,177,63,0.5397,0.5735,0.6904,0.2486,0.4444,0.4872,39,0.5,8,0.5,8,ASAN,1,6,881,882
755,189,63,0.4286,0.3891,0.9208,0.2578,0.5079,0.25,8,0.6667,3,0.6667,3,ASAN,1,7,944,945
805,202,63,0.5873,0.6015,1.5703,0.2688,0.4444,0.75,4,1.0,1,1.0,1,ASAN,1,8,1007,1008
856,214,63,0.5079,0.4611,0.6894,0.2483,0.5238,0.625,8,0.7143,7,0.7143,7,ASAN,1,9,1070,1071
906,227,63,0.4603,0.44,1.6492,0.2939,0.4921,0.2,5,0.3333,3,0.3333,3,ASAN,1,10,1133,1134
956,240,63,0.4444,0.4061,0.7096,0.2582,0.4762,0.2727,11,0.3333,3,0.3333,3,ASAN,1,11,1196,1197
1007,252,63,0.4603,0.4311,0.6926,0.2497,0.4286,0.2941,17,,0,,0,ASAN,1,12,1259,1260
1057,265,63,0.5397,0.5046,0.6906,0.2488,0.4603,0.5,2,,0,,0,ASAN,1,13,1322,1323
402,101,63,0.3968,0.3808,0.781,0.289,0.4603,0.3714,35,0.3333,12,0.3636,11,ASTS,1,0,503,504
452,114,63,0.619,0.645,0.6338,0.2266,0.4603,0.6667,15,1.0,3,1.0,1,ASTS,1,1,566,567
503,126,63,0.5079,0.5556,1.1328,0.256,0.4444,0.4211,19,0.5,8,,0,ASTS,1,2,629,630
553,139,63,0.5556,0.6106,0.6716,0.2414,0.5238,0.6923,13,0.75,8,0.7143,7,ASTS,1,3,692,693
604,151,63,0.4286,0.4985,4.4661,0.4042,0.5714,0.5,2,0.5,2,0.5,2,ASTS,1,4,755,756
654,164,63,0.5397,0.5726,0.6826,0.2449,0.4921,0.5833,12,1.0,1,1.0,1,ASTS,1,5,818,819
704,177,63,0.4603,0.4909,0.7313,0.2678,0.4762,0.4677,62,0.4762,21,0.4762,21,ASTS,1,6,881,882
755,189,63,0.4762,0.5541,0.7001,0.2528,0.4127,0.4364,55,,0,,0,ASTS,1,7,944,945
805,202,63,0.4603,0.4532,0.7148,0.2607,0.5714,0.5556,18,0.5,4,0.5,4,ASTS,1,8,1007,1008
856,214,63,0.4762,0.4954,0.692,0.2495,0.5556,0.5833,12,0.6364,11,0.6364,11,ASTS,1,9,1070,1071
906,227,63,0.5397,0.4607,0.9338,0.2612,0.5556,0.5484,62,,0,,0,ASTS,1,10,1133,1134
956,240,63,0.4762,0.4834,0.698,0.2524,0.4921,0.4833,60,,0,,0,ASTS,1,11,1196,1197
402,101,63,0.4444,0.4726,0.936,0.2623,0.4603,0.4516,62,,0,,0,AXP,1,0,503,504
452,114,63,0.4762,0.4909,2.3322,0.3141,0.4921,0.4833,60,0.5,22,0.5,22,AXP,1,1,566,567
503,126,63,0.6349,0.6321,0.6931,0.2476,0.4921,0.6176,34,,0,,0,AXP,1,2,629,630
553,139,63,0.4921,0.5828,0.7989,0.2942,0.5238,0.6667,3,1.0,1,1.0,1,AXP,1,3,692,693
604,151,63,0.4921,0.6168,0.8104,0.3037,0.6349,0.8333,12,0.7778,9,0.7778,9,AXP,1,4,755,756
654,164,63,0.5238,0.5329,0.6982,0.2505,0.5714,0.5714,42,0.6471,34,0.6667,33,AXP,1,5,818,819
704,177,63,0.5397,0.5423,0.719,0.2608,0.4921,0.5312,32,0.5312,32,0.5652,23,AXP,1,6,881,882
755,189,63,0.4603,0.5811,0.7194,0.2621,0.4603,0.4561,57,0.6,25,0.5,12,AXP,1,7,944,945
805,202,63,0.4921,0.4736,1.4217,0.2882,0.5397,0.5625,16,0.5,8,0.5,8,AXP,1,8,1007,1008
856,214,63,0.4921,0.4635,0.709,0.2576,0.4603,0.4286,21,0.4286,21,,0,AXP,1,9,1070,1071
906,227,63,0.4127,0.3735,0.7184,0.2626,0.4444,0.3784,37,0.3333,33,,0,AXP,1,10,1133,1134
956,240,63,0.4762,0.5081,0.6962,0.2515,0.5238,,0,,0,,0,AXP,1,11,1196,1197
1007,252,63,0.619,0.5526,0.6777,0.2438,0.4444,0.8333,6,1.0,1,1.0,1,AXP,1,12,1259,1260
1057,265,63,0.5079,0.5312,0.6791,0.2447,0.5079,1.0,1,1.0,1,1.0,1,AXP,1,13,1322,1323
1108,277,63,0.5079,0.4924,0.955,0.2718,0.4762,0.4909,55,0.4595,37,0.4848,33,AXP,1,14,1385,1386
1158,290,63,0.381,0.513,0.97,0.2804,0.6667,0.6154,13,0.5,10,0.6667,3,AXP,1,15,1448,1449
1208,303,63,0.4603,0.464,0.71,0.2582,0.5397,,0,,0,,0,AXP,1,16,1511,1512
1259,315,63,0.4603,0.5,0.694,0.2505,0.5397,,0,,0,,0,AXP,1,17,1574,1575
1309,328,63,0.6032,0.5047,0.6817,0.2443,0.6032,0.6032,63,0.6111,18,,0,AXP,1,18,1637,1638
1360,340,63,0.6032,0.565,0.6749,0.2409,0.5873,0.62,50,0.6122,49,,0,AXP,1,19,1700,1701
1410,353,63,0.4762,0.454,0.7232,0.2647,0.4762,0.4762,63,0.4318,44,0.4318,44,AXP,1,20,1763,1764
1460,366,63,0.4762,0.5348,1.1592,0.2679,0.5238,0.5,54,0.5,52,0.6,25,AXP,1,21,1826,1827
1511,378,63,0.4444,0.4402,0.7137,0.2603,0.5397,0.4884,43,0.4884,43,0.4884,43,AXP,1,22,1889,1890
1561,391,63,0.5397,0.5512,0.6851,0.246,0.5397,0.5397,63,0.5926,27,0.6667,3,AXP,1,23,1952,1953
1612,403,63,0.5079,0.5475,0.6994,0.253,0.4762,0.4898,49,0.5405,37,0.4545,11,AXP,1,24,2015,2016
402,101,63,0.5079,0.5672,1.8202,0.2801,0.5238,0.5172,58,0.625,16,0.625,16,AZN,1,0,503,504
452,114,63,0.5079,0.5129,0.7438,0.273,0.5714,0.551,49,,0,,0,AZN,1,1,566,567
503,126,63,0.4762,0.5947,0.7011,0.254,0.4286,0.4483,58,0.4464,56,0.6364,11,AZN,1,2,629,630
553,139,63,0.5556,0.5149,0.7228,0.2622,0.5714,0.5769,52,0.5625,32,0.6429,28,AZN,1,3,692,693
604,151,63,0.381,0.3747,0.8853,0.3342,0.4762,0.3333,27,0.2917,24,0.2917,24,AZN,1,4,755,756
654,164,63,0.4603,0.5117,0.6818,0.2451,0.5556,0.6667,3,1.0,2,1.0,2,AZN,1,5,818,819
704,177,63,0.5556,0.5617,0.93,0.2593,0.5556,0.5556,63,0.0,1,0.0,1,AZN,1,6,881,882
755,189,63,0.4444,0.4808,0.691,0.2504,0.4762,0.459,61,1.0,1,1.0,1,AZN,1,7,944,945
805,202,63,0.6032,0.5768,0.6736,0.2406,0.6032,0.6667,39,0.75,8,0.75,8,AZN,1,8,1007,1008
856,214,63,0.4603,0.4732,0.716,0.2613,0.4762,0.4677,62,0.4583,48,,0,AZN,1,9,1070,1071
906,227,63,0.3651,0.3829,0.9638,0.2761,0.4603,0.4,55,0.0,1,0.0,1,AZN,1,10,1133,1134
956,240,63,0.4444,0.5558,1.2182,0.2913,0.6032,0.7143,7,0.7143,7,0.3333,3,AZN,1,11,1196,1197
1007,252,63,0.5714,0.4621,0.9424,0.2652,0.6032,0.5932,59,0.5,4,0.5,4,AZN,1,12,1259,1260
1057,265,63,0.4127,0.5759,0.6966,0.2518,0.4127,0.4127,63,0.75,4,0.75,4,AZN,1,13,1322,1323
1108,277,63,0.5873,0.5859,0.6875,0.2472,0.5238,0.5778,45,,0,,0,AZN,1,14,1385,1386
1158,290,63,0.6032,0.5888,0.6767,0.2418,0.5556,0.6087,46,0.619,42,,0,AZN,1,15,1448,1449
1208,303,63,0.5714,0.4974,0.9351,0.261,0.6032,0.5902,61,0.6667,15,0.6667,15,AZN,1,16,1511,1512
1259,315,63,0.5397,0.5423,0.691,0.2488,0.5556,0.6875,16,0.6667,15,0.5,6,AZN,1,17,1574,1575
1309,328,63,0.4762,0.4844,0.7063,0.258,0.5079,0.4878,41,0.4878,41,1.0,1,AZN,1,18,1637,1638
1360,340,63,0.5079,0.5082,0.6989,0.2528,0.5556,0.5455,44,0.5455,44,0.575,40,AZN,1,19,1700,1701
1410,353,63,0.4603,0.4219,0.7147,0.2606,0.5397,0.5,54,0.5,54,0.5,44,AZN,1,20,1763,1764
1460,366,63,0.5238,0.4657,0.6955,0.2512,0.5238,0.5238,63,0.5,28,,0,AZN,1,21,1826,1827
1511,378,63,0.4603,0.5401,0.703,0.2549,0.4603,0.4603,63,0.6667,6,,0,AZN,1,22,1889,1890
1561,391,63,0.6032,0.4795,0.6878,0.2473,0.6032,0.6032,63,,0,,0,AZN,1,23,1952,1953
1612,403,63,0.4286,0.4823,0.7012,0.2541,0.4127,0.4,50,0.4,10,,0,AZN,1,24,2015,2016
402,101,63,0.4603,0.5226,0.7515,0.2775,0.3968,0.4043,47,0.413,46,0.413,46,BA,1,0,503,504
452,114,63,0.5714,0.5634,0.6839,0.2454,0.4603,0.5455,22,0.5238,21,,0,BA,1,1,566,567
503,126,63,0.4762,0.6702,0.6893,0.2481,0.5238,,0,,0,,0,BA,1,2,629,630
553,139,63,0.5238,0.6278,0.6654,0.2395,0.4603,0.4857,35,1.0,2,1.0,2,BA,1,3,692,693
604,151,63,0.5397,0.5803,0.9445,0.2685,0.4762,0.5217,23,0.5,14,0.6667,9,BA,1,4,755,756
654,164,63,0.5238,0.5112,0.731,0.2674,0.4444,0.4615,26,0.48,25,0.48,25,BA,1,5,818,819
704,177,63,0.4286,0.4372,0.9625,0.2774,0.4286,0.3448,29,0.375,24,0.3913,23,BA,1,6,881,882
755,189,63,0.5556,0.4964,0.7031,0.2541,0.4286,0.4444,9,0.4444,9,,0,BA,1,7,944,945
805,202,63,0.6032,0.4678,0.6841,0.2467,0.4127,1.0,1,,0,,0,BA,1,8,1007,1008
856,214,63,0.5556,0.4821,0.6955,0.2508,0.4444,,0,,0,,0,BA,1,9,1070,1071
906,227,63,0.4286,0.5226,0.7235,0.2658,0.5714,,0,,0,,0,BA,1,10,1133,1134
956,240,63,0.3492,0.4113,0.726,0.2664,0.6508,,0,,0,,0,BA,1,11,1196,1197
1007,252,63,0.5714,0.5117,0.9273,0.258,0.5556,0.5667,60,,0,,0,BA,1,12,1259,1260
1057,265,63,0.4921,0.4995,0.7088,0.2567,0.4921,0.4918,61,,0,,0,BA,1,13,1322,1323
1108,277,63,0.4286,0.5061,1.2007,0.2854,0.4444,0.431,58,0.431,58,,0,BA,1,14,1385,1386
1158,290,63,0.619,0.4038,1.1658,0.2679,0.619,0.619,63,0.575,40,0.25,8,BA,1,15,1448,1449
1208,303,63,0.3968,0.5032,0.7336,0.27,0.3968,0.3968,63,0.4194,31,0.4194,31,BA,1,16,1511,1512
1259,315,63,0.4444,0.4743,0.6988,0.2528,0.5079,0.4706,51,,0,,0,BA,1,17,1574,1575
1309,328,63,0.4444,0.4964,0.7025,0.2546,0.4444,0.4426,61,,0,,0,BA,1,18,1637,1638
1360,340,63,0.4286,0.5135,0.698,0.2524,0.5873,1.0,1,,0,,0,BA,1,19,1700,1701
1410,353,63,0.5556,0.5612,0.6837,0.2452,0.5556,0.6061,33,0.5938,32,0.5,2,BA,1,20,1763,1764
1460,366,63,0.4603,0.5112,0.697,0.252,0.5556,0.6667,3,0.6667,3,1.0,1,BA,1,21,1826,1827
1511,378,63,0.4286,0.5383,1.1832,0.2774,0.4444,0.4259,54,,0,,0,BA,1,22,1889,1890
1561,391,63,0.5397,0.5406,0.7331,0.2592,0.5714,0.5897,39,0.5,10,0.0,1,BA,1,23,1952,1953
1612,403,63,0.4603,0.4606,0.9189,0.2568,0.4762,0.4643,56,,0,,0,BA,1,24,2015,2016
402,101,63,0.4603,0.5046,1.6335,0.2926,0.4444,0.4118,34,0.4118,34,1.0,2,BETR,1,0,503,504
452,114,63,0.5238,0.5634,0.6946,0.2506,0.4603,0.4615,13,0.4615,13,0.4615,13,BETR,1,1,566,567
503,126,63,0.5556,0.5587,0.7088,0.2524,0.5556,0.7059,17,0.6667,15,0.5556,9,BETR,1,2,629,630
402,101,63,0.4603,0.498,0.7165,0.263,0.4762,0.4667,60,0.4667,60,1.0,1,BRKR,1,0,503,504
452,114,63,0.4921,0.5575,0.6915,0.2492,0.4921,0.4921,63,0.5714,21,0.6,10,BRKR,1,1,566,567
503,126,63,0.4127,0.4254,0.7872,0.2945,0.4286,0.3913,46,0.3913,46,0.3462,26,BRKR,1,2,629,630
553,139,63,0.381,0.5022,0.7502,0.2721,0.6349,0.5455,11,,0,,0,BRKR,1,3,692,693
604,151,63,0.5238,0.4763,0.7031,0.2549,0.5714,0.5652,46,0.5652,46,0.5652,46,BRKR,1,4,755,756
654,164,63,0.5397,0.5499,1.7973,0.2719,0.5714,0.6129,31,0.6129,31,0.6129,31,BRKR,1,5,818,819
704,177,63,0.5079,0.4675,0.7364,0.269,0.5397,0.5273,55,0.5273,55,0.4,5,BRKR,1,6,881,882
755,189,63,0.5556,0.5546,1.4168,0.2844,0.4444,0.5,28,0.5,28,0.5833,24,BRKR,1,7,944,945
805,202,63,0.4444,0.4882,0.7411,0.2724,0.4286,0.4333,60,0.375,16,0.375,16,BRKR,1,8,1007,1008
856,214,63,0.4603,0.502,0.6844,0.2469,0.5397,0.5,10,,0,,0,BRKR,1,9,1070,1071
906,227,63,0.5079,0.44,0.6925,0.2505,0.4921,,0,,0,,0,BRKR,1,10,1133,1134
956,240,63,0.4921,0.5156,0.9197,0.2572,0.5079,,0,,0,,0,BRKR,1,11,1196,1197
1007,252,63,0.5556,0.5546,0.6702,0.2396,0.5556,0.5778,45,,0,,0,BRKR,1,12,1259,1260
1057,265,63,0.5397,0.5515,0.6908,0.2488,0.4762,0.5111,45,0.5,44,0.6,5,BRKR,1,13,1322,1323
1108,277,63,0.4762,0.4995,0.6918,0.2508,0.4921,0.4444,18,0.4444,18,,0,BRKR,1,14,1385,1386
1158,290,63,0.4921,0.4667,0.7101,0.2582,0.5079,0.5,42,0.4167,12,0.4167,12,BRKR,1,15,1448,1449
1208,303,63,0.4286,0.3662,0.7226,0.2645,0.5238,0.4651,43,0.1667,6,0.1667,6,BRKR,1,16,1511,1512
1259,315,63,0.4921,0.4856,0.698,0.2525,0.4286,0.4545,55,0.5,6,,0,BRKR,1,17,1574,1575
1309,328,63,0.4762,0.5312,0.6862,0.2465,0.4127,0.4314,51,,0,,0,BRKR,1,18,1637,1638
1360,340,63,0.4444,0.4728,0.6958,0.2513,0.5079,0.4286,21,,0,,0,BRKR,1,19,1700,1701
1410,353,63,0.3968,0.4209,1.1814,0.2786,0.4603,0.3636,33,0.3636,33,0.5714,7,BRKR,1,20,1763,1764
1460,366,63,0.4921,0.4849,0.6969,0.2519,0.4921,0.0,1,,0,,0,BRKR,1,21,1826,1827
1511,378,63,0.4762,0.5616,0.6965,0.2517,0.5238,,0,,0,,0,BRKR,1,22,1889,1890
1561,391,63,0.4444,0.4713,0.7032,0.255,0.4921,0.3333,12,,0,,0,BRKR,1,23,1952,1953
1612,403,63,0.5556,0.5086,1.6384,0.2886,0.4603,1.0,1,1.0,1,,0,BRKR,1,24,2015,2016
402,101,63,0.4603,0.4265,0.7599,0.2766,0.5556,0.5116,43,0.5135,37,0.5135,37,BSX,1,0,503,504
452,114,63,0.5714,0.5294,0.7398,0.2688,0.5397,0.5814,43,0.5814,43,0.3333,3,BSX,1,1,566,567
503,126,63,0.4603,0.449,0.7237,0.2659,0.4762,0.463,54,0.463,54,,0,BSX,1,2,629,630
553,139,63,0.5397,0.572,0.6813,0.2438,0.5397,0.5424,59,0.7143,14,0.7143,14,BSX,1,3,692,693
604,151,63,0.4603,0.6258,0.693,0.25,0.6032,1.0,4,1.0,4,1.0,1,BSX,1,4,755,756
654,164,63,0.4921,0.4985,0.7388,0.27,0.5238,0.5135,37,0.52,25,0.52,25,BSX,1,5,818,819
704,177,63,0.4762,0.5667,0.708,0.2571,0.4762,0.4615,39,0.5312,32,0.5926,27,BSX,1,6,881,882
755,189,63,0.4921,0.567,0.6951,0.2524,0.4921,0.4898,49,0.56,25,0.56,25,BSX,1,7,944,945
805,202,63,0.4603,0.4189,0.7368,0.2712,0.5397,0.5,10,0.5,10,,0,BSX,1,8,1007,1008
856,214,63,0.4921,0.4842,0.7709,0.2825,0.4444,0.4444,36,0.3,10,0.3,10,BSX,1,9,1070,1071
906,227,63,0.3968,0.4199,0.7152,0.2609,0.4921,0.3704,27,,0,,0,BSX,1,10,1133,1134
956,240,63,0.5556,0.5238,0.6929,0.2499,0.5397,0.5536,56,,0,,0,BSX,1,11,1196,1197
1007,252,63,0.5873,0.6642,0.8974,0.247,0.5873,0.7619,21,,0,,0,BSX,1,12,1259,1260
1057,265,63,0.5397,0.5423,0.6937,0.2501,0.4921,0.5312,32,,0,,0,BSX,1,13,1322,1323
1108,277,63,0.619,0.6409,0.6584,0.2339,0.5238,0.6047,43,0.6154,13,,0,BSX,1,14,1385,1386
1158,290,63,0.3968,0.5756,0.7774,0.2868,0.6825,0.7778,9,0.75,4,0.75,4,BSX,1,15,1448,1449
1208,303,63,0.5397,0.548,0.6967,0.2514,0.5238,0.537,54,0.537,54,0.6667,12,BSX,1,16,1511,1512
1259,315,63,0.5397,0.4711,0.7077,0.2567,0.5397,0.5397,63,0.5172,29,0.25,4,BSX,1,17,1574,1575
1309,328,63,0.5397,0.4854,0.6797,0.2448,0.5873,0.5714,56,0.5714,28,0.6667,9,BSX,1,18,1637,1638
1360,340,63,0.6508,0.5909,0.6579,0.2326,0.6508,0.6508,63,0.7778,18,1.0,5,BSX,1,19,1700,1701
1410,353,63,0.5556,0.4939,0.7349,0.2657,0.5556,0.5556,63,0.5556,63,0.5,18,BSX,1,20,1763,1764
1460,366,63,0.4762,0.5758,0.7133,0.2599,0.4762,0.4762,63,0.4762,63,0.6,20,BSX,1,21,1826,1827
1511,378,63,0.4603,0.5999,0.7091,0.2554,0.4603,0.4603,63,0.5556,27,0.8,5,BSX,1,22,1889,1890
1561,391,63,0.4603,0.502,0.7759,0.2842,0.4603,0.4603,63,0.4872,39,0.4444,18,BSX,1,23,1952,1953
1612,403,63,0.4603,0.5669,0.7055,0.2561,0.4603,0.4603,63,0.4783,46,0.8,5,BSX,1,24,2015,2016
402,101,63,0.5079,0.5198,0.6883,0.248,0.4603,0.48,50,0.5556,9,0.5556,9,CAVA,1,0,503,504
452,114,63,0.3492,0.3196,2.6918,0.3638,0.4921,0.3077,26,0.4,5,0.4,5,CAVA,1,1,566,567
503,126,63,0.5556,0.5,0.689,0.2479,0.4444,,0,,0,,0,CAVA,1,2,629,630
402,101,63,0.5238,0.5531,0.6951,0.251,0.4444,0.4783,46,0.4783,46,,0,CI,1,0,503,504
452,114,63,0.5397,0.5182,0.9122,0.2535,0.5238,0.5333,60,,0,,0,CI,1,1,566,567
503,126,63,0.4603,0.5561,2.7349,0.3084,0.4762,0.4565,46,0.6875,16,0.6875,16,CI,1,2,629,630
553,139,63,0.5556,0.6013,0.6998,0.249,0.4921,0.6364,11,0.6667,9,0.6667,9,CI,1,3,692,693
604,151,63,0.4286,0.4652,1.6922,0.3136,0.5873,0.5217,23,0.5,8,0.3333,3,CI,1,4,755,756
654,164,63,0.4603,0.5535,0.7173,0.2615,0.4127,0.431,58,0.4545,11,0.4545,11,CI,1,5,818,819
704,177,63,0.6032,0.5832,0.6723,0.2397,0.5397,0.5918,49,0.5918,49,,0,CI,1,6,881,882
755,189,63,0.4286,0.3884,0.7362,0.2713,0.619,0.5484,31,0.4,5,,0,CI,1,7,944,945
805,202,63,0.5238,0.5232,0.6881,0.2475,0.5238,0.5429,35,1.0,2,1.0,2,CI,1,8,1007,1008
856,214,63,0.5079,0.5419,0.691,0.2491,0.5238,0.5192,52,0.5,30,1.0,2,CI,1,9,1070,1071
906,227,63,0.5397,0.6227,0.6869,0.2469,0.5238,0.5333,60,0.6667,3,0.6667,3,CI,1,10,1133,1134
956,240,63,0.5556,0.499,0.695,0.2507,0.5714,0.5645,62,0.5588,34,0.6364,11,CI,1,11,1196,1197
1007,252,63,0.4921,0.4872,0.7153,0.2612,0.4444,0.4333,30,0.4483,29,0.4483,29,CI,1,12,1259,1260
1057,265,63,0.5238,0.5296,1.1633,0.2669,0.5556,0.6,25,0.5789,19,0.0,2,CI,1,13,1322,1323
1108,277,63,0.6032,0.6125,0.6735,0.2402,0.6349,0.6596,47,0.8095,21,,0,CI,1,14,1385,1386
1158,290,63,0.5873,0.4397,0.699,0.2527,0.5873,0.6038,53,0.5366,41,0.5366,41,CI,1,15,1448,1449
1208,303,63,0.4762,0.3668,0.7195,0.263,0.5714,0.5319,47,0.3636,11,0.3636,11,CI,1,16,1511,1512
1259,315,63,0.5238,0.5156,0.6924,0.2497,0.4921,0.5082,61,0.5082,61,0.0,1,CI,1,17,1574,1575
1309,328,63,0.5556,0.5204,0.6928,0.2497,0.5556,0.5556,63,0.5676,37,0.5556,36,CI,1,18,1637,1638
1360,340,63,0.4921,0.5646,0.7229,0.2642,0.4762,0.4839,62,0.5135,37,0.5135,37,CI,1,19,1700,1701
1410,353,63,0.6032,0.4363,0.6857,0.2463,0.6032,0.6032,63,0.5,22,,0,CI,1,20,1763,1764
1460,366,63,0.4286,0.5165,0.7059,0.2578,0.4286,0.4286,63,0.4595,37,1.0,1,CI,1,21,1826,1827
1511,378,63,0.5397,0.5375,1.599,0.2741,0.5397,0.5397,63,0.6154,13,0.6154,13,CI,1,22,1889,1890
1561,391,63,0.4762,0.4884,0.7036,0.2551,0.4921,0.4839,62,0.4667,15,0.4667,15,CI,1,23,1952,1953
1612,403,63,0.5238,0.4591,0.9419,0.2651,0.5238,0.5238,63,0.0,2,0.0,2,CI,1,24,2015,2016
402,101,63,0.4603,0.4814,0.7086,0.2578,0.4921,0.4754,61,0.4915,59,1.0,1,CNC,1,0,503,504
452,114,63,0.4444,0.4402,0.6964,0.2516,0.5397,0.48,25,,0,,0,CNC,1,1,566,567
503,126,63,0.5079,0.5186,0.6922,0.2495,0.5079,0.5079,63,,0,,0,CNC,1,2,629,630
553,139,63,0.4286,0.4815,0.7405,0.2727,0.4286,0.4286,63,0.4,20,0.4,20,CNC,1,3,692,693
604,151,63,0.4762,0.4301,1.8692,0.2985,0.5556,0.5238,42,0.5122,41,0.4444,9,CNC,1,4,755,756
654,164,63,0.4127,0.3914,0.7216,0.2639,0.5238,0.4444,36,0.0,2,0.0,2,CNC,1,5,818,819
704,177,63,0.5238,0.5108,0.6957,0.2525,0.4286,0.4444,27,0.1667,6,0.0,2,CNC,1,6,881,882
755,189,63,0.4921,0.5152,0.695,0.251,0.5238,1.0,1,1.0,1,,0,CNC,1,7,944,945
805,202,63,0.4762,0.55,0.6693,0.2412,0.5238,,0,,0,,0,CNC,1,8,1007,1008
856,214,63,0.4286,0.5,0.6947,0.2508,0.5714,,0,,0,,0,CNC,1,9,1070,1071
906,227,63,0.4444,0.443,2.1328,0.3181,0.5079,0.4706,51,,0,,0,CNC,1,10,1133,1134
956,240,63,0.4603,0.499,1.181,0.2757,0.4444,0.4516,62,0.5556,9,0.5556,9,CNC,1,11,1196,1197
1007,252,63,0.4762,0.5879,0.7285,0.2607,0.4762,0.4762,63,0.5217,23,0.6875,16,CNC,1,12,1259,1260
1057,265,63,0.5714,0.5596,0.687,0.2469,0.4762,0.5652,23,,0,,0,CNC,1,13,1322,1323
1108,277,63,0.4921,0.5,0.6936,0.2502,0.5079,,0,,0,,0,CNC,1,14,1385,1386
1158,290,63,0.4603,0.4817,0.7015,0.2541,0.5397,,0,,0,,0,CNC,1,15,1448,1449
1208,303,63,0.4603,0.4894,1.4352,0.2954,0.5238,0.3333,3,,0,,0,CNC,1,16,1511,1512
1259,315,63,0.5238,0.497,0.7033,0.2545,0.4762,0.5,48,0.3333,3,0.0,1,CNC,1,17,1574,1575
1309,328,63,0.4762,0.5096,0.7074,0.2569,0.5238,0.5,58,0.6364,11,1.0,4,CNC,1,18,1637,1638
1360,340,63,0.5079,0.5454,3.9307,0.362,0.4921,0.5,56,0.54,50,0.5161,31,CNC,1,19,1700,1701
1410,353,63,0.4762,0.5465,2.3462,0.3173,0.4762,0.4762,63,0.4444,27,0.3846,13,CNC,1,20,1763,1764
1460,366,63,0.4444,0.4327,0.72,0.2633,0.4444,0.434,53,0.3958,48,,0,CNC,1,21,1826,1827
1511,378,63,0.4286,0.5253,0.6978,0.2523,0.6032,0.6667,6,,0,,0,CNC,1,22,1889,1890
1561,391,63,0.4921,0.5421,0.6912,0.249,0.5397,0.55,20,,0,,0,CNC,1,23,1952,1953
1612,403,63,0.5397,0.4584,0.7173,0.2609,0.5873,0.5714,56,0.0,1,0.0,1,CNC,1,24,2015,2016
402,101,63,0.5714,0.5654,0.7117,0.2576,0.4603,0.5417,24,0.5417,24,0.5652,23,COST,1,0,503,504
452,114,63,0.5556,0.5077,0.7447,0.2715,0.5556,0.6061,33,0.6061,33,0.6061,33,COST,1,1,566,567
503,126,63,0.5079,0.5388,0.9431,0.2639,0.5556,0.5714,28,0.7143,14,,0,COST,1,2,629,630
553,139,63,0.4286,0.4209,0.7292,0.2675,0.5397,0.4792,48,0.5385,13,0.5,10,COST,1,3,692,693
604,151,63,0.5238,0.3515,2.1731,0.3352,0.5238,0.5238,63,0.4,30,0.4,30,COST,1,4,755,756
654,164,63,0.5873,0.5185,0.6749,0.2424,0.5714,0.5806,62,,0,,0,COST,1,5,818,819
704,177,63,0.5714,0.4605,0.9317,0.2601,0.6032,0.5902,61,,0,,0,COST,1,6,881,882
755,189,63,0.5397,0.5,0.6909,0.2489,0.5397,0.5397,63,0.5397,63,,0,COST,1,7,944,945
805,202,63,0.5079,0.5,0.6989,0.2528,0.5079,0.5079,63,0.5079,63,,0,COST,1,8,1007,1008
856,214,63,0.5238,0.5263,1.1522,0.2644,0.5238,0.5238,63,0.5323,62,0.6,5,COST,1,9,1070,1071
906,227,63,0.4762,0.5379,0.7132,0.2598,0.4762,0.4762,63,0.4906,53,0.6,5,COST,1,10,1133,1134
956,240,63,0.4286,0.4086,0.9298,0.261,0.4762,0.44,50,0.6,5,0.75,4,COST,1,11,1196,1197
1007,252,63,0.5556,0.5345,1.3803,0.272,0.5397,0.5517,58,0.5,8,0.5,8,COST,1,12,1259,1260
1057,265,63,0.619,0.5908,0.6901,0.2479,0.619,0.6316,57,0.6667,3,0.6667,3,COST,1,13,1322,1323
1108,277,63,0.5714,0.4724,0.688,0.2488,0.5556,0.5741,54,0.25,12,0.5,2,COST,1,14,1385,1386
1158,290,63,0.619,0.5649,0.6897,0.2474,0.6508,0.6667,51,1.0,5,1.0,5,COST,1,15,1448,1449
1208,303,63,0.4762,0.4828,1.4232,0.2874,0.5238,0.5,56,1.0,2,1.0,1,COST,1,16,1511,1512
1259,315,63,0.5079,0.4552,0.7053,0.2558,0.5714,0.551,49,0.551,49,0.5,16,COST,1,17,1574,1575
1309,328,63,0.4921,0.5071,0.7377,0.2704,0.5238,0.5085,59,0.5085,59,0.5,28,COST,1,18,1637,1638
1360,340,63,0.5556,0.4439,0.7013,0.2538,0.5556,0.5556,63,0.4167,12,0.4167,12,COST,1,19,1700,1701
1410,353,63,0.5079,0.5227,0.6948,0.2508,0.5238,0.5208,48,0.5517,29,0.5517,29,COST,1,20,1763,1764
1460,366,63,0.4603,0.4635,0.7246,0.2653,0.4603,0.4603,63,0.4583,24,0.4583,24,COST,1,21,1826,1827
1511,378,63,0.4603,0.4646,1.8838,0.3046,0.4762,0.4667,60,0.4667,60,0.4,10,COST,1,22,1889,1890
1561,391,63,0.4921,0.4204,0.6956,0.2512,0.4921,0.4921,63,,0,,0,COST,1,23,1952,1953
1612,403,63,0.5238,0.498,0.7224,0.2631,0.4921,0.5082,61,0.3333,6,0.3333,6,COST,1,24,2015,2016
402,101,63,0.5079,0.4839,0.7088,0.2567,0.5079,0.5079,63,0.0,1,0.0,1,CRM,1,0,503,504
452,114,63,0.4127,0.4626,0.961,0.2733,0.619,0.5714,14,0.5,2,0.5,2,CRM,1,1,566,567
503,126,63,0.5556,0.5383,0.6832,0.245,0.5556,0.5574,61,0.5763,59,,0,CRM,1,2,629,630
553,139,63,0.5238,0.497,0.7115,0.2586,0.5238,0.5238,63,0.5161,62,0.5172,29,CRM,1,3,692,693
604,151,63,0.4444,0.4677,0.7179,0.2622,0.5238,0.4688,32,0.5217,23,0.5217,23,CRM,1,4,755,756
654,164,63,0.5238,0.5076,0.7061,0.2563,0.4762,0.5,46,0.4667,30,0.5556,9,CRM,1,5,818,819
704,177,63,0.6349,0.4802,0.6998,0.253,0.619,0.6379,58,0.3333,6,,0,CRM,1,6,881,882
755,189,63,0.4444,0.4652,0.7122,0.2594,0.4762,0.4576,59,0.4576,59,,0,CRM,1,7,944,945
805,202,63,0.3968,0.4968,0.7029,0.2549,0.381,0.3793,58,,0,,0,CRM,1,8,1007,1008
856,214,63,0.4921,0.497,0.6958,0.2513,0.5079,0.5,14,0.5,8,,0,CRM,1,9,1070,1071
906,227,63,0.4286,0.4403,2.9006,0.3601,0.4444,0.1667,12,0.1667,12,0.1667,12,CRM,1,10,1133,1134
956,240,63,0.4921,0.4554,0.7125,0.2596,0.5397,0.75,4,,0,,0,CRM,1,11,1196,1197
1007,252,63,0.4603,0.4843,2.3768,0.324,0.5397,,0,,0,,0,CRM,1,12,1259,1260
1057,265,63,0.4762,0.4646,0.7431,0.2693,0.5238,0.5,24,,0,,0,CRM,1,13,1322,1323
1108,277,63,0.5238,0.4333,0.6936,0.2502,0.5238,0.5238,63,,0,,0,CRM,1,14,1385,1386
1158,290,63,0.6032,0.5343,0.709,0.2537,0.5873,0.6111,54,,0,,0,CRM,1,15,1448,1449
1208,303,63,0.4444,0.449,0.7098,0.2583,0.4762,0.4576,59,0.4483,58,,0,CRM,1,16,1511,1512
1259,315,63,0.4762,0.4939,0.6893,0.2495,0.5238,0.5,30,1.0,1,1.0,1,CRM,1,17,1574,1575
1309,328,63,0.6032,0.5175,0.6861,0.2451,0.5714,0.5932,59,0.6,5,0.6,5,CRM,1,18,1637,1638
1360,340,63,0.4762,0.4703,0.9695,0.2704,0.5079,0.4915,59,,0,,0,CRM,1,19,1700,1701
1410,353,63,0.4921,0.3737,0.7645,0.2834,0.4762,0.4839,62,0.3333,21,0.3333,21,CRM,1,20,1763,1764
1460,366,63,0.5079,0.5877,0.6886,0.2477,0.5079,0.5082,61,0.65,20,,0,CRM,1,21,1826,1827
1511,378,63,0.4921,0.4111,0.7054,0.2561,0.5238,0.5098,51,0.3333,3,0.5,2,CRM,1,22,1889,1890
1561,391,63,0.4762,0.448,0.6989,0.2529,0.4762,0.4754,61,,0,,0,CRM,1,23,1952,1953
1612,403,63,0.5238,0.4128,0.9416,0.265,0.5079,0.5161,62,0.4545,11,0.4545,11,CRM,1,24,2015,2016
402,101,63,0.4444,0.4483,0.7028,0.2548,0.5397,0.4762,21,,0,,0,CRWD,1,0,503,504
452,114,63,0.4762,0.4707,0.7042,0.2561,0.4762,0.4737,57,0.0,2,0.0,2,CRWD,1,1,566,567
503,126,63,0.619,0.5717,0.6752,0.241,0.5873,0.614,57,1.0,2,1.0,2,CRWD,1,2,629,630
553,139,63,0.5079,0.4541,1.2112,0.287,0.5556,0.5345,58,0.5,16,,0,CRWD,1,3,692,693
604,151,63,0.4603,0.6065,0.6899,0.2487,0.4603,0.4603,63,0.6667,15,0.6667,15,CRWD,1,4,755,756
654,164,63,0.4921,0.4837,0.9273,0.261,0.3651,0.3636,33,0.3636,33,,0,CRWD,1,5,818,819
704,177,63,0.4762,0.4615,0.9664,0.2771,0.5397,1.0,1,1.0,1,,0,CRWD,1,6,881,882
755,189,63,0.4603,0.3808,0.7162,0.2614,0.5397,,0,,0,,0,CRWD,1,7,944,945
805,202,63,0.3651,0.5,0.7079,0.2574,0.6349,,0,,0,,0,CRWD,1,8,1007,1008
856,214,63,0.6508,0.4873,0.676,0.2413,0.6508,0.6508,63,0.0,1,0.0,1,CRWD,1,9,1070,1071
906,227,63,0.5079,0.5575,0.7016,0.2541,0.5079,0.5079,63,0.5079,63,0.5789,19,CRWD,1,10,1133,1134
956,240,63,0.5238,0.6379,0.6769,0.2421,0.5238,0.5254,59,0.5854,41,0.6667,24,CRWD,1,11,1196,1197
1007,252,63,0.6032,0.604,0.6816,0.2437,0.5397,0.5789,57,0.619,42,0.6087,23,CRWD,1,12,1259,1260
1057,265,63,0.4286,0.3904,0.9597,0.2748,0.5238,0.4681,47,0.4,15,0.4,15,CRWD,1,13,1322,1323
1108,277,63,0.5397,0.5909,0.682,0.2445,0.5238,0.5345,58,0.5714,35,0.65,20,CRWD,1,14,1385,1386
1158,290,63,0.5397,0.5563,0.689,0.2479,0.5397,0.5397,63,,0,,0,CRWD,1,15,1448,1449
1208,303,63,0.4921,0.5247,0.6983,0.2526,0.4762,0.4828,58,0.5172,29,0.6667,3,CRWD,1,16,1511,1512
1259,315,63,0.5238,0.546,0.6901,0.2485,0.5238,0.5294,51,0.5333,30,1.0,2,CRWD,1,17,1574,1575
1309,328,63,0.5238,0.5423,0.691,0.249,0.5556,0.5641,39,0.6667,3,0.6667,3,CRWD,1,18,1637,1638
402,101,63,0.5238,0.5217,0.9257,0.26,0.5238,0.5238,63,0.5319,47,0.5319,47,DDOG,1,0,503,504
452,114,63,0.5714,0.5788,0.7139,0.257,0.4762,0.5319,47,0.5,6,0.5,6,DDOG,1,1,566,567
503,126,63,0.5397,0.5821,0.6959,0.2514,0.4444,0.4909,55,0.4909,55,,0,DDOG,1,2,629,630
553,139,63,0.5556,0.5091,1.8329,0.2836,0.4603,0.5385,13,0.5385,13,0.5385,13,DDOG,1,3,692,693
604,151,63,0.4286,0.4235,3.7828,0.3839,0.4444,0.3889,36,0.2778,18,0.2778,18,DDOG,1,4,755,756
654,164,63,0.5238,0.546,0.6887,0.2478,0.4762,,0,,0,,0,DDOG,1,5,818,819
704,177,63,0.3492,0.3718,0.9637,0.3432,0.619,0.4444,18,,0,,0,DDOG,1,6,881,882
755,189,63,0.5238,0.5,0.692,0.2494,0.5238,0.5238,63,,0,,0,DDOG,1,7,944,945
805,202,63,0.5079,0.4553,0.7066,0.2566,0.6032,0.5745,47,0.5745,47,,0,DDOG,1,8,1007,1008
856,214,63,0.4921,0.5469,0.7023,0.2545,0.4921,0.4921,63,0.4921,63,,0,DDOG,1,9,1070,1071
906,227,63,0.6032,0.5882,0.6755,0.2411,0.5397,0.5789,57,0.5893,56,0.5893,56,DDOG,1,10,1133,1134
956,240,63,0.5238,0.5641,0.6926,0.2497,0.5238,0.5246,61,0.5676,37,0.5588,34,DDOG,1,11,1196,1197
1007,252,63,0.4444,0.4222,1.8822,0.3034,0.5238,0.4792,48,0.5,8,0.4286,7,DDOG,1,12,1259,1260
1057,265,63,0.4444,0.4892,2.401,0.3338,0.4286,0.4048,42,0.4359,39,0.4,15,DDOG,1,13,1322,1323
1108,277,63,0.4603,0.4834,0.6995,0.2532,0.5873,0.5789,19,0.5556,18,,0,DDOG,1,14,1385,1386
1158,290,63,0.4444,0.5061,0.6934,0.2501,0.4444,0.4444,63,0.6667,6,,0,DDOG,1,15,1448,1449
1208,303,63,0.3333,0.3849,0.748,0.2765,0.3175,0.3103,58,0.1111,9,0.125,8,DDOG,1,16,1511,1512
1259,315,63,0.4762,0.5214,0.9438,0.2662,0.5556,0.6667,6,,0,,0,DDOG,1,17,1574,1575
402,101,63,0.5714,0.5105,0.9218,0.2557,0.3968,0.4545,22,0.5,2,0.5,2,DNA,1,0,503,504
452,114,63,0.5238,0.4381,0.7458,0.2748,0.4603,0.3333,3,1.0,1,1.0,1,DNA,1,1,566,567
503,126,63,0.4921,0.5227,0.819,0.3068,0.3492,0.375,40,0.3529,34,0.3529,34,DNA,1,2,629,630
553,139,63,0.5079,0.3306,1.0161,0.298,0.5079,0.5556,9,0.6667,6,0.6,5,DNA,1,3,692,693
604,151,63,0.4762,0.5147,0.7266,0.2664,0.5397,1.0,1,1.0,1,1.0,1,DNA,1,4,755,756
654,164,63,0.5714,0.4696,1.8788,0.2998,0.3651,0.25,8,0.25,8,0.25,8,DNA,1,5,818,819
704,177,63,0.4762,0.4848,0.7066,0.2566,0.5238,,0,,0,,0,DNA,1,6,881,882
755,189,63,0.5079,0.497,1.3948,0.2766,0.4921,,0,,0,,0,DNA,1,7,944,945
805,202,63,0.5079,0.4516,0.6991,0.2529,0.4921,,0,,0,,0,DNA,1,8,1007,1008
856,214,63,0.4921,0.5156,0.6943,0.2506,0.4921,0.0,1,0.0,1,,0,DNA,1,9,1070,1071
402,101,63,0.4286,0.5,0.7565,0.2808,0.6984,0.75,16,0.0,2,0.0,2,DUOL,1,0,503,504
452,114,63,0.4603,0.5015,1.8842,0.3068,0.4603,0.4603,63,0.4603,63,0.4231,26,DUOL,1,1,566,567
503,126,63,0.4444,0.5107,0.9481,0.2697,0.4444,0.4444,63,0.4545,55,0.4,5,DUOL,1,2,629,630
553,139,63,0.5238,0.5101,0.7205,0.2627,0.4603,0.4737,19,0.4737,19,0.4737,19,DUOL,1,3,692,693
604,151,63,0.4127,0.4537,0.9621,0.2752,0.5714,0.3333,3,,0,,0,DUOL,1,4,755,756
654,164,63,0.4603,0.4939,1.1791,0.2752,0.5238,0.4286,7,0.4286,7,0.4286,7,DUOL,1,5,818,819
704,177,63,0.5556,0.4468,0.7278,0.2638,0.6032,0.6136,44,1.0,1,1.0,1,DUOL,1,6,881,882
755,189,63,0.4603,0.3879,0.7338,0.2699,0.4603,0.4603,63,0.32,25,0.32,25,DUOL,1,7,944,945
805,202,63,0.4762,0.5146,0.7053,0.2561,0.4127,0.434,53,0.42,50,,0,DUOL,1,8,1007,1008
856,214,63,0.3651,0.3727,1.2147,0.2896,0.4127,0.3409,44,0.0,4,0.0,3,DUOL,1,9,1070,1071
402,101,63,0.5397,0.5357,0.6935,0.2502,0.5556,0.5882,34,,0,,0,ETSY,1,0,503,504
452,114,63,0.5397,0.5766,0.6904,0.2486,0.5397,0.5397,63,0.5,2,,0,ETSY,1,1,566,567
503,126,63,0.4603,0.4606,0.7018,0.2543,0.5238,0.4839,31,0.4839,31,,0,ETSY,1,2,629,630
553,139,63,0.619,0.5774,0.6638,0.2369,0.6032,0.64,50,0.6304,46,1.0,1,ETSY,1,3,692,693
604,151,63,0.5397,0.5398,0.686,0.2467,0.5079,0.5366,41,1.0,1,1.0,1,ETSY,1,4,755,756
654,164,63,0.5397,0.4097,0.7158,0.2609,0.5397,0.5397,63,0.4889,45,0.4,10,ETSY,1,5,818,819
704,177,63,0.5556,0.5099,0.6883,0.2476,0.5873,0.5789,57,0.5938,32,0.75,4,ETSY,1,6,881,882
755,189,63,0.381,0.4744,0.7509,0.2756,0.381,0.381,63,0.3478,23,0.5,4,ETSY,1,7,944,945
805,202,63,0.4603,0.425,0.7269,0.2659,0.4444,0.3929,28,0.2727,11,,0,ETSY,1,8,1007,1008
856,214,63,0.4921,0.4839,0.6988,0.2528,0.5079,0.5,20,0.2857,7,,0,ETSY,1,9,1070,1071
906,227,63,0.4603,0.4465,0.7147,0.2604,0.5238,0.4839,31,,0,,0,ETSY,1,10,1133,1134
956,240,63,0.4444,0.6,0.6988,0.2528,0.5556,,0,,0,,0,ETSY,1,11,1196,1197
1007,252,63,0.5238,0.5031,0.6929,0.2498,0.4286,0.4667,45,0.3704,27,0.5,2,ETSY,1,12,1259,1260
1057,265,63,0.4603,0.4262,0.712,0.2589,0.4127,0.375,32,0.0,1,0.0,1,ETSY,1,13,1322,1323
1108,277,63,0.6349,0.5109,0.6768,0.2419,0.3651,,0,,0,,0,ETSY,1,14,1385,1386
1158,290,63,0.4921,0.4808,0.706,0.2559,0.4762,0.4545,22,,0,,0,ETSY,1,15,1448,1449
1208,303,63,0.4921,0.4763,0.7008,0.2536,0.4762,0.3333,6,,0,,0,ETSY,1,16,1511,1512
1259,315,63,0.6349,0.6182,0.6275,0.2224,0.4762,1.0,7,1.0,7,1.0,7,ETSY,1,17,1574,1575
1309,328,63,0.5238,0.4743,0.7023,0.2545,0.4921,0.6,5,,0,,0,ETSY,1,18,1637,1638
1360,340,63,0.4921,0.4682,0.7124,0.2595,0.5079,0.5,38,0.3846,13,0.375,8,ETSY,1,19,1700,1701
1410,353,63,0.4921,0.4788,0.9775,0.2716,0.5079,0.5,50,0.4615,13,0.5455,11,ETSY,1,20,1763,1764
1460,366,63,0.5238,0.5474,0.6966,0.2516,0.6032,0.6429,28,0.75,4,0.0,1,ETSY,1,21,1826,1827
1511,378,63,0.5714,0.5563,0.6844,0.2457,0.5397,0.5714,49,,0,,0,ETSY,1,22,1889,1890
1561,391,63,0.619,0.5939,0.6755,0.2412,0.5238,0.5918,49,,0,,0,ETSY,1,23,1952,1953
1612,403,63,0.4603,0.4662,0.7147,0.2606,0.4921,0.4694,49,0.4667,45,0.5,2,ETSY,1,24,2015,2016
402,101,63,0.381,0.4434,1.0108,0.2955,0.5714,0.4286,21,0.4286,21,0.4286,21,FIVN,1,0,503,504
452,114,63,0.5556,0.5325,2.0627,0.2908,0.5397,0.56,50,0.56,50,,0,FIVN,1,1,566,567
503,126,63,0.5238,0.5426,0.9973,0.2793,0.5397,0.5417,48,0.5417,48,0.6364,22,FIVN,1,2,629,630
553,139,63,0.5556,0.5333,1.1524,0.2627,0.5873,0.5738,61,0.6667,15,1.0,2,FIVN,1,3,692,693
604,151,63,0.4921,0.4772,1.1851,0.2786,0.5397,0.5167,60,0.5172,58,0.56,25,FIVN,1,4,755,756
654,164,63,0.5238,0.5444,0.7288,0.265,0.5238,0.5238,63,0.5686,51,0.25,8,FIVN,1,5,818,819
704,177,63,0.4444,0.4422,0.7172,0.2619,0.4603,0.45,60,0.4,30,,0,FIVN,1,6,881,882
755,189,63,0.4603,0.5827,0.6935,0.2502,0.4603,0.4603,63,,0,,0,FIVN,1,7,944,945
805,202,63,0.4921,0.5202,0.6913,0.2491,0.5079,0.5,2,,0,,0,FIVN,1,8,1007,1008
856,214,63,0.5714,0.568,0.6844,0.2457,0.4921,0.5833,24,0.6667,3,0.6667,3,FIVN,1,9,1070,1071
906,227,63,0.5238,0.4733,0.6954,0.2511,0.4286,0.2,5,0.5,2,1.0,1,FIVN,1,10,1133,1134
956,240,63,0.4286,0.4546,0.7227,0.2646,0.5556,0.0,1,0.0,1,,0,FIVN,1,11,1196,1197
1007,252,63,0.619,0.5256,0.6826,0.2448,0.381,,0,,0,,0,FIVN,1,12,1259,1260
1057,265,63,0.4444,0.5919,0.6847,0.2483,0.5238,0.4,10,0.4,10,0.6,5,FIVN,1,13,1322,1323
1108,277,63,0.5079,0.461,0.9345,0.2615,0.4603,0.3333,6,0.0,1,0.0,1,FIVN,1,14,1385,1386
1158,290,63,0.4921,0.6081,0.6859,0.2465,0.5238,1.0,1,,0,,0,FIVN,1,15,1448,1449
1208,303,63,0.4921,0.4255,0.7144,0.2615,0.4603,0.4694,49,0.2857,14,0.2857,14,FIVN,1,16,1511,1512
1259,315,63,0.5238,0.512,0.715,0.2528,0.3651,0.3793,29,0.5,2,0.5,2,FIVN,1,17,1574,1575
1309,328,63,0.4603,0.4535,0.9429,0.2658,0.4762,0.3,10,0.0,1,0.0,1,FIVN,1,18,1637,1638
1360,340,63,0.4603,0.5081,0.7043,0.2556,0.5397,,0,,0,,0,FIVN,1,19,1700,1701
1410,353,63,0.619,0.4723,1.1618,0.2661,0.3492,0.0,2,0.0,2,0.0,2,FIVN,1,20,1763,1764
1460,366,63,0.5079,0.5,0.697,0.2519,0.4921,,0,,0,,0,FIVN,1,21,1826,1827
1511,378,63,0.6032,0.6211,0.6726,0.2398,0.3968,,0,,0,,0,FIVN,1,22,1889,1890
1561,391,63,0.6508,0.6087,0.6691,0.238,0.4444,0.75,12,,0,,0,FIVN,1,23,1952,1953
1612,403,63,0.4762,0.5474,0.7078,0.2573,0.5556,0.5625,16,0.6667,3,0.6667,3,FIVN,1,24,2015,2016
402,101,63,0.5079,0.477,0.7182,0.2617,0.4444,0.4667,45,0.4667,45,0.3333,12,FSLY,1,0,503,504
452,114,63,0.4603,0.5426,0.6963,0.2516,0.5397,,0,,0,,0,FSLY,1,1,566,567
503,126,63,0.3651,0.4418,0.6985,0.2527,0.3492,0.3393,56,,0,,0,FSLY,1,2,629,630
553,139,63,0.5238,0.5,0.6939,0.2504,0.4762,,0,,0,,0,FSLY,1,3,692,693
604,151,63,0.5714,0.5585,0.9441,0.2644,0.4921,0.6111,18,0.5,2,0.5,2,FSLY,1,4,755,756
654,164,63,0.5714,0.6053,0.9174,0.2531,0.4921,0.6,20,0.6,20,0.0,2,FSLY,1,5,818,819
704,177,63,0.4921,0.4587,0.7926,0.2946,0.5556,0.6154,13,0.5,4,0.5,4,FSLY,1,6,881,882
755,189,63,0.5397,0.5464,0.6788,0.2432,0.5079,0.8,5,0.8,5,0.8,5,FSLY,1,7,944,945
805,202,63,0.4286,0.4338,0.9435,0.2661,0.5238,0.4444,27,0.5,8,0.5,8,FSLY,1,8,1007,1008
856,214,63,0.4127,0.3959,0.7646,0.2846,0.4444,0.4,45,0.2667,15,0.2667,15,FSLY,1,9,1070,1071
906,227,63,0.6825,0.6919,0.6756,0.2412,0.4762,0.6562,32,,0,,0,FSLY,1,10,1133,1134
956,240,63,0.5238,0.571,0.6738,0.2404,0.3492,0.4,40,,0,,0,FSLY,1,11,1196,1197
1007,252,63,0.5556,0.5459,0.918,0.2534,0.4444,,0,,0,,0,FSLY,1,12,1259,1260
1057,265,63,0.4603,0.5495,0.6893,0.2522,0.5556,1.0,1,1.0,1,1.0,1,FSLY,1,13,1322,1323
1108,277,63,0.5079,0.5442,0.6835,0.2454,0.4286,0.4583,48,,0,,0,FSLY,1,14,1385,1386
1158,290,63,0.5397,0.5126,0.9301,0.2602,0.4921,0.625,8,0.625,8,0.0,1,FSLY,1,15,1448,1449
1208,303,63,0.4444,0.5,0.9543,0.2713,0.5556,,0,,0,,0,FSLY,1,16,1511,1512
1259,315,63,0.4762,0.5499,0.6942,0.2506,0.4286,0.4444,54,,0,,0,FSLY,1,17,1574,1575
1309,328,63,0.5238,0.5272,0.6915,0.2492,0.4921,0.5111,45,,0,,0,FSLY,1,18,1637,1638
402,101,63,0.5079,0.5222,0.6992,0.2525,0.5238,0.6,10,0.6,10,0.5556,9,FTNT,1,0,503,504
452,114,63,0.5714,0.4878,0.7066,0.2566,0.5556,0.5645,62,0.4444,9,0.4444,9,FTNT,1,1,566,567
503,126,63,0.5397,0.4544,0.6948,0.2509,0.5397,0.551,49,0.44,25,1.0,1,FTNT,1,2,629,630
553,139,63,0.619,0.5128,0.671,0.239,0.619,0.619,63,0.619,63,,0,FTNT,1,3,692,693
604,151,63,0.6032,0.5421,1.1677,0.2664,0.6032,0.6275,51,0.6122,49,0.6316,38,FTNT,1,4,755,756
654,164,63,0.6349,0.5054,0.6708,0.239,0.6349,0.6349,63,0.6286,35,0.6667,15,FTNT,1,5,818,819
704,177,63,0.6032,0.4274,0.6963,0.2512,0.6032,0.6032,63,0.5429,35,0.5429,35,FTNT,1,6,881,882
755,189,63,0.4762,0.5192,0.9658,0.2775,0.4762,0.4762,63,0.4762,63,0.5,36,FTNT,1,7,944,945
805,202,63,0.4762,0.5908,0.6972,0.252,0.4603,0.4677,62,0.5769,26,0.5769,26,FTNT,1,8,1007,1008
856,214,63,0.619,0.601,1.1332,0.2534,0.5556,0.6,55,0.6452,31,0.3333,3,FTNT,1,9,1070,1071
906,227,63,0.4921,0.4838,0.7009,0.2538,0.5238,0.5082,61,0.5102,49,,0,FTNT,1,10,1133,1134
956,240,63,0.4921,0.5375,0.6879,0.2478,0.4603,0.4737,57,1.0,1,1.0,1,FTNT,1,11,1196,1197
1007,252,63,0.5079,0.5106,0.7012,0.2538,0.5079,0.5094,53,1.0,1,1.0,1,FTNT,1,12,1259,1260
1057,265,63,0.4127,0.5053,0.7017,0.2543,0.6032,0.5714,7,0.5714,7,,0,FTNT,1,13,1322,1323
1108,277,63,0.4921,0.5026,0.7079,0.2571,0.4444,0.4655,58,0.4524,42,0.0,2,FTNT,1,14,1385,1386
1158,290,63,0.5556,0.5593,0.6854,0.2462,0.5873,0.5849,53,0.7692,13,0.75,4,FTNT,1,15,1448,1449
1208,303,63,0.6667,0.6636,0.6805,0.2437,0.4762,0.6364,33,0.0,2,,0,FTNT,1,16,1511,1512
1259,315,63,0.5238,0.453,0.7254,0.2653,0.5238,0.5246,61,0.4872,39,0.4872,39,FTNT,1,17,1574,1575
1309,328,63,0.6508,0.6442,0.6669,0.2398,0.619,0.7073,41,,0,,0,FTNT,1,18,1637,1638
1360,340,63,0.4444,0.4357,1.6883,0.3121,0.5714,0.5152,33,0.5312,32,,0,FTNT,1,19,1700,1701
1410,353,63,0.5079,0.4689,1.4169,0.2845,0.5556,0.5333,60,0.5417,24,,0,FTNT,1,20,1763,1764
1460,366,63,0.5079,0.497,0.7088,0.2576,0.5079,0.5079,63,0.5254,59,0.4815,27,FTNT,1,21,1826,1827
1511,378,63,0.5714,0.5923,0.6759,0.2415,0.5556,0.5645,62,0.8,10,,0,FTNT,1,22,1889,1890
1561,391,63,0.5079,0.5297,0.9328,0.2608,0.5079,0.5082,61,0.5172,58,,0,FTNT,1,23,1952,1953
1612,403,63,0.5397,0.4449,0.9421,0.2651,0.5873,0.569,58,0.5,4,0.5,4,FTNT,1,24,2015,2016
402,101,63,0.619,0.6235,0.7251,0.2519,0.4444,0.5769,26,0.3333,3,0.0,2,GM,1,0,503,504
452,114,63,0.4444,0.4435,0.7389,0.2707,0.4921,0.1667,6,,0,,0,GM,1,1,566,567
503,126,63,0.4444,0.5077,2.3648,0.3293,0.5556,0.5,6,,0,,0,GM,1,2,629,630
553,139,63,0.4921,0.4939,0.7054,0.2561,0.5397,0.5714,14,0.5714,14,,0,GM,1,3,692,693
604,151,63,0.3968,0.3727,0.7075,0.258,0.4603,0.3902,41,0.0,1,0.0,1,GM,1,4,755,756
654,164,63,0.5079,0.4954,0.7201,0.2626,0.4603,0.45,20,0.45,20,0.45,20,GM,1,5,818,819
704,177,63,0.5397,0.55,0.6903,0.2486,0.4762,1.0,1,,0,,0,GM,1,6,881,882
755,189,63,0.5238,0.5015,0.6926,0.2497,0.4762,0.5,2,,0,,0,GM,1,7,944,945
805,202,63,0.5079,0.39,0.7262,0.2639,0.381,0.2308,13,0.2,5,0.25,4,GM,1,8,1007,1008
856,214,63,0.4603,0.5096,0.7051,0.2558,0.5397,,0,,0,,0,GM,1,9,1070,1071
906,227,63,0.4444,0.4964,0.7102,0.2585,0.5556,0.5,10,0.5556,9,0.5556,9,GM,1,10,1133,1134
956,240,63,0.3333,0.4128,0.7114,0.2593,0.5397,0.2143,14,0.5,6,,0,GM,1,11,1196,1197
1007,252,63,0.4921,0.4315,0.6999,0.2533,0.4603,0.2,5,0.25,4,0.5,2,GM,1,12,1259,1260
1057,265,63,0.4762,0.4721,2.6127,0.3396,0.6032,0.561,41,,0,,0,GM,1,13,1322,1323
1108,277,63,0.4444,0.5204,0.704,0.2554,0.4444,0.4444,63,0.6667,3,0.0,1,GM,1,14,1385,1386
1158,290,63,0.4921,0.4856,0.718,0.262,0.5714,0.5357,56,,0,,0,GM,1,15,1448,1449
1208,303,63,0.4762,0.5795,0.7223,0.264,0.5873,0.7,10,1.0,1,,0,GM,1,16,1511,1512
1259,315,63,0.5238,0.4985,0.6926,0.2497,0.5238,0.5238,63,0.5,2,,0,GM,1,17,1574,1575
1309,328,63,0.6508,0.5,0.6734,0.2402,0.6508,0.6508,63,,0,,0,GM,1,18,1637,1638
1360,340,63,0.5238,0.5995,0.6855,0.2462,0.5238,0.5238,63,0.6061,33,,0,GM,1,19,1700,1701
1410,353,63,0.5556,0.5061,0.6866,0.2467,0.5556,0.5556,63,0.5556,36,,0,GM,1,20,1763,1764
1460,366,63,0.5714,0.4475,0.6968,0.2517,0.5714,0.5714,63,0.5122,41,0.525,40,GM,1,21,1826,1827
1511,378,63,0.4762,0.4854,0.7053,0.256,0.4762,0.4762,63,0.4667,30,0.3333,3,GM,1,22,1889,1890
1561,391,63,0.4127,0.43,2.6703,0.3604,0.619,0.5417,24,0.75,4,,0,GM,1,23,1952,1953
1612,403,63,0.4127,0.4878,1.669,0.3038,0.4444,0.4118,51,0.4468,47,,0,GM,1,24,2015,2016
402,101,63,0.4603,0.4667,0.7843,0.2889,0.5079,0.4667,30,0.4667,30,0.4211,19,GME,1,0,503,504
452,114,63,0.5873,0.5584,0.6831,0.242,0.3968,0.4444,9,,0,,0,GME,1,1,566,567
503,126,63,0.3968,0.5642,0.7295,0.2667,0.6032,,0,,0,,0,GME,1,2,629,630
553,139,63,0.5238,0.4806,0.7209,0.2623,0.5556,0.5472,53,0.5,6,0.5,6,GME,1,3,692,693
604,151,63,0.4921,0.5619,0.6942,0.2506,0.4127,0.4464,56,0.4464,56,,0,GME,1,4,755,756
654,164,63,0.6349,0.6633,0.845,0.2263,0.4603,0.575,40,1.0,1,1.0,1,GME,1,5,818,819
704,177,63,0.4286,0.4234,0.9647,0.2762,0.4921,0.4419,43,0.3333,3,0.3333,3,GME,1,6,881,882
755,189,63,0.5556,0.5077,0.6934,0.25,0.4444,0.5,6,0.5,6,0.5,6,GME,1,7,944,945
805,202,63,0.5397,0.5106,0.6898,0.2483,0.4603,,0,,0,,0,GME,1,8,1007,1008
856,214,63,0.4444,0.4899,0.7002,0.2533,0.5079,0.4118,17,0.6667,3,0.6667,3,GME,1,9,1070,1071
906,227,63,0.4444,0.4136,0.7527,0.2706,0.4762,0.4,25,,0,,0,GME,1,10,1133,1134
956,240,63,0.5714,0.6018,0.6789,0.2429,0.4921,0.625,16,,0,,0,GME,1,11,1196,1197
1007,252,63,0.4603,0.5189,0.7141,0.2594,0.4444,0.44,50,0.5,14,0.5714,7,GME,1,12,1259,1260
1057,265,63,0.5714,0.5907,0.6839,0.2454,0.5079,0.6923,13,,0,,0,GME,1,13,1322,1323
1108,277,63,0.5238,0.4979,0.7127,0.2593,0.381,0.4118,34,0.2,10,0.2222,9,GME,1,14,1385,1386
1158,290,63,0.5873,0.6337,0.8928,0.2439,0.4444,0.55,20,,0,,0,GME,1,15,1448,1449
1208,303,63,0.5238,0.4672,0.7404,0.2656,0.5238,0.5385,39,,0,,0,GME,1,16,1511,1512
1259,315,63,0.4444,0.4412,1.736,0.3001,0.4603,0.4118,34,,0,,0,GME,1,17,1574,1575
1309,328,63,0.5556,0.5369,0.6896,0.2481,0.4762,0.6667,6,,0,,0,GME,1,18,1637,1638
1360,340,63,0.4762,0.4747,0.7264,0.266,0.5238,,0,,0,,0,GME,1,19,1700,1701
1410,353,63,0.5714,0.552,0.6911,0.249,0.4444,0.5185,27,,0,,0,GME,1,20,1763,1764
1460,366,63,0.5873,0.604,0.6829,0.2449,0.4762,0.6429,14,,0,,0,GME,1,21,1826,1827
1511,378,63,0.5397,0.547,0.7172,0.2606,0.5238,0.6111,18,,0,,0,GME,1,22,1889,1890
1561,391,63,0.4444,0.4746,0.7061,0.2564,0.4603,0.3929,28,0.0,1,,0,GME,1,23,1952,1953
1612,403,63,0.5556,0.5212,0.691,0.2488,0.5238,0.7273,11,,0,,0,GME,1,24,2015,2016
402,101,63,0.4762,0.4665,0.7496,0.277,0.5397,0.5135,37,0.5135,37,0.5135,37,GOOG,1,0,503,504
452,114,63,0.5556,0.4412,0.6901,0.2485,0.6508,0.6226,53,0.6,10,,0,GOOG,1,1,566,567
503,126,63,0.5714,0.5,0.6841,0.2455,0.5714,0.5714,63,0.5714,63,,0,GOOG,1,2,629,630
553,139,63,0.5079,0.4716,0.9937,0.2853,0.5397,0.5254,59,0.5254,59,0.5254,59,GOOG,1,3,692,693
604,151,63,0.5714,0.464,0.9127,0.252,0.5714,0.5738,61,0.5439,57,1.0,1,GOOG,1,4,755,756
654,164,63,0.619,0.4567,0.6725,0.2397,0.619,0.619,63,0.619,63,,0,GOOG,1,5,818,819
704,177,63,0.6349,0.4647,0.6725,0.2398,0.6349,0.6349,63,0.6047,43,1.0,1,GOOG,1,6,881,882
755,189,63,0.4603,0.4949,0.7324,0.2703,0.4603,0.4603,63,0.4483,58,0.439,41,GOOG,1,7,944,945
805,202,63,0.5079,0.5459,0.6966,0.2515,0.4921,0.5,58,0.6667,6,,0,GOOG,1,8,1007,1008
856,214,63,0.4286,0.45,0.9432,0.2674,0.5238,0.44,25,0.44,25,0.5,8,GOOG,1,9,1070,1071
906,227,63,0.6032,0.5406,0.922,0.2554,0.4286,0.75,4,0.6667,3,0.6667,3,GOOG,1,10,1133,1134
956,240,63,0.619,0.5477,0.6767,0.2418,0.4603,0.8571,7,,0,,0,GOOG,1,11,1196,1197
1007,252,63,0.4921,0.4934,0.9302,0.2604,0.4762,0.4167,12,0.6667,3,0.6667,3,GOOG,1,12,1259,1260
1057,265,63,0.5556,0.5357,0.9442,0.2663,0.5556,0.6061,33,0.0,1,0.0,1,GOOG,1,13,1322,1323
1108,277,63,0.5397,0.5368,0.9337,0.2612,0.5079,0.6154,13,,0,,0,GOOG,1,14,1385,1386
1158,290,63,0.5238,0.4304,0.7133,0.2586,0.5873,0.566,53,0.5,14,0.5,14,GOOG,1,15,1448,1449
1208,303,63,0.4762,0.5405,1.2347,0.2787,0.6032,0.7273,11,0.7273,11,0.7273,11,GOOG,1,16,1511,1512
1259,315,63,0.5556,0.5759,0.7024,0.2541,0.619,0.72,25,,0,,0,GOOG,1,17,1574,1575
1309,328,63,0.6349,0.5522,0.662,0.2345,0.6349,0.6349,63,0.661,59,0.5,2,GOOG,1,18,1637,1638
1360,340,63,0.5556,0.5223,0.6899,0.2484,0.5397,0.5517,58,0.5517,58,,0,GOOG,1,19,1700,1701
1410,353,63,0.4286,0.4588,0.7424,0.2739,0.4286,0.4286,63,0.4,40,0.4,10,GOOG,1,20,1763,1764
1460,366,63,0.6032,0.5947,0.6704,0.2387,0.6032,0.6667,39,0.6667,39,0.7143,7,GOOG,1,21,1826,1827
1511,378,63,0.5556,0.5684,0.9193,0.2541,0.6032,0.5862,58,0.6774,31,0.8333,6,GOOG,1,22,1889,1890
1561,391,63,0.4921,0.5343,0.6949,0.2508,0.5079,0.5,46,0.5652,23,0.5652,23,GOOG,1,23,1952,1953
1612,403,63,0.4127,0.3679,0.7554,0.2804,0.5079,0.4419,43,0.3784,37,0.3824,34,GOOG,1,24,2015,2016
402,101,63,0.5079,0.5096,1.3834,0.2719,0.4921,0.5,10,0.5,10,,0,HUM,1,0,503,504
452,114,63,0.5397,0.5117,0.6879,0.2502,0.5556,0.5714,42,0.5,10,0.5,10,HUM,1,1,566,567
503,126,63,0.5714,0.6038,0.6909,0.2483,0.4921,0.5435,46,0.5814,43,0.5455,22,HUM,1,2,629,630
553,139,63,0.4444,0.4449,1.2265,0.2993,0.4444,0.3939,33,0.3667,30,0.3913,23,HUM,1,3,692,693
604,151,63,0.381,0.3889,0.7365,0.2714,0.619,0.5,2,0.5,2,0.5,2,HUM,1,4,755,756
654,164,63,0.5238,0.4894,0.7041,0.2553,0.5238,0.5455,33,0.45,20,0.5,12,HUM,1,5,818,819
704,177,63,0.5238,0.3884,0.7037,0.2552,0.5238,0.5238,63,0.4444,9,0.375,8,HUM,1,6,881,882
755,189,63,0.4603,0.5,0.7178,0.2621,0.4444,0.4516,62,0.4706,17,0.0,6,HUM,1,7,944,945
805,202,63,0.5556,0.5333,0.6689,0.241,0.5238,0.541,61,,0,,0,HUM,1,8,1007,1008
856,214,63,0.5238,0.502,0.7129,0.2577,0.5397,0.5345,58,0.5,4,0.6667,3,HUM,1,9,1070,1071
906,227,63,0.5714,0.474,0.7309,0.2605,0.5873,0.5833,60,0.0,1,0.0,1,HUM,1,10,1133,1134
956,240,63,0.5079,0.5156,0.6968,0.2519,0.4921,0.5,62,0.5,56,,0,HUM,1,11,1196,1197
1007,252,63,0.4921,0.4834,0.7035,0.2551,0.4921,0.4918,61,0.4828,58,,0,HUM,1,12,1259,1260
1057,265,63,0.4603,0.4818,0.7029,0.2549,0.4762,0.4667,60,,0,,0,HUM,1,13,1322,1323
1108,277,63,0.5397,0.5469,0.69,0.2484,0.5079,0.5263,57,,0,,0,HUM,1,14,1385,1386
1158,290,63,0.5397,0.4572,0.6905,0.2487,0.5079,0.5246,61,,0,,0,HUM,1,15,1448,1449
1208,303,63,0.5238,0.5217,0.6949,0.2509,0.5238,0.56,25,,0,,0,HUM,1,16,1511,1512
1259,315,63,0.6508,0.5662,0.6869,0.2468,0.619,0.6545,55,,0,,0,HUM,1,17,1574,1575
1309,328,63,0.5238,0.5218,0.7104,0.2584,0.4603,0.4884,43,0.4762,42,0.4545,33,HUM,1,18,1637,1638
1360,340,63,0.4603,0.4929,1.1799,0.2751,0.4921,0.4754,61,0.5556,9,0.5556,9,HUM,1,19,1700,1701
1410,353,63,0.5079,0.5423,0.6871,0.2503,0.4921,0.5,46,0.5,46,0.5263,19,HUM,1,20,1763,1764
1460,366,63,0.5714,0.5816,0.6779,0.2428,0.5397,0.5574,61,1.0,1,1.0,1,HUM,1,21,1826,1827
1511,378,63,0.5397,0.5176,0.9693,0.2723,0.619,0.6562,32,,0,,0,HUM,1,22,1889,1890
1561,391,63,0.4603,0.5,0.7028,0.2548,0.4603,0.4603,63,,0,,0,HUM,1,23,1952,1953
1612,403,63,0.619,0.492,0.926,0.2573,0.619,0.623,61,0.6,5,,0,HUM,1,24,2015,2016
402,101,63,0.4603,0.5183,0.6963,0.2531,0.4603,0.4603,63,0.5,22,1.0,1,HY,1,0,503,504
452,114,63,0.4603,0.4798,0.9925,0.2801,0.4921,0.4516,31,0.4615,26,0.4615,26,HY,1,1,566,567
503,126,63,0.4603,0.4696,0.7176,0.2621,0.5397,0.5,28,,0,,0,HY,1,2,629,630
553,139,63,0.4286,0.4053,1.1944,0.2839,0.6032,1.0,2,1.0,1,1.0,1,HY,1,3,692,693
604,151,63,0.5079,0.4677,0.7009,0.2538,0.5079,0.5079,63,0.3333,6,0.5,2,HY,1,4,755,756
654,164,63,0.4603,0.4853,0.7133,0.26,0.4603,0.4603,63,0.4118,17,0.4118,17,HY,1,5,818,819
704,177,63,0.4127,0.4647,1.4691,0.3058,0.4127,0.4127,63,0.3,10,0.3,10,HY,1,6,881,882
755,189,63,0.5397,0.5061,0.6893,0.2481,0.4603,,0,,0,,0,HY,1,7,944,945
805,202,63,0.5397,0.4011,0.7262,0.2651,0.4603,,0,,0,,0,HY,1,8,1007,1008
856,214,63,0.4603,0.5558,0.696,0.2517,0.5397,,0,,0,,0,HY,1,9,1070,1071
906,227,63,0.5079,0.4808,0.6965,0.2517,0.4921,,0,,0,,0,HY,1,10,1133,1134
956,240,63,0.4762,0.4697,1.1775,0.274,0.4762,0.4762,63,0.0,2,0.0,2,HY,1,11,1196,1197
1007,252,63,0.4762,0.5167,0.6938,0.2503,0.5238,,0,,0,,0,HY,1,12,1259,1260
1057,265,63,0.4762,0.4677,0.6968,0.2518,0.5079,0.4894,47,1.0,1,,0,HY,1,13,1322,1323
1108,277,63,0.381,0.4327,0.7017,0.2543,0.381,0.3333,45,,0,,0,HY,1,14,1385,1386
1158,290,63,0.5556,0.6111,0.6954,0.2511,0.6032,0.7083,24,,0,,0,HY,1,15,1448,1449
1208,303,63,0.5714,0.5152,0.6866,0.2468,0.5238,0.5625,48,0.4,15,,0,HY,1,16,1511,1512
1259,315,63,0.5556,0.5727,0.9176,0.2546,0.5238,0.5581,43,,0,,0,HY,1,17,1574,1575
1309,328,63,0.5873,0.5592,0.6913,0.2489,0.4444,0.5455,22,0.5333,15,,0,HY,1,18,1637,1638
1360,340,63,0.4603,0.4929,0.7093,0.2592,0.5238,0.4737,19,0.4737,19,0.4667,15,HY,1,19,1700,1701
1410,353,63,0.4921,0.4899,0.7284,0.2663,0.5079,0.5,62,0.4348,23,0.4348,23,HY,1,20,1763,1764
1460,366,63,0.4762,0.5152,0.7151,0.2607,0.4762,0.4762,63,0.4583,24,0.3889,18,HY,1,21,1826,1827
1511,378,63,0.5238,0.5325,0.6813,0.2456,0.4603,0.4545,11,,0,,0,HY,1,22,1889,1890
1561,391,63,0.5079,0.427,0.7008,0.2538,0.4603,0.3333,6,1.0,2,,0,HY,1,23,1952,1953
1612,403,63,0.4921,0.5455,0.6925,0.2497,0.5238,0.5714,7,0.5714,7,,0,HY,1,24,2015,2016
402,101,63,0.5714,0.4854,0.6852,0.2461,0.4762,0.6364,11,0.6,10,0.8,5,INSM,1,0,503,504
452,114,63,0.5238,0.5232,0.6936,0.2502,0.5238,0.6364,11,0.5,2,0.5,2,INSM,1,1,566,567
503,126,63,0.5556,0.5449,0.6867,0.2468,0.5238,0.5439,57,0.5714,14,0.5714,14,INSM,1,2,629,630
553,139,63,0.5556,0.502,0.6846,0.2475,0.5556,0.5574,61,0.6667,6,0.6667,6,INSM,1,3,692,693
604,151,63,0.4762,0.4362,1.2251,0.2917,0.4444,0.4419,43,0.0,4,0.0,4,INSM,1,4,755,756
654,164,63,0.5397,0.5628,0.6885,0.2476,0.4286,0.4722,36,0.0,1,0.0,1,INSM,1,5,818,819
704,177,63,0.4286,0.4665,0.7345,0.2662,0.5397,0.375,8,,0,,0,INSM,1,6,881,882
755,189,63,0.619,0.5914,0.9227,0.2556,0.4762,0.7143,14,,0,,0,INSM,1,7,944,945
805,202,63,0.5397,0.498,0.9201,0.2584,0.4762,0.5556,9,0.3333,3,0.0,1,INSM,1,8,1007,1008
856,214,63,0.4603,0.4025,0.7238,0.2633,0.5238,0.0,1,0.0,1,0.0,1,INSM,1,9,1070,1071
906,227,63,0.5873,0.5573,0.9207,0.2547,0.4603,0.6667,9,0.6,5,0.5,4,INSM,1,10,1133,1134
956,240,63,0.4444,0.443,0.7249,0.2646,0.4921,0.4091,22,0.0,2,0.0,2,INSM,1,11,1196,1197
1007,252,63,0.5397,0.5204,0.6887,0.2478,0.4444,0.48,25,,0,,0,INSM,1,12,1259,1260
1057,265,63,0.6032,0.5674,0.6931,0.2497,0.5397,0.6552,29,0.7037,27,,0,INSM,1,13,1322,1323
1108,277,63,0.4921,0.5056,0.7003,0.2543,0.4603,0.4615,39,0.4615,39,1.0,1,INSM,1,14,1385,1386
1158,290,63,0.5397,0.5796,1.1877,0.2793,0.5556,0.875,8,,0,,0,INSM,1,15,1448,1449
1208,303,63,0.4127,0.3977,0.7261,0.2659,0.4921,0.4,30,0.0,1,0.0,1,INSM,1,16,1511,1512
1259,315,63,0.4127,0.5091,0.7166,0.2616,0.5238,0.25,8,0.25,4,0.25,4,INSM,1,17,1574,1575
1309,328,63,0.5714,0.5449,0.7095,0.2518,0.5079,0.6923,13,0.6923,13,0.6923,13,INSM,1,18,1637,1638
1360,340,63,0.5714,0.5662,0.6944,0.2503,0.5238,0.5536,56,,0,,0,INSM,1,19,1700,1701
1410,353,63,0.5397,0.6013,0.6785,0.243,0.5079,0.5283,53,,0,,0,INSM,1,20,1763,1764
1460,366,63,0.6349,0.5228,0.9294,0.2589,0.6349,0.6735,49,1.0,1,1.0,1,INSM,1,21,1826,1827
1511,378,63,0.5556,0.4872,0.6877,0.2475,0.619,0.6122,49,1.0,1,1.0,1,INSM,1,22,1889,1890
1561,391,63,0.4444,0.4068,0.7256,0.266,0.4921,0.4655,58,0.4286,42,0.4286,14,INSM,1,23,1952,1953
1612,403,63,0.4286,0.5648,0.7036,0.2552,0.4286,0.4286,63,0.5714,14,,0,INSM,1,24,2015,2016
402,101,63,0.4127,0.5587,0.7101,0.2585,0.4127,0.4127,63,,0,,0,INTC,1,0,503,504
452,114,63,0.5397,0.654,0.6565,0.2363,0.5238,0.75,8,0.75,8,0.75,8,INTC,1,1,566,567
503,126,63,0.5714,0.604,1.7255,0.3249,0.5238,0.6667,18,0.5,4,0.5,4,INTC,1,2,629,630
553,139,63,0.4921,0.5911,0.7014,0.2562,0.6032,0.6875,16,0.6875,16,0.6875,16,INTC,1,3,692,693
604,151,63,0.619,0.6197,1.1269,0.2522,0.4762,0.5789,38,0.4286,7,0.4286,7,INTC,1,4,755,756
654,164,63,0.4444,0.4861,1.3201,0.3343,0.4286,0.4286,56,0.4286,56,0.4182,55,INTC,1,5,818,819
704,177,63,0.4762,0.4385,0.7195,0.2628,0.5079,0.4898,49,0.5,46,0.4,15,INTC,1,6,881,882
755,189,63,0.5397,0.5467,0.6851,0.2461,0.4603,0.5,32,1.0,1,,0,INTC,1,7,944,945
805,202,63,0.5556,0.5429,0.9154,0.2537,0.4444,,0,,0,,0,INTC,1,8,1007,1008
856,214,63,0.6032,0.6255,0.6739,0.2405,0.4921,0.5882,34,,0,,0,INTC,1,9,1070,1071
906,227,63,0.4921,0.4595,0.7307,0.2662,0.4127,0.2857,14,0.3333,9,0.3333,6,INTC,1,10,1133,1134
956,240,63,0.5079,0.5411,0.9527,0.2712,0.4603,0.4375,16,0.3,10,0.3,10,INTC,1,11,1196,1197
1007,252,63,0.4921,0.436,0.7137,0.2601,0.5079,0.5,4,0.5,4,,0,INTC,1,12,1259,1260
1057,265,63,0.4444,0.4066,0.7332,0.2696,0.5556,,0,,0,,0,INTC,1,13,1322,1323
1108,277,63,0.4286,0.5,0.6973,0.2521,0.5714,,0,,0,,0,INTC,1,14,1385,1386
1158,290,63,0.5873,0.4891,0.693,0.2497,0.5873,0.5873,63,0.6667,3,0.6667,3,INTC,1,15,1448,1449
1208,303,63,0.4762,0.5152,0.6979,0.2524,0.4762,0.4762,63,,0,,0,INTC,1,16,1511,1512
1259,315,63,0.4921,0.5232,0.9183,0.2576,0.5079,0.5,62,0.5135,37,0.6667,9,INTC,1,17,1574,1575
1309,328,63,0.4921,0.5323,0.6834,0.2467,0.4921,0.4921,63,1.0,2,1.0,2,INTC,1,18,1637,1638
1360,340,63,0.4444,0.5071,1.1613,0.2689,0.4444,0.4444,63,0.5,4,0.5,4,INTC,1,19,1700,1701
1410,353,63,0.5714,0.5251,0.9468,0.2665,0.381,0.4348,23,0.5,4,0.5,4,INTC,1,20,1763,1764
1460,366,63,0.5079,0.5439,0.7033,0.2529,0.4921,0.5,4,0.5,4,0.5,4,INTC,1,21,1826,1827
1511,378,63,0.4444,0.4868,0.7182,0.2625,0.5397,0.4,5,0.4,5,0.4,5,INTC,1,22,1889,1890
1561,391,63,0.4603,0.4611,0.7052,0.256,0.5238,0.4,5,0.4,5,,0,INTC,1,23,1952,1953
1612,403,63,0.4444,0.464,0.7021,0.2545,0.5714,1.0,1,1.0,1,1.0,1,INTC,1,24,2015,2016
402,101,63,0.619,0.476,0.915,0.2515,0.381,,0,,0,,0,IREN,1,0,503,504
452,114,63,0.4762,0.4979,0.7273,0.2667,0.5714,0.8,5,,0,,0,IREN,1,1,566,567
503,126,63,0.5397,0.4281,0.7138,0.2588,0.4444,0.3333,3,0.3333,3,0.3333,3,IREN,1,2,629,630
553,139,63,0.5079,0.5238,1.1654,0.2656,0.4603,0.375,8,,0,,0,IREN,1,3,692,693
604,151,63,0.5238,0.5177,0.6973,0.2518,0.4762,0.5,18,0.5,18,0.5,2,IREN,1,4,755,756
654,164,63,0.4762,0.5754,0.6649,0.2393,0.5873,0.8333,6,0.8333,6,0.8333,6,IREN,1,5,818,819
704,177,63,0.5079,0.5284,0.9355,0.2619,0.6032,0.6522,23,0.625,8,0.625,8,IREN,1,6,881,882
755,189,63,0.5079,0.5727,0.6956,0.2512,0.4762,0.4915,59,0.5405,37,,0,IREN,1,7,944,945
805,202,63,0.4286,0.4847,0.7601,0.2784,0.4444,0.4355,62,0.4444,9,0.4444,9,IREN,1,8,1007,1008
402,101,63,0.4127,0.4865,0.7173,0.2589,0.4127,0.4127,63,0.5,4,0.6667,3,JNJ,1,0,503,504
452,114,63,0.5079,0.5282,0.6826,0.2473,0.4921,0.5,12,0.5455,11,0.5455,11,JNJ,1,1,566,567
503,126,63,0.4762,0.5111,0.985,0.2764,0.5238,,0,,0,,0,JNJ,1,2,629,630
553,139,63,0.4603,0.4041,0.7407,0.2725,0.5556,0.5094,53,,0,,0,JNJ,1,3,692,693
604,151,63,0.5556,0.5148,0.684,0.2456,0.5556,0.5556,63,0.625,8,0.625,8,JNJ,1,4,755,756
654,164,63,0.4603,0.497,0.6905,0.2487,0.5238,0.4906,53,0.7143,7,0.7143,7,JNJ,1,5,818,819
704,177,63,0.5079,0.5303,0.7399,0.2666,0.4762,0.4918,61,0.4,5,0.25,4,JNJ,1,6,881,882
755,189,63,0.4603,0.4622,1.397,0.2791,0.5079,0.475,40,0.4444,18,0.5,2,JNJ,1,7,944,945
805,202,63,0.4444,0.428,0.7163,0.2624,0.4603,0.35,20,0.3846,13,0.3846,13,JNJ,1,8,1007,1008
856,214,63,0.5238,0.499,0.692,0.2494,0.4762,,0,,0,,0,JNJ,1,9,1070,1071
906,227,63,0.5714,0.5411,1.1384,0.2588,0.4603,0.625,8,0.625,8,0.5714,7,JNJ,1,10,1133,1134
956,240,63,0.5079,0.5776,0.6772,0.2436,0.5079,1.0,1,1.0,1,1.0,1,JNJ,1,11,1196,1197
1007,252,63,0.4921,0.4641,1.734,0.3177,0.4762,0.4808,52,0.4808,52,0.4808,52,JNJ,1,12,1259,1260
1057,265,63,0.3492,0.393,0.9639,0.2762,0.4603,0.3636,44,0.45,20,0.0,2,JNJ,1,13,1322,1323
1108,277,63,0.5714,0.5587,0.678,0.2426,0.4444,0.5333,15,,0,,0,JNJ,1,14,1385,1386
1158,290,63,0.3968,0.5331,0.6939,0.2504,0.619,1.0,1,1.0,1,,0,JNJ,1,15,1448,1449
1208,303,63,0.4603,0.5195,0.6975,0.2522,0.4286,0.4364,55,0.5,4,,0,JNJ,1,16,1511,1512
1259,315,63,0.5556,0.5497,0.6858,0.2463,0.619,0.6774,31,,0,,0,JNJ,1,17,1574,1575
1309,328,63,0.381,0.4745,0.7281,0.2672,0.5873,0.3333,6,0.3333,6,0.3333,6,JNJ,1,18,1637,1638
1360,340,63,0.5079,0.6222,0.6841,0.2455,0.4603,0.4792,48,0.5789,38,0.5789,38,JNJ,1,19,1700,1701
1410,353,63,0.5873,0.5504,0.6869,0.2468,0.5714,0.6136,44,,0,,0,JNJ,1,20,1763,1764
1460,366,63,0.5079,0.451,0.7039,0.2552,0.5556,0.54,50,0.5,20,0.0,1,JNJ,1,21,1826,1827
1511,378,63,0.5238,0.4867,0.935,0.2618,0.5556,0.549,51,,0,,0,JNJ,1,22,1889,1890
1561,391,63,0.6349,0.6114,0.6668,0.2369,0.6349,0.6349,63,,0,,0,JNJ,1,23,1952,1953
1612,403,63,0.381,0.51,0.9649,0.2766,0.3968,0.3793,58,0.3922,51,,0,JNJ,1,24,2015,2016
402,101,63,0.4444,0.5842,0.686,0.2468,0.4603,0.4483,58,0.5172,29,1.0,5,KVUE,1,0,503,504
452,114,63,0.4444,0.5087,4.1374,0.4136,0.4444,0.4444,63,0.5,46,0.4773,44,KVUE,1,1,566,567
503,126,63,0.381,0.4434,0.762,0.2836,0.5714,0.4,15,,0,,0,KVUE,1,2,629,630
402,101,63,0.4603,0.4707,0.7959,0.2975,0.4286,0.4386,57,0.4386,57,0.4386,57,LLY,1,0,503,504
452,114,63,0.381,0.5075,0.9675,0.2786,0.381,0.381,63,0.381,63,0.5,2,LLY,1,1,566,567
503,126,63,0.5079,0.5258,0.7039,0.2552,0.4762,0.3333,3,,0,,0,LLY,1,2,629,630
553,139,63,0.4127,0.4716,0.6912,0.249,0.5397,0.4444,27,0.75,4,,0,LLY,1,3,692,693
604,151,63,0.5079,0.5515,0.7029,0.2544,0.5238,0.625,8,0.625,8,0.5714,7,LLY,1,4,755,756
654,164,63,0.5079,0.5032,0.7162,0.2612,0.619,0.6538,26,0.6538,26,,0,LLY,1,5,818,819
704,177,63,0.4921,0.355,0.7272,0.2665,0.5397,0.5172,58,0.3846,39,0.5333,15,LLY,1,6,881,882
755,189,63,0.4603,0.5278,0.7098,0.2583,0.4286,0.4426,61,0.4426,61,,0,LLY,1,7,944,945
805,202,63,0.5238,0.5161,0.9219,0.2568,0.5079,0.5167,60,0.5167,60,,0,LLY,1,8,1007,1008
856,214,63,0.6032,0.553,1.3752,0.2681,0.5873,0.62,50,,0,,0,LLY,1,9,1070,1071
906,227,63,0.4921,0.4697,0.6954,0.2511,0.5238,0.5082,61,,0,,0,LLY,1,10,1133,1134
956,240,63,0.5397,0.5122,0.6928,0.2498,0.4603,0.5,8,0.5714,7,,0,LLY,1,11,1196,1197
1007,252,63,0.5397,0.5342,0.6942,0.2504,0.6032,0.5882,51,0.6571,35,,0,LLY,1,12,1259,1260
1057,265,63,0.5873,0.5715,0.6751,0.241,0.5714,0.5862,58,0.5965,57,0.6667,6,LLY,1,13,1322,1323
1108,277,63,0.5556,0.5571,0.6676,0.2403,0.5556,0.5556,63,1.0,3,1.0,2,LLY,1,14,1385,1386
1158,290,63,0.5873,0.4701,0.6824,0.2447,0.6349,0.6296,54,0.5,8,0.5,8,LLY,1,15,1448,1449
1208,303,63,0.5556,0.4665,0.7015,0.2539,0.5397,0.5556,54,0.5263,38,0.2857,7,LLY,1,16,1511,1512
1259,315,63,0.5873,0.4906,0.6772,0.2421,0.5873,0.5873,63,0.5873,63,,0,LLY,1,17,1574,1575
1309,328,63,0.5079,0.4884,0.713,0.2596,0.4921,0.5,62,0.4918,61,0.5,46,LLY,1,18,1637,1638
1360,340,63,0.4762,0.552,0.6927,0.2542,0.4762,0.4754,61,0.4561,57,0.5652,23,LLY,1,19,1700,1701
1410,353,63,0.5397,0.5485,0.9199,0.2558,0.5556,0.55,60,0.6923,13,1.0,1,LLY,1,20,1763,1764
1460,366,63,0.5556,0.4857,0.6959,0.2512,0.5556,0.5556,63,0.5385,39,0.5385,39,LLY,1,21,1826,1827
1511,378,63,0.6508,0.4402,0.9606,0.2598,0.6349,0.6452,62,0.5806,31,0.5556,9,LLY,1,22,1889,1890
1561,391,63,0.5556,0.6082,0.6749,0.2409,0.5556,0.5574,61,0.7647,17,0.7647,17,LLY,1,23,1952,1953
1612,403,63,0.381,0.4653,0.7479,0.2748,0.381,0.3684,57,0.3913,23,0.3125,16,LLY,1,24,2015,2016
402,101,63,0.4603,0.5237,0.7273,0.2645,0.5238,0.4898,49,0.5,48,0.5122,41,LULU,1,0,503,504
452,114,63,0.6032,0.4542,0.674,0.242,0.6032,0.6182,55,0.4762,21,1.0,1,LULU,1,1,566,567
503,126,63,0.5714,0.5041,0.6867,0.2467,0.5714,0.5818,55,0.5818,55,0.0,1,LULU,1,2,629,630
553,139,63,0.5397,0.6556,0.7078,0.2573,0.4444,0.4912,57,0.4912,57,0.4912,57,LULU,1,3,692,693
604,151,63,0.5079,0.462,0.733,0.2671,0.5397,0.5273,55,1.0,1,1.0,1,LULU,1,4,755,756
654,164,63,0.4603,0.4964,0.7448,0.271,0.5556,0.5161,31,0.6667,3,0.6667,3,LULU,1,5,818,819
704,177,63,0.5238,0.4788,0.7611,0.2741,0.5079,0.5179,56,0.5179,56,0.0,3,LULU,1,6,881,882
755,189,63,0.381,0.4647,0.7255,0.266,0.3651,0.371,62,0.2,5,0.2,5,LULU,1,7,944,945
805,202,63,0.4762,0.4824,0.6959,0.2514,0.5079,0.4286,7,,0,,0,LULU,1,8,1007,1008
856,214,63,0.5397,0.5368,0.7236,0.2633,0.4921,0.5385,26,0.5385,26,0.5385,26,LULU,1,9,1070,1071
906,227,63,0.5079,0.497,0.7207,0.2616,0.5397,0.7143,7,,0,,0,LULU,1,10,1133,1134
956,240,63,0.3968,0.5542,1.1919,0.281,0.6032,,0,,0,,0,LULU,1,11,1196,1197
1007,252,63,0.5714,0.5988,0.6798,0.2434,0.5873,0.5833,60,0.8,5,0.8,5,LULU,1,12,1259,1260
1057,265,63,0.4603,0.4686,0.7061,0.2565,0.4603,0.2727,11,0.1429,7,0.1429,7,LULU,1,13,1322,1323
1108,277,63,0.5079,0.5615,0.6845,0.2458,0.5079,0.5082,61,0.6667,9,,0,LULU,1,14,1385,1386
1158,290,63,0.5714,0.3857,0.94,0.2642,0.5873,0.5806,62,0.0,1,0.0,1,LULU,1,15,1448,1449
1208,303,63,0.5873,0.5643,0.7064,0.2564,0.4286,0.5172,29,0.4167,12,0.4,10,LULU,1,16,1511,1512
1259,315,63,0.4127,0.5915,5.5797,0.4291,0.4127,0.4127,63,0.5,44,0.5,44,LULU,1,17,1574,1575
1309,328,63,0.6032,0.4737,0.6856,0.2462,0.6032,0.6032,63,,0,,0,LULU,1,18,1637,1638
1360,340,63,0.619,0.556,0.6742,0.2408,0.6349,0.629,62,1.0,1,1.0,1,LULU,1,19,1700,1701
1410,353,63,0.4286,0.6142,0.7059,0.2564,0.4286,0.4286,63,0.4595,37,,0,LULU,1,20,1763,1764
1460,366,63,0.4921,0.5257,0.9391,0.263,0.4921,0.4918,61,0.5161,31,0.6667,6,LULU,1,21,1826,1827
1511,378,63,0.6032,0.604,0.6822,0.2446,0.4762,0.5581,43,0.4286,7,,0,LULU,1,22,1889,1890
1561,391,63,0.5238,0.4821,0.7074,0.256,0.5556,0.5581,43,0.4615,13,0.0,1,LULU,1,23,1952,1953
1612,403,63,0.5397,0.4763,0.7348,0.268,0.4286,0.4688,32,0.4211,19,0.4211,19,LULU,1,24,2015,2016
402,101,63,0.4127,0.4752,0.705,0.2604,0.4603,0.3571,28,0.4118,17,0.4375,16,LYFT,1,0,503,504
452,114,63,0.4921,0.4728,0.7297,0.2613,0.5079,,0,,0,,0,LYFT,1,1,566,567
503,126,63,0.5556,0.5109,1.6833,0.3059,0.4127,0.45,20,0.4444,18,0.4444,18,LYFT,1,2,629,630
553,139,63,0.5397,0.5071,3.0394,0.3411,0.4444,0.4839,31,0.3333,15,0.3333,15,LYFT,1,3,692,693
604,151,63,0.5397,0.5036,0.6863,0.2467,0.4286,0.4,10,,0,,0,LYFT,1,4,755,756
654,164,63,0.5238,0.4242,0.7008,0.2538,0.4762,,0,,0,,0,LYFT,1,5,818,819
704,177,63,0.5079,0.5302,0.7002,0.2535,0.5079,0.6667,3,,0,,0,LYFT,1,6,881,882
755,189,63,0.4603,0.3962,1.1831,0.2779,0.4921,0.2,5,0.25,4,0.25,4,LYFT,1,7,944,945
805,202,63,0.4762,0.538,0.916,0.2554,0.5397,0.6667,3,0.6667,3,0.6667,3,LYFT,1,8,1007,1008
856,214,63,0.5873,0.557,0.6715,0.2423,0.4921,0.5581,43,1.0,2,1.0,2,LYFT,1,9,1070,1071
906,227,63,0.4444,0.4372,0.7251,0.2666,0.4444,0.3939,33,0.4062,32,,0,LYFT,1,10,1133,1134
956,240,63,0.5556,0.4537,0.7146,0.258,0.4127,0.4167,12,0.375,8,0.5,2,LYFT,1,11,1196,1197
1007,252,63,0.6032,0.4924,0.6813,0.2477,0.3651,0.45,20,0.5,8,1.0,2,LYFT,1,12,1259,1260
1057,265,63,0.5238,0.5202,0.6964,0.2534,0.5079,0.5556,18,0.5556,18,0.5556,18,LYFT,1,13,1322,1323
1108,277,63,0.4603,0.6018,0.9497,0.2694,0.5079,0.375,8,0.0,2,0.0,2,LYFT,1,14,1385,1386
1158,290,63,0.4603,0.476,0.7453,0.274,0.5556,0.5263,19,0.3333,6,0.3333,6,LYFT,1,15,1448,1449
1208,303,63,0.5873,0.5669,0.6681,0.2378,0.4286,1.0,1,1.0,1,1.0,1,LYFT,1,16,1511,1512
1259,315,63,0.5397,0.5907,0.7281,0.2655,0.5079,0.8,5,1.0,1,,0,LYFT,1,17,1574,1575
1309,328,63,0.4127,0.4061,0.7179,0.2624,0.5238,0.4333,30,0.4737,19,,0,LYFT,1,18,1637,1638
1360,340,63,0.5397,0.5416,0.6781,0.2427,0.5397,0.5397,63,0.8333,6,0.8333,6,LYFT,1,19,1700,1701
402,101,63,0.5397,0.539,0.9057,0.2506,0.5873,0.6111,36,0.6667,3,0.6667,3,META,1,0,503,504
452,114,63,0.4921,0.5161,0.6992,0.253,0.4921,0.4921,63,0.5556,9,0.5556,9,META,1,1,566,567
503,126,63,0.5556,0.4697,0.6813,0.2456,0.5714,0.5667,60,0.5714,7,0.5714,7,META,1,2,629,630
553,139,63,0.5873,0.5092,0.6709,0.2405,0.5556,0.5789,57,0.75,4,0.75,4,META,1,3,692,693
604,151,63,0.4127,0.3867,3.1377,0.3798,0.5556,0.4773,44,0.4773,44,0.4,5,META,1,4,755,756
654,164,63,0.5238,0.4747,0.689,0.248,0.5238,0.5238,63,1.0,1,1.0,1,META,1,5,818,819
704,177,63,0.5397,0.5101,0.6995,0.253,0.4603,0.5,8,0.5,8,0.5,8,META,1,6,881,882
755,189,63,0.5079,0.5126,0.9356,0.2635,0.4921,0.5,42,0.5,42,0.5,8,META,1,7,944,945
805,202,63,0.5397,0.5388,1.1587,0.2661,0.5079,0.5556,27,0.5,6,0.5,6,META,1,8,1007,1008
402,101,63,0.5079,0.4375,0.7276,0.2665,0.5079,1.0,1,,0,,0,MP,1,0,503,504
452,114,63,0.5238,0.5381,0.7099,0.2593,0.4286,0.4516,31,0.4516,31,0.4667,30,MP,1,1,566,567
503,126,63,0.619,0.6169,0.7056,0.2499,0.4921,0.5897,39,0.5833,12,0.5833,12,MP,1,2,629,630
553,139,63,0.5079,0.5173,0.6964,0.2527,0.4444,0.4516,31,0.4643,28,,0,MP,1,3,692,693
604,151,63,0.5873,0.5515,0.6842,0.2455,0.4444,0.6667,6,0.5,4,0.5,4,MP,1,4,755,756
654,164,63,0.5873,0.5515,0.6752,0.2415,0.4127,,0,,0,,0,MP,1,5,818,819
704,177,63,0.4921,0.5076,0.7165,0.2614,0.4921,0.4737,19,0.4737,19,0.4545,11,MP,1,6,881,882
755,189,63,0.4921,0.5283,1.2023,0.286,0.5238,1.0,1,1.0,1,1.0,1,MP,1,7,944,945
805,202,63,0.5079,0.5383,0.932,0.2603,0.5079,0.6,5,,0,,0,MP,1,8,1007,1008
856,214,63,0.4762,0.4361,0.9776,0.282,0.4603,0.4444,36,0.2222,9,0.1429,7,MP,1,9,1070,1071
906,227,63,0.5079,0.5647,0.6937,0.2503,0.6032,0.7333,15,0.7333,15,,0,MP,1,10,1133,1134
956,240,63,0.5873,0.5664,0.6905,0.2486,0.4603,0.56,25,0.55,20,0.55,20,MP,1,11,1196,1197
1007,252,63,0.619,0.6024,0.6746,0.2408,0.5397,0.7083,24,0.75,8,,0,MP,1,12,1259,1260
402,101,63,0.5079,0.4788,1.2011,0.2845,0.5238,0.5185,54,0.5185,54,0.3333,3,MRNA,1,0,503,504
452,114,63,0.4921,0.4589,0.7225,0.2632,0.5397,0.5172,58,0.25,8,,0,MRNA,1,1,566,567
503,126,63,0.4603,0.4508,0.7093,0.258,0.5397,0.5,28,0.3636,11,0.4,10,MRNA,1,2,629,630
553,139,63,0.4286,0.5061,0.9263,0.262,0.4603,0.434,53,0.5,24,0.75,4,MRNA,1,3,692,693
604,151,63,0.4127,0.5543,0.9453,0.2671,0.3651,0.3542,48,0.5,20,0.3333,6,MRNA,1,4,755,756
654,164,63,0.4127,0.4285,0.7677,0.2847,0.5397,0.2,5,0.0,4,0.0,4,MRNA,1,5,818,819
704,177,63,0.6032,0.5545,0.6753,0.2412,0.381,0.4762,21,0.4,15,0.4,15,MRNA,1,6,881,882
755,189,63,0.4603,0.5645,1.6103,0.28,0.4921,0.2,5,,0,,0,MRNA,1,7,944,945
805,202,63,0.4762,0.4496,1.1567,0.2694,0.5079,0.4286,7,0.4286,7,,0,MRNA,1,8,1007,1008
856,214,63,0.5079,0.4938,0.6826,0.245,0.4286,0.375,16,,0,,0,MRNA,1,9,1070,1071
906,227,63,0.5714,0.4841,0.688,0.2474,0.4286,,0,,0,,0,MRNA,1,10,1133,1134
956,240,63,0.4603,0.5204,0.6999,0.2533,0.5556,1.0,1,,0,,0,MRNA,1,11,1196,1197
1007,252,63,0.5556,0.5538,1.8413,0.2888,0.4603,0.5217,23,0.5,22,0.5,22,MRNA,1,12,1259,1260
1057,265,63,0.619,0.57,1.161,0.2652,0.4603,0.6923,13,0.6923,13,0.6667,12,MRNA,1,13,1322,1323
1108,277,63,0.6667,0.5385,0.6626,0.235,0.381,1.0,3,1.0,3,1.0,3,MRNA,1,14,1385,1386
1158,290,63,0.5556,0.5489,0.6755,0.2412,0.4286,0.4706,17,0.7143,7,1.0,2,MRNA,1,15,1448,1449
1208,303,63,0.619,0.6339,1.1291,0.2537,0.4603,0.5581,43,0.6,5,0.6,5,MRNA,1,16,1511,1512
1259,315,63,0.5079,0.5624,0.7199,0.263,0.5397,0.7143,7,0.0,1,0.0,1,MRNA,1,17,1574,1575
1309,328,63,0.5714,0.5367,0.6872,0.247,0.4444,0.6667,3,,0,,0,MRNA,1,18,1637,1638
1360,340,63,0.4921,0.4806,0.712,0.2592,0.5556,0.5789,19,,0,,0,MRNA,1,19,1700,1701
1410,353,63,0.5079,0.4939,2.3544,0.3199,0.5238,0.5714,14,,0,,0,MRNA,1,20,1763,1764
402,101,63,0.4921,0.4541,0.9881,0.2885,0.5079,0.5,40,0.4348,23,0.4545,22,MSFT,1,0,503,504
452,114,63,0.5714,0.4109,0.9966,0.2867,0.6349,0.6182,55,0.5676,37,0.5,2,MSFT,1,1,566,567
503,126,63,0.5714,0.6528,0.6664,0.2367,0.5714,0.5714,63,0.6471,51,0.8333,6,MSFT,1,2,629,630
553,139,63,0.4444,0.4198,1.0022,0.2923,0.5714,0.5102,49,0.5238,42,0.5366,41,MSFT,1,3,692,693
604,151,63,0.4921,0.5202,0.7418,0.2707,0.4921,0.4921,63,0.5588,34,0.2727,11,MSFT,1,4,755,756
654,164,63,0.5238,0.4439,0.7029,0.2547,0.5238,0.5238,63,0.5135,37,0.3333,9,MSFT,1,5,818,819
704,177,63,0.4762,0.4539,0.7001,0.2535,0.5397,0.5135,37,0.5,34,,0,MSFT,1,6,881,882
755,189,63,0.5238,0.4718,0.6992,0.2525,0.5079,0.5179,56,,0,,0,MSFT,1,7,944,945
805,202,63,0.5238,0.5923,0.683,0.2439,0.4603,0.4909,55,,0,,0,MSFT,1,8,1007,1008
856,214,63,0.4921,0.5403,2.0585,0.2927,0.4921,0.4898,49,0.5714,28,0.5417,24,MSFT,1,9,1070,1071
906,227,63,0.3968,0.4242,0.7691,0.2844,0.3968,0.3725,51,0.3333,18,0.4,10,MSFT,1,10,1133,1134
956,240,63,0.4762,0.433,0.7075,0.2571,0.5079,0.4545,11,,0,,0,MSFT,1,11,1196,1197
1007,252,63,0.5714,0.5653,0.678,0.2425,0.4444,0.5333,15,,0,,0,MSFT,1,12,1259,1260
1057,265,63,0.4444,0.5546,0.7055,0.2562,0.5556,0.5,2,0.5,2,,0,MSFT,1,13,1322,1323
1108,277,63,0.4603,0.6481,0.6876,0.2472,0.5714,1.0,2,,0,,0,MSFT,1,14,1385,1386
1158,290,63,0.619,0.5,0.6898,0.2483,0.619,0.619,63,,0,,0,MSFT,1,15,1448,1449
1208,303,63,0.4603,0.5082,0.9327,0.2622,0.4286,0.434,53,,0,,0,MSFT,1,16,1511,1512
1259,315,63,0.5397,0.501,0.7068,0.2561,0.5556,0.5577,52,0.5577,52,,0,MSFT,1,17,1574,1575
1309,328,63,0.619,0.6332,0.8912,0.243,0.5714,0.6034,58,0.6757,37,0.5,2,MSFT,1,18,1637,1638
1360,340,63,0.6032,0.5639,0.6767,0.2419,0.5397,0.5849,53,0.5556,27,,0,MSFT,1,19,1700,1701
1410,353,63,0.5397,0.5665,1.1625,0.2667,0.5079,0.5273,55,0.5263,19,0.5,4,MSFT,1,20,1763,1764
1460,366,63,0.619,0.4931,0.9119,0.2518,0.619,0.623,61,0.6667,12,0.625,8,MSFT,1,21,1826,1827
1511,378,63,0.5238,0.4924,0.6947,0.2508,0.5238,0.5238,63,0.5,10,,0,MSFT,1,22,1889,1890
1561,391,63,0.5079,0.5595,0.6885,0.2481,0.4921,0.5,62,0.5294,51,,0,MSFT,1,23,1952,1953
1612,403,63,0.4603,0.4787,0.9456,0.2671,0.4603,0.449,49,,0,,0,MSFT,1,24,2015,2016
402,101,63,0.5714,0.6247,2.2595,0.2901,0.5238,0.5517,58,0.5439,57,0.5714,49,MU,1,0,503,504
452,114,63,0.5714,0.4774,1.1544,0.264,0.5714,0.5714,63,0.5645,62,0.5455,11,MU,1,1,566,567
503,126,63,0.4444,0.4309,1.2231,0.2966,0.5079,0.4634,41,0.3846,26,0.3846,26,MU,1,2,629,630
553,139,63,0.5556,0.5593,0.6677,0.2419,0.5397,0.56,50,0.6667,3,0.6667,3,MU,1,3,692,693
604,151,63,0.6825,0.6476,0.6536,0.2305,0.5397,0.6346,52,0.62,50,,0,MU,1,4,755,756
654,164,63,0.5556,0.5418,0.6785,0.2426,0.6349,0.65,40,0.65,40,0.641,39,MU,1,5,818,819
704,177,63,0.5079,0.4884,1.1814,0.2795,0.4762,0.4915,59,0.4909,55,0.4167,24,MU,1,6,881,882
755,189,63,0.5714,0.4595,0.6872,0.2469,0.6032,0.5965,57,0.5814,43,0.5625,32,MU,1,7,944,945
805,202,63,0.4286,0.4614,0.7186,0.264,0.4286,0.4286,63,0.3824,34,1.0,1,MU,1,8,1007,1008
856,214,63,0.5079,0.4808,0.6942,0.2505,0.5079,0.5079,63,,0,,0,MU,1,9,1070,1071
906,227,63,0.4762,0.4939,0.7038,0.2551,0.4762,0.4651,43,0.5,8,,0,MU,1,10,1133,1134
956,240,63,0.4762,0.5,0.7157,0.2605,0.4762,0.0,3,0.0,3,0.0,3,MU,1,11,1196,1197
1007,252,63,0.5397,0.4766,0.6921,0.2495,0.3651,0.3125,16,0.3125,16,,0,MU,1,12,1259,1260
1057,265,63,0.4444,0.4457,0.7069,0.2568,0.5397,0.0,1,,0,,0,MU,1,13,1322,1323
1108,277,63,0.5238,0.5166,0.6923,0.2496,0.4921,0.6667,3,0.6667,3,,0,MU,1,14,1385,1386
1158,290,63,0.4603,0.498,0.7001,0.2535,0.5397,0.5,2,0.5,2,0.5,2,MU,1,15,1448,1449
1208,303,63,0.4444,0.5173,0.7057,0.2563,0.5556,0.5,2,,0,,0,MU,1,16,1511,1512
1259,315,63,0.4762,0.4462,0.7122,0.2592,0.4603,0.4643,56,0.0,2,0.0,2,MU,1,17,1574,1575
1309,328,63,0.5079,0.5347,0.7,0.251,0.5556,0.5769,26,0.625,16,0.625,16,MU,1,18,1637,1638
1360,340,63,0.5397,0.5479,0.6972,0.2519,0.5079,0.5294,51,0.5882,17,0.5882,17,MU,1,19,1700,1701
1410,353,63,0.4762,0.5116,0.6998,0.256,0.4921,0.4762,42,0.4762,42,0.5294,17,MU,1,20,1763,1764
1460,366,63,0.5873,0.5577,0.6716,0.2422,0.5873,0.6078,51,0.8,5,,0,MU,1,21,1826,1827
1511,378,63,0.6032,0.4773,0.6918,0.2492,0.6667,0.6545,55,0.75,8,,0,MU,1,22,1889,1890
1561,391,63,0.5714,0.4643,0.6881,0.2475,0.5556,0.5645,62,0.4286,7,,0,MU,1,23,1952,1953
1612,403,63,0.5238,0.5283,0.6933,0.2501,0.5238,0.5238,63,,0,,0,MU,1,24,2015,2016
402,101,63,0.5079,0.5,0.7164,0.2613,0.5079,0.5079,63,0.5079,63,0.5079,63,NET,1,0,503,504
452,114,63,0.4921,0.5894,0.7591,0.2718,0.5238,0.6667,3,0.5,2,,0,NET,1,1,566,567
503,126,63,0.5079,0.5362,0.6827,0.2478,0.4444,0.4667,45,0.4545,44,,0,NET,1,2,629,630
553,139,63,0.4603,0.5444,0.9013,0.2516,0.4921,0.4706,51,0.7778,9,1.0,7,NET,1,3,692,693
604,151,63,0.4762,0.431,0.7125,0.2597,0.4603,0.1667,6,0.1667,6,0.1667,6,NET,1,4,755,756
654,164,63,0.4762,0.6354,0.6636,0.2388,0.5238,,0,,0,,0,NET,1,5,818,819
704,177,63,0.4603,0.5232,0.9232,0.2586,0.5079,0.4167,12,0.4444,9,0.5,2,NET,1,6,881,882
755,189,63,0.4762,0.4511,0.7011,0.2543,0.4127,0.1818,11,0.1818,11,,0,NET,1,7,944,945
805,202,63,0.4762,0.4462,0.7338,0.2697,0.5397,1.0,1,1.0,1,1.0,1,NET,1,8,1007,1008
856,214,63,0.5714,0.5324,0.6895,0.2482,0.4286,,0,,0,,0,NET,1,9,1070,1071
906,227,63,0.5397,0.5923,0.7,0.2538,0.5556,0.6071,28,,0,,0,NET,1,10,1133,1134
956,240,63,0.3968,0.4106,0.7217,0.2652,0.5238,0.3684,19,,0,,0,NET,1,11,1196,1197
1007,252,63,0.4444,0.432,1.1775,0.2754,0.4921,0.3,10,0.3,10,0.5,4,NET,1,12,1259,1260
1057,265,63,0.5238,0.5036,0.705,0.2553,0.5556,0.551,49,0.75,4,,0,NET,1,13,1322,1323
1108,277,63,0.5873,0.4895,0.6917,0.2494,0.7143,0.7209,43,,0,,0,NET,1,14,1385,1386
1158,290,63,0.5397,0.4924,0.6941,0.2505,0.5397,0.5397,63,0.5273,55,,0,NET,1,15,1448,1449
1208,303,63,0.4603,0.5847,0.7162,0.2614,0.4444,0.4516,62,0.4516,62,,0,NET,1,16,1511,1512
1259,315,63,0.5397,0.4505,0.9386,0.2634,0.5556,0.5484,62,0.5333,60,0.0,1,NET,1,17,1574,1575
402,101,63,0.5873,0.5854,0.9943,0.275,0.4762,0.7,10,0.7,10,0.7,10,NFLX,1,0,503,504
452,114,63,0.4921,0.501,1.4749,0.3044,0.5397,0.75,4,0.75,4,0.6667,3,NFLX,1,1,566,567
503,126,63,0.5397,0.5832,0.692,0.2494,0.4921,0.75,4,,0,,0,NFLX,1,2,629,630
553,139,63,0.5873,0.6024,0.6706,0.2403,0.5397,0.6333,30,0.75,4,0.75,4,NFLX,1,3,692,693
604,151,63,0.6032,0.6162,0.6667,0.2371,0.5238,0.5769,52,0.6667,12,0.6667,12,NFLX,1,4,755,756
654,164,63,0.4444,0.4667,0.9451,0.3312,0.5873,0.5333,30,0.5714,14,1.0,2,NFLX,1,5,818,819
704,177,63,0.4921,0.4342,2.4426,0.3563,0.6349,0.5909,44,0.6047,43,,0,NFLX,1,6,881,882
755,189,63,0.3651,0.4913,0.7435,0.2744,0.3651,0.3651,63,0.3684,57,0.25,4,NFLX,1,7,944,945
805,202,63,0.381,0.5743,0.7229,0.2647,0.381,0.381,63,0.4286,35,1.0,1,NFLX,1,8,1007,1008
856,214,63,0.4921,0.499,1.156,0.2662,0.5079,0.5,4,0.5,4,0.5,4,NFLX,1,9,1070,1071
906,227,63,0.4921,0.5151,0.7006,0.2537,0.5079,0.5,2,,0,,0,NFLX,1,10,1133,1134
956,240,63,0.4921,0.5328,0.9179,0.2578,0.5079,,0,,0,,0,NFLX,1,11,1196,1197
1007,252,63,0.4921,0.5355,0.9234,0.2575,0.4603,0.4483,29,,0,,0,NFLX,1,12,1259,1260
1057,265,63,0.3968,0.5284,2.211,0.3366,0.6032,0.5,6,0.6667,3,0.6667,3,NFLX,1,13,1322,1323
1108,277,63,0.5079,0.5122,0.6932,0.25,0.4603,0.4783,46,,0,,0,NFLX,1,14,1385,1386
1158,290,63,0.4603,0.4912,0.6991,0.253,0.5873,0.5455,33,,0,,0,NFLX,1,15,1448,1449
1208,303,63,0.4444,0.5179,0.6976,0.2522,0.4444,0.4444,63,,0,,0,NFLX,1,16,1511,1512
1259,315,63,0.4444,0.4148,0.7135,0.2598,0.4603,0.44,50,,0,,0,NFLX,1,17,1574,1575
1309,328,63,0.5556,0.5832,0.6828,0.245,0.5873,0.6552,29,0.8,5,0.75,4,NFLX,1,18,1637,1638
1360,340,63,0.3968,0.4958,2.1711,0.3315,0.6032,0.5,10,,0,,0,NFLX,1,19,1700,1701
1410,353,63,0.5556,0.4995,0.9339,0.2612,0.5873,0.5957,47,,0,,0,NFLX,1,20,1763,1764
1460,366,63,0.4762,0.4839,0.9409,0.2647,0.4921,0.4839,62,,0,,0,NFLX,1,21,1826,1827
1511,378,63,0.4921,0.5505,0.6874,0.2477,0.4762,0.4839,62,,0,,0,NFLX,1,22,1889,1890
1561,391,63,0.4286,0.5301,0.7042,0.2556,0.4127,0.4194,62,1.0,1,1.0,1,NFLX,1,23,1952,1953
1612,403,63,0.5397,0.4817,0.6927,0.2498,0.5397,0.5397,63,,0,,0,NFLX,1,24,2015,2016
402,101,63,0.5873,0.5161,0.9301,0.2568,0.5873,0.5873,63,0.5873,63,0.619,21,NIO,1,0,503,504
452,114,63,0.4444,0.494,1.0341,0.2784,0.3651,0.3929,56,0.25,12,0.1818,11,NIO,1,1,566,567
503,126,63,0.4444,0.4068,1.9039,0.3093,0.4921,0.3,10,,0,,0,NIO,1,2,629,630
553,139,63,0.5079,0.5146,0.6972,0.2521,0.4921,,0,,0,,0,NIO,1,3,692,693
604,151,63,0.5079,0.5388,0.6921,0.2495,0.4444,0.4651,43,,0,,0,NIO,1,4,755,756
654,164,63,0.5238,0.5005,0.6856,0.2462,0.4127,0.3889,18,,0,,0,NIO,1,5,818,819
704,177,63,0.4762,0.4736,0.7159,0.2612,0.5397,0.5217,23,,0,,0,NIO,1,6,881,882
755,189,63,0.5556,0.5505,0.6842,0.2455,0.4444,,0,,0,,0,NIO,1,7,944,945
805,202,63,0.5397,0.483,0.7024,0.2543,0.4286,0.25,4,0.25,4,0.25,4,NIO,1,8,1007,1008
856,214,63,0.5714,0.5427,0.6855,0.2461,0.4286,0.5,20,0.4,5,0.4,5,NIO,1,9,1070,1071
906,227,63,0.5079,0.6576,0.671,0.2406,0.5238,1.0,2,1.0,2,1.0,2,NIO,1,10,1133,1134
956,240,63,0.5079,0.4824,0.7493,0.2727,0.4921,0.5,20,,0,,0,NIO,1,11,1196,1197
1007,252,63,0.5397,0.5258,0.6941,0.2504,0.4762,0.5185,27,0.5185,27,,0,NIO,1,12,1259,1260
1057,265,63,0.5079,0.4929,0.6817,0.2454,0.3651,0.3462,26,0.3636,22,1.0,1,NIO,1,13,1322,1323
1108,277,63,0.5079,0.4975,0.7025,0.2545,0.5079,0.5714,7,0.5714,7,0.6667,6,NIO,1,14,1385,1386
1158,290,63,0.4762,0.4515,0.7078,0.2572,0.5238,,0,,0,,0,NIO,1,15,1448,1449
1208,303,63,0.5556,0.5439,0.8907,0.2452,0.4444,0.5,2,0.5,2,1.0,1,NIO,1,16,1511,1512
1259,315,63,0.5397,0.4843,0.6903,0.2486,0.4603,,0,,0,,0,NIO,1,17,1574,1575
1309,328,63,0.5397,0.5092,0.9326,0.2605,0.4444,0.0,1,0.0,1,0.0,1,NIO,1,18,1637,1638
1360,340,63,0.4286,0.5545,0.7005,0.2536,0.5714,,0,,0,,0,NIO,1,19,1700,1701
1410,353,63,0.5079,0.4828,0.7296,0.2663,0.4762,0.4839,31,,0,,0,NIO,1,20,1763,1764
1460,366,63,0.4603,0.4607,0.7043,0.2555,0.4921,0.4634,41,,0,,0,NIO,1,21,1826,1827
402,101,63,0.5556,0.5343,0.6839,0.2464,0.4921,0.6154,13,0.7273,11,0.7,10,NOK,1,0,503,504
452,114,63,0.3968,0.4475,0.7115,0.2591,0.5714,0.375,8,0.375,8,0.0,1,NOK,1,1,566,567
503,126,63,0.5238,0.5163,0.6973,0.2514,0.4444,0.4667,30,0.3333,12,0.5,4,NOK,1,2,629,630
553,139,63,0.5873,0.5347,1.6049,0.2775,0.5556,0.5789,57,0.5789,19,0.5789,19,NOK,1,3,692,693
604,151,63,0.4603,0.4753,0.7247,0.2677,0.4762,0.4231,26,0.4231,26,0.4231,26,NOK,1,4,755,756
654,164,63,0.4921,0.4975,0.6935,0.2502,0.4762,0.4688,32,,0,,0,NOK,1,5,818,819
704,177,63,0.5238,0.5725,0.6917,0.2491,0.4603,0.4889,45,0.5517,29,,0,NOK,1,6,881,882
755,189,63,0.6032,0.641,0.8581,0.2319,0.4603,0.5833,24,,0,,0,NOK,1,7,944,945
805,202,63,0.5397,0.5418,0.6947,0.2506,0.4921,0.525,40,0.525,40,0.5,4,NOK,1,8,1007,1008
856,214,63,0.619,0.5862,0.6987,0.2526,0.4921,0.5897,39,0.5806,31,,0,NOK,1,9,1070,1071
906,227,63,0.5556,0.5774,0.9321,0.2602,0.4127,0.4762,42,0.5,16,0.5,16,NOK,1,10,1133,1134
956,240,63,0.4603,0.5041,0.7043,0.2556,0.5714,0.5714,14,0.5714,14,,0,NOK,1,11,1196,1197
1007,252,63,0.5556,0.4666,0.6882,0.2475,0.4286,0.4444,9,0.5,2,,0,NOK,1,12,1259,1260
1057,265,63,0.5079,0.5577,0.6932,0.2501,0.5873,0.6875,16,1.0,1,1.0,1,NOK,1,13,1322,1323
1108,277,63,0.4603,0.4964,2.9421,0.368,0.4444,0.4516,62,0.4186,43,0.4186,43,NOK,1,14,1385,1386
1158,290,63,0.5873,0.6,0.6779,0.2429,0.5238,0.6129,31,1.0,2,1.0,2,NOK,1,15,1448,1449
1208,303,63,0.6032,0.6293,0.677,0.2418,0.4762,0.619,21,0.625,16,0.625,16,NOK,1,16,1511,1512
1259,315,63,0.5714,0.6056,0.668,0.2378,0.4762,0.5882,17,0.75,4,0.75,4,NOK,1,17,1574,1575
1309,328,63,0.5238,0.5791,1.3581,0.265,0.5079,0.75,4,0.75,4,0.0,1,NOK,1,18,1637,1638
1360,340,63,0.4921,0.598,0.8794,0.2417,0.5556,0.7143,7,,0,,0,NOK,1,19,1700,1701
1410,353,63,0.4762,0.562,2.5595,0.3203,0.5079,0.0,1,,0,,0,NOK,1,20,1763,1764
1460,366,63,0.5397,0.4917,1.1672,0.2689,0.4127,0.4516,31,0.4,5,,0,NOK,1,21,1826,1827
1511,378,63,0.4603,0.4637,2.3843,0.3339,0.619,0.6471,17,0.5714,7,0.5714,7,NOK,1,22,1889,1890
1561,391,63,0.5397,0.6166,0.6844,0.2457,0.5397,0.6923,13,,0,,0,NOK,1,23,1952,1953
1612,403,63,0.4444,0.6074,0.6948,0.2508,0.6032,0.8,5,0.8,5,,0,NOK,1,24,2015,2016
402,101,63,0.5714,0.5605,0.7515,0.2672,0.5079,0.5439,57,0.5625,48,0.5455,11,NVDA,1,0,503,504
452,114,63,0.5397,0.5174,0.7252,0.2644,0.6349,0.641,39,0.6364,33,0.6364,33,NVDA,1,1,566,567
503,126,63,0.5079,0.4782,0.7827,0.2886,0.5873,0.575,40,0.575,40,0.575,40,NVDA,1,2,629,630
553,139,63,0.5238,0.4954,0.7085,0.2571,0.5556,0.5455,55,0.5472,53,0.5472,53,NVDA,1,3,692,693
604,151,63,0.5397,0.6025,0.681,0.2446,0.5238,0.5323,62,0.5323,62,0.7059,17,NVDA,1,4,755,756
654,164,63,0.4921,0.5084,0.6887,0.2479,0.6032,0.5938,32,0.6667,9,0.6667,9,NVDA,1,5,818,819
704,177,63,0.5556,0.4929,0.9343,0.2613,0.5556,0.5556,63,0.5263,38,0.0,2,NVDA,1,6,881,882
755,189,63,0.4762,0.5255,0.7149,0.2606,0.4444,0.459,61,0.4444,36,0.4583,24,NVDA,1,7,944,945
805,202,63,0.5238,0.5551,0.9149,0.2546,0.4762,0.5,48,,0,,0,NVDA,1,8,1007,1008
856,214,63,0.5238,0.4899,0.6781,0.2455,0.5238,0.5306,49,,0,,0,NVDA,1,9,1070,1071
906,227,63,0.4127,0.3987,1.1886,0.2794,0.4921,0.4444,54,,0,,0,NVDA,1,10,1133,1134
956,240,63,0.4444,0.4857,0.9384,0.2635,0.5556,,0,,0,,0,NVDA,1,11,1196,1197
1007,252,63,0.5397,0.4722,1.1742,0.2723,0.5714,0.5574,61,,0,,0,NVDA,1,12,1259,1260
1057,265,63,0.5079,0.4839,0.6942,0.2505,0.5079,0.5079,63,,0,,0,NVDA,1,13,1322,1323
1108,277,63,0.5238,0.5,0.6922,0.2495,0.5238,0.5238,63,,0,,0,NVDA,1,14,1385,1386
1158,290,63,0.6667,0.4354,0.6729,0.2399,0.6667,0.6667,63,0.6304,46,,0,NVDA,1,15,1448,1449
1208,303,63,0.5556,0.6403,0.6722,0.2396,0.5556,0.5556,63,0.6579,38,,0,NVDA,1,16,1511,1512
1259,315,63,0.5238,0.5852,0.9279,0.2598,0.4921,0.5098,51,0.5098,51,0.5,2,NVDA,1,17,1574,1575
1309,328,63,0.5873,0.4137,0.6897,0.2482,0.6032,0.6,60,0.5333,30,0.0,2,NVDA,1,18,1637,1638
1360,340,63,0.4921,0.5363,0.716,0.2614,0.4921,0.4921,63,0.5263,57,0.5357,28,NVDA,1,19,1700,1701
1410,353,63,0.4762,0.5449,1.0904,0.2994,0.5079,0.4889,45,0.5714,28,0.7143,7,NVDA,1,20,1763,1764
1460,366,63,0.6349,0.5668,0.6672,0.2376,0.6349,0.6349,63,1.0,2,1.0,2,NVDA,1,21,1826,1827
1511,378,63,0.5079,0.5,0.6975,0.2521,0.5079,0.5079,63,0.5079,63,,0,NVDA,1,22,1889,1890
1561,391,63,0.4762,0.5283,1.4394,0.2887,0.4762,0.4762,63,0.5111,45,0.375,8,NVDA,1,23,1952,1953
1612,403,63,0.5556,0.5878,0.6795,0.2414,0.5873,0.6,45,0.7692,13,0.7692,13,NVDA,1,24,2015,2016
402,101,63,0.4762,0.5827,0.7143,0.2599,0.4603,0.4667,60,0.5091,55,0.5091,55,NVMI,1,0,503,504
452,114,63,0.4603,0.4511,0.7296,0.2669,0.5873,0.5294,51,0.619,21,0.619,21,NVMI,1,1,566,567
503,126,63,0.4921,0.5288,0.9405,0.2643,0.5714,0.6667,12,0.6667,12,0.0,1,NVMI,1,2,629,630
553,139,63,0.5714,0.5026,0.6995,0.2527,0.5714,0.5714,63,0.2857,7,0.2857,7,NVMI,1,3,692,693
604,151,63,0.5397,0.4848,0.6832,0.2478,0.5238,0.5333,60,0.5333,60,0.25,4,NVMI,1,4,755,756
654,164,63,0.5238,0.4412,1.2137,0.2904,0.5397,0.5323,62,0.5306,49,0.5306,49,NVMI,1,5,818,819
704,177,63,0.5079,0.4592,0.6983,0.2525,0.5556,0.5357,56,0.5319,47,,0,NVMI,1,6,881,882
755,189,63,0.5397,0.55,0.6885,0.2477,0.5238,0.5435,46,1.0,2,1.0,2,NVMI,1,7,944,945
805,202,63,0.4444,0.5276,0.699,0.2529,0.4444,0.4444,63,,0,,0,NVMI,1,8,1007,1008
856,214,63,0.5079,0.5368,0.7057,0.256,0.5079,0.5161,31,,0,,0,NVMI,1,9,1070,1071
906,227,63,0.4921,0.4614,0.707,0.2568,0.3651,0.32,25,0.32,25,,0,NVMI,1,10,1133,1134
956,240,63,0.4921,0.5106,0.9311,0.2641,0.5079,,0,,0,,0,NVMI,1,11,1196,1197
1007,252,63,0.5079,0.5297,0.6993,0.253,0.4921,,0,,0,,0,NVMI,1,12,1259,1260
1057,265,63,0.381,0.4231,0.7258,0.2661,0.619,,0,,0,,0,NVMI,1,13,1322,1323
1108,277,63,0.6349,0.6397,0.6828,0.2454,0.3492,0.4828,29,,0,,0,NVMI,1,14,1385,1386
1158,290,63,0.381,0.4792,0.7367,0.2728,0.619,,0,,0,,0,NVMI,1,15,1448,1449
1208,303,63,0.4603,0.4561,1.1906,0.2803,0.5079,0.4808,52,,0,,0,NVMI,1,16,1511,1512
1259,315,63,0.3968,0.4205,0.7017,0.2543,0.5873,0.4783,23,0.5,6,,0,NVMI,1,17,1574,1575
1309,328,63,0.4921,0.5,0.6963,0.2516,0.4921,0.4921,63,,0,,0,NVMI,1,18,1637,1638
1360,340,63,0.5397,0.4737,0.6929,0.2499,0.5238,0.5323,62,0.0,1,,0,NVMI,1,19,1700,1701
1410,353,63,0.4444,0.4684,0.7016,0.2542,0.4444,0.4444,63,0.2,5,,0,NVMI,1,20,1763,1764
1460,366,63,0.5238,0.4692,0.7079,0.2566,0.5238,0.5254,59,0.25,4,,0,NVMI,1,21,1826,1827
1511,378,63,0.619,0.476,0.6893,0.248,0.619,0.619,63,0.5,6,0.5,6,NVMI,1,22,1889,1890
1561,391,63,0.5873,0.4423,0.6905,0.2484,0.619,0.6066,61,0.0,1,0.0,1,NVMI,1,23,1952,1953
1612,403,63,0.5556,0.4638,0.6918,0.2493,0.5556,0.5574,61,0.5,32,0.6667,3,NVMI,1,24,2015,2016
402,101,63,0.5079,0.4324,0.9414,0.267,0.5873,0.5536,56,0.5536,56,0.5,4,NVO,1,0,503,504
452,114,63,0.4762,0.5242,1.1729,0.2733,0.4762,0.4717,53,0.4808,52,0.5714,7,NVO,1,1,566,567
503,126,63,0.4444,0.4409,1.416,0.2875,0.4762,0.4561,57,0.3333,3,0.3333,3,NVO,1,2,629,630
553,139,63,0.4127,0.5026,0.6851,0.2475,0.5714,0.4286,7,0.4286,7,0.5,2,NVO,1,3,692,693
604,151,63,0.5397,0.5167,0.6886,0.2478,0.5238,0.5323,62,,0,,0,NVO,1,4,755,756
654,164,63,0.6349,0.4376,0.6752,0.2407,0.6667,0.6863,51,0.5714,28,,0,NVO,1,5,818,819
704,177,63,0.5873,0.5312,0.6846,0.2453,0.5873,0.5902,61,0.6176,34,0.5714,7,NVO,1,6,881,882
755,189,63,0.5397,0.3829,0.7051,0.2558,0.5397,0.5397,63,0.5397,63,,0,NVO,1,7,944,945
805,202,63,0.5079,0.5005,0.7133,0.2598,0.5079,0.5079,63,0.5082,61,0.5082,61,NVO,1,8,1007,1008
856,214,63,0.5079,0.5484,0.6851,0.249,0.5079,0.5079,63,0.5079,63,1.0,2,NVO,1,9,1070,1071
906,227,63,0.4444,0.6281,0.6835,0.2452,0.4444,0.4444,63,0.875,8,,0,NVO,1,10,1133,1134
956,240,63,0.4286,0.4553,0.6962,0.2515,0.6032,0.5385,26,1.0,2,1.0,2,NVO,1,11,1196,1197
1007,252,63,0.3651,0.3627,0.9963,0.2919,0.5714,0.4231,26,,0,,0,NVO,1,12,1259,1260
1057,265,63,0.5873,0.5973,0.679,0.2453,0.5079,0.5938,32,0.6,5,0.5,4,NVO,1,13,1322,1323
1108,277,63,0.5397,0.5527,1.1602,0.2681,0.5397,0.5862,29,1.0,1,1.0,1,NVO,1,14,1385,1386
1158,290,63,0.4921,0.502,0.7148,0.2595,0.5079,0.5,52,0.5,50,0.6667,3,NVO,1,15,1448,1449
1208,303,63,0.4603,0.5553,0.9292,0.259,0.4603,0.4603,63,0.5625,16,0.5625,16,NVO,1,16,1511,1512
1259,315,63,0.5873,0.5172,0.6828,0.2448,0.5873,0.5965,57,,0,,0,NVO,1,17,1574,1575
1309,328,63,0.3651,0.4066,0.7728,0.2891,0.4444,0.3889,54,0.383,47,0.383,47,NVO,1,18,1637,1638
1360,340,63,0.6508,0.6485,0.6641,0.2355,0.4444,0.7143,14,0.6923,13,0.625,8,NVO,1,19,1700,1701
1410,353,63,0.4127,0.4362,0.7337,0.2699,0.4444,0.4,45,0.4,30,0.5,2,NVO,1,20,1763,1764
1460,366,63,0.5397,0.5742,0.6641,0.2385,0.5238,0.55,40,,0,,0,NVO,1,21,1826,1827
1511,378,63,0.4921,0.4995,0.6936,0.2508,0.4127,0.4167,36,0.0,1,0.0,1,NVO,1,22,1889,1890
1561,391,63,0.5079,0.5524,0.6976,0.2515,0.4921,,0,,0,,0,NVO,1,23,1952,1953
1612,403,63,0.5238,0.4404,1.1764,0.276,0.4762,,0,,0,,0,NVO,1,24,2015,2016
402,101,63,0.5397,0.5367,0.7477,0.2721,0.4444,0.4848,33,0.4643,28,0.5,26,ONTO,1,0,503,504
452,114,63,0.5397,0.5817,1.1492,0.2634,0.4921,0.5263,38,0.6667,12,0.6667,12,ONTO,1,1,566,567
503,126,63,0.5079,0.5384,0.7255,0.2649,0.5238,0.5625,16,0.3333,3,0.3333,3,ONTO,1,2,629,630
553,139,63,0.4603,0.4733,0.7411,0.2668,0.4286,0.4186,43,0.3333,15,0.5,4,ONTO,1,3,692,693
604,151,63,0.4762,0.4909,0.695,0.2509,0.4762,0.4667,45,,0,,0,ONTO,1,4,755,756
654,164,63,0.4762,0.4848,0.6952,0.251,0.5238,,0,,0,,0,ONTO,1,5,818,819
704,177,63,0.5238,0.501,0.8418,0.2839,0.5079,0.5208,48,,0,,0,ONTO,1,6,881,882
755,189,63,0.5873,0.6179,0.6925,0.247,0.5556,0.5789,57,1.0,1,1.0,1,ONTO,1,7,944,945
805,202,63,0.5079,0.5179,0.7145,0.2597,0.5556,0.5455,44,0.6129,31,0.4,5,ONTO,1,8,1007,1008
856,214,63,0.5873,0.5582,1.1339,0.2561,0.5873,0.6222,45,0.6222,45,0.6667,6,ONTO,1,9,1070,1071
906,227,63,0.4921,0.4461,0.7462,0.2735,0.4921,0.4902,51,0.4773,44,0.4651,43,ONTO,1,10,1133,1134
956,240,63,0.4762,0.4803,0.7121,0.2594,0.4762,0.4762,63,0.4655,58,,0,ONTO,1,11,1196,1197
1007,252,63,0.4762,0.4919,0.7199,0.262,0.4921,0.4839,62,0.4615,39,0.5882,17,ONTO,1,12,1259,1260
1057,265,63,0.4603,0.4293,0.7096,0.2581,0.4762,0.4677,62,0.0,1,0.0,1,ONTO,1,13,1322,1323
1108,277,63,0.6667,0.6657,0.6732,0.24,0.5238,0.6364,44,1.0,1,,0,ONTO,1,14,1385,1386
1158,290,63,0.5238,0.5408,0.7094,0.258,0.5556,0.7273,11,,0,,0,ONTO,1,15,1448,1449
1208,303,63,0.4286,0.5342,1.7149,0.325,0.6032,0.5625,16,,0,,0,ONTO,1,16,1511,1512
402,101,63,0.5397,0.5243,0.7045,0.2553,0.4603,0.5,2,,0,,0,OPEN,1,0,503,504
452,114,63,0.4286,0.552,0.7257,0.2661,0.5873,1.0,1,1.0,1,1.0,1,OPEN,1,1,566,567
503,126,63,0.4286,0.4937,0.9467,0.2704,0.3968,0.383,47,0.383,47,0.4286,7,OPEN,1,2,629,630
553,139,63,0.4762,0.5,1.4162,0.2842,0.5238,0.5,60,,0,,0,OPEN,1,3,692,693
604,151,63,0.5556,0.5051,0.691,0.2489,0.4444,0.5,14,0.5,2,0.5,2,OPEN,1,4,755,756
654,164,63,0.5714,0.5747,0.677,0.2422,0.4762,0.6364,11,,0,,0,OPEN,1,5,818,819
704,177,63,0.4762,0.4974,0.9365,0.2624,0.4286,0.4375,48,0.0,1,0.0,1,OPEN,1,6,881,882
755,189,63,0.619,0.4974,0.9111,0.2514,0.3968,0.6667,3,0.5,2,0.5,2,OPEN,1,7,944,945
805,202,63,0.5556,0.4704,0.6939,0.2503,0.4444,,0,,0,,0,OPEN,1,8,1007,1008
856,214,63,0.4444,0.6505,0.7117,0.2592,0.5556,,0,,0,,0,OPEN,1,9,1070,1071
906,227,63,0.4286,0.5248,0.7261,0.2658,0.5397,0.25,4,0.5,2,0.5,2,OPEN,1,10,1133,1134
956,240,63,0.5873,0.5005,2.73,0.3065,0.4127,,0,,0,,0,OPEN,1,11,1196,1197
1007,252,63,0.5238,0.4864,0.7464,0.2733,0.4921,0.5333,15,,0,,0,OPEN,1,12,1259,1260
402,101,63,0.5556,0.5248,0.9734,0.2777,0.4603,0.6,5,0.5,4,0.5,4,ORIC,1,0,503,504
452,114,63,0.6825,0.6741,0.6154,0.2131,0.381,0.75,8,0.75,8,0.75,8,ORIC,1,1,566,567
503,126,63,0.5556,0.5105,1.4148,0.2793,0.3968,0.3846,13,0.5,6,0.5,6,ORIC,1,2,629,630
553,139,63,0.4921,0.4325,0.7861,0.2936,0.5079,0.5,10,0.4444,9,0.4444,9,ORIC,1,3,692,693
604,151,63,0.4921,0.5303,0.9825,0.2812,0.5714,0.7,10,,0,,0,ORIC,1,4,755,756
654,164,63,0.5714,0.537,0.6944,0.2506,0.4286,0.5,18,0.4706,17,,0,ORIC,1,5,818,819
704,177,63,0.6032,0.5726,0.6714,0.2393,0.5079,0.7333,15,0.7333,15,0.7333,15,ORIC,1,6,881,882
755,189,63,0.4127,0.3342,1.4534,0.304,0.4127,0.3429,35,0.2632,19,0.2222,18,ORIC,1,7,944,945
805,202,63,0.6032,0.6085,0.6802,0.2436,0.4286,0.75,4,,0,,0,ORIC,1,8,1007,1008
856,214,63,0.4286,0.464,0.7608,0.2821,0.5714,,0,,0,,0,ORIC,1,9,1070,1071
906,227,63,0.5238,0.4434,1.4181,0.2854,0.4762,,0,,0,,0,ORIC,1,10,1133,1134
956,240,63,0.5079,0.5005,0.6951,0.251,0.4921,,0,,0,,0,ORIC,1,11,1196,1197
1007,252,63,0.4921,0.501,0.6939,0.2504,0.5079,,0,,0,,0,ORIC,1,12,1259,1260
1057,265,63,0.4921,0.4859,0.6952,0.251,0.4921,0.4921,63,,0,,0,ORIC,1,13,1322,1323
1108,277,63,0.6032,0.5068,0.6917,0.2492,0.3968,0.5,2,0.5,2,0.5,2,ORIC,1,14,1385,1386
1158,290,63,0.5556,0.4571,0.9277,0.2594,0.4444,0.5,2,0.5,2,1.0,1,ORIC,1,15,1448,1449
402,101,63,0.5079,0.501,0.6973,0.2521,0.4603,0.4615,26,0.4615,26,,0,PFE,1,0,503,504
452,114,63,0.5397,0.5284,0.6898,0.2483,0.4603,,0,,0,,0,PFE,1,1,566,567
503,126,63,0.5397,0.518,0.6848,0.2459,0.4286,0.4444,18,,0,,0,PFE,1,2,629,630
553,139,63,0.4921,0.5157,0.927,0.2639,0.4603,0.4634,41,0.4545,33,0.25,4,PFE,1,3,692,693
604,151,63,0.5556,0.571,0.7208,0.2565,0.5714,0.587,46,0.6923,13,0.6923,13,PFE,1,4,755,756
654,164,63,0.5556,0.5267,0.6994,0.2524,0.5714,0.5714,56,0.5918,49,0.5918,49,PFE,1,5,818,819
704,177,63,0.5238,0.5359,0.7102,0.2583,0.4127,0.4565,46,0.3684,19,0.5,10,PFE,1,6,881,882
755,189,63,0.4921,0.5237,0.7765,0.2833,0.5079,0.5,4,0.0,2,0.0,2,PFE,1,7,944,945
805,202,63,0.5079,0.5365,0.6823,0.245,0.4286,0.4286,28,0.5556,9,0.5556,9,PFE,1,8,1007,1008
856,214,63,0.5873,0.5709,0.9246,0.2571,0.5556,0.6216,37,0.5455,11,0.0,1,PFE,1,9,1070,1071
906,227,63,0.4444,0.5532,0.7039,0.2552,0.4603,0.45,60,,0,,0,PFE,1,10,1133,1134
956,240,63,0.4603,0.5021,0.7279,0.2661,0.4286,0.4314,51,0.4314,51,0.4286,7,PFE,1,11,1196,1197
1007,252,63,0.4921,0.5042,0.7349,0.2699,0.4127,0.4423,52,0.4314,51,0.4,20,PFE,1,12,1259,1260
1057,265,63,0.5397,0.4363,1.4126,0.2824,0.3968,0.0,4,0.0,3,0.0,3,PFE,1,13,1322,1323
1108,277,63,0.619,0.5526,0.6646,0.2358,0.3968,0.6,5,,0,,0,PFE,1,14,1385,1386
1158,290,63,0.5079,0.5433,0.6976,0.2522,0.4921,,0,,0,,0,PFE,1,15,1448,1449
1208,303,63,0.4762,0.4824,0.7129,0.2611,0.5079,0.0,1,,0,,0,PFE,1,16,1511,1512
1259,315,63,0.5079,0.4768,0.9339,0.2627,0.5079,0.5556,9,0.6667,3,0.5,2,PFE,1,17,1574,1575
1309,328,63,0.4921,0.4896,1.6688,0.3005,0.4127,0.35,20,0.35,20,0.3571,14,PFE,1,18,1637,1638
1360,340,63,0.4921,0.5328,0.7009,0.2537,0.4921,0.4902,51,,0,,0,PFE,1,19,1700,1701
1410,353,63,0.4286,0.4693,0.7116,0.2588,0.4921,0.4324,37,0.4412,34,,0,PFE,1,20,1763,1764
1460,366,63,0.4603,0.5025,0.691,0.249,0.4921,0.4348,23,0.8,5,,0,PFE,1,21,1826,1827
1511,378,63,0.5238,0.5267,0.7076,0.2566,0.5079,0.5385,26,0.5385,26,0.5385,26,PFE,1,22,1889,1890
1561,391,63,0.4603,0.5128,0.6928,0.2499,0.5556,0.6,5,0.6667,3,0.6667,3,PFE,1,23,1952,1953
1612,403,63,0.5397,0.5781,0.6781,0.2426,0.4603,0.5,50,1.0,1,1.0,1,PFE,1,24,2015,2016
402,101,63,0.5714,0.6116,0.9241,0.2559,0.4762,0.5385,39,0.5385,39,0.6667,9,PL,1,0,503,504
452,114,63,0.5714,0.5999,0.9558,0.2608,0.4603,0.5333,30,0.5333,30,0.6667,6,PL,1,1,566,567
503,126,63,0.5079,0.5005,5.1226,0.4157,0.5238,1.0,2,1.0,2,,0,PL,1,2,629,630
553,139,63,0.4762,0.5369,0.7,0.2534,0.5238,,0,,0,,0,PL,1,3,692,693
604,151,63,0.3968,0.4031,1.4298,0.2923,0.4603,0.4118,51,0.25,4,0.25,4,PL,1,4,755,756
654,164,63,0.5556,0.5,0.6942,0.2504,0.5397,0.5484,62,0.0,1,0.0,1,PL,1,5,818,819
704,177,63,0.4603,0.5198,0.9365,0.2625,0.619,0.5532,47,,0,,0,PL,1,6,881,882
755,189,63,0.5079,0.5156,0.6913,0.2491,0.5079,0.5088,57,1.0,1,1.0,1,PL,1,7,944,945
805,202,63,0.4444,0.4914,0.9526,0.2702,0.4603,0.45,60,,0,,0,PL,1,8,1007,1008
402,101,63,0.4762,0.4894,0.9573,0.2741,0.4762,0.4545,33,0.4545,33,0.4545,33,PLTR,1,0,503,504
452,114,63,0.4921,0.447,0.719,0.2626,0.4127,0.3333,18,0.3333,18,0.3333,18,PLTR,1,1,566,567
503,126,63,0.4921,0.4975,3.5067,0.3598,0.5397,0.5625,16,,0,,0,PLTR,1,2,629,630
553,139,63,0.4921,0.4773,1.4559,0.297,0.5238,0.5152,33,0.5,12,0.5,12,PLTR,1,3,692,693
604,151,63,0.5238,0.5398,0.6819,0.2446,0.4921,0.5085,59,1.0,2,,0,PLTR,1,4,755,756
654,164,63,0.3968,0.4265,0.7376,0.2707,0.4444,0.4107,56,0.0,1,0.0,1,PLTR,1,5,818,819
704,177,63,0.4603,0.4767,0.6969,0.2519,0.5397,0.5,18,0.5,16,,0,PLTR,1,6,881,882
755,189,63,0.3492,0.3259,0.7977,0.2953,0.5873,0.3571,14,0.3077,13,0.3077,13,PLTR,1,7,944,945
805,202,63,0.4921,0.4681,1.2196,0.2902,0.5714,0.55,40,0.5357,28,0.8333,6,PLTR,1,8,1007,1008
856,214,63,0.5556,0.5332,0.8918,0.2463,0.5556,0.566,53,0.5556,45,0.8,5,PLTR,1,9,1070,1071
906,227,63,0.5873,0.5832,0.6736,0.2402,0.6032,0.6111,54,0.7273,22,0.75,4,PLTR,1,10,1133,1134
956,240,63,0.5714,0.5694,0.6754,0.2412,0.5714,0.5714,63,0.617,47,,0,PLTR,1,11,1196,1197
1007,252,63,0.4444,0.475,0.7235,0.265,0.4444,0.4444,63,0.4444,63,0.25,4,PLTR,1,12,1259,1260
1057,265,63,0.5556,0.4491,0.9132,0.2548,0.5714,0.5645,62,0.5227,44,0.5333,15,PLTR,1,13,1322,1323
402,101,63,0.4921,0.3768,0.8251,0.3092,0.5238,0.5714,7,0.5,2,1.0,1,PUBM,1,0,503,504
452,114,63,0.5556,0.5869,0.671,0.2399,0.5238,0.7778,9,0.7778,9,0.75,8,PUBM,1,1,566,567
503,126,63,0.5556,0.6024,0.6805,0.2441,0.4286,0.4906,53,0.4375,16,0.4,15,PUBM,1,2,629,630
553,139,63,0.4762,0.4713,1.3988,0.2795,0.4921,0.4828,58,0.5,2,0.5,2,PUBM,1,3,692,693
604,151,63,0.4762,0.4687,0.7358,0.2673,0.5079,0.4545,11,1.0,1,1.0,1,PUBM,1,4,755,756
654,164,63,0.5079,0.5186,3.2148,0.3309,0.4921,,0,,0,,0,PUBM,1,5,818,819
704,177,63,0.5238,0.5606,0.684,0.2455,0.5238,0.5405,37,1.0,2,1.0,2,PUBM,1,6,881,882
755,189,63,0.6508,0.6742,0.6512,0.2294,0.3968,0.5714,21,0.6,20,,0,PUBM,1,7,944,945
805,202,63,0.4762,0.4848,1.4092,0.2849,0.4762,0.4595,37,0.4762,21,0.4286,7,PUBM,1,8,1007,1008
856,214,63,0.4603,0.4444,0.7285,0.2669,0.5714,0.5357,28,0.75,4,1.0,1,PUBM,1,9,1070,1071
906,227,63,0.4762,0.497,0.7282,0.266,0.4603,0.4286,28,0.375,16,0.4545,11,PUBM,1,10,1133,1134
956,240,63,0.6667,0.6828,0.6717,0.2393,0.4762,0.6286,35,1.0,2,,0,PUBM,1,11,1196,1197
1007,252,63,0.4603,0.4318,0.7054,0.2572,0.4762,0.4167,24,0.3913,23,,0,PUBM,1,12,1259,1260
402,101,63,0.5079,0.4672,0.7046,0.2556,0.4921,0.5,56,0.0,1,0.0,1,PYPL,1,0,503,504
452,114,63,0.4444,0.5316,0.7461,0.2671,0.6032,1.0,3,1.0,2,1.0,2,PYPL,1,1,566,567
503,126,63,0.5238,0.5413,0.9297,0.2592,0.5556,0.5532,47,0.5778,45,1.0,1,PYPL,1,2,629,630
553,139,63,0.5714,0.572,0.6699,0.2402,0.5714,0.5882,51,0.5882,51,0.625,24,PYPL,1,3,692,693
604,151,63,0.3968,0.4091,0.7289,0.2676,0.5238,0.4138,29,0.3929,28,0.3929,28,PYPL,1,4,755,756
654,164,63,0.5556,0.6592,0.6674,0.2373,0.5556,0.5556,63,0.7143,21,0.8462,13,PYPL,1,5,818,819
704,177,63,0.5238,0.6,0.9153,0.2535,0.5238,0.5238,63,0.5882,51,0.5,2,PYPL,1,6,881,882
755,189,63,0.3492,0.5516,0.7291,0.2679,0.3492,0.3492,63,0.4,35,,0,PYPL,1,7,944,945
805,202,63,0.4921,0.4699,0.7002,0.2534,0.4127,0.3846,26,,0,,0,PYPL,1,8,1007,1008
856,214,63,0.5238,0.5535,0.9189,0.2566,0.4762,,0,,0,,0,PYPL,1,9,1070,1071
906,227,63,0.5238,0.4444,0.7141,0.2595,0.4762,,0,,0,,0,PYPL,1,10,1133,1134
956,240,63,0.5238,0.4468,0.713,0.2595,0.4603,0.4286,7,0.4286,7,,0,PYPL,1,11,1196,1197
1007,252,63,0.5714,0.5938,0.667,0.2387,0.4921,1.0,4,1.0,3,1.0,3,PYPL,1,12,1259,1260
1057,265,63,0.4762,0.4848,0.7082,0.2567,0.5238,0.5,20,0.5,2,0.5,2,PYPL,1,13,1322,1323
1108,277,63,0.4127,0.4736,0.716,0.2607,0.5397,0.3333,9,0.375,8,0.375,8,PYPL,1,14,1385,1386
1158,290,63,0.5714,0.5432,0.7189,0.2616,0.5714,0.6957,23,,0,,0,PYPL,1,15,1448,1449
1208,303,63,0.5238,0.4194,0.7034,0.2551,0.5556,0.5556,45,0.0,6,,0,PYPL,1,16,1511,1512
1259,315,63,0.5238,0.5657,0.6853,0.2476,0.4762,0.5,52,0.5217,46,,0,PYPL,1,17,1574,1575
1309,328,63,0.6032,0.4653,1.1284,0.2562,0.6032,0.6032,63,0.5769,26,0.5769,26,PYPL,1,18,1637,1638
1360,340,63,0.5714,0.5355,0.9195,0.2541,0.5397,0.5636,55,0.5636,55,0.5,4,PYPL,1,19,1700,1701
1410,353,63,0.5238,0.5682,0.6623,0.2392,0.4762,0.5,58,0.5161,31,1.0,3,PYPL,1,20,1763,1764
1460,366,63,0.6032,0.5473,0.6787,0.2428,0.5873,0.5968,62,0.6667,3,0.6667,3,PYPL,1,21,1826,1827
1511,378,63,0.5079,0.5551,0.705,0.2556,0.4762,0.4906,53,0.6154,13,0.6154,13,PYPL,1,22,1889,1890
1561,391,63,0.4286,0.5283,0.7263,0.2653,0.3492,0.375,56,0.3,10,0.3,10,PYPL,1,23,1952,1953
1612,403,63,0.5556,0.4162,1.6426,0.2911,0.5714,0.5645,62,0.4167,12,0.3333,6,PYPL,1,24,2015,2016
402,101,63,0.4286,0.5158,0.8069,0.2993,0.6032,0.625,8,,0,,0,QS,1,0,503,504
452,114,63,0.4762,0.4402,1.4204,0.2863,0.4603,0.4667,60,0.0,3,0.0,3,QS,1,1,566,567
503,126,63,0.4603,0.5437,0.9252,0.2584,0.3968,0.4211,57,,0,,0,QS,1,2,629,630
553,139,63,0.5079,0.5,0.6934,0.2501,0.4921,,0,,0,,0,QS,1,3,692,693
604,151,63,0.5714,0.5234,0.683,0.245,0.3651,0.3889,18,0.3889,18,,0,QS,1,4,755,756
654,164,63,0.5714,0.5432,0.6804,0.2436,0.4286,,0,,0,,0,QS,1,5,818,819
704,177,63,0.5079,0.5111,0.6919,0.2509,0.4762,0.0,1,0.0,1,0.0,1,QS,1,6,881,882
755,189,63,0.5079,0.46,0.6925,0.2496,0.3968,0.3333,18,,0,,0,QS,1,7,944,945
805,202,63,0.6032,0.6809,0.635,0.2232,0.4127,0.5135,37,0.8,5,1.0,1,QS,1,8,1007,1008
856,214,63,0.4286,0.404,0.9961,0.2922,0.5238,0.4571,35,0.4444,9,0.375,8,QS,1,9,1070,1071
906,227,63,0.4762,0.4293,1.0928,0.3872,0.5238,,0,,0,,0,QS,1,10,1133,1134
956,240,63,0.5714,0.5453,0.6768,0.2425,0.4286,,0,,0,,0,QS,1,11,1196,1197
1007,252,63,0.6032,0.5304,0.6763,0.2416,0.3651,0.4286,14,,0,,0,QS,1,12,1259,1260
402,101,63,0.619,0.4739,0.6791,0.2423,0.3651,0.3333,3,0.3333,3,0.3333,3,QUBT,1,0,503,504
452,114,63,0.5238,0.502,0.9472,0.2677,0.4603,0.0,1,0.0,1,0.0,1,QUBT,1,1,566,567
503,126,63,0.6032,0.5681,1.1091,0.2464,0.4127,1.0,1,,0,,0,QUBT,1,2,629,630
553,139,63,0.5556,0.3873,0.7226,0.2643,0.4286,0.4286,7,0.3333,6,0.4,5,QUBT,1,3,692,693
604,151,63,0.4921,0.5101,0.7084,0.2575,0.5079,,0,,0,,0,QUBT,1,4,755,756
654,164,63,0.4762,0.5202,3.2529,0.4036,0.5238,,0,,0,,0,QUBT,1,5,818,819
704,177,63,0.4603,0.5,0.6961,0.2515,0.4603,0.4603,63,,0,,0,QUBT,1,6,881,882
755,189,63,0.5873,0.5383,0.6868,0.2472,0.4444,0.6667,6,,0,,0,QUBT,1,7,944,945
805,202,63,0.5556,0.4765,0.6937,0.2503,0.4444,0.5,2,0.5,2,0.5,2,QUBT,1,8,1007,1008
856,214,63,0.5238,0.5232,0.7092,0.2559,0.4762,,0,,0,,0,QUBT,1,9,1070,1071
906,227,63,0.5079,0.4793,0.7172,0.2618,0.5079,0.5714,7,0.5,4,,0,QUBT,1,10,1133,1134
402,101,63,0.5873,0.5828,0.9236,0.2558,0.5238,0.6129,31,0.6129,31,0.0,1,QURE,1,0,503,504
452,114,63,0.4603,0.4848,0.7044,0.2555,0.4603,0.4242,33,0.5,18,0.5,18,QURE,1,1,566,567
503,126,63,0.5397,0.5378,0.708,0.2563,0.5079,0.5517,29,0.56,25,0.5714,21,QURE,1,2,629,630
553,139,63,0.4762,0.5232,0.9576,0.2726,0.5238,0.5,18,0.4667,15,0.4667,15,QURE,1,3,692,693
604,151,63,0.4762,0.4301,1.3974,0.2772,0.4444,0.3529,17,1.0,1,1.0,1,QURE,1,4,755,756
654,164,63,0.5238,0.4717,0.9588,0.2725,0.3651,0.3704,27,0.3,10,0.3,10,QURE,1,5,818,819
704,177,63,0.4921,0.5595,0.6936,0.2502,0.4921,0.4667,15,0.6667,6,0.6,5,QURE,1,6,881,882
755,189,63,0.4762,0.4428,1.1553,0.2658,0.4127,0.4103,39,0.0,1,0.0,1,QURE,1,7,944,945
805,202,63,0.3175,0.3392,0.7393,0.2734,0.4921,0.3125,32,0.0,2,,0,QURE,1,8,1007,1008
856,214,63,0.4762,0.6005,0.8994,0.2482,0.5238,0.5,4,0.6667,3,0.6667,3,QURE,1,9,1070,1071
906,227,63,0.4921,0.5,0.6937,0.2503,0.5079,,0,,0,,0,QURE,1,10,1133,1134
956,240,63,0.4603,0.4303,1.2516,0.2993,0.4762,0.4565,46,0.3333,6,0.3333,6,QURE,1,11,1196,1197
1007,252,63,0.5238,0.4549,0.7094,0.2578,0.4603,0.4762,21,,0,,0,QURE,1,12,1259,1260
1057,265,63,0.5873,0.5158,0.6737,0.2404,0.3968,0.4706,17,,0,,0,QURE,1,13,1322,1323
1108,277,63,0.4127,0.5326,0.6963,0.2516,0.3651,0.36,50,1.0,1,,0,QURE,1,14,1385,1386
1158,290,63,0.5714,0.5198,0.6885,0.2476,0.4603,0.5417,24,,0,,0,QURE,1,15,1448,1449
1208,303,63,0.5238,0.5005,0.7016,0.2542,0.4921,1.0,1,,0,,0,QURE,1,16,1511,1512
1259,315,63,0.5873,0.5376,0.6816,0.2441,0.4286,0.5556,9,0.5556,9,0.5556,9,QURE,1,17,1574,1575
1309,328,63,0.5714,0.5581,0.6867,0.2467,0.4286,,0,,0,,0,QURE,1,18,1637,1638
1360,340,63,0.5079,0.5,0.7345,0.2707,0.4921,,0,,0,,0,QURE,1,19,1700,1701
1410,353,63,0.5873,0.5811,0.6712,0.2419,0.4444,0.75,4,0.75,4,1.0,1,QURE,1,20,1763,1764
1460,366,63,0.5397,0.4995,0.6903,0.2487,0.4762,1.0,1,1.0,1,1.0,1,QURE,1,21,1826,1827
1511,378,63,0.4603,0.4723,0.7143,0.2604,0.5079,0.3333,6,0.3333,6,0.3333,6,QURE,1,22,1889,1890
1561,391,63,0.4921,0.4735,0.6907,0.2489,0.4444,0.4,20,,0,,0,QURE,1,23,1952,1953
1612,403,63,0.4921,0.5,0.6891,0.2495,0.5238,1.0,1,1.0,1,1.0,1,QURE,1,24,2015,2016
402,101,63,0.4286,0.354,1.5416,0.3325,0.5238,0.4348,23,,0,,0,ROKU,1,0,503,504
452,114,63,0.5873,0.6111,0.9445,0.2579,0.5397,0.9,10,0.9,10,0.9,10,ROKU,1,1,566,567
503,126,63,0.4127,0.4677,0.9405,0.2674,0.5238,0.375,16,0.4,15,0.4,15,ROKU,1,2,629,630
553,139,63,0.5714,0.552,0.687,0.247,0.5714,0.5818,55,0.5818,55,1.0,3,ROKU,1,3,692,693
604,151,63,0.4127,0.4417,0.7426,0.2743,0.4603,0.4091,44,0.4091,44,0.5,6,ROKU,1,4,755,756
654,164,63,0.5714,0.5132,0.9072,0.2518,0.5397,0.5593,59,0.4,5,0.4,5,ROKU,1,5,818,819
704,177,63,0.4603,0.5643,0.6903,0.2489,0.4286,0.4407,59,0.4762,21,0.6667,3,ROKU,1,6,881,882
755,189,63,0.4286,0.4442,0.6847,0.2473,0.3968,0.3429,35,,0,,0,ROKU,1,7,944,945
805,202,63,0.5556,0.6112,0.6744,0.2408,0.4444,0.5,4,0.0,1,0.0,1,ROKU,1,8,1007,1008
856,214,63,0.4286,0.4717,0.7303,0.268,0.5238,0.3333,9,1.0,1,1.0,1,ROKU,1,9,1070,1071
906,227,63,0.4921,0.4611,0.9443,0.2678,0.4762,0.4,10,0.0,1,0.0,1,ROKU,1,10,1133,1134
956,240,63,0.4444,0.4577,0.7144,0.2607,0.5079,0.4483,29,0.5385,13,,0,ROKU,1,11,1196,1197
1007,252,63,0.5397,0.5634,0.6892,0.248,0.4603,0.5,50,0.5,6,,0,ROKU,1,12,1259,1260
1057,265,63,0.5397,0.5307,0.6952,0.251,0.5873,0.625,32,,0,,0,ROKU,1,13,1322,1323
1108,277,63,0.4603,0.4633,0.9189,0.256,0.4444,0.45,60,0.0,1,,0,ROKU,1,14,1385,1386
1158,290,63,0.4921,0.4884,0.6943,0.2506,0.5079,0.5,54,,0,,0,ROKU,1,15,1448,1449
1208,303,63,0.4444,0.3697,1.1714,0.2714,0.4603,0.45,60,,0,,0,ROKU,1,16,1511,1512
1259,315,63,0.5079,0.4767,0.6972,0.252,0.5397,0.5263,57,,0,,0,ROKU,1,17,1574,1575
1309,328,63,0.5714,0.534,0.6891,0.248,0.5714,0.5918,49,,0,,0,ROKU,1,18,1637,1638
1360,340,63,0.4762,0.4697,0.7165,0.2603,0.4762,0.4727,55,,0,,0,ROKU,1,19,1700,1701
1410,353,63,0.4762,0.5419,0.6958,0.2515,0.4762,0.4667,45,1.0,2,1.0,2,ROKU,1,20,1763,1764
1460,366,63,0.619,0.6095,0.6867,0.2465,0.6032,0.6296,54,0.8,5,0.8,5,ROKU,1,21,1826,1827
1511,378,63,0.5397,0.5668,0.6858,0.2464,0.5556,0.575,40,0.8333,6,0.8333,6,ROKU,1,22,1889,1890
1561,391,63,0.5714,0.5745,0.6817,0.2444,0.4444,0.5102,49,0.5455,11,1.0,1,ROKU,1,23,1952,1953
1612,403,63,0.6032,0.5037,0.6978,0.252,0.619,0.6129,62,0.5,4,0.5,2,ROKU,1,24,2015,2016
402,101,63,0.4603,0.4899,1.678,0.3006,0.5079,0.4821,56,,0,,0,ROST,1,0,503,504
452,114,63,0.5238,0.5274,0.6945,0.2506,0.5397,0.5476,42,,0,,0,ROST,1,1,566,567
503,126,63,0.5238,0.5636,0.8995,0.2458,0.5238,0.5238,63,0.9091,11,0.9,10,ROST,1,2,629,630
553,139,63,0.4762,0.4894,0.9755,0.2823,0.5238,0.5,34,0.75,4,,0,ROST,1,3,692,693
604,151,63,0.6032,0.5367,0.9356,0.2625,0.5556,0.6136,44,0.3333,6,0.4,5,ROST,1,4,755,756
654,164,63,0.4762,0.4002,0.9635,0.2756,0.4921,0.4833,60,0.4737,57,0.4286,14,ROST,1,5,818,819
704,177,63,0.5397,0.4391,0.695,0.2509,0.5397,0.5397,63,,0,,0,ROST,1,6,881,882
755,189,63,0.4921,0.5242,0.6963,0.2516,0.4762,0.4815,54,0.4898,49,,0,ROST,1,7,944,945
805,202,63,0.5238,0.5177,0.6771,0.2449,0.5397,0.5357,56,1.0,2,1.0,2,ROST,1,8,1007,1008
856,214,63,0.4762,0.5,0.6953,0.2511,0.4762,0.4762,63,,0,,0,ROST,1,9,1070,1071
906,227,63,0.5714,0.3621,1.0643,0.3016,0.5714,0.5714,63,0.381,21,0.4211,19,ROST,1,10,1133,1134
956,240,63,0.4444,0.4602,1.7034,0.306,0.5079,0.3636,11,,0,,0,ROST,1,11,1196,1197
1007,252,63,0.4444,0.5427,0.6986,0.2527,0.4286,0.4355,62,,0,,0,ROST,1,12,1259,1260
1057,265,63,0.5238,0.4693,0.7051,0.2558,0.5079,0.5278,36,0.3,10,0.3,10,ROST,1,13,1322,1323
1108,277,63,0.6032,0.6141,0.687,0.2469,0.4603,0.5667,30,,0,,0,ROST,1,14,1385,1386
1158,290,63,0.5556,0.5573,0.7227,0.2634,0.6667,0.7188,32,,0,,0,ROST,1,15,1448,1449
1208,303,63,0.4286,0.4583,0.7094,0.258,0.381,0.3571,42,0.0,1,,0,ROST,1,16,1511,1512
1259,315,63,0.4603,0.4808,0.6959,0.2514,0.4921,0.4118,17,,0,,0,ROST,1,17,1574,1575
1309,328,63,0.4921,0.4718,0.6966,0.2517,0.4921,0.4915,59,,0,,0,ROST,1,18,1637,1638
1360,340,63,0.6032,0.6341,0.6767,0.2418,0.5079,0.7059,17,,0,,0,ROST,1,19,1700,1701
1410,353,63,0.4603,0.4306,1.1864,0.2784,0.4444,0.4464,56,0.0,2,0.0,2,ROST,1,20,1763,1764
1460,366,63,0.4603,0.5359,0.6966,0.2517,0.4762,0.46,50,,0,,0,ROST,1,21,1826,1827
1511,378,63,0.4921,0.4686,0.9361,0.2625,0.5714,0.5526,38,0.0,1,0.0,1,ROST,1,22,1889,1890
1561,391,63,0.5238,0.5332,1.6518,0.297,0.6032,0.6111,36,,0,,0,ROST,1,23,1952,1953
1612,403,63,0.3651,0.4631,0.7813,0.2912,0.619,0.4545,11,0.4545,11,,0,ROST,1,24,2015,2016
402,101,63,0.4286,0.3964,1.5096,0.3197,0.5556,0.0,1,0.0,1,,0,S,1,0,503,504
452,114,63,0.5397,0.5441,0.675,0.2413,0.5397,0.5397,63,1.0,4,1.0,4,S,1,1,566,567
503,126,63,0.4762,0.603,0.6941,0.2505,0.4762,0.4762,63,0.5806,31,,0,S,1,2,629,630
553,139,63,0.4762,0.5077,0.9424,0.2654,0.4286,0.44,50,0.4118,34,0.5,8,S,1,3,692,693
604,151,63,0.619,0.7102,0.6637,0.2354,0.4921,0.7333,15,0.6,5,0.5,2,S,1,4,755,756
654,164,63,0.5714,0.5172,0.69,0.2483,0.4603,0.625,8,0.625,8,,0,S,1,5,818,819
704,177,63,0.4286,0.4449,0.9451,0.2668,0.4127,0.3684,38,0.0,1,0.0,1,S,1,6,881,882
755,189,63,0.5238,0.5786,1.3996,0.2789,0.5556,0.6316,19,,0,,0,S,1,7,944,945
805,202,63,0.5238,0.5114,0.6959,0.2514,0.5873,0.6296,27,,0,,0,S,1,8,1007,1008
856,214,63,0.5238,0.5372,0.6906,0.2487,0.4444,0.4688,32,,0,,0,S,1,9,1070,1071
906,227,63,0.5556,0.5198,0.9167,0.2551,0.5873,0.6098,41,0.5652,23,0.5652,23,S,1,10,1133,1134
956,240,63,0.4921,0.5237,1.1882,0.2789,0.4762,0.4839,62,0.4857,35,0.5263,19,S,1,11,1196,1197
1007,252,63,0.5714,0.5778,0.93,0.2593,0.4762,0.5455,33,0.5455,22,0.5455,22,S,1,12,1259,1260
1057,265,63,0.381,0.3977,0.7535,0.277,0.5079,0.4,35,0.4,15,0.4286,7,S,1,13,1322,1323
1108,277,63,0.4921,0.4969,0.926,0.2603,0.5556,0.5349,43,0.625,8,0.5714,7,S,1,14,1385,1386
1158,290,63,0.4762,0.4899,0.7036,0.255,0.4762,0.4737,57,0.3333,3,0.0,1,S,1,15,1448,1449
1208,303,63,0.5556,0.5413,0.688,0.2474,0.5079,0.5455,44,,0,,0,S,1,16,1511,1512
1259,315,63,0.4127,0.4331,0.7073,0.2571,0.4603,0.4048,42,,0,,0,S,1,17,1574,1575
1309,328,63,0.4921,0.496,0.7003,0.2533,0.4921,0.4909,55,,0,,0,S,1,18,1637,1638
1360,340,63,0.4444,0.4274,0.7004,0.2541,0.6508,0.5833,36,0.5556,27,1.0,4,S,1,19,1700,1701
402,101,63,0.4444,0.4115,0.7101,0.2584,0.5714,0.5161,31,0.3889,18,,0,SHOP,1,0,503,504
452,114,63,0.5397,0.419,2.1309,0.3142,0.6349,0.5965,57,0.5893,56,0.6667,3,SHOP,1,1,566,567
503,126,63,0.4444,0.5372,0.7607,0.2822,0.4444,0.4444,63,0.4426,61,0.4667,30,SHOP,1,2,629,630
553,139,63,0.5397,0.4579,0.703,0.2547,0.5397,0.5397,63,0.375,8,0.375,8,SHOP,1,3,692,693
604,151,63,0.5556,0.5333,0.687,0.2469,0.5238,0.541,61,,0,,0,SHOP,1,4,755,756
654,164,63,0.5556,0.5073,0.6832,0.2451,0.5873,0.5849,53,1.0,1,1.0,1,SHOP,1,5,818,819
704,177,63,0.5238,0.3566,0.8134,0.2995,0.5238,0.5254,59,0.5254,59,0.2778,18,SHOP,1,6,881,882
755,189,63,0.4286,0.47,0.7112,0.259,0.3968,0.3721,43,0.5,2,0.5,2,SHOP,1,7,944,945
805,202,63,0.5873,0.5,0.6922,0.2495,0.4127,,0,,0,,0,SHOP,1,8,1007,1008
856,214,63,0.4762,0.4786,0.7231,0.2641,0.5556,0.5357,28,0.6667,3,0.6667,3,SHOP,1,9,1070,1071
906,227,63,0.4286,0.4117,0.7499,0.2773,0.4444,0.375,32,0.375,32,0.25,4,SHOP,1,10,1133,1134
956,240,63,0.5238,0.5091,0.7082,0.257,0.5079,0.5278,36,,0,,0,SHOP,1,11,1196,1197
1007,252,63,0.5079,0.5198,1.4527,0.2909,0.4603,0.4821,56,0.4,10,0.4,10,SHOP,1,12,1259,1260
1057,265,63,0.5714,0.5379,0.6976,0.2522,0.5238,0.5938,32,,0,,0,SHOP,1,13,1322,1323
1108,277,63,0.5714,0.5427,0.6855,0.2462,0.4286,0.5,14,,0,,0,SHOP,1,14,1385,1386
1158,290,63,0.6667,0.6141,0.6788,0.2427,0.6349,0.6939,49,,0,,0,SHOP,1,15,1448,1449
1208,303,63,0.5556,0.5502,0.6664,0.2397,0.5397,0.5484,62,1.0,3,1.0,2,SHOP,1,16,1511,1512
1259,315,63,0.4762,0.5581,0.6717,0.2425,0.4762,0.4762,63,0.8333,6,0.8333,6,SHOP,1,17,1574,1575
1309,328,63,0.4921,0.4218,0.7078,0.2572,0.5714,0.5385,52,0.0,2,,0,SHOP,1,18,1637,1638
1360,340,63,0.5397,0.5319,0.6842,0.2456,0.5397,0.5397,63,1.0,3,1.0,2,SHOP,1,19,1700,1701
1410,353,63,0.4127,0.372,0.7004,0.2536,0.5079,0.449,49,,0,,0,SHOP,1,20,1763,1764
1460,366,63,0.5079,0.5061,0.6936,0.2503,0.5238,0.5227,44,0.4783,23,0.7143,7,SHOP,1,21,1826,1827
1511,378,63,0.5238,0.5207,0.6912,0.249,0.5238,0.5238,63,0.6,5,,0,SHOP,1,22,1889,1890
1561,391,63,0.4762,0.427,0.704,0.2554,0.4603,0.25,8,0.25,8,0.0,1,SHOP,1,23,1952,1953
1612,403,63,0.4921,0.5025,0.6935,0.2502,0.4762,0.4737,38,,0,,0,SHOP,1,24,2015,2016
402,101,63,0.4603,0.4442,1.6803,0.3079,0.4603,0.4359,39,0.3793,29,0.3793,29,SLV,1,0,503,504
452,114,63,0.4444,0.5331,0.7107,0.2587,0.619,0.6667,12,0.6667,12,0.6667,12,SLV,1,1,566,567
503,126,63,0.5238,0.5136,0.6925,0.2494,0.5238,0.5238,63,0.6667,3,0.6667,3,SLV,1,2,629,630
553,139,63,0.5714,0.5005,0.6883,0.2475,0.5714,0.5714,63,0.5625,16,0.5333,15,SLV,1,3,692,693
604,151,63,0.4921,0.504,0.7252,0.2642,0.4762,0.4828,58,0.4828,58,0.5,10,SLV,1,4,755,756
654,164,63,0.5238,0.5152,0.6696,0.2413,0.5238,0.5238,63,0.8,5,0.8,5,SLV,1,5,818,819
704,177,63,0.4921,0.4722,0.7253,0.2652,0.4286,0.4286,35,0.3889,18,0.3889,18,SLV,1,6,881,882
755,189,63,0.5397,0.5635,1.1377,0.2596,0.4921,0.5278,36,0.6667,6,0.6667,6,SLV,1,7,944,945
805,202,63,0.3651,0.45,0.7308,0.2683,0.5238,0.2667,15,,0,,0,SLV,1,8,1007,1008
856,214,63,0.5714,0.5679,0.6855,0.246,0.4444,0.5172,29,0.5,4,0.5,4,SLV,1,9,1070,1071
906,227,63,0.4444,0.4423,0.7089,0.2574,0.4444,0.4314,51,0.1667,6,,0,SLV,1,10,1133,1134
956,240,63,0.5714,0.5588,0.6913,0.249,0.5397,0.5714,49,,0,,0,SLV,1,11,1196,1197
1007,252,63,0.5873,0.5535,1.1516,0.2626,0.4762,0.5385,52,0.25,4,0.3333,3,SLV,1,12,1259,1260
1057,265,63,0.5556,0.5189,0.692,0.2492,0.4444,0.5,22,0.5333,15,1.0,2,SLV,1,13,1322,1323
1108,277,63,0.4444,0.4537,0.7217,0.2629,0.4286,0.3947,38,0.0,1,0.0,1,SLV,1,14,1385,1386
1158,290,63,0.5238,0.5194,0.6952,0.2509,0.4444,0.0,2,0.0,2,0.0,2,SLV,1,15,1448,1449
1208,303,63,0.5556,0.625,0.9214,0.2567,0.5556,0.8182,11,,0,,0,SLV,1,16,1511,1512
1259,315,63,0.4603,0.4645,0.7107,0.2587,0.5397,,0,,0,,0,SLV,1,17,1574,1575
1309,328,63,0.4286,0.4388,0.7416,0.2735,0.5714,,0,,0,,0,SLV,1,18,1637,1638
1360,340,63,0.6349,0.4783,0.7009,0.2528,0.6349,0.6349,63,0.0,1,0.0,1,SLV,1,19,1700,1701
1410,353,63,0.4444,0.4641,1.1899,0.2801,0.4762,0.4576,59,,0,,0,SLV,1,20,1763,1764
1460,366,63,0.5079,0.5615,0.6828,0.2449,0.5079,0.5079,63,0.75,8,0.75,8,SLV,1,21,1826,1827
1511,378,63,0.619,0.5865,0.6573,0.2337,0.619,0.619,63,0.6875,32,0.6774,31,SLV,1,22,1889,1890
1561,391,63,0.6349,0.3946,0.6732,0.2401,0.6349,0.6349,63,0.6207,58,,0,SLV,1,23,1952,1953
1612,403,63,0.5873,0.5756,0.6898,0.248,0.5397,0.5714,56,0.5714,56,0.5814,43,SLV,1,24,2015,2016
402,101,63,0.5238,0.5161,0.6819,0.2459,0.5079,0.5161,62,,0,,0,SMCI,1,0,503,504
452,114,63,0.4921,0.4758,1.4159,0.2848,0.4762,0.4,10,0.4,10,0.4,10,SMCI,1,1,566,567
503,126,63,0.5238,0.4714,0.6933,0.2501,0.5556,0.541,61,,0,,0,SMCI,1,2,629,630
553,139,63,0.5079,0.648,0.6796,0.2433,0.4762,0.4909,55,0.75,16,0.7333,15,SMCI,1,3,692,693
604,151,63,0.5397,0.5112,0.7019,0.2542,0.5556,0.5714,42,,0,,0,SMCI,1,4,755,756
654,164,63,0.5238,0.6328,0.9124,0.251,0.5238,0.6667,9,0.8333,6,0.8333,6,SMCI,1,5,818,819
704,177,63,0.5873,0.5121,0.6852,0.246,0.6032,0.5968,62,0.75,8,0.75,8,SMCI,1,6,881,882
755,189,63,0.4921,0.4799,0.7104,0.2585,0.5714,0.5526,38,0.5526,38,,0,SMCI,1,7,944,945
805,202,63,0.5556,0.5372,0.6851,0.246,0.5556,0.5556,63,0.6,25,0.5333,15,SMCI,1,8,1007,1008
856,214,63,0.5714,0.5494,0.6737,0.2425,0.5714,0.5714,63,0.5965,57,0.6,5,SMCI,1,9,1070,1071
906,227,63,0.4921,0.4578,0.6913,0.2491,0.619,0.5897,39,0.5897,39,0.5,2,SMCI,1,10,1133,1134
956,240,63,0.4127,0.6055,1.2205,0.2987,0.4127,0.4127,63,0.4127,63,0.4828,29,SMCI,1,11,1196,1197
1007,252,63,0.4286,0.5864,1.1744,0.2739,0.4286,0.4286,63,0.5333,30,0.3333,3,SMCI,1,12,1259,1260
1057,265,63,0.4762,0.4784,1.4996,0.2939,0.4286,0.4062,32,0.4,10,0.4,10,SMCI,1,13,1322,1323
1108,277,63,0.5714,0.4244,0.7006,0.2536,0.4286,,0,,0,,0,SMCI,1,14,1385,1386
1158,290,63,0.4921,0.4899,0.7004,0.2536,0.5079,,0,,0,,0,SMCI,1,15,1448,1449
1208,303,63,0.5238,0.5086,0.6977,0.2523,0.4921,0.5714,7,,0,,0,SMCI,1,16,1511,1512
1259,315,63,0.5238,0.4189,0.6953,0.251,0.4444,0.375,8,,0,,0,SMCI,1,17,1574,1575
1309,328,63,0.5873,0.5,0.683,0.245,0.4127,,0,,0,,0,SMCI,1,18,1637,1638
402,101,63,0.5079,0.4611,0.7087,0.2603,0.4762,0.4615,13,0.2,5,0.2,5,SMMT,1,0,503,504
452,114,63,0.4762,0.4824,0.7147,0.2606,0.5079,0.0,1,,0,,0,SMMT,1,1,566,567
503,126,63,0.4762,0.5716,0.6852,0.2461,0.3968,0.4286,56,,0,,0,SMMT,1,2,629,630
553,139,63,0.4444,0.5316,1.4246,0.2912,0.5556,,0,,0,,0,SMMT,1,3,692,693
604,151,63,0.5238,0.4944,0.6913,0.2492,0.4444,0.4286,14,0.4286,7,0.6667,3,SMMT,1,4,755,756
654,164,63,0.4286,0.3724,0.7567,0.2802,0.4286,0.2857,21,0.25,20,0.0,2,SMMT,1,5,818,819
704,177,63,0.5238,0.5,0.6923,0.2496,0.4762,,0,,0,,0,SMMT,1,6,881,882
755,189,63,0.5714,0.553,0.6668,0.238,0.4127,0.4286,7,0.6,5,1.0,1,SMMT,1,7,944,945
805,202,63,0.619,0.4457,0.9057,0.2488,0.3651,0.0,1,0.0,1,0.0,1,SMMT,1,8,1007,1008
856,214,63,0.5079,0.4731,1.1923,0.2809,0.4603,0.4167,12,0.0,4,0.0,3,SMMT,1,9,1070,1071
906,227,63,0.5397,0.535,0.6817,0.2457,0.4286,0.25,4,0.25,4,0.3333,3,SMMT,1,10,1133,1134
956,240,63,0.5238,0.5142,1.4272,0.2922,0.5397,0.7,10,0.7,10,0.7,10,SMMT,1,11,1196,1197
1007,252,63,0.4603,0.4016,0.9591,0.2747,0.4603,0.3684,19,,0,,0,SMMT,1,12,1259,1260
1057,265,63,0.5079,0.4465,0.7067,0.2566,0.4762,0.0,1,0.0,1,0.0,1,SMMT,1,13,1322,1323
1108,277,63,0.5556,0.4893,1.1665,0.2684,0.4444,0.5,8,,0,,0,SMMT,1,14,1385,1386
1158,290,63,0.4921,0.4934,0.7043,0.2555,0.5238,0.5185,27,,0,,0,SMMT,1,15,1448,1449
1208,303,63,0.4921,0.5303,0.6932,0.25,0.5238,0.5455,11,0.8,5,,0,SMMT,1,16,1511,1512
1259,315,63,0.4921,0.5,0.6985,0.2526,0.4921,0.4,5,0.4,5,,0,SMMT,1,17,1574,1575
1309,328,63,0.4286,0.4526,0.6963,0.2516,0.5079,0.4167,24,0.5,2,,0,SMMT,1,18,1637,1638
1360,340,63,0.5238,0.564,0.6808,0.2453,0.4921,1.0,1,1.0,1,,0,SMMT,1,19,1700,1701
1410,353,63,0.5238,0.5238,0.6893,0.2481,0.5397,0.55,40,0.5,6,,0,SMMT,1,20,1763,1764
1460,366,63,0.5714,0.5847,0.6866,0.2467,0.5873,0.6923,26,1.0,7,1.0,2,SMMT,1,21,1826,1827
1511,378,63,0.5238,0.5066,0.7037,0.2551,0.4921,0.5135,37,0.4167,12,0.4167,12,SMMT,1,22,1889,1890
1561,391,63,0.4762,0.4866,0.6961,0.2514,0.381,0.2857,21,0.2857,7,,0,SMMT,1,23,1952,1953
1612,403,63,0.4444,0.4797,0.696,0.2515,0.5873,0.5357,28,0.625,8,1.0,1,SMMT,1,24,2015,2016
402,101,63,0.5238,0.5152,0.7177,0.2606,0.4762,0.5,46,0.5,46,0.0,1,SNOW,1,0,503,504
452,114,63,0.5556,0.5746,0.684,0.2454,0.5079,0.6,20,0.6667,3,0.6667,3,SNOW,1,1,566,567
503,126,63,0.5079,0.4604,1.178,0.2781,0.5397,0.5556,27,0.5556,27,0.4286,7,SNOW,1,2,629,630
553,139,63,0.4127,0.4468,0.759,0.2767,0.4603,0.4333,60,0.4545,11,0.5,10,SNOW,1,3,692,693
604,151,63,0.4921,0.4995,0.7071,0.2577,0.5397,0.5357,28,0.5333,15,0.5333,15,SNOW,1,4,755,756
654,164,63,0.4127,0.4491,1.8999,0.3078,0.4127,0.4127,63,0.2857,7,0.1667,6,SNOW,1,5,818,819
704,177,63,0.5238,0.5202,0.6943,0.2506,0.5079,0.5217,46,0.5217,46,,0,SNOW,1,6,881,882
755,189,63,0.5397,0.5042,0.6858,0.2477,0.5873,0.5833,48,1.0,1,1.0,1,SNOW,1,7,944,945
805,202,63,0.4762,0.5946,0.7402,0.2684,0.619,0.75,12,0.75,12,,0,SNOW,1,8,1007,1008
856,214,63,0.4921,0.4808,0.7154,0.2609,0.4921,0.4872,39,0.4872,39,,0,SNOW,1,9,1070,1071
906,227,63,0.5397,0.5477,1.1705,0.2713,0.6508,0.6364,44,0.6667,42,,0,SNOW,1,10,1133,1134
956,240,63,0.5556,0.5311,0.6853,0.247,0.5556,0.5556,63,0.5769,52,0.5,4,SNOW,1,11,1196,1197
1007,252,63,0.4762,0.4768,0.7212,0.2638,0.4921,0.4839,62,0.4821,56,0.4783,46,SNOW,1,12,1259,1260
1057,265,63,0.5238,0.4692,0.9423,0.265,0.5238,0.5238,63,0.5,8,0.4286,7,SNOW,1,13,1322,1323
402,101,63,0.5556,0.5444,0.6847,0.2458,0.5238,0.5439,57,0.6,5,,0,TEAM,1,0,503,504
452,114,63,0.5079,0.5127,0.6764,0.2443,0.5397,0.6,15,0.6,15,0.6154,13,TEAM,1,1,566,567
503,126,63,0.6349,0.6482,0.6686,0.2391,0.5079,0.6667,27,0.64,25,0.6667,3,TEAM,1,2,629,630
553,139,63,0.5079,0.4959,0.9429,0.2655,0.5714,0.551,49,0.5556,18,0.6429,14,TEAM,1,3,692,693
604,151,63,0.4762,0.3894,0.7322,0.2679,0.5238,0.5,56,0.4,15,0.3571,14,TEAM,1,4,755,756
654,164,63,0.5873,0.626,0.675,0.241,0.5714,0.5893,56,0.8,5,0.8,5,TEAM,1,5,818,819
704,177,63,0.6508,0.4867,0.6721,0.2395,0.6508,0.6557,61,0.6333,30,0.6667,12,TEAM,1,6,881,882
755,189,63,0.4444,0.5796,0.7273,0.2668,0.4444,0.4444,63,0.4464,56,0.6429,14,TEAM,1,7,944,945
805,202,63,0.4921,0.576,0.7226,0.2621,0.4444,0.463,54,0.6154,13,0.5455,11,TEAM,1,8,1007,1008
856,214,63,0.4762,0.4531,0.7181,0.262,0.5079,0.4884,43,0.45,20,0.5,12,TEAM,1,9,1070,1071
906,227,63,0.3333,0.3038,0.7782,0.2914,0.4603,0.1905,21,0.1905,21,0.1905,21,TEAM,1,10,1133,1134
956,240,63,0.4762,0.4278,0.703,0.2549,0.5238,,0,,0,,0,TEAM,1,11,1196,1197
1007,252,63,0.4444,0.5,0.6953,0.2511,0.5556,,0,,0,,0,TEAM,1,12,1259,1260
1057,265,63,0.5556,0.5,0.6905,0.2487,0.5556,0.5556,63,,0,,0,TEAM,1,13,1322,1323
1108,277,63,0.5556,0.5,0.6889,0.2479,0.5556,0.5556,63,,0,,0,TEAM,1,14,1385,1386
1158,290,63,0.5079,0.4904,0.6989,0.2528,0.5397,0.5254,59,,0,,0,TEAM,1,15,1448,1449
1208,303,63,0.5397,0.5302,0.9407,0.2657,0.4921,0.525,40,0.525,40,,0,TEAM,1,16,1511,1512
1259,315,63,0.4603,0.501,1.1985,0.2861,0.4444,0.4516,62,0.4516,62,0.45,40,TEAM,1,17,1574,1575
1309,328,63,0.4603,0.4723,0.7081,0.2574,0.5079,0.4821,56,,0,,0,TEAM,1,18,1637,1638
1360,340,63,0.3968,0.4239,0.7381,0.2722,0.5714,0.4643,28,,0,,0,TEAM,1,19,1700,1701
1410,353,63,0.5238,0.4847,0.6901,0.2485,0.4444,0.375,8,,0,,0,TEAM,1,20,1763,1764
1460,366,63,0.4762,0.4647,0.7063,0.256,0.4921,0.4833,60,0.0,1,0.0,1,TEAM,1,21,1826,1827
1511,378,63,0.4762,0.4398,0.6962,0.2515,0.4286,0.3125,16,,0,,0,TEAM,1,22,1889,1890
1561,391,63,0.5238,0.5217,0.6959,0.2512,0.4762,0.5,2,0.5,2,0.5,2,TEAM,1,23,1952,1953
1612,403,63,0.4286,0.4897,1.932,0.3208,0.4286,0.4262,61,0.4074,27,0.4583,24,TEAM,1,24,2015,2016
402,101,63,0.5079,0.5401,0.9814,0.2669,0.4603,0.4828,58,0.5,2,0.5,2,TGT,1,0,503,504
452,114,63,0.381,0.448,0.9728,0.2788,0.5556,0.25,8,0.25,8,0.25,8,TGT,1,1,566,567
503,126,63,0.619,0.6734,0.6667,0.2371,0.5714,0.75,24,1.0,3,1.0,3,TGT,1,2,629,630
553,139,63,0.5556,0.4428,0.6937,0.2502,0.5873,0.5818,55,0.5818,55,0.5556,45,TGT,1,3,692,693
604,151,63,0.5873,0.5598,0.6719,0.2395,0.5873,0.5873,63,0.6667,21,0.6667,21,TGT,1,4,755,756
654,164,63,0.4921,0.4678,1.2015,0.2843,0.5873,0.5641,39,0.5641,39,0.5789,38,TGT,1,5,818,819
704,177,63,0.4444,0.5406,0.7323,0.2706,0.4286,0.4355,62,0.4355,62,0.4545,44,TGT,1,6,881,882
755,189,63,0.5079,0.4945,0.6957,0.2513,0.5079,0.5079,63,0.5,22,,0,TGT,1,7,944,945
805,202,63,0.5079,0.4523,0.6935,0.2502,0.5397,0.5333,45,,0,,0,TGT,1,8,1007,1008
856,214,63,0.4762,0.5147,0.6882,0.2477,0.4603,0.4677,62,,0,,0,TGT,1,9,1070,1071
906,227,63,0.5079,0.5411,0.6901,0.2485,0.4603,0.4828,58,,0,,0,TGT,1,10,1133,1134
956,240,63,0.5079,0.4938,0.7047,0.2554,0.5714,0.5714,35,,0,,0,TGT,1,11,1196,1197
1007,252,63,0.5397,0.5314,0.6896,0.2485,0.4286,0.4583,24,,0,,0,TGT,1,12,1259,1260
1057,265,63,0.4286,0.4781,0.9362,0.2624,0.4444,0.4333,60,,0,,0,TGT,1,13,1322,1323
1108,277,63,0.5714,0.5398,0.6784,0.2437,0.4444,0.5714,7,0.5714,7,1.0,1,TGT,1,14,1385,1386
1158,290,63,0.4603,0.519,0.6991,0.2537,0.5714,0.5833,12,0.5833,12,0.5,6,TGT,1,15,1448,1449
1208,303,63,0.5397,0.4907,0.6944,0.2506,0.4286,0.4,10,0.4,10,,0,TGT,1,16,1511,1512
1259,315,63,0.4921,0.4823,0.7018,0.2543,0.4603,0.4,15,0.4167,12,,0,TGT,1,17,1574,1575
1309,328,63,0.5079,0.5192,0.6929,0.2514,0.5079,0.52,25,,0,,0,TGT,1,18,1637,1638
1360,340,63,0.5556,0.5526,0.6903,0.2486,0.4444,0.5,30,0.25,4,0.25,4,TGT,1,19,1700,1701
1410,353,63,0.4603,0.4057,0.716,0.2613,0.4603,0.3077,13,0.25,12,,0,TGT,1,20,1763,1764
1460,366,63,0.4444,0.4579,0.7029,0.2549,0.5397,0.4706,17,0.4375,16,,0,TGT,1,21,1826,1827
1511,378,63,0.5714,0.5699,0.9709,0.2671,0.4444,0.5294,17,0.5294,17,0.0,2,TGT,1,22,1889,1890
1561,391,63,0.3968,0.5703,0.689,0.2479,0.6667,0.7,10,0.7,10,0.7,10,TGT,1,23,1952,1953
1612,403,63,0.5238,0.566,0.6759,0.2422,0.4921,0.5082,61,0.5238,21,0.8571,7,TGT,1,24,2015,2016
402,101,63,0.5873,0.5854,0.6782,0.2424,0.5238,0.5614,57,0.5614,57,0.6,5,TJX,1,0,503,504
452,114,63,0.4921,0.4582,1.2249,0.2929,0.4921,0.4839,31,0.5556,27,0.5556,27,TJX,1,1,566,567
503,126,63,0.4762,0.4733,0.6967,0.2518,0.5079,0.4884,43,,0,,0,TJX,1,2,629,630
553,139,63,0.5238,0.4783,2.1319,0.3154,0.5079,0.5208,48,0.3846,13,0.3846,13,TJX,1,3,692,693
604,151,63,0.5079,0.4954,0.6972,0.2521,0.5556,0.55,40,0.55,40,1.0,1,TJX,1,4,755,756
654,164,63,0.4603,0.5291,0.7323,0.2689,0.4127,0.413,46,0.413,46,0.4667,15,TJX,1,5,818,819
704,177,63,0.3968,0.4057,0.7303,0.2678,0.4603,0.4237,59,,0,,0,TJX,1,6,881,882
755,189,63,0.4286,0.5139,0.7071,0.257,0.5714,,0,,0,,0,TJX,1,7,944,945
805,202,63,0.4762,0.5,0.6944,0.2506,0.5238,,0,,0,,0,TJX,1,8,1007,1008
856,214,63,0.5556,0.5242,0.6915,0.2491,0.4762,0.5455,22,0.5714,21,0.5455,11,TJX,1,9,1070,1071
906,227,63,0.5079,0.499,0.7459,0.2717,0.5397,0.56,25,0.5652,23,0.5652,23,TJX,1,10,1133,1134
956,240,63,0.5397,0.5368,0.6841,0.2457,0.4921,0.5625,16,0.8,5,1.0,1,TJX,1,11,1196,1197
1007,252,63,0.5079,0.5121,0.7329,0.2659,0.5079,0.5102,49,1.0,1,1.0,1,TJX,1,12,1259,1260
1057,265,63,0.5238,0.5469,0.6972,0.2508,0.5556,0.5714,35,0.7143,7,,0,TJX,1,13,1322,1323
1108,277,63,0.4127,0.4934,0.9517,0.2706,0.4444,0.4211,57,0.5,18,,0,TJX,1,14,1385,1386
1158,290,63,0.5238,0.6122,0.6688,0.2394,0.619,0.7143,21,0.75,12,0.75,12,TJX,1,15,1448,1449
1208,303,63,0.4921,0.5455,0.6881,0.2476,0.5238,0.5082,61,1.0,1,1.0,1,TJX,1,16,1511,1512
1259,315,63,0.5873,0.5588,0.9113,0.2515,0.619,0.6444,45,0.6875,16,,0,TJX,1,17,1574,1575
1309,328,63,0.4762,0.4677,0.7278,0.2668,0.4921,0.4706,34,0.4706,34,0.4706,34,TJX,1,18,1637,1638
1360,340,63,0.5079,0.4811,0.6824,0.2477,0.5556,0.5385,52,0.5385,52,0.6,5,TJX,1,19,1700,1701
1410,353,63,0.4921,0.4323,1.014,0.2806,0.5238,0.5128,39,0.4444,27,0.4231,26,TJX,1,20,1763,1764
1460,366,63,0.4603,0.4965,0.7111,0.2591,0.4603,0.4603,63,0.4286,14,0.4286,14,TJX,1,21,1826,1827
1511,378,63,0.5397,0.502,0.6913,0.2491,0.5397,0.5397,63,0.6667,3,,0,TJX,1,22,1889,1890
1561,391,63,0.5079,0.6111,0.69,0.2484,0.5238,0.5172,58,0.8182,11,,0,TJX,1,23,1952,1953
1612,403,63,0.5079,0.4792,0.6962,0.2515,0.4603,0.375,8,0.5,2,0.5,2,TJX,1,24,2015,2016
402,101,63,0.4921,0.4516,0.7462,0.2746,0.4921,0.4921,63,0.4921,63,0.4375,16,TPR,1,0,503,504
452,114,63,0.5238,0.5899,0.6727,0.2401,0.5238,0.5238,63,0.6667,18,0.75,16,TPR,1,1,566,567
503,126,63,0.4603,0.4792,0.7151,0.2601,0.5397,0.5,24,0.8,5,0.8,5,TPR,1,2,629,630
553,139,63,0.4127,0.5473,3.0493,0.3533,0.5873,0.5,14,,0,,0,TPR,1,3,692,693
604,151,63,0.5238,0.5432,0.6841,0.2484,0.6032,0.625,32,0.6667,30,,0,TPR,1,4,755,756
654,164,63,0.4921,0.4646,1.2312,0.2967,0.4762,0.4839,62,0.4839,62,0.4839,62,TPR,1,5,818,819
704,177,63,0.4762,0.6043,1.1735,0.2734,0.4921,0.4828,58,0.4828,58,,0,TPR,1,6,881,882
755,189,63,0.6032,0.6018,0.6761,0.2416,0.4921,0.5938,32,0.5938,32,1.0,1,TPR,1,7,944,945
805,202,63,0.5556,0.5418,1.4249,0.2851,0.5079,0.5625,32,,0,,0,TPR,1,8,1007,1008
856,214,63,0.5079,0.5166,0.7099,0.2579,0.4921,0.5,20,,0,,0,TPR,1,9,1070,1071
906,227,63,0.5397,0.5585,0.664,0.2369,0.4921,0.5455,22,1.0,6,1.0,6,TPR,1,10,1133,1134
956,240,63,0.4127,0.6136,0.931,0.2602,0.6984,0.7333,15,1.0,1,1.0,1,TPR,1,11,1196,1197
1007,252,63,0.4286,0.4496,1.6961,0.3187,0.4286,0.4286,63,0.3684,38,0.3684,38,TPR,1,12,1259,1260
1057,265,63,0.5556,0.5396,0.7013,0.2535,0.4603,0.5106,47,0.4884,43,0.5,2,TPR,1,13,1322,1323
1108,277,63,0.3651,0.4762,1.9049,0.3119,0.3333,0.3443,61,0.2727,22,0.2857,7,TPR,1,14,1385,1386
1158,290,63,0.4286,0.5694,0.7012,0.254,0.619,0.8,5,1.0,1,,0,TPR,1,15,1448,1449
1208,303,63,0.4921,0.498,0.701,0.2537,0.4921,0.4909,55,,0,,0,TPR,1,16,1511,1512
1259,315,63,0.5873,0.5098,0.6731,0.2415,0.4286,1.0,1,1.0,1,,0,TPR,1,17,1574,1575
1309,328,63,0.5397,0.5293,0.9243,0.2579,0.4762,0.6667,3,,0,,0,TPR,1,18,1637,1638
1360,340,63,0.4762,0.4938,0.7367,0.2712,0.5873,0.8333,6,0.8333,6,,0,TPR,1,19,1700,1701
1410,353,63,0.4762,0.4837,3.0637,0.3517,0.5556,0.625,8,,0,,0,TPR,1,20,1763,1764
1460,366,63,0.5079,0.4995,0.7047,0.2557,0.5873,0.6071,28,0.4545,11,,0,TPR,1,21,1826,1827
1511,378,63,0.381,0.4115,0.7093,0.258,0.5714,0.3846,13,0.3846,13,,0,TPR,1,22,1889,1890
1561,391,63,0.6032,0.3995,0.6889,0.2479,0.6032,0.6032,63,,0,,0,TPR,1,23,1952,1953
1612,403,63,0.4921,0.504,0.6974,0.2521,0.4921,0.4921,63,1.0,1,1.0,1,TPR,1,24,2015,2016
402,101,63,0.5079,0.4627,0.7441,0.2729,0.5079,0.5079,63,0.5079,63,0.5079,63,TSLA,1,0,503,504
452,114,63,0.6032,0.5288,0.9038,0.2475,0.5714,0.5932,59,0.5932,59,0.5,4,TSLA,1,1,566,567
503,126,63,0.6032,0.5311,0.6782,0.2426,0.6032,0.6032,63,0.6667,6,0.6667,6,TSLA,1,2,629,630
553,139,63,0.6032,0.5481,0.6733,0.2401,0.619,0.6207,58,0.6571,35,,0,TSLA,1,3,692,693
604,151,63,0.4762,0.5375,0.7415,0.2733,0.4603,0.4677,62,0.4464,56,0.4545,55,TSLA,1,4,755,756
654,164,63,0.4127,0.4001,0.7698,0.2865,0.4603,0.3571,28,0.3571,28,0.3043,23,TSLA,1,5,818,819
704,177,63,0.6667,0.4767,0.6781,0.2425,0.6984,0.6949,59,,0,,0,TSLA,1,6,881,882
755,189,63,0.5079,0.5086,0.6848,0.2474,0.4762,0.4915,59,0.3846,13,,0,TSLA,1,7,944,945
805,202,63,0.4921,0.502,0.9959,0.2811,0.5079,0.5,46,0.5161,31,,0,TSLA,1,8,1007,1008
856,214,63,0.6349,0.6087,0.6748,0.2407,0.5556,0.6429,42,0.6429,42,,0,TSLA,1,9,1070,1071
906,227,63,0.4921,0.5025,0.6988,0.2528,0.4921,0.4921,63,0.5,10,0.5,10,TSLA,1,10,1133,1134
956,240,63,0.4603,0.4665,0.6966,0.2517,0.4603,0.4603,63,1.0,1,,0,TSLA,1,11,1196,1197
1007,252,63,0.5873,0.5938,0.6749,0.2411,0.4921,0.6316,19,1.0,2,1.0,2,TSLA,1,12,1259,1260
1057,265,63,0.4286,0.5177,0.7746,0.2815,0.6508,0.6923,13,0.5,4,1.0,1,TSLA,1,13,1322,1323
1108,277,63,0.4444,0.606,0.6887,0.2493,0.4286,0.4355,62,,0,,0,TSLA,1,14,1385,1386
1158,290,63,0.5397,0.501,0.677,0.2456,0.5079,0.5254,59,0.0,1,0.0,1,TSLA,1,15,1448,1449
1208,303,63,0.4921,0.4758,0.6991,0.2542,0.4921,0.4921,63,0.4583,24,0.5,2,TSLA,1,16,1511,1512
1259,315,63,0.5873,0.5773,0.6928,0.2497,0.5238,0.5778,45,0.625,8,,0,TSLA,1,17,1574,1575
1309,328,63,0.5397,0.4693,1.1614,0.2672,0.5079,0.5349,43,1.0,2,1.0,2,TSLA,1,18,1637,1638
1360,340,63,0.5556,0.5843,0.8953,0.245,0.5238,0.7273,11,0.7273,11,0.7273,11,TSLA,1,19,1700,1701
1410,353,63,0.4921,0.5206,0.6952,0.251,0.4286,0.4,25,0.45,20,0.6,5,TSLA,1,20,1763,1764
1460,366,63,0.5397,0.5188,0.9497,0.2686,0.5397,0.5714,35,0.5,10,0.6,5,TSLA,1,21,1826,1827
1511,378,63,0.4127,0.4397,0.9638,0.2759,0.5873,,0,,0,,0,TSLA,1,22,1889,1890
1561,391,63,0.4921,0.6214,0.683,0.2451,0.4444,0.4643,56,,0,,0,TSLA,1,23,1952,1953
1612,403,63,0.5714,0.5195,0.6917,0.2493,0.5714,0.6286,35,,0,,0,TSLA,1,24,2015,2016
402,101,63,0.5079,0.566,1.8567,0.2967,0.5079,0.5082,61,0.5357,56,0.5357,56,TSM,1,0,503,504
452,114,63,0.5873,0.5929,0.6535,0.2328,0.6349,0.6522,46,0.6829,41,0.75,8,TSM,1,1,566,567
503,126,63,0.6349,0.6336,0.6573,0.234,0.5079,0.5849,53,0.5833,12,0.5833,12,TSM,1,2,629,630
553,139,63,0.5397,0.4944,0.7028,0.2558,0.5556,0.5517,58,0.5455,33,0.5161,31,TSM,1,3,692,693
604,151,63,0.5238,0.5638,0.9912,0.2837,0.4286,0.4651,43,0.5,30,0.5217,23,TSM,1,4,755,756
654,164,63,0.5714,0.5353,0.8952,0.2453,0.6032,0.5932,59,0.6034,58,0.6923,13,TSM,1,5,818,819
704,177,63,0.5556,0.4769,0.7046,0.255,0.5714,0.5909,44,0.4167,12,0.4167,12,TSM,1,6,881,882
755,189,63,0.4603,0.5141,0.9585,0.2718,0.4762,0.4643,56,0.4615,39,1.0,2,TSM,1,7,944,945
805,202,63,0.6508,0.605,0.7111,0.2583,0.4127,0.5714,28,0.2,5,0.2,5,TSM,1,8,1007,1008
856,214,63,0.4762,0.5154,0.7098,0.2577,0.4286,0.4286,42,0.4444,18,0.5714,7,TSM,1,9,1070,1071
906,227,63,0.5397,0.5369,0.6954,0.2511,0.4127,0.4444,27,0.4167,24,,0,TSM,1,10,1133,1134
956,240,63,0.3492,0.3479,0.7454,0.2755,0.4603,0.2857,28,,0,,0,TSM,1,11,1196,1197
1007,252,63,0.5397,0.5333,0.696,0.2513,0.4762,1.0,1,,0,,0,TSM,1,12,1259,1260
1057,265,63,0.5873,0.6193,0.6647,0.236,0.4286,1.0,1,,0,,0,TSM,1,13,1322,1323
1108,277,63,0.5238,0.6472,0.6881,0.2476,0.5079,1.0,2,,0,,0,TSM,1,14,1385,1386
1158,290,63,0.4762,0.5214,0.7068,0.2583,0.619,0.6071,28,0.75,4,1.0,1,TSM,1,15,1448,1449
1208,303,63,0.4444,0.4451,0.7168,0.2617,0.5079,0.4286,21,,0,,0,TSM,1,16,1511,1512
1259,315,63,0.5397,0.5393,0.9265,0.2576,0.5079,0.6667,9,0.6667,9,0.3333,3,TSM,1,17,1574,1575
1309,328,63,0.5556,0.6242,0.6453,0.2322,0.5873,0.7368,19,0.8571,7,0.8571,7,TSM,1,18,1637,1638
1360,340,63,0.5397,0.558,0.695,0.2505,0.5079,0.5714,21,0.6471,17,0.5556,9,TSM,1,19,1700,1701
1410,353,63,0.4921,0.5998,0.7121,0.2559,0.4921,0.4915,59,0.5758,33,0.6538,26,TSM,1,20,1763,1764
1460,366,63,0.5873,0.6003,0.6722,0.2411,0.5714,0.6786,28,0.75,8,0.75,4,TSM,1,21,1826,1827
1511,378,63,0.5397,0.5938,0.6787,0.2429,0.5397,0.5556,45,0.6452,31,1.0,1,TSM,1,22,1889,1890
1561,391,63,0.4762,0.4949,0.6999,0.2533,0.5397,0.5088,57,0.7,10,0.7,10,TSM,1,23,1952,1953
1612,403,63,0.4286,0.4616,0.7148,0.2608,0.5238,0.44,25,0.4706,17,,0,TSM,1,24,2015,2016
402,101,63,0.4127,0.5489,1.1637,0.2717,0.4127,0.4127,63,0.6667,6,0.6667,6,UAL,1,0,503,504
452,114,63,0.4921,0.4038,1.2236,0.2944,0.3651,0.0909,11,0.1111,9,0.1111,9,UAL,1,1,566,567
503,126,63,0.4286,0.4745,0.7318,0.2716,0.5556,0.4762,21,,0,,0,UAL,1,2,629,630
553,139,63,0.5397,0.4867,0.9618,0.2711,0.4444,0.4667,15,0.4667,15,0.4667,15,UAL,1,3,692,693
604,151,63,0.5079,0.4543,0.9811,0.2833,0.5873,0.56,50,0.5625,16,0.5625,16,UAL,1,4,755,756
654,164,63,0.381,0.48,0.7126,0.2597,0.3968,0.3871,62,,0,,0,UAL,1,5,818,819
704,177,63,0.4762,0.4944,0.699,0.2528,0.5238,0.5,8,0.5714,7,0.5,6,UAL,1,6,881,882
755,189,63,0.4603,0.5165,0.6961,0.2514,0.4286,0.4386,57,,0,,0,UAL,1,7,944,945
805,202,63,0.4762,0.5649,0.7103,0.2585,0.5397,0.6667,3,0.6667,3,,0,UAL,1,8,1007,1008
856,214,63,0.4444,0.4204,0.7208,0.2643,0.4921,0.1667,6,,0,,0,UAL,1,9,1070,1071
906,227,63,0.6508,0.5314,0.6781,0.2425,0.5714,0.6296,54,0.5946,37,,0,UAL,1,10,1133,1134
956,240,63,0.4921,0.3679,0.7055,0.2561,0.5079,0.5,60,0.5,60,0.5,2,UAL,1,11,1196,1197
1007,252,63,0.5079,0.4828,0.927,0.2593,0.5238,0.5161,62,0.5,4,0.5,4,UAL,1,12,1259,1260
1057,265,63,0.5397,0.4907,0.7095,0.2571,0.5714,0.566,53,,0,,0,UAL,1,13,1322,1323
1108,277,63,0.3492,0.6264,0.7215,0.264,0.3492,0.3492,63,0.4286,42,0.0,1,UAL,1,14,1385,1386
1158,290,63,0.4603,0.5,0.6949,0.2509,0.5397,,0,,0,,0,UAL,1,15,1448,1449
1208,303,63,0.4921,0.5257,0.6918,0.2493,0.5079,0.5,38,0.5789,19,,0,UAL,1,16,1511,1512
1259,315,63,0.5873,0.5203,0.6902,0.2491,0.381,0.4,10,0.4,10,0.4,10,UAL,1,17,1574,1575
1309,328,63,0.3651,0.4826,0.7382,0.2721,0.6349,,0,,0,,0,UAL,1,18,1637,1638
1360,340,63,0.4286,0.5051,0.939,0.2639,0.5714,,0,,0,,0,UAL,1,19,1700,1701
1410,353,63,0.381,0.425,0.7232,0.2644,0.4444,0.4035,57,,0,,0,UAL,1,20,1763,1764
1460,366,63,0.4603,0.5,0.6937,0.2503,0.5397,,0,,0,,0,UAL,1,21,1826,1827
1511,378,63,0.5238,0.5,0.6922,0.2495,0.5238,0.5238,63,,0,,0,UAL,1,22,1889,1890
1561,391,63,0.5238,0.5,0.6921,0.2495,0.5238,0.5238,63,,0,,0,UAL,1,23,1952,1953
1612,403,63,0.4127,0.5177,0.7034,0.2551,0.4127,0.4127,63,,0,,0,UAL,1,24,2015,2016
402,101,63,0.4762,0.5348,0.6987,0.2528,0.4762,0.4762,63,0.5,46,,0,UNH,1,0,503,504
452,114,63,0.5556,0.5,0.6922,0.2495,0.5556,0.5556,63,,0,,0,UNH,1,1,566,567
503,126,63,0.6032,0.5796,0.6945,0.2503,0.5079,0.64,25,0.64,25,0.625,24,UNH,1,2,629,630
553,139,63,0.5079,0.5247,1.1543,0.2682,0.4921,0.5,52,0.5111,45,0.5333,15,UNH,1,3,692,693
604,151,63,0.4603,0.4828,0.7084,0.2575,0.5873,0.5714,21,0.5714,21,0.5333,15,UNH,1,4,755,756
654,164,63,0.619,0.51,0.7381,0.2656,0.6032,0.6167,60,0.5625,16,0.5625,16,UNH,1,5,818,819
704,177,63,0.4444,0.448,0.6932,0.253,0.4762,0.4545,55,0.375,8,1.0,2,UNH,1,6,881,882
755,189,63,0.5714,0.5041,0.6857,0.2463,0.5714,0.5714,63,,0,,0,UNH,1,7,944,945
805,202,63,0.5397,0.5,0.6902,0.2485,0.5397,0.5397,63,0.5397,63,,0,UNH,1,8,1007,1008
856,214,63,0.5556,0.4378,0.9326,0.2606,0.5556,0.5556,63,0.541,61,0.0,2,UNH,1,9,1070,1071
906,227,63,0.6032,0.4126,0.6799,0.2434,0.6032,0.6032,63,,0,,0,UNH,1,10,1133,1134
956,240,63,0.4762,0.5556,1.406,0.285,0.4762,0.4762,63,0.4762,63,0.5405,37,UNH,1,11,1196,1197
1007,252,63,0.5556,0.4964,0.6884,0.2476,0.5556,0.5556,63,0.5517,29,,0,UNH,1,12,1259,1260
1057,265,63,0.5397,0.5423,0.6929,0.2498,0.4921,0.5217,46,0.5,12,,0,UNH,1,13,1322,1323
1108,277,63,0.5556,0.5264,0.6945,0.2506,0.4603,0.5294,17,0.3333,3,0.3333,3,UNH,1,14,1385,1386
1158,290,63,0.5238,0.497,0.7087,0.2573,0.5238,0.5455,33,0.5333,15,,0,UNH,1,15,1448,1449
1208,303,63,0.6032,0.6,0.6704,0.239,0.5238,0.6818,22,0.6818,22,0.5882,17,UNH,1,16,1511,1512
1259,315,63,0.4127,0.4092,0.7202,0.2642,0.5397,0.4634,41,0.7143,7,1.0,5,UNH,1,17,1574,1575
1309,328,63,0.4603,0.4244,0.6972,0.2527,0.5714,0.5714,14,0.5714,14,1.0,4,UNH,1,18,1637,1638
1360,340,63,0.4762,0.5899,0.689,0.2506,0.4762,0.4762,63,0.5714,21,0.5714,21,UNH,1,19,1700,1701
1410,353,63,0.5079,0.5121,0.7158,0.2602,0.5238,0.5385,26,0.5385,26,0.5385,26,UNH,1,20,1763,1764
1460,366,63,0.4127,0.4526,1.0194,0.3016,0.4444,0.4262,61,0.4419,43,0.4419,43,UNH,1,21,1826,1827
1511,378,63,0.4444,0.5173,0.6848,0.2473,0.5556,0.5,6,1.0,1,1.0,1,UNH,1,22,1889,1890
1561,391,63,0.4444,0.5235,1.4108,0.283,0.4444,0.4444,63,0.25,4,0.25,4,UNH,1,23,1952,1953
1612,403,63,0.5714,0.5,0.6904,0.2486,0.5714,0.5714,63,,0,,0,UNH,1,24,2015,2016
402,101,63,0.4444,0.498,0.7664,0.2853,0.4444,0.4444,63,0.4444,63,0.4444,63,V,1,0,503,504
452,114,63,0.6349,0.6653,0.6648,0.2362,0.6032,0.7143,35,0.6818,22,0.7143,21,V,1,1,566,567
503,126,63,0.5079,0.4758,1.1987,0.2841,0.5714,0.5676,37,0.5676,37,0.5676,37,V,1,2,629,630
553,139,63,0.5238,0.5136,0.9977,0.2899,0.5238,0.5294,51,0.5294,51,0.5294,51,V,1,3,692,693
604,151,63,0.4444,0.4264,0.767,0.2847,0.5079,0.4667,45,0.4667,45,0.4667,45,V,1,4,755,756
654,164,63,0.5238,0.5087,0.6922,0.2495,0.5714,0.5682,44,0.6154,13,0.6154,13,V,1,5,818,819
704,177,63,0.4921,0.5422,2.846,0.3522,0.4286,0.439,41,0.425,40,0.4706,34,V,1,6,881,882
755,189,63,0.5079,0.4965,0.7046,0.2555,0.5079,0.5106,47,0.5217,23,0.5217,23,V,1,7,944,945
805,202,63,0.5238,0.559,0.6886,0.2478,0.4921,0.5116,43,0.75,4,,0,V,1,8,1007,1008
856,214,63,0.5873,0.6662,0.6712,0.2391,0.5238,0.6667,21,1.0,6,,0,V,1,9,1070,1071
906,227,63,0.4127,0.3823,0.7477,0.277,0.4762,0.4054,37,0.3846,26,0.2857,14,V,1,10,1133,1134
956,240,63,0.5397,0.5197,0.6912,0.249,0.5238,0.5345,58,,0,,0,V,1,11,1196,1197
1007,252,63,0.4444,0.4594,0.7267,0.2665,0.4286,0.3824,34,0.3571,28,0.4091,22,V,1,12,1259,1260
1057,265,63,0.5397,0.526,0.6919,0.2493,0.5873,0.6333,30,0.6333,30,,0,V,1,13,1322,1323
1108,277,63,0.4603,0.4679,0.7025,0.2545,0.5556,0.5263,19,0.25,4,,0,V,1,14,1385,1386
1158,290,63,0.6667,0.5125,0.6882,0.2475,0.6667,0.6667,63,0.5,4,,0,V,1,15,1448,1449
1208,303,63,0.5556,0.5495,0.6864,0.2463,0.5556,0.5556,63,0.6667,6,0.6667,6,V,1,16,1511,1512
1259,315,63,0.5556,0.5316,0.6808,0.244,0.5556,0.5556,63,0.5645,62,1.0,1,V,1,17,1574,1575
1309,328,63,0.5873,0.4719,0.683,0.2449,0.5873,0.5873,63,0.5455,22,0.5,12,V,1,18,1637,1638
1360,340,63,0.619,0.5032,0.6667,0.237,0.619,0.619,63,0.5862,29,0.6,25,V,1,19,1700,1701
1410,353,63,0.5238,0.4909,0.9438,0.2661,0.5238,0.5273,55,0.5152,33,0.5152,33,V,1,20,1763,1764
1460,366,63,0.5397,0.4774,0.7068,0.2558,0.5714,0.566,53,0.5357,28,0.6,15,V,1,21,1826,1827
1511,378,63,0.4921,0.5554,0.699,0.2529,0.4921,0.4921,63,0.5484,31,1.0,1,V,1,22,1889,1890
1561,391,63,0.3968,0.4805,0.7383,0.2723,0.3968,0.3968,63,0.383,47,0.4,5,V,1,23,1952,1953
1612,403,63,0.5079,0.5222,0.6927,0.2498,0.5079,0.5079,63,0.4762,21,,0,V,1,24,2015,2016
402,101,63,0.5714,0.5711,0.7043,0.255,0.5079,0.6316,19,0.5882,17,0.7,10,VKTX,1,0,503,504
452,114,63,0.4921,0.4869,0.729,0.2672,0.4921,0.4737,19,0.3571,14,0.3846,13,VKTX,1,1,566,567
503,126,63,0.5873,0.5854,0.6888,0.2473,0.4762,0.55,40,0.3333,3,0.0,1,VKTX,1,2,629,630
553,139,63,0.4921,0.5228,0.6935,0.25,0.5397,0.5833,12,0.7143,7,0.7143,7,VKTX,1,3,692,693
604,151,63,0.5397,0.4755,1.2216,0.2925,0.4444,0.4815,27,0.1667,6,0.1667,6,VKTX,1,4,755,756
654,164,63,0.6349,0.5926,0.6883,0.2476,0.4286,0.5833,24,0.5714,7,0.5714,7,VKTX,1,5,818,819
704,177,63,0.619,0.6317,0.6651,0.2364,0.4286,0.56,25,0.6111,18,0.6111,18,VKTX,1,6,881,882
755,189,63,0.4762,0.4587,0.711,0.259,0.3651,0.3333,30,0.3103,29,,0,VKTX,1,7,944,945
805,202,63,0.619,0.4877,0.6843,0.2456,0.381,,0,,0,,0,VKTX,1,8,1007,1008
856,214,63,0.4603,0.5345,1.2276,0.292,0.5397,,0,,0,,0,VKTX,1,9,1070,1071
906,227,63,0.5238,0.4747,0.7062,0.2563,0.4762,0.5,2,0.5,2,0.5,2,VKTX,1,10,1133,1134
956,240,63,0.4286,0.4249,1.488,0.3171,0.5714,,0,,0,,0,VKTX,1,11,1196,1197
1007,252,63,0.5079,0.4811,0.7754,0.2834,0.6032,0.5897,39,,0,,0,VKTX,1,12,1259,1260
1057,265,63,0.4444,0.5469,0.7027,0.2548,0.4444,0.4444,63,0.5714,14,,0,VKTX,1,13,1322,1323
1108,277,63,0.4762,0.5435,0.6798,0.2436,0.3651,0.4,50,,0,,0,VKTX,1,14,1385,1386
1158,290,63,0.619,0.5974,1.1352,0.2559,0.5556,0.6222,45,1.0,1,1.0,1,VKTX,1,15,1448,1449
1208,303,63,0.5079,0.4919,0.7566,0.2731,0.5079,0.52,25,0.4706,17,0.5,4,VKTX,1,16,1511,1512
1259,315,63,0.4921,0.4072,0.9913,0.2866,0.4603,0.3636,11,0.0,1,0.0,1,VKTX,1,17,1574,1575
1309,328,63,0.5397,0.5328,1.1515,0.264,0.4762,0.5385,13,,0,,0,VKTX,1,18,1637,1638
1360,340,63,0.6349,0.5788,0.6934,0.2501,0.4762,0.7333,15,,0,,0,VKTX,1,19,1700,1701
1410,353,63,0.5079,0.5318,0.7378,0.2686,0.4762,0.4872,39,0.4615,13,0.4615,13,VKTX,1,20,1763,1764
1460,366,63,0.4762,0.4862,0.9295,0.2606,0.5556,0.5357,28,0.5357,28,0.5,2,VKTX,1,21,1826,1827
1511,378,63,0.4921,0.503,0.6932,0.2502,0.5397,0.5294,34,0.5455,11,0.5455,11,VKTX,1,22,1889,1890
1561,391,63,0.5714,0.527,0.6879,0.2474,0.4127,0.0,1,0.0,1,0.0,1,VKTX,1,23,1952,1953
1612,403,63,0.5873,0.5649,0.6706,0.2395,0.4603,0.6667,9,,0,,0,VKTX,1,24,2015,2016
402,101,63,0.4603,0.5862,0.815,0.2988,0.4444,0.4516,62,0.5333,45,0.5333,45,VZ,1,0,503,504
452,114,63,0.5238,0.4727,0.8012,0.291,0.5238,0.5238,63,0.5208,48,0.4762,21,VZ,1,1,566,567
503,126,63,0.5556,0.5461,0.9324,0.2617,0.4603,0.5102,49,0.4375,16,0.4375,16,VZ,1,2,629,630
553,139,63,0.4921,0.5304,0.7012,0.2552,0.4603,0.4681,47,0.4681,47,,0,VZ,1,3,692,693
604,151,63,0.5397,0.4801,0.7457,0.2714,0.5556,0.56,50,0.5,16,0.5,16,VZ,1,4,755,756
654,164,63,0.5079,0.5303,0.702,0.2542,0.4286,0.4524,42,0.6667,3,,0,VZ,1,5,818,819
704,177,63,0.5397,0.5828,0.6845,0.2457,0.4762,0.5106,47,,0,,0,VZ,1,6,881,882
755,189,63,0.5238,0.5104,0.7068,0.2566,0.4127,0.4524,42,0.3571,14,0.3846,13,VZ,1,7,944,945
805,202,63,0.4603,0.466,1.4316,0.2932,0.4603,0.3333,15,0.3333,15,0.3333,15,VZ,1,8,1007,1008
856,214,63,0.5397,0.5464,0.689,0.248,0.5079,0.5366,41,,0,,0,VZ,1,9,1070,1071
906,227,63,0.4603,0.445,1.1902,0.2799,0.381,0.3684,38,0.2,5,0.25,4,VZ,1,10,1133,1134
956,240,63,0.4921,0.5617,0.7002,0.2535,0.5714,0.8333,6,1.0,1,1.0,1,VZ,1,11,1196,1197
1007,252,63,0.4762,0.4556,0.7138,0.2597,0.5238,,0,,0,,0,VZ,1,12,1259,1260
1057,265,63,0.5397,0.5287,0.6953,0.2509,0.5079,0.5319,47,,0,,0,VZ,1,13,1322,1323
1108,277,63,0.5556,0.5213,1.1773,0.2737,0.4603,0.52,25,0.4,5,0.4,5,VZ,1,14,1385,1386
1158,290,63,0.3968,0.4806,0.9713,0.2799,0.6508,0.6667,9,0.3333,3,0.3333,3,VZ,1,15,1448,1449
1208,303,63,0.4762,0.4985,0.7204,0.2632,0.4762,0.4762,63,0.4762,63,0.4737,19,VZ,1,16,1511,1512
1259,315,63,0.5238,0.5197,0.691,0.2489,0.5238,0.5238,63,,0,,0,VZ,1,17,1574,1575
1309,328,63,0.5873,0.4863,0.6853,0.246,0.6032,0.6304,46,,0,,0,VZ,1,18,1637,1638
1360,340,63,0.4762,0.5015,0.7036,0.2552,0.4603,0.4667,60,0.4048,42,,0,VZ,1,19,1700,1701
1410,353,63,0.6032,0.5442,0.6781,0.2425,0.5873,0.6034,58,,0,,0,VZ,1,20,1763,1764
1460,366,63,0.381,0.4101,0.7693,0.283,0.4127,0.3934,61,0.3934,61,0.5,2,VZ,1,21,1826,1827
1511,378,63,0.4762,0.5147,0.6942,0.2505,0.4603,0.4677,62,,0,,0,VZ,1,22,1889,1890
1561,391,63,0.5397,0.4702,0.9361,0.2623,0.5714,0.5714,49,,0,,0,VZ,1,23,1952,1953
1612,403,63,0.4286,0.5,0.7027,0.2548,0.4286,0.4286,63,,0,,0,VZ,1,24,2015,2016
402,101,63,0.619,0.6436,0.6348,0.227,0.4921,0.5714,49,0.5833,48,,0,WMT,1,0,503,504
452,114,63,0.381,0.4658,1.2905,0.3184,0.3968,0.3542,48,0.4545,11,0.4545,11,WMT,1,1,566,567
503,126,63,0.4762,0.6643,1.1421,0.2618,0.5397,1.0,1,1.0,1,1.0,1,WMT,1,2,629,630
553,139,63,0.4603,0.5005,0.6952,0.2509,0.4127,0.413,46,,0,,0,WMT,1,3,692,693
604,151,63,0.5079,0.5163,0.6919,0.2517,0.5556,0.537,54,1.0,3,1.0,3,WMT,1,4,755,756
654,164,63,0.5397,0.6053,1.1214,0.2516,0.5079,0.5263,57,0.75,8,0.75,8,WMT,1,5,818,819
704,177,63,0.4762,0.4828,0.7072,0.2568,0.5397,0.5294,17,0.4667,15,0.3846,13,WMT,1,6,881,882
755,189,63,0.4921,0.4929,0.7251,0.2653,0.4921,0.4878,41,0.4878,41,0.5,2,WMT,1,7,944,945
805,202,63,0.4921,0.5071,0.9614,0.2774,0.5079,0.5,54,0.5161,31,0.5161,31,WMT,1,8,1007,1008
856,214,63,0.5397,0.4835,0.691,0.2489,0.5714,0.5593,59,0.6,20,,0,WMT,1,9,1070,1071
906,227,63,0.5873,0.5327,0.9267,0.2577,0.5556,0.5849,53,0.5625,16,,0,WMT,1,10,1133,1134
956,240,63,0.5397,0.5731,1.3822,0.2714,0.5079,0.5429,35,0.6667,9,,0,WMT,1,11,1196,1197
1007,252,63,0.5238,0.5091,0.7014,0.2539,0.5397,0.6667,12,0.6667,12,0.7143,7,WMT,1,12,1259,1260
1057,265,63,0.4286,0.4239,0.7524,0.279,0.5397,0.375,8,0.375,8,0.5,2,WMT,1,13,1322,1323
1108,277,63,0.5873,0.4543,0.6885,0.2479,0.5873,0.5902,61,1.0,1,,0,WMT,1,14,1385,1386
1158,290,63,0.6032,0.58,0.6757,0.2413,0.5873,0.6034,58,0.7333,15,,0,WMT,1,15,1448,1449
1208,303,63,0.5238,0.3859,0.6954,0.2526,0.5238,0.5263,57,0.4565,46,,0,WMT,1,16,1511,1512
1259,315,63,0.619,0.5847,0.8781,0.2384,0.5079,0.5769,52,0.75,12,,0,WMT,1,17,1574,1575
1309,328,63,0.6349,0.6247,2.0965,0.2975,0.6508,0.7045,44,0.8333,12,,0,WMT,1,18,1637,1638
1360,340,63,0.5397,0.5105,0.6903,0.2485,0.6508,0.6364,44,0.619,42,,0,WMT,1,19,1700,1701
1410,353,63,0.5397,0.4832,0.6961,0.2514,0.5556,0.5536,56,0.5385,52,0.5385,26,WMT,1,20,1763,1764
1460,366,63,0.4444,0.5827,0.7133,0.26,0.4444,0.4444,63,0.4561,57,0.6667,9,WMT,1,21,1826,1827
1511,378,63,0.5079,0.3659,0.7478,0.2756,0.5079,0.5079,63,0.3793,29,0.2222,9,WMT,1,22,1889,1890
1561,391,63,0.5556,0.6587,0.6697,0.2385,0.5556,0.5556,63,0.8125,16,,0,WMT,1,23,1952,1953
1612,403,63,0.5714,0.5444,0.6797,0.2435,0.5556,0.5645,62,0.5714,7,0.6,5,WMT,1,24,2015,2016
402,101,63,0.4921,0.5036,0.6964,0.2516,0.4444,0.4474,38,,0,,0,ZM,1,0,503,504
452,114,63,0.5556,0.5,0.6895,0.2482,0.4444,,0,,0,,0,ZM,1,1,566,567
503,126,63,0.4921,0.4522,0.7068,0.2567,0.3651,0.3043,23,0.3043,23,,0,ZM,1,2,629,630
553,139,63,0.619,0.5,0.6658,0.2365,0.381,,0,,0,,0,ZM,1,3,692,693
604,151,63,0.4603,0.4908,0.8467,0.2916,0.5556,1.0,1,1.0,1,1.0,1,ZM,1,4,755,756
654,164,63,0.6032,0.4084,0.688,0.2474,0.3968,0.5,2,0.5,2,0.5,2,ZM,1,5,818,819
704,177,63,0.5873,0.5529,0.6814,0.2442,0.381,0.375,8,,0,,0,ZM,1,6,881,882
755,189,63,0.5397,0.4087,0.7207,0.2632,0.4444,0.4444,9,0.3333,6,0.2,5,ZM,1,7,944,945
805,202,63,0.4286,0.4253,0.9927,0.2898,0.5238,0.2857,7,,0,,0,ZM,1,8,1007,1008
856,214,63,0.5556,0.4959,0.6801,0.2437,0.4444,,0,,0,,0,ZM,1,9,1070,1071
906,227,63,0.5238,0.4934,0.7419,0.2578,0.4762,,0,,0,,0,ZM,1,10,1133,1134
956,240,63,0.4603,0.5367,0.6882,0.2479,0.5556,0.6667,3,1.0,2,1.0,2,ZM,1,11,1196,1197
1007,252,63,0.381,0.3695,0.9496,0.2719,0.4921,0.3667,30,0.3077,13,0.3077,13,ZM,1,12,1259,1260
1057,265,63,0.4762,0.4437,0.7497,0.2744,0.6032,0.5581,43,1.0,1,1.0,1,ZM,1,13,1322,1323
1108,277,63,0.5238,0.5283,0.7103,0.2532,0.4762,,0,,0,,0,ZM,1,14,1385,1386
1158,290,63,0.4127,0.3864,2.1546,0.3268,0.5397,0.4,15,0.0,1,,0,ZM,1,15,1448,1449
1208,303,63,0.4444,0.4918,0.6949,0.2509,0.4286,0.431,58,,0,,0,ZM,1,16,1511,1512
1259,315,63,0.5397,0.5878,0.6931,0.25,0.5556,0.75,12,,0,,0,ZM,1,17,1574,1575
1309,328,63,0.4444,0.4239,0.948,0.2683,0.4921,0.4375,32,0.4375,32,0.0,1,ZM,1,18,1637,1638
1360,340,63,0.5238,0.4568,0.7105,0.2584,0.5714,0.56,50,0.5,16,0.5,16,ZM,1,19,1700,1701
402,101,63,0.4762,0.5358,1.2285,0.299,0.4921,0.4839,62,0.4839,62,0.4839,62,SPY,1,0,503,504
452,114,63,0.6508,0.5244,0.6499,0.2315,0.6508,0.6508,63,1.0,2,1.0,2,SPY,1,1,566,567
503,126,63,0.619,0.5737,0.6725,0.2397,0.6032,0.625,56,1.0,3,1.0,3,SPY,1,2,629,630
553,139,63,0.619,0.5617,0.6575,0.2344,0.5714,0.6,60,0.617,47,0.617,47,SPY,1,3,692,693
604,151,63,0.5397,0.4434,1.9088,0.3102,0.5714,0.5593,59,0.549,51,0.54,50,SPY,1,4,755,756
654,164,63,0.5556,0.5071,0.6872,0.247,0.5556,0.5593,59,0.5593,59,,0,SPY,1,5,818,819
704,177,63,0.6032,0.4074,1.1681,0.269,0.6032,0.6032,63,0.5833,60,0.0,4,SPY,1,6,881,882
755,189,63,0.5079,0.4244,0.7089,0.2578,0.5079,0.5079,63,0.5079,63,,0,SPY,1,7,944,945
805,202,63,0.4762,0.5136,0.6977,0.2522,0.4762,0.4762,63,,0,,0,SPY,1,8,1007,1008
856,214,63,0.5079,0.5963,0.6606,0.2384,0.4603,0.4833,60,0.6154,13,,0,SPY,1,9,1070,1071
906,227,63,0.381,0.4358,0.7089,0.2578,0.3968,0.3478,46,,0,,0,SPY,1,10,1133,1134
956,240,63,0.5238,0.5293,0.9292,0.2605,0.4762,0.5,12,0.5714,7,0.5714,7,SPY,1,11,1196,1197
1007,252,63,0.5714,0.4864,0.9725,0.2731,0.5079,0.7273,11,0.3333,3,0.3333,3,SPY,1,12,1259,1260
1057,265,63,0.3968,0.3799,0.7673,0.2856,0.5873,0.4615,13,0.4615,13,0.4615,13,SPY,1,13,1322,1323
1108,277,63,0.5079,0.4817,0.6967,0.2517,0.4603,0.4,10,0.4,10,0.5,2,SPY,1,14,1385,1386
1158,290,63,0.381,0.5147,0.7029,0.2549,0.6667,1.0,3,,0,,0,SPY,1,15,1448,1449
1208,303,63,0.4921,0.3317,0.722,0.2643,0.4921,0.4921,63,0.28,25,,0,SPY,1,16,1511,1512
1259,315,63,0.6508,0.5466,0.6705,0.2387,0.6508,0.6508,63,,0,,0,SPY,1,17,1574,1575
1309,328,63,0.619,0.5256,0.6639,0.236,0.619,0.619,63,1.0,2,1.0,2,SPY,1,18,1637,1638
1360,340,63,0.6032,0.5153,0.6769,0.2418,0.6032,0.6032,63,0.6032,63,0.6,5,SPY,1,19,1700,1701
1410,353,63,0.5238,0.5783,0.6957,0.2513,0.5238,0.5238,63,0.5238,63,,0,SPY,1,20,1763,1764
1460,366,63,0.5873,0.5556,0.9035,0.2477,0.5873,0.5902,61,0.6875,16,0.6875,16,SPY,1,21,1826,1827
1511,378,63,0.5873,0.4589,0.7447,0.2673,0.5873,0.5873,63,0.5849,53,0.5806,31,SPY,1,22,1889,1890
1561,391,63,0.5238,0.4848,0.7037,0.2548,0.5397,0.5323,62,0.56,25,0.56,25,SPY,1,23,1952,1953
1612,403,63,0.5397,0.497,0.7063,0.2564,0.5397,0.5397,63,0.4545,22,0.4545,22,SPY,1,24,2015,2016
402,101,63,0.5079,0.5035,0.7326,0.2687,0.5238,0.5167,60,0.5167,60,0.5405,37,QQQ,1,0,503,504
452,114,63,0.7302,0.5488,0.6162,0.2123,0.7143,0.7258,62,0.7258,62,1.0,2,QQQ,1,1,566,567
503,126,63,0.5714,0.5082,0.911,0.2526,0.5714,0.5789,57,0.5714,49,0.5714,49,QQQ,1,2,629,630
553,139,63,0.6667,0.4541,0.6265,0.2226,0.6667,0.6667,63,0.6667,63,0.6531,49,QQQ,1,3,692,693
604,151,63,0.4921,0.4526,1.439,0.2965,0.4921,0.4915,59,0.4915,59,0.4915,59,QQQ,1,4,755,756
654,164,63,0.6667,0.5777,0.6535,0.2304,0.6349,0.6557,61,0.6557,61,1.0,1,QQQ,1,5,818,819
704,177,63,0.619,0.4858,0.6641,0.2359,0.6032,0.6129,62,0.5965,57,0.5965,57,QQQ,1,6,881,882
755,189,63,0.4921,0.4839,0.7104,0.2585,0.4921,0.4921,63,0.4921,63,,0,QQQ,1,7,944,945
805,202,63,0.5714,0.5872,1.3674,0.2645,0.4444,0.5152,33,0.5312,32,,0,QQQ,1,8,1007,1008
856,214,63,0.5714,0.6038,0.6688,0.2399,0.5079,0.561,41,0.6071,28,0.4,5,QQQ,1,9,1070,1071
906,227,63,0.4762,0.4241,0.9537,0.2709,0.4127,0.3939,33,0.0,1,0.0,1,QQQ,1,10,1133,1134
956,240,63,0.4127,0.433,0.7067,0.2566,0.4921,0.2857,14,0.6,5,0.6,5,QQQ,1,11,1196,1197
1007,252,63,0.5079,0.5121,0.699,0.2529,0.4921,0.5,54,0.5,54,,0,QQQ,1,12,1259,1260
1057,265,63,0.5714,0.5262,0.6791,0.2445,0.5714,0.5789,57,1.0,1,1.0,1,QQQ,1,13,1322,1323
1108,277,63,0.4921,0.5187,0.6948,0.2508,0.5238,0.5714,7,,0,,0,QQQ,1,14,1385,1386
1158,290,63,0.4603,0.4779,0.6678,0.2398,0.6667,0.6333,30,0.6207,29,1.0,2,QQQ,1,15,1448,1449
1208,303,63,0.5079,0.5045,0.6951,0.251,0.5079,0.5079,63,,0,,0,QQQ,1,16,1511,1512
1259,315,63,0.6508,0.5932,0.641,0.2261,0.6032,0.6481,54,0.6471,17,0.8182,11,QQQ,1,17,1574,1575
1309,328,63,0.5556,0.4195,0.9788,0.2806,0.6667,0.6296,54,0.6275,51,,0,QQQ,1,18,1637,1638
1360,340,63,0.5714,0.55,0.6573,0.2367,0.5238,0.55,60,0.55,60,,0,QQQ,1,19,1700,1701
1410,353,63,0.4127,0.4177,0.7303,0.2679,0.5238,0.4583,48,0.4583,48,0.4681,47,QQQ,1,20,1763,1764
1460,366,63,0.6508,0.4756,0.8925,0.2422,0.6508,0.6508,63,0.6379,58,0.5,2,QQQ,1,21,1826,1827
1511,378,63,0.6032,0.41,1.6134,0.2768,0.6032,0.6032,63,0.6032,63,0.5789,57,QQQ,1,22,1889,1890
1561,391,63,0.6508,0.6515,0.6643,0.2358,0.5238,0.6774,31,0.6774,31,0.6774,31,QQQ,1,23,1952,1953
1612,403,63,0.5079,0.4184,1.6768,0.3036,0.5873,0.5517,58,0.5385,52,,0,QQQ,1,24,2015,2016
402,101,63,0.5873,0.3867,0.6977,0.2517,0.5873,0.5873,63,0.5873,63,0.4783,23,GLD,1,0,503,504
452,114,63,0.6825,0.5233,0.6356,0.2216,0.6825,0.6825,63,0.6825,63,0.6825,63,GLD,1,1,566,567
503,126,63,0.4921,0.5852,0.9534,0.2713,0.4921,0.4921,63,0.5357,56,0.5357,56,GLD,1,2,629,630
553,139,63,0.4286,0.4183,0.8239,0.3043,0.4921,0.451,51,0.451,51,0.4444,27,GLD,1,3,692,693
604,151,63,0.4444,0.4617,0.7483,0.2758,0.4444,0.4444,63,0.4091,22,0.4091,22,GLD,1,4,755,756
654,164,63,0.4921,0.4347,0.9793,0.2827,0.5714,0.5455,44,0.5,22,,0,GLD,1,5,818,819
704,177,63,0.6349,0.6192,0.6793,0.2431,0.5238,0.6042,48,,0,,0,GLD,1,6,881,882
755,189,63,0.5079,0.5292,0.6885,0.2485,0.4921,0.5,52,0.5,52,1.0,2,GLD,1,7,944,945
805,202,63,0.5079,0.5058,0.9343,0.263,0.6032,0.6061,33,1.0,1,1.0,1,GLD,1,8,1007,1008
856,214,63,0.4444,0.4549,0.7328,0.2685,0.4603,0.4516,62,0.0,6,0.0,5,GLD,1,9,1070,1071
906,227,63,0.4603,0.4733,0.7098,0.2582,0.4286,0.4364,55,0.3846,26,0.0,1,GLD,1,10,1133,1134
956,240,63,0.5873,0.5036,0.6899,0.2484,0.5873,0.6,55,,0,,0,GLD,1,11,1196,1197
1007,252,63,0.5079,0.5081,0.6893,0.248,0.5397,0.5294,51,0.5714,28,,0,GLD,1,12,1259,1260
1057,265,63,0.4921,0.4819,0.7087,0.2573,0.4921,0.4815,27,,0,,0,GLD,1,13,1322,1323
1108,277,63,0.4921,0.5143,0.6988,0.2527,0.4444,0.4545,44,,0,,0,GLD,1,14,1385,1386
1158,290,63,0.4921,0.5497,0.6935,0.2502,0.5397,0.6,10,0.4286,7,0.4286,7,GLD,1,15,1448,1449
1208,303,63,0.5238,0.4532,0.9391,0.2637,0.5873,0.5778,45,0.5,14,0.0,1,GLD,1,16,1511,1512
1259,315,63,0.5556,0.5597,0.6829,0.2449,0.5556,0.5574,61,0.6667,12,1.0,2,GLD,1,17,1574,1575
1309,328,63,0.5397,0.5357,0.6904,0.2486,0.5556,0.5517,58,0.5833,36,,0,GLD,1,18,1637,1638
1360,340,63,0.619,0.5422,0.6844,0.2455,0.619,0.6829,41,0.4667,15,0.6667,6,GLD,1,19,1700,1701
1410,353,63,0.5714,0.4631,0.7152,0.2559,0.5873,0.5806,62,0.5556,9,0.5556,9,GLD,1,20,1763,1764
1460,366,63,0.5873,0.5429,0.8992,0.2471,0.5556,0.5763,59,0.5763,59,0.5833,12,GLD,1,21,1826,1827
1511,378,63,0.5556,0.4509,0.6807,0.2438,0.619,0.5965,57,0.5965,57,0.5,2,GLD,1,22,1889,1890
1561,391,63,0.6349,0.5739,0.6567,0.232,0.6349,0.6349,63,0.6349,63,0.7857,14,GLD,1,23,1952,1953
1612,403,63,0.4762,0.5247,0.7209,0.2623,0.4762,0.4762,63,0.4762,63,0.8,5,GLD,1,24,2015,2016
402,101,63,0.4762,0.5152,5.421,0.4443,0.4762,0.4762,63,0.4762,63,0.4655,58,XLF,1,0,503,504
452,114,63,0.5079,0.5262,1.1759,0.274,0.4921,0.5,14,0.5,14,0.5385,13,XLF,1,1,566,567
503,126,63,0.4921,0.4762,1.6994,0.3154,0.5397,0.5556,18,,0,,0,XLF,1,2,629,630
553,139,63,0.5079,0.646,0.7121,0.2587,0.5397,0.8,5,1.0,1,1.0,1,XLF,1,3,692,693
604,151,63,0.5079,0.5397,0.9332,0.2609,0.6349,0.68,25,0.7083,24,,0,XLF,1,4,755,756
654,164,63,0.5714,0.463,0.7027,0.2539,0.5714,0.5714,63,0.5714,63,0.5645,62,XLF,1,5,818,819
704,177,63,0.5397,0.5578,0.6841,0.2455,0.5397,0.5397,63,0.5741,54,,0,XLF,1,6,881,882
755,189,63,0.5556,0.5571,0.9133,0.2539,0.5238,0.5424,59,0.5424,59,0.6667,6,XLF,1,7,944,945
805,202,63,0.4444,0.591,0.7118,0.2573,0.4286,0.4355,62,0.5,2,0.5,2,XLF,1,8,1007,1008
856,214,63,0.4762,0.5084,0.7165,0.2613,0.3968,0.4,40,0.3333,6,0.3333,6,XLF,1,9,1070,1071
906,227,63,0.4444,0.3763,1.9,0.3132,0.4603,0.35,20,0.375,8,0.375,8,XLF,1,10,1133,1134
956,240,63,0.4921,0.537,0.6977,0.2523,0.5397,0.5556,18,0.5,2,0.5,2,XLF,1,11,1196,1197
1007,252,63,0.5556,0.428,0.6888,0.2479,0.4603,1.0,1,1.0,1,1.0,1,XLF,1,12,1259,1260
1057,265,63,0.4762,0.5,0.9489,0.2684,0.5079,0.3333,3,0.3333,3,0.3333,3,XLF,1,13,1322,1323
1108,277,63,0.5556,0.5918,0.6879,0.2474,0.4444,,0,,0,,0,XLF,1,14,1385,1386
1158,290,63,0.3333,0.5238,0.7043,0.2556,0.6667,,0,,0,,0,XLF,1,15,1448,1449
1208,303,63,0.5714,0.5578,0.6863,0.2466,0.5397,0.5854,41,,0,,0,XLF,1,16,1511,1512
1259,315,63,0.5238,0.4798,0.6935,0.2502,0.5238,0.5238,63,,0,,0,XLF,1,17,1574,1575
1309,328,63,0.6032,0.4859,0.6739,0.2404,0.6349,0.6415,53,0.6415,53,,0,XLF,1,18,1637,1638
1360,340,63,0.5238,0.5197,0.6976,0.2522,0.5238,0.5238,63,0.5238,63,,0,XLF,1,19,1700,1701
1410,353,63,0.5079,0.499,0.7793,0.262,0.5079,0.5079,63,0.5079,63,0.5,2,XLF,1,20,1763,1764
1460,366,63,0.5238,0.5081,0.6974,0.2521,0.5238,0.5238,63,0.5161,62,0.0,1,XLF,1,21,1826,1827
1511,378,63,0.5397,0.5096,0.6918,0.2493,0.5397,0.5397,63,0.5814,43,0.4444,18,XLF,1,22,1889,1890
1561,391,63,0.5397,0.5,0.69,0.2484,0.5397,0.5397,63,,0,,0,XLF,1,23,1952,1953
1612,403,63,0.5079,0.6081,0.6996,0.2522,0.5238,0.5161,62,0.6216,37,,0,XLF,1,24,2015,2016
402,101,63,0.5397,0.5005,0.7135,0.2593,0.4444,0.4444,9,0.375,8,0.375,8,XLE,1,0,503,504
452,114,63,0.4603,0.4556,0.7435,0.2726,0.4921,0.4118,17,0.4444,9,0.4444,9,XLE,1,1,566,567
503,126,63,0.5556,0.4709,0.68,0.2436,0.4127,0.4167,12,,0,,0,XLE,1,2,629,630
553,139,63,0.4921,0.5247,0.7014,0.2541,0.5079,,0,,0,,0,XLE,1,3,692,693
604,151,63,0.4286,0.5884,2.0806,0.3011,0.5873,1.0,1,1.0,1,,0,XLE,1,4,755,756
654,164,63,0.5714,0.565,0.6714,0.2421,0.5079,0.5439,57,0.0,1,0.0,1,XLE,1,5,818,819
704,177,63,0.5556,0.4985,0.7005,0.2528,0.5556,0.5614,57,0.5536,56,0.5714,7,XLE,1,6,881,882
755,189,63,0.4921,0.4508,0.9444,0.267,0.5397,0.5185,54,0.5185,54,0.0,1,XLE,1,7,944,945
805,202,63,0.6032,0.5322,0.6669,0.2384,0.5873,0.5968,62,0.5968,62,1.0,1,XLE,1,8,1007,1008
856,214,63,0.5397,0.5152,0.69,0.2484,0.5397,0.549,51,,0,,0,XLE,1,9,1070,1071
906,227,63,0.5714,0.465,0.6901,0.2483,0.5714,0.5714,63,0.5614,57,0.0,1,XLE,1,10,1133,1134
956,240,63,0.5238,0.5,0.6942,0.2505,0.5238,0.5238,63,0.5238,63,,0,XLE,1,11,1196,1197
1007,252,63,0.4762,0.5015,0.7053,0.256,0.4762,0.4762,63,0.4773,44,,0,XLE,1,12,1259,1260
1057,265,63,0.5714,0.4722,0.691,0.2492,0.5714,0.5714,63,0.3333,3,0.3333,3,XLE,1,13,1322,1323
1108,277,63,0.4127,0.3833,0.711,0.2589,0.5238,0.463,54,0.0,2,,0,XLE,1,14,1385,1386
1158,290,63,0.4921,0.5,0.696,0.2514,0.4921,0.4921,63,,0,,0,XLE,1,15,1448,1449
1208,303,63,0.5714,0.4865,0.6943,0.2505,0.5873,0.5806,62,,0,,0,XLE,1,16,1511,1512
1259,315,63,0.5238,0.5131,0.6936,0.2502,0.5079,0.5161,62,0.5,6,0.5,6,XLE,1,17,1574,1575
1309,328,63,0.5556,0.4054,0.7034,0.255,0.5873,0.5763,59,,0,,0,XLE,1,18,1637,1638
1360,340,63,0.5238,0.5813,0.6901,0.2485,0.5238,0.5238,63,0.5909,44,,0,XLE,1,19,1700,1701
1410,353,63,0.5079,0.4454,0.7152,0.2605,0.5873,0.5556,54,,0,,0,XLE,1,20,1763,1764
1460,366,63,0.5079,0.4572,0.7256,0.2656,0.5079,0.5079,63,0.4737,38,0.4737,38,XLE,1,21,1826,1827
1511,378,63,0.5556,0.5923,0.6782,0.2426,0.5556,0.5556,63,0.6,45,0.6667,15,XLE,1,22,1889,1890
1561,391,63,0.5079,0.4347,0.6894,0.2481,0.6032,0.566,53,,0,,0,XLE,1,23,1952,1953
1612,403,63,0.5556,0.4959,0.6872,0.247,0.5556,0.5556,63,0.5556,63,,0,XLE,1,24,2015,2016
402,101,63,0.4921,0.4395,0.7399,0.2717,0.4921,0.4921,63,0.4,20,0.4,20,XLV,1,0,503,504
452,114,63,0.5238,0.5,0.692,0.2494,0.5238,0.5238,63,,0,,0,XLV,1,1,566,567
503,126,63,0.5079,0.5581,0.6854,0.2462,0.4286,0.463,54,,0,,0,XLV,1,2,629,630
553,139,63,0.4603,0.452,1.2336,0.2952,0.5556,0.5217,23,0.5,22,0.3333,3,XLV,1,3,692,693
604,151,63,0.3333,0.3224,0.7657,0.2855,0.5556,0.36,25,0.3,20,0.3,20,XLV,1,4,755,756
654,164,63,0.6667,0.5333,0.6685,0.2377,0.6508,0.6667,60,,0,,0,XLV,1,5,818,819
704,177,63,0.5238,0.4399,0.706,0.2563,0.5238,0.5238,63,0.5161,62,,0,XLV,1,6,881,882
755,189,63,0.5079,0.4864,0.7069,0.2567,0.4921,0.5,60,0.5,60,0.4286,7,XLV,1,7,944,945
805,202,63,0.4762,0.4692,0.735,0.2693,0.5238,0.5,60,0.5,58,,0,XLV,1,8,1007,1008
856,214,63,0.5397,0.5,0.69,0.2484,0.5397,0.5397,63,,0,,0,XLV,1,9,1070,1071
906,227,63,0.4762,0.4394,0.7069,0.2567,0.4762,0.4762,63,0.0,4,0.0,1,XLV,1,10,1133,1134
956,240,63,0.5397,0.5,0.6912,0.249,0.5397,0.5397,63,,0,,0,XLV,1,11,1196,1197
1007,252,63,0.4762,0.6167,0.6899,0.2484,0.4762,0.4762,63,,0,,0,XLV,1,12,1259,1260
1057,265,63,0.5238,0.498,0.7045,0.2543,0.4444,0.48,50,0.375,24,0.4,10,XLV,1,13,1322,1323
1108,277,63,0.4921,0.4803,0.7065,0.2566,0.4762,0.4444,18,1.0,2,1.0,2,XLV,1,14,1385,1386
1158,290,63,0.6508,0.6912,0.7139,0.2523,0.619,0.7297,37,0.8125,16,0.8125,16,XLV,1,15,1448,1449
1208,303,63,0.5397,0.5877,0.7127,0.2541,0.4603,,0,,0,,0,XLV,1,16,1511,1512
1259,315,63,0.5714,0.6015,0.6705,0.2393,0.5556,0.5909,44,0.75,8,0.75,8,XLV,1,17,1574,1575
1309,328,63,0.4444,0.4465,0.8238,0.3039,0.5238,0.4762,42,,0,,0,XLV,1,18,1637,1638
1360,340,63,0.5556,0.5187,0.6915,0.2492,0.5238,0.5532,47,0.5,20,,0,XLV,1,19,1700,1701
1410,353,63,0.4921,0.5545,0.6964,0.2516,0.4762,0.4839,62,,0,,0,XLV,1,20,1763,1764
1460,366,63,0.4762,0.5753,0.7014,0.2536,0.4762,0.4762,63,0.5135,37,0.5312,32,XLV,1,21,1826,1827
1511,378,63,0.5714,0.58,0.9406,0.2559,0.6032,0.5965,57,0.75,24,0.75,24,XLV,1,22,1889,1890
1561,391,63,0.5556,0.5534,0.7111,0.257,0.4921,0.5366,41,,0,,0,XLV,1,23,1952,1953
1612,403,63,0.4762,0.4929,0.7184,0.2622,0.3651,0.4038,52,0.0,3,0.0,3,XLV,1,24,2015,2016
402,101,63,0.4444,0.5036,0.9807,0.3616,0.4444,0.4444,63,0.4444,63,0.4468,47,XLI,1,0,503,504
452,114,63,0.4444,0.4625,0.7247,0.2652,0.5397,0.4706,17,0.4706,17,0.4706,17,XLI,1,1,566,567
503,126,63,0.3651,0.6283,5.223,0.4498,0.6349,,0,,0,,0,XLI,1,2,629,630
553,139,63,0.5714,0.5963,2.5076,0.2996,0.5397,0.5778,45,0.6429,28,,0,XLI,1,3,692,693
604,151,63,0.4127,0.4147,0.7069,0.2569,0.6032,0.5122,41,0.5405,37,,0,XLI,1,4,755,756
654,164,63,0.5079,0.5106,0.7204,0.2626,0.5079,0.5079,63,0.5079,63,0.5238,21,XLI,1,5,818,819
704,177,63,0.5238,0.349,0.717,0.2615,0.5556,0.5455,55,0.537,54,0.5283,53,XLI,1,6,881,882
755,189,63,0.5397,0.4204,0.9324,0.2625,0.5397,0.5455,55,0.5098,51,0.4091,22,XLI,1,7,944,945
805,202,63,0.4127,0.3833,0.7557,0.2795,0.4762,0.3793,29,0.4,25,,0,XLI,1,8,1007,1008
856,214,63,0.4762,0.5179,0.6921,0.2495,0.4444,0.4545,55,,0,,0,XLI,1,9,1070,1071
906,227,63,0.381,0.376,0.7041,0.2555,0.5079,0.4314,51,,0,,0,XLI,1,10,1133,1134
956,240,63,0.4286,0.5185,0.6999,0.2534,0.5714,,0,,0,,0,XLI,1,11,1196,1197
1007,252,63,0.5238,0.5965,0.9111,0.2529,0.5238,0.5246,61,1.0,1,1.0,1,XLI,1,12,1259,1260
1057,265,63,0.5079,0.4853,0.7119,0.2592,0.5397,0.5385,39,0.6667,3,0.6667,3,XLI,1,13,1322,1323
1108,277,63,0.4127,0.5104,0.7,0.2534,0.4127,0.4127,63,0.5,4,0.0,1,XLI,1,14,1385,1386
1158,290,63,0.4603,0.6059,0.6854,0.2476,0.6508,0.8182,11,,0,,0,XLI,1,15,1448,1449
1208,303,63,0.3651,0.3673,0.7482,0.2771,0.5556,0.4,25,0.4,25,0.4286,21,XLI,1,16,1511,1512
1259,315,63,0.5238,0.5259,0.691,0.2489,0.5397,0.5323,62,,0,,0,XLI,1,17,1574,1575
1309,328,63,0.5238,0.5247,1.172,0.2714,0.5714,0.5517,58,1.0,3,,0,XLI,1,18,1637,1638
1360,340,63,0.4444,0.4862,0.9634,0.2769,0.4444,0.4444,63,0.4444,36,0.4118,17,XLI,1,19,1700,1701
1410,353,63,0.5556,0.5258,0.683,0.2452,0.5238,0.5424,59,0.5,8,0.5,8,XLI,1,20,1763,1764
1460,366,63,0.6032,0.4464,0.6933,0.25,0.5556,0.5833,60,0.5,42,,0,XLI,1,21,1826,1827
1511,378,63,0.5397,0.5299,0.694,0.2503,0.5397,0.5439,57,0.75,4,,0,XLI,1,22,1889,1890
1561,391,63,0.6667,0.5764,0.6848,0.2458,0.619,0.6667,54,,0,,0,XLI,1,23,1952,1953
1612,403,63,0.5079,0.5595,0.7,0.2533,0.5079,0.5079,63,0.0,1,0.0,1,XLI,1,24,2015,2016
402,101,63,0.4921,0.498,0.9657,0.2766,0.4921,0.4921,63,0.4909,55,0.4909,55,XLU,1,0,503,504
452,114,63,0.5714,0.5736,0.6718,0.2395,0.5714,0.5714,63,0.6786,28,0.6786,28,XLU,1,1,566,567
503,126,63,0.5556,0.6467,0.6808,0.2439,0.4921,0.5283,53,,0,,0,XLU,1,2,629,630
553,139,63,0.5397,0.4743,0.7625,0.2804,0.4921,0.5385,26,0.5385,26,0.5385,26,XLU,1,3,692,693
604,151,63,0.5873,0.5924,0.9237,0.2548,0.5238,0.5745,47,0.5833,12,0.5833,12,XLU,1,4,755,756
654,164,63,0.5079,0.4787,1.168,0.2722,0.5873,0.5789,38,0.5588,34,0.6,5,XLU,1,5,818,819
704,177,63,0.5556,0.5951,0.9176,0.2546,0.4127,0.4762,42,0.5385,13,0.5833,12,XLU,1,6,881,882
755,189,63,0.4603,0.4301,0.7175,0.2619,0.5556,0.5102,49,0.5,16,0.6,5,XLU,1,7,944,945
805,202,63,0.5238,0.5192,0.6992,0.2528,0.5079,0.52,50,,0,,0,XLU,1,8,1007,1008
856,214,63,0.5238,0.4964,0.9486,0.2682,0.5714,0.5577,52,0.6,10,1.0,2,XLU,1,9,1070,1071
906,227,63,0.5397,0.5459,0.693,0.2499,0.4921,0.5238,42,,0,,0,XLU,1,10,1133,1134
956,240,63,0.4921,0.4455,0.7397,0.2675,0.5238,0.5094,53,0.3333,6,0.3333,6,XLU,1,11,1196,1197
1007,252,63,0.4286,0.447,0.7255,0.2657,0.5238,0.4694,49,0.4681,47,0.5278,36,XLU,1,12,1259,1260
1057,265,63,0.3968,0.5234,0.9541,0.2744,0.4127,0.3966,58,0.4035,57,0.75,4,XLU,1,13,1322,1323
1108,277,63,0.4762,0.4667,0.9428,0.2657,0.4921,0.4833,60,0.0,1,0.0,1,XLU,1,14,1385,1386
1158,290,63,0.5397,0.5181,0.7003,0.2533,0.4921,0.5294,34,,0,,0,XLU,1,15,1448,1449
1208,303,63,0.3968,0.4503,0.9404,0.266,0.619,0.5333,15,0.0,2,,0,XLU,1,16,1511,1512
1259,315,63,0.4286,0.5,0.6965,0.2517,0.5714,,0,,0,,0,XLU,1,17,1574,1575
1309,328,63,0.5714,0.4979,0.7017,0.2537,0.5714,0.5763,59,,0,,0,XLU,1,18,1637,1638
1360,340,63,0.4762,0.5576,0.6977,0.2523,0.4762,0.4762,63,,0,,0,XLU,1,19,1700,1701
1410,353,63,0.5397,0.5025,0.6902,0.2485,0.5397,0.541,61,,0,,0,XLU,1,20,1763,1764
1460,366,63,0.5556,0.4565,0.7004,0.2536,0.6349,0.6071,56,,0,,0,XLU,1,21,1826,1827
1511,378,63,0.5238,0.4939,0.696,0.2514,0.5238,0.5238,63,0.5,40,,0,XLU,1,22,1889,1890
1561,391,63,0.4921,0.5328,0.7146,0.258,0.4921,0.4921,63,0.625,8,0.625,8,XLU,1,23,1952,1953
1612,403,63,0.5397,0.4949,0.6905,0.2487,0.5397,0.5397,63,0.0,1,,0,XLU,1,24,2015,2016
402,101,63,0.4603,0.5273,0.6897,0.2483,0.5238,0.3333,3,,0,,0,COIN,1,0,503,504
452,114,63,0.4286,0.4037,0.7155,0.2611,0.4921,0.4324,37,0.375,24,,0,COIN,1,1,566,567
503,126,63,0.5079,0.4877,0.6969,0.2518,0.5714,0.5676,37,,0,,0,COIN,1,2,629,630
553,139,63,0.4762,0.4576,0.6973,0.252,0.4762,0.2,5,0.5,2,0.5,2,COIN,1,3,692,693
604,151,63,0.4762,0.4235,0.9764,0.2734,0.4444,0.4576,59,0.1111,9,0.0,2,COIN,1,4,755,756
654,164,63,0.4603,0.5091,0.6871,0.2471,0.4921,0.4118,17,0.4286,7,,0,COIN,1,5,818,819
704,177,63,0.4603,0.4237,0.7254,0.2654,0.4762,0.4444,36,0.5,2,,0,COIN,1,6,881,882
755,189,63,0.5714,0.5243,0.6901,0.2485,0.4603,0.75,4,,0,,0,COIN,1,7,944,945
805,202,63,0.5397,0.5151,0.691,0.2489,0.4921,0.6667,6,0.6667,6,0.6667,6,COIN,1,8,1007,1008
856,214,63,0.5397,0.5581,0.6863,0.2467,0.4762,0.6667,3,0.6667,3,,0,COIN,1,9,1070,1071
906,227,63,0.5873,0.5177,0.6722,0.2407,0.3492,0.4,20,0.4,20,1.0,1,COIN,1,10,1133,1134
956,240,63,0.5714,0.4919,0.6936,0.2502,0.5079,0.6471,17,,0,,0,COIN,1,11,1196,1197
402,101,63,0.5556,0.6552,1.3515,0.259,0.4921,0.5263,57,0.6538,26,0.6538,26,AVGO,1,0,503,504
452,114,63,0.4286,0.4614,0.7251,0.2653,0.5714,,0,,0,,0,AVGO,1,1,566,567
503,126,63,0.5556,0.5,0.6921,0.2495,0.5556,0.5556,63,,0,,0,AVGO,1,2,629,630
553,139,63,0.6032,0.5326,2.0744,0.2936,0.619,0.6346,52,0.6471,34,,0,AVGO,1,3,692,693
604,151,63,0.5238,0.4531,0.985,0.285,0.5079,0.5217,46,0.5111,45,0.4348,23,AVGO,1,4,755,756
654,164,63,0.5397,0.3443,0.7154,0.2609,0.5397,0.5397,63,0.2353,17,0.5,4,AVGO,1,5,818,819
704,177,63,0.5556,0.4878,0.6905,0.2488,0.5556,0.5556,63,0.5,8,0.5,8,AVGO,1,6,881,882
755,189,63,0.5556,0.4306,0.7108,0.2578,0.5556,0.5614,57,0.5333,30,,0,AVGO,1,7,944,945
805,202,63,0.5556,0.6064,0.6637,0.2368,0.5079,0.5333,60,0.6061,33,0.625,24,AVGO,1,8,1007,1008
856,214,63,0.4921,0.6134,0.9243,0.2566,0.5079,0.5,62,0.7143,14,1.0,2,AVGO,1,9,1070,1071
906,227,63,0.4127,0.431,0.7156,0.2619,0.4603,0.4259,54,0.2667,15,0.3333,6,AVGO,1,10,1133,1134
956,240,63,0.4921,0.4606,0.7125,0.259,0.5238,0.5111,45,,0,,0,AVGO,1,11,1196,1197
1007,252,63,0.5556,0.5449,0.9269,0.2578,0.5079,0.5417,48,,0,,0,AVGO,1,12,1259,1260
1057,265,63,0.5079,0.5385,0.6927,0.2498,0.5397,0.6667,9,,0,,0,AVGO,1,13,1322,1323
1108,277,63,0.5238,0.4955,0.6923,0.2496,0.5238,0.5238,63,,0,,0,AVGO,1,14,1385,1386
1158,290,63,0.4286,0.4763,0.9397,0.2645,0.5714,0.5,12,0.5,12,0.5,12,AVGO,1,15,1448,1449
1208,303,63,0.5079,0.4466,0.6958,0.2513,0.5079,0.5079,63,,0,,0,AVGO,1,16,1511,1512
1259,315,63,0.5079,0.5181,0.7287,0.2619,0.5079,0.5143,35,0.5,34,0.3333,3,AVGO,1,17,1574,1575
1309,328,63,0.5238,0.5745,0.8636,0.2357,0.5397,0.5417,48,0.8889,9,1.0,8,AVGO,1,18,1637,1638
1360,340,63,0.4921,0.4964,0.9207,0.2571,0.5556,0.5349,43,0.6154,13,1.0,1,AVGO,1,19,1700,1701
1410,353,63,0.4603,0.6014,1.0943,0.2492,0.4603,0.4603,63,0.425,40,0.8,15,AVGO,1,20,1763,1764
1460,366,63,0.5238,0.5549,0.6832,0.2451,0.6508,0.72,25,0.72,25,,0,AVGO,1,21,1826,1827
1511,378,63,0.5238,0.5419,0.6896,0.2482,0.5238,0.5238,63,0.55,40,0.6667,6,AVGO,1,22,1889,1890
1561,391,63,0.5556,0.4827,0.6796,0.2458,0.5556,0.5556,63,0.5,12,0.6667,3,AVGO,1,23,1952,1953
1612,403,63,0.5079,0.3808,0.9425,0.267,0.5238,0.5161,62,0.4595,37,1.0,1,AVGO,1,24,2015,2016
402,101,63,0.5556,0.5742,0.685,0.2461,0.5238,0.5532,47,0.5455,33,1.0,4,ANET,1,0,503,504
452,114,63,0.5556,0.4939,0.6925,0.2509,0.5556,0.5556,63,0.5556,63,0.5294,17,ANET,1,1,566,567
503,126,63,0.4921,0.496,0.9085,0.2531,0.5238,0.5128,39,0.5,32,0.6667,3,ANET,1,2,629,630
553,139,63,0.4444,0.4301,0.7676,0.2859,0.5556,0.5,28,0.4,15,0.4286,7,ANET,1,3,692,693
604,151,63,0.4603,0.5131,0.7107,0.2584,0.4921,0.4727,55,0.5556,9,0.5556,9,ANET,1,4,755,756
654,164,63,0.5397,0.392,0.6981,0.2525,0.5397,0.5397,63,,0,,0,ANET,1,5,818,819
704,177,63,0.4444,0.4163,0.7121,0.2594,0.4603,0.3125,16,0.3125,16,,0,ANET,1,6,881,882
755,189,63,0.4444,0.4516,0.6956,0.2512,0.4921,0.4643,56,,0,,0,ANET,1,7,944,945
805,202,63,0.4921,0.5,0.6937,0.2503,0.5079,,0,,0,,0,ANET,1,8,1007,1008
856,214,63,0.5079,0.5534,0.6982,0.2524,0.4921,0.5,12,0.5,12,0.5,12,ANET,1,9,1070,1071
906,227,63,0.5079,0.506,0.6982,0.2525,0.4921,0.5,12,0.5,12,0.5,12,ANET,1,10,1133,1134
956,240,63,0.5079,0.4728,0.6988,0.2528,0.5079,0.6,5,0.5,4,0.5,4,ANET,1,11,1196,1197
1007,252,63,0.5238,0.5695,0.6911,0.249,0.5397,0.7,10,,0,,0,ANET,1,12,1259,1260
1057,265,63,0.4762,0.5319,0.7066,0.256,0.5714,1.0,3,,0,,0,ANET,1,13,1322,1323
1108,277,63,0.5397,0.5459,0.923,0.256,0.5556,0.5484,62,0.75,4,1.0,2,ANET,1,14,1385,1386
1158,290,63,0.6032,0.5196,0.9294,0.2597,0.6349,0.6364,55,,0,,0,ANET,1,15,1448,1449
1208,303,63,0.4603,0.6034,0.7109,0.2588,0.4603,0.4603,63,0.4821,56,,0,ANET,1,16,1511,1512
1259,315,63,0.4444,0.4693,0.6932,0.2518,0.5079,0.4717,53,0.4737,38,1.0,2,ANET,1,17,1574,1575
1309,328,63,0.5397,0.5048,1.3938,0.2761,0.619,0.625,40,0.8,5,,0,ANET,1,18,1637,1638
1360,340,63,0.619,0.5152,0.6699,0.2385,0.6349,0.629,62,0.7647,17,0.8333,6,ANET,1,19,1700,1701
1410,353,63,0.5079,0.5867,0.7344,0.2647,0.5079,0.5079,63,0.5357,56,0.619,21,ANET,1,20,1763,1764
1460,366,63,0.6667,0.5663,0.637,0.2238,0.6667,0.6667,63,0.6667,63,0.8125,16,ANET,1,21,1826,1827
1511,378,63,0.5397,0.5096,0.6896,0.2482,0.5397,0.5397,63,0.6,5,,0,ANET,1,22,1889,1890
1561,391,63,0.5556,0.5467,0.6845,0.2469,0.5397,0.5484,62,0.5484,62,0.3333,3,ANET,1,23,1952,1953
1612,403,63,0.5556,0.5507,0.6784,0.2431,0.5397,0.5484,62,0.575,40,,0,ANET,1,24,2015,2016
402,101,63,0.4762,0.5737,0.7139,0.2601,0.4762,0.4762,63,0.5179,56,0.5179,56,AMAT,1,0,503,504
452,114,63,0.6349,0.613,0.6744,0.2404,0.6349,0.7073,41,0.725,40,0.3333,3,AMAT,1,1,566,567
503,126,63,0.4921,0.482,0.751,0.2724,0.4286,0.4444,45,0.4444,45,0.2727,11,AMAT,1,2,629,630
553,139,63,0.4762,0.5217,0.8319,0.3121,0.6349,0.64,25,1.0,2,1.0,1,AMAT,1,3,692,693
604,151,63,0.5238,0.5833,0.6919,0.2494,0.5238,0.5238,63,0.5946,37,,0,AMAT,1,4,755,756
654,164,63,0.5714,0.4954,0.9156,0.2536,0.5714,0.5714,63,0.5,2,0.5,2,AMAT,1,5,818,819
704,177,63,0.5556,0.5051,0.6962,0.2509,0.5556,0.5556,63,0.5652,46,0.5556,9,AMAT,1,6,881,882
755,189,63,0.5556,0.5304,0.6988,0.2519,0.5397,0.5517,58,0.5439,57,0.6364,11,AMAT,1,7,944,945
805,202,63,0.5397,0.6471,0.6822,0.2446,0.4603,0.5,58,0.619,21,0.619,21,AMAT,1,8,1007,1008
856,214,63,0.5714,0.5914,0.6985,0.2519,0.5238,0.5714,42,0.65,20,,0,AMAT,1,9,1070,1071
906,227,63,0.4127,0.4111,0.962,0.2766,0.4127,0.4098,61,0.3103,29,,0,AMAT,1,10,1133,1134
956,240,63,0.4603,0.5502,0.9282,0.2602,0.5397,0.5,6,0.3333,3,,0,AMAT,1,11,1196,1197
1007,252,63,0.5873,0.5867,0.6908,0.2487,0.4603,0.5429,35,0.5,2,,0,AMAT,1,12,1259,1260
1057,265,63,0.4762,0.4792,1.4191,0.287,0.5397,0.6667,3,1.0,1,,0,AMAT,1,13,1322,1323
1108,277,63,0.5079,0.5181,0.6825,0.2452,0.4921,0.5,10,1.0,1,1.0,1,AMAT,1,14,1385,1386
1158,290,63,0.4444,0.4528,0.949,0.2702,0.5397,0.4815,27,,0,,0,AMAT,1,15,1448,1449
1208,303,63,0.5079,0.5459,0.6802,0.2439,0.5556,0.6,20,0.6,20,,0,AMAT,1,16,1511,1512
1259,315,63,0.4762,0.5894,0.9194,0.2555,0.4762,0.4737,57,0.5862,29,0.5862,29,AMAT,1,17,1574,1575
1309,328,63,0.5238,0.6121,0.6855,0.2462,0.5238,0.5254,59,0.6667,27,,0,AMAT,1,18,1637,1638
1360,340,63,0.4762,0.5394,0.7057,0.2562,0.4762,0.4681,47,0.5312,32,0.5312,32,AMAT,1,19,1700,1701
1410,353,63,0.5397,0.5732,1.3789,0.2716,0.4762,0.5128,39,0.5128,39,0.6154,13,AMAT,1,20,1763,1764
1460,366,63,0.4127,0.4192,0.7239,0.265,0.5238,0.3333,12,0.4,10,0.4,10,AMAT,1,21,1826,1827
1511,378,63,0.4921,0.5151,0.6889,0.2479,0.5873,0.5806,31,0.7143,7,0.7143,7,AMAT,1,22,1889,1890
1561,391,63,0.3968,0.4872,0.695,0.251,0.619,0.5556,9,1.0,2,1.0,2,AMAT,1,23,1952,1953
1612,403,63,0.5873,0.4943,0.6937,0.2501,0.5873,0.5873,63,0.5,2,0.5,2,AMAT,1,24,2015,2016
402,101,63,0.4921,0.5696,0.7847,0.2814,0.4921,0.4921,63,0.4918,61,0.52,25,LRCX,1,0,503,504
452,114,63,0.6508,0.5366,0.6593,0.237,0.6508,0.6508,63,1.0,3,1.0,3,LRCX,1,1,566,567
503,126,63,0.4603,0.4949,0.7367,0.2724,0.4603,0.4528,53,0.4615,52,0.4615,52,LRCX,1,2,629,630
553,139,63,0.4762,0.5154,0.6924,0.2497,0.5714,0.6,15,0.625,8,0.625,8,LRCX,1,3,692,693
604,151,63,0.5238,0.5545,0.6894,0.2481,0.5238,0.5238,63,,0,,0,LRCX,1,4,755,756
654,164,63,0.5238,0.5136,0.7055,0.2551,0.5238,0.5246,61,0.5246,61,0.6667,3,LRCX,1,5,818,819
704,177,63,0.4762,0.5,0.7193,0.2616,0.4762,0.4762,63,0.5,12,0.5,12,LRCX,1,6,881,882
755,189,63,0.4444,0.5333,0.9241,0.2586,0.5873,0.625,8,0.5714,7,0.5714,7,LRCX,1,7,944,945
805,202,63,0.5238,0.5722,0.6833,0.2466,0.4127,0.46,50,0.4516,31,,0,LRCX,1,8,1007,1008
856,214,63,0.5238,0.5455,0.708,0.2561,0.5238,0.6667,9,0.6667,9,0.6667,9,LRCX,1,9,1070,1071
906,227,63,0.381,0.427,1.2055,0.2873,0.4286,0.3846,52,0.0,1,0.0,1,LRCX,1,10,1133,1134
956,240,63,0.4762,0.5126,1.204,0.2814,0.4921,0.0,2,0.0,2,0.0,2,LRCX,1,11,1196,1197
1007,252,63,0.5873,0.4917,0.6945,0.2502,0.4127,,0,,0,,0,LRCX,1,12,1259,1260
1057,265,63,0.4921,0.566,0.6974,0.2521,0.5079,,0,,0,,0,LRCX,1,13,1322,1323
1108,277,63,0.5397,0.6141,0.6794,0.2432,0.4603,,0,,0,,0,LRCX,1,14,1385,1386
1158,290,63,0.381,0.4079,0.7479,0.2767,0.6032,0.48,25,,0,,0,LRCX,1,15,1448,1449
1208,303,63,0.4762,0.5665,0.6949,0.2512,0.4921,0.25,4,,0,,0,LRCX,1,16,1511,1512
1259,315,63,0.4444,0.4631,0.7011,0.2545,0.5238,0.4643,28,1.0,1,1.0,1,LRCX,1,17,1574,1575
1309,328,63,0.5238,0.5091,0.7111,0.2562,0.4921,0.5098,51,0.5882,17,0.5882,17,LRCX,1,18,1637,1638
1360,340,63,0.4762,0.5423,0.6851,0.2475,0.5079,0.4915,59,1.0,2,1.0,2,LRCX,1,19,1700,1701
1410,353,63,0.5079,0.5882,0.6775,0.2423,0.5079,0.5102,49,0.7692,13,1.0,1,LRCX,1,20,1763,1764
1460,366,63,0.4603,0.4815,0.7224,0.2656,0.5714,0.5417,24,0.5,6,0.5,2,LRCX,1,21,1826,1827
1511,378,63,0.6508,0.503,0.6957,0.251,0.6984,0.6897,58,,0,,0,LRCX,1,22,1889,1890
1561,391,63,0.5714,0.4547,0.6874,0.2471,0.5714,0.5714,63,,0,,0,LRCX,1,23,1952,1953
1612,403,63,0.5397,0.5254,0.6892,0.2481,0.5397,0.549,51,0.5556,27,,0,LRCX,1,24,2015,2016
402,101,63,0.4444,0.4465,1.1825,0.2789,0.5238,0.4375,16,0.5,12,0.3333,9,VRT,1,0,503,504
452,114,63,0.4921,0.5258,0.7048,0.2554,0.4762,0.4583,24,0.4583,24,0.4211,19,VRT,1,1,566,567
503,126,63,0.4444,0.4247,0.9525,0.272,0.5238,0.475,40,0.4516,31,0.5,2,VRT,1,2,629,630
553,139,63,0.4286,0.4239,0.7284,0.2675,0.4603,0.4146,41,0.3889,36,,0,VRT,1,3,692,693
604,151,63,0.4444,0.4969,0.7323,0.2634,0.5714,0.5714,7,0.5714,7,0.5714,7,VRT,1,4,755,756
654,164,63,0.6032,0.5,0.6843,0.2456,0.6032,0.6032,63,,0,,0,VRT,1,5,818,819
704,177,63,0.5714,0.5041,0.6841,0.2455,0.5556,0.5645,62,0.5574,61,,0,VRT,1,6,881,882
755,189,63,0.6032,0.4968,0.9156,0.2532,0.619,0.625,56,0.6154,52,,0,VRT,1,7,944,945
805,202,63,0.5556,0.4755,0.6924,0.2495,0.5556,0.5556,63,0.5556,63,0.5333,15,VRT,1,8,1007,1008
856,214,63,0.5238,0.3803,1.1762,0.2747,0.5397,0.5333,60,0.5294,17,0.4,5,VRT,1,9,1070,1071
906,227,63,0.6508,0.4541,0.653,0.2333,0.619,0.6393,61,0.5,26,0.6429,14,VRT,1,10,1133,1134
956,240,63,0.5556,0.4194,0.7204,0.2627,0.5556,0.5556,63,0.4839,31,0.4615,26,VRT,1,11,1196,1197
1007,252,63,0.5556,0.4777,1.1421,0.2619,0.5397,0.5536,56,0.2,5,,0,VRT,1,12,1259,1260
1057,265,63,0.5397,0.5278,0.6926,0.2496,0.5238,0.5323,62,0.55,20,0.0,1,VRT,1,13,1322,1323
1108,277,63,0.5238,0.5338,0.688,0.2488,0.5238,0.5238,63,0.5455,22,0.5455,22,VRT,1,14,1385,1386
1158,290,63,0.5238,0.5081,0.7023,0.2544,0.5397,0.5417,48,0.5417,48,,0,VRT,1,15,1448,1449
402,101,63,0.5556,0.4955,0.7147,0.2586,0.5079,0.54,50,0.4643,28,0.4545,22,ETN,1,0,503,504
452,114,63,0.5873,0.5226,0.6816,0.2442,0.5714,0.5806,62,0.75,4,0.6667,3,ETN,1,1,566,567
503,126,63,0.5873,0.4203,1.1579,0.2677,0.5714,0.5893,56,0.4643,28,,0,ETN,1,2,629,630
553,139,63,0.4921,0.4561,0.7415,0.2703,0.5079,0.5,48,0.0,1,0.0,1,ETN,1,3,692,693
604,151,63,0.619,0.5537,0.679,0.243,0.6032,0.6167,60,1.0,1,,0,ETN,1,4,755,756
654,164,63,0.5873,0.5485,0.6986,0.252,0.5556,0.5789,57,0.549,51,0.549,51,ETN,1,5,818,819
704,177,63,0.4286,0.4299,0.7533,0.2788,0.4921,0.4468,47,0.4571,35,0.4286,28,ETN,1,6,881,882
755,189,63,0.4762,0.498,0.7252,0.2654,0.4603,0.4643,56,0.4643,56,0.4,5,ETN,1,7,944,945
805,202,63,0.4286,0.5021,0.9258,0.2602,0.5714,,0,,0,,0,ETN,1,8,1007,1008
856,214,63,0.4603,0.4647,0.9394,0.264,0.4921,0.4727,55,,0,,0,ETN,1,9,1070,1071
906,227,63,0.5238,0.4667,0.7065,0.256,0.4762,,0,,0,,0,ETN,1,10,1133,1134
956,240,63,0.4921,0.5272,0.6892,0.248,0.4921,0.4921,63,1.0,2,,0,ETN,1,11,1196,1197
1007,252,63,0.5556,0.5429,0.6873,0.2471,0.5556,0.5556,63,0.6667,12,,0,ETN,1,12,1259,1260
1057,265,63,0.4921,0.499,0.69,0.2485,0.4921,0.4815,27,0.6667,3,1.0,1,ETN,1,13,1322,1323
1108,277,63,0.3968,0.4182,0.9744,0.2811,0.5714,0.375,8,0.375,8,0.0,2,ETN,1,14,1385,1386
1158,290,63,0.5397,0.5349,0.7043,0.2535,0.6508,0.7143,28,0.6818,22,0.0,1,ETN,1,15,1448,1449
1208,303,63,0.619,0.5217,0.934,0.2607,0.6349,0.6333,60,,0,,0,ETN,1,16,1511,1512
1259,315,63,0.5397,0.5303,0.6829,0.2464,0.5238,0.5323,62,0.5323,62,0.6667,3,ETN,1,17,1574,1575
1309,328,63,0.619,0.5316,0.6692,0.2381,0.6032,0.6167,60,0.6167,60,0.6667,3,ETN,1,18,1637,1638
1360,340,63,0.5238,0.5171,1.165,0.272,0.4921,0.5094,53,0.5094,53,0.5094,53,ETN,1,19,1700,1701
1410,353,63,0.4762,0.4439,0.7368,0.2713,0.4762,0.4754,61,0.44,50,0.44,50,ETN,1,20,1763,1764
1460,366,63,0.5397,0.5406,0.6886,0.2477,0.5397,0.5397,63,0.551,49,,0,ETN,1,21,1826,1827
1511,378,63,0.5238,0.6053,0.6812,0.2442,0.5079,0.5161,62,0.7143,14,0.7143,14,ETN,1,22,1889,1890
1561,391,63,0.5238,0.5631,0.6855,0.2462,0.5238,0.5294,51,0.6176,34,,0,ETN,1,23,1952,1953
1612,403,63,0.5238,0.5396,0.715,0.2598,0.5397,0.5455,44,0.8889,9,0.8333,6,ETN,1,24,2015,2016
402,101,63,0.5397,0.5,0.6903,0.2486,0.5397,0.5397,63,0.5397,63,,0,NOW,1,0,503,504
452,114,63,0.6032,0.5083,0.6934,0.2499,0.5873,0.6,60,0.5714,14,0.5714,14,NOW,1,1,566,567
503,126,63,0.4603,0.5323,0.7474,0.2719,0.4921,0.4727,55,0.52,50,0.5,2,NOW,1,2,629,630
553,139,63,0.5556,0.6643,0.9006,0.2448,0.5556,0.5556,63,0.75,28,0.0,1,NOW,1,3,692,693
604,151,63,0.5238,0.5495,0.9296,0.2591,0.5238,0.5254,59,0.5833,24,0.6667,6,NOW,1,4,755,756
654,164,63,0.5397,0.4156,1.6501,0.2962,0.5714,0.5593,59,0.5417,48,0.4286,14,NOW,1,5,818,819
704,177,63,0.6032,0.4457,0.6791,0.2431,0.6349,0.623,61,0.5957,47,0.7143,7,NOW,1,6,881,882
755,189,63,0.5079,0.5,0.7026,0.2547,0.5079,0.5079,63,0.5079,63,,0,NOW,1,7,944,945
805,202,63,0.3968,0.5384,0.7298,0.2682,0.3968,0.3968,63,0.3968,63,,0,NOW,1,8,1007,1008
856,214,63,0.5873,0.6149,0.6847,0.2458,0.5079,0.56,50,,0,,0,NOW,1,9,1070,1071
906,227,63,0.5079,0.5091,0.6926,0.2497,0.4762,0.4815,27,1.0,1,1.0,1,NOW,1,10,1133,1134
956,240,63,0.4127,0.4232,0.7444,0.2723,0.5238,0.3889,18,0.375,16,0.5714,7,NOW,1,11,1196,1197
1007,252,63,0.4921,0.505,0.6925,0.2497,0.4921,0.48,25,,0,,0,NOW,1,12,1259,1260
1057,265,63,0.3492,0.4071,0.966,0.2773,0.619,0.4286,14,0.4286,14,0.0,1,NOW,1,13,1322,1323
1108,277,63,0.5556,0.5116,0.6923,0.2496,0.6032,0.6042,48,,0,,0,NOW,1,14,1385,1386
1158,290,63,0.7143,0.5222,0.6557,0.2316,0.7143,0.7143,63,1.0,2,1.0,2,NOW,1,15,1448,1449
1208,303,63,0.5556,0.4393,0.7007,0.2535,0.5556,0.5556,63,0.5556,63,0.5102,49,NOW,1,16,1511,1512
1259,315,63,0.5714,0.4949,0.6817,0.2443,0.5714,0.5714,63,0.5763,59,1.0,2,NOW,1,17,1574,1575
1309,328,63,0.5397,0.5117,0.7029,0.2544,0.5397,0.5397,63,0.5397,63,0.5625,32,NOW,1,18,1637,1638
1360,340,63,0.5873,0.5556,0.6691,0.2381,0.5873,0.5873,63,0.6182,55,0.6182,55,NOW,1,19,1700,1701
1410,353,63,0.4762,0.4222,0.7252,0.2654,0.4762,0.4754,61,0.4444,45,,0,NOW,1,20,1763,1764
1460,366,63,0.4603,0.4838,0.7227,0.2645,0.4603,0.4561,57,0.4364,55,0.5,12,NOW,1,21,1826,1827
1511,378,63,0.4921,0.6056,0.7035,0.2551,0.4444,0.4643,56,0.5769,26,0.4286,7,NOW,1,22,1889,1890
1561,391,63,0.4762,0.5444,0.6972,0.252,0.4921,0.4833,60,,0,,0,NOW,1,23,1952,1953
1612,403,63,0.6508,0.6744,0.9156,0.2527,0.5397,0.7,30,0.4,5,0.4,5,NOW,1,24,2015,2016
402,101,63,0.5238,0.5692,1.3881,0.2746,0.5238,0.5238,63,0.5614,57,0.5472,53,EQIX,1,0,503,504
452,114,63,0.5873,0.4901,1.8117,0.2745,0.5873,0.5873,63,0.5932,59,0.5789,19,EQIX,1,1,566,567
503,126,63,0.4603,0.4818,1.6493,0.296,0.4762,0.4643,56,0.44,25,0.4762,21,EQIX,1,2,629,630
553,139,63,0.5238,0.5091,0.6937,0.2503,0.5238,0.5238,63,0.5294,51,,0,EQIX,1,3,692,693
604,151,63,0.4603,0.4777,0.7337,0.268,0.4603,0.4603,63,0.4,10,0.4,10,EQIX,1,4,755,756
654,164,63,0.381,0.4904,0.7198,0.2633,0.619,,0,,0,,0,EQIX,1,5,818,819
704,177,63,0.5556,0.4939,0.6876,0.2472,0.5556,0.5593,59,0.5593,59,,0,EQIX,1,6,881,882
755,189,63,0.4603,0.4635,0.7398,0.2713,0.4603,0.4603,63,0.3333,9,0.3333,9,EQIX,1,7,944,945
805,202,63,0.4762,0.4182,1.4142,0.2847,0.4762,0.4762,63,0.25,4,0.25,4,EQIX,1,8,1007,1008
856,214,63,0.4444,0.4893,0.6999,0.2533,0.4444,0.4444,63,0.3333,3,0.3333,3,EQIX,1,9,1070,1071
906,227,63,0.4444,0.4449,0.7032,0.255,0.4762,0.4286,35,0.4,5,,0,EQIX,1,10,1133,1134
956,240,63,0.5397,0.5639,2.5663,0.3206,0.5397,0.619,21,,0,,0,EQIX,1,11,1196,1197
1007,252,63,0.4603,0.4773,0.6989,0.2529,0.4762,0.4677,62,,0,,0,EQIX,1,12,1259,1260
1057,265,63,0.4762,0.513,3.073,0.3564,0.5873,0.6429,14,,0,,0,EQIX,1,13,1322,1323
1108,277,63,0.4921,0.4405,0.7062,0.2561,0.4921,0.4921,63,0.3333,3,0.3333,3,EQIX,1,14,1385,1386
1158,290,63,0.4444,0.4657,0.7218,0.2639,0.5238,0.25,4,0.25,4,0.25,4,EQIX,1,15,1448,1449
1208,303,63,0.4762,0.4805,0.7625,0.2815,0.4286,0.4,30,0.4,30,0.4074,27,EQIX,1,16,1511,1512
1259,315,63,0.5873,0.6447,0.6786,0.2428,0.5079,0.56,50,0.6098,41,0.6667,9,EQIX,1,17,1574,1575
1309,328,63,0.381,0.4142,0.7121,0.2594,0.5873,0.4375,16,,0,,0,EQIX,1,18,1637,1638
1360,340,63,0.5714,0.5057,0.6947,0.2507,0.5714,0.5818,55,0.5,4,,0,EQIX,1,19,1700,1701
1410,353,63,0.4921,0.5086,0.7031,0.2549,0.5397,0.5227,44,,0,,0,EQIX,1,20,1763,1764
1460,366,63,0.4603,0.6119,0.699,0.2528,0.4921,0.4737,57,,0,,0,EQIX,1,21,1826,1827
1511,378,63,0.4921,0.393,0.7077,0.2572,0.5397,0.5172,58,0.3571,14,0.0,1,EQIX,1,22,1889,1890
1561,391,63,0.4921,0.4985,0.6983,0.2525,0.4921,0.4921,63,0.6667,3,0.5,2,EQIX,1,23,1952,1953
1612,403,63,0.5397,0.4635,0.6976,0.2521,0.5397,0.5397,63,0.25,4,0.3333,3,EQIX,1,24,2015,2016
402,101,63,0.5397,0.5061,0.9655,0.2756,0.5238,0.6,20,0.6,20,0.6,20,DLR,1,0,503,504
452,114,63,0.4921,0.5091,0.685,0.2463,0.5079,0.5,18,1.0,3,1.0,3,DLR,1,1,566,567
503,126,63,0.381,0.434,0.6901,0.2504,0.4921,0.3571,28,0.0,1,0.0,1,DLR,1,2,629,630
553,139,63,0.5714,0.5413,1.8177,0.2784,0.5556,0.5667,60,0.6111,18,0.6111,18,DLR,1,3,692,693
604,151,63,0.4444,0.5592,0.7139,0.2597,0.4444,0.4426,61,0.4815,54,,0,DLR,1,4,755,756
654,164,63,0.5238,0.4313,0.6985,0.2527,0.5238,0.5652,23,,0,,0,DLR,1,5,818,819
704,177,63,0.5079,0.5245,0.6896,0.2483,0.5556,0.625,16,0.6429,14,0.6429,14,DLR,1,6,881,882
755,189,63,0.5079,0.499,0.6958,0.2513,0.4762,0.4706,17,0.5,12,,0,DLR,1,7,944,945
805,202,63,0.5238,0.5141,2.464,0.3514,0.5238,0.5283,53,0.5192,52,0.5192,52,DLR,1,8,1007,1008
856,214,63,0.5079,0.6084,0.6828,0.2449,0.5079,0.5079,63,0.6667,18,0.6667,18,DLR,1,9,1070,1071
906,227,63,0.3968,0.5122,0.7623,0.2858,0.4444,0.4074,54,0.4074,54,0.4074,54,DLR,1,10,1133,1134
956,240,63,0.5079,0.4854,0.6989,0.2528,0.5238,0.5357,28,0.5882,17,0.6667,3,DLR,1,11,1196,1197
1007,252,63,0.746,0.7037,0.6646,0.2385,0.4127,0.6923,26,0.4,5,0.4,5,DLR,1,12,1259,1260
1057,265,63,0.4762,0.5467,2.7896,0.3299,0.5397,0.5294,17,,0,,0,DLR,1,13,1322,1323
1108,277,63,0.4286,0.5077,1.6548,0.2998,0.5714,,0,,0,,0,DLR,1,14,1385,1386
1158,290,63,0.4921,0.4861,0.7159,0.2612,0.5714,0.5588,34,,0,,0,DLR,1,15,1448,1449
1208,303,63,0.5079,0.5499,1.1487,0.2631,0.5079,0.5122,41,0.5,2,0.5,2,DLR,1,16,1511,1512
1259,315,63,0.4762,0.5284,0.6734,0.2418,0.5397,0.5111,45,0.75,8,0.75,8,DLR,1,17,1574,1575
1309,328,63,0.5238,0.5649,0.6883,0.2473,0.5397,0.5323,62,0.5946,37,0.6154,13,DLR,1,18,1637,1638
1360,340,63,0.5079,0.4364,0.7026,0.2547,0.5238,0.5161,62,0.4483,29,0.5,4,DLR,1,19,1700,1701
1410,353,63,0.4762,0.4224,0.7174,0.2618,0.5397,0.5088,57,0.5102,49,0.0,2,DLR,1,20,1763,1764
1460,366,63,0.5238,0.5751,0.6854,0.2461,0.5079,0.5227,44,0.7,10,0.7,10,DLR,1,21,1826,1827
1511,378,63,0.4921,0.4859,0.7038,0.2548,0.4762,0.4839,62,0.3333,3,0.3333,3,DLR,1,22,1889,1890
1561,391,63,0.5079,0.505,0.6976,0.2522,0.4921,0.5,22,0.0,1,0.0,1,DLR,1,23,1952,1953
1612,403,63,0.6032,0.6286,0.6811,0.2439,0.5556,0.5833,60,0.8,5,0.5,2,DLR,1,24,2015,2016
402,101,63,0.4762,0.5685,0.7579,0.28,0.4603,0.4667,60,0.4773,44,0.4773,44,WDC,1,0,503,504
452,114,63,0.4762,0.4889,0.7052,0.256,0.5079,0.4894,47,0.4894,47,,0,WDC,1,1,566,567
503,126,63,0.5714,0.4851,1.1586,0.2661,0.4286,,0,,0,,0,WDC,1,2,629,630
553,139,63,0.4444,0.5108,1.1737,0.2735,0.5714,0.6,5,0.6,5,0.5,4,WDC,1,3,692,693
604,151,63,0.4286,0.4891,0.703,0.2547,0.5873,0.6,5,0.0,1,,0,WDC,1,4,755,756
654,164,63,0.4127,0.3808,0.7409,0.273,0.4762,0.434,53,0.3636,11,0.3,10,WDC,1,5,818,819
704,177,63,0.4603,0.4442,0.7066,0.2567,0.4603,0.4603,63,0.375,24,,0,WDC,1,6,881,882
755,189,63,0.3175,0.2833,1.4614,0.3065,0.4762,0.3488,43,0.1429,7,0.0,3,WDC,1,7,944,945
805,202,63,0.4921,0.4995,0.9277,0.2597,0.5079,0.5,2,0.5,2,0.5,2,WDC,1,8,1007,1008
856,214,63,0.4603,0.4394,1.6634,0.2987,0.4762,0.0,4,0.0,4,0.0,4,WDC,1,9,1070,1071
906,227,63,0.5714,0.5,0.6897,0.2483,0.4286,,0,,0,,0,WDC,1,10,1133,1134
956,240,63,0.4762,0.5,0.6986,0.2527,0.5238,,0,,0,,0,WDC,1,11,1196,1197
1007,252,63,0.6032,0.5184,0.6899,0.2484,0.3968,0.5,6,,0,,0,WDC,1,12,1259,1260
1057,265,63,0.4603,0.5417,0.6849,0.2481,0.5714,0.625,8,0.625,8,0.625,8,WDC,1,13,1322,1323
1108,277,63,0.5079,0.5005,0.9241,0.2579,0.4921,0.5,2,0.5,2,0.5,2,WDC,1,14,1385,1386
1158,290,63,0.3333,0.4593,0.9649,0.2782,0.6825,0.6667,3,0.6667,3,,0,WDC,1,15,1448,1449
1208,303,63,0.4921,0.4828,0.9596,0.2724,0.4762,0.25,4,0.25,4,0.25,4,WDC,1,16,1511,1512
1259,315,63,0.5873,0.5357,0.6902,0.2486,0.4444,1.0,2,,0,,0,WDC,1,17,1574,1575
1309,328,63,0.5397,0.5207,0.6951,0.2509,0.5238,0.5385,52,0.5,6,,0,WDC,1,18,1637,1638
1360,340,63,0.4921,0.5494,0.6967,0.2518,0.4921,0.4921,63,0.375,8,,0,WDC,1,19,1700,1701
1410,353,63,0.5079,0.5625,0.682,0.2447,0.5079,0.5079,63,1.0,4,1.0,3,WDC,1,20,1763,1764
1460,366,63,0.6032,0.4976,0.6924,0.2496,0.6984,0.7111,45,0.6818,22,,0,WDC,1,21,1826,1827
1511,378,63,0.6349,0.65,0.6728,0.2394,0.6349,0.6349,63,0.7222,36,0.0,1,WDC,1,22,1889,1890
1561,391,63,0.5873,0.5153,0.6934,0.2497,0.6032,0.6034,58,0.6216,37,,0,WDC,1,23,1952,1953
1612,403,63,0.5873,0.5,0.9215,0.2551,0.6032,0.6,60,0.5909,22,0.7143,7,WDC,1,24,2015,2016
402,101,63,0.4921,0.5288,4.8731,0.4028,0.4762,0.4821,56,0.5,54,0.4808,52,STX,1,0,503,504
452,114,63,0.4921,0.4818,0.7033,0.255,0.5873,0.5714,35,,0,,0,STX,1,1,566,567
503,126,63,0.5079,0.5347,0.7073,0.2553,0.4444,0.4651,43,,0,,0,STX,1,2,629,630
553,139,63,0.6508,0.6737,0.6312,0.2213,0.6032,0.7857,28,0.7857,28,0.7857,28,STX,1,3,692,693
604,151,63,0.6349,0.6796,0.8779,0.2355,0.7143,0.7895,38,0.8438,32,1.0,13,STX,1,4,755,756
654,164,63,0.4762,0.4635,0.7736,0.287,0.4603,0.4583,48,0.4583,48,0.4583,48,STX,1,5,818,819
704,177,63,0.5079,0.504,0.7211,0.263,0.5238,0.5357,28,0.5357,28,0.5185,27,STX,1,6,881,882
755,189,63,0.5556,0.4429,0.6968,0.2517,0.5556,0.5556,63,0.5556,63,0.4783,23,STX,1,7,944,945
805,202,63,0.4444,0.5,0.7034,0.2551,0.4444,0.4444,63,,0,,0,STX,1,8,1007,1008
856,214,63,0.4921,0.3886,0.7204,0.2626,0.4921,0.4921,63,0.2,5,0.25,4,STX,1,9,1070,1071
906,227,63,0.619,0.52,0.6822,0.2449,0.3968,1.0,1,1.0,1,1.0,1,STX,1,10,1133,1134
956,240,63,0.4603,0.5141,1.1684,0.2711,0.5238,0.3333,3,0.3333,3,0.3333,3,STX,1,11,1196,1197
1007,252,63,0.5714,0.4974,0.6852,0.246,0.4286,,0,,0,,0,STX,1,12,1259,1260
1057,265,63,0.5079,0.5455,0.6962,0.2515,0.5238,1.0,2,,0,,0,STX,1,13,1322,1323
1108,277,63,0.4603,0.5,0.6987,0.2528,0.5397,,0,,0,,0,STX,1,14,1385,1386
1158,290,63,0.6508,0.6682,0.6868,0.2468,0.5714,0.7917,24,,0,,0,STX,1,15,1448,1449
1208,303,63,0.4921,0.4657,0.7179,0.2622,0.4762,0.4792,48,0.4194,31,0.4,5,STX,1,16,1511,1512
1259,315,63,0.619,0.6657,0.6604,0.2352,0.5238,0.6364,33,0.8889,9,,0,STX,1,17,1574,1575
1309,328,63,0.6032,0.6316,0.6807,0.246,0.6032,0.6857,35,,0,,0,STX,1,18,1637,1638
1360,340,63,0.4286,0.4183,0.7675,0.2828,0.4921,0.4528,53,0.44,50,,0,STX,1,19,1700,1701
1410,353,63,0.4444,0.441,0.7562,0.2769,0.4921,0.4615,52,,0,,0,STX,1,20,1763,1764
1460,366,63,0.4286,0.464,0.8159,0.3045,0.5714,0.5,24,,0,,0,STX,1,21,1826,1827
1511,378,63,0.619,0.6346,0.6775,0.2422,0.619,0.619,63,,0,,0,STX,1,22,1889,1890
1561,391,63,0.5079,0.4842,0.7017,0.2542,0.5556,0.5435,46,0.5714,7,,0,STX,1,23,1952,1953
1612,403,63,0.6032,0.4537,0.6826,0.2447,0.6032,0.6032,63,0.0,1,,0,STX,1,24,2015,2016
402,101,63,0.5397,0.5751,2.7406,0.3112,0.4921,0.5172,58,0.5263,57,0.5161,31,ASML,1,0,503,504
452,114,63,0.6349,0.6237,0.673,0.2398,0.6032,0.6923,39,0.6842,19,0.0,1,ASML,1,1,566,567
503,126,63,0.5238,0.5464,0.6971,0.2519,0.4921,0.5085,59,0.5179,56,,0,ASML,1,2,629,630
553,139,63,0.5873,0.5411,0.6786,0.2429,0.5873,0.5965,57,1.0,2,1.0,2,ASML,1,3,692,693
604,151,63,0.5238,0.4606,0.698,0.2524,0.5238,0.5238,63,0.4286,14,,0,ASML,1,4,755,756
654,164,63,0.5238,0.4778,0.6979,0.2523,0.5238,0.5238,63,0.5,22,0.0,1,ASML,1,5,818,819
704,177,63,0.5397,0.5279,1.3963,0.277,0.5397,0.5758,33,0.5667,30,0.5,12,ASML,1,6,881,882
755,189,63,0.4762,0.499,0.7129,0.2597,0.4603,0.4583,48,0.4524,42,0.45,20,ASML,1,7,944,945
805,202,63,0.4921,0.5211,0.7049,0.2555,0.4286,0.449,49,0.4,5,0.25,4,ASML,1,8,1007,1008
856,214,63,0.5397,0.5586,0.6811,0.2444,0.4762,1.0,1,,0,,0,ASML,1,9,1070,1071
906,227,63,0.5238,0.4604,0.7429,0.2695,0.4603,0.0,1,0.0,1,,0,ASML,1,10,1133,1134
956,240,63,0.4603,0.4828,0.7176,0.2621,0.5397,,0,,0,,0,ASML,1,11,1196,1197
1007,252,63,0.5397,0.5,0.6905,0.2487,0.4603,,0,,0,,0,ASML,1,12,1259,1260
1057,265,63,0.5556,0.5727,0.6858,0.2464,0.4762,0.5185,54,,0,,0,ASML,1,13,1322,1323
1108,277,63,0.4603,0.4447,0.6997,0.2532,0.5397,,0,,0,,0,ASML,1,14,1385,1386
1158,290,63,0.4127,0.4868,0.6933,0.2501,0.6032,0.5556,9,,0,,0,ASML,1,15,1448,1449
1208,303,63,0.5079,0.4293,0.9356,0.2621,0.5238,0.5161,62,,0,,0,ASML,1,16,1511,1512
1259,315,63,0.4762,0.44,0.6959,0.2529,0.5079,0.4912,57,0.4444,9,0.5,4,ASML,1,17,1574,1575
1309,328,63,0.5714,0.5606,0.6862,0.2466,0.5238,0.5938,32,0.6364,11,0.6,10,ASML,1,18,1637,1638
1360,340,63,0.5079,0.4965,1.1744,0.2724,0.4921,0.5,60,0.4348,23,0.5,6,ASML,1,19,1700,1701
1410,353,63,0.5079,0.5701,0.6936,0.2503,0.5079,0.5082,61,0.5385,39,,0,ASML,1,20,1763,1764
1460,366,63,0.5397,0.5801,0.6861,0.2464,0.5397,0.5397,63,0.6667,6,0.6667,6,ASML,1,21,1826,1827
1511,378,63,0.4921,0.5071,0.6791,0.2461,0.6349,0.6053,38,0.6053,38,1.0,3,ASML,1,22,1889,1890
1561,391,63,0.4921,0.5,0.7038,0.2551,0.5873,0.619,21,0.6667,12,1.0,2,ASML,1,23,1952,1953
1612,403,63,0.5397,0.5051,0.6888,0.2478,0.5238,0.5323,62,0.625,8,,0,ASML,1,24,2015,2016
402,101,63,0.5397,0.6329,0.6868,0.2466,0.5397,0.5397,63,0.6667,3,0.6667,3,CEG,1,0,503,504
452,114,63,0.5079,0.6179,0.6813,0.2441,0.5079,0.5079,63,0.6452,31,0.5455,11,CEG,1,1,566,567
503,126,63,0.3968,0.3327,0.8142,0.3039,0.5397,0.4565,46,0.3478,23,0.3636,22,CEG,1,2,629,630
553,139,63,0.5238,0.4478,0.6941,0.2505,0.5397,0.5323,62,,0,,0,CEG,1,3,692,693
604,151,63,0.6032,0.5279,0.6822,0.2445,0.6032,0.6032,63,,0,,0,CEG,1,4,755,756
654,164,63,0.4603,0.5,0.7027,0.2548,0.4603,0.4603,63,,0,,0,CEG,1,5,818,819
704,177,63,0.5873,0.4647,0.9249,0.2567,0.5873,0.5902,61,0.625,8,0.625,8,CEG,1,6,881,882
755,189,63,0.381,0.4647,0.9853,0.2863,0.3968,0.3871,62,0.3846,13,0.2727,11,CEG,1,7,944,945
402,101,63,0.5079,0.5166,0.8039,0.2934,0.4921,0.5,28,0.5,28,0.5,28,VST,1,0,503,504
452,114,63,0.5079,0.5046,0.971,0.2713,0.4603,0.4828,58,0.0,3,0.0,2,VST,1,1,566,567
503,126,63,0.4921,0.5308,0.712,0.2589,0.4762,0.475,40,,0,,0,VST,1,2,629,630
553,139,63,0.4127,0.4227,1.3068,0.3007,0.5238,0.4444,36,0.4444,36,0.6667,3,VST,1,3,692,693
604,151,63,0.5873,0.6126,0.6438,0.2315,0.4762,0.5667,30,0.5667,30,1.0,3,VST,1,4,755,756
654,164,63,0.4762,0.4838,0.7029,0.2547,0.5397,0.5294,17,0.5294,17,0.5,4,VST,1,5,818,819
704,177,63,0.6032,0.6227,0.6697,0.2384,0.5238,0.6176,34,0.7857,14,0.7857,14,VST,1,6,881,882
755,189,63,0.5556,0.598,0.6592,0.2373,0.4762,0.5227,44,0.5714,21,,0,VST,1,7,944,945
805,202,63,0.4762,0.4869,0.6918,0.2523,0.4762,0.4545,33,0.375,24,,0,VST,1,8,1007,1008
856,214,63,0.6032,0.644,0.6872,0.247,0.5397,0.6154,39,0.0,1,0.0,1,VST,1,9,1070,1071
906,227,63,0.4921,0.56,0.9237,0.2578,0.4921,0.4902,51,0.5517,29,0.7143,7,VST,1,10,1133,1134
956,240,63,0.4921,0.5298,0.6784,0.2457,0.4762,0.4792,48,1.0,2,1.0,2,VST,1,11,1196,1197
1007,252,63,0.5556,0.5826,0.9038,0.2479,0.4127,0.4773,44,0.6667,3,0.5,2,VST,1,12,1259,1260
1057,265,63,0.5238,0.5333,0.937,0.2626,0.5079,0.5208,48,1.0,2,1.0,2,VST,1,13,1322,1323
1108,277,63,0.4286,0.4506,0.7605,0.2802,0.5714,,0,,0,,0,VST,1,14,1385,1386
1158,290,63,0.3968,0.6074,0.917,0.2574,0.6032,,0,,0,,0,VST,1,15,1448,1449
1208,303,63,0.6032,0.4743,0.7222,0.2639,0.6984,0.6863,51,,0,,0,VST,1,16,1511,1512
1259,315,63,0.4921,0.505,1.1741,0.2738,0.5079,0.5,60,0.4915,59,,0,VST,1,17,1574,1575
1309,328,63,0.5714,0.5255,0.97,0.267,0.5873,0.5862,58,0.6038,53,,0,VST,1,18,1637,1638
1360,340,63,0.5397,0.5311,0.6875,0.2472,0.5556,0.5484,62,0.5484,62,0.75,4,VST,1,19,1700,1701
1410,353,63,0.5079,0.4894,0.7101,0.2573,0.5079,0.5079,63,0.4828,58,0.6,10,VST,1,20,1763,1764
1460,366,63,0.5714,0.5051,0.7054,0.2527,0.5714,0.5714,63,0.5714,63,0.6,10,VST,1,21,1826,1827
1511,378,63,0.4286,0.552,0.7407,0.2713,0.4286,0.4286,63,0.4286,63,0.0,1,VST,1,22,1889,1890
1561,391,63,0.5079,0.5936,0.7067,0.2571,0.4286,0.4565,46,0.4524,42,0.6154,13,VST,1,23,1952,1953
1612,403,63,0.4603,0.4948,0.7015,0.2542,0.5873,0.5789,19,,0,,0,VST,1,24,2015,2016
402,101,63,0.4286,0.4556,0.9505,0.2695,0.4444,0.4,40,0.4103,39,0.0,1,LIN,1,0,503,504
452,114,63,0.4286,0.5284,0.7329,0.2696,0.6032,0.6667,6,0.6667,6,0.75,4,LIN,1,1,566,567
503,126,63,0.5397,0.574,0.6714,0.2407,0.5397,0.541,61,0.6071,28,0.6296,27,LIN,1,2,629,630
553,139,63,0.4762,0.4854,0.7637,0.2715,0.5238,0.5,56,0.5385,26,0.5714,14,LIN,1,3,692,693
604,151,63,0.4921,0.5332,0.6848,0.246,0.5556,0.56,25,0.6842,19,0.7143,7,LIN,1,4,755,756
654,164,63,0.5714,0.45,0.6987,0.2524,0.5556,0.5645,62,0.4375,16,0.0,1,LIN,1,5,818,819
704,177,63,0.4286,0.4722,0.7186,0.2622,0.4286,0.4286,63,0.0,2,0.0,1,LIN,1,6,881,882
755,189,63,0.5556,0.4939,0.6854,0.2463,0.5238,0.541,61,,0,,0,LIN,1,7,944,945
805,202,63,0.5397,0.5383,0.6949,0.2507,0.4921,0.5192,52,,0,,0,LIN,1,8,1007,1008
856,214,63,0.6032,0.6359,0.669,0.2395,0.5397,0.5918,49,,0,,0,LIN,1,9,1070,1071
906,227,63,0.4127,0.4434,0.7133,0.26,0.5556,0.4667,30,0.4667,30,,0,LIN,1,10,1133,1134
956,240,63,0.4921,0.517,0.6976,0.2522,0.5714,0.5769,26,,0,,0,LIN,1,11,1196,1197
1007,252,63,0.5397,0.4964,0.6959,0.2513,0.5714,0.5593,59,0.5789,38,0.6667,3,LIN,1,12,1259,1260
1057,265,63,0.4603,0.5558,0.6832,0.248,0.4603,0.4603,63,0.463,54,1.0,2,LIN,1,13,1322,1323
1108,277,63,0.5556,0.5857,0.6666,0.2375,0.5556,0.5556,63,0.7143,14,0.7143,14,LIN,1,14,1385,1386
1158,290,63,0.4921,0.4345,0.7241,0.2647,0.5079,0.5,58,0.3333,18,0.4286,14,LIN,1,15,1448,1449
1208,303,63,0.4762,0.4773,0.7096,0.2581,0.4762,0.4762,63,0.4286,21,0.6,5,LIN,1,16,1511,1512
1259,315,63,0.5556,0.538,0.9029,0.2503,0.5397,0.5556,54,0.5455,33,0.75,4,LIN,1,17,1574,1575
1309,328,63,0.5079,0.5268,0.7,0.2533,0.5238,0.5385,26,0.5,20,0.5,20,LIN,1,18,1637,1638
1360,340,63,0.3968,0.486,0.9553,0.2718,0.4127,0.3696,46,0.4118,17,0.4118,17,LIN,1,19,1700,1701
1410,353,63,0.5079,0.4049,0.7199,0.2622,0.6349,0.6,45,0.6667,3,0.6667,3,LIN,1,20,1763,1764
402,101,63,0.4921,0.5751,4.1474,0.3656,0.4921,0.4921,63,0.5532,47,0.5532,47,MRVL,1,0,503,504
452,114,63,0.4603,0.5067,0.7164,0.2629,0.5714,0.75,4,,0,,0,MRVL,1,1,566,567
503,126,63,0.5397,0.4893,1.1654,0.2694,0.5556,0.55,60,,0,,0,MRVL,1,2,629,630
553,139,63,0.5556,0.4511,0.9434,0.2654,0.5714,0.569,58,0.5,32,0.5882,17,MRVL,1,3,692,693
604,151,63,0.4603,0.4858,0.9401,0.2657,0.4603,0.459,61,0.3333,3,0.3333,3,MRVL,1,4,755,756
654,164,63,0.5079,0.4127,0.7174,0.2614,0.5873,0.5517,58,0.3333,3,0.3333,3,MRVL,1,5,818,819
704,177,63,0.5556,0.4827,0.9017,0.2497,0.5556,0.5556,63,0.75,4,0.75,4,MRVL,1,6,881,882
755,189,63,0.4921,0.4985,0.696,0.2514,0.4921,0.4921,63,,0,,0,MRVL,1,7,944,945
805,202,63,0.4286,0.4573,0.7454,0.2742,0.4286,0.4286,63,0.3636,11,0.3636,11,MRVL,1,8,1007,1008
856,214,63,0.5079,0.4602,1.3966,0.2795,0.5079,0.5079,63,0.4348,23,0.4348,23,MRVL,1,9,1070,1071
906,227,63,0.5079,0.4835,0.7388,0.2718,0.4286,0.3889,18,0.3125,16,0.3125,16,MRVL,1,10,1133,1134
956,240,63,0.4921,0.5441,0.6996,0.2545,0.5397,0.5625,16,,0,,0,MRVL,1,11,1196,1197
1007,252,63,0.5714,0.5909,0.6882,0.2475,0.4762,1.0,3,,0,,0,MRVL,1,12,1259,1260
1057,265,63,0.3968,0.4974,1.1946,0.2839,0.5873,0.4,5,,0,,0,MRVL,1,13,1322,1323
1108,277,63,0.619,0.6278,0.7036,0.2541,0.4603,0.5556,45,0.5,6,0.5,6,MRVL,1,14,1385,1386
1158,290,63,0.5714,0.5899,0.6933,0.25,0.5238,0.6154,26,0.5,8,0.5,8,MRVL,1,15,1448,1449
1208,303,63,0.5079,0.553,0.6946,0.2507,0.5238,0.5556,18,0.5455,11,,0,MRVL,1,16,1511,1512
1259,315,63,0.5238,0.5578,1.1532,0.264,0.5397,0.6429,14,0.6429,14,,0,MRVL,1,17,1574,1575
1309,328,63,0.5556,0.5605,0.6773,0.2436,0.5079,0.5667,30,0.5667,30,0.6667,3,MRVL,1,18,1637,1638
1360,340,63,0.5238,0.6095,0.6784,0.2417,0.6032,0.8333,12,0.8333,12,,0,MRVL,1,19,1700,1701
1410,353,63,0.5397,0.5998,0.7047,0.256,0.4286,0.475,40,0.5278,36,0.5278,36,MRVL,1,20,1763,1764
1460,366,63,0.4286,0.5133,0.7256,0.2686,0.5556,0.4839,31,0.8,5,0.8,5,MRVL,1,21,1826,1827
1511,378,63,0.5397,0.5082,0.697,0.2518,0.5556,0.5556,54,0.55,20,0.5882,17,MRVL,1,22,1889,1890
1561,391,63,0.5714,0.5468,0.6971,0.2519,0.4286,0.5,30,0.4828,29,0.0,1,MRVL,1,23,1952,1953
1612,403,63,0.4603,0.43,0.7753,0.2865,0.6032,0.6429,14,0.6429,14,0.6,10,MRVL,1,24,2015,2016
402,101,63,0.619,0.6815,0.6617,0.2344,0.4603,0.5641,39,0.6061,33,0.6429,14,CLS,1,0,503,504
452,114,63,0.5079,0.4411,0.7984,0.2954,0.6032,0.5714,49,0.5,4,0.5,4,CLS,1,1,566,567
503,126,63,0.4921,0.506,1.4549,0.2966,0.4921,0.4878,41,0.5263,38,,0,CLS,1,2,629,630
553,139,63,0.4286,0.4864,0.7246,0.2634,0.5079,0.463,54,0.5667,30,0.5833,24,CLS,1,3,692,693
604,151,63,0.4921,0.435,0.9458,0.2683,0.5079,0.5,60,0.0,4,0.0,4,CLS,1,4,755,756
654,164,63,0.4762,0.4226,1.1947,0.2819,0.4127,0.3333,21,0.3846,13,,0,CLS,1,5,818,819
704,177,63,0.5397,0.525,0.696,0.2509,0.4444,0.0,1,0.0,1,0.0,1,CLS,1,6,881,882
755,189,63,0.4444,0.5025,0.7095,0.2579,0.5079,0.3333,9,,0,,0,CLS,1,7,944,945
805,202,63,0.619,0.5479,0.6709,0.2402,0.3968,1.0,1,1.0,1,1.0,1,CLS,1,8,1007,1008
856,214,63,0.4127,0.4153,0.7049,0.2558,0.4921,0.4167,36,,0,,0,CLS,1,9,1070,1071
906,227,63,0.5397,0.5113,0.6736,0.2432,0.4286,0.375,8,,0,,0,CLS,1,10,1133,1134
956,240,63,0.4444,0.5434,0.7264,0.2654,0.5556,,0,,0,,0,CLS,1,11,1196,1197
1007,252,63,0.5397,0.4702,0.7041,0.2556,0.4286,0.4,10,0.0,2,,0,CLS,1,12,1259,1260
1057,265,63,0.381,0.5045,0.7592,0.2807,0.6667,1.0,3,1.0,3,1.0,2,CLS,1,13,1322,1323
1108,277,63,0.5714,0.4867,0.6862,0.2478,0.5556,0.5667,60,0.0,1,0.0,1,CLS,1,14,1385,1386
1158,290,63,0.619,0.5385,0.6692,0.2382,0.5873,0.6066,61,,0,,0,CLS,1,15,1448,1449
1208,303,63,0.4921,0.5534,0.6979,0.2524,0.5079,0.5,62,0.5319,47,1.0,2,CLS,1,16,1511,1512
1259,315,63,0.5397,0.6418,0.6667,0.2396,0.5556,0.5484,62,0.65,40,1.0,2,CLS,1,17,1574,1575
1309,328,63,0.5079,0.4,0.7126,0.2594,0.6032,0.5636,55,0.5417,48,0.5556,27,CLS,1,18,1637,1638
1360,340,63,0.5397,0.4945,0.6941,0.2506,0.6508,0.6429,42,0.6429,42,0.68,25,CLS,1,19,1700,1701
1410,353,63,0.4921,0.4088,0.9506,0.2709,0.4921,0.4918,61,0.4,30,0.0,1,CLS,1,20,1763,1764
1460,366,63,0.619,0.4135,0.6855,0.2462,0.619,0.619,63,0.5686,51,,0,CLS,1,21,1826,1827
1511,378,63,0.6349,0.5174,0.6637,0.2354,0.6349,0.6349,63,0.6486,37,,0,CLS,1,22,1889,1890
1561,391,63,0.5397,0.7089,0.682,0.2446,0.5397,0.5397,63,0.5397,63,0.7368,19,CLS,1,23,1952,1953
1612,403,63,0.5556,0.5714,0.6851,0.246,0.5556,0.5556,63,0.5833,60,0.625,8,CLS,1,24,2015,2016
402,101,63,0.4762,0.5446,0.6975,0.2584,0.4603,0.4565,46,0.4565,46,0.4565,46,SYM,1,0,503,504
452,114,63,0.3968,0.5062,0.7144,0.2604,0.5714,0.0,2,0.0,2,,0,SYM,1,1,566,567
503,126,63,0.4762,0.4894,0.9243,0.2606,0.4603,0.46,50,,0,,0,SYM,1,2,629,630
553,139,63,0.6032,0.4974,0.7137,0.2575,0.5873,0.6111,54,0.25,4,0.25,4,SYM,1,3,692,693
604,151,63,0.5079,0.5005,3.9638,0.3747,0.5238,0.625,8,1.0,2,,0,SYM,1,4,755,756
654,164,63,0.5238,0.5737,0.6876,0.2473,0.5238,0.56,25,0.75,8,,0,SYM,1,5,818,819
704,177,63,0.5873,0.5756,0.6802,0.2435,0.4603,0.5556,27,0.6316,19,0.6316,19,SYM,1,6,881,882
402,101,63,0.5238,0.5179,0.6966,0.2517,0.4444,0.4643,28,,0,,0,MNDY,1,0,503,504
452,114,63,0.4762,0.4513,0.7119,0.2592,0.5397,0.5094,53,0.0,1,0.0,1,MNDY,1,1,566,567
503,126,63,0.5714,0.5674,0.9275,0.2579,0.5397,0.64,25,0.64,25,0.0,1,MNDY,1,2,629,630
553,139,63,0.6032,0.5817,0.921,0.2569,0.5079,0.5897,39,0.4286,7,0.4286,7,MNDY,1,3,692,693
604,151,63,0.4444,0.4454,0.9875,0.2869,0.5556,0.5,28,0.5185,27,0.5652,23,MNDY,1,4,755,756
654,164,63,0.5556,0.5248,0.7153,0.2597,0.5397,0.5682,44,0.5,2,0.5,2,MNDY,1,5,818,819
704,177,63,0.4444,0.4617,0.7085,0.257,0.4921,0.4565,46,0.6667,3,0.5,2,MNDY,1,6,881,882
755,189,63,0.5556,0.5172,0.6786,0.2443,0.5397,0.5484,62,,0,,0,MNDY,1,7,944,945
805,202,63,0.4921,0.5176,0.6967,0.2516,0.4921,0.4921,63,0.6667,3,0.6667,3,MNDY,1,8,1007,1008
856,214,63,0.6349,0.6237,1.1361,0.2573,0.4762,0.6061,33,0.6061,33,0.5385,13,MNDY,1,9,1070,1071
906,227,63,0.4921,0.5015,0.7084,0.2573,0.4603,0.4651,43,0.4,10,0.4444,9,MNDY,1,10,1133,1134
402,101,63,0.5238,0.5353,0.6916,0.2492,0.4921,0.5088,57,0.5,12,,0,FVRR,1,0,503,504
452,114,63,0.381,0.516,0.7637,0.2841,0.381,0.381,63,0.381,63,0.375,16,FVRR,1,1,566,567
503,126,63,0.5873,0.5735,0.6972,0.2495,0.4603,0.6364,11,0.0,1,0.0,1,FVRR,1,2,629,630
553,139,63,0.5873,0.4537,0.6894,0.2467,0.3968,0.4286,7,,0,,0,FVRR,1,3,692,693
604,151,63,0.5714,0.4605,0.6809,0.2438,0.3968,0.0,2,,0,,0,FVRR,1,4,755,756
654,164,63,0.5397,0.5,0.6932,0.25,0.4603,,0,,0,,0,FVRR,1,5,818,819
704,177,63,0.5397,0.4812,0.7123,0.2573,0.4603,,0,,0,,0,FVRR,1,6,881,882
755,189,63,0.5397,0.4959,0.69,0.2485,0.4603,,0,,0,,0,FVRR,1,7,944,945
805,202,63,0.5556,0.5021,0.7281,0.2664,0.381,0.4,20,0.4,20,0.3684,19,FVRR,1,8,1007,1008
856,214,63,0.4762,0.4717,0.7255,0.2657,0.5238,0.5,6,0.5,6,0.5,6,FVRR,1,9,1070,1071
906,227,63,0.4921,0.4727,0.694,0.2503,0.4286,0.3913,23,,0,,0,FVRR,1,10,1133,1134
956,240,63,0.4603,0.4327,0.7217,0.264,0.5556,1.0,1,,0,,0,FVRR,1,11,1196,1197
1007,252,63,0.5238,0.402,0.6967,0.2518,0.4762,0.5,2,,0,,0,FVRR,1,12,1259,1260
1057,265,63,0.4921,0.435,0.7073,0.2569,0.5079,,0,,0,,0,FVRR,1,13,1322,1323
1108,277,63,0.5397,0.5365,0.6816,0.2458,0.4603,,0,,0,,0,FVRR,1,14,1385,1386
1158,290,63,0.5556,0.5172,0.6864,0.2467,0.4603,1.0,1,1.0,1,,0,FVRR,1,15,1448,1449
1208,303,63,0.5397,0.5389,0.9225,0.2561,0.4762,0.5128,39,0.5,32,0.4444,9,FVRR,1,16,1511,1512
1259,315,63,0.5556,0.6444,1.1263,0.2555,0.4762,0.5185,54,0.5652,46,0.625,8,FVRR,1,17,1574,1575
1309,328,63,0.5079,0.5862,1.363,0.2677,0.4921,0.5,58,0.5349,43,0.5349,43,FVRR,1,18,1637,1638
402,101,63,0.5397,0.5444,1.8539,0.2917,0.4921,0.52,50,0.4894,47,0.6471,17,APD,1,0,503,504
452,114,63,0.4762,0.4467,0.7239,0.2629,0.6349,0.5854,41,0.6667,3,0.6667,3,APD,1,1,566,567
503,126,63,0.5238,0.5284,0.6989,0.2528,0.5397,0.5417,48,0.5429,35,0.6667,3,APD,1,2,629,630
553,139,63,0.5238,0.5374,0.6972,0.2524,0.5238,0.5306,49,0.5625,32,0.6,5,APD,1,3,692,693
604,151,63,0.5238,0.4638,1.3961,0.2787,0.5556,0.5455,55,0.5455,55,0.5,14,APD,1,4,755,756
654,164,63,0.4603,0.4597,0.6934,0.2502,0.5079,0.4615,26,0.75,4,0.75,4,APD,1,5,818,819
704,177,63,0.6032,0.536,0.8937,0.2457,0.5714,0.5932,59,0.5,2,0.5,2,APD,1,6,881,882
755,189,63,0.4921,0.4551,0.7206,0.2631,0.4921,0.4921,63,0.3636,11,0.3636,11,APD,1,7,944,945
805,202,63,0.5079,0.5393,0.6916,0.2493,0.4444,0.4694,49,,0,,0,APD,1,8,1007,1008
856,214,63,0.5714,0.6065,0.6701,0.2387,0.4603,0.5263,38,,0,,0,APD,1,9,1070,1071
906,227,63,0.4127,0.4239,0.7134,0.26,0.4286,0.4107,56,0.2727,11,,0,APD,1,10,1133,1134
956,240,63,0.4286,0.4449,0.7117,0.2592,0.5238,0.2857,7,,0,,0,APD,1,11,1196,1197
1007,252,63,0.6508,0.7181,0.6022,0.2099,0.5397,0.9286,14,0.9286,14,0.9286,14,APD,1,12,1259,1260
1057,265,63,0.4444,0.4919,0.7085,0.2575,0.5079,0.4681,47,,0,,0,APD,1,13,1322,1323
1108,277,63,0.5556,0.4264,0.7103,0.2581,0.5714,0.5714,56,0.0,3,0.0,3,APD,1,14,1385,1386
1158,290,63,0.4762,0.5383,0.6953,0.2511,0.4921,0.4839,62,0.0,1,0.0,1,APD,1,15,1448,1449
1208,303,63,0.6032,0.46,0.6752,0.2413,0.5873,0.5968,62,0.625,16,0.8333,6,APD,1,16,1511,1512
1259,315,63,0.4921,0.4919,0.6891,0.2481,0.5079,0.5,44,0.75,4,0.75,4,APD,1,17,1574,1575
1309,328,63,0.5714,0.5237,1.1569,0.2667,0.5238,0.56,50,0.4444,9,0.5,6,APD,1,18,1637,1638
1360,340,63,0.4762,0.4077,0.7073,0.257,0.5556,0.52,50,0.2,5,0.2,5,APD,1,19,1700,1701
1410,353,63,0.4444,0.5206,0.7016,0.2533,0.4286,0.431,58,1.0,1,1.0,1,APD,1,20,1763,1764
1460,366,63,0.5079,0.4839,0.6939,0.2504,0.5079,0.5079,63,,0,,0,APD,1,21,1826,1827
1511,378,63,0.5238,0.5676,0.9362,0.2624,0.4127,0.4565,46,0.5,2,0.0,1,APD,1,22,1889,1890
1561,391,63,0.5079,0.5056,0.6927,0.2499,0.5556,0.5435,46,1.0,1,1.0,1,APD,1,23,1952,1953
1612,403,63,0.4762,0.5242,0.6693,0.24,0.5238,0.5,18,0.8333,6,0.8333,6,APD,1,24,2015,2016
402,101,63,0.4921,0.473,0.7136,0.26,0.5873,0.5714,35,0.5588,34,0.5517,29,EME,1,0,503,504
452,114,63,0.6032,0.5869,1.1032,0.246,0.5714,0.6078,51,0.7778,9,0.7778,9,EME,1,1,566,567
503,126,63,0.5238,0.5293,0.6898,0.2485,0.5238,0.5238,63,0.5238,63,0.8,5,EME,1,2,629,630
553,139,63,0.5556,0.5704,0.6864,0.2467,0.5556,0.5556,63,0.6667,3,0.6667,3,EME,1,3,692,693
604,151,63,0.4603,0.5042,1.5107,0.3121,0.5873,0.6154,13,,0,,0,EME,1,4,755,756
654,164,63,0.5238,0.5131,0.6929,0.2496,0.5238,0.5238,63,0.6667,3,0.6667,3,EME,1,5,818,819
704,177,63,0.619,0.6734,0.6429,0.2264,0.4921,0.5686,51,0.56,50,,0,EME,1,6,881,882
755,189,63,0.5079,0.5475,0.726,0.2657,0.4762,0.4902,51,0.4902,51,0.5111,45,EME,1,7,944,945
805,202,63,0.4762,0.5758,0.7096,0.2581,0.4762,0.4762,63,0.5172,58,0.5088,57,EME,1,8,1007,1008
856,214,63,0.4603,0.4817,0.7264,0.2658,0.4603,0.3333,15,0.3333,15,0.3636,11,EME,1,9,1070,1071
906,227,63,0.4762,0.4622,0.6984,0.2528,0.5556,1.0,2,1.0,2,1.0,2,EME,1,10,1133,1134
956,240,63,0.6032,0.6222,0.673,0.2405,0.5397,0.6286,35,0.6,5,0.6,5,EME,1,11,1196,1197
1007,252,63,0.3968,0.4551,0.7387,0.2714,0.4921,0.4103,39,,0,,0,EME,1,12,1259,1260
1057,265,63,0.4921,0.4745,0.7076,0.257,0.5556,0.5517,29,,0,,0,EME,1,13,1322,1323
1108,277,63,0.5397,0.5242,0.9094,0.2521,0.5238,0.5333,60,,0,,0,EME,1,14,1385,1386
1158,290,63,0.619,0.5272,0.6872,0.247,0.6667,0.6552,58,0.5,2,0.5,2,EME,1,15,1448,1449
1208,303,63,0.6667,0.4756,0.6746,0.2408,0.6667,0.6667,63,0.6216,37,,0,EME,1,16,1511,1512
1259,315,63,0.5397,0.5112,0.9656,0.2669,0.5556,0.5484,62,0.5484,62,0.6,10,EME,1,17,1574,1575
1309,328,63,0.619,0.5958,0.6535,0.2318,0.6032,0.6129,62,0.6667,51,0.6667,3,EME,1,18,1637,1638
1360,340,63,0.5714,0.5021,1.3825,0.2706,0.5714,0.5763,59,0.5818,55,0.5818,55,EME,1,19,1700,1701
1410,353,63,0.5397,0.427,0.7015,0.2539,0.5397,0.5397,63,0.5397,63,0.1667,6,EME,1,20,1763,1764
1460,366,63,0.6032,0.5379,0.6696,0.2384,0.6032,0.6032,63,0.6032,63,0.62,50,EME,1,21,1826,1827
1511,378,63,0.5397,0.5527,0.6937,0.2503,0.5397,0.5397,63,0.5397,63,,0,EME,1,22,1889,1890
1561,391,63,0.5873,0.5509,0.6751,0.2411,0.5873,0.5873,63,0.6333,30,1.0,1,EME,1,23,1952,1953
1612,403,63,0.619,0.508,0.6731,0.24,0.619,0.619,63,0.7,10,0.7,10,EME,1,24,2015,2016
402,101,63,0.3968,0.346,2.1613,0.3301,0.5238,0.449,49,1.0,1,,0,KLAC,1,0,503,504
452,114,63,0.6032,0.5284,0.6752,0.2411,0.6032,0.6032,63,0.6842,19,,0,KLAC,1,1,566,567
503,126,63,0.4921,0.4405,0.717,0.2616,0.4921,0.4921,63,0.375,16,0.375,16,KLAC,1,2,629,630
553,139,63,0.6032,0.6279,0.8758,0.2356,0.5873,0.6,60,0.7241,29,0.7241,29,KLAC,1,3,692,693
604,151,63,0.5238,0.4328,0.7072,0.2567,0.5238,0.5273,55,0.4902,51,,0,KLAC,1,4,755,756
654,164,63,0.5397,0.4402,0.7009,0.2538,0.5397,0.5397,63,0.4545,22,0.4545,22,KLAC,1,5,818,819
704,177,63,0.4921,0.4073,0.7023,0.2546,0.4921,0.4921,63,0.4,10,,0,KLAC,1,6,881,882
755,189,63,0.5079,0.5426,0.6968,0.2518,0.5397,0.5254,59,,0,,0,KLAC,1,7,944,945
805,202,63,0.4286,0.4888,2.1184,0.3152,0.4444,0.4259,54,0.4615,26,0.4,20,KLAC,1,8,1007,1008
856,214,63,0.4444,0.4244,0.7305,0.2681,0.5079,0.4118,17,0.4118,17,0.4118,17,KLAC,1,9,1070,1071
906,227,63,0.3968,0.3796,0.7168,0.2618,0.4444,0.3438,32,0.0,3,0.0,2,KLAC,1,10,1133,1134
956,240,63,0.5238,0.5434,0.6959,0.2514,0.5238,0.8,5,,0,,0,KLAC,1,11,1196,1197
1007,252,63,0.5714,0.4457,0.6787,0.2428,0.3492,0.1429,7,,0,,0,KLAC,1,12,1259,1260
1057,265,63,0.4603,0.5235,0.71,0.2588,0.5556,0.5714,7,,0,,0,KLAC,1,13,1322,1323
1108,277,63,0.4444,0.5772,0.6981,0.2525,0.5714,0.6667,3,,0,,0,KLAC,1,14,1385,1386
1158,290,63,0.5238,0.4802,0.7085,0.2575,0.5397,0.7,10,0.7,10,,0,KLAC,1,15,1448,1449
1208,303,63,0.4127,0.4691,0.715,0.2607,0.5714,0.4444,9,0.5,8,0.4286,7,KLAC,1,16,1511,1512
1259,315,63,0.6032,0.5745,0.6827,0.2449,0.5556,0.6316,38,0.5385,13,1.0,2,KLAC,1,17,1574,1575
1309,328,63,0.5714,0.5887,0.6659,0.2395,0.5397,0.5574,61,0.5833,36,0.5833,36,KLAC,1,18,1637,1638
1360,340,63,0.6032,0.5364,0.6743,0.2406,0.5873,0.5968,62,0.625,24,0.6087,23,KLAC,1,19,1700,1701
1410,353,63,0.5079,0.563,0.6975,0.2521,0.5079,0.5079,63,0.5556,36,0.6,20,KLAC,1,20,1763,1764
1460,366,63,0.5397,0.4272,0.7665,0.2813,0.6349,0.5965,57,0.6,20,0.6,20,KLAC,1,21,1826,1827
1511,378,63,0.6032,0.5316,0.6702,0.24,0.6032,0.6032,63,0.625,24,0.625,24,KLAC,1,22,1889,1890
1561,391,63,0.4921,0.4293,0.9466,0.2685,0.5873,0.5439,57,0.5439,57,0.6,25,KLAC,1,23,1952,1953
1612,403,63,0.6032,0.5389,1.1395,0.2577,0.6032,0.6102,59,0.6364,22,0.6364,22,KLAC,1,24,2015,2016
402,101,63,0.5714,0.5978,0.6615,0.2381,0.4921,0.5588,34,0.5758,33,0.5758,33,TXN,1,0,503,504
452,114,63,0.5714,0.527,0.6883,0.2473,0.5873,0.5806,62,1.0,3,1.0,3,TXN,1,1,566,567
503,126,63,0.619,0.6239,0.6694,0.2384,0.619,0.7143,35,0.7692,13,0.7692,13,TXN,1,2,629,630
553,139,63,0.5873,0.6607,0.8844,0.2378,0.5556,0.5789,57,0.6512,43,0.7727,22,TXN,1,3,692,693
604,151,63,0.5397,0.6028,0.7079,0.2569,0.4921,0.5179,56,0.5179,56,0.54,50,TXN,1,4,755,756
654,164,63,0.4921,0.4511,0.7112,0.2589,0.5714,0.5417,48,0.5417,24,0.5,12,TXN,1,5,818,819
704,177,63,0.4762,0.498,0.7217,0.2638,0.4921,0.4833,60,0.4915,59,0.5385,13,TXN,1,6,881,882
755,189,63,0.5556,0.5766,0.701,0.2511,0.4921,0.5263,57,0.5455,22,1.0,1,TXN,1,7,944,945
805,202,63,0.5238,0.5288,1.8753,0.2987,0.5714,0.875,8,0.8571,7,,0,TXN,1,8,1007,1008
856,214,63,0.6032,0.5833,0.9221,0.2568,0.4762,0.5714,35,0.5385,13,1.0,1,TXN,1,9,1070,1071
906,227,63,0.4921,0.501,0.9278,0.2597,0.4762,0.4643,28,0.5,2,0.5,2,TXN,1,10,1133,1134
956,240,63,0.4921,0.501,0.7116,0.2587,0.4603,0.4634,41,0.5,26,0.2857,7,TXN,1,11,1196,1197
1007,252,63,0.5556,0.5626,0.6877,0.2473,0.4762,0.5278,36,0.5185,27,,0,TXN,1,12,1259,1260
1057,265,63,0.5873,0.5899,0.6827,0.2448,0.5238,0.5814,43,0.6667,6,,0,TXN,1,13,1322,1323
1108,277,63,0.5556,0.6237,0.675,0.241,0.4603,0.5098,51,0.6667,6,0.6667,6,TXN,1,14,1385,1386
1158,290,63,0.5556,0.5005,0.7111,0.2586,0.4762,0.625,8,0.5,4,,0,TXN,1,15,1448,1449
1208,303,63,0.5079,0.5704,0.6967,0.2516,0.5556,0.6667,12,0.6667,12,,0,TXN,1,16,1511,1512
1259,315,63,0.4127,0.5321,1.8772,0.3072,0.5556,0.25,4,0.25,4,,0,TXN,1,17,1574,1575
1309,328,63,0.6349,0.6886,0.6513,0.2309,0.5397,0.617,47,1.0,1,1.0,1,TXN,1,18,1637,1638
1360,340,63,0.4921,0.5208,0.6875,0.2474,0.4603,0.4754,61,,0,,0,TXN,1,19,1700,1701
1410,353,63,0.4762,0.6449,0.6785,0.2438,0.4762,0.4762,63,0.8,5,0.8,5,TXN,1,20,1763,1764
1460,366,63,0.4762,0.5622,0.6974,0.2521,0.5714,0.6667,9,0.6667,9,,0,TXN,1,21,1826,1827
1511,378,63,0.5079,0.5076,0.7007,0.2537,0.5079,0.5079,63,0.5,26,0.5556,9,TXN,1,22,1889,1890
1561,391,63,0.5079,0.5252,0.6963,0.2516,0.4921,0.5,18,0.4167,12,0.6667,3,TXN,1,23,1952,1953
1612,403,63,0.5714,0.5308,0.9226,0.2571,0.5238,0.75,12,0.75,12,,0,TXN,1,24,2015,2016
402,101,63,0.4603,0.537,0.6957,0.2513,0.4603,0.4603,63,0.75,4,0.75,4,MCHP,1,0,503,504
452,114,63,0.381,0.3924,0.7435,0.2748,0.5238,0.3125,16,0.5,8,0.5,8,MCHP,1,1,566,567
503,126,63,0.5714,0.5781,0.6541,0.2327,0.5079,1.0,5,1.0,5,1.0,5,MCHP,1,2,629,630
553,139,63,0.4444,0.5364,0.7055,0.256,0.5873,0.5833,12,0.5833,12,0.5833,12,MCHP,1,3,692,693
604,151,63,0.5873,0.628,0.6649,0.2363,0.4921,0.5532,47,0.625,8,,0,MCHP,1,4,755,756
654,164,63,0.5556,0.5071,0.6849,0.2469,0.5397,0.55,60,0.5789,19,,0,MCHP,1,5,818,819
704,177,63,0.5556,0.5231,0.694,0.2502,0.5714,0.569,58,0.587,46,0.5897,39,MCHP,1,6,881,882
755,189,63,0.4603,0.4526,0.7646,0.2835,0.5079,0.48,50,0.4773,44,0.4773,44,MCHP,1,7,944,945
805,202,63,0.5079,0.4965,0.7056,0.2561,0.4603,0.4773,44,0.4286,21,,0,MCHP,1,8,1007,1008
856,214,63,0.619,0.6317,1.0893,0.2409,0.5714,0.6364,44,0.8182,11,0.8182,11,MCHP,1,9,1070,1071
906,227,63,0.4603,0.4495,1.9172,0.3127,0.4762,0.46,50,0.4167,12,0.4167,12,MCHP,1,10,1133,1134
956,240,63,0.5238,0.4914,0.6942,0.2505,0.4603,0.4,5,0.5,4,0.5,4,MCHP,1,11,1196,1197
1007,252,63,0.4762,0.494,0.7071,0.2569,0.4921,0.375,8,0.0,3,0.0,3,MCHP,1,12,1259,1260
1057,265,63,0.4762,0.4798,0.7098,0.2582,0.5079,0.4706,17,0.4706,17,,0,MCHP,1,13,1322,1323
1108,277,63,0.4286,0.5,0.6942,0.2505,0.4286,0.4286,63,,0,,0,MCHP,1,14,1385,1386
1158,290,63,0.4286,0.5316,0.7022,0.2545,0.5556,0.3333,3,,0,,0,MCHP,1,15,1448,1449
1208,303,63,0.619,0.6357,0.6784,0.2426,0.5556,0.7391,23,,0,,0,MCHP,1,16,1511,1512
1259,315,63,0.5397,0.5641,0.6915,0.2492,0.4762,0.5714,7,0.5,6,,0,MCHP,1,17,1574,1575
1309,328,63,0.5873,0.7561,0.6455,0.2279,0.5556,0.9091,11,0.875,8,1.0,1,MCHP,1,18,1637,1638
1360,340,63,0.4603,0.5275,1.9293,0.3203,0.4127,0.4333,60,0.46,50,0.46,50,MCHP,1,19,1700,1701
1410,353,63,0.5238,0.4466,0.6999,0.2533,0.4921,0.5082,61,0.4545,44,,0,MCHP,1,20,1763,1764
1460,366,63,0.6032,0.5531,0.6864,0.2463,0.5556,0.5926,54,,0,,0,MCHP,1,21,1826,1827
1511,378,63,0.4762,0.5214,0.7193,0.2629,0.4444,0.4561,57,0.4561,57,,0,MCHP,1,22,1889,1890
1561,391,63,0.4921,0.5,0.6934,0.2501,0.4921,0.4921,63,,0,,0,MCHP,1,23,1952,1953
1612,403,63,0.5556,0.5082,0.6909,0.2489,0.5556,0.5593,59,,0,,0,MCHP,1,24,2015,2016
402,101,63,0.4603,0.5837,1.6929,0.3202,0.4444,0.4516,62,0.4516,62,0.4516,62,NXPI,1,0,503,504
452,114,63,0.6032,0.6154,1.1869,0.278,0.5873,0.6765,34,,0,,0,NXPI,1,1,566,567
503,126,63,0.6349,0.5893,0.6578,0.233,0.5556,0.6111,54,0.7,10,0.7,10,NXPI,1,2,629,630
553,139,63,0.6667,0.6463,1.1508,0.2564,0.6032,0.6667,51,0.6939,49,0.7143,21,NXPI,1,3,692,693
604,151,63,0.5556,0.5664,0.7182,0.2594,0.4603,0.5091,55,0.5,20,0.2,5,NXPI,1,4,755,756
654,164,63,0.3968,0.3821,0.7296,0.2673,0.5556,0.4595,37,0.4583,24,0.3846,13,NXPI,1,5,818,819
704,177,63,0.4444,0.4,0.9525,0.2704,0.6032,0.5517,29,0.5517,29,0.0,3,NXPI,1,6,881,882
755,189,63,0.6032,0.5833,0.6608,0.2345,0.5238,0.569,58,,0,,0,NXPI,1,7,944,945
805,202,63,0.4444,0.4878,0.7314,0.267,0.4444,0.4386,57,0.4375,48,,0,NXPI,1,8,1007,1008
856,214,63,0.5873,0.6144,0.6746,0.2408,0.5079,0.56,50,0.6667,15,,0,NXPI,1,9,1070,1071
906,227,63,0.4286,0.4619,0.7087,0.2577,0.4286,0.3846,39,0.5,6,,0,NXPI,1,10,1133,1134
956,240,63,0.4762,0.4784,0.7042,0.2555,0.5714,0.8,5,1.0,1,,0,NXPI,1,11,1196,1197
1007,252,63,0.5079,0.5,0.6941,0.2505,0.4921,,0,,0,,0,NXPI,1,12,1259,1260
1057,265,63,0.4444,0.5079,0.7023,0.2546,0.6032,0.7143,7,0.6667,6,0.6667,6,NXPI,1,13,1322,1323
1108,277,63,0.4603,0.5,0.698,0.2524,0.4603,0.4603,63,,0,,0,NXPI,1,14,1385,1386
1158,290,63,0.5238,0.4357,0.6953,0.2511,0.5556,0.541,61,,0,,0,NXPI,1,15,1448,1449
1208,303,63,0.5714,0.4897,0.6741,0.2416,0.5714,0.5714,63,0.5714,7,1.0,3,NXPI,1,16,1511,1512
1259,315,63,0.5873,0.5418,0.6705,0.2403,0.5556,0.5738,61,0.6667,6,,0,NXPI,1,17,1574,1575
1309,328,63,0.5714,0.6157,0.6791,0.243,0.5714,0.5714,63,,0,,0,NXPI,1,18,1637,1638
1360,340,63,0.4444,0.5025,0.7151,0.2608,0.4603,0.4516,62,0.4737,38,0.4,5,NXPI,1,19,1700,1701
1410,353,63,0.4921,0.4808,0.7238,0.2641,0.5079,0.5,30,0.5,30,0.75,4,NXPI,1,20,1763,1764
1460,366,63,0.4286,0.4825,0.7164,0.2613,0.4286,0.4286,63,0.3684,19,0.6,5,NXPI,1,21,1826,1827
1511,378,63,0.5397,0.5025,0.6909,0.2489,0.5397,0.5424,59,0.5,2,0.5,2,NXPI,1,22,1889,1890
1561,391,63,0.4603,0.5426,0.6853,0.2476,0.4603,0.4603,63,0.5455,11,1.0,1,NXPI,1,23,1952,1953
1612,403,63,0.4444,0.5051,0.7056,0.256,0.5397,0.4444,9,0.2,5,0.2,5,NXPI,1,24,2015,2016
402,101,63,0.5714,0.5036,0.7129,0.2551,0.5714,0.5714,63,0.6,5,0.6,5,DELL,1,0,503,504
452,114,63,0.4921,0.497,0.8223,0.303,0.4603,0.4571,35,0.4571,35,0.4571,35,DELL,1,1,566,567
503,126,63,0.5079,0.4782,0.7217,0.2625,0.5397,0.5246,61,0.5,30,0.625,16,DELL,1,2,629,630
553,139,63,0.4603,0.5316,0.7399,0.2635,0.4444,0.4516,62,0.5,16,0.4,5,DELL,1,3,692,693
604,151,63,0.4286,0.4202,0.7533,0.2795,0.4762,0.375,24,0.375,24,0.375,24,DELL,1,4,755,756
654,164,63,0.5714,0.6177,0.6973,0.2486,0.5238,0.6,30,0.5,4,0.0,2,DELL,1,5,818,819
704,177,63,0.4286,0.4032,0.752,0.277,0.5079,0.45,40,,0,,0,DELL,1,6,881,882
755,189,63,0.5397,0.5364,0.9377,0.263,0.4762,0.5333,15,0.6667,12,,0,DELL,1,7,944,945
805,202,63,0.4762,0.4838,0.7162,0.2613,0.4603,0.4615,52,0.4483,29,0.4286,28,DELL,1,8,1007,1008
856,214,63,0.3968,0.4761,0.7385,0.2723,0.5873,0.4444,9,0.4444,9,0.4444,9,DELL,1,9,1070,1071
906,227,63,0.5714,0.5216,0.9178,0.2546,0.4286,,0,,0,,0,DELL,1,10,1133,1134
956,240,63,0.4127,0.5764,0.7046,0.2558,0.5873,,0,,0,,0,DELL,1,11,1196,1197
1007,252,63,0.3968,0.4386,0.7645,0.284,0.5397,0.4474,38,,0,,0,DELL,1,12,1259,1260
1057,265,63,0.5556,0.6545,0.6575,0.2327,0.5238,0.541,61,0.7778,18,0.7143,14,DELL,1,13,1322,1323
1108,277,63,0.5873,0.5622,0.6816,0.2445,0.5714,0.5893,56,1.0,1,1.0,1,DELL,1,14,1385,1386
1158,290,63,0.4921,0.5133,2.5769,0.3281,0.4444,0.4655,58,0.4412,34,0.4412,34,DELL,1,15,1448,1449
1208,303,63,0.5238,0.5268,0.7053,0.2559,0.5238,0.5238,63,0.5088,57,0.5283,53,DELL,1,16,1511,1512
1259,315,63,0.6032,0.6318,0.6639,0.236,0.5397,0.7368,19,0.7222,18,0.7222,18,DELL,1,17,1574,1575
1309,328,63,0.5556,0.5626,0.6905,0.2484,0.5238,0.549,51,0.5833,12,0.5833,12,DELL,1,18,1637,1638
1360,340,63,0.4603,0.4434,0.9828,0.281,0.4444,0.3846,26,0.3846,26,0.3684,19,DELL,1,19,1700,1701
1410,353,63,0.4603,0.4402,0.7879,0.2886,0.5873,0.5294,51,,0,,0,DELL,1,20,1763,1764
402,101,63,0.3968,0.3961,0.7258,0.2658,0.4286,0.4,55,0.3333,3,0.3333,3,GLW,1,0,503,504
452,114,63,0.4127,0.512,0.7226,0.2646,0.5873,,0,,0,,0,GLW,1,1,566,567
503,126,63,0.4444,0.4358,1.6846,0.3099,0.6032,0.5484,31,,0,,0,GLW,1,2,629,630
553,139,63,0.5397,0.5988,0.6948,0.2508,0.4921,0.5217,46,0.5217,46,0.7143,14,GLW,1,3,692,693
604,151,63,0.5397,0.5499,0.7004,0.2535,0.5873,0.587,46,0.587,46,,0,GLW,1,4,755,756
654,164,63,0.4921,0.4758,0.9958,0.2848,0.4921,0.4921,63,0.4706,34,0.4545,11,GLW,1,5,818,819
704,177,63,0.6667,0.6646,0.6749,0.241,0.5238,0.6111,54,0.75,4,0.6667,3,GLW,1,6,881,882
755,189,63,0.5556,0.56,0.7027,0.2532,0.5079,0.5345,58,0.5789,19,0.5789,19,GLW,1,7,944,945
805,202,63,0.5079,0.5238,0.7055,0.2555,0.4603,0.4737,38,0.5,8,0.5,8,GLW,1,8,1007,1008
856,214,63,0.6032,0.6434,0.9069,0.2494,0.5238,0.8333,12,1.0,1,1.0,1,GLW,1,9,1070,1071
906,227,63,0.4921,0.4771,0.9935,0.2889,0.4127,0.4,30,0.3478,23,0.375,16,GLW,1,10,1133,1134
956,240,63,0.5238,0.501,0.7385,0.2652,0.5238,0.5517,29,0.5517,29,,0,GLW,1,11,1196,1197
1007,252,63,0.5714,0.5669,0.7069,0.2563,0.4286,0.5,30,0.5,20,0.5,20,GLW,1,12,1259,1260
1057,265,63,0.4762,0.5163,0.7202,0.2632,0.6032,0.6667,15,0.6667,15,0.375,8,GLW,1,13,1322,1323
1108,277,63,0.5397,0.5299,0.7,0.2528,0.3492,0.3939,33,0.0,3,0.0,3,GLW,1,14,1385,1386
1158,290,63,0.3492,0.5554,0.9834,0.2857,0.6349,0.3333,3,0.3333,3,0.3333,3,GLW,1,15,1448,1449
1208,303,63,0.5079,0.5299,0.6859,0.2465,0.4603,0.4,10,0.4,10,,0,GLW,1,16,1511,1512
1259,315,63,0.4444,0.4843,0.7055,0.2562,0.5397,0.0,1,,0,,0,GLW,1,17,1574,1575
1309,328,63,0.5238,0.4096,0.735,0.2703,0.6508,0.6122,49,,0,,0,GLW,1,18,1637,1638
1360,340,63,0.5556,0.5167,0.9098,0.2523,0.5397,0.55,60,,0,,0,GLW,1,19,1700,1701
1410,353,63,0.4762,0.4864,0.6994,0.2531,0.4762,0.4762,63,0.3333,3,,0,GLW,1,20,1763,1764
1460,366,63,0.5714,0.5787,0.679,0.2429,0.5714,0.5714,63,,0,,0,GLW,1,21,1826,1827
1511,378,63,0.6508,0.5122,0.6682,0.2376,0.6508,0.6508,63,1.0,1,,0,GLW,1,22,1889,1890
1561,391,63,0.5873,0.5904,0.6751,0.2411,0.5873,0.5902,61,0.5902,61,0.6122,49,GLW,1,23,1952,1953
1612,403,63,0.5873,0.4938,1.2024,0.2774,0.5873,0.5873,63,0.6,60,0.4286,7,GLW,1,24,2015,2016
402,101,63,0.5397,0.5929,4.557,0.4203,0.4444,0.4909,55,0.48,50,0.4694,49,FLEX,1,0,503,504
452,114,63,0.5079,0.5131,0.6933,0.2501,0.5238,0.5357,28,,0,,0,FLEX,1,1,566,567
503,126,63,0.5873,0.5786,1.8064,0.2733,0.4444,0.5455,22,,0,,0,FLEX,1,2,629,630
553,139,63,0.4921,0.5782,0.81,0.2868,0.5714,0.6,20,0.6,20,,0,FLEX,1,3,692,693
604,151,63,0.5873,0.5798,0.6883,0.2475,0.4762,0.5909,22,,0,,0,FLEX,1,4,755,756
654,164,63,0.4603,0.5171,0.6544,0.2382,0.5079,0.4792,48,0.8,10,1.0,5,FLEX,1,5,818,819
704,177,63,0.3333,0.3362,0.96,0.2743,0.5079,0.25,20,0.2632,19,0.0,1,FLEX,1,6,881,882
755,189,63,0.4444,0.3965,0.9524,0.2705,0.4762,0.4138,29,0.3333,24,0.0,1,FLEX,1,7,944,945
805,202,63,0.5238,0.5,0.6922,0.2495,0.4762,,0,,0,,0,FLEX,1,8,1007,1008
856,214,63,0.5556,0.5189,0.7269,0.265,0.3968,0.3636,11,0.25,8,0.25,8,FLEX,1,9,1070,1071
906,227,63,0.5079,0.5393,0.6963,0.2516,0.4921,0.5,14,0.5,2,,0,FLEX,1,10,1133,1134
956,240,63,0.4762,0.447,2.8191,0.3386,0.5238,,0,,0,,0,FLEX,1,11,1196,1197
1007,252,63,0.5079,0.5625,0.6893,0.2482,0.4921,,0,,0,,0,FLEX,1,12,1259,1260
1057,265,63,0.4603,0.5066,0.7391,0.2717,0.5556,0.5556,9,,0,,0,FLEX,1,13,1322,1323
1108,277,63,0.619,0.5931,0.6818,0.2443,0.4286,0.5789,19,,0,,0,FLEX,1,14,1385,1386
1158,290,63,0.4127,0.4107,0.7151,0.2609,0.5556,0.4667,30,0.6667,6,0.6,5,FLEX,1,15,1448,1449
1208,303,63,0.5079,0.5131,0.6956,0.2512,0.5079,0.6,5,0.6,5,,0,FLEX,1,16,1511,1512
1259,315,63,0.4127,0.4304,0.7247,0.2656,0.5079,0.4138,29,0.4138,29,0.5,14,FLEX,1,17,1574,1575
1309,328,63,0.4921,0.4849,0.7051,0.2558,0.5079,0.5,24,0.5,16,0.5,16,FLEX,1,18,1637,1638
1360,340,63,0.4762,0.5938,0.6827,0.2463,0.5397,0.6667,3,,0,,0,FLEX,1,19,1700,1701
1410,353,63,0.5873,0.5776,2.307,0.3023,0.5079,0.5682,44,0.5714,42,0.5,14,FLEX,1,20,1763,1764
1460,366,63,0.5714,0.5077,1.169,0.2697,0.5714,0.6,45,0.5556,27,,0,FLEX,1,21,1826,1827
1511,378,63,0.5397,0.5142,0.6943,0.2505,0.6032,0.6,45,0.6154,39,,0,FLEX,1,22,1889,1890
1561,391,63,0.6032,0.6421,0.6535,0.232,0.4921,0.5556,54,0.5833,36,0.6667,3,FLEX,1,23,1952,1953
1612,403,63,0.5873,0.4326,0.7543,0.2762,0.6825,0.6604,53,0.6667,9,0.0,1,FLEX,1,24,2015,2016
402,101,63,0.4603,0.5859,1.2068,0.2869,0.4762,0.4655,58,0.4872,39,0.4872,39,JBL,1,0,503,504
452,114,63,0.3968,0.4289,0.9435,0.267,0.6032,0.5,22,0.5,22,0.8,5,JBL,1,1,566,567
503,126,63,0.5556,0.501,0.6929,0.251,0.5397,0.5484,62,0.5,8,0.4286,7,JBL,1,2,629,630
553,139,63,0.5714,0.3909,0.691,0.2488,0.5714,0.5714,63,0.5738,61,0.2,5,JBL,1,3,692,693
604,151,63,0.5238,0.4789,0.9454,0.2664,0.5714,0.55,60,0.5714,56,0.0,1,JBL,1,4,755,756
654,164,63,0.6032,0.4216,0.689,0.2479,0.6032,0.6032,63,0.5577,52,,0,JBL,1,5,818,819
704,177,63,0.5079,0.5328,0.7036,0.2551,0.5079,0.5079,63,0.5254,59,,0,JBL,1,6,881,882
755,189,63,0.5238,0.4859,0.6956,0.2513,0.5079,0.5161,62,0.5082,61,,0,JBL,1,7,944,945
805,202,63,0.5238,0.5465,0.688,0.2475,0.4762,0.5,36,1.0,1,,0,JBL,1,8,1007,1008
856,214,63,0.5556,0.5217,1.1553,0.265,0.4762,1.0,2,1.0,2,,0,JBL,1,9,1070,1071
906,227,63,0.4127,0.3829,0.7252,0.2655,0.4603,0.3571,28,,0,,0,JBL,1,10,1133,1134
956,240,63,0.4762,0.4032,0.7421,0.2655,0.5079,0.4,5,,0,,0,JBL,1,11,1196,1197
1007,252,63,0.5079,0.5304,1.644,0.292,0.5397,1.0,3,,0,,0,JBL,1,12,1259,1260
1057,265,63,0.5079,0.4943,0.7113,0.2591,0.6667,0.6897,29,,0,,0,JBL,1,13,1322,1323
1108,277,63,0.5556,0.5143,0.6877,0.2473,0.5556,0.5556,63,,0,,0,JBL,1,14,1385,1386
1158,290,63,0.5556,0.5,0.6873,0.2471,0.5556,0.5556,63,,0,,0,JBL,1,15,1448,1449
1208,303,63,0.5238,0.4929,0.7106,0.2582,0.5079,0.5161,62,0.5161,62,0.4667,15,JBL,1,16,1511,1512
1259,315,63,0.4762,0.4576,0.877,0.3216,0.4762,0.4762,63,0.4762,63,0.4286,28,JBL,1,17,1574,1575
1309,328,63,0.5556,0.5,0.6883,0.2476,0.5556,0.5556,63,0.5556,9,0.5,4,JBL,1,18,1637,1638
1360,340,63,0.5397,0.4655,0.6909,0.2489,0.5397,0.5397,63,,0,,0,JBL,1,19,1700,1701
1410,353,63,0.5397,0.5147,0.6802,0.245,0.5397,0.5397,63,1.0,1,1.0,1,JBL,1,20,1763,1764
1460,366,63,0.5397,0.5977,0.6851,0.246,0.5873,0.8333,12,,0,,0,JBL,1,21,1826,1827
1511,378,63,0.5079,0.5121,0.694,0.2504,0.5079,0.5079,63,,0,,0,JBL,1,22,1889,1890
1561,391,63,0.619,0.4952,0.6893,0.2481,0.619,0.619,63,0.3333,6,,0,JBL,1,23,1952,1953
1612,403,63,0.619,0.5636,0.6717,0.2393,0.619,0.619,63,0.72,25,0.4,5,JBL,1,24,2015,2016
402,101,63,0.5556,0.4741,0.691,0.2489,0.4603,0.6667,3,1.0,1,1.0,1,GFS,1,0,503,504
452,114,63,0.4603,0.4838,1.187,0.2801,0.5238,0.3333,3,0.3333,3,0.3333,3,GFS,1,1,566,567
503,126,63,0.4762,0.4924,0.6995,0.2532,0.4921,0.45,20,0.4,10,,0,GFS,1,2,629,630
553,139,63,0.4921,0.453,1.6537,0.2953,0.4762,0.4821,56,0.4167,24,0.2,5,GFS,1,3,692,693
604,151,63,0.381,0.5609,0.6991,0.253,0.381,0.381,63,,0,,0,GFS,1,4,755,756
654,164,63,0.5079,0.5586,1.1595,0.2666,0.4762,0.3333,3,0.3333,3,0.3333,3,GFS,1,5,818,819
704,177,63,0.5714,0.5442,0.6814,0.2441,0.4286,0.5,2,0.5,2,0.0,1,GFS,1,6,881,882
755,189,63,0.4603,0.5591,0.7202,0.2632,0.5238,0.0,1,0.0,1,0.0,1,GFS,1,7,944,945
805,202,63,0.4603,0.4949,0.7076,0.2582,0.5397,0.5,14,1.0,1,1.0,1,GFS,1,8,1007,1008
402,101,63,0.4444,0.5383,1.7329,0.3321,0.4444,0.4444,63,0.4444,63,0.4255,47,NEE,1,0,503,504
452,114,63,0.619,0.5221,0.6739,0.2404,0.6032,0.6207,58,0.614,57,,0,NEE,1,1,566,567
503,126,63,0.5238,0.5591,1.6335,0.2867,0.4762,0.5,50,0.3333,6,0.3333,6,NEE,1,2,629,630
553,139,63,0.5714,0.4568,1.1838,0.2769,0.5714,0.5714,63,0.1429,7,0.1667,6,NEE,1,3,692,693
604,151,63,0.4603,0.5051,0.7131,0.2598,0.5238,0.4915,59,0.5185,54,0.5405,37,NEE,1,4,755,756
654,164,63,0.5397,0.5112,0.6926,0.2497,0.5397,0.5397,63,0.5397,63,,0,NEE,1,5,818,819
704,177,63,0.5079,0.5185,0.6917,0.2493,0.5714,0.5926,27,0.5926,27,,0,NEE,1,6,881,882
755,189,63,0.4762,0.4224,0.7282,0.2668,0.4921,0.4828,58,0.4828,58,0.4286,7,NEE,1,7,944,945
805,202,63,0.4603,0.4975,0.7005,0.2537,0.4603,0.459,61,,0,,0,NEE,1,8,1007,1008
856,214,63,0.5714,0.5509,0.6829,0.2449,0.5714,0.5714,63,,0,,0,NEE,1,9,1070,1071
906,227,63,0.4603,0.4573,1.4136,0.2857,0.4286,0.4426,61,0.35,20,0.4286,14,NEE,1,10,1133,1134
956,240,63,0.4603,0.5112,0.6974,0.2521,0.5397,,0,,0,,0,NEE,1,11,1196,1197
1007,252,63,0.4921,0.4485,0.9292,0.2604,0.5556,0.5273,55,0.5,2,0.5,2,NEE,1,12,1259,1260
1057,265,63,0.5397,0.5717,2.3508,0.3196,0.4127,0.4694,49,0.4857,35,0.3,10,NEE,1,13,1322,1323
1108,277,63,0.5556,0.5517,0.6841,0.2459,0.4603,0.5238,21,1.0,1,1.0,1,NEE,1,14,1385,1386
1158,290,63,0.5079,0.5156,0.6897,0.2483,0.4921,0.5,62,,0,,0,NEE,1,15,1448,1449
1208,303,63,0.3968,0.4315,0.7017,0.2543,0.6349,0.6667,6,1.0,2,1.0,2,NEE,1,16,1511,1512
1259,315,63,0.5556,0.5291,1.4231,0.2904,0.5873,0.6154,39,,0,,0,NEE,1,17,1574,1575
1309,328,63,0.5397,0.4721,0.6915,0.2492,0.5397,0.5397,63,,0,,0,NEE,1,18,1637,1638
1360,340,63,0.4762,0.5,0.6975,0.2522,0.4762,0.4762,63,,0,,0,NEE,1,19,1700,1701
1410,353,63,0.4921,0.5,0.7068,0.2565,0.4762,0.4839,62,0.0,2,0.0,2,NEE,1,20,1763,1764
1460,366,63,0.5873,0.5458,0.6869,0.246,0.5714,0.5806,62,0.625,24,0.6667,6,NEE,1,21,1826,1827
1511,378,63,0.5397,0.4949,0.6914,0.2491,0.5397,0.5397,63,0.5455,22,,0,NEE,1,22,1889,1890
1561,391,63,0.6032,0.6281,1.1345,0.2555,0.5556,0.5862,58,0.6667,15,0.4,5,NEE,1,23,1952,1953
1612,403,63,0.5238,0.549,0.6887,0.2478,0.5238,0.5238,63,,0,,0,NEE,1,24,2015,2016
402,101,63,0.4603,0.4708,2.5994,0.3398,0.4921,0.4727,55,0.4727,55,0.4727,55,D,1,0,503,504
452,114,63,0.5079,0.4595,0.6893,0.2481,0.6032,0.5814,43,0.5714,42,,0,D,1,1,566,567
503,126,63,0.4762,0.5338,0.9929,0.2809,0.4762,0.4706,51,0.4898,49,0.4898,49,D,1,2,629,630
553,139,63,0.5556,0.4783,0.6883,0.2476,0.5238,0.5439,57,,0,,0,D,1,3,692,693
604,151,63,0.5079,0.5413,0.9369,0.2627,0.5079,0.6,5,0.3333,3,0.3333,3,D,1,4,755,756
654,164,63,0.5714,0.6617,0.6612,0.2356,0.4444,0.5098,51,0.5641,39,,0,D,1,5,818,819
704,177,63,0.6032,0.5705,0.7119,0.2561,0.4603,0.5625,32,0.4286,14,0.4615,13,D,1,6,881,882
755,189,63,0.5238,0.498,0.715,0.2598,0.5238,0.5349,43,0.5263,38,0.5714,7,D,1,7,944,945
805,202,63,0.6032,0.6116,0.6656,0.2383,0.4603,0.5588,34,0.5588,34,0.5,2,D,1,8,1007,1008
856,214,63,0.5238,0.4422,1.15,0.2659,0.5397,0.5345,58,0.5455,11,0.5455,11,D,1,9,1070,1071
906,227,63,0.5397,0.4626,0.7694,0.2691,0.4762,0.5556,9,0.5,8,,0,D,1,10,1133,1134
956,240,63,0.5238,0.5439,0.7257,0.2612,0.5238,0.6,15,0.6,15,0.6,15,D,1,11,1196,1197
1007,252,63,0.4444,0.3929,0.7239,0.2653,0.4444,0.4386,57,0.359,39,,0,D,1,12,1259,1260
1057,265,63,0.5079,0.4556,0.6977,0.2523,0.4921,0.5,60,0.25,4,,0,D,1,13,1322,1323
1108,277,63,0.5079,0.5932,0.6906,0.2487,0.5079,0.5079,63,,0,,0,D,1,14,1385,1386
1158,290,63,0.6032,0.5766,0.6895,0.2482,0.4286,0.5833,12,,0,,0,D,1,15,1448,1449
1208,303,63,0.4444,0.4574,1.4131,0.2857,0.5397,0.4828,29,,0,,0,D,1,16,1511,1512
1259,315,63,0.3968,0.4111,0.7543,0.2801,0.6032,,0,,0,,0,D,1,17,1574,1575
1309,328,63,0.5079,0.4839,0.7046,0.2557,0.5873,0.575,40,,0,,0,D,1,18,1637,1638
1360,340,63,0.5397,0.602,0.6836,0.2452,0.5238,0.5323,62,,0,,0,D,1,19,1700,1701
1410,353,63,0.619,0.5995,0.6712,0.2391,0.6349,0.6333,60,0.6957,23,,0,D,1,20,1763,1764
1460,366,63,0.4286,0.4204,0.7186,0.2624,0.4921,0.4419,43,0.4524,42,0.25,4,D,1,21,1826,1827
1511,378,63,0.5079,0.62,0.6841,0.2456,0.4921,0.5,60,0.6,20,0.75,12,D,1,22,1889,1890
1561,391,63,0.5397,0.608,0.6863,0.2466,0.5397,0.5397,63,0.5714,56,0.6136,44,D,1,23,1952,1953
1612,403,63,0.4921,0.5161,0.7046,0.2557,0.4921,0.4906,53,0.5333,45,0.0,1,D,1,24,2015,2016
402,101,63,0.5079,0.501,0.7089,0.2575,0.5556,0.5625,32,0.5556,27,,0,CHTR,1,0,503,504
452,114,63,0.4603,0.4439,0.7197,0.263,0.619,0.5641,39,0.5641,39,,0,CHTR,1,1,566,567
503,126,63,0.4921,0.5459,0.708,0.2572,0.4921,0.4921,63,0.5179,56,0.5179,56,CHTR,1,2,629,630
553,139,63,0.4444,0.4127,0.7234,0.2632,0.5873,0.5312,32,0.5312,32,0.5312,32,CHTR,1,3,692,693
604,151,63,0.4127,0.4439,0.9944,0.2865,0.5714,0.4762,21,0.4762,21,0.4762,21,CHTR,1,4,755,756
654,164,63,0.4603,0.4944,0.7088,0.2577,0.5238,0.4762,21,0.5714,7,0.0,1,CHTR,1,5,818,819
704,177,63,0.5079,0.4239,0.708,0.2573,0.5079,0.5079,63,0.4286,28,,0,CHTR,1,6,881,882
755,189,63,0.4444,0.5,0.7083,0.2575,0.4444,0.4444,63,,0,,0,CHTR,1,7,944,945
805,202,63,0.4286,0.4564,0.7281,0.2632,0.4603,0.4364,55,,0,,0,CHTR,1,8,1007,1008
856,214,63,0.5079,0.5566,0.6931,0.25,0.5238,1.0,2,,0,,0,CHTR,1,9,1070,1071
906,227,63,0.5238,0.4136,0.7014,0.2541,0.4762,,0,,0,,0,CHTR,1,10,1133,1134
956,240,63,0.4444,0.4168,1.4795,0.3134,0.5556,,0,,0,,0,CHTR,1,11,1196,1197
1007,252,63,0.4921,0.5132,0.6904,0.2487,0.4603,0.4754,61,,0,,0,CHTR,1,12,1259,1260
1057,265,63,0.5238,0.6091,0.6721,0.2401,0.5873,0.7333,15,1.0,2,1.0,2,CHTR,1,13,1322,1323
1108,277,63,0.4762,0.4828,0.7007,0.2538,0.4603,0.4655,58,0.0,3,,0,CHTR,1,14,1385,1386
1158,290,63,0.4762,0.5152,0.701,0.2537,0.5238,0.5,26,0.5,26,0.5,6,CHTR,1,15,1448,1449
1208,303,63,0.381,0.4943,0.7266,0.2661,0.4127,0.3934,61,0.4545,11,0.4,5,CHTR,1,16,1511,1512
1259,315,63,0.4286,0.3976,0.9988,0.2879,0.5397,0.4792,48,0.2,5,0.2,5,CHTR,1,17,1574,1575
1309,328,63,0.4762,0.4868,0.7441,0.2698,0.4603,0.4545,44,0.4545,44,0.4,5,CHTR,1,18,1637,1638
1360,340,63,0.5079,0.5051,0.7017,0.2542,0.4603,0.4737,38,0.4545,11,0.4545,11,CHTR,1,19,1700,1701
1410,353,63,0.4444,0.4624,0.7017,0.2542,0.5714,0.5238,21,,0,,0,CHTR,1,20,1763,1764
1460,366,63,0.5397,0.482,0.6914,0.2491,0.4286,0.4167,12,,0,,0,CHTR,1,21,1826,1827
1511,378,63,0.5238,0.4686,0.9361,0.2623,0.4603,0.0,1,0.0,1,0.0,1,CHTR,1,22,1889,1890
1561,391,63,0.5079,0.5146,0.6935,0.2502,0.5079,0.6667,3,0.5,2,,0,CHTR,1,23,1952,1953
1612,403,63,0.4921,0.5152,0.695,0.2509,0.5238,0.6667,3,,0,,0,CHTR,1,24,2015,2016
402,101,63,0.5238,0.514,0.6903,0.2488,0.5873,0.6207,29,0.6087,23,0.6667,3,BIO,1,0,503,504
452,114,63,0.6349,0.4641,0.9026,0.2472,0.6349,0.6349,63,0.6207,58,0.5,2,BIO,1,1,566,567
503,126,63,0.6349,0.5092,0.6369,0.2276,0.6349,0.6349,63,0.6349,63,0.6304,46,BIO,1,2,629,630
553,139,63,0.5397,0.3712,1.2741,0.3073,0.5397,0.5397,63,0.5102,49,0.5102,49,BIO,1,3,692,693
604,151,63,0.5238,0.499,0.7295,0.2663,0.5714,0.5517,58,0.5517,58,0.5517,58,BIO,1,4,755,756
654,164,63,0.5873,0.3846,0.69,0.2484,0.5873,0.5873,63,0.5625,48,,0,BIO,1,5,818,819
704,177,63,0.5556,0.5,0.687,0.2469,0.5556,0.5556,63,0.5556,63,,0,BIO,1,6,881,882
755,189,63,0.4286,0.3786,1.6893,0.3127,0.4286,0.4286,63,0.4286,63,0.2353,17,BIO,1,7,944,945
805,202,63,0.4444,0.5143,0.7027,0.2548,0.4444,0.4444,63,0.5,8,0.5,8,BIO,1,8,1007,1008
856,214,63,0.3968,0.3962,0.7248,0.2657,0.4921,0.3704,27,,0,,0,BIO,1,9,1070,1071
906,227,63,0.6349,0.5163,0.6728,0.2389,0.3651,,0,,0,,0,BIO,1,10,1133,1134
956,240,63,0.4444,0.4388,0.9328,0.2629,0.5714,0.5152,33,0.6667,3,0.6667,3,BIO,1,11,1196,1197
1007,252,63,0.5238,0.5212,1.1949,0.2749,0.5238,0.5349,43,0.5,6,0.4,5,BIO,1,12,1259,1260
1057,265,63,0.4921,0.5732,0.7053,0.2555,0.4762,0.375,8,0.375,8,0.375,8,BIO,1,13,1322,1323
1108,277,63,0.4603,0.475,0.7145,0.2597,0.4444,0.4375,48,,0,,0,BIO,1,14,1385,1386
1158,290,63,0.5397,0.4995,0.6903,0.2487,0.5714,0.5593,59,0.75,4,0.6667,3,BIO,1,15,1448,1449
1208,303,63,0.4603,0.5379,0.6951,0.251,0.4762,0.4643,56,0.75,4,0.75,4,BIO,1,16,1511,1512
1259,315,63,0.4921,0.4778,0.6979,0.2524,0.4921,0.4906,53,0.6667,3,0.6667,3,BIO,1,17,1574,1575
1309,328,63,0.5079,0.4919,0.7043,0.2553,0.5079,0.5102,49,0.5,8,1.0,1,BIO,1,18,1637,1638
1360,340,63,0.5873,0.5383,0.702,0.2537,0.5556,0.6098,41,1.0,1,,0,BIO,1,19,1700,1701
1410,353,63,0.3968,0.4582,0.7089,0.2594,0.4444,0.4138,58,1.0,1,1.0,1,BIO,1,20,1763,1764
1460,366,63,0.5714,0.5912,0.6825,0.2447,0.4921,0.5526,38,,0,,0,BIO,1,21,1826,1827
1511,378,63,0.4921,0.5243,0.7002,0.2534,0.4603,0.4737,57,0.5,2,0.5,2,BIO,1,22,1889,1890
1561,391,63,0.5397,0.4789,0.6899,0.2484,0.3968,0.4,20,,0,,0,BIO,1,23,1952,1953
1612,403,63,0.4762,0.4868,0.715,0.2606,0.5397,0.5128,39,,0,,0,BIO,1,24,2015,2016
402,101,63,0.5079,0.5484,0.9348,0.2619,0.4921,0.5,18,0.5294,17,0.625,8,HOOD,1,0,503,504
452,114,63,0.5714,0.6237,0.671,0.2397,0.5873,0.7083,24,0.8235,17,1.0,2,HOOD,1,1,566,567
503,126,63,0.4603,0.448,0.7159,0.2611,0.5556,0.5135,37,0.4,10,,0,HOOD,1,2,629,630
553,139,63,0.4603,0.4536,0.7459,0.2687,0.5079,0.4375,16,0.4375,16,,0,HOOD,1,3,692,693
604,151,63,0.6508,0.5244,0.6786,0.2422,0.6508,0.6508,63,0.75,8,0.0,1,HOOD,1,4,755,756
654,164,63,0.5714,0.5139,0.682,0.2445,0.5714,0.5714,63,0.5714,63,1.0,1,HOOD,1,5,818,819
704,177,63,0.5556,0.4628,0.6934,0.25,0.5556,0.5556,63,0.5263,38,0.5263,38,HOOD,1,6,881,882
755,189,63,0.5714,0.5093,0.683,0.2449,0.5714,0.5714,63,0.5714,63,,0,HOOD,1,7,944,945
805,202,63,0.5556,0.5078,0.9406,0.2645,0.5873,0.5818,55,0.5926,54,,0,HOOD,1,8,1007,1008
856,214,63,0.4286,0.4815,0.7239,0.2653,0.4286,0.4286,63,0.4194,62,,0,HOOD,1,9,1070,1071
402,101,63,0.6032,0.5686,0.9199,0.2579,0.5873,0.6304,46,,0,,0,PINS,1,0,503,504
452,114,63,0.4762,0.5424,0.6958,0.2513,0.4762,0.4762,63,,0,,0,PINS,1,1,566,567
503,126,63,0.5238,0.5504,0.7247,0.2659,0.4127,0.4524,42,0.4375,32,0.4375,32,PINS,1,2,629,630
553,139,63,0.4762,0.4763,0.7277,0.2668,0.4286,0.2,10,0.2,10,0.2,10,PINS,1,3,692,693
604,151,63,0.4921,0.5096,0.7036,0.2544,0.5238,0.5556,9,,0,,0,PINS,1,4,755,756
654,164,63,0.4921,0.4975,0.7003,0.2533,0.4603,0.4651,43,,0,,0,PINS,1,5,818,819
704,177,63,0.6984,0.6937,0.6483,0.228,0.4603,0.625,40,,0,,0,PINS,1,6,881,882
755,189,63,0.4603,0.5131,0.6943,0.2504,0.4921,0.44,25,,0,,0,PINS,1,7,944,945
805,202,63,0.4921,0.5086,0.7479,0.2743,0.5238,0.6,5,1.0,1,,0,PINS,1,8,1007,1008
856,214,63,0.5079,0.5432,0.6936,0.2504,0.5714,0.6087,23,0.6364,22,,0,PINS,1,9,1070,1071
906,227,63,0.5556,0.501,1.6277,0.2837,0.5556,0.5636,55,0.5814,43,0.5814,43,PINS,1,10,1133,1134
956,240,63,0.5556,0.5484,0.687,0.2469,0.5079,0.5333,60,,0,,0,PINS,1,11,1196,1197
1007,252,63,0.3651,0.437,0.9688,0.2786,0.381,0.3519,54,0.3519,54,0.0,1,PINS,1,12,1259,1260
1057,265,63,0.4603,0.5025,0.695,0.2539,0.5079,0.4643,28,1.0,3,1.0,2,PINS,1,13,1322,1323
1108,277,63,0.4762,0.499,0.7164,0.2588,0.5079,0.0,1,0.0,1,0.0,1,PINS,1,14,1385,1386
1158,290,63,0.5238,0.5121,0.6849,0.2473,0.4762,,0,,0,,0,PINS,1,15,1448,1449
1208,303,63,0.5238,0.5051,1.6343,0.2867,0.4762,0.5,14,0.5455,11,0.5,10,PINS,1,16,1511,1512
1259,315,63,0.4762,0.4738,0.7075,0.257,0.5079,0.0,1,,0,,0,PINS,1,17,1574,1575
1309,328,63,0.4286,0.5907,1.1613,0.2689,0.4921,0.4576,59,0.7143,7,0.6667,6,PINS,1,18,1637,1638
1360,340,63,0.4603,0.4717,0.7346,0.2698,0.5238,0.4894,47,0.4894,47,0.5128,39,PINS,1,19,1700,1701
402,101,63,0.5397,0.4847,0.7813,0.2865,0.5556,0.5833,36,0.5357,28,0.5357,28,MDB,1,0,503,504
452,114,63,0.381,0.4951,0.7185,0.2626,0.6349,0.5455,11,0.5,10,,0,MDB,1,1,566,567
503,126,63,0.5079,0.452,0.7436,0.2739,0.4762,0.4865,37,0.4865,37,0.3846,26,MDB,1,2,629,630
553,139,63,0.5714,0.5331,0.6858,0.2473,0.619,0.6071,56,0.6122,49,0.8571,7,MDB,1,3,692,693
604,151,63,0.4603,0.3844,0.7057,0.2563,0.4603,0.4603,63,,0,,0,MDB,1,4,755,756
654,164,63,0.5397,0.5,0.69,0.2484,0.5397,0.5397,63,,0,,0,MDB,1,5,818,819
704,177,63,0.5873,0.5764,0.6794,0.2431,0.5873,0.5873,63,0.7333,15,,0,MDB,1,6,881,882
755,189,63,0.4603,0.5092,0.7027,0.2547,0.4444,0.4516,62,0.0,1,0.0,1,MDB,1,7,944,945
805,202,63,0.4921,0.501,0.9392,0.2639,0.5238,0.52,25,0.0,1,0.0,1,MDB,1,8,1007,1008
856,214,63,0.5079,0.5449,0.6964,0.2506,0.5079,0.5217,23,0.5714,21,0.6,5,MDB,1,9,1070,1071
906,227,63,0.381,0.5603,0.6994,0.2544,0.3651,0.3667,60,0.5455,11,0.5455,11,MDB,1,10,1133,1134
956,240,63,0.5079,0.3735,1.1796,0.2777,0.4444,0.2857,7,0.1667,6,0.5,2,MDB,1,11,1196,1197
1007,252,63,0.5238,0.5712,0.6847,0.2431,0.5238,0.6667,9,0.75,8,0.75,8,MDB,1,12,1259,1260
1057,265,63,0.4286,0.5449,0.8184,0.2997,0.619,1.0,3,1.0,2,,0,MDB,1,13,1322,1323
1108,277,63,0.4286,0.4464,0.6974,0.2521,0.4444,0.4048,42,,0,,0,MDB,1,14,1385,1386
1158,290,63,0.5238,0.5061,1.3887,0.273,0.4762,,0,,0,,0,MDB,1,15,1448,1449
1208,303,63,0.4603,0.3889,0.7008,0.2538,0.4603,0.2222,9,,0,,0,MDB,1,16,1511,1512
1259,315,63,0.5079,0.5329,0.6906,0.2487,0.4286,0.4444,36,,0,,0,MDB,1,17,1574,1575
1309,328,63,0.5238,0.554,0.6837,0.2455,0.5238,0.5349,43,0.56,25,0.8333,6,MDB,1,18,1637,1638
1360,340,63,0.4603,0.4694,0.7127,0.2597,0.5556,0.5263,19,,0,,0,MDB,1,19,1700,1701
1410,353,63,0.5079,0.4626,0.7126,0.2593,0.4762,0.4737,19,0.4737,19,0.4737,19,MDB,1,20,1763,1764
1460,366,63,0.5714,0.6232,0.6785,0.2428,0.5397,0.6842,19,1.0,1,1.0,1,MDB,1,21,1826,1827
1511,378,63,0.4762,0.5465,0.7005,0.2536,0.5238,0.5,4,,0,,0,MDB,1,22,1889,1890
1561,391,63,0.5873,0.4898,0.7825,0.2777,0.4444,1.0,2,,0,,0,MDB,1,23,1952,1953
1612,403,63,0.5238,0.505,0.6949,0.2509,0.5079,0.5294,34,0.5714,7,,0,MDB,1,24,2015,2016
402,101,63,0.5714,0.5545,0.6785,0.2427,0.5714,0.5714,63,1.0,4,1.0,4,RKLB,1,0,503,504
452,114,63,0.4444,0.3274,0.8036,0.2891,0.4127,0.2632,19,0.2778,18,0.0,2,RKLB,1,1,566,567
503,126,63,0.5556,0.5406,0.7029,0.2546,0.5397,0.5938,32,0.4,5,0.4,5,RKLB,1,2,629,630
553,139,63,0.4127,0.4563,1.4156,0.2876,0.5714,0.4762,21,,0,,0,RKLB,1,3,692,693
604,151,63,0.3651,0.4013,1.4247,0.3801,0.6508,0.5217,23,,0,,0,RKLB,1,4,755,756
654,164,63,0.3968,0.5184,0.7389,0.2725,0.3968,0.3968,63,0.4082,49,0.4082,49,RKLB,1,5,818,819
704,177,63,0.4762,0.4077,0.7089,0.2577,0.5556,0.5192,52,0.5,22,0.0,1,RKLB,1,6,881,882
755,189,63,0.5238,0.5273,0.6911,0.249,0.5238,0.5238,63,0.5556,27,,0,RKLB,1,7,944,945
805,202,63,0.5873,0.571,0.6908,0.2488,0.5714,0.6389,36,0.5,10,0.4444,9,RKLB,1,8,1007,1008
856,214,63,0.5238,0.4616,0.6928,0.2512,0.5238,0.5246,61,0.3333,6,0.3333,6,RKLB,1,9,1070,1071
402,101,63,0.5397,0.5182,0.6883,0.2476,0.5238,0.5333,60,,0,,0,STLA,1,0,503,504
452,114,63,0.4762,0.498,0.7103,0.2582,0.4762,0.4754,61,0.4754,61,,0,STLA,1,1,566,567
503,126,63,0.5873,0.5652,0.7083,0.2564,0.5238,0.5946,37,,0,,0,STLA,1,2,629,630
553,139,63,0.4127,0.4738,3.283,0.3561,0.5714,0.3333,3,0.3333,3,,0,STLA,1,3,692,693
604,151,63,0.5238,0.503,0.6934,0.2501,0.5238,0.5246,61,,0,,0,STLA,1,4,755,756
654,164,63,0.4286,0.4198,0.773,0.2876,0.4286,0.4286,63,0.4464,56,0.2,15,STLA,1,5,818,819
704,177,63,0.5397,0.5543,0.6897,0.2483,0.5397,0.5397,63,,0,,0,STLA,1,6,881,882
755,189,63,0.3968,0.4866,1.1795,0.2734,0.619,0.5714,7,0.5714,7,0.5714,7,STLA,1,7,944,945
805,202,63,0.4286,0.447,0.7035,0.2552,0.4286,0.4286,63,0.5,2,0.5,2,STLA,1,8,1007,1008
856,214,63,0.4603,0.5112,0.6982,0.253,0.4603,0.4603,63,0.5,4,0.5,4,STLA,1,9,1070,1071
906,227,63,0.3968,0.4156,1.185,0.2777,0.4286,0.3878,49,0.0,2,0.0,2,STLA,1,10,1133,1134
956,240,63,0.5714,0.5482,0.6661,0.2396,0.4603,1.0,2,1.0,2,1.0,2,STLA,1,11,1196,1197
1007,252,63,0.619,0.4733,0.956,0.27,0.4286,0.7143,7,0.6,5,0.5,4,STLA,1,12,1259,1260
402,101,63,0.5873,0.5116,3.0418,0.3409,0.4921,0.5556,45,0.3529,17,0.375,16,FIG,1,0,503,504
452,114,63,0.5079,0.5005,0.7183,0.2619,0.4921,0.5,20,0.5,16,,0,FIG,1,1,566,567
503,126,63,0.5238,0.5385,0.9347,0.2616,0.4603,0.4865,37,,0,,0,FIG,1,2,629,630
553,139,63,0.5079,0.5274,0.9265,0.2578,0.5397,0.8,5,0.8,5,0.8,5,FIG,1,3,692,693
604,151,63,0.381,0.4444,0.7156,0.2611,0.381,0.381,63,0.3571,14,0.3333,6,FIG,1,4,755,756
654,164,63,0.4762,0.5005,0.7068,0.2565,0.4762,0.4634,41,0.625,8,,0,FIG,1,5,818,819
704,177,63,0.4286,0.5793,0.7879,0.2896,0.3651,0.3725,51,0.5,22,0.5,22,FIG,1,6,881,882
402,101,63,0.5238,0.5005,0.9306,0.2623,0.4603,0.3333,3,0.3333,3,0.3333,3,AMC,1,0,503,504
452,114,63,0.6349,0.5295,0.6761,0.241,0.3968,0.75,4,,0,,0,AMC,1,1,566,567
503,126,63,0.5873,0.5114,1.1393,0.258,0.4127,,0,,0,,0,AMC,1,2,629,630
553,139,63,0.5079,0.5259,0.7116,0.2577,0.4603,0.25,4,0.25,4,0.25,4,AMC,1,3,692,693
604,151,63,0.4286,0.3678,0.8051,0.3015,0.4286,0.1538,13,0.0833,12,0.0833,12,AMC,1,4,755,756
654,164,63,0.5397,0.4726,0.6957,0.2512,0.4603,,0,,0,,0,AMC,1,5,818,819
704,177,63,0.4921,0.5,0.6994,0.2531,0.5079,,0,,0,,0,AMC,1,6,881,882
755,189,63,0.6032,0.5342,0.6763,0.2416,0.3968,0.5,2,0.5,2,0.5,2,AMC,1,7,944,945
805,202,63,0.5238,0.5226,0.728,0.2651,0.4286,0.44,25,0.4762,21,0.5,20,AMC,1,8,1007,1008
856,214,63,0.5714,0.5586,0.6939,0.2496,0.4762,0.5652,23,0.5652,23,0.75,4,AMC,1,9,1070,1071
906,227,63,0.5556,0.5242,0.9323,0.2604,0.4286,0.4737,19,0.3,10,0.3333,9,AMC,1,10,1133,1134
956,240,63,0.5397,0.5067,0.9025,0.2503,0.4286,0.25,4,,0,,0,AMC,1,11,1196,1197
1007,252,63,0.5873,0.5287,0.6919,0.2493,0.4921,0.6316,19,,0,,0,AMC,1,12,1259,1260
1057,265,63,0.4921,0.5061,0.6915,0.2505,0.4444,0.3571,14,0.2222,9,,0,AMC,1,13,1322,1323
1108,277,63,0.4762,0.4536,1.4244,0.2881,0.5079,0.4894,47,0.0,1,0.0,1,AMC,1,14,1385,1386
1158,290,63,0.4603,0.4429,0.7061,0.2564,0.3651,0.359,39,,0,,0,AMC,1,15,1448,1449
1208,303,63,0.5397,0.5654,0.685,0.2459,0.4603,,0,,0,,0,AMC,1,16,1511,1512
1259,315,63,0.5397,0.3144,0.7044,0.2555,0.4603,,0,,0,,0,AMC,1,17,1574,1575
1309,328,63,0.5714,0.5185,0.6829,0.2449,0.4286,,0,,0,,0,AMC,1,18,1637,1638
1360,340,63,0.5873,0.5021,0.6807,0.2438,0.4127,,0,,0,,0,AMC,1,19,1700,1701
1410,353,63,0.6032,0.52,0.6731,0.24,0.3968,,0,,0,,0,AMC,1,20,1763,1764
1460,366,63,0.5714,0.4769,0.684,0.2454,0.4286,,0,,0,,0,AMC,1,21,1826,1827
1511,378,63,0.6667,0.6038,0.6538,0.2305,0.3651,0.6667,6,,0,,0,AMC,1,22,1889,1890
1561,391,63,0.6508,0.4379,0.6644,0.2357,0.3492,0.5,4,0.5,4,0.5,2,AMC,1,23,1952,1953
1612,403,63,0.6349,0.5832,0.6651,0.2358,0.3968,0.625,8,0.5,2,0.5,2,AMC,1,24,2015,2016
