n_train,n_calib,n_test,accuracy,roc_auc,log_loss,brier,pos_rate,buy_hit_50,buy_n_50,buy_hit_55,buy_n_55,buy_hit_60,buy_n_60,ticker,horizon,fold,train_end_idx,test_start_idx
400,101,63,0.6032,0.5869,0.7495,0.2719,0.5238,0.569,58,0.569,58,0.569,58,AAPL,3,0,501,504
451,113,63,0.5873,0.5948,0.638,0.224,0.7778,0.8108,37,0.8276,29,0.8276,29,AAPL,3,1,564,567
501,126,63,0.5556,0.5133,0.9263,0.2599,0.5556,0.5556,63,0.5645,62,0.5577,52,AAPL,3,2,627,630
552,138,63,0.5714,0.4995,2.5467,0.3188,0.5714,0.5714,63,0.5714,63,0.537,54,AAPL,3,3,690,693
602,151,63,0.4603,0.4026,0.7525,0.2797,0.4444,0.4516,62,0.4043,47,0.4043,47,AAPL,3,4,753,756
652,164,63,0.6032,0.4867,0.6953,0.2511,0.6508,0.6429,56,0.6,5,,0,AAPL,3,5,816,819
703,176,63,0.5079,0.5766,0.6818,0.2446,0.5079,0.5079,63,1.0,2,1.0,2,AAPL,3,6,879,882
753,189,63,0.5397,0.5025,0.6958,0.2508,0.5397,0.541,61,,0,,0,AAPL,3,7,942,945
804,201,63,0.5714,0.5035,0.9796,0.277,0.4762,0.5517,29,0.5417,24,0.4667,15,AAPL,3,8,1005,1008
854,214,63,0.619,0.6316,0.6539,0.2321,0.5556,0.6571,35,0.8,10,0.8,10,AAPL,3,9,1068,1071
904,227,63,0.5556,0.5571,0.6524,0.2349,0.4444,0.5,34,1.0,1,,0,AAPL,3,10,1131,1134
955,239,63,0.5079,0.4783,1.176,0.2758,0.5238,0.5161,62,0.5192,52,0.5,28,AAPL,3,11,1194,1197
1005,252,63,0.4921,0.5291,1.4045,0.2803,0.5556,0.5789,19,0.5333,15,0.75,4,AAPL,3,12,1257,1260
1056,264,63,0.746,0.7069,0.6508,0.229,0.6667,0.7955,44,0.8333,6,,0,AAPL,3,13,1320,1323
1106,277,63,0.7143,0.6658,0.6371,0.2226,0.4444,0.6667,30,0.2,5,0.0,1,AAPL,3,14,1383,1386
1156,290,63,0.4921,0.4511,1.2152,0.2917,0.6032,0.575,40,0.5676,37,,0,AAPL,3,15,1446,1449
1207,302,63,0.5079,0.5429,0.7018,0.2547,0.4444,0.4746,59,0.4746,59,0.4583,48,AAPL,3,16,1509,1512
1257,315,63,0.619,0.6162,0.6684,0.2379,0.6667,0.7647,34,0.8333,6,0.8333,6,AAPL,3,17,1572,1575
1308,327,63,0.4286,0.3472,0.7692,0.287,0.619,0.5405,37,0.4211,19,,0,AAPL,3,18,1635,1638
1358,340,63,0.6032,0.5,0.6787,0.2428,0.6032,0.6032,63,,0,,0,AAPL,3,19,1698,1701
1408,353,63,0.5397,0.5,0.6909,0.2489,0.5397,0.5397,63,0.5397,63,,0,AAPL,3,20,1761,1764
1459,365,63,0.5397,0.5598,0.6871,0.2471,0.5397,0.5397,63,0.5593,59,0.75,4,AAPL,3,21,1824,1827
1509,378,63,0.619,0.4792,0.6819,0.2444,0.619,0.619,63,,0,,0,AAPL,3,22,1887,1890
1560,390,63,0.4921,0.5798,0.6811,0.2456,0.4762,0.4839,62,1.0,4,1.0,4,AAPL,3,23,1950,1953
1610,403,63,0.5873,0.4747,0.6799,0.2434,0.6032,0.6,60,0.6,60,0.5,4,AAPL,3,24,2013,2016
400,101,63,0.4603,0.5988,0.7098,0.2568,0.5714,1.0,2,,0,,0,ABNB,3,0,501,504
451,113,63,0.4444,0.5621,0.7277,0.2633,0.6032,0.8,5,1.0,3,1.0,3,ABNB,3,1,564,567
501,126,63,0.4444,0.4797,2.6138,0.4029,0.4603,0.4444,54,0.4444,54,0.4737,38,ABNB,3,2,627,630
552,138,63,0.4762,0.4677,0.933,0.3336,0.4921,0.4833,60,0.4833,60,0.4706,34,ABNB,3,3,690,693
602,151,63,0.6349,0.5747,0.6673,0.2376,0.6032,0.623,61,0.75,8,1.0,2,ABNB,3,4,753,756
652,164,63,0.5397,0.5183,1.3996,0.2784,0.5397,0.5397,63,0.5385,13,0.5385,13,ABNB,3,5,816,819
703,176,63,0.4921,0.5459,0.722,0.2639,0.4921,0.4921,63,0.4921,63,0.4878,41,ABNB,3,6,879,882
753,189,63,0.4444,0.503,0.7483,0.2647,0.4603,0.4516,62,,0,,0,ABNB,3,7,942,945
804,201,63,0.5079,0.5724,0.6612,0.2357,0.4444,0.4667,45,1.0,3,1.0,3,ABNB,3,8,1005,1008
854,214,63,0.6508,0.6989,0.6759,0.2417,0.6032,0.9,20,1.0,2,1.0,2,ABNB,3,9,1068,1071
904,227,63,0.4444,0.428,0.9618,0.2749,0.4286,0.4167,48,0.25,12,0.2,10,ABNB,3,10,1131,1134
955,239,63,0.3968,0.4402,0.957,0.2728,0.619,0.5714,7,,0,,0,ABNB,3,11,1194,1197
1005,252,63,0.5238,0.5035,1.1502,0.2638,0.5397,0.5345,58,0.6667,3,0.6667,3,ABNB,3,12,1257,1260
400,101,63,0.4444,0.4711,0.7061,0.2567,0.5397,0.4615,13,1.0,1,1.0,1,ABT,3,0,501,504
451,113,63,0.6667,0.5595,0.6875,0.2472,0.6667,0.6667,63,,0,,0,ABT,3,1,564,567
501,126,63,0.5397,0.6137,0.6652,0.2363,0.5714,0.566,53,0.6364,44,0.6512,43,ABT,3,2,627,630
552,138,63,0.6508,0.5016,0.6724,0.2398,0.6349,0.6552,58,0.6111,18,0.6111,18,ABT,3,3,690,693
602,151,63,0.5714,0.6515,0.8773,0.2394,0.5238,0.55,60,0.6552,29,0.6552,29,ABT,3,4,753,756
652,164,63,0.5397,0.4808,1.3958,0.2751,0.619,0.6136,44,0.625,40,0.625,40,ABT,3,5,816,819
703,176,63,0.5873,0.4259,1.8543,0.2909,0.5714,0.5893,56,0.4815,27,0.0,4,ABT,3,6,879,882
753,189,63,0.5556,0.5347,0.6662,0.2396,0.5556,0.5946,37,0.5946,37,0.5,16,ABT,3,7,942,945
804,201,63,0.4127,0.5353,0.7414,0.2738,0.4127,0.4127,63,0.4127,63,,0,ABT,3,8,1005,1008
854,214,63,0.5079,0.5,0.7014,0.2541,0.5079,0.5079,63,0.5079,63,,0,ABT,3,9,1068,1071
904,227,63,0.4127,0.5,0.697,0.2519,0.4127,0.4127,63,,0,,0,ABT,3,10,1131,1134
955,239,63,0.4762,0.5593,1.3323,0.2585,0.6508,0.75,16,0.7333,15,0.7333,15,ABT,3,11,1194,1197
1005,252,63,0.5238,0.4923,1.4893,0.3117,0.4444,0.4783,46,0.4783,46,0.25,12,ABT,3,12,1257,1260
1056,264,63,0.4603,0.5976,0.705,0.257,0.3492,0.3696,46,0.4324,37,0.4324,37,ABT,3,13,1320,1323
1106,277,63,0.4921,0.5391,0.6996,0.2533,0.4286,0.451,51,0.451,51,,0,ABT,3,14,1383,1386
1156,290,63,0.254,0.548,2.7274,0.3954,0.7302,0.0,1,0.0,1,0.0,1,ABT,3,15,1446,1449
1207,302,63,0.3968,0.4937,0.7002,0.2535,0.3968,0.3968,63,0.3333,3,0.3333,3,ABT,3,16,1509,1512
1257,315,63,0.5238,0.5051,0.6917,0.2493,0.4603,0.4286,7,0.0,1,,0,ABT,3,17,1572,1575
1308,327,63,0.4127,0.6003,0.7316,0.269,0.5873,,0,,0,,0,ABT,3,18,1635,1638
1358,340,63,0.5397,0.5299,0.6908,0.2488,0.4603,,0,,0,,0,ABT,3,19,1698,1701
1408,353,63,0.6032,0.5074,0.6793,0.2446,0.6032,0.6066,61,,0,,0,ABT,3,20,1761,1764
1459,365,63,0.5238,0.5652,0.689,0.2479,0.5238,0.5238,63,0.6316,19,,0,ABT,3,21,1824,1827
1509,378,63,0.5079,0.4581,0.6986,0.2527,0.4762,0.4286,7,0.4286,7,0.4286,7,ABT,3,22,1887,1890
1560,390,63,0.619,0.5832,0.6435,0.2315,0.4444,0.75,8,0.8333,6,0.8333,6,ABT,3,23,1950,1953
1610,403,63,0.4603,0.4749,4.3575,0.4462,0.3016,0.3171,41,0.3171,41,0.3171,41,ABT,3,24,2013,2016
400,101,63,0.5238,0.596,0.7423,0.2708,0.5238,0.5238,63,0.5714,56,0.5577,52,ADSK,3,0,501,504
451,113,63,0.6667,0.5278,0.638,0.2229,0.6667,0.6667,63,0.6667,63,0.6731,52,ADSK,3,1,564,567
501,126,63,0.5238,0.5822,1.6389,0.2865,0.5079,0.5161,62,0.5161,62,0.5161,62,ADSK,3,2,627,630
552,138,63,0.5556,0.4653,0.7157,0.2545,0.619,0.5932,59,0.5932,59,0.5932,59,ADSK,3,3,690,693
602,151,63,0.3968,0.3745,1.9998,0.3437,0.5079,0.35,20,0.35,20,0.35,20,ADSK,3,4,753,756
652,164,63,0.5873,0.4758,0.7051,0.2546,0.6032,0.5968,62,0.56,25,0.5556,9,ADSK,3,5,816,819
703,176,63,0.5238,0.5697,1.1967,0.2747,0.5238,0.5429,35,0.5429,35,0.6471,17,ADSK,3,6,879,882
753,189,63,0.4603,0.4823,0.7219,0.2642,0.4603,0.4603,63,0.449,49,,0,ADSK,3,7,942,945
804,201,63,0.4127,0.5804,1.8547,0.2919,0.3651,0.3654,52,0.5,20,0.5556,18,ADSK,3,8,1005,1008
854,214,63,0.5556,0.5477,0.7073,0.2558,0.5397,0.5789,38,0.5789,38,0.5789,38,ADSK,3,9,1068,1071
904,227,63,0.5079,0.5545,0.6823,0.2449,0.4762,0.4667,15,1.0,2,1.0,2,ADSK,3,10,1131,1134
955,239,63,0.5397,0.6028,0.6532,0.2327,0.4921,0.5333,30,1.0,4,1.0,4,ADSK,3,11,1194,1197
1005,252,63,0.5556,0.601,0.7743,0.2675,0.4444,0.5,16,0.5,16,0.5,16,ADSK,3,12,1257,1260
1056,264,63,0.7302,0.8115,0.57,0.1919,0.5079,0.8571,21,0.85,20,0.8667,15,ADSK,3,13,1320,1323
1106,277,63,0.4921,0.5441,0.7352,0.2688,0.5397,0.625,8,0.625,8,1.0,1,ADSK,3,14,1383,1386
1156,290,63,0.2381,0.3148,1.0294,0.3089,0.7143,0.4,15,0.4,15,0.4,15,ADSK,3,15,1446,1449
1207,302,63,0.4444,0.5542,1.1782,0.2758,0.3968,0.3958,48,0.75,4,,0,ADSK,3,16,1509,1512
1257,315,63,0.3492,0.3323,0.9469,0.2679,0.5714,0.4286,35,0.4375,16,1.0,1,ADSK,3,17,1572,1575
1308,327,63,0.3175,0.485,0.6865,0.2471,0.6984,0.6,5,0.75,4,0.75,4,ADSK,3,18,1635,1638
1358,340,63,0.5714,0.5093,0.6857,0.2463,0.5714,0.5714,63,,0,,0,ADSK,3,19,1698,1701
1408,353,63,0.5079,0.5,0.6996,0.2532,0.5079,0.5079,63,0.5079,63,,0,ADSK,3,20,1761,1764
1459,365,63,0.619,0.5,0.6721,0.2395,0.619,0.619,63,0.619,63,,0,ADSK,3,21,1824,1827
1509,378,63,0.4921,0.5,0.701,0.2539,0.4921,0.4921,63,0.4921,63,,0,ADSK,3,22,1887,1890
1560,390,63,0.3175,0.525,0.7555,0.281,0.3175,0.3175,63,0.3175,63,1.0,1,ADSK,3,23,1950,1953
1610,403,63,0.4444,0.524,0.7379,0.2551,0.4444,0.4444,63,0.7143,7,0.7143,7,ADSK,3,24,2013,2016
400,101,63,0.4286,0.338,7.8031,0.5496,0.4286,0.4286,63,0.3929,56,0.3929,56,AI,3,0,501,504
451,113,63,0.5556,0.5426,0.6806,0.2437,0.3968,0.4444,27,,0,,0,AI,3,1,564,567
501,126,63,0.5556,0.5025,0.7059,0.255,0.4603,0.6667,3,,0,,0,AI,3,2,627,630
552,138,63,0.6032,0.3521,4.8264,0.3806,0.3968,,0,,0,,0,AI,3,3,690,693
602,151,63,0.4921,0.5305,1.5568,0.3441,0.3968,0.4186,43,0.4186,43,0.4186,43,AI,3,4,753,756
652,164,63,0.5556,0.5046,0.6866,0.2467,0.4286,0.4444,9,,0,,0,AI,3,5,816,819
703,176,63,0.5714,0.6533,0.6508,0.2302,0.4286,,0,,0,,0,AI,3,6,879,882
753,189,63,0.5556,0.5937,0.671,0.2391,0.3968,0.4634,41,,0,,0,AI,3,7,942,945
804,201,63,0.5556,0.4791,0.6825,0.2451,0.4444,,0,,0,,0,AI,3,8,1005,1008
854,214,63,0.5079,0.5258,1.404,0.2809,0.5238,0.75,4,0.75,4,,0,AI,3,9,1068,1071
904,227,63,0.4762,0.4814,0.7081,0.2574,0.4921,0.4583,24,0.4211,19,0.3846,13,AI,3,10,1131,1134
955,239,63,0.4286,0.3873,0.7284,0.2674,0.5714,,0,,0,,0,AI,3,11,1194,1197
1005,252,63,0.4762,0.3498,0.949,0.2688,0.6508,0.58,50,0.5556,9,0.0,1,AI,3,12,1257,1260
1056,264,63,0.4603,0.6166,0.7001,0.2535,0.4603,0.4603,63,0.5862,29,,0,AI,3,13,1320,1323
1106,277,63,0.4762,0.4643,0.7351,0.2685,0.5556,0.5227,44,0.5349,43,,0,AI,3,14,1383,1386
1156,290,63,0.381,0.5385,0.7269,0.2666,0.381,0.381,63,0.4068,59,0.0,1,AI,3,15,1446,1449
1207,302,63,0.4127,0.3798,1.6874,0.3102,0.4603,0.4333,60,0.3667,30,0.0,5,AI,3,16,1509,1512
1257,315,63,0.5238,0.5161,0.69,0.2487,0.5079,0.5161,62,0.5161,62,,0,AI,3,17,1572,1575
1308,327,63,0.5079,0.4418,1.0014,0.2908,0.5873,0.5789,38,,0,,0,AI,3,18,1635,1638
1358,340,63,0.6667,0.6721,0.6628,0.2353,0.3968,0.5714,28,,0,,0,AI,3,19,1698,1701
1408,353,63,0.5079,0.4913,0.6977,0.2521,0.4444,0.3636,11,,0,,0,AI,3,20,1761,1764
1459,365,63,0.4921,0.5228,0.6807,0.2458,0.5397,0.5227,44,1.0,3,1.0,3,AI,3,21,1824,1827
1509,378,63,0.5714,0.5,0.6927,0.2498,0.4286,,0,,0,,0,AI,3,22,1887,1890
1560,390,63,0.7302,0.5083,0.9049,0.2483,0.2698,0.5,2,0.5,2,0.5,2,AI,3,23,1950,1953
400,101,63,0.4444,0.5288,7.7505,0.5314,0.3492,0.3617,47,0.3617,47,0.3617,47,ALK,3,0,501,504
451,113,63,0.5079,0.4797,0.8035,0.2992,0.4603,0.4375,16,0.4,15,0.4,15,ALK,3,1,564,567
501,126,63,0.4921,0.6273,0.7398,0.2703,0.5873,1.0,5,1.0,5,1.0,4,ALK,3,2,627,630
552,138,63,0.619,0.6372,0.941,0.2622,0.5873,0.76,25,,0,,0,ALK,3,3,690,693
602,151,63,0.3968,0.4642,0.7951,0.299,0.6032,0.5,14,0.5455,11,0.8,5,ALK,3,4,753,756
652,164,63,0.5079,0.6353,0.8082,0.2989,0.3651,0.413,46,0.413,46,0.4222,45,ALK,3,5,816,819
703,176,63,0.4921,0.6572,4.1645,0.3767,0.4603,0.4754,61,0.4833,60,0.5283,53,ALK,3,6,879,882
753,189,63,0.6349,0.7112,0.5994,0.2154,0.5079,0.5918,49,0.5918,49,1.0,8,ALK,3,7,942,945
804,201,63,0.5873,0.6247,0.6909,0.2483,0.4762,0.6111,18,0.5,2,0.5,2,ALK,3,8,1005,1008
854,214,63,0.4762,0.4259,1.9666,0.3359,0.4921,0.4773,44,0.4773,44,0.2727,11,ALK,3,9,1068,1071
904,227,63,0.5079,0.5783,0.7016,0.2527,0.4762,0.4909,55,0.6,15,0.6,15,ALK,3,10,1131,1134
955,239,63,0.5556,0.4802,0.7412,0.2695,0.5873,0.5918,49,1.0,1,1.0,1,ALK,3,11,1194,1197
1005,252,63,0.4762,0.5472,0.6971,0.2526,0.4603,0.4667,60,,0,,0,ALK,3,12,1257,1260
1056,264,63,0.4286,0.4787,0.6794,0.2448,0.5397,0.4286,14,,0,,0,ALK,3,13,1320,1323
1106,277,63,0.1587,0.4387,0.7766,0.2915,0.1587,0.1587,63,0.1587,63,,0,ALK,3,14,1383,1386
1156,290,63,0.381,0.4434,0.7518,0.2777,0.619,,0,,0,,0,ALK,3,15,1446,1449
1207,302,63,0.4444,0.5179,0.699,0.2529,0.5556,,0,,0,,0,ALK,3,16,1509,1512
1257,315,63,0.6349,0.5,0.6807,0.2438,0.3651,,0,,0,,0,ALK,3,17,1572,1575
1308,327,63,0.381,0.5938,0.7219,0.2643,0.7619,1.0,9,,0,,0,ALK,3,18,1635,1638
1358,340,63,0.3016,0.5648,2.4403,0.3638,0.7143,1.0,1,,0,,0,ALK,3,19,1698,1701
1408,353,63,0.5873,0.596,0.6694,0.2382,0.4762,0.5435,46,,0,,0,ALK,3,20,1761,1764
1459,365,63,0.5079,0.5423,0.6907,0.2493,0.5079,0.5079,63,0.5227,44,1.0,3,ALK,3,21,1824,1827
1509,378,63,0.4286,0.4647,0.7491,0.2754,0.4127,0.3913,46,0.375,16,0.3846,13,ALK,3,22,1887,1890
1560,390,63,0.5873,0.5904,0.6622,0.2356,0.5873,0.5873,63,0.8333,6,0.8333,6,ALK,3,23,1950,1953
1610,403,63,0.5238,0.5582,0.7142,0.2604,0.4127,0.4643,56,0.4375,32,0.4167,12,ALK,3,24,2013,2016
400,101,63,0.5556,0.5,0.6878,0.2473,0.5556,0.5556,63,0.5556,63,,0,AMD,3,0,501,504
451,113,63,0.4444,0.4911,0.7217,0.2638,0.6508,0.6071,28,0.6296,27,0.8,5,AMD,3,1,564,567
501,126,63,0.4444,0.5448,1.2805,0.2979,0.4286,0.4333,60,0.4333,60,0.5556,9,AMD,3,2,627,630
552,138,63,0.5714,0.5307,1.1041,0.2478,0.5873,0.5806,62,0.6316,19,0.6316,19,AMD,3,3,690,693
602,151,63,0.4444,0.3479,0.8291,0.3065,0.4603,0.45,60,0.45,60,0.1111,9,AMD,3,4,753,756
652,164,63,0.3492,0.5232,0.6952,0.2512,0.6667,1.0,1,1.0,1,1.0,1,AMD,3,5,816,819
703,176,63,0.5238,0.4727,0.703,0.2548,0.5238,0.5238,63,0.5088,57,,0,AMD,3,6,879,882
753,189,63,0.5873,0.5788,0.6799,0.2434,0.5238,0.5814,43,0.5814,43,,0,AMD,3,7,942,945
804,201,63,0.5556,0.5918,0.6806,0.2437,0.4444,0.5,38,0.5,30,0.5294,17,AMD,3,8,1005,1008
854,214,63,0.5714,0.5556,0.6878,0.2473,0.5714,0.5714,63,,0,,0,AMD,3,9,1068,1071
904,227,63,0.3175,0.3446,1.0224,0.3037,0.3651,0.3077,52,0.2857,28,0.2857,28,AMD,3,10,1131,1134
955,239,63,0.5238,0.5123,0.7192,0.2622,0.5714,0.5714,42,,0,,0,AMD,3,11,1194,1197
1005,252,63,0.5556,0.5612,0.6939,0.2505,0.4444,0.5,16,0.0,4,0.0,4,AMD,3,12,1257,1260
1056,264,63,0.4921,0.5363,3.518,0.3654,0.6032,0.6667,18,,0,,0,AMD,3,13,1320,1323
1106,277,63,0.5397,0.5806,0.7314,0.2585,0.4603,,0,,0,,0,AMD,3,14,1383,1386
1156,290,63,0.5079,0.45,0.7222,0.2642,0.6825,0.6667,36,0.5,6,,0,AMD,3,15,1446,1449
1207,302,63,0.5079,0.4812,0.7011,0.2539,0.4603,0.4643,28,0.3684,19,,0,AMD,3,16,1509,1512
1257,315,63,0.4762,0.4929,0.708,0.2573,0.4762,0.4483,29,0.4643,28,0.3333,3,AMD,3,17,1572,1575
1308,327,63,0.5238,0.5277,2.2918,0.2993,0.5079,0.5161,62,0.5091,55,0.5625,16,AMD,3,18,1635,1638
1358,340,63,0.4444,0.5077,0.7157,0.2611,0.4444,0.4444,63,0.4545,55,,0,AMD,3,19,1698,1701
1408,353,63,0.5873,0.4921,0.6776,0.2423,0.6032,0.5968,62,0.5833,60,0.6667,12,AMD,3,20,1761,1764
1459,365,63,0.5556,0.4598,0.6929,0.2499,0.6349,0.6071,56,,0,,0,AMD,3,21,1824,1827
1509,378,63,0.619,0.6128,0.6635,0.2354,0.5873,0.6066,61,0.7273,11,0.7,10,AMD,3,22,1887,1890
1560,390,63,0.5079,0.4897,0.693,0.2499,0.5714,0.5532,47,0.6667,3,,0,AMD,3,23,1950,1953
1610,403,63,0.4603,0.3253,0.9628,0.2748,0.7143,0.6341,41,,0,,0,AMD,3,24,2013,2016
400,101,63,0.4921,0.5237,0.9027,0.3294,0.5079,,0,,0,,0,AMPX,3,0,501,504
451,113,63,0.6508,0.5,0.6606,0.2338,0.3492,,0,,0,,0,AMPX,3,1,564,567
501,126,63,0.381,0.6355,0.7715,0.2911,0.6825,1.0,4,1.0,3,1.0,3,AMPX,3,2,627,630
552,138,63,0.5079,0.5227,0.6956,0.2512,0.5079,0.5122,41,0.5455,11,0.6667,6,AMPX,3,3,690,693
602,151,63,0.4921,0.5297,0.703,0.2548,0.4921,0.4921,63,0.4921,63,0.5833,12,AMPX,3,4,753,756
652,164,63,0.619,0.6149,0.8712,0.2348,0.619,0.619,63,0.7727,22,0.7727,22,AMPX,3,5,816,819
400,101,63,0.4444,0.5173,6.7764,0.4874,0.5556,,0,,0,,0,AMZN,3,0,501,504
451,113,63,0.3651,0.5279,4.5128,0.4257,0.6825,1.0,3,1.0,2,1.0,2,AMZN,3,1,564,567
501,126,63,0.5556,0.5182,1.1337,0.2594,0.5238,0.5455,55,0.5455,55,0.5455,55,AMZN,3,2,627,630
552,138,63,0.4444,0.4437,2.364,0.3327,0.4603,0.4118,34,0.4118,34,0.4118,34,AMZN,3,3,690,693
602,151,63,0.5238,0.5248,0.6777,0.2453,0.4603,0.4848,33,0.4444,9,1.0,2,AMZN,3,4,753,756
652,164,63,0.5079,0.4511,0.7122,0.2591,0.4921,,0,,0,,0,AMZN,3,5,816,819
703,176,63,0.4921,0.5722,0.6796,0.2448,0.4762,0.4839,62,1.0,1,1.0,1,AMZN,3,6,879,882
753,189,63,0.3968,0.434,1.4738,0.3101,0.4127,0.375,48,0.3871,31,0.3871,31,AMZN,3,7,942,945
804,201,63,0.4762,0.5621,0.6543,0.2362,0.4762,0.4717,53,0.75,8,0.8571,7,AMZN,3,8,1005,1008
854,214,63,0.6032,0.6349,0.6657,0.2365,0.5397,0.6098,41,0.6,40,0.7143,7,AMZN,3,9,1068,1071
904,227,63,0.6349,0.6402,0.6396,0.2253,0.3492,0.4737,19,0.5,18,0.5,18,AMZN,3,10,1131,1134
955,239,63,0.4603,0.43,0.7591,0.2817,0.5714,0.5208,48,0.5208,48,0.5208,48,AMZN,3,11,1194,1197
1005,252,63,0.4286,0.3969,0.7085,0.2577,0.4444,0.2778,18,0.3125,16,,0,AMZN,3,12,1257,1260
1056,264,63,0.3651,0.5043,0.7673,0.2865,0.6349,0.5,2,,0,,0,AMZN,3,13,1320,1323
1106,277,63,0.5556,0.5248,0.6909,0.2489,0.4603,0.5714,7,,0,,0,AMZN,3,14,1383,1386
1156,290,63,0.3492,0.3804,0.7464,0.276,0.6667,0.5333,15,0.5,12,,0,AMZN,3,15,1446,1449
1207,302,63,0.4127,0.5073,0.7533,0.2795,0.5873,0.5,2,,0,,0,AMZN,3,16,1509,1512
1257,315,63,0.4286,0.3894,0.7275,0.267,0.4286,0.4286,63,0.3696,46,,0,AMZN,3,17,1572,1575
1308,327,63,0.6349,0.5972,0.66,0.2336,0.619,0.629,62,0.629,62,0.8571,7,AMZN,3,18,1635,1638
1358,340,63,0.6349,0.6255,1.1453,0.2606,0.6349,0.6977,43,0.7586,29,,0,AMZN,3,19,1698,1701
1408,353,63,0.3016,0.6423,0.993,0.2948,0.3016,0.3016,63,0.3115,61,0.5833,12,AMZN,3,20,1761,1764
1459,365,63,0.5873,0.5,0.6829,0.2449,0.5873,0.5873,63,,0,,0,AMZN,3,21,1824,1827
1509,378,63,0.5873,0.5324,0.6804,0.2437,0.5714,0.5862,58,,0,,0,AMZN,3,22,1887,1890
1560,390,63,0.4286,0.5679,0.7014,0.2541,0.4286,0.4286,63,1.0,5,,0,AMZN,3,23,1950,1953
1610,403,63,0.4762,0.4571,0.6913,0.2491,0.6349,0.5946,37,0.5946,37,1.0,1,AMZN,3,24,2013,2016
400,101,63,0.5079,0.6253,0.6992,0.2542,0.4762,0.4918,61,0.5172,58,0.5172,58,APLD,3,0,501,504
451,113,63,0.6349,0.6603,0.6434,0.2255,0.6349,0.6349,63,0.7105,38,0.7742,31,APLD,3,1,564,567
501,126,63,0.5714,0.5917,2.5199,0.2992,0.4921,0.5833,24,0.5909,22,0.7778,9,APLD,3,2,627,630
552,138,63,0.4921,0.5535,0.6797,0.2448,0.5238,0.5263,19,0.6667,3,0.6667,3,APLD,3,3,690,693
602,151,63,0.5714,0.5927,0.6784,0.2428,0.4921,0.5625,32,0.6667,9,0.6667,9,APLD,3,4,753,756
652,164,63,0.6032,0.5867,0.6524,0.2357,0.5556,0.619,42,1.0,4,1.0,4,APLD,3,5,816,819
703,176,63,0.5556,0.5676,0.706,0.2563,0.6508,0.7097,31,,0,,0,APLD,3,6,879,882
753,189,63,0.4921,0.5993,0.6946,0.2507,0.4921,0.4918,61,0.5294,51,,0,APLD,3,7,942,945
804,201,63,0.381,0.3189,0.8033,0.3006,0.5714,0.4516,31,0.3125,16,,0,APLD,3,8,1005,1008
400,101,63,0.5714,0.625,4.7921,0.3714,0.3175,0.4,35,0.4,35,0.3824,34,ARM,3,0,501,504
451,113,63,0.4921,0.3825,0.7703,0.2842,0.5873,0.5455,55,0.4762,21,0.4762,21,ARM,3,1,564,567
400,101,63,0.5238,0.502,1.4144,0.2847,0.4603,0.4857,35,0.4857,35,0.5,4,ASAN,3,0,501,504
451,113,63,0.6508,0.5772,0.6471,0.2275,0.3651,0.6667,3,,0,,0,ASAN,3,1,564,567
501,126,63,0.5238,0.6068,0.7653,0.28,0.619,0.7368,19,0.7222,18,,0,ASAN,3,2,627,630
552,138,63,0.5556,0.4738,0.7148,0.26,0.381,0.3571,14,0.1111,9,0.1111,9,ASAN,3,3,690,693
602,151,63,0.4127,0.3854,0.8294,0.3059,0.5238,0.4333,30,0.4333,30,0.375,8,ASAN,3,4,753,756
652,164,63,0.4127,0.4343,0.6977,0.2523,0.4762,0.4286,49,,0,,0,ASAN,3,5,816,819
703,176,63,0.5873,0.5057,0.9201,0.2559,0.4127,0.5,2,0.5,2,0.5,2,ASAN,3,6,879,882
753,189,63,0.3968,0.4133,0.7384,0.2743,0.5079,0.4211,38,0.4324,37,0.4324,37,ASAN,3,7,942,945
804,201,63,0.4286,0.6574,2.8078,0.3391,0.6032,1.0,2,1.0,1,1.0,1,ASAN,3,8,1005,1008
854,214,63,0.5556,0.5534,0.6997,0.253,0.5079,0.6429,14,0.0,1,0.0,1,ASAN,3,9,1068,1071
904,227,63,0.5238,0.3556,0.7122,0.2594,0.5238,0.5238,63,0.3793,29,0.0,2,ASAN,3,10,1131,1134
955,239,63,0.4762,0.5254,0.7013,0.2541,0.4603,0.4677,62,0.4821,56,,0,ASAN,3,11,1194,1197
1005,252,63,0.4286,0.5082,1.1775,0.2755,0.4286,0.4286,63,0.5,4,0.5,4,ASAN,3,12,1257,1260
1056,264,63,0.4127,0.5,0.6971,0.252,0.4127,0.4127,63,,0,,0,ASAN,3,13,1320,1323
400,101,63,0.5079,0.5936,0.7174,0.2614,0.5714,0.6667,15,0.6667,15,0.8,10,ASTS,3,0,501,504
451,113,63,0.4286,0.6282,0.9451,0.2678,0.381,0.3966,58,0.5455,22,0.4615,13,ASTS,3,1,564,567
501,126,63,0.6667,0.6845,1.5878,0.2513,0.4921,0.6667,30,0.6875,16,0.6875,16,ASTS,3,2,627,630
552,138,63,0.6032,0.6189,0.6608,0.2349,0.4444,0.5405,37,0.5294,34,0.5294,34,ASTS,3,3,690,693
602,151,63,0.3968,0.6326,5.0124,0.5031,0.6825,0.8571,7,0.8571,7,1.0,1,ASTS,3,4,753,756
652,164,63,0.5714,0.5,0.6904,0.2486,0.4286,,0,,0,,0,ASTS,3,5,816,819
703,176,63,0.4127,0.499,0.7029,0.2549,0.4127,0.4127,63,,0,,0,ASTS,3,6,879,882
753,189,63,0.5556,0.5,0.6924,0.2496,0.4444,,0,,0,,0,ASTS,3,7,942,945
804,201,63,0.4603,0.2818,0.7672,0.2854,0.5238,0.4,5,,0,,0,ASTS,3,8,1005,1008
854,214,63,0.4762,0.4834,0.7054,0.256,0.5079,0.3333,3,0.5,2,0.0,1,ASTS,3,9,1068,1071
904,227,63,0.5556,0.4893,0.6932,0.25,0.5556,0.5556,63,,0,,0,ASTS,3,10,1131,1134
955,239,63,0.3651,0.5,0.7005,0.2537,0.3651,0.3651,63,,0,,0,ASTS,3,11,1194,1197
400,101,63,0.4603,0.5477,0.782,0.2883,0.4603,0.4603,63,0.5,32,0.5,32,AXP,3,0,501,504
451,113,63,0.5079,0.5171,0.9221,0.2566,0.5079,0.5161,31,0.4286,7,0.5,4,AXP,3,1,564,567
501,126,63,0.4921,0.5,0.6976,0.2522,0.5079,,0,,0,,0,AXP,3,2,627,630
552,138,63,0.4603,0.6689,0.9244,0.2626,0.5873,0.8,5,1.0,1,1.0,1,AXP,3,3,690,693
602,151,63,0.3175,0.5256,3.5706,0.3896,0.6825,,0,,0,,0,AXP,3,4,753,756
652,164,63,0.6032,0.6079,0.6654,0.2363,0.6032,0.6032,63,0.6774,31,0.7647,17,AXP,3,5,816,819
703,176,63,0.5556,0.5862,0.7425,0.2722,0.5397,0.5484,62,0.5128,39,0.5128,39,AXP,3,6,879,882
753,189,63,0.5079,0.5751,1.4234,0.2935,0.5079,0.5079,63,0.5079,63,0.5161,62,AXP,3,7,942,945
804,201,63,0.3492,0.3796,2.2095,0.3525,0.4444,0.386,57,0.3824,34,0.3571,28,AXP,3,8,1005,1008
854,214,63,0.6032,0.6214,0.6558,0.2324,0.4286,0.5556,18,0.5556,18,0.8333,12,AXP,3,9,1068,1071
904,227,63,0.4921,0.5081,0.692,0.2494,0.4762,0.4706,34,,0,,0,AXP,3,10,1131,1134
955,239,63,0.6508,0.6426,0.6509,0.2293,0.619,0.6977,43,0.8333,12,0.8333,12,AXP,3,11,1194,1197
1005,252,63,0.4762,0.4068,0.7268,0.2665,0.4921,0.45,20,0.4286,14,0.5,2,AXP,3,12,1257,1260
1056,264,63,0.5556,0.5982,0.8635,0.2353,0.5873,0.7143,21,0.7143,21,0.7143,21,AXP,3,13,1320,1323
1106,277,63,0.4444,0.6218,0.9254,0.3475,0.381,0.4035,57,0.4375,48,0.4375,48,AXP,3,14,1383,1386
1156,290,63,0.5873,0.6961,1.5999,0.2702,0.746,0.9565,23,0.9565,23,,0,AXP,3,15,1446,1449
1207,302,63,0.4286,0.5,0.7103,0.2586,0.5714,,0,,0,,0,AXP,3,16,1509,1512
1257,315,63,0.5397,0.5253,1.1669,0.2698,0.6032,0.5789,57,0.6471,34,,0,AXP,3,17,1572,1575
1308,327,63,0.6349,0.6114,0.6666,0.2368,0.6349,0.6349,63,0.8667,15,,0,AXP,3,18,1635,1638
1358,340,63,0.6825,0.6393,0.6545,0.2309,0.5873,0.6604,53,0.6765,34,0.6765,34,AXP,3,19,1698,1701
1408,353,63,0.5397,0.441,0.7495,0.2759,0.4921,0.5167,60,0.5167,60,0.4783,46,AXP,3,20,1761,1764
1459,365,63,0.619,0.4784,0.6726,0.2397,0.6032,0.6167,60,0.6167,60,0.5893,56,AXP,3,21,1824,1827
1509,378,63,0.4603,0.4374,0.6925,0.2503,0.6508,0.5714,49,0.5833,48,0.5833,48,AXP,3,22,1887,1890
1560,390,63,0.6032,0.5857,0.7535,0.2566,0.5397,0.5918,49,,0,,0,AXP,3,23,1950,1953
1610,403,63,0.4762,0.5801,0.7319,0.2689,0.4921,0.4839,62,0.4839,62,0.4918,61,AXP,3,24,2013,2016
400,101,63,0.5714,0.513,4.3374,0.3607,0.5873,0.5962,52,0.5778,45,0.5778,45,AZN,3,0,501,504
451,113,63,0.5873,0.6061,0.6717,0.2394,0.5238,0.5614,57,0.75,8,0.75,8,AZN,3,1,564,567
501,126,63,0.4921,0.4834,5.2454,0.4436,0.381,0.3889,36,0.3889,36,0.3333,30,AZN,3,2,627,630
552,138,63,0.5873,0.5474,0.6789,0.2429,0.5556,0.5849,53,0.5849,53,,0,AZN,3,3,690,693
602,151,63,0.4921,0.5282,0.71,0.2562,0.5079,0.5,60,0.6667,9,0.0,1,AZN,3,4,753,756
652,164,63,0.4286,0.6596,2.4329,0.3579,0.5873,1.0,1,,0,,0,AZN,3,5,816,819
703,176,63,0.5714,0.5052,0.6869,0.2468,0.5873,0.5893,56,,0,,0,AZN,3,6,879,882
753,189,63,0.5238,0.5903,0.6901,0.2489,0.4603,0.4915,59,0.4828,58,1.0,1,AZN,3,7,942,945
804,201,63,0.4921,0.4719,0.993,0.2905,0.5556,0.5517,29,0.5357,28,0.5357,28,AZN,3,8,1005,1008
854,214,63,0.5714,0.5791,0.6934,0.2499,0.5079,0.5581,43,0.5476,42,0.5476,42,AZN,3,9,1068,1071
904,227,63,0.4603,0.5319,0.7098,0.2584,0.4603,0.449,49,0.449,49,0.7,10,AZN,3,10,1131,1134
955,239,63,0.5714,0.669,0.7063,0.2559,0.6349,0.8824,17,1.0,5,,0,AZN,3,11,1194,1197
1005,252,63,0.3016,0.381,0.7266,0.2661,0.6667,0.375,8,0.25,4,0.0,1,AZN,3,12,1257,1260
1056,264,63,0.4603,0.4503,0.7065,0.2566,0.4603,0.4603,63,,0,,0,AZN,3,13,1320,1323
1106,277,63,0.4444,0.5321,0.7168,0.2617,0.4444,0.4444,63,0.4444,63,0.5556,9,AZN,3,14,1383,1386
1156,290,63,0.5397,0.4901,0.6981,0.2517,0.5873,0.6053,38,0.6053,38,0.6053,38,AZN,3,15,1446,1449
1207,302,63,0.6667,0.5856,0.6614,0.2343,0.6667,0.6667,63,0.7576,33,0.7143,7,AZN,3,16,1509,1512
1257,315,63,0.5079,0.4516,0.7033,0.255,0.5079,0.5079,63,0.3846,13,,0,AZN,3,17,1572,1575
1308,327,63,0.4444,0.4061,0.715,0.2608,0.4762,0.4468,47,0.1818,11,,0,AZN,3,18,1635,1638
1358,340,63,0.6032,0.4453,0.6884,0.2476,0.6032,0.6066,61,0.5,22,0.5,22,AZN,3,19,1698,1701
1408,353,63,0.5714,0.5205,0.6816,0.2441,0.6032,0.6341,41,0.6341,41,0.6071,28,AZN,3,20,1761,1764
1459,365,63,0.5397,0.5255,0.6964,0.2513,0.5873,0.587,46,0.587,46,0.587,46,AZN,3,21,1824,1827
1509,378,63,0.4444,0.4887,1.1755,0.276,0.4286,0.4048,42,0.4048,42,1.0,1,AZN,3,22,1887,1890
1560,390,63,0.5714,0.6168,0.7155,0.261,0.6667,0.7586,29,,0,,0,AZN,3,23,1950,1953
1610,403,63,0.4921,0.2902,0.7161,0.2613,0.3651,0.1538,13,0.2,10,,0,AZN,3,24,2013,2016
400,101,63,0.3492,0.3991,3.378,0.4578,0.3492,0.3492,63,0.3492,63,0.3492,63,BA,3,0,501,504
451,113,63,0.5873,0.5837,0.6876,0.2468,0.4921,0.7778,9,0.7778,9,0.875,8,BA,3,1,564,567
501,126,63,0.5556,0.6179,0.6706,0.2389,0.4444,,0,,0,,0,BA,3,2,627,630
552,138,63,0.5556,0.4933,0.9775,0.2784,0.4286,0.4667,15,0.5,14,0.5,14,BA,3,3,690,693
602,151,63,0.4921,0.6435,0.9483,0.2685,0.5397,1.0,2,1.0,2,1.0,2,BA,3,4,753,756
652,164,63,0.4603,0.5433,1.4321,0.2879,0.5079,0.4815,54,0.5946,37,0.6111,36,BA,3,5,816,819
703,176,63,0.5873,0.6204,0.6791,0.2435,0.4286,0.5135,37,0.5135,37,1.0,1,BA,3,6,879,882
753,189,63,0.5079,0.5323,0.7497,0.2662,0.5079,0.5185,27,0.625,16,0.625,16,BA,3,7,942,945
804,201,63,0.619,0.5949,1.1395,0.2567,0.4444,0.6,20,0.6471,17,0.4,5,BA,3,8,1005,1008
854,214,63,0.5238,0.4279,1.2196,0.296,0.619,0.5882,51,0.5,22,0.5238,21,BA,3,9,1068,1071
904,227,63,0.5079,0.5101,1.2195,0.2897,0.4921,0.5,42,0.45,20,0.4737,19,BA,3,10,1131,1134
955,239,63,0.4286,0.5731,0.8427,0.2976,0.6667,0.875,8,,0,,0,BA,3,11,1194,1197
1005,252,63,0.5238,0.5893,0.6941,0.2501,0.4444,0.4722,36,0.4722,36,0.75,8,BA,3,12,1257,1260
1056,264,63,0.6667,0.6326,0.6464,0.2269,0.6032,0.6809,47,0.6809,47,,0,BA,3,13,1320,1323
1106,277,63,0.2698,0.5019,0.8465,0.3245,0.2698,0.2698,63,0.2698,63,0.25,36,BA,3,14,1383,1386
1156,290,63,0.4444,0.3898,0.7072,0.257,0.5873,0.5238,42,,0,,0,BA,3,15,1446,1449
1207,302,63,0.3651,0.5,0.7056,0.2562,0.3651,0.3651,63,,0,,0,BA,3,16,1509,1512
1257,315,63,0.4762,0.5152,0.7024,0.2546,0.5238,,0,,0,,0,BA,3,17,1572,1575
1308,327,63,0.5714,0.549,0.9062,0.2505,0.4444,0.6667,3,0.6667,3,0.6667,3,BA,3,18,1635,1638
1358,340,63,0.3651,0.5222,0.9694,0.2774,0.6508,1.0,1,1.0,1,1.0,1,BA,3,19,1698,1701
1408,353,63,0.5079,0.5365,0.695,0.2501,0.5397,0.6667,9,0.6667,9,0.6667,9,BA,3,20,1761,1764
1459,365,63,0.4444,0.5682,1.1578,0.2671,0.6508,0.8,10,,0,,0,BA,3,21,1824,1827
1509,378,63,0.5079,0.5299,0.7389,0.2631,0.4603,0.4833,60,0.4444,9,0.4444,9,BA,3,22,1887,1890
1560,390,63,0.4762,0.4293,0.6911,0.249,0.6349,0.5897,39,0.5556,18,,0,BA,3,23,1950,1953
1610,403,63,0.4444,0.4815,0.7258,0.2661,0.4286,0.431,58,0.4082,49,0.0,1,BA,3,24,2013,2016
400,101,63,0.4921,0.49,3.063,0.3512,0.6032,0.5789,38,0.6176,34,0.6176,34,BETR,3,0,501,504
451,113,63,0.4603,0.5041,0.6993,0.2531,0.4603,0.4603,63,0.4783,23,,0,BETR,3,1,564,567
400,101,63,0.4286,0.4907,7.7229,0.5248,0.4286,0.4286,63,0.4286,63,0.4286,63,BRKR,3,0,501,504
451,113,63,0.7302,0.7348,1.6456,0.2129,0.5397,0.8148,27,0.8148,27,0.8148,27,BRKR,3,1,564,567
501,126,63,0.5238,0.6084,1.305,0.3055,0.3968,0.4194,31,0.5,26,0.5,26,BRKR,3,2,627,630
552,138,63,0.5556,0.5689,0.9692,0.2808,0.619,0.6571,35,0.625,8,0.8,5,BRKR,3,3,690,693
602,151,63,0.4921,0.4557,3.0861,0.3611,0.619,0.6207,29,0.5417,24,0.5,12,BRKR,3,4,753,756
652,164,63,0.6508,0.4113,0.904,0.2493,0.6508,0.661,59,0.5,18,,0,BRKR,3,5,816,819
703,176,63,0.5556,0.4566,0.6983,0.2523,0.5556,0.5556,63,0.5556,63,0.4762,21,BRKR,3,6,879,882
753,189,63,0.4286,0.5,0.741,0.2736,0.4286,0.4286,63,0.4286,63,,0,BRKR,3,7,942,945
804,201,63,0.5397,0.5459,0.683,0.2452,0.4921,0.5167,60,0.5,2,0.5,2,BRKR,3,8,1005,1008
854,214,63,0.6032,0.5622,1.1199,0.2512,0.5714,0.5902,61,0.7143,7,0.7143,7,BRKR,3,9,1068,1071
904,227,63,0.4762,0.4709,1.2684,0.2876,0.4127,0.4103,39,0.25,8,0.25,8,BRKR,3,10,1131,1134
955,239,63,0.6032,0.6286,0.6657,0.2359,0.5556,0.6316,38,0.6316,38,0.7,10,BRKR,3,11,1194,1197
1005,252,63,0.5397,0.3753,0.9621,0.2748,0.5397,0.5397,63,0.4583,24,0.2857,14,BRKR,3,12,1257,1260
1056,264,63,0.5238,0.4758,0.7187,0.2594,0.4286,0.4545,33,0.25,4,,0,BRKR,3,13,1320,1323
1106,277,63,0.5556,0.5657,0.912,0.2502,0.381,0.4333,30,0.0,1,0.0,1,BRKR,3,14,1383,1386
1156,290,63,0.5714,0.5696,0.689,0.2472,0.5873,0.7083,24,0.7273,22,,0,BRKR,3,15,1446,1449
1207,302,63,0.4444,0.465,1.4079,0.2836,0.5397,0.4848,33,0.25,4,0.25,4,BRKR,3,16,1509,1512
1257,315,63,0.4127,0.3909,1.1916,0.2828,0.4762,0.4255,47,0.3333,18,,0,BRKR,3,17,1572,1575
1308,327,63,0.5238,0.5152,0.6909,0.2489,0.4762,,0,,0,,0,BRKR,3,18,1635,1638
1358,340,63,0.4603,0.537,0.6922,0.2495,0.5397,,0,,0,,0,BRKR,3,19,1698,1701
1408,353,63,0.4127,0.5484,0.7027,0.2548,0.3968,0.4032,62,,0,,0,BRKR,3,20,1761,1764
1459,365,63,0.4921,0.5152,0.6952,0.251,0.4762,0.4737,38,,0,,0,BRKR,3,21,1824,1827
1509,378,63,0.5556,0.4979,0.6956,0.2512,0.619,0.617,47,,0,,0,BRKR,3,22,1887,1890
1560,390,63,0.5079,0.5156,0.6925,0.2497,0.4921,0.5,60,,0,,0,BRKR,3,23,1950,1953
1610,403,63,0.5079,0.4824,0.7144,0.2603,0.619,0.58,50,1.0,4,1.0,3,BRKR,3,24,2013,2016
400,101,63,0.4603,0.4765,1.9152,0.3195,0.4444,0.4423,52,0.42,50,0.42,50,BSX,3,0,501,504
451,113,63,0.5556,0.6878,0.654,0.2314,0.5556,0.6842,19,0.7333,15,0.7333,15,BSX,3,1,564,567
501,126,63,0.381,0.4146,1.2954,0.3216,0.4762,0.3953,43,0.4,10,0.4,10,BSX,3,2,627,630
552,138,63,0.4762,0.5468,1.0965,0.2471,0.5714,0.5455,33,0.5484,31,0.75,20,BSX,3,3,690,693
602,151,63,0.4286,0.5758,0.6727,0.2429,0.6032,0.6,10,0.6,10,0.6,10,BSX,3,4,753,756
652,164,63,0.5238,0.517,0.6943,0.2506,0.5714,0.5682,44,,0,,0,BSX,3,5,816,819
703,176,63,0.6032,0.645,0.659,0.2334,0.4603,0.6111,18,1.0,1,,0,BSX,3,6,879,882
753,189,63,0.5714,0.5616,0.7138,0.259,0.3968,0.4643,28,0.45,20,0.4667,15,BSX,3,7,942,945
804,201,63,0.5556,0.6557,0.6625,0.2358,0.4921,0.7143,7,0.8333,6,0.8333,6,BSX,3,8,1005,1008
854,214,63,0.5397,0.5335,2.5896,0.3211,0.5397,0.541,61,0.5455,33,0.5455,33,BSX,3,9,1068,1071
904,227,63,0.6032,0.642,0.6711,0.2411,0.5397,0.5849,53,0.3333,3,0.3333,3,BSX,3,10,1131,1134
955,239,63,0.6984,0.6628,1.391,0.2713,0.6825,0.7857,42,0.7941,34,,0,BSX,3,11,1194,1197
1005,252,63,0.4762,0.6059,1.1891,0.279,0.6508,0.8333,12,0.8333,12,,0,BSX,3,12,1257,1260
1056,264,63,0.5079,0.5146,0.6935,0.2502,0.4762,0.4915,59,0.4667,30,1.0,1,BSX,3,13,1320,1323
1106,277,63,0.5873,0.6485,0.6384,0.2257,0.5238,0.5593,59,0.6429,28,0.6429,28,BSX,3,14,1383,1386
1156,290,63,0.5873,0.6752,0.6648,0.2368,0.7302,0.8571,28,1.0,10,1.0,8,BSX,3,15,1446,1449
1207,302,63,0.619,0.5884,1.1214,0.252,0.6032,0.6458,48,0.7273,11,0.7273,11,BSX,3,16,1509,1512
1257,315,63,0.5397,0.5654,1.3805,0.2695,0.5397,0.5439,57,0.6522,23,0.6522,23,BSX,3,17,1572,1575
1308,327,63,0.6825,0.5877,0.646,0.2269,0.7143,0.7551,49,0.7647,17,0.7647,17,BSX,3,18,1635,1638
1358,340,63,0.619,0.4377,0.6797,0.2433,0.7143,0.6909,55,0.6981,53,0.6667,39,BSX,3,19,1698,1701
1408,353,63,0.5714,0.4748,0.6965,0.2513,0.5714,0.5714,63,0.569,58,0.5429,35,BSX,3,20,1761,1764
1459,365,63,0.4921,0.4596,0.7683,0.2856,0.4762,0.4839,62,0.4839,62,0.4839,62,BSX,3,21,1824,1827
1509,378,63,0.4603,0.4483,5.861,0.4548,0.4603,0.4603,63,0.4603,63,0.4915,59,BSX,3,22,1887,1890
1560,390,63,0.3968,0.5958,1.1921,0.2856,0.3968,0.3968,63,0.3968,63,0.6,5,BSX,3,23,1950,1953
1610,403,63,0.3492,0.6064,1.6755,0.3061,0.3492,0.3492,63,0.5,24,0.5,24,BSX,3,24,2013,2016
400,101,63,0.381,0.4127,0.7205,0.2623,0.3333,0.3043,46,,0,,0,CAVA,3,0,501,504
451,113,63,0.6508,0.6242,0.6344,0.2231,0.5238,0.6222,45,0.6222,45,0.5333,15,CAVA,3,1,564,567
501,126,63,0.619,0.6605,0.9283,0.2575,0.6032,0.7188,32,1.0,6,1.0,6,CAVA,3,2,627,630
400,101,63,0.5556,0.5138,0.7204,0.2603,0.5556,0.5556,63,0.5769,26,0.6,25,CI,3,0,501,504
451,113,63,0.4921,0.5902,0.9131,0.2526,0.4921,0.4918,61,0.5625,32,0.75,4,CI,3,1,564,567
501,126,63,0.5397,0.5988,1.7782,0.2674,0.4921,0.5385,26,0.5217,23,0.6,10,CI,3,2,627,630
552,138,63,0.5714,0.5921,0.7267,0.2649,0.5714,0.6552,29,,0,,0,CI,3,3,690,693
602,151,63,0.5397,0.6474,0.6487,0.2295,0.6032,0.7647,17,0.8889,9,1.0,5,CI,3,4,753,756
652,164,63,0.4127,0.6657,0.702,0.2545,0.3175,0.3396,53,0.4211,38,0.6667,12,CI,3,5,816,819
703,176,63,0.5397,0.6341,0.7123,0.2582,0.5079,0.6,15,0.5714,14,0.5714,14,CI,3,6,879,882
753,189,63,0.5079,0.4318,0.7791,0.2883,0.5238,0.625,8,,0,,0,CI,3,7,942,945
804,201,63,0.4444,0.5648,0.7253,0.2652,0.5556,,0,,0,,0,CI,3,8,1005,1008
854,214,63,0.5556,0.5963,0.688,0.2474,0.5397,0.625,24,0.625,8,,0,CI,3,9,1068,1071
904,227,63,0.619,0.516,0.6771,0.242,0.619,0.619,63,0.6471,17,0.6471,17,CI,3,10,1131,1134
955,239,63,0.5079,0.4985,0.7336,0.269,0.5397,0.5294,51,0.5263,38,0.6667,9,CI,3,11,1194,1197
1005,252,63,0.3651,0.5245,0.9596,0.274,0.3651,0.3651,63,0.4444,9,0.4444,9,CI,3,12,1257,1260
1056,264,63,0.4762,0.6726,0.6684,0.2391,0.5873,0.6667,12,0.7143,7,0.7143,7,CI,3,13,1320,1323
1106,277,63,0.5079,0.463,0.953,0.2703,0.5397,0.5283,53,0.5,20,0.5,20,CI,3,14,1383,1386
1156,290,63,0.5079,0.5141,0.7323,0.2682,0.4921,0.5,30,0.5,18,0.5,18,CI,3,15,1446,1449
1207,302,63,0.3492,0.4706,0.9324,0.3542,0.619,0.25,4,0.25,4,,0,CI,3,16,1509,1512
1257,315,63,0.5238,0.4854,0.9408,0.2646,0.4762,0.5,4,0.3333,3,0.3333,3,CI,3,17,1572,1575
1308,327,63,0.4921,0.5494,0.6922,0.251,0.4921,0.4915,59,0.4915,59,1.0,2,CI,3,18,1635,1638
1358,340,63,0.5079,0.5081,1.4089,0.2827,0.5079,0.5079,63,0.4545,11,0.4545,11,CI,3,19,1698,1701
1408,353,63,0.6349,0.569,0.6593,0.2333,0.6349,0.6349,63,0.6349,63,1.0,1,CI,3,20,1761,1764
1459,365,63,0.4444,0.6163,0.7089,0.2579,0.4286,0.4355,62,0.4262,61,0.5,6,CI,3,21,1824,1827
1509,378,63,0.5079,0.5363,0.745,0.2691,0.5079,0.5079,63,0.5161,62,0.5161,31,CI,3,22,1887,1890
1560,390,63,0.5556,0.3556,0.7403,0.2725,0.5556,0.5556,63,0.3529,17,0.3529,17,CI,3,23,1950,1953
1610,403,63,0.5079,0.5399,0.9306,0.2596,0.4762,0.4915,59,0.5,8,0.5,8,CI,3,24,2013,2016
400,101,63,0.5873,0.5541,1.5609,0.2635,0.5873,0.5873,63,0.5873,63,0.5873,63,CNC,3,0,501,504
451,113,63,0.5556,0.5454,1.1258,0.2544,0.5079,0.5357,56,0.5185,54,1.0,1,CNC,3,1,564,567
501,126,63,0.6508,0.6286,1.3399,0.2562,0.5556,0.6444,45,,0,,0,CNC,3,2,627,630
552,138,63,0.4444,0.3904,1.7101,0.3203,0.4762,0.4138,29,0.4138,29,0.3077,13,CNC,3,3,690,693
602,151,63,0.5556,0.4532,1.8747,0.2966,0.5873,0.5738,61,0.6,30,0.6,30,CNC,3,4,753,756
652,164,63,0.5238,0.7838,0.6649,0.2359,0.5238,0.5238,63,0.8519,27,,0,CNC,3,5,816,819
703,176,63,0.5079,0.5237,1.6181,0.2818,0.4921,0.5,48,0.5,48,0.5,8,CNC,3,6,879,882
753,189,63,0.4603,0.5959,3.7208,0.3672,0.5556,0.6,5,0.6,5,,0,CNC,3,7,942,945
804,201,63,0.4921,0.6371,2.0338,0.2836,0.5079,,0,,0,,0,CNC,3,8,1005,1008
854,214,63,0.4286,0.5033,1.2002,0.2863,0.6349,0.625,16,0.625,16,,0,CNC,3,9,1068,1071
904,227,63,0.4286,0.4584,0.7605,0.2825,0.4603,0.4186,43,0.4186,43,0.4286,35,CNC,3,10,1131,1134
955,239,63,0.4444,0.4917,0.7092,0.258,0.4127,0.3902,41,0.4545,22,0.6154,13,CNC,3,11,1194,1197
1005,252,63,0.4603,0.4551,0.7093,0.2584,0.4444,0.4423,52,0.3611,36,1.0,1,CNC,3,12,1257,1260
1056,264,63,0.6349,0.6973,0.6616,0.2344,0.4603,0.6364,22,0.6364,22,0.6429,14,CNC,3,13,1320,1323
1106,277,63,0.6349,0.6168,0.6627,0.2349,0.5556,0.65,40,0.65,40,,0,CNC,3,14,1383,1386
1156,290,63,0.4762,0.6247,0.7705,0.2853,0.6032,1.0,5,1.0,5,,0,CNC,3,15,1446,1449
1207,302,63,0.381,0.6368,2.5636,0.3278,0.619,,0,,0,,0,CNC,3,16,1509,1512
1257,315,63,0.4762,0.5745,0.6914,0.2491,0.4444,0.4576,59,0.8,5,,0,CNC,3,17,1572,1575
1308,327,63,0.5714,0.6773,0.6531,0.2332,0.5238,0.5577,52,0.6875,16,0.6875,16,CNC,3,18,1635,1638
1358,340,63,0.4603,0.5243,6.6568,0.4933,0.4603,0.4603,63,0.4603,63,0.4603,63,CNC,3,19,1698,1701
1408,353,63,0.5714,0.5175,1.5686,0.2649,0.5714,0.5714,63,0.5714,63,0.5714,63,CNC,3,20,1761,1764
1459,365,63,0.2381,0.4819,0.7559,0.2814,0.2381,0.2381,63,0.2083,24,1.0,1,CNC,3,21,1824,1827
1509,378,63,0.381,0.5,0.7057,0.2563,0.619,,0,,0,,0,CNC,3,22,1887,1890
1560,390,63,0.4762,0.5,0.6935,0.2502,0.5238,,0,,0,,0,CNC,3,23,1950,1953
1610,403,63,0.6667,0.5,0.6896,0.2482,0.6667,0.6667,63,,0,,0,CNC,3,24,2013,2016
400,101,63,0.5714,0.5766,1.3367,0.258,0.5397,0.5614,57,0.5455,44,0.5455,44,COST,3,0,501,504
451,113,63,0.6032,0.6063,0.7064,0.2525,0.6032,0.6757,37,0.6571,35,0.6571,35,COST,3,1,564,567
501,126,63,0.4762,0.4886,1.465,0.3085,0.6349,0.6129,31,0.6786,28,,0,COST,3,2,627,630
552,138,63,0.4921,0.5189,0.7173,0.261,0.4444,0.4655,58,0.4375,16,0.4375,16,COST,3,3,690,693
602,151,63,0.5873,0.3275,3.2251,0.3874,0.619,0.6182,55,0.6111,54,0.4091,22,COST,3,4,753,756
652,164,63,0.7143,0.5,0.6827,0.2448,0.7143,0.7143,63,,0,,0,COST,3,5,816,819
703,176,63,0.6667,0.5024,1.1279,0.2494,0.6984,0.6885,61,0.6885,61,,0,COST,3,6,879,882
753,189,63,0.5873,0.5125,0.6892,0.2476,0.5873,0.5873,63,0.5873,63,0.5873,63,COST,3,7,942,945
804,201,63,0.5873,0.5135,0.6862,0.2464,0.5873,0.5873,63,0.5873,63,0.5873,63,COST,3,8,1005,1008
854,214,63,0.5556,0.6776,3.1459,0.3153,0.5556,0.5556,63,0.5556,63,0.5556,63,COST,3,9,1068,1071
904,227,63,0.4762,0.5239,1.0372,0.3039,0.4127,0.4364,55,0.4444,45,0.4865,37,COST,3,10,1131,1134
955,239,63,0.619,0.4792,0.6722,0.2396,0.619,0.619,63,0.6047,43,,0,COST,3,11,1194,1197
1005,252,63,0.4762,0.5223,0.7115,0.2591,0.4603,0.4667,60,0.4727,55,,0,COST,3,12,1257,1260
1056,264,63,0.7778,0.7228,0.8594,0.2259,0.6667,0.8182,44,0.8,40,0.6667,3,COST,3,13,1320,1323
1106,277,63,0.5397,0.5399,0.6848,0.2481,0.5238,0.55,40,0.5263,38,0.5625,16,COST,3,14,1383,1386
1156,290,63,0.5556,0.5375,2.3661,0.4536,0.7619,0.8571,28,0.8889,18,1.0,2,COST,3,15,1446,1449
1207,302,63,0.4603,0.4407,0.7152,0.2609,0.6508,0.6,35,0.6,35,1.0,2,COST,3,16,1509,1512
1257,315,63,0.6349,0.5658,0.6567,0.232,0.6349,0.6349,63,0.6349,63,0.875,8,COST,3,17,1572,1575
1308,327,63,0.5556,0.5036,0.713,0.2589,0.5556,0.5556,63,0.5556,63,0.5556,63,COST,3,18,1635,1638
1358,340,63,0.6349,0.3804,0.6655,0.2362,0.6349,0.6349,63,0.6349,63,0.6111,54,COST,3,19,1698,1701
1408,353,63,0.5556,0.5429,0.729,0.2627,0.5556,0.5556,63,0.5556,63,0.5556,63,COST,3,20,1761,1764
1459,365,63,0.3968,0.4147,0.8024,0.3027,0.3968,0.3968,63,0.3968,63,0.3968,63,COST,3,21,1824,1827
1509,378,63,0.3968,0.5,0.7361,0.2713,0.3968,0.3968,63,0.3968,63,,0,COST,3,22,1887,1890
1560,390,63,0.5079,0.5,0.6953,0.2511,0.5079,0.5079,63,,0,,0,COST,3,23,1950,1953
1610,403,63,0.5714,0.5,0.6928,0.2498,0.5714,0.5714,63,,0,,0,COST,3,24,2013,2016
400,101,63,0.5556,0.5684,0.6827,0.2451,0.5556,0.5556,63,0.5556,63,0.5909,44,CRM,3,0,501,504
451,113,63,0.619,0.4594,0.6896,0.246,0.619,0.619,63,0.619,63,0.3333,3,CRM,3,1,564,567
501,126,63,0.5556,0.6048,0.6551,0.2334,0.5079,0.5333,60,0.5333,60,1.0,4,CRM,3,2,627,630
552,138,63,0.4603,0.4807,0.7373,0.2707,0.4603,0.4576,59,0.4483,58,0.5,2,CRM,3,3,690,693
602,151,63,0.4286,0.4204,1.3439,0.348,0.5556,0.0,1,0.0,1,0.0,1,CRM,3,4,753,756
652,164,63,0.4444,0.5281,1.2368,0.2902,0.5556,0.5,2,0.5,2,0.5,2,CRM,3,5,816,819
703,176,63,0.4603,0.3697,0.9632,0.2757,0.6508,0.5778,45,,0,,0,CRM,3,6,879,882
753,189,63,0.5238,0.5463,0.7813,0.2906,0.3968,0.4419,43,0.4419,43,0.4419,43,CRM,3,7,942,945
804,201,63,0.4286,0.4897,0.801,0.2979,0.4286,0.4211,57,0.4423,52,0.4,30,CRM,3,8,1005,1008
854,214,63,0.5873,0.5796,0.6891,0.248,0.5397,0.6053,38,,0,,0,CRM,3,9,1068,1071
904,227,63,0.7302,0.7005,2.0418,0.2781,0.3651,0.6364,22,0.6364,22,0.5625,16,CRM,3,10,1131,1134
955,239,63,0.4603,0.6359,0.9028,0.2528,0.6349,0.8,10,0.7143,7,0.7143,7,CRM,3,11,1194,1197
1005,252,63,0.4127,0.4143,0.7447,0.2743,0.5397,0.2857,7,0.4,5,0.4,5,CRM,3,12,1257,1260
1056,264,63,0.4921,0.5354,0.7162,0.2593,0.4762,0.4167,12,0.4,10,0.3333,6,CRM,3,13,1320,1323
1106,277,63,0.5873,0.6496,0.6788,0.2425,0.4603,0.5333,45,1.0,4,1.0,1,CRM,3,14,1383,1386
1156,290,63,0.3333,0.374,0.7723,0.2885,0.7302,0.625,16,,0,,0,CRM,3,15,1446,1449
1207,302,63,0.4127,0.3945,0.7251,0.2658,0.4286,0.3214,28,0.3214,28,,0,CRM,3,16,1509,1512
1257,315,63,0.4444,0.5927,2.0683,0.2968,0.4921,0.0,4,,0,,0,CRM,3,17,1572,1575
1308,327,63,0.619,0.4878,0.6769,0.2419,0.6508,0.6441,59,,0,,0,CRM,3,18,1635,1638
1358,340,63,0.5556,0.5484,0.6591,0.2376,0.5079,0.5333,60,0.5333,60,,0,CRM,3,19,1698,1701
1408,353,63,0.4444,0.5,0.7171,0.2619,0.4444,0.4444,63,0.4444,63,,0,CRM,3,20,1761,1764
1459,365,63,0.3968,0.553,0.7181,0.2624,0.4127,0.4032,62,0.75,8,,0,CRM,3,21,1824,1827
1509,378,63,0.4921,0.6023,0.6938,0.2503,0.5079,0.5,24,,0,,0,CRM,3,22,1887,1890
1560,390,63,0.4286,0.4802,0.6796,0.2463,0.4603,0.4255,47,1.0,2,1.0,2,CRM,3,23,1950,1953
1610,403,63,0.5714,0.562,0.705,0.2553,0.5079,0.5439,57,0.5405,37,0.5405,37,CRM,3,24,2013,2016
400,101,63,0.381,0.5,0.7251,0.2659,0.381,0.381,63,0.381,63,,0,CRWD,3,0,501,504
451,113,63,0.6032,0.5011,0.6818,0.2444,0.3968,,0,,0,,0,CRWD,3,1,564,567
501,126,63,0.4762,0.4975,2.5683,0.3277,0.5397,0.5294,17,0.5294,17,0.5294,17,CRWD,3,2,627,630
552,138,63,0.4762,0.55,0.7087,0.2576,0.5238,,0,,0,,0,CRWD,3,3,690,693
602,151,63,0.5397,0.5428,0.6808,0.2457,0.5079,0.5405,37,0.5,34,0.5714,7,CRWD,3,4,753,756
652,164,63,0.4127,0.658,0.7327,0.2697,0.4127,0.4127,63,0.4127,63,0.9,10,CRWD,3,5,816,819
703,176,63,0.3651,0.7,0.6925,0.2489,0.6825,1.0,3,1.0,3,1.0,2,CRWD,3,6,879,882
753,189,63,0.4921,0.6378,1.8637,0.3007,0.5556,0.7143,7,1.0,4,1.0,4,CRWD,3,7,942,945
804,201,63,0.5556,0.5041,0.689,0.2483,0.5556,0.5574,61,,0,,0,CRWD,3,8,1005,1008
854,214,63,0.6667,0.5275,1.6536,0.2888,0.6984,0.7447,47,1.0,2,1.0,2,CRWD,3,9,1068,1071
904,227,63,0.4921,0.5152,0.9681,0.2818,0.5238,0.5217,23,0.5455,22,,0,CRWD,3,10,1131,1134
955,239,63,0.5873,0.658,0.6637,0.2356,0.5873,0.5873,63,0.5873,63,0.7059,34,CRWD,3,11,1194,1197
1005,252,63,0.6032,0.5426,0.6764,0.2417,0.5873,0.5968,62,0.5932,59,0.6034,58,CRWD,3,12,1257,1260
1056,264,63,0.4921,0.503,0.6995,0.2544,0.5397,0.5294,34,0.5294,34,0.5294,34,CRWD,3,13,1320,1323
1106,277,63,0.6032,0.5695,0.7096,0.2461,0.6032,0.6327,49,0.6522,23,0.6522,23,CRWD,3,14,1383,1386
1156,290,63,0.619,0.4557,0.6916,0.2492,0.619,0.619,63,0.4444,9,,0,CRWD,3,15,1446,1449
1207,302,63,0.4762,0.4788,0.7231,0.2641,0.4921,0.4839,62,0.5,20,0.4,10,CRWD,3,16,1509,1512
1257,315,63,0.6032,0.6116,0.6785,0.2427,0.4603,0.5556,36,0.5588,34,,0,CRWD,3,17,1572,1575
1308,327,63,0.5238,0.5262,0.7161,0.2606,0.5079,0.5172,58,0.5172,58,0.6,5,CRWD,3,18,1635,1638
400,101,63,0.4603,0.5664,1.021,0.3034,0.4603,0.459,61,0.4576,59,0.4576,59,DDOG,3,0,501,504
451,113,63,0.6508,0.6435,0.6587,0.2331,0.5714,0.64,50,0.6,10,0.6667,3,DDOG,3,1,564,567
501,126,63,0.4127,0.6232,4.5632,0.4381,0.3968,0.4032,62,0.4032,62,0.4444,54,DDOG,3,2,627,630
552,138,63,0.4762,0.4923,0.7259,0.2651,0.4444,0.4545,55,0.439,41,,0,DDOG,3,3,690,693
602,151,63,0.5556,0.5727,1.5977,0.2745,0.4762,0.5714,14,0.6,10,0.6,10,DDOG,3,4,753,756
652,164,63,0.5556,0.5167,1.218,0.2865,0.5397,0.575,40,0.575,40,0.4444,9,DDOG,3,5,816,819
703,176,63,0.3175,0.4767,1.0918,0.3385,0.6984,0.5714,7,0.5,6,0.5,6,DDOG,3,6,879,882
753,189,63,0.4762,0.535,0.6911,0.2504,0.4603,0.4677,62,0.5833,12,0.5833,12,DDOG,3,7,942,945
804,201,63,0.6349,0.3654,0.6691,0.238,0.6984,0.678,59,0.678,59,0.0,2,DDOG,3,8,1005,1008
854,214,63,0.5397,0.5,0.6997,0.2531,0.5397,0.5397,63,0.5397,63,0.5397,63,DDOG,3,9,1068,1071
904,227,63,0.6349,0.6321,0.65,0.2288,0.6349,0.6349,63,0.6349,63,0.6857,35,DDOG,3,10,1131,1134
955,239,63,0.5556,0.5,0.6929,0.2498,0.5556,0.5556,63,0.5556,63,0.5556,63,DDOG,3,11,1194,1197
1005,252,63,0.5873,0.4671,3.8924,0.3454,0.4286,0.5263,19,0.4545,11,0.3333,9,DDOG,3,12,1257,1260
1056,264,63,0.3968,0.4896,4.9279,0.4258,0.4127,0.3696,46,0.3696,46,0.4545,33,DDOG,3,13,1320,1323
1106,277,63,0.3016,0.6192,0.7247,0.2668,0.7937,0.8,10,,0,,0,DDOG,3,14,1383,1386
1156,290,63,0.5714,0.4414,0.6919,0.2494,0.5714,0.5714,63,0.5714,42,,0,DDOG,3,15,1446,1449
1207,302,63,0.3333,0.4405,0.7551,0.2807,0.3333,0.3333,63,0.3333,63,,0,DDOG,3,16,1509,1512
1257,315,63,0.4603,0.4975,0.6947,0.2508,0.4603,0.459,61,,0,,0,DDOG,3,17,1572,1575
400,101,63,0.3968,0.4615,0.7043,0.2554,0.4127,0.4032,62,,0,,0,DNA,3,0,501,504
451,113,63,0.5079,0.4384,0.7381,0.2713,0.4762,0.0,1,0.0,1,,0,DNA,3,1,564,567
501,126,63,0.4762,0.3486,0.6622,0.2349,0.2381,0.125,24,,0,,0,DNA,3,2,627,630
552,138,63,0.5714,0.4419,0.7169,0.259,0.4286,,0,,0,,0,DNA,3,3,690,693
602,151,63,0.3651,0.3674,0.9375,0.3592,0.6032,0.3333,6,,0,,0,DNA,3,4,753,756
652,164,63,0.619,0.5,0.6707,0.2388,0.381,,0,,0,,0,DNA,3,5,816,819
703,176,63,0.4286,0.5,0.7033,0.2551,0.5714,,0,,0,,0,DNA,3,6,879,882
753,189,63,0.4127,0.4643,0.9446,0.2666,0.4444,0.4262,61,,0,,0,DNA,3,7,942,945
804,201,63,0.5238,0.5423,0.6934,0.2501,0.5079,0.75,4,0.75,4,,0,DNA,3,8,1005,1008
854,214,63,0.4127,0.4141,0.7127,0.2597,0.4286,0.3333,30,,0,,0,DNA,3,9,1068,1071
400,101,63,0.5873,0.5457,0.8386,0.303,0.6349,0.6591,44,0.5556,9,0.5556,9,DUOL,3,0,501,504
451,113,63,0.4762,0.5447,0.8303,0.3112,0.3968,0.42,50,0.42,50,0.413,46,DUOL,3,1,564,567
501,126,63,0.4921,0.5808,1.1094,0.2485,0.5238,1.0,1,1.0,1,1.0,1,DUOL,3,2,627,630
552,138,63,0.3968,0.4686,1.1825,0.2778,0.4603,0.3636,33,0.5238,21,0.5263,19,DUOL,3,3,690,693
602,151,63,0.3175,0.5721,0.715,0.2609,0.6825,,0,,0,,0,DUOL,3,4,753,756
652,164,63,0.5238,0.4693,1.4234,0.2876,0.4921,0.5143,35,0.5143,35,,0,DUOL,3,5,816,819
703,176,63,0.5397,0.5598,0.6687,0.2379,0.619,0.619,42,0.6667,21,0.6667,21,DUOL,3,6,879,882
753,189,63,0.3651,0.4124,0.8656,0.3318,0.2698,0.2444,45,0.1951,41,0.1951,41,DUOL,3,7,942,945
804,201,63,0.3016,0.3148,0.7933,0.2969,0.4286,0.3191,47,,0,,0,DUOL,3,8,1005,1008
854,214,63,0.7143,0.4889,0.6632,0.235,0.2857,,0,,0,,0,DUOL,3,9,1068,1071
400,101,63,0.5556,0.5358,1.4125,0.2755,0.619,0.6122,49,0.6538,26,0.7083,24,ETSY,3,0,501,504
451,113,63,0.3333,0.5667,9.975,0.6568,0.7143,1.0,3,,0,,0,ETSY,3,1,564,567
501,126,63,0.619,0.6242,1.3099,0.2447,0.5238,0.5882,51,0.6042,48,0.6042,48,ETSY,3,2,627,630
552,138,63,0.5873,0.5141,0.7563,0.2728,0.6349,0.625,56,0.6364,33,0.6364,33,ETSY,3,3,690,693
602,151,63,0.4603,0.5691,1.4056,0.2863,0.4127,0.42,50,0.4286,49,0.4286,49,ETSY,3,4,753,756
652,164,63,0.5079,0.4621,0.7272,0.2667,0.5238,0.5185,54,0.3333,9,0.3333,9,ETSY,3,5,816,819
703,176,63,0.6349,0.4957,0.6705,0.2402,0.6349,0.6441,59,0.6667,9,,0,ETSY,3,6,879,882
753,189,63,0.3333,0.4418,0.7182,0.2625,0.3651,0.3443,61,,0,,0,ETSY,3,7,942,945
804,201,63,0.2857,0.2688,0.7678,0.287,0.3492,0.2653,49,0.2653,49,,0,ETSY,3,8,1005,1008
854,214,63,0.4444,0.4828,0.7037,0.2553,0.5397,0.0,1,,0,,0,ETSY,3,9,1068,1071
904,227,63,0.4921,0.5312,0.699,0.2529,0.5079,,0,,0,,0,ETSY,3,10,1131,1134
955,239,63,0.5556,0.6065,0.6912,0.249,0.5714,0.9,10,0.9,10,,0,ETSY,3,11,1194,1197
1005,252,63,0.3968,0.5314,2.8128,0.3341,0.3175,0.3393,56,0.3077,13,0.3077,13,ETSY,3,12,1257,1260
1056,264,63,0.5397,0.5307,0.6939,0.2497,0.5079,0.5246,61,0.5,2,0.5,2,ETSY,3,13,1320,1323
1106,277,63,0.6349,0.576,1.0644,0.2307,0.3016,0.375,16,,0,,0,ETSY,3,14,1383,1386
1156,290,63,0.4444,0.4461,0.6818,0.2474,0.5079,0.4444,27,1.0,2,1.0,2,ETSY,3,15,1446,1449
1207,302,63,0.4762,0.4213,0.6928,0.2498,0.4286,0.125,8,,0,,0,ETSY,3,16,1509,1512
1257,315,63,0.6032,0.5848,0.6797,0.2433,0.4762,0.7778,9,,0,,0,ETSY,3,17,1572,1575
1308,327,63,0.4444,0.4222,1.7329,0.3285,0.4762,0.439,41,0.4375,32,0.4516,31,ETSY,3,18,1635,1638
1358,340,63,0.5873,0.5765,0.6792,0.2446,0.5556,0.6047,43,1.0,1,1.0,1,ETSY,3,19,1698,1701
1408,353,63,0.4603,0.4444,0.7273,0.266,0.4762,0.4444,36,0.4167,24,0.2,5,ETSY,3,20,1761,1764
1459,365,63,0.746,0.723,0.6772,0.242,0.5556,0.7317,41,,0,,0,ETSY,3,21,1824,1827
1509,378,63,0.5714,0.5746,0.6841,0.2455,0.4921,0.5345,58,,0,,0,ETSY,3,22,1887,1890
1560,390,63,0.6349,0.6712,1.0933,0.241,0.5238,0.7273,22,0.7273,22,,0,ETSY,3,23,1950,1953
1610,403,63,0.4762,0.5414,0.7075,0.2566,0.5238,0.5,18,0.5,18,0.5,18,ETSY,3,24,2013,2016
400,101,63,0.619,0.4823,2.2657,0.2876,0.6508,0.6441,59,0.6441,59,0.6471,17,FIVN,3,0,501,504
451,113,63,0.6508,0.5366,0.6468,0.2272,0.6508,0.6508,63,0.6508,63,0.6508,63,FIVN,3,1,564,567
501,126,63,0.6984,0.5078,0.6204,0.2144,0.6984,0.6984,63,0.6984,63,0.7059,51,FIVN,3,2,627,630
552,138,63,0.5873,0.5806,0.6936,0.2476,0.5556,0.5789,57,0.5789,57,0.6786,28,FIVN,3,3,690,693
602,151,63,0.5714,0.4871,0.7081,0.2562,0.5714,0.5714,63,0.5714,63,0.5714,63,FIVN,3,4,753,756
652,164,63,0.6667,0.4439,0.6657,0.236,0.6667,0.6667,63,0.6667,60,0.5882,17,FIVN,3,5,816,819
703,176,63,0.4762,0.6455,0.6956,0.2525,0.4762,0.4762,63,0.5357,56,0.5517,29,FIVN,3,6,879,882
753,189,63,0.4444,0.6372,0.7226,0.2646,0.4444,0.4444,63,0.4444,63,0.5,36,FIVN,3,7,942,945
804,201,63,0.4762,0.4056,2.0232,0.3506,0.4762,0.4762,63,0.3704,27,0.3704,27,FIVN,3,8,1005,1008
854,214,63,0.4286,0.5078,0.6991,0.253,0.5873,0.6667,3,,0,,0,FIVN,3,9,1068,1071
904,227,63,0.6508,0.5346,1.4003,0.2777,0.3333,0.4286,7,0.4286,7,0.4286,7,FIVN,3,10,1131,1134
955,239,63,0.3968,0.4428,1.4692,0.3107,0.619,1.0,1,1.0,1,1.0,1,FIVN,3,11,1194,1197
1005,252,63,0.5079,0.5459,0.6987,0.2528,0.381,0.4,35,,0,,0,FIVN,3,12,1257,1260
1056,264,63,0.381,0.5432,0.9674,0.2767,0.6032,0.4615,13,0.5,12,0.5455,11,FIVN,3,13,1320,1323
1106,277,63,0.6032,0.5789,0.6881,0.2475,0.3968,0.5,20,,0,,0,FIVN,3,14,1383,1386
1156,290,63,0.4444,0.5837,0.7131,0.2599,0.5556,,0,,0,,0,FIVN,3,15,1446,1449
1207,302,63,0.4444,0.5468,0.7194,0.2626,0.4127,0.4151,53,0.4314,51,0.5,12,FIVN,3,16,1509,1512
1257,315,63,0.4762,0.5811,0.7645,0.2843,0.3333,0.3636,44,0.3636,44,0.3636,44,FIVN,3,17,1572,1575
1308,327,63,0.4921,0.5319,0.6946,0.2507,0.4603,0.4545,33,0.5882,17,0.5882,17,FIVN,3,18,1635,1638
1358,340,63,0.4603,0.6379,0.6939,0.2507,0.5397,,0,,0,,0,FIVN,3,19,1698,1701
1408,353,63,0.619,0.5935,1.1405,0.2571,0.381,0.5,4,0.5,4,0.5,4,FIVN,3,20,1761,1764
1459,365,63,0.5714,0.5847,0.6761,0.2417,0.4603,0.75,4,0.75,4,0.75,4,FIVN,3,21,1824,1827
1509,378,63,0.5714,0.5179,0.6819,0.2444,0.4444,1.0,1,1.0,1,1.0,1,FIVN,3,22,1887,1890
1560,390,63,0.619,0.5959,0.6671,0.2371,0.4444,1.0,4,1.0,4,1.0,2,FIVN,3,23,1950,1953
1610,403,63,0.5714,0.6394,0.6748,0.2409,0.4762,1.0,3,,0,,0,FIVN,3,24,2013,2016
400,101,63,0.6349,0.609,0.6797,0.2432,0.381,0.5217,23,0.5217,23,0.5217,23,FSLY,3,0,501,504
451,113,63,0.3968,0.3906,0.9856,0.2869,0.4921,0.2308,13,0.1818,11,0.2,5,FSLY,3,1,564,567
501,126,63,0.5397,0.5527,1.5768,0.2653,0.3333,0.3824,34,0.5,4,0.6667,3,FSLY,3,2,627,630
552,138,63,0.4286,0.4355,0.7642,0.2842,0.5079,0.4444,36,0.4571,35,0.4571,35,FSLY,3,3,690,693
602,151,63,0.5873,0.6384,1.0913,0.2399,0.4762,0.537,54,0.6667,9,0.6667,9,FSLY,3,4,753,756
652,164,63,0.5397,0.5015,0.7286,0.2656,0.4921,0.5278,36,0.5278,36,0.0,3,FSLY,3,5,816,819
703,176,63,0.4603,0.4295,1.0311,0.3064,0.6032,0.5556,36,0.5556,36,0.5238,21,FSLY,3,6,879,882
753,189,63,0.5397,0.617,0.9191,0.2618,0.619,0.6923,26,0.6923,26,0.6923,26,FSLY,3,7,942,945
804,201,63,0.4762,0.5662,0.956,0.2691,0.5238,0.5,56,0.6053,38,0.6053,38,FSLY,3,8,1005,1008
854,214,63,0.3968,0.4293,1.9362,0.3286,0.4762,0.3889,36,0.3824,34,0.3824,34,FSLY,3,9,1068,1071
904,227,63,0.5238,0.5874,0.9263,0.2581,0.4286,0.4706,51,0.4792,48,0.6667,3,FSLY,3,10,1131,1134
955,239,63,0.3492,0.4457,2.1612,0.3308,0.3492,0.3492,63,0.2,10,0.2,10,FSLY,3,11,1194,1197
1005,252,63,0.4444,0.5204,0.702,0.2544,0.5556,,0,,0,,0,FSLY,3,12,1257,1260
1056,264,63,0.4286,0.5494,0.6964,0.2518,0.5714,,0,,0,,0,FSLY,3,13,1320,1323
1106,277,63,0.5397,0.645,0.6704,0.2389,0.4603,0.5,52,,0,,0,FSLY,3,14,1383,1386
1156,290,63,0.619,0.6583,0.6542,0.2326,0.4921,0.6,35,,0,,0,FSLY,3,15,1446,1449
1207,302,63,0.5238,0.4706,3.0678,0.3522,0.619,0.5918,49,,0,,0,FSLY,3,16,1509,1512
1257,315,63,0.6032,0.6255,0.6879,0.2475,0.4444,0.5429,35,0.5312,32,0.5833,12,FSLY,3,17,1572,1575
1308,327,63,0.4921,0.5112,0.6944,0.2506,0.5397,0.5263,38,0.5263,38,,0,FSLY,3,18,1635,1638
400,101,63,0.5556,0.5204,0.6958,0.2511,0.5556,0.5556,63,0.5556,63,0.5581,43,FTNT,3,0,501,504
451,113,63,0.5238,0.523,2.3478,0.3178,0.5556,0.5641,39,0.5789,38,0.6111,36,FTNT,3,1,564,567
501,126,63,0.5079,0.4778,0.9465,0.2887,0.4921,0.5,50,0.0,1,0.0,1,FTNT,3,2,627,630
552,138,63,0.6032,0.4818,0.6778,0.2423,0.619,0.6129,62,0.6102,59,,0,FTNT,3,3,690,693
602,151,63,0.7302,0.5038,0.6471,0.2271,0.7302,0.7302,63,0.7255,51,,0,FTNT,3,4,753,756
652,164,63,0.8254,0.5096,0.5882,0.1981,0.8254,0.8254,63,0.8254,63,1.0,1,FTNT,3,5,816,819
703,176,63,0.5873,0.54,0.9609,0.2739,0.5873,0.5873,63,0.5873,63,0.5873,63,FTNT,3,6,879,882
753,189,63,0.4603,0.5193,2.1821,0.3458,0.4603,0.4603,63,0.4603,63,0.4603,63,FTNT,3,7,942,945
804,201,63,0.4762,0.5343,0.949,0.2716,0.4762,0.4762,63,0.4762,63,0.4762,63,FTNT,3,8,1005,1008
854,214,63,0.6032,0.3963,0.9546,0.2664,0.6032,0.6032,63,0.6032,63,0.3,10,FTNT,3,9,1068,1071
904,227,63,0.5397,0.5439,1.1552,0.2664,0.4762,0.5088,57,0.5088,57,0.5,4,FTNT,3,10,1131,1134
955,239,63,0.5238,0.5657,0.6794,0.2447,0.5238,0.5238,63,1.0,1,1.0,1,FTNT,3,11,1194,1197
1005,252,63,0.5238,0.5446,0.6943,0.2507,0.5397,0.6429,14,1.0,1,1.0,1,FTNT,3,12,1257,1260
1056,264,63,0.4127,0.5,0.7392,0.2727,0.5873,,0,,0,,0,FTNT,3,13,1320,1323
1106,277,63,0.4603,0.5345,0.7016,0.2542,0.4603,0.4603,63,1.0,2,,0,FTNT,3,14,1383,1386
1156,290,63,0.619,0.594,0.6693,0.2382,0.619,0.619,63,0.75,4,0.75,4,FTNT,3,15,1446,1449
1207,302,63,0.4603,0.5045,1.4224,0.2893,0.4762,0.46,50,,0,,0,FTNT,3,16,1509,1512
1257,315,63,0.4921,0.5922,0.6943,0.2508,0.4921,0.4921,63,0.5,62,0.6111,18,FTNT,3,17,1572,1575
1308,327,63,0.5397,0.5685,0.7052,0.2556,0.5397,0.5641,39,,0,,0,FTNT,3,18,1635,1638
1358,340,63,0.4921,0.5812,0.7523,0.2758,0.619,0.6522,23,,0,,0,FTNT,3,19,1698,1701
1408,353,63,0.4603,0.4652,1.204,0.2839,0.4921,0.4118,17,,0,,0,FTNT,3,20,1761,1764
1459,365,63,0.4127,0.5135,0.7209,0.2636,0.4127,0.4127,63,0.5,6,0.0,1,FTNT,3,21,1824,1827
1509,378,63,0.5397,0.4599,0.6998,0.2533,0.619,0.5962,52,,0,,0,FTNT,3,22,1887,1890
1560,390,63,0.5079,0.6321,0.6888,0.2478,0.4444,0.4737,57,0.5238,42,,0,FTNT,3,23,1950,1953
1610,403,63,0.5079,0.4985,0.7012,0.254,0.5714,0.5806,31,0.5357,28,,0,FTNT,3,24,2013,2016
400,101,63,0.4921,0.5118,0.9446,0.3485,0.381,0.4048,42,0.3438,32,0.3438,32,GM,3,0,501,504
451,113,63,0.4762,0.5152,0.7856,0.293,0.5238,,0,,0,,0,GM,3,1,564,567
501,126,63,0.3333,0.5215,1.2049,0.2878,0.6667,,0,,0,,0,GM,3,2,627,630
552,138,63,0.6349,0.6663,2.5148,0.2979,0.6349,0.7429,35,0.9,20,0.9,20,GM,3,3,690,693
602,151,63,0.4762,0.5101,0.7149,0.2608,0.5238,0.5,16,0.5,16,0.6,5,GM,3,4,753,756
652,164,63,0.5556,0.5877,1.1224,0.2529,0.5079,0.5357,56,0.5357,56,1.0,3,GM,3,5,816,819
703,176,63,0.4762,0.4521,1.9731,0.3298,0.5079,0.4828,29,0.5,28,,0,GM,3,6,879,882
753,189,63,0.4603,0.4646,0.9722,0.2791,0.5238,0.4737,19,0.5,8,0.5,8,GM,3,7,942,945
804,201,63,0.6667,0.6695,3.2076,0.3254,0.3968,0.5588,34,0.5588,34,0.5417,24,GM,3,8,1005,1008
854,214,63,0.4603,0.5294,0.7045,0.2556,0.4603,0.4603,63,0.4754,61,,0,GM,3,9,1068,1071
904,227,63,0.4286,0.6061,0.9341,0.2614,0.5556,0.0,1,0.0,1,0.0,1,GM,3,10,1131,1134
955,239,63,0.4603,0.4569,0.7197,0.263,0.5397,0.5,34,,0,,0,GM,3,11,1194,1197
1005,252,63,0.4921,0.4788,0.698,0.2524,0.4762,0.4737,38,,0,,0,GM,3,12,1257,1260
1056,264,63,0.4762,0.5849,1.6228,0.2872,0.5714,1.0,3,1.0,2,1.0,2,GM,3,13,1320,1323
1106,277,63,0.3492,0.6014,1.5582,0.3453,0.3492,0.3492,63,0.3492,63,0.4062,32,GM,3,14,1383,1386
1156,290,63,0.5873,0.5364,0.6783,0.2428,0.5873,0.5873,63,0.8,5,1.0,3,GM,3,15,1446,1449
1207,302,63,0.5873,0.6892,2.5575,0.3237,0.5873,0.7619,21,,0,,0,GM,3,16,1509,1512
1257,315,63,0.4921,0.4934,0.7006,0.2539,0.4921,0.4884,43,0.0,1,,0,GM,3,17,1572,1575
1308,327,63,0.5397,0.4968,0.7408,0.2718,0.619,0.6136,44,,0,,0,GM,3,18,1635,1638
1358,340,63,0.4286,0.5,0.7102,0.2585,0.4286,0.4286,63,,0,,0,GM,3,19,1698,1701
1408,353,63,0.5397,0.4595,0.7018,0.2542,0.5873,0.5667,60,,0,,0,GM,3,20,1761,1764
1459,365,63,0.4921,0.5,0.6944,0.2506,0.4921,0.4921,63,,0,,0,GM,3,21,1824,1827
1509,378,63,0.7143,0.6245,0.8725,0.2353,0.6349,0.7037,54,0.625,8,0.625,8,GM,3,22,1887,1890
1560,390,63,0.3492,0.4501,7.592,0.555,0.6508,0.5,10,0.5,10,,0,GM,3,23,1950,1953
1610,403,63,0.4444,0.4434,0.7035,0.2553,0.4444,0.4444,63,0.2727,11,0.6667,3,GM,3,24,2013,2016
400,101,63,0.5238,0.5571,0.6945,0.2507,0.5556,0.6923,13,,0,,0,GME,3,0,501,504
451,113,63,0.619,0.5526,0.6713,0.2392,0.3968,0.5556,9,0.5556,9,0.5556,9,GME,3,1,564,567
501,126,63,0.4603,0.5897,0.7502,0.2743,0.619,0.7273,11,0.6667,3,,0,GME,3,2,627,630
552,138,63,0.4286,0.5022,0.7517,0.2785,0.6508,0.6,25,0.5652,23,0.625,16,GME,3,3,690,693
602,151,63,0.6032,0.753,0.6469,0.2288,0.4603,0.5385,52,0.5385,52,0.5385,52,GME,3,4,753,756
652,164,63,0.4603,0.5737,1.4368,0.2986,0.381,0.3958,48,0.4242,33,0.4615,26,GME,3,5,816,819
703,176,63,0.5079,0.5638,1.1833,0.2771,0.5556,0.5625,32,0.6296,27,0.5,6,GME,3,6,879,882
753,189,63,0.3651,0.3853,0.7482,0.2761,0.3651,0.2821,39,0.6,5,0.75,4,GME,3,7,942,945
804,201,63,0.5397,0.5735,0.6573,0.2371,0.4603,,0,,0,,0,GME,3,8,1005,1008
854,214,63,0.3968,0.6091,1.1318,0.2618,0.5714,0.0,2,,0,,0,GME,3,9,1068,1071
904,227,63,0.5714,0.5913,1.3988,0.2755,0.4444,0.5217,23,,0,,0,GME,3,10,1131,1134
955,239,63,0.5238,0.3565,0.7127,0.2594,0.4127,0.3,10,,0,,0,GME,3,11,1194,1197
1005,252,63,0.6349,0.5238,0.6933,0.2485,0.3333,0.4,10,0.2857,7,0.3333,6,GME,3,12,1257,1260
1056,264,63,0.5714,0.6823,0.694,0.2504,0.5238,0.8,10,1.0,2,1.0,2,GME,3,13,1320,1323
1106,277,63,0.5397,0.4245,0.6949,0.2508,0.3651,0.25,12,0.25,4,0.25,4,GME,3,14,1383,1386
1156,290,63,0.5714,0.6273,0.6897,0.2469,0.4603,0.625,8,,0,,0,GME,3,15,1446,1449
1207,302,63,0.4762,0.5056,0.6973,0.252,0.4603,0.4,20,,0,,0,GME,3,16,1509,1512
1257,315,63,0.5397,0.4911,1.8536,0.2879,0.3968,0.4231,26,,0,,0,GME,3,17,1572,1575
1308,327,63,0.5238,0.5484,0.7001,0.2536,0.4921,0.5185,27,,0,,0,GME,3,18,1635,1638
1358,340,63,0.4921,0.452,0.7681,0.2843,0.5238,1.0,1,,0,,0,GME,3,19,1698,1701
1408,353,63,0.5079,0.5691,0.6666,0.2394,0.5873,0.5682,44,1.0,8,1.0,8,GME,3,20,1761,1764
1459,365,63,0.4603,0.5046,0.6982,0.2537,0.5397,0.5,6,0.5,6,0.5,6,GME,3,21,1824,1827
1509,378,63,0.4762,0.4662,0.7046,0.2556,0.5079,0.4848,33,,0,,0,GME,3,22,1887,1890
1560,390,63,0.4286,0.4537,0.7009,0.2538,0.5714,,0,,0,,0,GME,3,23,1950,1953
1610,403,63,0.5873,0.6009,0.6728,0.24,0.4603,0.6364,11,0.7,10,,0,GME,3,24,2013,2016
400,101,63,0.5079,0.524,2.116,0.3122,0.5556,0.5385,52,0.5385,52,0.5385,52,GOOG,3,0,501,504
451,113,63,0.4921,0.5643,0.6758,0.2417,0.6508,0.7647,17,0.7333,15,0.75,8,GOOG,3,1,564,567
501,126,63,0.5873,0.4865,0.6924,0.2485,0.5873,0.5873,63,0.5873,63,0.5556,9,GOOG,3,2,627,630
552,138,63,0.5079,0.3332,0.8461,0.3161,0.5079,0.5079,63,0.4915,59,0.3448,29,GOOG,3,3,690,693
602,151,63,0.4762,0.4788,0.7195,0.2629,0.6349,0.6522,23,0.6522,23,0.5,2,GOOG,3,4,753,756
652,164,63,0.6508,0.5978,0.668,0.2375,0.619,0.6809,47,0.6809,47,,0,GOOG,3,5,816,819
703,176,63,0.6032,0.4863,1.1326,0.2546,0.6032,0.6032,63,0.6032,63,0.5,4,GOOG,3,6,879,882
753,189,63,0.4127,0.5478,0.8002,0.3023,0.4127,0.4127,63,0.4127,63,0.4237,59,GOOG,3,7,942,945
804,201,63,0.4444,0.5,0.712,0.2594,0.4444,0.4444,63,0.4444,63,,0,GOOG,3,8,1005,1008
854,214,63,0.4762,0.4632,2.3339,0.3151,0.5079,0.4545,11,,0,,0,GOOG,3,9,1068,1071
904,227,63,0.6508,0.5105,0.6562,0.2317,0.3492,,0,,0,,0,GOOG,3,10,1131,1134
955,239,63,0.4603,0.4691,0.7237,0.265,0.5397,,0,,0,,0,GOOG,3,11,1194,1197
1005,252,63,0.5079,0.4762,0.8029,0.2937,0.5397,0.5652,23,0.4,5,0.4,5,GOOG,3,12,1257,1260
1056,264,63,0.4921,0.4727,1.8907,0.306,0.5238,0.52,25,,0,,0,GOOG,3,13,1320,1323
1106,277,63,0.5238,0.5442,0.7229,0.2615,0.5714,0.625,24,0.5,4,0.5,4,GOOG,3,14,1383,1386
1156,290,63,0.4286,0.4829,0.6931,0.25,0.619,0.5882,17,0.5882,17,0.5882,17,GOOG,3,15,1446,1449
1207,302,63,0.6508,0.5848,0.6691,0.238,0.6508,0.6508,63,0.7407,27,,0,GOOG,3,16,1509,1512
1257,315,63,0.5238,0.5657,0.6965,0.2516,0.5238,0.5238,63,0.5122,41,,0,GOOG,3,17,1572,1575
1308,327,63,0.5238,0.5,0.6927,0.2497,0.5714,0.5517,58,0.5517,58,,0,GOOG,3,18,1635,1638
1358,340,63,0.6825,0.6458,0.633,0.2209,0.6508,0.6721,61,0.8235,17,1.0,8,GOOG,3,19,1698,1701
1408,353,63,0.3968,0.6505,0.8803,0.3158,0.3968,0.3968,63,0.463,54,0.463,54,GOOG,3,20,1761,1764
1459,365,63,0.619,0.5728,0.6583,0.2326,0.7143,0.7692,39,0.7692,39,,0,GOOG,3,21,1824,1827
1509,378,63,0.5714,0.4578,0.6548,0.2312,0.7302,0.7209,43,0.7209,43,0.7209,43,GOOG,3,22,1887,1890
1560,390,63,0.6032,0.6142,0.6538,0.2306,0.6032,0.6032,63,0.6667,48,0.6667,48,GOOG,3,23,1950,1953
1610,403,63,0.5714,0.34,0.7157,0.2589,0.5714,0.5714,63,0.5714,63,0.5714,63,GOOG,3,24,2013,2016
400,101,63,0.5397,0.5,0.6943,0.2506,0.5397,0.5397,63,0.5397,63,,0,HUM,3,0,501,504
451,113,63,0.5714,0.4657,0.701,0.2535,0.5873,0.5806,62,0.5,2,0.5,2,HUM,3,1,564,567
501,126,63,0.619,0.5653,0.6463,0.2313,0.5714,0.6111,54,0.6154,52,0.6316,19,HUM,3,2,627,630
552,138,63,0.4444,0.5342,2.1825,0.3284,0.4444,0.4444,63,0.4444,63,0.5161,31,HUM,3,3,690,693
602,151,63,0.619,0.4778,0.9195,0.2531,0.7143,0.6842,57,0.7647,17,0.7647,17,HUM,3,4,753,756
652,164,63,0.5397,0.499,0.6999,0.2533,0.5238,0.5357,56,0.52,50,,0,HUM,3,5,816,819
703,176,63,0.4921,0.3891,0.7105,0.2585,0.4921,0.4921,63,0.4103,39,0.0,1,HUM,3,6,879,882
753,189,63,0.4762,0.4928,0.7292,0.2676,0.4286,0.44,50,0.4103,39,0.4103,39,HUM,3,7,942,945
804,201,63,0.5397,0.5294,0.9377,0.2632,0.619,0.6562,32,,0,,0,HUM,3,8,1005,1008
854,214,63,0.4127,0.4522,0.7167,0.2616,0.5873,0.5,30,0.5,30,0.5909,22,HUM,3,9,1068,1071
904,227,63,0.4127,0.4769,0.6993,0.253,0.5714,0.3333,3,0.3333,3,0.3333,3,HUM,3,10,1131,1134
955,239,63,0.5556,0.5692,0.69,0.2483,0.4762,0.5417,24,0.5417,24,0.5417,24,HUM,3,11,1194,1197
1005,252,63,0.4921,0.5582,0.6781,0.2428,0.619,0.6842,19,0.6875,16,0.6875,16,HUM,3,12,1257,1260
1056,264,63,0.4762,0.6679,0.6953,0.2538,0.4127,0.4314,51,0.5667,30,0.5667,30,HUM,3,13,1320,1323
1106,277,63,0.5556,0.5319,0.7,0.2527,0.4603,0.5172,29,0.4762,21,0.6667,6,HUM,3,14,1383,1386
1156,290,63,0.4286,0.3986,1.0141,0.2986,0.4127,0.4138,58,0.4138,58,0.1538,13,HUM,3,15,1446,1449
1207,302,63,0.5397,0.4577,3.9325,0.3615,0.5556,0.5536,56,0.5455,44,0.5455,44,HUM,3,16,1509,1512
1257,315,63,0.6349,0.5611,0.6616,0.2356,0.6032,0.6316,57,0.6316,57,0.6429,14,HUM,3,17,1572,1575
1308,327,63,0.4127,0.4511,0.7089,0.2578,0.4286,0.4074,54,0.0,1,0.0,1,HUM,3,18,1635,1638
1358,340,63,0.5873,0.5571,0.6817,0.2456,0.4444,0.5625,16,0.5333,15,0.5,6,HUM,3,19,1698,1701
1408,353,63,0.6667,0.6709,0.6607,0.2345,0.381,0.5652,23,0.75,12,0.75,12,HUM,3,20,1761,1764
1459,365,63,0.3968,0.4887,0.6872,0.2478,0.5714,0.375,8,1.0,1,1.0,1,HUM,3,21,1824,1827
1509,378,63,0.5556,0.5909,0.6831,0.2465,0.5238,0.6667,15,,0,,0,HUM,3,22,1887,1890
1560,390,63,0.6032,0.6397,0.6077,0.2159,0.3651,0.4583,24,,0,,0,HUM,3,23,1950,1953
1610,403,63,0.4286,0.4018,0.7646,0.2827,0.5873,0.5333,15,0.2,5,0.25,4,HUM,3,24,2013,2016
400,101,63,0.3492,0.5277,1.4255,0.3809,0.3492,0.3492,63,0.3492,63,0.3387,62,HY,3,0,501,504
451,113,63,0.4762,0.4698,0.723,0.2643,0.4921,0.4167,12,0.3636,11,0.3636,11,HY,3,1,564,567
501,126,63,0.4921,0.5,0.7094,0.258,0.5079,0.5,2,1.0,1,,0,HY,3,2,627,630
552,138,63,0.2698,0.539,0.7162,0.2615,0.7302,,0,,0,,0,HY,3,3,690,693
602,151,63,0.4444,0.5036,0.7195,0.2631,0.4444,0.4444,63,0.4444,63,,0,HY,3,4,753,756
652,164,63,0.3651,0.4386,0.9216,0.3429,0.3651,0.3651,63,0.3651,63,0.2353,17,HY,3,5,816,819
703,176,63,0.4603,0.5233,7.0886,0.5209,0.3016,0.3256,43,0.3256,43,0.3256,43,HY,3,6,879,882
753,189,63,0.5556,0.5071,0.9276,0.2594,0.4444,0.5,4,0.5,2,0.5,2,HY,3,7,942,945
804,201,63,0.619,0.4947,0.6677,0.2373,0.381,,0,,0,,0,HY,3,8,1005,1008
854,214,63,0.4762,0.7136,0.6995,0.2536,0.5238,,0,,0,,0,HY,3,9,1068,1071
904,227,63,0.5238,0.499,0.7155,0.2603,0.4444,0.3333,6,0.3333,6,0.3333,6,HY,3,10,1131,1134
955,239,63,0.3016,0.307,0.7104,0.2584,0.5079,0.3,30,,0,,0,HY,3,11,1194,1197
1005,252,63,0.4921,0.6,0.6747,0.2418,0.5556,1.0,3,1.0,2,1.0,2,HY,3,12,1257,1260
1056,264,63,0.4444,0.5,0.6988,0.2528,0.4444,0.4444,63,,0,,0,HY,3,13,1320,1323
1106,277,63,0.619,0.5005,2.0383,0.2809,0.381,,0,,0,,0,HY,3,14,1383,1386
1156,290,63,0.254,0.3105,3.1817,0.4021,0.746,,0,,0,,0,HY,3,15,1446,1449
1207,302,63,0.4921,0.5,0.6932,0.25,0.4921,0.4921,63,,0,,0,HY,3,16,1509,1512
1257,315,63,0.381,0.378,0.7062,0.2565,0.4921,0.42,50,0.4,5,,0,HY,3,17,1572,1575
1308,327,63,0.5397,0.6268,0.6939,0.2503,0.5397,0.5397,63,0.0,1,,0,HY,3,18,1635,1638
1358,340,63,0.4286,0.6219,0.6859,0.2479,0.4286,0.4262,61,1.0,1,1.0,1,HY,3,19,1698,1701
1408,353,63,0.5238,0.5872,1.8447,0.2884,0.5397,0.5357,56,0.5745,47,0.6279,43,HY,3,20,1761,1764
1459,365,63,0.4921,0.5121,0.7086,0.2574,0.4921,0.4762,21,0.4762,21,0.4762,21,HY,3,21,1824,1827
1509,378,63,0.4762,0.4354,1.2086,0.2903,0.381,0.3043,23,0.3043,23,0.3043,23,HY,3,22,1887,1890
1560,390,63,0.5397,0.5872,0.8974,0.2466,0.5556,0.5484,62,0.6364,33,0.6667,12,HY,3,23,1950,1953
1610,403,63,0.6032,0.6308,0.662,0.236,0.5397,0.5789,57,0.6154,52,0.6154,52,HY,3,24,2013,2016
400,101,63,0.4444,0.5352,0.8072,0.2939,0.4444,0.4444,63,0.5,30,0.5,30,INSM,3,0,501,504
451,113,63,0.4603,0.4333,1.1894,0.282,0.5238,0.4912,57,0.5455,11,1.0,2,INSM,3,1,564,567
501,126,63,0.381,0.5,0.6971,0.252,0.619,,0,,0,,0,INSM,3,2,627,630
552,138,63,0.5079,0.4505,1.4441,0.2962,0.5556,0.5357,56,0.5357,56,0.5357,56,INSM,3,3,690,693
602,151,63,0.3651,0.4135,0.9781,0.2832,0.381,0.371,62,0.3333,54,,0,INSM,3,4,753,756
652,164,63,0.4444,0.5109,0.6974,0.2521,0.4127,0.4211,57,,0,,0,INSM,3,5,816,819
703,176,63,0.4762,0.3773,0.9788,0.2825,0.5238,,0,,0,,0,INSM,3,6,879,882
753,189,63,0.6825,0.4645,0.6705,0.2388,0.3175,0.5,2,,0,,0,INSM,3,7,942,945
804,201,63,0.4603,0.4853,0.725,0.2653,0.5397,,0,,0,,0,INSM,3,8,1005,1008
854,214,63,0.5238,0.5,0.6933,0.2501,0.4762,,0,,0,,0,INSM,3,9,1068,1071
904,227,63,0.6032,0.5112,0.6826,0.2446,0.381,0.4286,7,0.4286,7,0.4286,7,INSM,3,10,1131,1134
955,239,63,0.4127,0.6549,0.7177,0.2622,0.619,1.0,2,1.0,2,1.0,2,INSM,3,11,1194,1197
1005,252,63,0.5079,0.4883,0.7118,0.2584,0.4603,0.4,10,0.4,10,0.25,4,INSM,3,12,1257,1260
1056,264,63,0.4921,0.5396,0.6773,0.2452,0.5714,0.6667,12,1.0,2,1.0,2,INSM,3,13,1320,1323
1106,277,63,0.5397,0.5597,0.9047,0.2497,0.4444,0.4878,41,0.5,2,0.5,2,INSM,3,14,1383,1386
1156,290,63,0.4127,0.4828,0.7921,0.296,0.5397,0.3846,13,,0,,0,INSM,3,15,1446,1449
1207,302,63,0.5079,0.5061,1.41,0.2826,0.5238,0.75,4,0.75,4,0.75,4,INSM,3,16,1509,1512
1257,315,63,0.4444,0.5,0.7076,0.2572,0.5556,,0,,0,,0,INSM,3,17,1572,1575
1308,327,63,0.4603,0.5172,0.6945,0.2507,0.4603,0.4603,63,1.0,1,,0,INSM,3,18,1635,1638
1358,340,63,0.4921,0.5,0.6935,0.2502,0.4921,0.4921,63,,0,,0,INSM,3,19,1698,1701
1408,353,63,0.381,0.5,0.6931,0.25,0.381,0.381,63,,0,,0,INSM,3,20,1761,1764
1459,365,63,0.3175,0.4932,0.7272,0.2657,0.6667,0.0,1,0.0,1,,0,INSM,3,21,1824,1827
1509,378,63,0.6667,0.5,0.6871,0.247,0.6667,0.6667,63,,0,,0,INSM,3,22,1887,1890
1560,390,63,0.4127,0.4116,0.7115,0.2592,0.4127,0.4127,63,,0,,0,INSM,3,23,1950,1953
1610,403,63,0.4444,0.518,0.7017,0.254,0.4286,0.4355,62,0.5,2,0.5,2,INSM,3,24,2013,2016
400,101,63,0.4444,0.4459,0.8674,0.3168,0.4444,0.4444,63,0.4426,61,0.4138,58,INTC,3,0,501,504
451,113,63,0.4762,0.5434,0.7302,0.268,0.4762,0.4762,63,0.4915,59,0.4915,59,INTC,3,1,564,567
501,126,63,0.4762,0.5833,0.6939,0.2504,0.5238,,0,,0,,0,INTC,3,2,627,630
552,138,63,0.4444,0.5999,0.9254,0.2629,0.6984,0.8,15,0.875,8,0.8571,7,INTC,3,3,690,693
602,151,63,0.3968,0.428,0.7668,0.2773,0.4286,0.3721,43,,0,,0,INTC,3,4,753,756
652,164,63,0.4762,0.461,0.7213,0.2635,0.5397,0.5111,45,0.5111,45,0.5,38,INTC,3,5,816,819
703,176,63,0.4603,0.4721,1.0075,0.2892,0.4603,0.4603,63,0.4603,63,0.3333,6,INTC,3,6,879,882
753,189,63,0.5714,0.5909,0.6642,0.236,0.4762,0.5652,23,0.75,12,0.75,12,INTC,3,7,942,945
804,201,63,0.6349,0.71,0.8785,0.236,0.4127,0.5556,27,0.5556,27,0.5769,26,INTC,3,8,1005,1008
854,214,63,0.5238,0.6084,1.1671,0.2754,0.3968,0.4419,43,0.4419,43,0.4419,43,INTC,3,9,1068,1071
904,227,63,0.4921,0.5283,0.8017,0.2992,0.3651,0.3548,31,0.3548,31,0.3548,31,INTC,3,10,1131,1134
955,239,63,0.5238,0.5939,0.9101,0.2498,0.4762,0.5,4,0.5,4,0.5,4,INTC,3,11,1194,1197
1005,252,63,0.6032,0.652,0.6644,0.2338,0.4762,1.0,5,1.0,5,1.0,5,INTC,3,12,1257,1260
1056,264,63,0.4762,0.4919,0.7447,0.2726,0.5238,,0,,0,,0,INTC,3,13,1320,1323
1106,277,63,0.5873,0.6286,0.6694,0.2398,0.5714,0.6136,44,0.7,30,1.0,1,INTC,3,14,1383,1386
1156,290,63,0.4444,0.4051,0.7692,0.2831,0.5556,0.5,36,0.4231,26,0.75,4,INTC,3,15,1446,1449
1207,302,63,0.4127,0.4272,0.7713,0.2876,0.4127,0.4127,63,0.3333,30,0.3333,30,INTC,3,16,1509,1512
1257,315,63,0.4603,0.5923,1.5802,0.2707,0.4603,0.459,61,0.4762,42,0.6471,17,INTC,3,17,1572,1575
1308,327,63,0.5397,0.5378,1.3625,0.2644,0.5556,0.5536,56,0.625,16,0.625,16,INTC,3,18,1635,1638
1358,340,63,0.3968,0.6465,0.6938,0.2503,0.3175,0.3393,56,,0,,0,INTC,3,19,1698,1701
1408,353,63,0.619,0.6258,0.6712,0.2391,0.4603,0.5806,31,0.8,5,,0,INTC,3,20,1761,1764
1459,365,63,0.6508,0.6881,0.661,0.2341,0.5397,0.7,30,,0,,0,INTC,3,21,1824,1827
1509,378,63,0.4444,0.6181,0.7883,0.2944,0.6508,0.8,10,0.8,10,,0,INTC,3,22,1887,1890
1560,390,63,0.4603,0.4861,1.0088,0.2918,0.5714,0.625,8,,0,,0,INTC,3,23,1950,1953
1610,403,63,0.3333,0.3216,0.8746,0.3251,0.6032,0.4286,28,,0,,0,INTC,3,24,2013,2016
400,101,63,0.6508,0.469,1.1306,0.2508,0.3651,1.0,1,,0,,0,IREN,3,0,501,504
451,113,63,0.4127,0.4122,1.7248,0.4025,0.5873,,0,,0,,0,IREN,3,1,564,567
501,126,63,0.5714,0.4907,0.6863,0.2466,0.4286,,0,,0,,0,IREN,3,2,627,630
552,138,63,0.4603,0.5,0.7026,0.2547,0.5397,,0,,0,,0,IREN,3,3,690,693
602,151,63,0.6825,0.6799,0.6815,0.2374,0.4921,0.6774,31,0.6774,31,0.6774,31,IREN,3,4,753,756
652,164,63,0.619,0.6074,0.7128,0.2446,0.619,0.619,63,0.7105,38,0.7105,38,IREN,3,5,816,819
703,176,63,0.6825,0.5658,0.6531,0.2306,0.6984,0.6935,62,0.7333,30,1.0,1,IREN,3,6,879,882
753,189,63,0.5556,0.5943,0.7059,0.2517,0.4921,0.5294,51,0.5455,44,0.5625,32,IREN,3,7,942,945
804,201,63,0.5238,0.5525,0.6986,0.2527,0.5238,0.5254,59,0.5254,59,0.5833,36,IREN,3,8,1005,1008
400,101,63,0.4921,0.5539,1.1941,0.2841,0.4921,0.4921,63,0.4921,63,0.3571,14,JNJ,3,0,501,504
451,113,63,0.4762,0.5294,0.9675,0.2789,0.4603,0.4583,48,0.4583,48,0.4583,48,JNJ,3,1,564,567
501,126,63,0.4762,0.5,0.6982,0.2525,0.5238,,0,,0,,0,JNJ,3,2,627,630
552,138,63,0.5079,0.5006,0.7353,0.2701,0.6984,0.697,33,1.0,1,1.0,1,JNJ,3,3,690,693
602,151,63,0.4921,0.5877,0.679,0.2475,0.4921,0.4921,63,0.4921,63,0.56,25,JNJ,3,4,753,756
652,164,63,0.6032,0.4495,0.69,0.2479,0.6032,0.6032,63,0.0,1,0.0,1,JNJ,3,5,816,819
703,176,63,0.4286,0.4583,1.4358,0.2939,0.4286,0.4286,63,0.4286,63,0.0,3,JNJ,3,6,879,882
753,189,63,0.4921,0.4692,1.179,0.2746,0.5238,0.5082,61,0.5,2,0.5,2,JNJ,3,7,942,945
804,201,63,0.5238,0.5,0.6863,0.2468,0.5238,0.5238,63,1.0,1,1.0,1,JNJ,3,8,1005,1008
854,214,63,0.5238,0.5434,0.6936,0.2502,0.4762,0.5,56,0.5,56,,0,JNJ,3,9,1068,1071
904,227,63,0.4921,0.4854,0.7038,0.2549,0.5079,,0,,0,,0,JNJ,3,10,1131,1134
955,239,63,0.6508,0.6618,0.6416,0.2252,0.4921,0.8462,13,0.8462,13,0.8462,13,JNJ,3,11,1194,1197
1005,252,63,0.4603,0.6492,4.4252,0.397,0.4127,0.431,58,0.4464,56,0.4364,55,JNJ,3,12,1257,1260
1056,264,63,0.4127,0.4354,0.7219,0.264,0.5238,0.4565,46,0.5625,16,0.5625,16,JNJ,3,13,1320,1323
1106,277,63,0.6032,0.5773,0.697,0.2509,0.3175,0.4138,29,0.3846,13,,0,JNJ,3,14,1383,1386
1156,290,63,0.5556,0.572,0.6837,0.2465,0.5397,0.6364,22,0.7143,7,0.6667,6,JNJ,3,15,1446,1449
1207,302,63,0.4921,0.4167,0.9589,0.2738,0.4286,0.3333,15,0.3333,15,0.3333,3,JNJ,3,16,1509,1512
1257,315,63,0.4444,0.498,0.7137,0.2601,0.5556,0.5,10,0.4444,9,0.5,2,JNJ,3,17,1572,1575
1308,327,63,0.5397,0.5323,0.6927,0.2498,0.4921,0.625,8,,0,,0,JNJ,3,18,1635,1638
1358,340,63,0.6032,0.6276,0.6621,0.2361,0.4286,0.5417,24,0.5417,24,,0,JNJ,3,19,1698,1701
1408,353,63,0.4444,0.5668,0.7336,0.2682,0.5556,,0,,0,,0,JNJ,3,20,1761,1764
1459,365,63,0.5238,0.5641,0.6738,0.2403,0.6667,0.7,30,0.7368,19,,0,JNJ,3,21,1824,1827
1509,378,63,0.5238,0.7019,1.1144,0.2558,0.619,0.8462,13,,0,,0,JNJ,3,22,1887,1890
1560,390,63,0.3333,0.3603,1.5264,0.3378,0.6508,0.4667,15,0.3333,12,,0,JNJ,3,23,1950,1953
1610,403,63,0.5397,0.5103,0.6998,0.2532,0.4286,0.45,20,0.45,20,,0,JNJ,3,24,2013,2016
400,101,63,0.5079,0.5637,0.6615,0.2401,0.3968,0.4318,44,,0,,0,KVUE,3,0,501,504
451,113,63,0.4127,0.5405,8.7109,0.5742,0.4127,0.4127,63,0.4127,63,0.4127,63,KVUE,3,1,564,567
501,126,63,0.3651,0.4595,0.7713,0.2898,0.6508,0.5714,7,0.5,2,0.5,2,KVUE,3,2,627,630
400,101,63,0.5238,0.4556,0.7446,0.2736,0.5238,0.5238,63,0.4815,54,0.5357,28,LLY,3,0,501,504
451,113,63,0.4921,0.5565,0.7542,0.2801,0.4921,0.4921,63,0.4921,63,0.4921,63,LLY,3,1,564,567
501,126,63,0.6032,0.5878,0.7093,0.2581,0.3175,0.4,25,0.4,10,0.4286,7,LLY,3,2,627,630
552,138,63,0.5556,0.5217,0.9815,0.2796,0.6349,0.6111,54,0.6111,54,0.7273,11,LLY,3,3,690,693
602,151,63,0.5873,0.6729,0.6534,0.2314,0.4921,0.551,49,0.6818,22,,0,LLY,3,4,753,756
652,164,63,0.5556,0.4942,1.6796,0.3077,0.6825,0.6923,39,,0,,0,LLY,3,5,816,819
703,176,63,0.4921,0.2752,0.8082,0.297,0.4921,0.4921,63,0.4839,62,0.3659,41,LLY,3,6,879,882
753,189,63,0.3333,0.4565,0.744,0.2748,0.3651,0.3443,61,,0,,0,LLY,3,7,942,945
804,201,63,0.5873,0.4943,0.9209,0.2563,0.5873,0.5873,63,0.5,2,0.5,2,LLY,3,8,1005,1008
854,214,63,0.6349,0.5517,0.674,0.2408,0.5397,0.5965,57,0.0,3,0.0,2,LLY,3,9,1068,1071
904,227,63,0.4921,0.4794,1.872,0.2984,0.5714,0.5556,36,,0,,0,LLY,3,10,1131,1134
955,239,63,0.4603,0.5304,0.6965,0.2516,0.4603,0.4603,63,0.6,5,0.6,5,LLY,3,11,1194,1197
1005,252,63,0.6825,0.3218,0.9201,0.2543,0.6984,0.6935,62,,0,,0,LLY,3,12,1257,1260
1056,264,63,0.5873,0.4744,0.6777,0.2423,0.619,0.6066,61,0.6066,61,0.6066,61,LLY,3,13,1320,1323
1106,277,63,0.5238,0.5096,0.7121,0.2579,0.5238,0.5238,63,0.5833,12,0.5455,11,LLY,3,14,1383,1386
1156,290,63,0.5873,0.4319,0.6905,0.2485,0.5873,0.5873,63,0.5,26,0.5455,11,LLY,3,15,1446,1449
1207,302,63,0.4921,0.5,0.7062,0.2565,0.4921,0.4921,63,0.4921,63,,0,LLY,3,16,1509,1512
1257,315,63,0.6825,0.4767,0.6493,0.2283,0.6825,0.6825,63,0.6721,61,,0,LLY,3,17,1572,1575
1308,327,63,0.5397,0.5659,1.584,0.2728,0.5397,0.5397,63,0.5484,62,0.6111,18,LLY,3,18,1635,1638
1358,340,63,0.5397,0.5177,1.1711,0.2779,0.5397,0.5397,63,0.5,44,0.5238,42,LLY,3,19,1698,1701
1408,353,63,0.5079,0.496,4.0146,0.3891,0.5079,0.5079,63,0.5192,52,0.5192,52,LLY,3,20,1761,1764
1459,365,63,0.5079,0.4803,0.7132,0.2597,0.5079,0.5079,63,0.5079,63,0.45,20,LLY,3,21,1824,1827
1509,378,63,0.6508,0.4379,0.6613,0.2342,0.6508,0.6508,63,0.6508,63,,0,LLY,3,22,1887,1890
1560,390,63,0.5873,0.4423,0.6911,0.2489,0.5873,0.5873,63,0.0,3,0.0,1,LLY,3,23,1950,1953
1610,403,63,0.4127,0.4475,0.7083,0.2575,0.4127,0.4127,63,0.3125,16,,0,LLY,3,24,2013,2016
400,101,63,0.5079,0.5,0.7376,0.2711,0.5079,0.5079,63,0.5079,63,0.5079,63,LULU,3,0,501,504
451,113,63,0.6825,0.5918,0.619,0.2151,0.6667,0.6774,62,0.6721,61,0.7083,48,LULU,3,1,564,567
501,126,63,0.5714,0.44,1.0156,0.2865,0.6032,0.5932,59,0.5,28,0.5,26,LULU,3,2,627,630
552,138,63,0.4921,0.4299,0.7585,0.2807,0.4921,0.4912,57,0.4912,57,0.4912,57,LULU,3,3,690,693
602,151,63,0.4921,0.5161,0.7052,0.2556,0.4921,0.4921,63,0.5385,13,0.5,12,LULU,3,4,753,756
652,164,63,0.5397,0.6593,1.1555,0.266,0.7143,0.7857,28,1.0,2,1.0,2,LULU,3,5,816,819
703,176,63,0.6032,0.4426,0.6879,0.2471,0.6032,0.6032,63,0.5909,44,0.25,4,LULU,3,6,879,882
753,189,63,0.2698,0.4738,0.7959,0.3007,0.2698,0.2698,63,0.2698,63,,0,LULU,3,7,942,945
804,201,63,0.5238,0.447,0.7469,0.2735,0.5238,0.5238,63,0.4375,16,0.4375,16,LULU,3,8,1005,1008
854,214,63,0.5714,0.6219,0.6664,0.2369,0.5714,0.5714,63,0.7143,14,0.7143,14,LULU,3,9,1068,1071
904,227,63,0.4286,0.4364,0.7027,0.2567,0.5238,0.3333,9,0.5,2,0.5,2,LULU,3,10,1131,1134
955,239,63,0.6032,0.6583,0.6814,0.2404,0.5079,0.6667,21,0.7,20,1.0,1,LULU,3,11,1194,1197
1005,252,63,0.5714,0.4774,0.6845,0.2458,0.5714,0.5714,63,1.0,1,1.0,1,LULU,3,12,1257,1260
1056,264,63,0.4762,0.5255,0.6795,0.2447,0.4127,0.4286,49,,0,,0,LULU,3,13,1320,1323
1106,277,63,0.4762,0.5768,2.4829,0.296,0.5238,0.5,24,,0,,0,LULU,3,14,1383,1386
1156,290,63,0.5397,0.5177,0.7076,0.2562,0.5238,0.5357,56,,0,,0,LULU,3,15,1446,1449
1207,302,63,0.5714,0.6024,0.6776,0.2426,0.4127,0.4889,45,0.4286,7,0.4286,7,LULU,3,16,1509,1512
1257,315,63,0.3016,0.6196,1.026,0.3874,0.3016,0.3016,63,0.3276,58,0.3276,58,LULU,3,17,1572,1575
1308,327,63,0.3016,0.5,0.7094,0.2581,0.6984,,0,,0,,0,LULU,3,18,1635,1638
1358,340,63,0.5397,0.5628,0.6863,0.2466,0.5714,0.6842,19,0.7273,11,,0,LULU,3,19,1698,1701
1408,353,63,0.4127,0.5208,0.7021,0.2545,0.4127,0.4127,63,0.4545,22,,0,LULU,3,20,1761,1764
1459,365,63,0.3968,0.4011,0.7554,0.2806,0.3968,0.3774,53,0.3774,53,0.2857,28,LULU,3,21,1824,1827
1509,378,63,0.4921,0.5103,0.6994,0.2531,0.4286,0.4324,37,,0,,0,LULU,3,22,1887,1890
1560,390,63,0.5397,0.5434,0.6926,0.2497,0.5238,0.75,8,,0,,0,LULU,3,23,1950,1953
1610,403,63,0.6508,0.6528,0.6814,0.2443,0.4127,0.5667,30,0.5,18,0.6667,6,LULU,3,24,2013,2016
400,101,63,0.619,0.6096,0.8803,0.2398,0.5238,0.5849,53,0.5769,52,0.5769,52,LYFT,3,0,501,504
451,113,63,0.5238,0.5227,0.7171,0.2607,0.4762,0.5,42,0.5,42,0.5,42,LYFT,3,1,564,567
501,126,63,0.4444,0.4592,3.1897,0.3974,0.3333,0.3409,44,0.3409,44,0.3333,27,LYFT,3,2,627,630
552,138,63,0.5397,0.5162,0.6888,0.2478,0.4603,,0,,0,,0,LYFT,3,3,690,693
602,151,63,0.6349,0.5577,0.6257,0.2202,0.381,0.6667,3,1.0,2,1.0,2,LYFT,3,4,753,756
652,164,63,0.5079,0.452,3.9815,0.3822,0.4444,0.4516,31,0.44,25,0.44,25,LYFT,3,5,816,819
703,176,63,0.4921,0.498,0.7497,0.2757,0.5079,0.5,6,0.3333,3,0.3333,3,LYFT,3,6,879,882
753,189,63,0.4127,0.3669,0.7435,0.2745,0.5079,0.4,25,0.0,3,0.0,1,LYFT,3,7,942,945
804,201,63,0.4127,0.4595,0.9432,0.2659,0.5873,,0,,0,,0,LYFT,3,8,1005,1008
854,214,63,0.5556,0.5817,0.7029,0.2545,0.381,0.4375,32,0.4231,26,0.5333,15,LYFT,3,9,1068,1071
904,227,63,0.4921,0.4844,0.9355,0.262,0.5079,,0,,0,,0,LYFT,3,10,1131,1134
955,239,63,0.5079,0.5873,0.6687,0.2381,0.4127,0.4528,53,1.0,1,,0,LYFT,3,11,1194,1197
1005,252,63,0.7302,0.6042,0.6469,0.2276,0.2698,,0,,0,,0,LYFT,3,12,1257,1260
1056,264,63,0.4603,0.451,0.7203,0.2627,0.5556,0.5111,45,0.5263,38,,0,LYFT,3,13,1320,1323
1106,277,63,0.5556,0.6127,1.1125,0.249,0.4286,0.3333,3,0.3333,3,0.5,2,LYFT,3,14,1383,1386
1156,290,63,0.4444,0.4667,0.7329,0.2687,0.5238,0.0,2,0.0,2,0.0,2,LYFT,3,15,1446,1449
1207,302,63,0.619,0.5662,0.6558,0.2318,0.381,,0,,0,,0,LYFT,3,16,1509,1512
1257,315,63,0.4444,0.5301,0.8292,0.3053,0.5556,,0,,0,,0,LYFT,3,17,1572,1575
1308,327,63,0.4444,0.4783,0.6885,0.2477,0.3651,0.3636,44,0.0,2,,0,LYFT,3,18,1635,1638
1358,340,63,0.5238,0.5,0.6921,0.2495,0.4762,,0,,0,,0,LYFT,3,19,1698,1701
400,101,63,0.381,0.5301,0.9538,0.2712,0.7302,0.8182,11,0.0,1,0.0,1,META,3,0,501,504
451,113,63,0.5556,0.5454,0.7,0.2534,0.5556,0.5556,63,0.5645,62,0.5645,62,META,3,1,564,567
501,126,63,0.4286,0.5212,1.722,0.3267,0.4762,0.44,50,0.44,50,0.449,49,META,3,2,627,630
552,138,63,0.5556,0.6158,0.6681,0.2392,0.6349,0.7143,28,0.7143,28,1.0,1,META,3,3,690,693
602,151,63,0.3968,0.3237,3.3754,0.3918,0.5238,0.449,49,0.449,49,0.449,49,META,3,4,753,756
652,164,63,0.5397,0.5441,0.6789,0.2432,0.5397,0.5397,63,1.0,3,1.0,3,META,3,5,816,819
703,176,63,0.5873,0.5887,0.674,0.2405,0.5397,0.569,58,0.5952,42,,0,META,3,6,879,882
753,189,63,0.3651,0.4547,0.7554,0.2803,0.3968,0.3585,53,0.4074,27,0.3636,22,META,3,7,942,945
804,201,63,0.4444,0.4995,0.6916,0.2508,0.4286,0.431,58,,0,,0,META,3,8,1005,1008
400,101,63,0.4286,0.4364,0.7606,0.2827,0.4762,0.4062,32,0.4062,32,0.3846,13,MP,3,0,501,504
451,113,63,0.6032,0.6003,0.6723,0.2397,0.4921,0.65,20,0.65,20,,0,MP,3,1,564,567
501,126,63,0.4762,0.5509,1.64,0.2871,0.4286,0.4348,46,0.5385,26,0.5385,26,MP,3,2,627,630
552,138,63,0.5714,0.4893,0.6939,0.2503,0.381,0.3333,9,0.3333,9,0.3333,9,MP,3,3,690,693
602,151,63,0.5873,0.4806,0.8995,0.2449,0.3492,0.0,4,,0,,0,MP,3,4,753,756
652,164,63,0.6032,0.6116,0.6584,0.235,0.3968,,0,,0,,0,MP,3,5,816,819
703,176,63,0.4762,0.5587,0.7603,0.279,0.5873,0.8333,6,0.8333,6,0.8333,6,MP,3,6,879,882
753,189,63,0.4762,0.547,1.2511,0.311,0.5238,,0,,0,,0,MP,3,7,942,945
804,201,63,0.5556,0.5761,0.7021,0.2534,0.5714,0.625,32,1.0,2,,0,MP,3,8,1005,1008
854,214,63,0.5397,0.5302,0.6879,0.2474,0.5079,0.6,15,0.6,15,0.6,15,MP,3,9,1068,1071
904,227,63,0.5556,0.4771,0.9413,0.2648,0.5873,0.5918,49,0.25,4,,0,MP,3,10,1131,1134
955,239,63,0.3968,0.6111,0.7205,0.2592,0.3968,0.3818,55,0.3864,44,0.75,16,MP,3,11,1194,1197
1005,252,63,0.5397,0.5248,0.6927,0.2498,0.4603,0.5,4,,0,,0,MP,3,12,1257,1260
400,101,63,0.5079,0.5157,2.09,0.3002,0.5238,0.5714,14,0.6154,13,0.6667,12,MRNA,3,0,501,504
451,113,63,0.4603,0.4853,0.6932,0.2521,0.6032,0.5588,34,0.5882,17,0.625,16,MRNA,3,1,564,567
501,126,63,0.5238,0.5156,1.7414,0.3065,0.5873,0.5636,55,0.6667,18,,0,MRNA,3,2,627,630
552,138,63,0.5397,0.5242,0.7132,0.2592,0.5079,0.5254,59,0.5254,59,0.5,28,MRNA,3,3,690,693
602,151,63,0.4127,0.4861,4.0205,0.4022,0.4286,0.4194,62,0.4,40,0.4,40,MRNA,3,4,753,756
652,164,63,0.3333,0.3697,1.6817,0.3107,0.5238,0.2,15,0.2,15,0.3333,6,MRNA,3,5,816,819
703,176,63,0.6984,0.5,0.6611,0.234,0.3016,,0,,0,,0,MRNA,3,6,879,882
753,189,63,0.4444,0.4281,0.7268,0.2666,0.5556,,0,,0,,0,MRNA,3,7,942,945
804,201,63,0.5714,0.537,0.6794,0.2432,0.4286,0.5,16,,0,,0,MRNA,3,8,1005,1008
854,214,63,0.5714,0.4949,0.6841,0.2455,0.4286,,0,,0,,0,MRNA,3,9,1068,1071
904,227,63,0.6508,0.5615,0.6372,0.224,0.3492,,0,,0,,0,MRNA,3,10,1131,1134
955,239,63,0.4286,0.5715,1.8968,0.3028,0.5714,0.5,12,0.4545,11,0.4545,11,MRNA,3,11,1194,1197
1005,252,63,0.4444,0.5264,0.7111,0.259,0.4603,0.4286,42,0.4286,42,0.6364,11,MRNA,3,12,1257,1260
1056,264,63,0.6667,0.6487,0.666,0.2363,0.5079,0.6279,43,,0,,0,MRNA,3,13,1320,1323
1106,277,63,0.4921,0.6106,0.7214,0.2638,0.2698,0.3171,41,0.3171,41,0.4,20,MRNA,3,14,1383,1386
1156,290,63,0.6349,0.6207,0.6616,0.2345,0.3651,0.5,24,,0,,0,MRNA,3,15,1446,1449
1207,302,63,0.619,0.6136,1.1052,0.2426,0.3492,0.4615,26,0.6,5,0.6,5,MRNA,3,16,1509,1512
1257,315,63,0.4762,0.4131,0.7519,0.2783,0.5714,0.6364,11,,0,,0,MRNA,3,17,1572,1575
1308,327,63,0.6032,0.4526,0.6821,0.2444,0.3968,,0,,0,,0,MRNA,3,18,1635,1638
1358,340,63,0.4444,0.4357,0.7381,0.2717,0.5556,,0,,0,,0,MRNA,3,19,1698,1701
1408,353,63,0.4444,0.5179,0.7246,0.2656,0.5556,,0,,0,,0,MRNA,3,20,1761,1764
400,101,63,0.5079,0.4844,0.9675,0.2727,0.5873,0.5714,42,0.5714,42,0.5714,42,MSFT,3,0,501,504
451,113,63,0.6508,0.5,0.6481,0.2278,0.6508,0.6508,63,0.6508,63,0.6508,63,MSFT,3,1,564,567
501,126,63,0.5714,0.572,1.1722,0.2686,0.5714,0.5714,63,0.5714,63,0.6383,47,MSFT,3,2,627,630
552,138,63,0.6349,0.5668,0.6683,0.234,0.6349,0.6349,63,0.6349,63,0.6349,63,MSFT,3,3,690,693
602,151,63,0.381,0.3453,1.2896,0.3268,0.5079,0.4146,41,0.4,30,0.4,25,MSFT,3,4,753,756
652,164,63,0.6825,0.5839,0.6654,0.2362,0.6667,0.7037,54,0.6667,9,1.0,1,MSFT,3,5,816,819
703,176,63,0.6349,0.5,0.6587,0.2329,0.6349,0.6349,63,0.6349,63,0.6349,63,MSFT,3,6,879,882
753,189,63,0.4921,0.4854,0.7258,0.2658,0.4921,0.4921,63,0.4921,63,0.4773,44,MSFT,3,7,942,945
804,201,63,0.4762,0.6818,0.6777,0.2429,0.4762,0.4762,63,0.7143,21,0.7143,21,MSFT,3,8,1005,1008
854,214,63,0.5556,0.6622,0.635,0.2284,0.5556,0.5556,63,0.6,40,0.6774,31,MSFT,3,9,1068,1071
904,227,63,0.5238,0.4247,0.7626,0.2808,0.3968,0.3684,19,0.3684,19,0.3684,19,MSFT,3,10,1131,1134
955,239,63,0.5238,0.6388,1.1233,0.2515,0.5556,0.7778,9,0.7778,9,1.0,3,MSFT,3,11,1194,1197
1005,252,63,0.5079,0.5134,0.7275,0.2649,0.5714,0.5676,37,1.0,2,1.0,2,MSFT,3,12,1257,1260
1056,264,63,0.5714,0.6595,0.7112,0.2577,0.6032,0.8235,17,0.875,8,,0,MSFT,3,13,1320,1323
1106,277,63,0.5397,0.5237,0.7004,0.2534,0.5238,0.5526,38,0.5526,38,0.5588,34,MSFT,3,14,1383,1386
1156,290,63,0.3175,0.3722,8.823,0.6186,0.7143,0.55,20,,0,,0,MSFT,3,15,1446,1449
1207,302,63,0.4762,0.4718,0.7396,0.2667,0.4921,0.4839,62,0.4754,61,1.0,1,MSFT,3,16,1509,1512
1257,315,63,0.4127,0.4064,0.7092,0.2579,0.5873,0.5,40,0.5263,38,0.5263,38,MSFT,3,17,1572,1575
1308,327,63,0.5556,0.4985,0.6914,0.2491,0.5556,0.5556,63,0.5556,63,,0,MSFT,3,18,1635,1638
1358,340,63,0.5714,0.5,0.6829,0.2449,0.5714,0.5714,63,0.5714,63,,0,MSFT,3,19,1698,1701
1408,353,63,0.4603,0.3534,0.7202,0.2634,0.4603,0.4603,63,0.4603,63,,0,MSFT,3,20,1761,1764
1459,365,63,0.746,0.4927,0.6277,0.2179,0.746,0.746,63,0.746,63,0.7368,19,MSFT,3,21,1824,1827
1509,378,63,0.5079,0.561,0.7295,0.2669,0.5079,0.5079,63,0.5319,47,0.5319,47,MSFT,3,22,1887,1890
1560,390,63,0.381,0.5043,0.7916,0.2936,0.381,0.381,63,0.3846,26,0.3846,26,MSFT,3,23,1950,1953
1610,403,63,0.4603,0.4697,0.9362,0.2631,0.4762,0.4524,42,0.5,2,0.5,2,MSFT,3,24,2013,2016
400,101,63,0.4603,0.4672,5.3741,0.4318,0.4762,0.4677,62,0.4677,62,0.4808,52,MU,3,0,501,504
451,113,63,0.4921,0.4829,0.704,0.2554,0.4921,0.4921,63,0.4828,58,,0,MU,3,1,564,567
501,126,63,0.5238,0.5323,0.6872,0.2471,0.4762,,0,,0,,0,MU,3,2,627,630
552,138,63,0.5873,0.4069,0.7479,0.2762,0.746,0.7059,51,,0,,0,MU,3,3,690,693
602,151,63,0.5397,0.6552,0.6804,0.2437,0.5397,0.5397,63,0.6296,54,,0,MU,3,4,753,756
652,164,63,0.5079,0.4525,0.7388,0.2714,0.5238,0.5167,60,0.5167,60,0.4688,32,MU,3,5,816,819
703,176,63,0.4444,0.4561,0.742,0.2732,0.4762,0.4576,59,0.4828,29,0.5,20,MU,3,6,879,882
753,189,63,0.6032,0.5303,0.6863,0.2466,0.5714,0.5902,61,0.5789,19,0.5789,19,MU,3,7,942,945
804,201,63,0.6032,0.5192,0.6911,0.249,0.4127,1.0,1,,0,,0,MU,3,8,1005,1008
854,214,63,0.2857,0.2727,0.7313,0.269,0.5238,0.3333,36,,0,,0,MU,3,9,1068,1071
904,227,63,0.6349,0.5684,0.6516,0.2338,0.381,0.5714,7,0.5,6,0.4,5,MU,3,10,1131,1134
955,239,63,0.5079,0.5539,0.9285,0.26,0.4921,,0,,0,,0,MU,3,11,1194,1197
1005,252,63,0.619,0.5283,0.8787,0.2389,0.381,,0,,0,,0,MU,3,12,1257,1260
1056,264,63,0.4921,0.4864,0.7082,0.2573,0.5238,0.6667,3,,0,,0,MU,3,13,1320,1323
1106,277,63,0.4444,0.5507,0.7453,0.2705,0.4603,0.125,8,0.125,8,0.125,8,MU,3,14,1383,1386
1156,290,63,0.4444,0.5468,0.7034,0.2548,0.5714,0.6667,3,0.6667,3,1.0,1,MU,3,15,1446,1449
1207,302,63,0.4762,0.572,2.3578,0.3258,0.5714,0.6154,13,,0,,0,MU,3,16,1509,1512
1257,315,63,0.3492,0.3286,1.4247,0.2899,0.4921,0.2917,24,,0,,0,MU,3,17,1572,1575
1308,327,63,0.5556,0.5,0.692,0.2494,0.5556,0.5556,63,,0,,0,MU,3,18,1635,1638
1358,340,63,0.5238,0.5,0.6924,0.2496,0.5238,0.5238,63,,0,,0,MU,3,19,1698,1701
1408,353,63,0.619,0.6409,0.6476,0.23,0.4762,0.6875,16,0.6875,16,0.6923,13,MU,3,20,1761,1764
1459,365,63,0.4127,0.6474,0.7184,0.2617,0.619,1.0,2,1.0,1,,0,MU,3,21,1824,1827
1509,378,63,0.6984,0.5,0.6892,0.248,0.6984,0.6984,63,,0,,0,MU,3,22,1887,1890
1560,390,63,0.6508,0.5854,0.6587,0.233,0.6508,0.6508,63,1.0,7,1.0,7,MU,3,23,1950,1953
1610,403,63,0.6667,0.6253,0.6504,0.2289,0.6667,0.6667,63,0.6667,63,1.0,1,MU,3,24,2013,2016
400,101,63,0.5238,0.402,0.7556,0.2792,0.5238,0.5238,63,0.4681,47,0.4681,47,NET,3,0,501,504
451,113,63,0.5397,0.5358,0.6926,0.2497,0.5079,0.5273,55,0.5283,53,,0,NET,3,1,564,567
501,126,63,0.3492,0.5665,0.7061,0.2564,0.3492,0.3492,63,0.1667,6,,0,NET,3,2,627,630
552,138,63,0.5238,0.4397,0.7103,0.258,0.4603,0.4286,7,,0,,0,NET,3,3,690,693
602,151,63,0.4762,0.4612,0.7238,0.265,0.5079,0.4706,17,0.375,8,0.375,8,NET,3,4,753,756
652,164,63,0.4286,0.5542,0.7136,0.2613,0.6032,1.0,2,1.0,2,1.0,2,NET,3,5,816,819
703,176,63,0.4444,0.4066,1.4232,0.2889,0.5238,0.4722,36,0.3,10,,0,NET,3,6,879,882
753,189,63,0.5079,0.4995,0.6733,0.2432,0.4603,0.48,50,,0,,0,NET,3,7,942,945
804,201,63,0.6032,0.5058,0.672,0.2395,0.6032,0.6032,63,0.6032,63,0.625,8,NET,3,8,1005,1008
854,214,63,0.5238,0.5588,0.7048,0.2555,0.4603,0.4915,59,0.5088,57,0.0,2,NET,3,9,1068,1071
904,227,63,0.5556,0.4714,0.694,0.2504,0.5873,0.5849,53,0.5854,41,,0,NET,3,10,1131,1134
955,239,63,0.4603,0.4589,0.9449,0.2708,0.5397,0.5,42,0.5,42,,0,NET,3,11,1194,1197
1005,252,63,0.4286,0.4714,1.0181,0.3533,0.5556,0.4737,19,0.4737,19,,0,NET,3,12,1257,1260
1056,264,63,0.5556,0.5475,0.6989,0.2528,0.5238,0.5556,45,0.5,2,,0,NET,3,13,1320,1323
1106,277,63,0.2698,0.5106,0.6998,0.2533,0.746,1.0,1,,0,,0,NET,3,14,1383,1386
1156,290,63,0.5714,0.4954,0.6835,0.2452,0.5714,0.5714,63,0.5714,63,0.5,2,NET,3,15,1446,1449
1207,302,63,0.4762,0.6545,0.7196,0.263,0.4762,0.4762,63,0.4762,63,0.5263,57,NET,3,16,1509,1512
1257,315,63,0.5873,0.6055,0.8842,0.24,0.5873,0.5873,63,0.6316,57,0.6316,19,NET,3,17,1572,1575
400,101,63,0.5873,0.527,0.6619,0.2375,0.5873,0.5873,63,0.5873,63,0.5873,63,NFLX,3,0,501,504
451,113,63,0.4762,0.5283,0.7892,0.2957,0.619,0.7143,14,,0,,0,NFLX,3,1,564,567
501,126,63,0.5397,0.4716,0.7244,0.2644,0.5397,0.5397,63,0.4583,24,0.4583,24,NFLX,3,2,627,630
552,138,63,0.5238,0.5242,1.6344,0.2835,0.4921,0.5098,51,0.4783,46,1.0,2,NFLX,3,3,690,693
602,151,63,0.4762,0.5141,0.723,0.2649,0.4921,0.4783,46,0.5238,21,,0,NFLX,3,4,753,756
652,164,63,0.5238,0.5136,1.1865,0.2797,0.5079,0.5455,22,0.5238,21,0.6667,3,NFLX,3,5,816,819
703,176,63,0.4603,0.5358,1.4905,0.3199,0.7143,0.7895,19,,0,,0,NFLX,3,6,879,882
753,189,63,0.3016,0.5867,0.983,0.2896,0.3016,0.3016,63,0.3167,60,0.6,5,NFLX,3,7,942,945
804,201,63,0.3333,0.4881,0.7179,0.2619,0.3333,0.3333,63,0.2857,7,0.2857,7,NFLX,3,8,1005,1008
854,214,63,0.4444,0.5156,0.7048,0.2558,0.5873,0.6667,6,0.6667,6,0.6667,6,NFLX,3,9,1068,1071
904,227,63,0.5873,0.537,0.6869,0.247,0.5714,0.5806,62,,0,,0,NFLX,3,10,1131,1134
955,239,63,0.4444,0.648,2.2845,0.2996,0.5556,,0,,0,,0,NFLX,3,11,1194,1197
1005,252,63,0.6032,0.5402,0.6667,0.2398,0.3651,0.4167,12,0.1667,6,,0,NFLX,3,12,1257,1260
1056,264,63,0.4286,0.6284,3.779,0.3902,0.6032,1.0,2,1.0,2,1.0,2,NFLX,3,13,1320,1323
1106,277,63,0.4444,0.4595,0.7122,0.2595,0.3968,0.3684,38,0.3784,37,,0,NFLX,3,14,1383,1386
1156,290,63,0.4286,0.4815,0.7297,0.2682,0.6984,0.6667,24,,0,,0,NFLX,3,15,1446,1449
1207,302,63,0.5714,0.5684,0.7387,0.2702,0.6032,0.6774,31,,0,,0,NFLX,3,16,1509,1512
1257,315,63,0.6032,0.5788,0.6792,0.2431,0.5238,0.58,50,0.5714,49,,0,NFLX,3,17,1572,1575
1308,327,63,0.5873,0.5114,0.6777,0.2423,0.5873,0.6,55,0.5926,54,,0,NFLX,3,18,1635,1638
1358,340,63,0.3175,0.2846,0.869,0.3324,0.6667,0.4783,23,0.4783,23,,0,NFLX,3,19,1698,1701
1408,353,63,0.6508,0.5,0.6587,0.2329,0.6508,0.6508,63,0.6508,63,,0,NFLX,3,20,1761,1764
1459,365,63,0.5079,0.4677,0.7106,0.2585,0.5079,0.5079,63,0.5079,63,0.0,2,NFLX,3,21,1824,1827
1509,378,63,0.4603,0.4782,0.7129,0.2598,0.4603,0.4603,63,0.4603,63,,0,NFLX,3,22,1887,1890
1560,390,63,0.3016,0.5,0.7456,0.2761,0.3016,0.3016,63,0.3016,63,,0,NFLX,3,23,1950,1953
1610,403,63,0.4762,0.5,0.6933,0.2501,0.4762,0.4762,63,,0,,0,NFLX,3,24,2013,2016
400,101,63,0.6667,0.661,0.834,0.2152,0.6825,0.6774,62,0.75,44,0.8148,27,NIO,3,0,501,504
451,113,63,0.3968,0.5919,1.9701,0.3317,0.3175,0.3393,56,0.3393,56,0.3393,56,NIO,3,1,564,567
501,126,63,0.5079,0.4903,0.6977,0.2535,0.5556,0.5385,52,0.8333,6,1.0,2,NIO,3,2,627,630
552,138,63,0.5397,0.4464,0.731,0.2669,0.4444,0.4444,9,0.4286,7,0.4286,7,NIO,3,3,690,693
602,151,63,0.5714,0.5677,0.6816,0.2442,0.4762,0.5882,17,0.625,16,0.625,16,NIO,3,4,753,756
652,164,63,0.4762,0.4648,0.7045,0.2556,0.4444,0.3529,17,0.4545,11,,0,NIO,3,5,816,819
703,176,63,0.5238,0.5287,0.6994,0.2531,0.4921,1.0,1,1.0,1,,0,NIO,3,6,879,882
753,189,63,0.6032,0.5952,0.663,0.2353,0.3333,0.3889,18,0.4118,17,,0,NIO,3,7,942,945
804,201,63,0.5714,0.535,0.6809,0.2439,0.4286,,0,,0,,0,NIO,3,8,1005,1008
854,214,63,0.6667,0.5072,0.6592,0.2331,0.3016,0.25,4,0.25,4,0.0,3,NIO,3,9,1068,1071
904,227,63,0.4921,0.5161,0.7122,0.2597,0.5079,,0,,0,,0,NIO,3,10,1131,1134
955,239,63,0.5238,0.5293,0.6921,0.2508,0.4762,,0,,0,,0,NIO,3,11,1194,1197
1005,252,63,0.5397,0.4841,0.7401,0.2625,0.4286,0.0,2,0.0,2,0.0,2,NIO,3,12,1257,1260
1056,264,63,0.5238,0.5052,0.6546,0.2312,0.3175,0.2917,24,,0,,0,NIO,3,13,1320,1323
1106,277,63,0.4603,0.404,0.7493,0.2759,0.4762,0.4091,22,1.0,1,1.0,1,NIO,3,14,1383,1386
1156,290,63,0.4603,0.4498,0.7311,0.2684,0.5397,0.5,2,0.5,2,0.5,2,NIO,3,15,1446,1449
1207,302,63,0.5238,0.4914,0.6937,0.2503,0.4603,0.0,1,,0,,0,NIO,3,16,1509,1512
1257,315,63,0.5873,0.5,0.6793,0.2431,0.4127,,0,,0,,0,NIO,3,17,1572,1575
1308,327,63,0.5238,0.5141,0.6997,0.253,0.5079,0.75,4,0.75,4,0.6667,3,NIO,3,18,1635,1638
1358,340,63,0.4603,0.4863,1.4218,0.287,0.5397,,0,,0,,0,NIO,3,19,1698,1701
1408,353,63,0.6667,0.5459,0.678,0.2425,0.3333,0.5,2,,0,,0,NIO,3,20,1761,1764
1459,365,63,0.4762,0.6161,0.6728,0.2418,0.5397,1.0,1,1.0,1,1.0,1,NIO,3,21,1824,1827
400,101,63,0.5079,0.6323,0.7641,0.2807,0.4762,0.4918,61,0.4918,61,0.4912,57,NOK,3,0,501,504
451,113,63,0.4286,0.5305,0.9408,0.3558,0.6508,0.6667,15,0.6667,15,1.0,1,NOK,3,1,564,567
501,126,63,0.5873,0.5959,0.6731,0.2401,0.4444,0.5833,12,0.6667,9,,0,NOK,3,2,627,630
552,138,63,0.6032,0.5475,0.6658,0.2366,0.619,0.625,56,0.625,56,0.625,56,NOK,3,3,690,693
602,151,63,0.619,0.7439,0.8425,0.2219,0.5238,0.5818,55,0.6889,45,0.7059,17,NOK,3,4,753,756
652,164,63,0.4921,0.6022,6.3293,0.4746,0.6349,0.8333,12,0.8333,12,1.0,2,NOK,3,5,816,819
703,176,63,0.6508,0.6828,0.8819,0.2358,0.4762,0.75,16,0.7333,15,,0,NOK,3,6,879,882
753,189,63,0.5238,0.5529,0.6883,0.2478,0.5079,0.5278,36,0.5278,36,1.0,4,NOK,3,7,942,945
804,201,63,0.4286,0.4748,1.0686,0.39,0.4286,0.4286,63,0.4314,51,0.4314,51,NOK,3,8,1005,1008
854,214,63,0.4921,0.5232,0.8146,0.3033,0.4921,0.4909,55,0.4815,54,0.4815,54,NOK,3,9,1068,1071
904,227,63,0.5397,0.5254,0.7047,0.257,0.4603,0.5,50,0.4375,16,0.4375,16,NOK,3,10,1131,1134
955,239,63,0.5079,0.5768,0.6799,0.2436,0.6032,0.6522,23,0.6522,23,,0,NOK,3,11,1194,1197
1005,252,63,0.6349,0.6442,0.6623,0.2347,0.3968,0.5333,30,,0,,0,NOK,3,12,1257,1260
1056,264,63,0.6349,0.6899,0.6446,0.2265,0.5238,0.6471,34,0.6471,34,0.6471,34,NOK,3,13,1320,1323
1106,277,63,0.4921,0.4274,3.9785,0.3813,0.4921,0.4921,63,0.4921,63,0.4921,63,NOK,3,14,1383,1386
1156,290,63,0.5397,0.5,0.6982,0.2524,0.5397,0.5397,63,0.5397,63,0.5397,63,NOK,3,15,1446,1449
1207,302,63,0.4921,0.4844,0.7251,0.2636,0.4921,0.4921,63,0.4921,63,0.0,1,NOK,3,16,1509,1512
1257,315,63,0.5079,0.5,0.6934,0.2501,0.5079,0.5079,63,,0,,0,NOK,3,17,1572,1575
1308,327,63,0.4921,0.7062,3.5616,0.3903,0.619,1.0,7,,0,,0,NOK,3,18,1635,1638
1358,340,63,0.6667,0.6719,0.6641,0.2357,0.5079,0.6038,53,1.0,1,,0,NOK,3,19,1698,1701
1408,353,63,0.6349,0.6192,0.6796,0.2432,0.5397,0.6038,53,,0,,0,NOK,3,20,1761,1764
1459,365,63,0.4921,0.394,0.7751,0.2885,0.4286,0.4074,27,0.375,24,0.3636,22,NOK,3,21,1824,1827
1509,378,63,0.6984,0.5148,0.661,0.237,0.7143,0.7167,60,0.6486,37,1.0,4,NOK,3,22,1887,1890
1560,390,63,0.6032,0.607,0.6898,0.2474,0.5714,0.617,47,0.6522,23,0.6471,17,NOK,3,23,1950,1953
1610,403,63,0.4444,0.5657,0.704,0.2554,0.619,0.8333,6,0.6667,3,0.6667,3,NOK,3,24,2013,2016
400,101,63,0.619,0.6341,0.6465,0.2253,0.619,0.619,63,0.6735,49,0.7429,35,NVDA,3,0,501,504
451,113,63,0.6825,0.6406,0.8504,0.2195,0.6667,0.7292,48,0.7292,48,0.7292,48,NVDA,3,1,564,567
501,126,63,0.5397,0.448,1.1432,0.3229,0.5714,0.5714,49,0.5652,46,0.5588,34,NVDA,3,2,627,630
552,138,63,0.5238,0.6172,0.7774,0.2814,0.5238,0.5238,63,0.5238,63,0.5238,63,NVDA,3,3,690,693
602,151,63,0.5873,0.446,0.9236,0.2589,0.5714,0.5833,60,0.4167,12,0.4167,12,NVDA,3,4,753,756
652,164,63,0.4444,0.3957,0.9393,0.354,0.6667,0.6,35,0.6,35,0.0,2,NVDA,3,5,816,819
703,176,63,0.5873,0.4937,0.6809,0.2438,0.6032,0.6,60,0.6,60,0.6,60,NVDA,3,6,879,882
753,189,63,0.4603,0.4828,0.7362,0.2711,0.4603,0.4603,63,0.4516,62,0.4516,62,NVDA,3,7,942,945
804,201,63,0.4286,0.5,0.7202,0.2634,0.4286,0.4286,63,0.4286,63,,0,NVDA,3,8,1005,1008
854,214,63,0.5397,0.5685,0.6894,0.2482,0.5397,0.5397,63,,0,,0,NVDA,3,9,1068,1071
904,227,63,0.5079,0.4566,0.7123,0.2592,0.4762,0.4815,27,0.4,20,,0,NVDA,3,10,1131,1134
955,239,63,0.3968,0.4379,0.7646,0.2849,0.6032,,0,,0,,0,NVDA,3,11,1194,1197
1005,252,63,0.3651,0.5,0.6984,0.2526,0.6349,,0,,0,,0,NVDA,3,12,1257,1260
1056,264,63,0.6667,0.5,0.6704,0.2387,0.6667,0.6667,63,,0,,0,NVDA,3,13,1320,1323
1106,277,63,0.5079,0.5751,0.6956,0.2512,0.5079,0.5079,63,0.5424,59,0.5476,42,NVDA,3,14,1383,1386
1156,290,63,0.6508,0.3856,0.6683,0.2375,0.746,0.7193,57,0.6981,53,0.6923,39,NVDA,3,15,1446,1449
1207,302,63,0.5556,0.3337,0.725,0.2649,0.5873,0.5738,61,0.5593,59,0.4286,28,NVDA,3,16,1509,1512
1257,315,63,0.5238,0.4828,0.7106,0.2584,0.5238,0.5238,63,0.5179,56,0.4583,24,NVDA,3,17,1572,1575
1308,327,63,0.6349,0.4717,0.6575,0.2324,0.6349,0.6349,63,0.6349,63,0.6349,63,NVDA,3,18,1635,1638
1358,340,63,0.5238,0.5287,0.9357,0.2635,0.5079,0.5161,62,0.5161,62,0.5161,62,NVDA,3,19,1698,1701
1408,353,63,0.5079,0.4441,1.4144,0.2847,0.5079,0.5079,63,0.5,58,0.5714,7,NVDA,3,20,1761,1764
1459,365,63,0.7778,0.5762,0.6115,0.2104,0.7937,0.8,60,0.8,60,1.0,3,NVDA,3,21,1824,1827
1509,378,63,0.4762,0.5,0.721,0.2637,0.4762,0.4762,63,0.4762,63,,0,NVDA,3,22,1887,1890
1560,390,63,0.5238,0.7995,0.6605,0.2347,0.5238,0.5238,63,0.55,60,0.7,40,NVDA,3,23,1950,1953
1610,403,63,0.619,0.4658,0.6861,0.2464,0.619,0.619,63,0.5556,18,0.5556,18,NVDA,3,24,2013,2016
400,101,63,0.5238,0.5207,0.7456,0.2739,0.5238,0.5238,63,0.5238,63,0.5238,63,NVMI,3,0,501,504
451,113,63,0.6984,0.4964,0.8648,0.2299,0.6984,0.6984,63,0.6984,63,0.6667,3,NVMI,3,1,564,567
501,126,63,0.5714,0.5459,0.6741,0.2435,0.5556,0.5645,62,0.5593,59,0.5593,59,NVMI,3,2,627,630
552,138,63,0.6825,0.6948,0.6094,0.2095,0.6825,0.6825,63,0.6825,63,0.9091,22,NVMI,3,3,690,693
602,151,63,0.5873,0.4816,1.1453,0.2605,0.6032,0.62,50,0.62,50,0.6122,49,NVMI,3,4,753,756
652,164,63,0.4921,0.4753,1.3044,0.3195,0.5238,0.5082,61,0.551,49,0.5417,48,NVMI,3,5,816,819
703,176,63,0.5714,0.5786,0.7066,0.2556,0.4921,0.5345,58,0.549,51,0.549,51,NVMI,3,6,879,882
753,189,63,0.5238,0.5047,0.7269,0.265,0.5873,0.5686,51,0.8333,6,0.8333,6,NVMI,3,7,942,945
804,201,63,0.4603,0.5842,0.6859,0.2467,0.3968,0.4082,49,0.6364,11,0.6,5,NVMI,3,8,1005,1008
854,214,63,0.4444,0.4485,0.7194,0.2624,0.5873,0.75,4,0.75,4,0.75,4,NVMI,3,9,1068,1071
904,227,63,0.3968,0.4036,0.739,0.27,0.3333,0.2821,39,0.25,4,0.25,4,NVMI,3,10,1131,1134
955,239,63,0.4921,0.5949,1.1531,0.2675,0.5556,1.0,3,1.0,3,1.0,3,NVMI,3,11,1194,1197
1005,252,63,0.5714,0.5822,0.9726,0.2672,0.4921,0.6429,14,0.7273,11,0.8571,7,NVMI,3,12,1257,1260
1056,264,63,0.4444,0.5897,0.7457,0.2749,0.619,0.8333,6,0.8333,6,0.8333,6,NVMI,3,13,1320,1323
1106,277,63,0.6032,0.6829,0.6304,0.2208,0.3492,0.4348,23,0.4348,23,,0,NVMI,3,14,1383,1386
1156,290,63,0.2698,0.5266,0.998,0.3672,0.746,1.0,1,1.0,1,1.0,1,NVMI,3,15,1446,1449
1207,302,63,0.4603,0.5357,1.4174,0.2848,0.5556,1.0,1,1.0,1,,0,NVMI,3,16,1509,1512
1257,315,63,0.6825,0.4365,0.6785,0.2428,0.6667,0.6774,62,,0,,0,NVMI,3,17,1572,1575
1308,327,63,0.4921,0.6094,0.6973,0.2522,0.4921,0.4921,63,0.4921,63,0.75,8,NVMI,3,18,1635,1638
1358,340,63,0.6508,0.3503,0.708,0.2559,0.6508,0.6508,63,0.4118,17,0.0,2,NVMI,3,19,1698,1701
1408,353,63,0.3492,0.6231,0.7286,0.2705,0.3492,0.3492,63,0.3509,57,0.5556,18,NVMI,3,20,1761,1764
1459,365,63,0.5397,0.5,0.6908,0.2488,0.5397,0.5397,63,0.5397,63,,0,NVMI,3,21,1824,1827
1509,378,63,0.5873,0.5068,0.687,0.2461,0.5873,0.5873,63,0.6667,3,0.6667,3,NVMI,3,22,1887,1890
1560,390,63,0.6032,0.5203,0.6711,0.239,0.619,0.6296,54,0.6296,54,,0,NVMI,3,23,1950,1953
1610,403,63,0.5397,0.5162,0.9323,0.2605,0.5238,0.5357,56,,0,,0,NVMI,3,24,2013,2016
400,101,63,0.5079,0.4723,2.573,0.3247,0.5079,0.5079,63,0.5079,63,0.4667,15,NVO,3,0,501,504
451,113,63,0.5397,0.4919,0.6922,0.2495,0.5397,0.5397,63,,0,,0,NVO,3,1,564,567
501,126,63,0.5238,0.5041,0.7458,0.2747,0.4603,0.4839,31,0.4286,28,0.44,25,NVO,3,2,627,630
552,138,63,0.6349,0.4783,0.6704,0.2386,0.6349,0.6349,63,0.6349,63,0.0,1,NVO,3,3,690,693
602,151,63,0.5079,0.4958,0.7036,0.2551,0.6032,0.5854,41,0.5854,41,,0,NVO,3,4,753,756
652,164,63,0.619,0.5582,0.7257,0.264,0.7302,0.775,40,0.775,40,0.7143,7,NVO,3,5,816,819
703,176,63,0.6349,0.4397,0.6849,0.2456,0.6349,0.6349,63,0.5814,43,0.5814,43,NVO,3,6,879,882
753,189,63,0.3968,0.4787,0.8252,0.3123,0.4127,0.4032,62,0.4032,62,0.4032,62,NVO,3,7,942,945
804,201,63,0.4921,0.5146,0.7071,0.2569,0.4921,0.4921,63,0.5,60,,0,NVO,3,8,1005,1008
854,214,63,0.4603,0.5177,0.9381,0.2649,0.4603,0.4603,63,0.4603,63,0.5,2,NVO,3,9,1068,1071
904,227,63,0.5397,0.5904,1.3504,0.26,0.5238,0.5323,62,0.5814,43,0.6364,11,NVO,3,10,1131,1134
955,239,63,0.5238,0.7022,0.9596,0.2776,0.6984,0.8889,18,,0,,0,NVO,3,11,1194,1197
1005,252,63,0.5556,0.4313,0.6906,0.2487,0.6508,0.6327,49,0.4286,7,0.5,4,NVO,3,12,1257,1260
1056,264,63,0.4444,0.5884,0.7092,0.2581,0.4762,0.4545,55,0.4545,55,1.0,5,NVO,3,13,1320,1323
1106,277,63,0.5714,0.4684,1.37,0.2672,0.5556,0.5714,56,0.5366,41,1.0,1,NVO,3,14,1383,1386
1156,290,63,0.4603,0.477,0.6942,0.2502,0.619,0.6,25,0.6,25,0.5556,9,NVO,3,15,1446,1449
1207,302,63,0.4127,0.4189,0.7303,0.2683,0.4921,0.4118,34,0.4118,34,0.4118,34,NVO,3,16,1509,1512
1257,315,63,0.5714,0.4709,0.6958,0.251,0.5873,0.5806,62,0.5789,57,0.5556,27,NVO,3,17,1572,1575
1308,327,63,0.4286,0.5854,0.7097,0.2582,0.4286,0.4286,63,0.4655,58,,0,NVO,3,18,1635,1638
1358,340,63,0.4286,0.5787,0.7097,0.2582,0.4286,0.4286,63,0.4878,41,,0,NVO,3,19,1698,1701
1408,353,63,0.3968,0.4495,0.7288,0.2667,0.3968,0.3968,63,0.2222,9,0.2857,7,NVO,3,20,1761,1764
1459,365,63,0.5079,0.5,0.6931,0.25,0.5079,0.5079,63,,0,,0,NVO,3,21,1824,1827
1509,378,63,0.5873,0.4744,0.6844,0.2456,0.381,0.0,2,,0,,0,NVO,3,22,1887,1890
1560,390,63,0.4603,0.5903,0.701,0.2539,0.5397,,0,,0,,0,NVO,3,23,1950,1953
1610,403,63,0.4603,0.5279,0.7109,0.2588,0.5397,,0,,0,,0,NVO,3,24,2013,2016
400,101,63,0.5556,0.5696,0.6884,0.2475,0.4921,0.5366,41,0.5862,29,0.5714,28,ONTO,3,0,501,504
451,113,63,0.4444,0.5071,1.2278,0.3009,0.4444,0.4444,63,0.4444,63,0.4444,63,ONTO,3,1,564,567
501,126,63,0.4921,0.5436,0.7073,0.259,0.5397,0.55,20,0.5,18,0.0,1,ONTO,3,2,627,630
552,138,63,0.5238,0.4234,0.7226,0.2667,0.4921,0.5085,59,0.4062,32,0.35,20,ONTO,3,3,690,693
602,151,63,0.4921,0.5071,1.1639,0.2742,0.4921,0.4762,21,0.4762,21,0.4762,21,ONTO,3,4,753,756
652,164,63,0.5238,0.5166,0.7607,0.2713,0.619,0.5918,49,,0,,0,ONTO,3,5,816,819
703,176,63,0.6667,0.6874,0.633,0.222,0.6032,0.6545,55,0.7895,19,0.8667,15,ONTO,3,6,879,882
753,189,63,0.4762,0.494,0.7309,0.2693,0.5079,0.4865,37,0.4865,37,0.5714,7,ONTO,3,7,942,945
804,201,63,0.6508,0.5401,0.9022,0.2479,0.619,0.6393,61,0.675,40,0.4545,11,ONTO,3,8,1005,1008
854,214,63,0.5079,0.396,2.1795,0.3349,0.5397,0.5263,57,0.5263,57,0.4706,34,ONTO,3,9,1068,1071
904,227,63,0.619,0.5379,0.6692,0.239,0.5873,0.6102,59,0.619,42,0.619,42,ONTO,3,10,1131,1134
955,239,63,0.4444,0.5551,0.7314,0.2686,0.4444,0.4444,63,0.48,50,0.48,50,ONTO,3,11,1194,1197
1005,252,63,0.4603,0.5482,0.7059,0.2563,0.4603,0.4603,63,0.5088,57,,0,ONTO,3,12,1257,1260
1056,264,63,0.4603,0.5143,0.704,0.2554,0.4444,0.4516,62,,0,,0,ONTO,3,13,1320,1323
1106,277,63,0.4603,0.4184,1.0434,0.2912,0.4603,0.4603,63,0.36,25,0.375,24,ONTO,3,14,1383,1386
1156,290,63,0.3651,0.6899,1.4288,0.2924,0.6667,0.75,4,0.0,1,,0,ONTO,3,15,1446,1449
1207,302,63,0.4762,0.499,3.5103,0.3627,0.5238,,0,,0,,0,ONTO,3,16,1509,1512
400,101,63,0.5238,0.497,1.8967,0.3087,0.4603,0.0,1,0.0,1,,0,OPEN,3,0,501,504
451,113,63,0.4127,0.4948,0.7155,0.2612,0.5873,0.5,2,1.0,1,1.0,1,OPEN,3,1,564,567
501,126,63,0.3333,0.475,0.954,0.2701,0.3175,0.3167,60,0.0,2,0.0,2,OPEN,3,2,627,630
552,138,63,0.4127,0.4388,1.9271,0.3248,0.5556,0.4615,26,0.6,10,0.6,10,OPEN,3,3,690,693
602,151,63,0.6984,0.5913,0.6468,0.2299,0.3333,1.0,2,1.0,2,1.0,2,OPEN,3,4,753,756
652,164,63,0.6349,0.4284,0.6752,0.241,0.381,0.6667,3,0.6667,3,,0,OPEN,3,5,816,819
703,176,63,0.6349,0.6154,0.6303,0.2241,0.381,0.5333,15,0.625,8,0.7143,7,OPEN,3,6,879,882
753,189,63,0.619,0.3729,0.718,0.2603,0.381,,0,,0,,0,OPEN,3,7,942,945
804,201,63,0.5873,0.4958,0.681,0.2439,0.4127,,0,,0,,0,OPEN,3,8,1005,1008
854,214,63,0.4921,0.5,0.7159,0.2612,0.5079,,0,,0,,0,OPEN,3,9,1068,1071
904,227,63,0.4444,0.5571,0.7442,0.2739,0.5556,,0,,0,,0,OPEN,3,10,1131,1134
955,239,63,0.6667,0.5,3.763,0.3002,0.3333,,0,,0,,0,OPEN,3,11,1194,1197
1005,252,63,0.5714,0.5499,0.6914,0.2474,0.4286,,0,,0,,0,OPEN,3,12,1257,1260
400,101,63,0.5873,0.4953,0.6998,0.2529,0.4127,,0,,0,,0,ORIC,3,0,501,504
451,113,63,0.6032,0.4505,1.2249,0.2826,0.3968,,0,,0,,0,ORIC,3,1,564,567
501,126,63,0.5873,0.7299,0.8387,0.2175,0.4286,0.6667,3,,0,,0,ORIC,3,2,627,630
552,138,63,0.5397,0.5801,1.1778,0.2758,0.5397,0.619,21,0.619,21,0.619,21,ORIC,3,3,690,693
602,151,63,0.4762,0.5247,0.9555,0.2732,0.5714,0.8,5,0.8,5,0.8,5,ORIC,3,4,753,756
652,164,63,0.5556,0.5696,1.1502,0.2617,0.5079,0.625,16,0.625,16,0.625,16,ORIC,3,5,816,819
703,176,63,0.5873,0.4184,0.7031,0.2536,0.5873,0.5873,63,0.5,4,0.5,4,ORIC,3,6,879,882
753,189,63,0.3333,0.3636,2.0706,0.3797,0.3651,0.3443,61,0.3333,60,0.2667,30,ORIC,3,7,942,945
804,201,63,0.5079,0.4525,1.1832,0.2766,0.5238,0.5161,62,0.0,2,0.0,2,ORIC,3,8,1005,1008
854,214,63,0.5079,0.5,0.6935,0.2502,0.5079,0.5079,63,,0,,0,ORIC,3,9,1068,1071
904,227,63,0.5873,0.4475,0.6841,0.2455,0.4127,,0,,0,,0,ORIC,3,10,1131,1134
955,239,63,0.619,0.438,0.6922,0.2494,0.381,,0,,0,,0,ORIC,3,11,1194,1197
1005,252,63,0.4127,0.5307,0.7274,0.2667,0.5873,,0,,0,,0,ORIC,3,12,1257,1260
1056,264,63,0.4762,0.4566,0.9921,0.2864,0.4762,0.3636,11,0.3636,11,0.0,1,ORIC,3,13,1320,1323
1106,277,63,0.4762,0.5,0.699,0.2529,0.5238,,0,,0,,0,ORIC,3,14,1383,1386
400,101,63,0.4762,0.4582,0.7505,0.2772,0.5556,0.5185,54,0.5185,54,0.5185,54,PFE,3,0,501,504
451,113,63,0.5079,0.5852,0.7085,0.2568,0.4921,0.5,52,0.5652,46,0.5652,46,PFE,3,1,564,567
501,126,63,0.5556,0.676,0.8694,0.236,0.4603,0.5098,51,0.875,8,1.0,1,PFE,3,2,627,630
552,138,63,0.5873,0.5092,0.7129,0.2584,0.4444,1.0,2,1.0,1,1.0,1,PFE,3,3,690,693
602,151,63,0.5556,0.6894,0.7637,0.2798,0.5238,0.5424,59,0.5517,58,0.5517,58,PFE,3,4,753,756
652,164,63,0.3651,0.5522,0.7037,0.2553,0.6349,,0,,0,,0,PFE,3,5,816,819
703,176,63,0.381,0.3612,0.8054,0.3043,0.4444,0.3103,29,0.2174,23,0.2174,23,PFE,3,6,879,882
753,189,63,0.3968,0.4853,4.5496,0.4294,0.6032,,0,,0,,0,PFE,3,7,942,945
804,201,63,0.3968,0.4326,0.7037,0.2553,0.3968,0.3968,63,,0,,0,PFE,3,8,1005,1008
854,214,63,0.5397,0.5,0.6905,0.2487,0.5397,0.5397,63,0.5397,63,,0,PFE,3,9,1068,1071
904,227,63,0.3968,0.4958,0.9329,0.267,0.3968,0.3617,47,0.8333,6,0.8333,6,PFE,3,10,1131,1134
955,239,63,0.5079,0.5287,0.94,0.2642,0.5079,0.5385,13,,0,,0,PFE,3,11,1194,1197
1005,252,63,0.6508,0.5643,0.6727,0.2398,0.3492,,0,,0,,0,PFE,3,12,1257,1260
1056,264,63,0.5238,0.5924,0.6947,0.2508,0.4762,,0,,0,,0,PFE,3,13,1320,1323
1106,277,63,0.5714,0.5395,3.5318,0.3653,0.3016,0.3462,26,0.36,25,0.36,25,PFE,3,14,1383,1386
1156,290,63,0.5873,0.5,0.6779,0.2424,0.4127,,0,,0,,0,PFE,3,15,1446,1449
1207,302,63,0.5556,0.5,0.691,0.2489,0.4444,,0,,0,,0,PFE,3,16,1509,1512
1257,315,63,0.4286,0.5123,0.7273,0.2669,0.5714,,0,,0,,0,PFE,3,17,1572,1575
1308,327,63,0.4921,0.6,4.0184,0.3938,0.3651,0.4118,51,0.4118,51,0.4348,46,PFE,3,18,1635,1638
1358,340,63,0.6032,0.6077,0.6776,0.2423,0.4444,1.0,3,,0,,0,PFE,3,19,1698,1701
1408,353,63,0.5397,0.5921,0.9447,0.2691,0.4286,0.475,40,0.475,40,0.4737,38,PFE,3,20,1761,1764
1459,365,63,0.4444,0.452,0.6998,0.2533,0.5238,0.375,8,,0,,0,PFE,3,21,1824,1827
1509,378,63,0.5079,0.5276,0.6847,0.2488,0.4444,0.4571,35,0.4444,27,1.0,2,PFE,3,22,1887,1890
1560,390,63,0.4603,0.4853,0.6957,0.2513,0.5397,,0,,0,,0,PFE,3,23,1950,1953
1610,403,63,0.5397,0.4807,0.6917,0.2493,0.4603,,0,,0,,0,PFE,3,24,2013,2016
400,101,63,0.5714,0.697,0.6435,0.2276,0.4762,0.7143,7,0.7143,7,0.7143,7,PL,3,0,501,504
451,113,63,0.6032,0.7094,0.5842,0.2148,0.4286,0.5278,36,0.5625,32,0.5625,32,PL,3,1,564,567
501,126,63,0.4921,0.4798,6.3058,0.4665,0.5079,,0,,0,,0,PL,3,2,627,630
552,138,63,0.3333,0.5,0.7883,0.2968,0.6667,,0,,0,,0,PL,3,3,690,693
602,151,63,0.5238,0.4778,0.7067,0.2565,0.5238,0.5238,63,0.5238,63,0.5,22,PL,3,4,753,756
652,164,63,0.5714,0.5,0.6829,0.2449,0.5714,0.5714,63,0.5714,63,,0,PL,3,5,816,819
703,176,63,0.7143,0.5,0.6423,0.2248,0.7143,0.7143,63,0.7143,63,,0,PL,3,6,879,882
753,189,63,0.6032,0.5,0.6718,0.2394,0.6032,0.6032,63,0.6032,63,,0,PL,3,7,942,945
804,201,63,0.4603,0.4466,1.4573,0.3042,0.4921,0.4681,47,0.4565,46,0.4565,46,PL,3,8,1005,1008
400,101,63,0.4921,0.4848,0.7037,0.2554,0.4762,0.4615,26,0.4615,26,0.6667,3,PLTR,3,0,501,504
451,113,63,0.5079,0.5742,0.9099,0.2524,0.4762,0.0,1,0.0,1,0.0,1,PLTR,3,1,564,567
501,126,63,0.4603,0.4538,2.1528,0.329,0.6349,0.5882,34,,0,,0,PLTR,3,2,627,630
552,138,63,0.3492,0.5477,2.4412,0.3592,0.3492,0.3492,63,0.4054,37,0.4054,37,PLTR,3,3,690,693
602,151,63,0.5556,0.4757,0.6917,0.2493,0.5397,0.5484,62,0.5273,55,,0,PLTR,3,4,753,756
652,164,63,0.5079,0.5186,0.6962,0.2504,0.5079,0.5714,7,1.0,3,1.0,2,PLTR,3,5,816,819
703,176,63,0.5397,0.5561,1.4061,0.2807,0.5873,0.6667,24,,0,,0,PLTR,3,6,879,882
753,189,63,0.5079,0.573,0.7263,0.2662,0.6984,0.7826,23,,0,,0,PLTR,3,7,942,945
804,201,63,0.7302,0.4904,0.6387,0.2229,0.7302,0.7302,63,0.7302,63,,0,PLTR,3,8,1005,1008
854,214,63,0.4603,0.2817,1.532,0.3378,0.5873,0.5283,53,0.4167,36,0.4,35,PLTR,3,9,1068,1071
904,227,63,0.6984,0.4605,0.6351,0.2213,0.7143,0.7097,62,0.6964,56,0.6964,56,PLTR,3,10,1131,1134
955,239,63,0.5556,0.5,0.7135,0.2593,0.5556,0.5556,63,0.5556,63,0.5556,63,PLTR,3,11,1194,1197
1005,252,63,0.4444,0.3899,1.0037,0.2948,0.4762,0.459,61,0.459,61,0.459,61,PLTR,3,12,1257,1260
1056,264,63,0.4921,0.4854,1.1944,0.2821,0.5238,0.5082,61,0.5167,60,0.5167,60,PLTR,3,13,1320,1323
400,101,63,0.4762,0.4701,0.8775,0.3241,0.5397,0.5294,17,0.5294,17,1.0,4,PUBM,3,0,501,504
451,113,63,0.3968,0.4599,1.3166,0.3385,0.619,0.6667,3,0.5,2,0.5,2,PUBM,3,1,564,567
501,126,63,0.4286,0.6402,0.6855,0.2535,0.3651,0.386,57,0.386,57,0.6154,13,PUBM,3,2,627,630
552,138,63,0.5556,0.5224,1.626,0.2846,0.5556,0.5897,39,0.5,10,0.5,10,PUBM,3,3,690,693
602,151,63,0.4603,0.5796,2.43,0.3564,0.5556,0.6667,3,0.6667,3,,0,PUBM,3,4,753,756
652,164,63,0.4762,0.4545,1.2221,0.2898,0.5238,0.5,42,,0,,0,PUBM,3,5,816,819
703,176,63,0.4921,0.5284,0.7031,0.2547,0.4603,0.4737,57,0.4737,19,0.5714,7,PUBM,3,6,879,882
753,189,63,0.5714,0.5,0.6923,0.2496,0.4286,,0,,0,,0,PUBM,3,7,942,945
804,201,63,0.5079,0.5166,3.0111,0.3317,0.5079,0.52,25,0.52,25,0.5217,23,PUBM,3,8,1005,1008
854,214,63,0.5556,0.5278,1.6127,0.2779,0.5714,0.625,32,0.625,32,0.625,32,PUBM,3,9,1068,1071
904,227,63,0.5556,0.5522,0.7203,0.2628,0.3651,0.4074,27,0.4231,26,0.4545,22,PUBM,3,10,1131,1134
955,239,63,0.6032,0.4274,0.6814,0.2441,0.3968,,0,,0,,0,PUBM,3,11,1194,1197
1005,252,63,0.3651,0.3413,0.7461,0.2761,0.5397,0.3636,22,0.381,21,0.381,21,PUBM,3,12,1257,1260
400,101,63,0.5397,0.5158,0.6769,0.242,0.6032,0.6047,43,0.619,42,0.619,42,PYPL,3,0,501,504
451,113,63,0.4921,0.4862,0.6886,0.248,0.6984,0.6875,32,0.6774,31,0.6774,31,PYPL,3,1,564,567
501,126,63,0.5397,0.503,0.703,0.2547,0.5397,0.5397,63,0.5333,60,0.5333,60,PYPL,3,2,627,630
552,138,63,0.7143,0.3586,0.6595,0.2315,0.7143,0.7143,63,0.7143,63,0.5263,19,PYPL,3,3,690,693
602,151,63,0.5714,0.6127,0.6682,0.2394,0.5714,0.5714,63,0.5714,63,0.7778,9,PYPL,3,4,753,756
652,164,63,0.5873,0.4786,0.6969,0.2514,0.619,0.614,57,0.6226,53,0.5,8,PYPL,3,5,816,819
703,176,63,0.381,0.5513,0.8271,0.3141,0.381,0.381,63,0.381,63,0.381,63,PYPL,3,6,879,882
753,189,63,0.2698,0.4674,1.0224,0.304,0.2698,0.2698,63,0.2698,63,0.0,3,PYPL,3,7,942,945
804,201,63,0.6349,0.644,0.6494,0.2285,0.3651,,0,,0,,0,PYPL,3,8,1005,1008
854,214,63,0.4603,0.5098,0.7664,0.2849,0.5714,0.75,4,,0,,0,PYPL,3,9,1068,1071
904,227,63,0.4921,0.4605,1.046,0.2874,0.4127,0.4062,32,,0,,0,PYPL,3,10,1131,1134
955,239,63,0.5079,0.5312,0.725,0.2636,0.4921,,0,,0,,0,PYPL,3,11,1194,1197
1005,252,63,0.6349,0.5375,0.6849,0.2459,0.3651,,0,,0,,0,PYPL,3,12,1257,1260
1056,264,63,0.4762,0.5843,0.7066,0.2567,0.5238,,0,,0,,0,PYPL,3,13,1320,1323
1106,277,63,0.5714,0.602,0.6723,0.2398,0.4444,0.5294,17,0.7778,9,,0,PYPL,3,14,1383,1386
1156,290,63,0.4603,0.4422,0.733,0.2694,0.5397,0.5,38,0.5,38,0.4865,37,PYPL,3,15,1446,1449
1207,302,63,0.5397,0.448,0.7048,0.2555,0.5556,0.5484,62,,0,,0,PYPL,3,16,1509,1512
1257,315,63,0.4286,0.4868,0.7199,0.2628,0.4603,0.434,53,0.5,20,0.5,6,PYPL,3,17,1572,1575
1308,327,63,0.6032,0.6663,1.1586,0.2645,0.6349,0.8,25,0.5,6,0.5,6,PYPL,3,18,1635,1638
1358,340,63,0.4762,0.4985,0.7667,0.2848,0.5238,,0,,0,,0,PYPL,3,19,1698,1701
1408,353,63,0.4762,0.5171,1.1418,0.2636,0.4921,0.4615,26,0.4615,26,0.7143,7,PYPL,3,20,1761,1764
1459,365,63,0.5238,0.4086,0.7032,0.2549,0.5238,0.5238,63,0.0,4,0.0,4,PYPL,3,21,1824,1827
1509,378,63,0.4286,0.5249,0.7212,0.2622,0.4127,0.4194,62,0.5,4,0.5,4,PYPL,3,22,1887,1890
1560,390,63,0.3492,0.5105,0.713,0.2592,0.3492,0.3492,63,0.5,2,0.5,2,PYPL,3,23,1950,1953
1610,403,63,0.5397,0.5036,0.9386,0.2634,0.5714,0.5593,59,1.0,2,,0,PYPL,3,24,2013,2016
400,101,63,0.4762,0.5424,0.7298,0.2679,0.5238,,0,,0,,0,QS,3,0,501,504
451,113,63,0.5238,0.5136,0.7085,0.2575,0.5079,0.5833,12,0.5833,12,0.5,10,QS,3,1,564,567
501,126,63,0.5873,0.5541,0.6479,0.233,0.4127,,0,,0,,0,QS,3,2,627,630
552,138,63,0.7143,0.6955,0.6678,0.227,0.4286,0.7143,21,0.7143,21,0.7143,21,QS,3,3,690,693
602,151,63,0.4603,0.5307,0.9204,0.2586,0.4127,0.3947,38,0.3947,38,0.6667,3,QS,3,4,753,756
652,164,63,0.381,0.4403,0.7079,0.2572,0.4286,0.3846,52,,0,,0,QS,3,5,816,819
703,176,63,0.5873,0.517,0.7082,0.2559,0.4286,0.5106,47,0.25,16,0.2222,9,QS,3,6,879,882
753,189,63,0.5714,0.6245,0.6649,0.2363,0.4286,,0,,0,,0,QS,3,7,942,945
804,201,63,0.619,0.4877,0.6844,0.2453,0.381,,0,,0,,0,QS,3,8,1005,1008
854,214,63,0.381,0.4557,1.0023,0.2897,0.619,,0,,0,,0,QS,3,9,1068,1071
904,227,63,0.381,0.508,1.7117,0.4112,0.619,,0,,0,,0,QS,3,10,1131,1134
955,239,63,0.5556,0.5214,0.6895,0.2476,0.4444,,0,,0,,0,QS,3,11,1194,1197
1005,252,63,0.7302,0.5676,0.6764,0.2417,0.3016,0.75,4,0.75,4,0.75,4,QS,3,12,1257,1260
400,101,63,0.619,0.5801,0.7662,0.2451,0.4444,0.8333,6,0.8333,6,0.5,2,QUBT,3,0,501,504
451,113,63,0.4921,0.5188,1.3969,0.2818,0.5397,0.5833,12,0.625,8,0.625,8,QUBT,3,1,564,567
501,126,63,0.5556,0.4861,0.6936,0.25,0.4286,0.0,1,0.0,1,0.0,1,QUBT,3,2,627,630
552,138,63,0.5714,0.5531,0.6803,0.2437,0.4444,0.5333,15,,0,,0,QUBT,3,3,690,693
602,151,63,0.3651,0.4357,0.9921,0.2887,0.5714,0.3,10,0.0,2,0.0,2,QUBT,3,4,753,756
652,164,63,0.5238,0.5,0.7757,0.2869,0.4762,,0,,0,,0,QUBT,3,5,816,819
703,176,63,0.4921,0.5,0.6951,0.251,0.4762,0.4688,32,,0,,0,QUBT,3,6,879,882
753,189,63,0.4603,0.5,0.6931,0.25,0.4603,0.4603,63,,0,,0,QUBT,3,7,942,945
804,201,63,0.5397,0.5323,0.6845,0.2457,0.4921,0.75,4,1.0,3,,0,QUBT,3,8,1005,1008
854,214,63,0.6508,0.6186,0.6367,0.2221,0.3492,,0,,0,,0,QUBT,3,9,1068,1071
904,227,63,0.5556,0.5561,0.7132,0.2556,0.4762,0.5357,28,0.5556,9,0.5556,9,QUBT,3,10,1131,1134
400,101,63,0.6508,0.6117,1.5974,0.2705,0.5873,0.6667,45,0.75,4,1.0,2,QURE,3,0,501,504
451,113,63,0.6349,0.566,1.3978,0.275,0.4921,0.5952,42,0.5294,34,0.5294,34,QURE,3,1,564,567
501,126,63,0.5397,0.5755,0.7159,0.261,0.4444,0.4909,55,0.4909,55,0.4792,48,QURE,3,2,627,630
552,138,63,0.4127,0.6127,0.7613,0.2782,0.5714,0.0,1,0.0,1,,0,QURE,3,3,690,693
602,151,63,0.5238,0.5152,0.6884,0.2477,0.4762,,0,,0,,0,QURE,3,4,753,756
652,164,63,0.4286,0.5046,0.7142,0.2604,0.4286,0.4286,63,0.4286,63,0.5,2,QURE,3,5,816,819
703,176,63,0.3968,0.4172,1.2593,0.3055,0.5238,0.1429,7,0.1429,7,0.1429,7,QURE,3,6,879,882
753,189,63,0.4762,0.3822,0.6991,0.2529,0.3016,0.2308,26,0.0,6,,0,QURE,3,7,942,945
804,201,63,0.5397,0.5,0.6958,0.2512,0.4603,,0,,0,,0,QURE,3,8,1005,1008
854,214,63,0.3968,0.5,0.7375,0.272,0.6032,,0,,0,,0,QURE,3,9,1068,1071
904,227,63,0.6032,0.6219,0.6735,0.2405,0.4444,0.5556,27,1.0,2,1.0,2,QURE,3,10,1131,1134
955,239,63,0.5397,0.5396,0.9306,0.2585,0.4603,,0,,0,,0,QURE,3,11,1194,1197
1005,252,63,0.5238,0.5806,0.9636,0.2751,0.4603,0.0,1,,0,,0,QURE,3,12,1257,1260
1056,264,63,0.3651,0.4052,0.699,0.2529,0.3492,0.2632,38,,0,,0,QURE,3,13,1320,1323
1106,277,63,0.2857,0.357,0.7283,0.267,0.3175,0.234,47,0.0,1,0.0,1,QURE,3,14,1383,1386
1156,290,63,0.4762,0.5,0.7198,0.2631,0.5238,,0,,0,,0,QURE,3,15,1446,1449
1207,302,63,0.5238,0.4,0.7088,0.2576,0.4762,,0,,0,,0,QURE,3,16,1509,1512
1257,315,63,0.6508,0.6152,0.6498,0.23,0.3651,1.0,1,1.0,1,1.0,1,QURE,3,17,1572,1575
1308,327,63,0.6032,0.5921,0.6716,0.2394,0.3968,,0,,0,,0,QURE,3,18,1635,1638
1358,340,63,0.3651,0.5565,3.576,0.3945,0.6349,,0,,0,,0,QURE,3,19,1698,1701
1408,353,63,0.5556,0.5679,0.6852,0.2462,0.4444,0.5,4,0.0,1,0.0,1,QURE,3,20,1761,1764
1459,365,63,0.4603,0.4617,0.7086,0.2585,0.4921,0.4118,17,0.4118,17,0.4286,7,QURE,3,21,1824,1827
1509,378,63,0.4603,0.4143,0.6964,0.2519,0.5397,0.5,16,1.0,1,1.0,1,QURE,3,22,1887,1890
1560,390,63,0.5556,0.5239,0.696,0.2525,0.4127,0.4,10,0.25,8,0.25,8,QURE,3,23,1950,1953
1610,403,63,0.4127,0.5244,0.7176,0.262,0.5873,0.5,4,1.0,2,1.0,2,QURE,3,24,2013,2016
400,101,63,0.5714,0.4865,0.924,0.2563,0.4127,0.0,1,0.0,1,0.0,1,ROKU,3,0,501,504
451,113,63,0.4127,0.4849,1.291,0.3175,0.5873,,0,,0,,0,ROKU,3,1,564,567
501,126,63,0.4603,0.5294,1.4291,0.2901,0.5397,,0,,0,,0,ROKU,3,2,627,630
552,138,63,0.7143,0.5919,0.6097,0.2118,0.6825,0.7049,61,0.7049,61,1.0,4,ROKU,3,3,690,693
602,151,63,0.4921,0.4501,0.7376,0.2707,0.4921,0.4921,63,0.4921,63,0.4583,24,ROKU,3,4,753,756
652,164,63,0.5079,0.4933,1.6919,0.3097,0.5714,0.5472,53,0.5472,53,0.561,41,ROKU,3,5,816,819
703,176,63,0.3651,0.5429,0.9841,0.2889,0.3651,0.3651,63,0.3651,63,0.4,15,ROKU,3,6,879,882
753,189,63,0.619,0.5047,0.6635,0.2354,0.3175,0.3571,14,0.25,8,,0,ROKU,3,7,942,945
804,201,63,0.5714,0.5,0.7071,0.256,0.4286,,0,,0,,0,ROKU,3,8,1005,1008
854,214,63,0.5714,0.2994,0.7597,0.2787,0.4286,,0,,0,,0,ROKU,3,9,1068,1071
904,227,63,0.6032,0.4832,0.6676,0.2374,0.3651,0.0,2,0.0,1,0.0,1,ROKU,3,10,1131,1134
955,239,63,0.4762,0.4818,0.7272,0.2666,0.5238,,0,,0,,0,ROKU,3,11,1194,1197
1005,252,63,0.5556,0.4482,0.7,0.2532,0.381,0.3,10,0.0,4,0.0,2,ROKU,3,12,1257,1260
1056,264,63,0.4921,0.5129,0.7211,0.2637,0.5714,0.7,10,0.7,10,0.7,10,ROKU,3,13,1320,1323
1106,277,63,0.5397,0.5766,0.6731,0.241,0.3651,0.4167,36,,0,,0,ROKU,3,14,1383,1386
1156,290,63,0.4762,0.5157,0.7036,0.2552,0.5238,,0,,0,,0,ROKU,3,15,1446,1449
1207,302,63,0.4921,0.5143,0.706,0.2563,0.4444,0.4091,22,0.4,20,0.4,20,ROKU,3,16,1509,1512
1257,315,63,0.4603,0.4469,0.7129,0.2596,0.4444,0.2,10,0.2,10,0.0,1,ROKU,3,17,1572,1575
1308,327,63,0.4444,0.5343,0.7077,0.2571,0.5873,0.5833,12,0.5833,12,,0,ROKU,3,18,1635,1638
1358,340,63,0.4762,0.4813,0.7304,0.2674,0.5238,0.5,4,,0,,0,ROKU,3,19,1698,1701
1408,353,63,0.6508,0.5142,0.6768,0.2419,0.3968,0.8,5,,0,,0,ROKU,3,20,1761,1764
1459,365,63,0.381,0.555,0.7185,0.2626,0.6667,0.7143,7,1.0,4,,0,ROKU,3,21,1824,1827
1509,378,63,0.3968,0.5075,0.6936,0.2504,0.619,0.5714,7,1.0,1,,0,ROKU,3,22,1887,1890
1560,390,63,0.5079,0.5,0.694,0.2504,0.5079,0.5079,63,,0,,0,ROKU,3,23,1950,1953
1610,403,63,0.7143,0.5333,0.667,0.237,0.7143,0.7143,63,1.0,3,,0,ROKU,3,24,2013,2016
400,101,63,0.5238,0.4303,0.7817,0.2865,0.5238,0.5238,63,0.5283,53,0.3889,18,ROST,3,0,501,504
451,113,63,0.5397,0.463,3.231,0.3355,0.5397,0.5397,63,0.5323,62,0.5,22,ROST,3,1,564,567
501,126,63,0.619,0.6587,0.6721,0.2396,0.5397,0.6786,28,1.0,3,1.0,3,ROST,3,2,627,630
552,138,63,0.4762,0.6651,2.2975,0.3007,0.5714,1.0,3,1.0,3,1.0,3,ROST,3,3,690,693
602,151,63,0.5556,0.6502,0.7365,0.2671,0.5873,0.7143,21,,0,,0,ROST,3,4,753,756
652,164,63,0.5079,0.5136,0.7174,0.2617,0.5079,0.5094,53,0.5192,52,0.5192,52,ROST,3,5,816,819
703,176,63,0.4603,0.3347,0.8033,0.3013,0.4603,0.4603,63,0.4364,55,0.3571,42,ROST,3,6,879,882
753,189,63,0.4286,0.5304,0.7069,0.257,0.381,0.3966,58,0.3966,58,,0,ROST,3,7,942,945
804,201,63,0.5079,0.4677,0.6981,0.2549,0.4921,,0,,0,,0,ROST,3,8,1005,1008
854,214,63,0.5397,0.5753,0.6779,0.2439,0.4762,1.0,1,1.0,1,1.0,1,ROST,3,9,1068,1071
904,227,63,0.5556,0.573,2.0787,0.2912,0.5397,0.5833,36,0.6538,26,0.6538,26,ROST,3,10,1131,1134
955,239,63,0.4444,0.6186,1.2357,0.3017,0.619,1.0,4,1.0,4,1.0,1,ROST,3,11,1194,1197
1005,252,63,0.3492,0.5067,0.7108,0.2588,0.3492,0.3492,63,,0,,0,ROST,3,12,1257,1260
1056,264,63,0.3016,0.509,0.717,0.2619,0.6984,,0,,0,,0,ROST,3,13,1320,1323
1106,277,63,0.5556,0.5747,0.6792,0.2431,0.5238,0.5424,59,0.5833,12,,0,ROST,3,14,1383,1386
1156,290,63,0.5397,0.7281,0.7893,0.2923,0.746,0.9091,22,0.9231,13,,0,ROST,3,15,1446,1449
1207,302,63,0.4444,0.4908,0.7265,0.2665,0.4444,0.4386,57,0.4386,57,,0,ROST,3,16,1509,1512
1257,315,63,0.5873,0.5531,0.6852,0.246,0.5556,0.5849,53,0.6,10,0.6,10,ROST,3,17,1572,1575
1308,327,63,0.4921,0.6678,0.6945,0.2509,0.5079,0.5,60,0.5085,59,0.6136,44,ROST,3,18,1635,1638
1358,340,63,0.4921,0.4736,0.9386,0.2637,0.4603,0.4516,31,0.5,2,1.0,1,ROST,3,19,1698,1701
1408,353,63,0.3968,0.4447,0.7084,0.2576,0.4603,0.4211,57,0.5,2,0.5,2,ROST,3,20,1761,1764
1459,365,63,0.619,0.5985,0.6819,0.2444,0.5238,0.5882,51,0.5,6,,0,ROST,3,21,1824,1827
1509,378,63,0.5397,0.5649,1.1279,0.2561,0.5397,0.541,61,0.6071,28,0.6071,28,ROST,3,22,1887,1890
1560,390,63,0.5714,0.5669,0.6954,0.251,0.5714,0.68,25,1.0,2,1.0,2,ROST,3,23,1950,1953
1610,403,63,0.3175,0.4235,0.8312,0.3163,0.6508,0.375,8,0.0,2,0.0,2,ROST,3,24,2013,2016
400,101,63,0.3492,0.4701,3.4088,0.4734,0.6508,,0,,0,,0,S,3,0,501,504
451,113,63,0.4444,0.5,0.702,0.2544,0.5556,,0,,0,,0,S,3,1,564,567
501,126,63,0.4444,0.4714,0.739,0.2724,0.4444,0.4444,63,0.4444,63,0.0,2,S,3,2,627,630
552,138,63,0.4921,0.5629,0.6839,0.2469,0.4127,0.4464,56,,0,,0,S,3,3,690,693
602,151,63,0.4444,0.6301,0.6812,0.245,0.5556,,0,,0,,0,S,3,4,753,756
652,164,63,0.5556,0.5821,0.6823,0.2446,0.4444,,0,,0,,0,S,3,5,816,819
703,176,63,0.4603,0.4626,0.6986,0.2554,0.4127,0.1667,12,0.1667,12,0.2,5,S,3,6,879,882
753,189,63,0.4762,0.5066,0.7727,0.2794,0.4603,0.4167,24,,0,,0,S,3,7,942,945
804,201,63,0.4921,0.4523,1.9022,0.3104,0.6508,0.6552,29,,0,,0,S,3,8,1005,1008
854,214,63,0.6032,0.5816,0.6821,0.2445,0.4127,0.6667,3,0.6667,3,,0,S,3,9,1068,1071
904,227,63,0.5079,0.6007,0.6709,0.2395,0.7619,0.84,25,0.8333,18,0.8462,13,S,3,10,1131,1134
955,239,63,0.4762,0.5379,0.7074,0.2571,0.4762,0.4727,55,0.4727,55,0.75,8,S,3,11,1194,1197
1005,252,63,0.4444,0.5111,0.6995,0.254,0.4762,0.449,49,0.5714,21,0.625,8,S,3,12,1257,1260
1056,264,63,0.5238,0.5682,0.6735,0.2406,0.5238,0.5306,49,0.7778,9,0.7778,9,S,3,13,1320,1323
1106,277,63,0.5238,0.503,2.1005,0.3055,0.5238,0.5294,51,0.5455,11,0.5,10,S,3,14,1383,1386
1156,290,63,0.4762,0.3874,1.207,0.2885,0.4762,0.4762,63,0.4048,42,0.0,2,S,3,15,1446,1449
1207,302,63,0.5079,0.4848,0.935,0.2618,0.4762,0.0,1,0.0,1,0.0,1,S,3,16,1509,1512
1257,315,63,0.5238,0.4829,0.6941,0.2505,0.4921,0.5102,49,,0,,0,S,3,17,1572,1575
1308,327,63,0.5079,0.5036,0.6914,0.2491,0.4444,0.4571,35,,0,,0,S,3,18,1635,1638
1358,340,63,0.4603,0.4995,0.6921,0.2498,0.5873,0.8,5,0.75,4,1.0,1,S,3,19,1698,1701
400,101,63,0.5873,0.4366,1.1609,0.2657,0.5873,0.5873,63,0.5738,61,0.0,2,SHOP,3,0,501,504
451,113,63,0.6825,0.5959,0.6151,0.2123,0.6825,0.6825,63,0.6833,60,0.7436,39,SHOP,3,1,564,567
501,126,63,0.4762,0.5263,0.7476,0.2763,0.4762,0.4762,63,0.4762,63,0.4762,63,SHOP,3,2,627,630
552,138,63,0.619,0.5401,0.6654,0.2362,0.619,0.619,63,0.619,63,0.619,63,SHOP,3,3,690,693
602,151,63,0.4921,0.5312,0.9371,0.2629,0.4921,0.4921,63,0.5167,60,0.0,1,SHOP,3,4,753,756
652,164,63,0.5714,0.5895,0.8814,0.2405,0.5714,0.5714,63,0.5714,63,0.7333,15,SHOP,3,5,816,819
703,176,63,0.4127,0.7193,0.8954,0.3181,0.4127,0.4127,63,0.4681,47,0.5588,34,SHOP,3,6,879,882
753,189,63,0.619,0.4956,0.702,0.2507,0.3492,0.4,10,0.4,5,0.4,5,SHOP,3,7,942,945
804,201,63,0.5238,0.4909,1.1644,0.2682,0.381,0.375,24,0.4444,9,0.4444,9,SHOP,3,8,1005,1008
854,214,63,0.4921,0.5,0.7028,0.2548,0.5079,,0,,0,,0,SHOP,3,9,1068,1071
904,227,63,0.5873,0.5951,1.3728,0.2639,0.381,0.3333,6,0.3333,6,0.3333,6,SHOP,3,10,1131,1134
955,239,63,0.4921,0.4909,0.9146,0.3425,0.5238,1.0,1,,0,,0,SHOP,3,11,1194,1197
1005,252,63,0.4921,0.5312,0.7107,0.2586,0.4921,0.4783,23,0.4783,23,0.4783,23,SHOP,3,12,1257,1260
1056,264,63,0.5238,0.5556,0.6976,0.252,0.4762,0.5,4,0.5,4,0.5,4,SHOP,3,13,1320,1323
1106,277,63,0.5714,0.5732,0.6802,0.243,0.381,0.4545,33,0.4545,33,,0,SHOP,3,14,1383,1386
1156,290,63,0.4921,0.424,0.9712,0.2796,0.6667,0.6316,38,,0,,0,SHOP,3,15,1446,1449
1207,302,63,0.4444,0.4877,0.7102,0.2585,0.4286,0.4286,56,0.4,15,,0,SHOP,3,16,1509,1512
1257,315,63,0.5079,0.6141,0.6817,0.2443,0.4603,0.4821,56,0.6471,17,0.6154,13,SHOP,3,17,1572,1575
1308,327,63,0.3968,0.4658,0.7227,0.2647,0.6032,0.5,10,0.5,10,0.5,10,SHOP,3,18,1635,1638
1358,340,63,0.3968,0.54,0.6904,0.2487,0.6032,,0,,0,,0,SHOP,3,19,1698,1701
1408,353,63,0.5079,0.5303,0.6852,0.2462,0.4762,0.4918,61,,0,,0,SHOP,3,20,1761,1764
1459,365,63,0.5873,0.5504,0.6801,0.2435,0.5714,0.5862,58,0.6,35,,0,SHOP,3,21,1824,1827
1509,378,63,0.6032,0.6587,0.6506,0.233,0.5397,0.5789,57,,0,,0,SHOP,3,22,1887,1890
1560,390,63,0.5556,0.5755,0.6956,0.2498,0.4444,,0,,0,,0,SHOP,3,23,1950,1953
1610,403,63,0.4286,0.4418,0.7121,0.2594,0.4444,0.4333,60,0.1429,7,,0,SHOP,3,24,2013,2016
400,101,63,0.5238,0.4672,0.7336,0.2691,0.4762,0.5,54,0.4571,35,0.4571,35,SLV,3,0,501,504
451,113,63,0.746,0.4594,0.6898,0.2483,0.746,0.746,63,0.625,8,,0,SLV,3,1,564,567
501,126,63,0.4921,0.5323,0.7112,0.2589,0.4921,0.4921,63,0.4921,63,0.6667,6,SLV,3,2,627,630
552,138,63,0.5397,0.5872,0.6871,0.2473,0.5397,0.5472,53,0.5472,53,0.5778,45,SLV,3,3,690,693
602,151,63,0.5556,0.4393,0.7309,0.2674,0.5556,0.5556,63,0.5,30,0.5,30,SLV,3,4,753,756
652,164,63,0.4444,0.4641,0.7292,0.2679,0.5238,0.4583,24,0.4583,24,0.5455,11,SLV,3,5,816,819
703,176,63,0.5079,0.436,0.9263,0.259,0.5079,0.5079,63,0.5,2,0.5,2,SLV,3,6,879,882
753,189,63,0.4603,0.5172,0.6933,0.2503,0.4603,0.4603,63,1.0,1,1.0,1,SLV,3,7,942,945
804,201,63,0.5556,0.5122,0.6915,0.2492,0.5556,0.5556,63,,0,,0,SLV,3,8,1005,1008
854,214,63,0.3651,0.4565,0.778,0.2656,0.3651,0.3651,63,0.3333,3,0.3333,3,SLV,3,9,1068,1071
904,227,63,0.5238,0.5394,0.69,0.2485,0.4762,,0,,0,,0,SLV,3,10,1131,1134
955,239,63,0.5873,0.6045,0.694,0.2504,0.5397,1.0,8,,0,,0,SLV,3,11,1194,1197
1005,252,63,0.3651,0.374,1.0089,0.2933,0.5556,0.381,21,0.5,8,0.5,8,SLV,3,12,1257,1260
1056,264,63,0.5873,0.5453,0.6636,0.2383,0.4286,1.0,1,,0,,0,SLV,3,13,1320,1323
1106,277,63,0.4921,0.5136,1.1688,0.2712,0.4921,0.4444,9,0.4444,9,0.4444,9,SLV,3,14,1383,1386
1156,290,63,0.5556,0.5924,0.6904,0.2486,0.4762,0.6667,6,,0,,0,SLV,3,15,1446,1449
1207,302,63,0.5556,0.6032,0.6853,0.2461,0.6032,0.7778,18,0.7778,18,,0,SLV,3,16,1509,1512
1257,315,63,0.381,0.3614,0.8233,0.2975,0.5079,0.4146,41,,0,,0,SLV,3,17,1572,1575
1308,327,63,0.5238,0.6707,0.6562,0.2326,0.6349,0.9167,12,0.9167,12,1.0,1,SLV,3,18,1635,1638
1358,340,63,0.5079,0.5439,0.6913,0.2491,0.5079,0.5079,63,0.5294,17,,0,SLV,3,19,1698,1701
1408,353,63,0.5397,0.5026,0.6954,0.2511,0.5556,0.5556,54,0.6111,18,,0,SLV,3,20,1761,1764
1459,365,63,0.4603,0.5212,0.7124,0.2596,0.6349,0.6875,16,0.6,10,,0,SLV,3,21,1824,1827
1509,378,63,0.7302,0.3338,0.676,0.2414,0.7302,0.7302,63,0.6216,37,0.5714,7,SLV,3,22,1887,1890
1560,390,63,0.746,0.4807,0.624,0.2158,0.746,0.746,63,0.7419,62,0.7273,11,SLV,3,23,1950,1953
1610,403,63,0.5556,0.5,0.6974,0.2519,0.5556,0.5556,63,0.5556,63,0.5556,63,SLV,3,24,2013,2016
400,101,63,0.5079,0.5307,0.6816,0.2458,0.5079,0.6667,3,1.0,1,1.0,1,SMCI,3,0,501,504
451,113,63,0.5873,0.4501,1.1566,0.2688,0.4127,,0,,0,,0,SMCI,3,1,564,567
501,126,63,0.5079,0.4979,0.7373,0.268,0.6032,0.566,53,0.6667,12,0.7,10,SMCI,3,2,627,630
552,138,63,0.6508,0.6622,0.6314,0.2242,0.4127,0.5833,24,0.7692,13,0.7692,13,SMCI,3,3,690,693
602,151,63,0.3651,0.4609,0.8226,0.3085,0.6349,,0,,0,,0,SMCI,3,4,753,756
652,164,63,0.619,0.6074,0.668,0.2375,0.619,0.619,63,0.7,10,0.6667,3,SMCI,3,5,816,819
703,176,63,0.5873,0.3997,0.6849,0.2458,0.5873,0.5873,63,0.5833,12,0.5,10,SMCI,3,6,879,882
753,189,63,0.5556,0.5413,0.6986,0.2523,0.5556,0.5556,63,0.619,42,0.0,3,SMCI,3,7,942,945
804,201,63,0.3492,0.4253,0.7428,0.2717,0.6032,0.2857,7,0.2857,7,0.2857,7,SMCI,3,8,1005,1008
854,214,63,0.619,0.5657,0.6572,0.2323,0.619,0.619,63,0.6333,60,0.6333,60,SMCI,3,9,1068,1071
904,227,63,0.6508,0.3942,0.6997,0.241,0.6825,0.678,59,0.6724,58,0.5,18,SMCI,3,10,1131,1134
955,239,63,0.4603,0.4959,1.4748,0.3107,0.4603,0.4603,63,0.4603,63,0.4603,63,SMCI,3,11,1194,1197
1005,252,63,0.3492,0.4756,0.7685,0.2872,0.3492,0.3492,63,0.3492,63,0.0,2,SMCI,3,12,1257,1260
1056,264,63,0.4762,0.4591,1.8834,0.3029,0.4762,0.4762,63,0.3846,13,0.3846,13,SMCI,3,13,1320,1323
1106,277,63,0.4921,0.4688,0.6989,0.2528,0.4921,0.4921,63,0.0,2,,0,SMCI,3,14,1383,1386
1156,290,63,0.4603,0.4531,0.7002,0.2535,0.4921,0.0,3,0.0,3,,0,SMCI,3,15,1446,1449
1207,302,63,0.5079,0.5005,1.1953,0.2802,0.4921,,0,,0,,0,SMCI,3,16,1509,1512
1257,315,63,0.5714,0.4194,0.6991,0.2526,0.4127,0.0,1,,0,,0,SMCI,3,17,1572,1575
1308,327,63,0.6032,0.5278,0.6942,0.2504,0.4286,0.625,8,,0,,0,SMCI,3,18,1635,1638
400,101,63,0.4762,0.4808,0.6996,0.2533,0.4762,0.4118,17,1.0,1,1.0,1,SMMT,3,0,501,504
451,113,63,0.4762,0.502,0.705,0.2553,0.5397,1.0,1,1.0,1,1.0,1,SMMT,3,1,564,567
501,126,63,0.4444,0.5556,0.697,0.2531,0.4286,0.4355,62,0.75,4,0.75,4,SMMT,3,2,627,630
552,138,63,0.4127,0.5447,1.4709,0.3161,0.5873,0.5,12,0.75,4,0.75,4,SMMT,3,3,690,693
602,151,63,0.5238,0.45,1.2512,0.3045,0.4444,0.4444,18,0.4444,18,0.4444,18,SMMT,3,4,753,756
652,164,63,0.5238,0.5223,0.6968,0.2519,0.4603,0.48,25,0.48,25,1.0,1,SMMT,3,5,816,819
703,176,63,0.5079,0.4583,0.6822,0.2448,0.381,0.3158,19,1.0,1,1.0,1,SMMT,3,6,879,882
753,189,63,0.5714,0.4667,0.6721,0.2396,0.3492,0.2222,9,0.6667,3,0.6667,3,SMMT,3,7,942,945
804,201,63,0.6349,0.4956,0.6571,0.2322,0.3492,0.0,1,0.0,1,,0,SMMT,3,8,1005,1008
854,214,63,0.6508,0.5625,0.6431,0.2257,0.381,1.0,2,1.0,2,1.0,1,SMMT,3,9,1068,1071
904,227,63,0.5714,0.5278,0.6895,0.2479,0.4286,,0,,0,,0,SMMT,3,10,1131,1134
955,239,63,0.5714,0.5722,0.7061,0.2557,0.4762,0.7143,7,,0,,0,SMMT,3,11,1194,1197
1005,252,63,0.6032,0.5993,0.6601,0.2344,0.4286,1.0,2,1.0,2,1.0,2,SMMT,3,12,1257,1260
1056,264,63,0.5873,0.5705,1.607,0.2745,0.3968,0.0,1,,0,,0,SMMT,3,13,1320,1323
1106,277,63,0.5556,0.7197,0.6693,0.2385,0.4762,1.0,2,1.0,2,1.0,2,SMMT,3,14,1383,1386
1156,290,63,0.4762,0.5232,0.8155,0.3068,0.6667,0.6667,27,0.75,4,,0,SMMT,3,15,1446,1449
1207,302,63,0.5238,0.5303,0.7019,0.2541,0.5714,0.6,30,0.6,30,,0,SMMT,3,16,1509,1512
1257,315,63,0.5873,0.5864,0.6732,0.243,0.4762,0.5588,34,0.5185,27,0.5,20,SMMT,3,17,1572,1575
1308,327,63,0.619,0.5781,0.6718,0.2397,0.5079,0.6538,26,0.6667,24,1.0,2,SMMT,3,18,1635,1638
1358,340,63,0.5397,0.6464,0.6594,0.2335,0.4444,0.4884,43,0.8182,11,1.0,6,SMMT,3,19,1698,1701
1408,353,63,0.5397,0.5318,0.6976,0.2521,0.5079,0.5789,19,0.5789,19,0.5294,17,SMMT,3,20,1761,1764
1459,365,63,0.5556,0.5795,0.6751,0.2411,0.6032,0.6471,34,0.7333,15,1.0,2,SMMT,3,21,1824,1827
1509,378,63,0.4603,0.5066,0.7175,0.2611,0.4444,0.425,40,0.4167,36,0.5556,9,SMMT,3,22,1887,1890
1560,390,63,0.6349,0.6019,0.6909,0.2478,0.4286,0.5909,22,0.5909,22,0.5,4,SMMT,3,23,1950,1953
1610,403,63,0.4444,0.5265,0.694,0.251,0.5556,0.5,14,0.5714,7,0.0,1,SMMT,3,24,2013,2016
400,101,63,0.5397,0.5385,1.9646,0.3267,0.4603,0.5,50,0.5102,49,0.5208,48,SNOW,3,0,501,504
451,113,63,0.5556,0.5857,0.7016,0.2539,0.5397,0.75,12,0.75,12,1.0,1,SNOW,3,1,564,567
501,126,63,0.4921,0.4802,0.9476,0.2727,0.5397,0.625,8,1.0,1,1.0,1,SNOW,3,2,627,630
552,138,63,0.381,0.4979,0.7154,0.2609,0.381,0.381,63,0.375,16,0.375,16,SNOW,3,3,690,693
602,151,63,0.4286,0.4465,0.9754,0.2814,0.5873,0.5385,13,0.5833,12,0.5833,12,SNOW,3,4,753,756
652,164,63,0.3492,0.3556,1.4654,0.308,0.4762,0.3429,35,0.25,8,0.25,8,SNOW,3,5,816,819
703,176,63,0.5079,0.448,0.7162,0.2611,0.4127,0.2222,9,0.25,8,0.2857,7,SNOW,3,6,879,882
753,189,63,0.5238,0.5288,0.8858,0.2457,0.4762,0.5,16,0.6667,9,0.6667,9,SNOW,3,7,942,945
804,201,63,0.3968,0.5,0.7235,0.2651,0.6032,,0,,0,,0,SNOW,3,8,1005,1008
854,214,63,0.5238,0.5312,0.6947,0.2508,0.5079,1.0,2,,0,,0,SNOW,3,9,1068,1071
904,227,63,0.3016,0.6364,4.7367,0.429,0.6984,,0,,0,,0,SNOW,3,10,1131,1134
955,239,63,0.5238,0.5,0.6985,0.2526,0.5238,0.5238,63,0.5238,63,,0,SNOW,3,11,1194,1197
1005,252,63,0.4762,0.5379,0.7022,0.2545,0.4762,0.4762,63,0.5172,29,,0,SNOW,3,12,1257,1260
1056,264,63,0.4444,0.3841,0.7679,0.2864,0.381,0.3226,31,0.2083,24,0.2083,24,SNOW,3,13,1320,1323
400,101,63,0.5079,0.4437,0.6923,0.2495,0.6032,0.5854,41,0.5897,39,0.0,3,TEAM,3,0,501,504
451,113,63,0.5079,0.4839,0.7112,0.2588,0.5079,0.5079,63,0.4898,49,0.5,48,TEAM,3,1,564,567
501,126,63,0.6349,0.5038,0.6622,0.2347,0.6349,0.6349,63,0.6415,53,,0,TEAM,3,2,627,630
552,138,63,0.5397,0.5174,0.6714,0.2407,0.6032,0.5882,51,0.6042,48,0.6222,45,TEAM,3,3,690,693
602,151,63,0.5079,0.5726,0.7011,0.2539,0.4921,0.5,62,0.5273,55,0.6,5,TEAM,3,4,753,756
652,164,63,0.6508,0.659,0.6446,0.226,0.5873,0.6316,57,0.6809,47,1.0,1,TEAM,3,5,816,819
703,176,63,0.3968,0.5329,0.7559,0.2803,0.6984,0.6875,16,0.7333,15,,0,TEAM,3,6,879,882
753,189,63,0.381,0.5357,0.8145,0.3087,0.3333,0.35,60,0.35,60,0.35,60,TEAM,3,7,942,945
804,201,63,0.4127,0.5,0.7104,0.2586,0.4127,0.4127,63,,0,,0,TEAM,3,8,1005,1008
854,214,63,0.4286,0.5,0.6953,0.2511,0.5714,,0,,0,,0,TEAM,3,9,1068,1071
904,227,63,0.619,0.3978,1.4437,0.2936,0.3651,0.3333,3,0.3333,3,0.3333,3,TEAM,3,10,1131,1134
955,239,63,0.4444,0.4733,0.9698,0.2801,0.619,0.5909,22,0.6667,3,0.6667,3,TEAM,3,11,1194,1197
1005,252,63,0.4762,0.591,0.7476,0.2648,0.4127,0.434,53,0.4857,35,0.5,34,TEAM,3,12,1257,1260
1056,264,63,0.5397,0.6878,0.9088,0.2537,0.6825,0.7917,24,0.7917,24,0.8571,7,TEAM,3,13,1320,1323
1106,277,63,0.5556,0.5665,0.6993,0.2523,0.4921,1.0,3,1.0,3,,0,TEAM,3,14,1383,1386
1156,290,63,0.4762,0.5086,0.7238,0.2648,0.5397,0.5217,23,1.0,2,1.0,2,TEAM,3,15,1446,1449
1207,302,63,0.5873,0.6794,0.6654,0.2365,0.5079,0.5682,44,0.5833,36,0.7826,23,TEAM,3,16,1509,1512
1257,315,63,0.3492,0.5397,0.7302,0.2664,0.3651,0.3333,54,0.6364,11,0.6364,11,TEAM,3,17,1572,1575
1308,327,63,0.6508,0.5794,0.6738,0.2403,0.6667,0.7,50,,0,,0,TEAM,3,18,1635,1638
1358,340,63,0.3175,0.4791,0.7695,0.2868,0.6825,,0,,0,,0,TEAM,3,19,1698,1701
1408,353,63,0.3968,0.5065,0.6967,0.2518,0.3651,0.3684,57,,0,,0,TEAM,3,20,1761,1764
1459,365,63,0.4603,0.5283,0.6943,0.2506,0.4762,0.4677,62,1.0,1,,0,TEAM,3,21,1824,1827
1509,378,63,0.4286,0.588,0.7349,0.2703,0.4286,0.4286,63,0.4286,63,0.5417,24,TEAM,3,22,1887,1890
1560,390,63,0.3651,0.4319,0.7429,0.2746,0.4127,0.3478,46,0.3478,46,0.4615,13,TEAM,3,23,1950,1953
1610,403,63,0.4127,0.5275,0.7794,0.2917,0.4127,0.4098,61,0.4098,61,0.4286,56,TEAM,3,24,2013,2016
400,101,63,0.5238,0.5,0.6921,0.2495,0.5238,0.5238,63,,0,,0,TGT,3,0,501,504
451,113,63,0.4127,0.492,0.7165,0.2616,0.619,0.75,4,0.75,4,,0,TGT,3,1,564,567
501,126,63,0.4603,0.43,1.6257,0.3549,0.619,0.5641,39,0.5641,39,,0,TGT,3,2,627,630
552,138,63,0.6032,0.4842,0.6661,0.2369,0.6032,0.6032,63,0.6167,60,0.6167,60,TGT,3,3,690,693
602,151,63,0.5873,0.5385,0.6775,0.2418,0.5873,0.5873,63,0.6102,59,0.6154,13,TGT,3,4,753,756
652,164,63,0.4921,0.4715,2.5903,0.328,0.7937,0.7647,34,0.7647,34,0.7647,34,TGT,3,5,816,819
703,176,63,0.5079,0.4708,0.7506,0.2769,0.5079,0.5079,63,0.5079,63,0.5079,63,TGT,3,6,879,882
753,189,63,0.3492,0.4584,0.8016,0.3029,0.3492,0.3492,63,0.3492,63,0.3492,63,TGT,3,7,942,945
804,201,63,0.4921,0.6689,0.6956,0.2512,0.4921,0.4921,63,0.6571,35,0.6111,18,TGT,3,8,1005,1008
854,214,63,0.4603,0.4468,0.7182,0.2623,0.4603,0.381,21,0.381,21,0.381,21,TGT,3,9,1068,1071
904,227,63,0.5079,0.5312,0.6913,0.2492,0.4921,,0,,0,,0,TGT,3,10,1131,1134
955,239,63,0.4127,0.3264,1.5651,0.3288,0.5873,0.5,8,,0,,0,TGT,3,11,1194,1197
1005,252,63,0.5397,0.4834,0.7024,0.2545,0.4127,0.2,5,0.2,5,0.0,3,TGT,3,12,1257,1260
1056,264,63,0.4921,0.5104,0.7007,0.253,0.4127,0.4167,36,,0,,0,TGT,3,13,1320,1323
1106,277,63,0.5079,0.383,0.6951,0.2516,0.3492,0.2353,17,,0,,0,TGT,3,14,1383,1386
1156,290,63,0.4921,0.5794,1.1335,0.2611,0.6667,0.8125,16,0.7778,9,0.7778,9,TGT,3,15,1446,1449
1207,302,63,0.5238,0.4949,0.734,0.2681,0.5397,0.5526,38,,0,,0,TGT,3,16,1509,1512
1257,315,63,0.5079,0.4525,0.6831,0.2455,0.5238,1.0,2,1.0,2,1.0,2,TGT,3,17,1572,1575
1308,327,63,0.4127,0.5,0.6948,0.2508,0.5873,,0,,0,,0,TGT,3,18,1635,1638
1358,340,63,0.5714,0.5,0.6881,0.2475,0.5714,0.5714,63,,0,,0,TGT,3,19,1698,1701
1408,353,63,0.3333,0.4405,0.7541,0.2801,0.3333,0.3333,63,0.3333,63,0.2143,14,TGT,3,20,1761,1764
1459,365,63,0.5556,0.5929,0.6692,0.2384,0.5556,0.5556,63,0.7,20,0.7,20,TGT,3,21,1824,1827
1509,378,63,0.3968,0.5,0.7022,0.2545,0.3968,0.3968,63,,0,,0,TGT,3,22,1887,1890
1560,390,63,0.4603,0.4167,0.6985,0.2527,0.6667,0.6053,38,,0,,0,TGT,3,23,1950,1953
1610,403,63,0.3968,0.4062,0.7091,0.2577,0.5079,0.4286,42,0.5,8,0.5,8,TGT,3,24,2013,2016
400,101,63,0.4603,0.5066,5.2028,0.4447,0.4603,0.4603,63,0.4603,63,0.4603,63,TJX,3,0,501,504
451,113,63,0.5079,0.5464,1.3649,0.2662,0.5079,0.5079,63,0.6154,13,0.6154,13,TJX,3,1,564,567
501,126,63,0.5714,0.6087,0.6962,0.2515,0.5556,0.6667,24,,0,,0,TJX,3,2,627,630
552,138,63,0.3651,0.5109,1.1987,0.2888,0.5873,0.2,5,0.0,3,,0,TJX,3,3,690,693
602,151,63,0.6032,0.5855,0.6688,0.238,0.619,0.625,56,0.75,12,0.75,12,TJX,3,4,753,756
652,164,63,0.4762,0.4561,0.7499,0.2744,0.5238,0.5,58,0.5,58,,0,TJX,3,5,816,819
703,176,63,0.4127,0.4369,0.7589,0.2799,0.4762,0.4407,59,0.5,2,0.5,2,TJX,3,6,879,882
753,189,63,0.5714,0.5093,0.6849,0.2459,0.5714,0.5714,63,,0,,0,TJX,3,7,942,945
804,201,63,0.4286,0.5712,0.6892,0.2481,0.4127,0.4074,54,0.7,10,0.6667,9,TJX,3,8,1005,1008
854,214,63,0.4762,0.4393,1.6823,0.3091,0.5556,0.525,40,0.4583,24,0.4583,24,TJX,3,9,1068,1071
904,227,63,0.5714,0.5099,0.7779,0.2826,0.5873,0.619,42,,0,,0,TJX,3,10,1131,1134
955,239,63,0.5873,0.6192,0.912,0.2518,0.5238,0.7059,17,0.9091,11,,0,TJX,3,11,1194,1197
1005,252,63,0.5397,0.6775,1.1176,0.2545,0.4603,0.5,52,0.5,52,0.6667,15,TJX,3,12,1257,1260
1056,264,63,0.381,0.5748,2.1268,0.3237,0.619,0.5,6,0.5,2,0.5,2,TJX,3,13,1320,1323
1106,277,63,0.4921,0.5304,0.7138,0.2571,0.5397,1.0,2,1.0,2,,0,TJX,3,14,1383,1386
1156,290,63,0.4444,0.5471,0.6868,0.2461,0.6667,0.7059,17,0.7059,17,0.75,8,TJX,3,15,1446,1449
1207,302,63,0.5238,0.5918,0.9312,0.2599,0.5397,0.5323,62,0.0,1,0.0,1,TJX,3,16,1509,1512
1257,315,63,0.6032,0.5337,0.9238,0.2577,0.6825,0.725,40,0.6316,19,1.0,2,TJX,3,17,1572,1575
1308,327,63,0.5079,0.5598,0.7377,0.2704,0.4603,0.4815,54,0.4808,52,0.5333,45,TJX,3,18,1635,1638
1358,340,63,0.5714,0.4979,0.9406,0.2633,0.6032,0.6122,49,0.6122,49,0.6122,49,TJX,3,19,1698,1701
1408,353,63,0.5079,0.4773,0.712,0.2592,0.4762,0.4889,45,0.4889,45,0.4634,41,TJX,3,20,1761,1764
1459,365,63,0.4921,0.5837,0.711,0.259,0.5079,0.5,58,0.4909,55,0.64,25,TJX,3,21,1824,1827
1509,378,63,0.5556,0.5179,0.6891,0.248,0.5556,0.566,53,0.566,53,,0,TJX,3,22,1887,1890
1560,390,63,0.5079,0.5157,0.6929,0.2499,0.5238,0.5161,62,1.0,1,1.0,1,TJX,3,23,1950,1953
1610,403,63,0.4286,0.5083,0.6959,0.2514,0.4127,0.4167,60,,0,,0,TJX,3,24,2013,2016
400,101,63,0.381,0.5967,0.7796,0.2921,0.381,0.381,63,0.381,63,0.381,63,TPR,3,0,501,504
451,113,63,0.4286,0.474,0.7112,0.259,0.4127,0.4167,60,0.375,32,,0,TPR,3,1,564,567
501,126,63,0.4444,0.4482,0.8931,0.3266,0.619,0.6667,12,0.6667,12,,0,TPR,3,2,627,630
552,138,63,0.3016,0.6651,0.7749,0.2894,0.6984,,0,,0,,0,TPR,3,3,690,693
602,151,63,0.6508,0.5122,0.6536,0.2306,0.6508,0.6508,63,0.6508,63,1.0,1,TPR,3,4,753,756
652,164,63,0.5238,0.5288,1.399,0.2847,0.5238,0.5238,63,0.5238,63,0.5238,63,TPR,3,5,816,819
703,176,63,0.3968,0.433,2.0408,0.3407,0.4921,0.3704,27,0.3704,27,0.3704,27,TPR,3,6,879,882
753,189,63,0.4921,0.4701,0.7222,0.264,0.5397,0.5294,34,0.5294,34,0.5484,31,TPR,3,7,942,945
804,201,63,0.619,0.6086,0.6847,0.2431,0.4762,0.625,24,0.625,24,0.6667,9,TPR,3,8,1005,1008
854,214,63,0.4603,0.449,0.7512,0.2777,0.5238,0.4444,9,0.4444,9,0.4444,9,TPR,3,9,1068,1071
904,227,63,0.4921,0.4769,0.9489,0.2691,0.4286,0.439,41,0.2857,7,0.2857,7,TPR,3,10,1131,1134
955,239,63,0.4286,0.4974,0.7521,0.2791,0.7302,0.7273,22,,0,,0,TPR,3,11,1194,1197
1005,252,63,0.5079,0.6316,0.6736,0.2402,0.5079,0.5079,63,0.6,45,0.8333,6,TPR,3,12,1257,1260
1056,264,63,0.5079,0.5559,0.6826,0.2462,0.5079,0.5079,63,0.5556,18,0.5882,17,TPR,3,13,1320,1323
1106,277,63,0.2698,0.5972,1.0952,0.3378,0.2698,0.2698,63,0.2955,44,0.3023,43,TPR,3,14,1383,1386
1156,290,63,0.2857,0.5106,0.7288,0.2677,0.746,1.0,2,1.0,1,,0,TPR,3,15,1446,1449
1207,302,63,0.3968,0.4611,0.7265,0.2664,0.3968,0.3968,63,0.25,8,0.25,8,TPR,3,16,1509,1512
1257,315,63,0.5397,0.598,0.686,0.2465,0.4444,0.4898,49,0.5,36,,0,TPR,3,17,1572,1575
1308,327,63,0.5873,0.6058,0.7092,0.2586,0.6032,0.6875,32,0.6667,3,1.0,1,TPR,3,18,1635,1638
1358,340,63,0.5397,0.5676,0.7663,0.2829,0.6508,0.7,30,,0,,0,TPR,3,19,1698,1701
1408,353,63,0.4762,0.5036,0.6984,0.2526,0.5556,0.5625,16,0.5625,16,,0,TPR,3,20,1761,1764
1459,365,63,0.6984,0.5909,0.6562,0.2317,0.6984,0.6984,63,0.7692,26,,0,TPR,3,21,1824,1827
1509,378,63,0.5397,0.3844,0.6997,0.2532,0.5397,0.5397,63,0.5397,63,0.1818,11,TPR,3,22,1887,1890
1560,390,63,0.6667,0.5127,0.6505,0.2292,0.6508,0.6613,62,0.6591,44,,0,TPR,3,23,1950,1953
1610,403,63,0.4286,0.4933,0.7577,0.2814,0.4286,0.4286,63,0.4182,55,0.4182,55,TPR,3,24,2013,2016
400,101,63,0.4921,0.4894,0.7934,0.2952,0.4921,0.4921,63,0.4921,63,0.4921,63,TSLA,3,0,501,504
451,113,63,0.6667,0.5,0.6465,0.2269,0.6667,0.6667,63,0.6667,63,,0,TSLA,3,1,564,567
501,126,63,0.5714,0.5,0.6839,0.2454,0.5714,0.5714,63,0.5714,63,,0,TSLA,3,2,627,630
552,138,63,0.6825,0.5359,1.151,0.2482,0.746,0.7368,57,0.75,56,0.7636,55,TSLA,3,3,690,693
602,151,63,0.3968,0.7168,1.8415,0.3741,0.3651,0.377,61,0.4314,51,0.4314,51,TSLA,3,4,753,756
652,164,63,0.6032,0.5592,0.7523,0.2736,0.5556,0.6316,38,0.5238,21,0.5625,16,TSLA,3,5,816,819
703,176,63,0.5556,0.393,0.7508,0.2761,0.746,0.6939,49,0.6939,49,,0,TSLA,3,6,879,882
753,189,63,0.3968,0.5584,0.7679,0.2849,0.3968,0.3934,61,0.4,60,0.5,20,TSLA,3,7,942,945
804,201,63,0.5079,0.4677,0.6975,0.2522,0.5079,0.5079,63,0.5079,63,,0,TSLA,3,8,1005,1008
854,214,63,0.4921,0.3742,1.4304,0.2912,0.5397,0.5167,60,0.4545,33,,0,TSLA,3,9,1068,1071
904,227,63,0.5079,0.5605,0.7125,0.254,0.3968,0.4211,38,0.5,4,0.5,4,TSLA,3,10,1131,1134
955,239,63,0.5556,0.5364,0.6858,0.2464,0.4762,0.6667,6,0.6667,6,0.6667,6,TSLA,3,11,1194,1197
1005,252,63,0.4921,0.4414,0.7457,0.2665,0.4762,0.25,4,0.0,2,0.0,2,TSLA,3,12,1257,1260
1056,264,63,0.3492,0.5765,1.3893,0.274,0.6667,1.0,1,,0,,0,TSLA,3,13,1320,1323
1106,277,63,0.4286,0.5074,0.9599,0.2698,0.3968,0.3922,51,1.0,2,,0,TSLA,3,14,1383,1386
1156,290,63,0.5397,0.5182,0.689,0.2479,0.4127,0.4483,29,0.4,5,0.6667,3,TSLA,3,15,1446,1449
1207,302,63,0.4762,0.4762,0.7083,0.2575,0.4603,0.4655,58,0.4444,54,,0,TSLA,3,16,1509,1512
1257,315,63,0.5238,0.4924,0.7268,0.2629,0.5238,0.5238,63,0.4,5,0.4,5,TSLA,3,17,1572,1575
1308,327,63,0.4444,0.4475,0.6972,0.2521,0.5238,0.4737,38,0.5,12,,0,TSLA,3,18,1635,1638
1358,340,63,0.3968,0.4826,2.1393,0.3202,0.6032,,0,,0,,0,TSLA,3,19,1698,1701
1408,353,63,0.6032,0.5641,0.6872,0.2471,0.3651,0.0,2,,0,,0,TSLA,3,20,1761,1764
1459,365,63,0.4603,0.4268,0.7248,0.2641,0.5238,0.0,1,0.0,1,0.0,1,TSLA,3,21,1824,1827
1509,378,63,0.619,0.696,0.6788,0.2429,0.5714,0.7143,28,,0,,0,TSLA,3,22,1887,1890
1560,390,63,0.6032,0.5051,0.6829,0.2449,0.4444,0.6667,9,,0,,0,TSLA,3,23,1950,1953
1610,403,63,0.5079,0.4819,0.7094,0.2579,0.4921,0.5,12,0.5,12,,0,TSLA,3,24,2013,2016
400,101,63,0.4286,0.5,0.8177,0.3087,0.4286,0.4286,63,0.4286,63,0.4286,63,TSM,3,0,501,504
451,113,63,0.6984,0.5476,0.6648,0.2388,0.6667,0.6885,61,,0,,0,TSM,3,1,564,567
501,126,63,0.5714,0.5077,0.6694,0.2412,0.5714,0.5714,63,0.5625,48,1.0,2,TSM,3,2,627,630
552,138,63,0.7302,0.6746,0.5725,0.1927,0.7302,0.7302,63,0.75,60,0.7857,56,TSM,3,3,690,693
602,151,63,0.4921,0.5317,1.036,0.3072,0.4127,0.4423,52,0.4423,52,0.4423,52,TSM,3,4,753,756
652,164,63,0.5238,0.4753,0.9187,0.3254,0.5714,0.5938,32,0.5938,32,0.5238,21,TSM,3,5,816,819
703,176,63,0.4762,0.4782,0.995,0.2901,0.4603,0.4524,42,0.4524,42,0.4524,42,TSM,3,6,879,882
753,189,63,0.6032,0.5571,0.6779,0.2426,0.5556,0.5862,58,,0,,0,TSM,3,7,942,945
804,201,63,0.4921,0.5848,0.6735,0.2459,0.3492,0.375,40,0.375,40,,0,TSM,3,8,1005,1008
854,214,63,0.5556,0.555,0.6851,0.2454,0.4286,0.4783,23,0.6,5,0.6,5,TSM,3,9,1068,1071
904,227,63,0.4762,0.4904,0.6858,0.2463,0.3016,0.3056,36,0.0,1,0.0,1,TSM,3,10,1131,1134
955,239,63,0.3333,0.3685,0.8153,0.3085,0.6667,,0,,0,,0,TSM,3,11,1194,1197
1005,252,63,0.5397,0.5923,0.6768,0.2423,0.4603,,0,,0,,0,TSM,3,12,1257,1260
1056,264,63,0.5079,0.5413,0.7749,0.283,0.4921,0.5,10,,0,,0,TSM,3,13,1320,1323
1106,277,63,0.5397,0.4984,0.6783,0.2426,0.3651,0.3636,22,,0,,0,TSM,3,14,1383,1386
1156,290,63,0.5556,0.5071,1.4203,0.2875,0.6349,0.6304,46,,0,,0,TSM,3,15,1446,1449
1207,302,63,0.4921,0.4696,0.6967,0.2518,0.5397,0.52,50,0.5217,23,,0,TSM,3,16,1509,1512
1257,315,63,0.4286,0.4309,0.7079,0.2589,0.5873,1.0,1,1.0,1,,0,TSM,3,17,1572,1575
1308,327,63,0.4127,0.4064,1.6894,0.3111,0.5714,0.4865,37,0.6,5,0.75,4,TSM,3,18,1635,1638
1358,340,63,0.5238,0.4833,0.6938,0.2503,0.5238,0.5238,63,,0,,0,TSM,3,19,1698,1701
1408,353,63,0.5556,0.6343,0.6981,0.2523,0.4286,0.4906,53,0.6,10,0.6,10,TSM,3,20,1761,1764
1459,365,63,0.619,0.5696,0.6713,0.2392,0.6349,0.6429,56,1.0,5,1.0,5,TSM,3,21,1824,1827
1509,378,63,0.5556,0.4194,0.742,0.2711,0.5556,0.5556,63,0.25,8,0.1667,6,TSM,3,22,1887,1890
1560,390,63,0.6032,0.429,0.6965,0.2513,0.6508,0.6429,56,0.5652,23,1.0,1,TSM,3,23,1950,1953
1610,403,63,0.5397,0.4158,0.9313,0.26,0.5556,0.5484,62,1.0,1,1.0,1,TSM,3,24,2013,2016
400,101,63,0.3333,0.6032,0.87,0.3333,0.3333,0.3333,63,0.3684,57,0.3684,57,UAL,3,0,501,504
451,113,63,0.5873,0.5958,0.6818,0.2438,0.4921,0.7778,9,0.7778,9,0.7778,9,UAL,3,1,564,567
501,126,63,0.5714,0.6737,0.8529,0.2353,0.5238,0.8,10,0.8,5,0.8,5,UAL,3,2,627,630
552,138,63,0.5556,0.7332,0.6515,0.2275,0.4444,0.5,50,0.5,50,0.7143,21,UAL,3,3,690,693
602,151,63,0.3651,0.4861,3.8625,0.4266,0.619,0.4615,13,0.3636,11,0.5714,7,UAL,3,4,753,756
652,164,63,0.4444,0.3924,4.0662,0.413,0.4127,0.4237,59,0.4237,59,0.4237,59,UAL,3,5,816,819
703,176,63,0.5238,0.5,0.6927,0.2498,0.4762,,0,,0,,0,UAL,3,6,879,882
753,189,63,0.4286,0.5417,0.695,0.2509,0.4286,0.4286,63,,0,,0,UAL,3,7,942,945
804,201,63,0.4127,0.6861,0.9341,0.2624,0.5873,,0,,0,,0,UAL,3,8,1005,1008
854,214,63,0.4921,0.5111,0.7418,0.2702,0.4921,0.4667,15,0.4667,15,0.4667,15,UAL,3,9,1068,1071
904,227,63,0.4603,0.5066,0.7561,0.2794,0.5238,0.4884,43,0.4884,43,0.6,30,UAL,3,10,1131,1134
955,239,63,0.4286,0.4299,0.7448,0.274,0.5079,0.4333,30,0.4545,11,0.3333,3,UAL,3,11,1194,1197
1005,252,63,0.5079,0.601,0.693,0.2495,0.4762,0.4884,43,0.7143,14,1.0,1,UAL,3,12,1257,1260
1056,264,63,0.4921,0.5663,1.4558,0.3007,0.5556,0.5385,39,1.0,1,1.0,1,UAL,3,13,1320,1323
1106,277,63,0.2063,0.4785,0.7586,0.2816,0.2063,0.2063,63,0.1429,7,0.1429,7,UAL,3,14,1383,1386
1156,290,63,0.3968,0.58,0.7183,0.2628,0.6032,,0,,0,,0,UAL,3,15,1446,1449
1207,302,63,0.5238,0.4834,0.6948,0.2507,0.4921,0.6,5,0.5,2,0.5,2,UAL,3,16,1509,1512
1257,315,63,0.6508,0.3125,0.6899,0.2483,0.3651,0.6667,3,,0,,0,UAL,3,17,1572,1575
1308,327,63,0.2063,0.4475,2.2496,0.3634,0.7778,0.3333,3,0.5,2,0.5,2,UAL,3,18,1635,1638
1358,340,63,0.3492,0.5111,0.7554,0.2656,0.6508,,0,,0,,0,UAL,3,19,1698,1701
1408,353,63,0.4762,0.5,0.697,0.2519,0.4762,0.4762,63,,0,,0,UAL,3,20,1761,1764
1459,365,63,0.619,0.4925,0.6758,0.2417,0.619,0.619,63,1.0,1,1.0,1,UAL,3,21,1824,1827
1509,378,63,0.5556,0.5143,0.6835,0.2453,0.5556,0.5556,63,1.0,1,1.0,1,UAL,3,22,1887,1890
1560,390,63,0.5873,0.5619,0.6636,0.2358,0.5873,0.5873,63,0.5873,63,0.8571,7,UAL,3,23,1950,1953
1610,403,63,0.3968,0.5,0.7401,0.2732,0.3968,0.3968,63,0.3968,63,,0,UAL,3,24,2013,2016
400,101,63,0.5079,0.6144,0.6777,0.2425,0.5079,0.5079,63,0.7857,14,0.8333,12,UNH,3,0,501,504
451,113,63,0.5714,0.6959,0.6555,0.2328,0.5556,0.5645,62,0.7917,24,,0,UNH,3,1,564,567
501,126,63,0.5714,0.5714,1.1585,0.2652,0.5556,0.6333,30,0.6522,23,0.6522,23,UNH,3,2,627,630
552,138,63,0.5714,0.6237,0.6578,0.2348,0.5238,0.5833,36,0.5833,36,0.6667,30,UNH,3,3,690,693
602,151,63,0.3651,0.4139,1.2584,0.3159,0.6984,0.5909,22,0.5909,22,0.5909,22,UNH,3,4,753,756
652,164,63,0.5556,0.4412,1.2027,0.2823,0.5397,0.5484,62,0.4375,16,0.4375,16,UNH,3,5,816,819
703,176,63,0.4921,0.4657,0.7617,0.2753,0.4921,0.4921,63,0.3333,6,0.3333,6,UNH,3,6,879,882
753,189,63,0.4603,0.4424,2.1423,0.3228,0.5238,0.4909,55,0.4909,55,,0,UNH,3,7,942,945
804,201,63,0.5873,0.4595,0.6857,0.2463,0.5873,0.5873,63,,0,,0,UNH,3,8,1005,1008
854,214,63,0.4921,0.5156,0.6995,0.2532,0.5079,0.5,62,0.5167,60,,0,UNH,3,9,1068,1071
904,227,63,0.5079,0.5,0.696,0.2514,0.5079,0.5079,63,,0,,0,UNH,3,10,1131,1134
955,239,63,0.4921,0.6184,0.6825,0.2446,0.4921,0.4921,63,0.65,20,0.65,20,UNH,3,11,1194,1197
1005,252,63,0.5079,0.5036,0.9485,0.268,0.5556,0.5345,58,0.619,21,0.5385,13,UNH,3,12,1257,1260
1056,264,63,0.5556,0.5983,0.6767,0.2418,0.4921,0.5283,53,0.6087,23,,0,UNH,3,13,1320,1323
1106,277,63,0.4603,0.4829,0.7178,0.2617,0.5079,0.4815,54,0.625,8,,0,UNH,3,14,1383,1386
1156,290,63,0.4762,0.5112,0.6944,0.2509,0.4603,0.4412,34,0.5714,7,0.5714,7,UNH,3,15,1446,1449
1207,302,63,0.5397,0.5025,0.6903,0.2486,0.5397,0.5397,63,,0,,0,UNH,3,16,1509,1512
1257,315,63,0.5397,0.5473,0.6905,0.2485,0.5873,0.6176,34,1.0,3,1.0,3,UNH,3,17,1572,1575
1308,327,63,0.4603,0.5026,0.6951,0.251,0.5556,0.5556,9,,0,,0,UNH,3,18,1635,1638
1358,340,63,0.5714,0.3514,2.1194,0.3099,0.5873,0.5806,62,0.1429,7,0.1429,7,UNH,3,19,1698,1701
1408,353,63,0.4921,0.4844,0.7092,0.2579,0.5079,0.5,62,0.5,62,,0,UNH,3,20,1761,1764
1459,365,63,0.3968,0.5621,1.1822,0.2793,0.3968,0.3968,63,0.4237,59,0.5,4,UNH,3,21,1824,1827
1509,378,63,0.5556,0.6214,0.6868,0.2468,0.5556,0.5556,63,,0,,0,UNH,3,22,1887,1890
1560,390,63,0.4762,0.4667,0.7143,0.2605,0.4762,0.4762,63,0.459,61,,0,UNH,3,23,1950,1953
1610,403,63,0.619,0.5059,0.6859,0.2464,0.619,0.619,63,0.6154,13,0.5833,12,UNH,3,24,2013,2016
400,101,63,0.4921,0.6018,0.7369,0.271,0.4921,0.4921,63,0.4921,63,0.4921,63,V,3,0,501,504
451,113,63,0.5714,0.5967,0.6589,0.2348,0.5714,0.5714,63,0.65,40,0.65,40,V,3,1,564,567
501,126,63,0.6032,0.6731,0.6441,0.2267,0.5873,0.6154,52,0.6829,41,0.6829,41,V,3,2,627,630
552,138,63,0.4762,0.4735,0.7252,0.2648,0.5556,0.5263,38,0.5263,38,0.5263,38,V,3,3,690,693
602,151,63,0.5873,0.6071,0.7364,0.2693,0.6667,0.75,32,0.7742,31,,0,V,3,4,753,756
652,164,63,0.5714,0.644,0.6871,0.2468,0.5397,0.5574,61,0.5574,61,0.6296,27,V,3,5,816,819
703,176,63,0.381,0.47,0.9597,0.3662,0.3968,0.3833,60,0.3898,59,0.4035,57,V,3,6,879,882
753,189,63,0.5079,0.4778,0.7481,0.2635,0.5238,0.5161,62,0.5094,53,,0,V,3,7,942,945
804,201,63,0.4921,0.6552,0.5966,0.2161,0.4603,0.4717,53,1.0,6,1.0,6,V,3,8,1005,1008
854,214,63,0.4603,0.4947,1.223,0.2916,0.619,0.619,21,0.619,21,0.619,21,V,3,9,1068,1071
904,227,63,0.4286,0.3976,0.7402,0.2727,0.4603,0.3793,29,0.3793,29,0.0,2,V,3,10,1131,1134
955,239,63,0.619,0.5761,0.6909,0.2473,0.6349,0.629,62,0.9091,11,,0,V,3,11,1194,1197
1005,252,63,0.4286,0.4646,1.1717,0.2752,0.5238,0.4118,17,0.4286,14,0.4167,12,V,3,12,1257,1260
1056,264,63,0.5238,0.5166,0.9164,0.2545,0.5079,0.5172,58,0.5,2,0.5,2,V,3,13,1320,1323
1106,277,63,0.6349,0.4797,0.691,0.2486,0.619,0.6379,58,,0,,0,V,3,14,1383,1386
1156,290,63,0.7143,0.5868,0.6399,0.2236,0.7619,0.7778,54,0.8056,36,0.8056,36,V,3,15,1446,1449
1207,302,63,0.4921,0.537,0.7103,0.261,0.4286,0.4561,57,0.4561,57,0.4444,54,V,3,16,1509,1512
1257,315,63,0.5397,0.5328,0.6967,0.2517,0.5079,0.5254,59,0.5254,59,,0,V,3,17,1572,1575
1308,327,63,0.7619,0.6223,0.5966,0.2057,0.746,0.7581,62,0.7581,62,0.9231,13,V,3,18,1635,1638
1358,340,63,0.5079,0.3984,2.6413,0.3501,0.6349,0.5882,51,0.5778,45,0.5455,11,V,3,19,1698,1701
1408,353,63,0.6508,0.5759,0.6478,0.2277,0.6508,0.6508,63,0.6591,44,0.6591,44,V,3,20,1761,1764
1459,365,63,0.619,0.5301,0.6792,0.2429,0.5873,0.6066,61,0.5833,36,0.5833,36,V,3,21,1824,1827
1509,378,63,0.5556,0.4628,0.6941,0.2503,0.5556,0.5593,59,0.5614,57,0.4737,19,V,3,22,1887,1890
1560,390,63,0.4603,0.6902,0.7139,0.2605,0.4603,0.4603,63,0.4603,63,0.6538,26,V,3,23,1950,1953
1610,403,63,0.4921,0.5811,0.7229,0.2643,0.4921,0.4921,63,0.4921,63,0.575,40,V,3,24,2013,2016
400,101,63,0.5079,0.501,2.9841,0.3237,0.5556,0.5455,44,0.5676,37,0.5556,36,VKTX,3,0,501,504
451,113,63,0.5714,0.5707,0.6865,0.2466,0.4762,0.6364,11,0.6364,11,,0,VKTX,3,1,564,567
501,126,63,0.4127,0.4949,2.5992,0.3376,0.4603,0.42,50,0.4286,42,,0,VKTX,3,2,627,630
552,138,63,0.5714,0.5125,0.7013,0.2532,0.5873,0.5833,60,0.75,4,0.5,2,VKTX,3,3,690,693
602,151,63,0.619,0.5294,0.8964,0.2466,0.381,0.5,4,0.0,1,0.0,1,VKTX,3,4,753,756
652,164,63,0.5079,0.5338,0.6712,0.2439,0.5079,0.5098,51,0.5,38,1.0,4,VKTX,3,5,816,819
703,176,63,0.4762,0.438,0.7532,0.2787,0.5079,0.4545,11,0.0,1,,0,VKTX,3,6,879,882
753,189,63,0.3968,0.4235,2.6065,0.4819,0.254,0.2708,48,0.2708,48,0.2766,47,VKTX,3,7,942,945
804,201,63,0.6508,0.5,0.6829,0.2449,0.3492,,0,,0,,0,VKTX,3,8,1005,1008
854,214,63,0.5238,0.5,0.709,0.2577,0.4762,,0,,0,,0,VKTX,3,9,1068,1071
904,227,63,0.4127,0.5946,0.7467,0.2762,0.5873,,0,,0,,0,VKTX,3,10,1131,1134
955,239,63,0.5714,0.4192,3.6954,0.3496,0.4286,,0,,0,,0,VKTX,3,11,1194,1197
1005,252,63,0.381,0.5005,1.2287,0.4197,0.619,,0,,0,,0,VKTX,3,12,1257,1260
1056,264,63,0.3492,0.4204,0.9652,0.2761,0.381,0.3455,55,,0,,0,VKTX,3,13,1320,1323
1106,277,63,0.4603,0.5417,0.6789,0.2442,0.4286,0.4426,61,,0,,0,VKTX,3,14,1383,1386
1156,290,63,0.4444,0.6585,0.7385,0.2725,0.6508,0.75,12,,0,,0,VKTX,3,15,1446,1449
1207,302,63,0.5873,0.5,0.6908,0.2488,0.5873,0.5873,63,,0,,0,VKTX,3,16,1509,1512
1257,315,63,0.3175,0.3808,0.7612,0.2836,0.3175,0.3175,63,0.1923,26,0.1923,26,VKTX,3,17,1572,1575
1308,327,63,0.4921,0.6386,0.6704,0.2389,0.5079,,0,,0,,0,VKTX,3,18,1635,1638
1358,340,63,0.6508,0.5272,0.6802,0.2437,0.3492,,0,,0,,0,VKTX,3,19,1698,1701
1408,353,63,0.5079,0.4859,1.4082,0.2805,0.4921,0.5,8,0.5,8,0.5,8,VKTX,3,20,1761,1764
1459,365,63,0.4921,0.6389,0.6876,0.2472,0.6032,0.875,8,,0,,0,VKTX,3,21,1824,1827
1509,378,63,0.6508,0.679,0.6623,0.2347,0.6508,0.7317,41,0.8333,30,,0,VKTX,3,22,1887,1890
1560,390,63,0.7302,0.6619,0.6223,0.2157,0.3492,1.0,5,,0,,0,VKTX,3,23,1950,1953
1610,403,63,0.5397,0.4854,0.733,0.2678,0.5873,0.5909,44,,0,,0,VKTX,3,24,2013,2016
400,101,63,0.4762,0.6511,4.2963,0.4421,0.4603,0.4677,62,0.4677,62,0.4677,62,VZ,3,0,501,504
451,113,63,0.5714,0.501,1.835,0.2826,0.5714,0.5714,63,0.5957,47,0.5957,47,VZ,3,1,564,567
501,126,63,0.7143,0.7794,0.6478,0.2259,0.5397,0.6739,46,0.7917,24,,0,VZ,3,2,627,630
552,138,63,0.4762,0.5347,0.7252,0.2656,0.3968,0.4091,44,0.4091,44,0.4091,44,VZ,3,3,690,693
602,151,63,0.6508,0.6506,0.631,0.2199,0.619,0.6545,55,0.6667,48,0.6667,48,VZ,3,4,753,756
652,164,63,0.5238,0.5529,1.3737,0.2723,0.4921,0.5128,39,0.5128,39,0.5128,39,VZ,3,5,816,819
703,176,63,0.4444,0.5648,1.6931,0.3083,0.4286,0.4355,62,0.5,24,0.5,24,VZ,3,6,879,882
753,189,63,0.4603,0.7111,2.3593,0.3227,0.3968,0.4237,59,0.5625,32,0.5625,32,VZ,3,7,942,945
804,201,63,0.4603,0.4863,0.7294,0.2685,0.5397,0.5,4,0.5,4,0.5,4,VZ,3,8,1005,1008
854,214,63,0.5714,0.6029,0.6845,0.2457,0.5397,0.7333,15,,0,,0,VZ,3,9,1068,1071
904,227,63,0.4286,0.5188,1.3395,0.3419,0.3492,0.36,50,0.36,50,0.4118,34,VZ,3,10,1131,1134
955,239,63,0.5397,0.6247,0.7103,0.2582,0.6032,0.8462,13,,0,,0,VZ,3,11,1194,1197
1005,252,63,0.6667,0.5705,0.6829,0.2449,0.381,0.8,5,0.8,5,,0,VZ,3,12,1257,1260
1056,264,63,0.4921,0.5172,0.6826,0.2451,0.4127,0.4118,34,,0,,0,VZ,3,13,1320,1323
1106,277,63,0.4921,0.4839,0.7156,0.2605,0.5079,,0,,0,,0,VZ,3,14,1383,1386
1156,290,63,0.4127,0.5732,0.7831,0.2929,0.6508,0.75,8,0.6667,6,,0,VZ,3,15,1446,1449
1207,302,63,0.5714,0.5464,1.1528,0.2624,0.5556,0.6053,38,0.6129,31,0.6129,31,VZ,3,16,1509,1512
1257,315,63,0.5714,0.5154,0.6891,0.248,0.5714,0.5789,57,,0,,0,VZ,3,17,1572,1575
1308,327,63,0.5873,0.5748,0.695,0.2507,0.5873,0.641,39,0.75,8,,0,VZ,3,18,1635,1638
1358,340,63,0.4921,0.5446,0.7175,0.2617,0.4603,0.4746,59,0.4865,37,0.45,20,VZ,3,19,1698,1701
1408,353,63,0.5556,0.4761,0.6909,0.2485,0.5873,0.5738,61,0.6,5,0.5,4,VZ,3,20,1761,1764
1459,365,63,0.4921,0.4979,0.745,0.2748,0.4286,0.4138,29,0.4138,29,0.4138,29,VZ,3,21,1824,1827
1509,378,63,0.4286,0.5882,0.6989,0.2531,0.4603,0.4364,55,0.6,30,,0,VZ,3,22,1887,1890
1560,390,63,0.5079,0.4516,0.7592,0.2747,0.5714,0.5455,55,0.5714,35,0.3333,6,VZ,3,23,1950,1953
1610,403,63,0.5238,0.5605,0.7049,0.2543,0.4921,0.52,25,0.5789,19,0.5789,19,VZ,3,24,2013,2016
400,101,63,0.5238,0.5472,0.7008,0.2546,0.5397,0.54,50,0.7,10,,0,WMT,3,0,501,504
451,113,63,0.5238,0.5559,0.9413,0.267,0.4921,0.5333,15,0.5333,15,0.5333,15,WMT,3,1,564,567
501,126,63,0.4921,0.5439,2.3113,0.3105,0.5238,1.0,1,1.0,1,1.0,1,WMT,3,2,627,630
552,138,63,0.5873,0.5057,0.6899,0.2484,0.5873,0.5902,61,,0,,0,WMT,3,3,690,693
602,151,63,0.5397,0.6199,0.8966,0.2492,0.5556,0.5484,62,0.5574,61,0.8333,6,WMT,3,4,753,756
652,164,63,0.5238,0.4561,0.6659,0.2402,0.5238,0.5238,63,0.4211,19,0.8571,7,WMT,3,5,816,819
703,176,63,0.6508,0.6633,0.8933,0.2408,0.5556,0.6444,45,0.8571,7,0.8571,7,WMT,3,6,879,882
753,189,63,0.4762,0.649,1.4328,0.2919,0.4762,0.4737,57,0.4737,57,0.6136,44,WMT,3,7,942,945
804,201,63,0.4762,0.5156,0.7181,0.2619,0.4921,0.4839,62,0.5238,21,0.5238,21,WMT,3,8,1005,1008
854,214,63,0.5079,0.4632,1.3989,0.28,0.4921,0.5,62,0.4918,61,0.5,6,WMT,3,9,1068,1071
904,227,63,0.6349,0.6414,0.7571,0.2768,0.5873,0.7692,26,,0,,0,WMT,3,10,1131,1134
955,239,63,0.5238,0.496,1.894,0.3062,0.4762,,0,,0,,0,WMT,3,11,1194,1197
1005,252,63,0.5873,0.631,0.6904,0.2486,0.5873,0.7619,21,,0,,0,WMT,3,12,1257,1260
1056,264,63,0.4444,0.4511,0.7292,0.2675,0.5714,1.0,1,,0,,0,WMT,3,13,1320,1323
1106,277,63,0.5397,0.5,0.6908,0.2488,0.5397,0.5397,63,,0,,0,WMT,3,14,1383,1386
1156,290,63,0.6667,0.5187,0.6548,0.2314,0.6667,0.6667,63,0.6522,46,1.0,3,WMT,3,15,1446,1449
1207,302,63,0.5238,0.5,0.694,0.2504,0.5238,0.5238,63,0.5238,63,,0,WMT,3,16,1509,1512
1257,315,63,0.5873,0.4917,0.6858,0.2463,0.5873,0.6122,49,0.5667,30,,0,WMT,3,17,1572,1575
1308,327,63,0.4286,0.693,0.6924,0.2496,0.6825,1.0,7,1.0,7,1.0,6,WMT,3,18,1635,1638
1358,340,63,0.6508,0.5216,2.0928,0.2982,0.7143,0.7091,55,,0,,0,WMT,3,19,1698,1701
1408,353,63,0.5714,0.4321,0.7017,0.2543,0.5714,0.5714,63,0.5455,44,0.5238,42,WMT,3,20,1761,1764
1459,365,63,0.619,0.6309,0.6403,0.2243,0.619,0.619,63,0.6552,58,0.6909,55,WMT,3,21,1824,1827
1509,378,63,0.5079,0.7011,0.6814,0.2448,0.5079,0.5079,63,0.6316,38,0.6176,34,WMT,3,22,1887,1890
1560,390,63,0.6667,0.6133,0.6526,0.2303,0.5873,0.6481,54,0.6341,41,0.6341,41,WMT,3,23,1950,1953
1610,403,63,0.5556,0.5495,0.7158,0.2579,0.5556,0.5636,55,0.5636,55,0.5625,48,WMT,3,24,2013,2016
400,101,63,0.3175,0.3264,0.8374,0.3123,0.5873,0.0,6,0.0,5,0.0,5,ZM,3,0,501,504
451,113,63,0.4921,0.5283,1.1775,0.2746,0.4762,0.4833,60,0.25,4,0.25,4,ZM,3,1,564,567
501,126,63,0.2857,0.6142,1.2233,0.367,0.2857,0.2857,63,0.3684,38,0.3784,37,ZM,3,2,627,630
552,138,63,0.6032,0.4621,0.9085,0.25,0.3968,,0,,0,,0,ZM,3,3,690,693
602,151,63,0.3968,0.4216,0.7891,0.2964,0.6032,0.5,8,0.5,8,,0,ZM,3,4,753,756
652,164,63,0.5556,0.5041,0.6841,0.2455,0.4286,0.4286,7,,0,,0,ZM,3,5,816,819
703,176,63,0.4127,0.5031,0.7326,0.2694,0.4444,0.4237,59,0.4571,35,0.4688,32,ZM,3,6,879,882
753,189,63,0.6032,0.599,0.6758,0.2429,0.4444,0.5882,17,0.75,4,0.6667,3,ZM,3,7,942,945
804,201,63,0.4762,0.5525,0.7089,0.258,0.5238,,0,,0,,0,ZM,3,8,1005,1008
854,214,63,0.5873,0.5653,0.6892,0.248,0.4444,0.5455,22,,0,,0,ZM,3,9,1068,1071
904,227,63,0.5397,0.5282,0.6977,0.2518,0.4921,1.0,2,1.0,2,,0,ZM,3,10,1131,1134
955,239,63,0.4762,0.5096,0.6941,0.2505,0.4921,0.4773,44,0.625,8,0.625,8,ZM,3,11,1194,1197
1005,252,63,0.4444,0.4283,0.7168,0.2617,0.5238,0.4762,42,0.4615,39,,0,ZM,3,12,1257,1260
1056,264,63,0.381,0.4789,1.4519,0.3014,0.6508,0.6,10,0.6667,3,0.6667,3,ZM,3,13,1320,1323
1106,277,63,0.4603,0.5,0.6975,0.2522,0.4603,0.4603,63,,0,,0,ZM,3,14,1383,1386
1156,290,63,0.619,0.4875,0.6895,0.2482,0.6349,0.629,62,,0,,0,ZM,3,15,1446,1449
1207,302,63,0.4127,0.5,0.7149,0.2608,0.4127,0.4127,63,,0,,0,ZM,3,16,1509,1512
1257,315,63,0.5079,0.3846,0.7205,0.2635,0.5079,0.5079,63,0.2941,17,,0,ZM,3,17,1572,1575
1308,327,63,0.4921,0.5,0.6635,0.2427,0.4286,0.4444,45,0.4444,45,0.0,4,ZM,3,18,1635,1638
1358,340,63,0.5397,0.4306,0.9942,0.2736,0.619,0.6,50,0.5385,13,0.0,2,ZM,3,19,1698,1701
400,101,63,0.5079,0.5161,3.3594,0.3858,0.5079,0.5079,63,0.5079,63,0.5079,63,SPY,3,0,501,504
451,113,63,0.6825,0.5802,1.0343,0.2185,0.6825,0.6825,63,0.6825,63,0.7895,19,SPY,3,1,564,567
501,126,63,0.6032,0.6532,0.67,0.2386,0.6032,0.6032,63,0.7143,14,0.7143,14,SPY,3,2,627,630
552,138,63,0.5397,0.4305,0.7348,0.2687,0.6032,0.5882,51,0.5882,51,0.6,50,SPY,3,3,690,693
602,151,63,0.5873,0.4263,1.8704,0.2951,0.6508,0.6415,53,0.6415,53,0.6275,51,SPY,3,4,753,756
652,164,63,0.6825,0.4901,0.6481,0.2276,0.6825,0.6825,63,0.678,59,,0,SPY,3,5,816,819
703,176,63,0.6508,0.4113,0.6558,0.2315,0.6508,0.6508,63,0.65,60,0.6379,58,SPY,3,6,879,882
753,189,63,0.4444,0.4878,0.7934,0.2969,0.4444,0.4444,63,0.4444,63,0.4444,63,SPY,3,7,942,945
804,201,63,0.4444,0.5598,0.7352,0.2717,0.4127,0.4237,59,0.4237,59,0.5,16,SPY,3,8,1005,1008
854,214,63,0.3651,0.3811,0.7551,0.2769,0.6032,0.4688,32,0.4688,32,,0,SPY,3,9,1068,1071
904,227,63,0.5397,0.4985,0.6858,0.2465,0.4286,0.375,8,,0,,0,SPY,3,10,1131,1134
955,239,63,0.4127,0.6181,0.7002,0.254,0.619,1.0,2,1.0,2,1.0,2,SPY,3,11,1194,1197
1005,252,63,0.5397,0.5515,0.696,0.252,0.4762,0.5135,37,0.5882,17,0.5882,17,SPY,3,12,1257,1260
1056,264,63,0.4286,0.5204,1.1557,0.2664,0.6667,0.875,8,0.875,8,0.875,8,SPY,3,13,1320,1323
1106,277,63,0.6032,0.4225,0.689,0.2478,0.381,0.0,1,0.0,1,0.0,1,SPY,3,14,1383,1386
1156,290,63,0.381,0.5366,0.7074,0.2577,0.746,0.8333,12,0.8333,12,0.8333,12,SPY,3,15,1446,1449
1207,302,63,0.4921,0.4579,0.7126,0.2594,0.5397,0.5167,60,0.5435,46,0.5,22,SPY,3,16,1509,1512
1257,315,63,0.5238,0.4285,0.6849,0.2459,0.6508,0.6078,51,0.6078,51,,0,SPY,3,17,1572,1575
1308,327,63,0.6667,0.4756,1.3557,0.2557,0.6667,0.6667,63,0.6667,63,0.6429,14,SPY,3,18,1635,1638
1358,340,63,0.5556,0.5163,0.6845,0.2458,0.5556,0.5556,63,0.5556,63,0.6667,12,SPY,3,19,1698,1701
1408,353,63,0.5238,0.5,0.7068,0.2566,0.5238,0.5238,63,0.5238,63,0.5238,63,SPY,3,20,1761,1764
1459,365,63,0.6984,0.6292,1.5814,0.2583,0.7619,0.7458,59,0.7458,59,0.8519,27,SPY,3,21,1824,1827
1509,378,63,0.6349,0.5261,0.6552,0.2313,0.6349,0.6349,63,0.6349,63,0.6349,63,SPY,3,22,1887,1890
1560,390,63,0.5397,0.5046,0.719,0.2619,0.5397,0.5397,63,0.5397,63,0.5397,63,SPY,3,23,1950,1953
1610,403,63,0.6032,0.3232,0.6966,0.2512,0.6032,0.6032,63,0.6032,63,0.4571,35,SPY,3,24,2013,2016
400,101,63,0.5714,0.448,3.01,0.3296,0.5714,0.5714,63,0.5714,63,0.5714,56,QQQ,3,0,501,504
451,113,63,0.7143,0.4901,0.8293,0.2137,0.7143,0.7143,63,0.7143,63,0.7143,63,QQQ,3,1,564,567
501,126,63,0.5873,0.5442,0.8898,0.2451,0.5714,0.5806,62,0.5806,62,0.5833,60,QQQ,3,2,627,630
552,138,63,0.6349,0.6011,0.6569,0.2321,0.6349,0.6349,63,0.6491,57,0.6545,55,QQQ,3,3,690,693
602,151,63,0.4603,0.4386,1.6639,0.3002,0.5397,0.5,34,0.5,34,0.5,34,QQQ,3,4,753,756
652,164,63,0.7302,0.5279,0.8827,0.2371,0.746,0.7419,62,0.8333,12,0.7143,7,QQQ,3,5,816,819
703,176,63,0.6032,0.46,1.153,0.2638,0.6032,0.6032,63,0.6032,63,0.6032,63,QQQ,3,6,879,882
753,189,63,0.4444,0.5071,0.7516,0.2785,0.4444,0.4444,63,0.4444,63,0.4444,63,QQQ,3,7,942,945
804,201,63,0.3968,0.5068,0.7213,0.264,0.3968,0.3968,63,0.3968,63,0.5,2,QQQ,3,8,1005,1008
854,214,63,0.5714,0.4746,0.6846,0.2487,0.5397,0.5574,61,0.25,8,0.25,8,QQQ,3,9,1068,1071
904,227,63,0.619,0.5256,0.6698,0.24,0.381,,0,,0,,0,QQQ,3,10,1131,1134
955,239,63,0.4127,0.4563,0.7649,0.2828,0.5714,0.4444,9,0.3333,6,0.3333,6,QQQ,3,11,1194,1197
1005,252,63,0.5238,0.499,1.1735,0.2725,0.4762,0.5,32,0.4,5,0.4,5,QQQ,3,12,1257,1260
1056,264,63,0.5397,0.6782,1.5679,0.2638,0.6984,0.8,25,0.8333,24,0.8333,18,QQQ,3,13,1320,1323
1106,277,63,0.4921,0.527,0.7035,0.2561,0.4127,0.3846,26,0.3,10,0.2857,7,QQQ,3,14,1383,1386
1156,290,63,0.5397,0.3862,0.8002,0.2882,0.7302,0.6735,49,0.6735,49,1.0,3,QQQ,3,15,1446,1449
1207,302,63,0.4921,0.4143,0.7179,0.2621,0.4921,0.4898,49,0.4783,46,0.3571,14,QQQ,3,16,1509,1512
1257,315,63,0.6667,0.6582,0.6419,0.2248,0.6349,0.7317,41,0.7931,29,0.7931,29,QQQ,3,17,1572,1575
1308,327,63,0.4603,0.4742,0.6998,0.2533,0.6032,0.5769,26,0.5882,17,0.5385,13,QQQ,3,18,1635,1638
1358,340,63,0.619,0.4558,0.6694,0.2396,0.6032,0.6129,62,0.6182,55,0.5,10,QQQ,3,19,1698,1701
1408,353,63,0.4921,0.506,0.7059,0.2563,0.4921,0.4921,63,0.4921,63,,0,QQQ,3,20,1761,1764
1459,365,63,0.7937,0.4523,0.6154,0.2114,0.7937,0.8033,61,0.8033,61,0.5714,7,QQQ,3,21,1824,1827
1509,378,63,0.619,0.4669,0.9031,0.246,0.619,0.619,63,0.619,63,0.619,63,QQQ,3,22,1887,1890
1560,390,63,0.5079,0.4535,0.9569,0.273,0.5238,0.5161,62,0.5,58,0.475,40,QQQ,3,23,1950,1953
1610,403,63,0.6667,0.4133,0.6724,0.2388,0.6667,0.6667,63,0.6667,63,0.2857,7,QQQ,3,24,2013,2016
400,101,63,0.5238,0.4783,3.0154,0.3368,0.5238,0.5238,63,0.4737,57,0.4821,56,GLD,3,0,501,504
451,113,63,0.6984,0.5,0.6338,0.2207,0.6984,0.6984,63,0.6984,63,,0,GLD,3,1,564,567
501,126,63,0.5079,0.6825,0.7101,0.2583,0.5079,0.5079,63,0.5079,63,0.5079,63,GLD,3,2,627,630
552,138,63,0.619,0.5654,1.6043,0.2712,0.5397,0.619,42,0.619,42,0.6,40,GLD,3,3,690,693
602,151,63,0.4921,0.4904,0.755,0.2772,0.4921,0.4865,37,0.4848,33,0.4848,33,GLD,3,4,753,756
652,164,63,0.4921,0.4393,0.7303,0.268,0.5714,0.5625,32,0.5625,32,0.3889,18,GLD,3,5,816,819
703,176,63,0.619,0.6129,0.6718,0.2394,0.5079,0.587,46,0.5909,22,,0,GLD,3,6,879,882
753,189,63,0.5238,0.5595,0.6914,0.2492,0.5079,0.5172,58,0.5667,30,1.0,1,GLD,3,7,942,945
804,201,63,0.5556,0.4595,0.6951,0.2509,0.5873,0.6098,41,0.5484,31,,0,GLD,3,8,1005,1008
854,214,63,0.4127,0.4491,0.7309,0.2687,0.4127,0.4127,63,0.4098,61,,0,GLD,3,9,1068,1071
904,227,63,0.4444,0.5038,0.6893,0.2485,0.3651,0.35,40,,0,,0,GLD,3,10,1131,1134
955,239,63,0.3968,0.4945,0.7295,0.2681,0.6508,0.6364,11,,0,,0,GLD,3,11,1194,1197
1005,252,63,0.4762,0.5147,0.6883,0.248,0.4603,0.4677,62,,0,,0,GLD,3,12,1257,1260
1056,264,63,0.6349,0.4359,1.3827,0.2691,0.381,1.0,1,,0,,0,GLD,3,13,1320,1323
1106,277,63,0.5079,0.597,0.6994,0.2531,0.5238,0.5385,26,,0,,0,GLD,3,14,1383,1386
1156,290,63,0.4762,0.4245,0.7727,0.2875,0.5556,0.6667,6,0.6667,6,,0,GLD,3,15,1446,1449
1207,302,63,0.4762,0.5,0.7046,0.2557,0.619,0.6875,16,0.6875,16,,0,GLD,3,16,1509,1512
1257,315,63,0.4286,0.5112,0.6961,0.2517,0.619,0.8,5,1.0,4,1.0,4,GLD,3,17,1572,1575
1308,327,63,0.4286,0.5618,0.6509,0.2337,0.6667,0.875,8,0.8571,7,1.0,5,GLD,3,18,1635,1638
1358,340,63,0.6032,0.43,0.69,0.2478,0.6032,0.6032,63,0.6032,63,0.4286,14,GLD,3,19,1698,1701
1408,353,63,0.6032,0.5684,0.6667,0.237,0.6032,0.6032,63,0.6032,63,1.0,3,GLD,3,20,1761,1764
1459,365,63,0.4603,0.5543,0.7384,0.2732,0.4603,0.4603,63,0.4603,63,0.449,49,GLD,3,21,1824,1827
1509,378,63,0.6667,0.5437,0.6493,0.2289,0.6984,0.7018,57,0.6739,46,0.8333,18,GLD,3,22,1887,1890
1560,390,63,0.7302,0.4936,0.6268,0.2172,0.7302,0.7302,63,0.7273,55,0.7273,55,GLD,3,23,1950,1953
1610,403,63,0.5397,0.5406,0.7041,0.2563,0.5397,0.5397,63,0.5397,63,0.5208,48,GLD,3,24,2013,2016
400,101,63,0.4603,0.5123,1.0255,0.3764,0.4286,0.4407,59,0.4407,59,0.4407,59,XLF,3,0,501,504
451,113,63,0.4603,0.4828,0.6994,0.2533,0.5238,0.3333,3,0.5,2,0.5,2,XLF,3,1,564,567
501,126,63,0.4603,0.5598,0.6939,0.2519,0.5397,,0,,0,,0,XLF,3,2,627,630
552,138,63,0.5873,0.6239,4.6532,0.3946,0.6349,0.7917,24,0.7917,24,,0,XLF,3,3,690,693
602,151,63,0.5714,0.5335,1.2379,0.3001,0.7778,0.8056,36,0.8056,36,,0,XLF,3,4,753,756
652,164,63,0.4921,0.4684,0.9854,0.2843,0.5556,0.5254,59,0.5357,56,0.5357,56,XLF,3,5,816,819
703,176,63,0.5079,0.5036,0.7384,0.2714,0.5556,0.55,40,0.55,40,0.55,40,XLF,3,6,879,882
753,189,63,0.5079,0.6477,0.7107,0.2586,0.5079,0.5079,63,0.5079,63,0.5254,59,XLF,3,7,942,945
804,201,63,0.5079,0.4653,0.7024,0.2544,0.4444,0.3636,11,0.3333,3,0.0,2,XLF,3,8,1005,1008
854,214,63,0.5079,0.5146,0.6945,0.2507,0.4921,0.5,58,0.5,8,,0,XLF,3,9,1068,1071
904,227,63,0.5238,0.5116,0.7085,0.2569,0.5238,0.5294,51,,0,,0,XLF,3,10,1131,1134
955,239,63,0.5873,0.5571,0.6889,0.2477,0.6508,0.6923,39,0.0,1,0.0,1,XLF,3,11,1194,1197
1005,252,63,0.4921,0.4985,0.7221,0.2634,0.4921,0.4878,41,0.5,14,,0,XLF,3,12,1257,1260
1056,264,63,0.5873,0.5359,0.7222,0.2645,0.5873,0.6222,45,0.5833,24,,0,XLF,3,13,1320,1323
1106,277,63,0.4127,0.6123,0.7053,0.2561,0.4127,0.4127,63,0.5909,22,0.5556,9,XLF,3,14,1383,1386
1156,290,63,0.4603,0.5108,0.7336,0.2682,0.6984,0.6786,28,0.6786,28,0.75,4,XLF,3,15,1446,1449
1207,302,63,0.619,0.5255,0.9263,0.2574,0.6508,0.6393,61,,0,,0,XLF,3,16,1509,1512
1257,315,63,0.5397,0.5609,0.6884,0.2477,0.5397,0.561,41,0.5789,38,1.0,2,XLF,3,17,1572,1575
1308,327,63,0.7302,0.6049,0.6399,0.2236,0.6667,0.7119,59,0.7119,59,1.0,2,XLF,3,18,1635,1638
1358,340,63,0.619,0.5639,0.6724,0.2398,0.5873,0.614,57,0.5686,51,0.6552,29,XLF,3,19,1698,1701
1408,353,63,0.5714,0.6754,0.6672,0.2377,0.5714,0.5714,63,0.5574,61,0.5667,60,XLF,3,20,1761,1764
1459,365,63,0.5873,0.7557,0.598,0.2069,0.5873,0.5902,61,0.6939,49,0.6939,49,XLF,3,21,1824,1827
1509,378,63,0.5556,0.4985,0.7695,0.2812,0.5556,0.5556,63,0.5556,63,0.5472,53,XLF,3,22,1887,1890
1560,390,63,0.5556,0.5998,0.6863,0.2465,0.5079,0.5357,56,0.5357,56,0.6,25,XLF,3,23,1950,1953
1610,403,63,0.5238,0.5151,0.7854,0.2877,0.4921,0.5106,47,0.5106,47,0.5106,47,XLF,3,24,2013,2016
400,101,63,0.5238,0.5,0.6927,0.2498,0.4762,,0,,0,,0,XLE,3,0,501,504
451,113,63,0.619,0.6129,0.6679,0.2375,0.4921,0.6,35,,0,,0,XLE,3,1,564,567
501,126,63,0.6667,0.5488,0.6705,0.238,0.3492,0.5714,7,0.5714,7,0.5714,7,XLE,3,2,627,630
552,138,63,0.4762,0.546,0.7008,0.2537,0.5238,,0,,0,,0,XLE,3,3,690,693
602,151,63,0.381,0.6042,0.7196,0.2703,0.619,,0,,0,,0,XLE,3,4,753,756
652,164,63,0.5238,0.5798,0.6923,0.2496,0.5238,0.5254,59,0.5357,56,,0,XLE,3,5,816,819
703,176,63,0.6508,0.4235,0.6811,0.2435,0.6667,0.6923,52,0.6429,42,0.5,18,XLE,3,6,879,882
753,189,63,0.4921,0.4362,0.9463,0.2687,0.5714,0.537,54,0.537,54,0.5217,23,XLE,3,7,942,945
804,201,63,0.4762,0.4095,0.7518,0.278,0.5714,0.5366,41,0.5366,41,0.375,8,XLE,3,8,1005,1008
854,214,63,0.5556,0.5383,0.6856,0.2461,0.5556,0.6129,31,0.6129,31,0.5652,23,XLE,3,9,1068,1071
904,227,63,0.5397,0.4405,0.7427,0.2692,0.6032,0.5882,51,0.5417,24,0.5417,24,XLE,3,10,1131,1134
955,239,63,0.4921,0.6376,0.698,0.2525,0.4921,0.4921,63,0.5,60,0.75,12,XLE,3,11,1194,1197
1005,252,63,0.5079,0.4819,0.7361,0.2692,0.5079,0.5079,63,0.5,20,0.25,8,XLE,3,12,1257,1260
1056,264,63,0.5397,0.5933,0.6835,0.2452,0.5397,0.5397,63,0.7692,13,0.6667,3,XLE,3,13,1320,1323
1106,277,63,0.5714,0.6224,0.6629,0.2352,0.5714,0.5957,47,0.9091,11,0.8889,9,XLE,3,14,1383,1386
1156,290,63,0.5873,0.5217,0.7229,0.2639,0.5079,0.5938,32,0.3333,9,0.3333,9,XLE,3,15,1446,1449
1207,302,63,0.4921,0.4808,0.749,0.2769,0.6825,0.6667,33,0.6667,33,,0,XLE,3,16,1509,1512
1257,315,63,0.5556,0.4643,0.6935,0.2501,0.5556,0.5556,63,0.5,14,0.5,14,XLE,3,17,1572,1575
1308,327,63,0.4762,0.3869,0.727,0.2665,0.4762,0.4762,63,0.25,16,0.25,16,XLE,3,18,1635,1638
1358,340,63,0.5079,0.4718,0.7067,0.2565,0.5079,0.5079,63,0.5294,17,0.5294,17,XLE,3,19,1698,1701
1408,353,63,0.5714,0.4393,0.6898,0.2483,0.5714,0.5714,63,0.4667,15,,0,XLE,3,20,1761,1764
1459,365,63,0.5238,0.4631,0.7007,0.2537,0.5238,0.5238,63,0.4909,55,,0,XLE,3,21,1824,1827
1509,378,63,0.5714,0.5303,0.6834,0.2451,0.5714,0.5763,59,0.5763,59,0.625,8,XLE,3,22,1887,1890
1560,390,63,0.6984,0.4025,0.6804,0.2437,0.6984,0.6984,63,,0,,0,XLE,3,23,1950,1953
1610,403,63,0.619,0.5,0.6748,0.2409,0.619,0.619,63,,0,,0,XLE,3,24,2013,2016
400,101,63,0.5238,0.5854,0.9337,0.2649,0.5238,0.5238,63,0.5323,62,0.5323,62,XLV,3,0,501,504
451,113,63,0.5873,0.6132,0.6699,0.2385,0.6032,0.6765,34,0.697,33,,0,XLV,3,1,564,567
501,126,63,0.5397,0.5872,0.6495,0.2343,0.5397,0.5397,63,0.6207,29,0.75,8,XLV,3,2,627,630
552,138,63,0.5714,0.3489,0.7065,0.256,0.6032,0.5902,61,0.569,58,0.4839,31,XLV,3,3,690,693
602,151,63,0.5873,0.3831,0.703,0.2547,0.5873,0.5873,63,0.3889,18,0.3889,18,XLV,3,4,753,756
652,164,63,0.6825,0.6122,0.6421,0.2247,0.6825,0.6825,63,0.7632,38,,0,XLV,3,5,816,819
703,176,63,0.6032,0.5355,0.6857,0.2455,0.5714,0.5932,59,0.6071,56,0.5758,33,XLV,3,6,879,882
753,189,63,0.4762,0.4601,1.0344,0.2965,0.4762,0.4717,53,0.4615,52,0.451,51,XLV,3,7,942,945
804,201,63,0.4762,0.5096,1.1973,0.2855,0.4762,0.4727,55,0.4727,55,0.4727,55,XLV,3,8,1005,1008
854,214,63,0.5873,0.5393,0.6839,0.2454,0.5556,0.5763,59,0.5763,59,0.5763,59,XLV,3,9,1068,1071
904,227,63,0.4762,0.5051,0.7108,0.2581,0.4762,0.4681,47,0.4773,44,,0,XLV,3,10,1131,1134
955,239,63,0.5079,0.5314,0.9338,0.2624,0.5397,1.0,3,1.0,3,1.0,3,XLV,3,11,1194,1197
1005,252,63,0.6508,0.6694,0.6601,0.2338,0.4603,0.6061,33,0.6552,29,0.6552,29,XLV,3,12,1257,1260
1056,264,63,0.5714,0.6212,0.6636,0.2358,0.4762,0.5517,29,0.5517,29,1.0,1,XLV,3,13,1320,1323
1106,277,63,0.5397,0.5168,1.1741,0.2726,0.3968,0.4,20,0.3889,18,0.3889,18,XLV,3,14,1383,1386
1156,290,63,0.4603,0.619,0.703,0.2539,0.746,0.7826,23,0.7826,23,0.7826,23,XLV,3,15,1446,1449
1207,302,63,0.4286,0.482,0.7526,0.2781,0.5714,0.5,2,,0,,0,XLV,3,16,1509,1512
1257,315,63,0.3968,0.4283,0.7045,0.2556,0.5873,0.0,1,,0,,0,XLV,3,17,1572,1575
1308,327,63,0.5873,0.5568,0.6837,0.2453,0.5397,0.5714,56,,0,,0,XLV,3,18,1635,1638
1358,340,63,0.3968,0.4072,0.7721,0.2856,0.5397,0.4444,36,0.4444,36,,0,XLV,3,19,1698,1701
1408,353,63,0.4444,0.6133,0.7095,0.2581,0.4444,0.4444,63,0.4516,62,,0,XLV,3,20,1761,1764
1459,365,63,0.5238,0.5823,0.6863,0.2467,0.5238,0.5238,63,0.65,20,0.6667,12,XLV,3,21,1824,1827
1509,378,63,0.6349,0.5915,1.0658,0.2305,0.6508,0.6452,62,0.75,24,0.7727,22,XLV,3,22,1887,1890
1560,390,63,0.5397,0.4285,1.2358,0.2956,0.5397,0.5397,63,0.5476,42,0.4848,33,XLV,3,23,1950,1953
1610,403,63,0.3651,0.4859,2.398,0.3388,0.3651,0.3651,63,0.3571,14,0.3571,14,XLV,3,24,2013,2016
400,101,63,0.4127,0.5941,4.2354,0.4059,0.4286,0.4194,62,0.4194,62,0.4194,62,XLI,3,0,501,504
451,113,63,0.4603,0.5047,0.6826,0.2448,0.5873,0.5556,27,0.65,20,0.6842,19,XLI,3,1,564,567
501,126,63,0.4286,0.5998,0.7644,0.2844,0.5873,1.0,1,1.0,1,1.0,1,XLI,3,2,627,630
552,138,63,0.5873,0.5208,0.6808,0.2439,0.5873,0.5873,63,0.625,16,0.6667,3,XLI,3,3,690,693
602,151,63,0.381,0.5087,0.6753,0.2414,0.7778,0.75,20,0.75,20,0.9,10,XLI,3,4,753,756
652,164,63,0.5079,0.5217,0.7259,0.2664,0.5079,0.5079,63,0.5079,63,0.5079,63,XLI,3,5,816,819
703,176,63,0.5238,0.503,0.7314,0.267,0.5397,0.5333,60,0.5254,59,0.5484,31,XLI,3,6,879,882
753,189,63,0.4603,0.5685,0.7272,0.2667,0.4603,0.4603,63,0.459,61,0.5,40,XLI,3,7,942,945
804,201,63,0.5556,0.5514,0.6901,0.2485,0.4921,0.5484,31,0.5333,30,0.5333,30,XLI,3,8,1005,1008
854,214,63,0.381,0.3765,0.7135,0.2616,0.5556,0.4231,26,0.4,25,,0,XLI,3,9,1068,1071
904,227,63,0.4762,0.4889,0.7412,0.2581,0.4762,0.4754,61,,0,,0,XLI,3,10,1131,1134
955,239,63,0.7143,0.5696,0.6818,0.2444,0.6349,0.6964,56,0.5,8,0.0,1,XLI,3,11,1194,1197
1005,252,63,0.5238,0.5827,0.6858,0.2464,0.5079,0.5161,62,0.625,8,0.5714,7,XLI,3,12,1257,1260
1056,264,63,0.5556,0.5489,0.7084,0.2558,0.5873,0.6364,33,0.6452,31,,0,XLI,3,13,1320,1323
1106,277,63,0.6508,0.5096,0.6776,0.243,0.3333,0.4286,7,0.4286,7,0.4286,7,XLI,3,14,1383,1386
1156,290,63,0.3333,0.5864,0.7927,0.2982,0.7143,0.8,5,0.8,5,,0,XLI,3,15,1446,1449
1207,302,63,0.3651,0.4963,2.3894,0.3351,0.619,0.3333,3,0.3333,3,,0,XLI,3,16,1509,1512
1257,315,63,0.381,0.3144,0.7475,0.2766,0.4603,0.3958,48,0.1429,7,0.1429,7,XLI,3,17,1572,1575
1308,327,63,0.6667,0.6701,0.6762,0.2409,0.6667,0.6721,61,1.0,1,1.0,1,XLI,3,18,1635,1638
1358,340,63,0.5238,0.4859,0.7016,0.2541,0.5238,0.5238,63,0.5106,47,0.5111,45,XLI,3,19,1698,1701
1408,353,63,0.6032,0.3305,1.2527,0.2882,0.6032,0.6032,63,0.525,40,0.5161,31,XLI,3,20,1761,1764
1459,365,63,0.6667,0.6587,0.6376,0.2227,0.6667,0.6667,63,0.7069,58,1.0,4,XLI,3,21,1824,1827
1509,378,63,0.6349,0.5593,0.6609,0.2341,0.619,0.6333,60,0.6333,60,0.7,10,XLI,3,22,1887,1890
1560,390,63,0.6349,0.3755,0.6767,0.2422,0.619,0.6333,60,0.6038,53,0.48,25,XLI,3,23,1950,1953
1610,403,63,0.5873,0.5265,0.6885,0.2475,0.5556,0.5738,61,0.5667,60,0.5667,60,XLI,3,24,2013,2016
400,101,63,0.4603,0.5822,0.7226,0.2637,0.4603,0.4603,63,0.4603,63,0.5556,18,XLU,3,0,501,504
451,113,63,0.5873,0.4728,1.1471,0.2603,0.6349,0.6296,54,0.6296,54,0.5833,12,XLU,3,1,564,567
501,126,63,0.5397,0.4843,0.716,0.2593,0.5397,0.5397,63,0.52,25,0.4444,9,XLU,3,2,627,630
552,138,63,0.5556,0.5061,0.6867,0.2468,0.5556,0.5556,63,0.5577,52,,0,XLU,3,3,690,693
602,151,63,0.619,0.5056,0.7116,0.2564,0.5238,0.5818,55,0.5849,53,0.56,50,XLU,3,4,753,756
652,164,63,0.619,0.6692,0.6709,0.2386,0.5714,0.6364,44,0.6364,44,0.6364,44,XLU,3,5,816,819
703,176,63,0.5873,0.6003,1.827,0.2781,0.4921,0.561,41,0.561,41,0.5385,13,XLU,3,6,879,882
753,189,63,0.5873,0.5725,0.6712,0.2392,0.5397,0.5714,56,0.5814,43,0.5862,29,XLU,3,7,942,945
804,201,63,0.6032,0.5499,0.692,0.2503,0.5079,0.5854,41,0.4444,18,0.4444,18,XLU,3,8,1005,1008
854,214,63,0.5873,0.4362,0.9578,0.2726,0.5714,0.619,42,0.5294,34,0.4615,26,XLU,3,9,1068,1071
904,227,63,0.4921,0.5046,0.6947,0.2519,0.4444,0.4545,44,0.25,4,,0,XLU,3,10,1131,1134
955,239,63,0.5714,0.574,0.6792,0.2431,0.5397,0.566,53,0.6,10,0.6,10,XLU,3,11,1194,1197
1005,252,63,0.4603,0.5076,0.7567,0.2799,0.4762,0.4667,60,0.4762,42,0.4762,42,XLU,3,12,1257,1260
1056,264,63,0.3968,0.5155,0.7477,0.2771,0.381,0.3654,52,0.3654,52,0.4,35,XLU,3,13,1320,1323
1106,277,63,0.5079,0.4884,0.6969,0.2519,0.5079,0.5079,63,0.5,46,,0,XLU,3,14,1383,1386
1156,290,63,0.4286,0.5916,0.7067,0.2568,0.6032,1.0,2,1.0,1,1.0,1,XLU,3,15,1446,1449
1207,302,63,0.4762,0.4649,1.1855,0.2778,0.6667,0.6667,27,0.6667,24,0.6667,15,XLU,3,16,1509,1512
1257,315,63,0.4603,0.5,0.7223,0.2644,0.5397,,0,,0,,0,XLU,3,17,1572,1575
1308,327,63,0.6349,0.6341,3.4729,0.3461,0.619,0.7222,36,,0,,0,XLU,3,18,1635,1638
1358,340,63,0.3968,0.4133,0.7292,0.2679,0.4603,0.4,45,0.4,45,,0,XLU,3,19,1698,1701
1408,353,63,0.6349,0.585,0.6681,0.2375,0.6667,0.661,59,0.661,59,0.5,2,XLU,3,20,1761,1764
1459,365,63,0.4921,0.4871,0.6999,0.2534,0.5714,0.5769,26,0.5833,24,0.75,4,XLU,3,21,1824,1827
1509,378,63,0.4921,0.7334,0.6845,0.2459,0.4921,0.4921,63,0.5263,57,0.75,20,XLU,3,22,1887,1890
1560,390,63,0.4603,0.4812,0.7264,0.2651,0.4603,0.4603,63,0.4,10,0.4,10,XLU,3,23,1950,1953
1610,403,63,0.5397,0.5076,0.9584,0.2667,0.5397,0.5397,63,0.5556,9,0.5,8,XLU,3,24,2013,2016
400,101,63,0.5079,0.4546,0.6974,0.2535,0.4921,,0,,0,,0,COIN,3,0,501,504
451,113,63,0.4762,0.5292,1.3798,0.2735,0.5079,0.3333,3,0.5,2,,0,COIN,3,1,564,567
501,126,63,0.6032,0.6136,0.8166,0.2971,0.6349,0.7778,27,0.7273,11,0.7273,11,COIN,3,2,627,630
552,138,63,0.4921,0.5131,0.6959,0.2507,0.5079,0.5,20,0.5263,19,0.7143,7,COIN,3,3,690,693
602,151,63,0.4444,0.5056,0.9865,0.2868,0.4444,0.4444,63,0.4444,63,0.439,41,COIN,3,4,753,756
652,164,63,0.4127,0.4891,2.6193,0.344,0.5873,0.5,10,0.5,10,0.5,10,COIN,3,5,816,819
703,176,63,0.6032,0.5454,0.6768,0.242,0.4444,0.8,5,1.0,1,1.0,1,COIN,3,6,879,882
753,189,63,0.4921,0.4854,1.3982,0.2782,0.4921,0.4,5,0.4,5,0.4,5,COIN,3,7,942,945
804,201,63,0.4603,0.4255,0.7272,0.2667,0.5397,0.5,22,,0,,0,COIN,3,8,1005,1008
854,214,63,0.4603,0.5116,0.7122,0.2594,0.4762,0.4677,62,0.48,50,,0,COIN,3,9,1068,1071
904,227,63,0.4762,0.6048,0.6522,0.2348,0.3492,0.3878,49,,0,,0,COIN,3,10,1131,1134
955,239,63,0.5873,0.5943,0.6712,0.2403,0.5079,0.5938,32,1.0,3,,0,COIN,3,11,1194,1197
400,101,63,0.4603,0.5862,3.532,0.376,0.4603,0.4603,63,0.4677,62,0.4677,62,AVGO,3,0,501,504
451,113,63,0.3492,0.5238,1.192,0.2833,0.6825,1.0,2,1.0,2,1.0,2,AVGO,3,1,564,567
501,126,63,0.5238,0.4748,1.9371,0.3203,0.5714,0.5714,42,,0,,0,AVGO,3,2,627,630
552,138,63,0.6984,0.521,0.638,0.2227,0.7143,0.7097,62,0.7097,62,0.7778,9,AVGO,3,3,690,693
602,151,63,0.4444,0.474,0.7931,0.296,0.4444,0.4444,63,0.4615,52,0.4286,49,AVGO,3,4,753,756
652,164,63,0.5079,0.4316,0.7788,0.2885,0.6032,0.5854,41,0.5455,11,0.5455,11,AVGO,3,5,816,819
703,176,63,0.6508,0.5935,0.6342,0.2227,0.6349,0.6452,62,0.7027,37,0.7027,37,AVGO,3,6,879,882
753,189,63,0.619,0.5099,1.3713,0.2649,0.5873,0.6102,59,0.6038,53,0.4,5,AVGO,3,7,942,945
804,201,63,0.5079,0.5645,0.7002,0.2535,0.5079,0.5079,63,0.5424,59,,0,AVGO,3,8,1005,1008
854,214,63,0.4921,0.4526,0.7449,0.2719,0.4921,0.4921,63,0.4921,63,0.2,5,AVGO,3,9,1068,1071
904,227,63,0.3492,0.5244,0.7485,0.2774,0.3492,0.3492,63,0.3607,61,,0,AVGO,3,10,1131,1134
955,239,63,0.3968,0.7062,0.7098,0.2613,0.6508,0.7143,7,,0,,0,AVGO,3,11,1194,1197
1005,252,63,0.5556,0.5294,0.9523,0.2684,0.4603,1.0,1,1.0,1,,0,AVGO,3,12,1257,1260
1056,264,63,0.3175,0.6197,0.7671,0.2851,0.6508,0.25,4,,0,,0,AVGO,3,13,1320,1323
1106,277,63,0.4603,0.3925,1.4221,0.29,0.4286,0.1818,11,0.1818,11,0.1111,9,AVGO,3,14,1383,1386
1156,290,63,0.4127,0.3789,1.9156,0.3171,0.6032,0.5385,13,0.6667,3,0.6667,3,AVGO,3,15,1446,1449
1207,302,63,0.5079,0.4475,0.9082,0.3248,0.4762,0.4915,59,0.4915,59,0.4231,26,AVGO,3,16,1509,1512
1257,315,63,0.5079,0.5312,0.6862,0.2466,0.4921,0.5,62,1.0,1,1.0,1,AVGO,3,17,1572,1575
1308,327,63,0.5079,0.6966,0.684,0.2454,0.5079,0.5079,63,0.68,25,,0,AVGO,3,18,1635,1638
1358,340,63,0.5714,0.6281,0.6756,0.2413,0.5714,0.5714,63,0.7333,15,,0,AVGO,3,19,1698,1701
1408,353,63,0.4286,0.5066,0.6973,0.257,0.4762,0.45,60,0.4,50,0.4722,36,AVGO,3,20,1761,1764
1459,365,63,0.5873,0.8152,0.6532,0.2337,0.6984,0.95,20,1.0,1,,0,AVGO,3,21,1824,1827
1509,378,63,0.4603,0.5046,0.7002,0.2543,0.4444,0.4516,62,0.5,6,0.5,6,AVGO,3,22,1887,1890
1560,390,63,0.5714,0.6082,0.6792,0.2446,0.4444,0.5098,51,0.5098,51,,0,AVGO,3,23,1950,1953
1610,403,63,0.4286,0.4306,0.7641,0.2803,0.5714,0.5,48,0.5882,17,0.8,5,AVGO,3,24,2013,2016
400,101,63,0.5397,0.5348,0.7026,0.2545,0.5238,0.5323,62,0.5323,62,0.5323,62,ANET,3,0,501,504
451,113,63,0.6032,0.4537,1.1622,0.2648,0.6032,0.6032,63,0.6032,63,0.25,4,ANET,3,1,564,567
501,126,63,0.4762,0.6384,0.6834,0.2452,0.381,0.4182,55,0.625,8,0.7143,7,ANET,3,2,627,630
552,138,63,0.3016,0.3271,7.0257,0.5745,0.6667,0.375,8,0.6667,3,0.6667,3,ANET,3,3,690,693
602,151,63,0.5556,0.5,0.6876,0.2472,0.5556,0.5556,63,,0,,0,ANET,3,4,753,756
652,164,63,0.5873,0.4501,0.7005,0.2531,0.6667,0.6379,58,0.6429,56,,0,ANET,3,5,816,819
703,176,63,0.5079,0.4854,0.7303,0.2674,0.5079,0.5085,59,0.5,58,0.5,58,ANET,3,6,879,882
753,189,63,0.5238,0.4768,0.7119,0.2592,0.4921,0.5094,53,0.4694,49,0.4694,49,ANET,3,7,942,945
804,201,63,0.4921,0.441,3.2296,0.4001,0.4921,0.0,1,,0,,0,ANET,3,8,1005,1008
854,214,63,0.619,0.6426,0.6556,0.2329,0.4921,0.6296,27,0.6296,27,0.6522,23,ANET,3,9,1068,1071
904,227,63,0.4444,0.441,0.7302,0.2677,0.5079,0.3333,9,0.5,4,,0,ANET,3,10,1131,1134
955,239,63,0.4444,0.5129,0.7112,0.2589,0.5714,0.6667,3,1.0,1,1.0,1,ANET,3,11,1194,1197
1005,252,63,0.5397,0.4832,0.762,0.279,0.6032,0.6047,43,,0,,0,ANET,3,12,1257,1260
1056,264,63,0.5556,0.6107,0.6855,0.2462,0.5556,0.5556,63,,0,,0,ANET,3,13,1320,1323
1106,277,63,0.4444,0.3919,1.01,0.2961,0.5238,0.48,50,0.4565,46,,0,ANET,3,14,1383,1386
1156,290,63,0.5714,0.4823,1.1682,0.2717,0.6508,0.64,50,0.6327,49,,0,ANET,3,15,1446,1449
1207,302,63,0.4921,0.6033,0.6902,0.2486,0.5079,0.5,58,0.5641,39,1.0,5,ANET,3,16,1509,1512
1257,315,63,0.4921,0.4284,0.7157,0.261,0.5079,0.5,58,0.4681,47,0.5,6,ANET,3,17,1572,1575
1308,327,63,0.5714,0.4574,0.7064,0.2562,0.6032,0.6,55,0.5,14,0.5,14,ANET,3,18,1635,1638
1358,340,63,0.6032,0.55,0.6633,0.2357,0.6032,0.6032,63,0.6429,56,1.0,4,ANET,3,19,1698,1701
1408,353,63,0.5079,0.5626,0.9678,0.3596,0.3968,0.4464,56,0.4464,56,0.4464,56,ANET,3,20,1761,1764
1459,365,63,0.5873,0.4913,0.6686,0.2377,0.6349,0.6667,42,0.6667,42,0.65,40,ANET,3,21,1824,1827
1509,378,63,0.381,0.4402,1.5065,0.3301,0.619,,0,,0,,0,ANET,3,22,1887,1890
1560,390,63,0.4603,0.498,0.7105,0.2583,0.5079,0.4167,12,0.3,10,0.3,10,ANET,3,23,1950,1953
1610,403,63,0.4921,0.5442,1.3919,0.2751,0.5873,0.5758,33,0.7,10,,0,ANET,3,24,2013,2016
400,101,63,0.4444,0.45,1.2269,0.432,0.4444,0.4444,63,0.4444,63,0.4444,63,AMAT,3,0,501,504
451,113,63,0.6667,0.5,0.6837,0.2453,0.6667,0.6667,63,,0,,0,AMAT,3,1,564,567
501,126,63,0.4921,0.5615,0.7086,0.2575,0.4921,0.4906,53,0.4878,41,,0,AMAT,3,2,627,630
552,138,63,0.619,0.4815,2.3475,0.3147,0.7143,0.6909,55,0.7,10,0.6667,9,AMAT,3,3,690,693
602,151,63,0.5556,0.4403,0.8154,0.2912,0.5556,0.5556,63,0.5556,63,0.587,46,AMAT,3,4,753,756
652,164,63,0.5556,0.4633,0.9861,0.2718,0.5556,0.5556,63,0.5556,63,0.5741,54,AMAT,3,5,816,819
703,176,63,0.5556,0.5551,0.6886,0.2477,0.5556,0.5556,63,0.5667,60,0.5667,60,AMAT,3,6,879,882
753,189,63,0.5238,0.5131,0.711,0.2577,0.4762,0.5,38,0.4722,36,,0,AMAT,3,7,942,945
804,201,63,0.6667,0.675,0.6748,0.2408,0.4444,0.6,35,,0,,0,AMAT,3,8,1005,1008
854,214,63,0.5714,0.5776,1.1644,0.2678,0.5079,0.5758,33,0.5938,32,0.6,20,AMAT,3,9,1068,1071
904,227,63,0.4603,0.434,1.0299,0.3042,0.4127,0.4167,48,0.2,15,0.2,15,AMAT,3,10,1131,1134
955,239,63,0.4444,0.7238,0.7096,0.2567,0.619,1.0,4,,0,,0,AMAT,3,11,1194,1197
1005,252,63,0.7143,0.7265,0.6484,0.2272,0.4444,0.7778,18,1.0,3,,0,AMAT,3,12,1257,1260
1056,264,63,0.5397,0.6533,0.8265,0.3053,0.5873,0.7857,14,0.75,8,0.7143,7,AMAT,3,13,1320,1323
1106,277,63,0.4286,0.5108,1.0399,0.299,0.4286,0.4082,49,0.4375,16,0.4375,16,AMAT,3,14,1383,1386
1156,290,63,0.3651,0.6175,5.2045,0.4542,0.6508,1.0,1,1.0,1,1.0,1,AMAT,3,15,1446,1449
1207,302,63,0.381,0.3498,0.7654,0.2853,0.6508,0.5312,32,0.6667,3,0.6667,3,AMAT,3,16,1509,1512
1257,315,63,0.5714,0.5139,0.6863,0.2466,0.5714,0.5714,63,,0,,0,AMAT,3,17,1572,1575
1308,327,63,0.5397,0.4753,0.6949,0.2522,0.5238,0.5323,62,0.5323,62,0.5,34,AMAT,3,18,1635,1638
1358,340,63,0.5079,0.6391,0.6881,0.2474,0.5079,0.5079,63,0.5424,59,0.6667,12,AMAT,3,19,1698,1701
1408,353,63,0.4127,0.4423,1.6722,0.3074,0.4127,0.4127,63,0.3833,60,0.3333,12,AMAT,3,20,1761,1764
1459,365,63,0.6349,0.6867,0.6595,0.2348,0.5714,0.614,57,,0,,0,AMAT,3,21,1824,1827
1509,378,63,0.6667,0.5198,0.6596,0.2333,0.6667,0.6667,63,0.6889,45,,0,AMAT,3,22,1887,1890
1560,390,63,0.5714,0.5,1.1587,0.2661,0.5873,0.5833,60,,0,,0,AMAT,3,23,1950,1953
1610,403,63,0.6032,0.4579,0.7004,0.2531,0.6508,0.6429,56,0.3333,3,,0,AMAT,3,24,2013,2016
400,101,63,0.4444,0.5602,3.7248,0.3667,0.4444,0.4444,63,0.4681,47,0.4783,46,LRCX,3,0,501,504
451,113,63,0.746,0.5539,0.6708,0.2389,0.746,0.746,63,0.8889,9,,0,LRCX,3,1,564,567
501,126,63,0.5873,0.6154,0.6797,0.2434,0.4921,0.5806,31,0.5806,31,0.5862,29,LRCX,3,2,627,630
552,138,63,0.5238,0.6441,0.7685,0.2848,0.6984,0.9375,16,0.9375,16,0.9375,16,LRCX,3,3,690,693
602,151,63,0.5556,0.6531,0.6724,0.2424,0.5556,0.5556,63,0.5556,63,0.6667,39,LRCX,3,4,753,756
652,164,63,0.5873,0.5379,0.6762,0.2426,0.5873,0.5873,63,0.5873,63,0.5873,63,LRCX,3,5,816,819
703,176,63,0.4762,0.5106,1.5692,0.3314,0.4762,0.4762,63,0.4717,53,0.4717,53,LRCX,3,6,879,882
753,189,63,0.4127,0.3854,0.7298,0.2681,0.5238,0.4565,46,0.4359,39,,0,LRCX,3,7,942,945
804,201,63,0.381,0.5,0.7066,0.2567,0.381,0.381,63,,0,,0,LRCX,3,8,1005,1008
854,214,63,0.4921,0.5786,0.6754,0.2419,0.5397,0.5833,12,1.0,3,1.0,3,LRCX,3,9,1068,1071
904,227,63,0.6667,0.581,0.653,0.2301,0.3651,0.6667,6,0.6,5,0.6,5,LRCX,3,10,1131,1134
955,239,63,0.4286,0.5641,0.7328,0.2694,0.619,1.0,3,1.0,3,1.0,3,LRCX,3,11,1194,1197
1005,252,63,0.5873,0.5428,2.0919,0.3003,0.4921,0.6923,13,0.0,1,0.0,1,LRCX,3,12,1257,1260
1056,264,63,0.5079,0.5847,3.5819,0.3793,0.5873,0.7143,14,0.0,1,,0,LRCX,3,13,1320,1323
1106,277,63,0.5873,0.5364,0.6817,0.2443,0.4127,,0,,0,,0,LRCX,3,14,1383,1386
1156,290,63,0.3651,0.486,0.9773,0.2828,0.6825,0.6364,11,,0,,0,LRCX,3,15,1446,1449
1207,302,63,0.5556,0.473,0.6911,0.249,0.5556,0.5556,63,0.0,1,,0,LRCX,3,16,1509,1512
1257,315,63,0.5873,0.5495,0.6774,0.2422,0.5556,0.5849,53,0.6667,3,0.6667,3,LRCX,3,17,1572,1575
1308,327,63,0.5238,0.5374,0.7088,0.2567,0.5238,0.5238,63,0.5263,57,0.4,10,LRCX,3,18,1635,1638
1358,340,63,0.4921,0.5101,0.7079,0.2573,0.4921,0.4902,51,0.4902,51,0.5,30,LRCX,3,19,1698,1701
1408,353,63,0.5238,0.5167,0.6917,0.2493,0.5238,0.5238,63,,0,,0,LRCX,3,20,1761,1764
1459,365,63,0.6032,0.5075,1.3887,0.2734,0.619,0.64,50,0.5,2,,0,LRCX,3,21,1824,1827
1509,378,63,0.6667,0.514,0.6634,0.2358,0.6825,0.6833,60,0.6833,60,1.0,2,LRCX,3,22,1887,1890
1560,390,63,0.6349,0.5429,0.6689,0.2379,0.6349,0.6349,63,0.66,50,,0,LRCX,3,23,1950,1953
1610,403,63,0.619,0.4434,0.6732,0.24,0.619,0.619,63,0.5893,56,,0,LRCX,3,24,2013,2016
400,101,63,0.4603,0.4975,0.6969,0.2519,0.4603,0.4603,63,,0,,0,VRT,3,0,501,504
451,113,63,0.5556,0.6003,0.6919,0.2494,0.5079,0.8333,6,,0,,0,VRT,3,1,564,567
501,126,63,0.5397,0.5167,0.6865,0.2467,0.4762,1.0,1,1.0,1,1.0,1,VRT,3,2,627,630
552,138,63,0.4286,0.4909,0.7295,0.2693,0.5079,0.4286,28,0.4286,28,,0,VRT,3,3,690,693
602,151,63,0.619,0.5205,0.6744,0.241,0.6032,0.6129,62,0.6,10,0.6667,9,VRT,3,4,753,756
652,164,63,0.6825,0.5151,0.6651,0.2369,0.6825,0.6825,63,0.6923,13,0.6923,13,VRT,3,5,816,819
703,176,63,0.5238,0.5197,0.7027,0.2545,0.5238,0.5238,63,0.5238,63,0.5,2,VRT,3,6,879,882
753,189,63,0.6349,0.5116,1.3779,0.2652,0.6825,0.6667,60,0.6667,60,,0,VRT,3,7,942,945
804,201,63,0.6032,0.6021,0.6525,0.23,0.6032,0.6032,63,0.6491,57,0.6491,57,VRT,3,8,1005,1008
854,214,63,0.4921,0.5939,0.9383,0.2663,0.4762,0.4833,60,0.4815,54,0.4906,53,VRT,3,9,1068,1071
904,227,63,0.5397,0.4631,1.8899,0.3027,0.619,0.5862,58,0.5862,58,0.625,24,VRT,3,10,1131,1134
955,239,63,0.5079,0.3518,0.755,0.2796,0.5079,0.5079,63,0.434,53,0.4062,32,VRT,3,11,1194,1197
1005,252,63,0.3333,0.5238,0.7415,0.2725,0.6667,,0,,0,,0,VRT,3,12,1257,1260
1056,264,63,0.5397,0.5365,0.6886,0.2478,0.5397,0.5397,63,0.5397,63,0.6667,6,VRT,3,13,1320,1323
1106,277,63,0.5238,0.5606,0.6607,0.2399,0.5238,0.5238,63,0.5238,63,1.0,4,VRT,3,14,1383,1386
1156,290,63,0.6032,0.5,0.677,0.242,0.6032,0.6032,63,0.6032,63,,0,VRT,3,15,1446,1449
400,101,63,0.4444,0.6471,1.1189,0.2596,0.4603,0.4516,62,0.4516,62,0.75,16,ETN,3,0,501,504
451,113,63,0.6032,0.5721,0.8582,0.2341,0.6032,0.6032,63,0.875,8,0.875,8,ETN,3,1,564,567
501,126,63,0.3651,0.6303,1.1798,0.2783,0.6508,1.0,1,1.0,1,1.0,1,ETN,3,2,627,630
552,138,63,0.5397,0.4726,0.8262,0.2954,0.6032,0.5849,53,0.5769,52,0.5769,52,ETN,3,3,690,693
602,151,63,0.5397,0.5782,0.6992,0.2536,0.6508,0.7727,22,0.5714,7,0.5714,7,ETN,3,4,753,756
652,164,63,0.6349,0.6386,0.659,0.2245,0.6349,0.6349,63,0.6349,63,0.75,40,ETN,3,5,816,819
703,176,63,0.5238,0.4628,0.7806,0.287,0.5556,0.5455,55,0.5455,55,0.5526,38,ETN,3,6,879,882
753,189,63,0.4603,0.5928,0.7382,0.2717,0.4603,0.4603,63,0.4603,63,0.48,50,ETN,3,7,942,945
804,201,63,0.5397,0.6199,0.8855,0.2401,0.4444,0.4909,55,,0,,0,ETN,3,8,1005,1008
854,214,63,0.5556,0.5094,0.9395,0.2638,0.5873,0.6,45,0.5,2,0.5,2,ETN,3,9,1068,1071
904,227,63,0.4127,0.433,0.7345,0.2682,0.4921,0.425,40,,0,,0,ETN,3,10,1131,1134
955,239,63,0.3968,0.613,0.6406,0.2282,0.7143,0.8889,9,0.8889,9,0.8889,9,ETN,3,11,1194,1197
1005,252,63,0.619,0.6325,0.6459,0.2288,0.619,0.619,63,0.6667,57,0.7222,18,ETN,3,12,1257,1260
1056,264,63,0.6984,0.7052,0.5573,0.1942,0.6825,0.7222,54,0.75,52,0.8261,23,ETN,3,13,1320,1323
1106,277,63,0.5238,0.4146,0.7099,0.2581,0.5238,0.5238,63,0.5238,63,0.3636,11,ETN,3,14,1383,1386
1156,290,63,0.6984,0.5,0.6236,0.2163,0.746,0.7333,60,0.7333,60,0.8333,12,ETN,3,15,1446,1449
1207,302,63,0.3175,0.4516,0.7054,0.256,0.6984,0.5556,9,0.5556,9,0.5556,9,ETN,3,16,1509,1512
1257,315,63,0.4127,0.4725,0.8079,0.3035,0.4127,0.4127,63,0.4127,63,0.4127,63,ETN,3,17,1572,1575
1308,327,63,0.6508,0.6486,0.6426,0.2252,0.6508,0.6508,63,0.6508,63,0.6452,62,ETN,3,18,1635,1638
1358,340,63,0.4921,0.4138,1.5314,0.3218,0.4921,0.4921,63,0.4921,63,0.4921,63,ETN,3,19,1698,1701
1408,353,63,0.5397,0.5076,0.6939,0.2503,0.5397,0.5397,63,0.5439,57,,0,ETN,3,20,1761,1764
1459,365,63,0.6508,0.5,0.6568,0.2319,0.6508,0.6508,63,0.6508,63,,0,ETN,3,21,1824,1827
1509,378,63,0.4444,0.6857,0.7251,0.2658,0.4444,0.4444,63,0.4444,63,0.625,32,ETN,3,22,1887,1890
1560,390,63,0.5238,0.499,0.6877,0.2487,0.5238,0.5319,47,0.5,8,,0,ETN,3,23,1950,1953
1610,403,63,0.5714,0.5704,0.6659,0.2381,0.5556,0.5714,56,0.5909,44,0.6842,19,ETN,3,24,2013,2016
400,101,63,0.5238,0.4702,0.7135,0.2598,0.5238,0.5238,63,0.5238,63,0.5238,63,NOW,3,0,501,504
451,113,63,0.6667,0.6197,0.6376,0.2251,0.619,0.6607,56,0.6863,51,,0,NOW,3,1,564,567
501,126,63,0.619,0.4995,0.6694,0.2382,0.5714,0.6154,52,0.6154,52,,0,NOW,3,2,627,630
552,138,63,0.5873,0.4896,0.6886,0.2478,0.5873,0.5873,63,0.5789,57,0.5789,57,NOW,3,3,690,693
602,151,63,0.5397,0.4995,1.2189,0.2893,0.5079,0.5306,49,0.5581,43,0.375,16,NOW,3,4,753,756
652,164,63,0.6032,0.5011,1.6035,0.2722,0.619,0.6591,44,0.6429,42,0.6429,42,NOW,3,5,816,819
703,176,63,0.5556,0.45,0.7134,0.2597,0.6032,0.6042,48,0.5789,38,0.5161,31,NOW,3,6,879,882
753,189,63,0.4286,0.5,0.7579,0.2816,0.4286,0.4286,63,0.4286,63,0.4286,63,NOW,3,7,942,945
804,201,63,0.3968,0.5,0.712,0.2594,0.3968,0.3968,63,,0,,0,NOW,3,8,1005,1008
854,214,63,0.4921,0.5148,1.8491,0.2891,0.5556,0.5882,17,0.5882,17,0.5625,16,NOW,3,9,1068,1071
904,227,63,0.5714,0.4954,0.6903,0.2483,0.4286,,0,,0,,0,NOW,3,10,1131,1134
955,239,63,0.4127,0.5,0.7164,0.2616,0.5873,,0,,0,,0,NOW,3,11,1194,1197
1005,252,63,0.6349,0.5644,0.6664,0.2371,0.4127,0.8,5,0.8,5,0.8,5,NOW,3,12,1257,1260
1056,264,63,0.6508,0.7042,0.7434,0.2701,0.6032,0.8636,22,,0,,0,NOW,3,13,1320,1323
1106,277,63,0.5397,0.5842,2.5252,0.3057,0.5079,0.6,15,1.0,1,1.0,1,NOW,3,14,1383,1386
1156,290,63,0.3968,0.4819,1.9869,0.3498,0.7619,0.75,20,,0,,0,NOW,3,15,1446,1449
1207,302,63,0.4127,0.6154,0.7148,0.2607,0.4127,0.4127,63,0.4583,48,0.5,2,NOW,3,16,1509,1512
1257,315,63,0.3968,0.531,0.7002,0.2535,0.619,0.6,5,0.6,5,0.6,5,NOW,3,17,1572,1575
1308,327,63,0.7143,0.6397,0.6067,0.2096,0.6349,0.6964,56,0.6964,56,0.7222,18,NOW,3,18,1635,1638
1358,340,63,0.3651,0.3822,0.7465,0.2764,0.5714,0.4412,34,0.4412,34,,0,NOW,3,19,1698,1701
1408,353,63,0.4127,0.4856,0.7417,0.2737,0.4286,0.4167,60,0.4167,60,,0,NOW,3,20,1761,1764
1459,365,63,0.4603,0.4447,0.7336,0.2676,0.4603,0.4603,63,0.35,20,0.4545,11,NOW,3,21,1824,1827
1509,378,63,0.4762,0.5707,0.7119,0.2591,0.4762,0.4762,63,0.5135,37,0.5135,37,NOW,3,22,1887,1890
1560,390,63,0.3492,0.5626,0.7326,0.2694,0.3492,0.3492,63,0.4286,21,0.4286,21,NOW,3,23,1950,1953
1610,403,63,0.5238,0.6303,1.5223,0.3094,0.4603,0.4878,41,0.5588,34,0.5625,32,NOW,3,24,2013,2016
400,101,63,0.3968,0.4128,0.8828,0.3256,0.5397,0.4286,28,0.4286,28,0.4286,28,EQIX,3,0,501,504
451,113,63,0.5556,0.498,0.6963,0.2514,0.5556,0.5556,63,0.5556,63,0.55,60,EQIX,3,1,564,567
501,126,63,0.5079,0.5638,0.9438,0.2666,0.4444,0.4706,51,0.5122,41,0.4667,15,EQIX,3,2,627,630
552,138,63,0.4603,0.3337,0.8093,0.2997,0.5556,0.5088,57,0.5179,56,0.381,21,EQIX,3,3,690,693
602,151,63,0.5079,0.5,0.6913,0.2505,0.4921,0.5,62,0.0,1,0.0,1,EQIX,3,4,753,756
652,164,63,0.4762,0.5466,4.5895,0.4474,0.6508,0.7857,14,,0,,0,EQIX,3,5,816,819
703,176,63,0.5238,0.5818,0.6874,0.2472,0.5238,0.5238,63,0.55,60,0.6667,9,EQIX,3,6,879,882
753,189,63,0.4444,0.5844,0.7327,0.2691,0.4286,0.4333,60,0.4898,49,0.4898,49,EQIX,3,7,942,945
804,201,63,0.5079,0.557,0.7007,0.2537,0.4921,0.5,62,0.5208,48,1.0,1,EQIX,3,8,1005,1008
854,214,63,0.5079,0.6018,0.688,0.2474,0.5079,0.5079,63,0.5745,47,,0,EQIX,3,9,1068,1071
904,227,63,0.4286,0.4856,0.7067,0.2563,0.4286,0.3636,33,0.5,16,0.5,16,EQIX,3,10,1131,1134
955,239,63,0.4762,0.6474,0.7732,0.2865,0.6667,0.8,15,,0,,0,EQIX,3,11,1194,1197
1005,252,63,0.4762,0.4835,0.7112,0.2597,0.4286,0.4286,42,0.4286,42,,0,EQIX,3,12,1257,1260
1056,264,63,0.4286,0.5489,4.2243,0.3952,0.5873,1.0,1,1.0,1,,0,EQIX,3,13,1320,1323
1106,277,63,0.4921,0.5,0.6964,0.2516,0.4921,0.4921,63,,0,,0,EQIX,3,14,1383,1386
1156,290,63,0.6667,0.546,0.6663,0.2381,0.6508,0.6613,62,,0,,0,EQIX,3,15,1446,1449
1207,302,63,0.3968,0.4342,1.4332,0.2941,0.3968,0.3968,63,0.3684,57,0.25,4,EQIX,3,16,1509,1512
1257,315,63,0.4921,0.6986,0.6724,0.2397,0.4921,0.4921,63,0.6875,32,,0,EQIX,3,17,1572,1575
1308,327,63,0.5079,0.6295,0.6829,0.245,0.5079,0.5079,63,1.0,3,1.0,3,EQIX,3,18,1635,1638
1358,340,63,0.4286,0.4405,0.7179,0.2622,0.6032,0.5417,24,,0,,0,EQIX,3,19,1698,1701
1408,353,63,0.619,0.6331,0.6777,0.2423,0.4921,0.6061,33,,0,,0,EQIX,3,20,1761,1764
1459,365,63,0.4921,0.5485,0.6977,0.2523,0.4762,0.48,50,,0,,0,EQIX,3,21,1824,1827
1509,378,63,0.6667,0.7126,0.6314,0.2197,0.5873,0.6481,54,0.8,25,0.7917,24,EQIX,3,22,1887,1890
1560,390,63,0.619,0.6663,0.6778,0.2424,0.5556,0.5932,59,0.8333,6,0.8333,6,EQIX,3,23,1950,1953
1610,403,63,0.3651,0.6315,0.9226,0.2626,0.6349,,0,,0,,0,EQIX,3,24,2013,2016
400,101,63,0.381,0.6533,1.6473,0.2921,0.619,,0,,0,,0,DLR,3,0,501,504
451,113,63,0.5238,0.5219,0.6948,0.2509,0.5556,0.5862,29,1.0,1,1.0,1,DLR,3,1,564,567
501,126,63,0.4286,0.4551,0.6868,0.2484,0.381,0.3333,36,,0,,0,DLR,3,2,627,630
552,138,63,0.4921,0.4699,0.8283,0.3055,0.5556,0.5652,23,0.75,4,0.75,4,DLR,3,3,690,693
602,151,63,0.5714,0.6864,1.555,0.2586,0.4762,0.5517,29,0.5517,29,0.5909,22,DLR,3,4,753,756
652,164,63,0.4921,0.5614,0.6884,0.2477,0.5397,0.5357,28,,0,,0,DLR,3,5,816,819
703,176,63,0.5238,0.574,1.2064,0.2862,0.5556,0.5472,53,0.625,8,0.625,8,DLR,3,6,879,882
753,189,63,0.4921,0.4439,1.6212,0.2852,0.4762,0.4815,54,0.3913,23,,0,DLR,3,7,942,945
804,201,63,0.4444,0.6158,2.3625,0.331,0.4444,0.4444,63,0.4655,58,0.5,52,DLR,3,8,1005,1008
854,214,63,0.4444,0.6143,1.0892,0.2421,0.4444,0.4444,63,0.8,10,0.8,10,DLR,3,9,1068,1071
904,227,63,0.4603,0.4423,1.0225,0.3009,0.4127,0.3333,24,0.3333,24,0.3333,24,DLR,3,10,1131,1134
955,239,63,0.4921,0.5473,0.7237,0.2654,0.5714,0.75,8,1.0,1,1.0,1,DLR,3,11,1194,1197
1005,252,63,0.7302,0.6984,0.6299,0.2188,0.3492,0.6471,17,0.7,10,0.75,4,DLR,3,12,1257,1260
1056,264,63,0.2857,0.3681,0.8176,0.311,0.6508,0.3333,12,0.25,8,0.0,1,DLR,3,13,1320,1323
1106,277,63,0.4921,0.5328,0.6865,0.2468,0.5079,,0,,0,,0,DLR,3,14,1383,1386
1156,290,63,0.5397,0.4812,1.6625,0.2982,0.6508,0.65,40,,0,,0,DLR,3,15,1446,1449
1207,302,63,0.4603,0.5593,0.7005,0.2536,0.4603,0.4561,57,0.5143,35,,0,DLR,3,16,1509,1512
1257,315,63,0.5238,0.6472,0.6887,0.2478,0.5079,0.5161,62,,0,,0,DLR,3,17,1572,1575
1308,327,63,0.5873,0.5726,0.6798,0.2433,0.619,0.6757,37,0.6757,37,0.6757,37,DLR,3,18,1635,1638
1358,340,63,0.4603,0.4773,0.7312,0.2684,0.4762,0.4545,44,0.4583,24,0.4,20,DLR,3,19,1698,1701
1408,353,63,0.4762,0.429,0.7207,0.2632,0.5714,0.5294,51,0.52,25,1.0,1,DLR,3,20,1761,1764
1459,365,63,0.5873,0.5706,0.679,0.2429,0.5079,0.6,30,0.6,30,0.5714,28,DLR,3,21,1824,1827
1509,378,63,0.4921,0.5653,0.6936,0.2503,0.4286,0.4242,33,0.4828,29,0.5833,12,DLR,3,22,1887,1890
1560,390,63,0.4762,0.5456,0.7686,0.281,0.5397,0.5294,17,0.5294,17,0.3333,3,DLR,3,23,1950,1953
1610,403,63,0.5238,0.5633,2.5824,0.3245,0.5714,0.625,24,1.0,4,1.0,4,DLR,3,24,2013,2016
400,101,63,0.4127,0.5395,8.9373,0.5844,0.3968,0.4032,62,0.4032,62,0.4032,62,WDC,3,0,501,504
451,113,63,0.5714,0.4733,1.1553,0.2658,0.5714,0.5714,63,0.4,5,0.4,5,WDC,3,1,564,567
501,126,63,0.5397,0.501,1.643,0.2887,0.4603,0.5,16,0.5,16,0.5455,11,WDC,3,2,627,630
552,138,63,0.4286,0.4599,0.9309,0.2612,0.619,0.5652,23,0.5,6,0.5,6,WDC,3,3,690,693
602,151,63,0.4921,0.5275,2.1927,0.328,0.5873,0.6667,15,1.0,1,,0,WDC,3,4,753,756
652,164,63,0.4921,0.4688,0.7019,0.2543,0.4921,0.4921,63,0.0,2,0.0,2,WDC,3,5,816,819
703,176,63,0.5714,0.5221,0.6878,0.2472,0.4286,0.5,2,0.5,2,0.5,2,WDC,3,6,879,882
753,189,63,0.4444,0.4194,0.779,0.282,0.5079,0.4727,55,0.4727,55,0.4571,35,WDC,3,7,942,945
804,201,63,0.5238,0.5499,0.6991,0.2528,0.4921,0.52,25,,0,,0,WDC,3,8,1005,1008
854,214,63,0.4762,0.4838,0.6976,0.2522,0.4762,0.4667,45,,0,,0,WDC,3,9,1068,1071
904,227,63,0.4444,0.4587,2.142,0.3225,0.3175,0.2727,33,0.3333,21,0.3333,21,WDC,3,10,1131,1134
955,239,63,0.4603,0.5641,0.705,0.2558,0.5238,0.0,1,0.0,1,0.0,1,WDC,3,11,1194,1197
1005,252,63,0.3968,0.6806,0.6738,0.241,0.3016,0.3333,57,,0,,0,WDC,3,12,1257,1260
1056,264,63,0.6349,0.6159,0.7086,0.2569,0.619,0.7222,36,,0,,0,WDC,3,13,1320,1323
1106,277,63,0.4762,0.499,0.7034,0.255,0.4603,0.4524,42,,0,,0,WDC,3,14,1383,1386
1156,290,63,0.3016,0.4092,1.1189,0.3468,0.7302,0.5833,12,,0,,0,WDC,3,15,1446,1449
1207,302,63,0.5556,0.5707,0.6919,0.2494,0.5238,0.7778,9,,0,,0,WDC,3,16,1509,1512
1257,315,63,0.5556,0.5548,0.6891,0.248,0.5397,0.5714,42,,0,,0,WDC,3,17,1572,1575
1308,327,63,0.5714,0.5463,0.6838,0.2454,0.5714,0.5714,63,0.5806,31,,0,WDC,3,18,1635,1638
1358,340,63,0.4921,0.506,0.7117,0.259,0.4921,0.4921,63,0.4921,63,0.5,24,WDC,3,19,1698,1701
1408,353,63,0.5079,0.625,0.6977,0.2521,0.5079,0.5079,63,0.5417,48,0.5526,38,WDC,3,20,1761,1764
1459,365,63,0.7143,0.5403,0.6386,0.223,0.7619,0.7679,56,0.7778,54,0.8,5,WDC,3,21,1824,1827
1509,378,63,0.7302,0.6292,0.6327,0.2201,0.7619,0.7925,53,0.8421,38,0.8,10,WDC,3,22,1887,1890
1560,390,63,0.4127,0.3929,0.7094,0.2581,0.6349,0.5349,43,0.7273,11,0.7273,11,WDC,3,23,1950,1953
1610,403,63,0.7143,0.616,0.6238,0.2162,0.7143,0.7143,63,0.7097,62,1.0,6,WDC,3,24,2013,2016
400,101,63,0.4286,0.5895,5.7387,0.4893,0.4286,0.4286,63,0.45,60,0.45,60,STX,3,0,501,504
451,113,63,0.3175,0.3611,0.779,0.2914,0.6032,0.3529,17,0.375,16,0.4,15,STX,3,1,564,567
501,126,63,0.4286,0.5093,0.7276,0.2671,0.5714,0.5,2,0.5,2,0.5,2,STX,3,2,627,630
552,138,63,0.6825,0.7567,0.6049,0.2122,0.6508,0.6842,57,0.8261,23,1.0,4,STX,3,3,690,693
602,151,63,0.5714,0.6054,2.808,0.3316,0.6667,0.7778,27,1.0,7,1.0,5,STX,3,4,753,756
652,164,63,0.5397,0.5005,0.6958,0.2512,0.5397,0.5397,63,0.5484,31,0.5333,30,STX,3,5,816,819
703,176,63,0.5238,0.5751,0.9245,0.2575,0.5397,0.5345,58,0.5588,34,0.5625,32,STX,3,6,879,882
753,189,63,0.619,0.4087,0.9197,0.2542,0.619,0.619,63,0.5882,51,0.5882,51,STX,3,7,942,945
804,201,63,0.3968,0.6058,0.7287,0.2704,0.3968,0.3968,63,0.4,60,0.4615,26,STX,3,8,1005,1008
854,214,63,0.4921,0.4985,0.7138,0.2598,0.4921,0.4921,63,0.4667,15,0.4667,15,STX,3,9,1068,1071
904,227,63,0.3016,0.4821,1.4729,0.3137,0.2857,0.2833,60,0.2759,58,0.2857,7,STX,3,10,1131,1134
955,239,63,0.381,0.4734,0.858,0.3212,0.6508,0.5833,12,0.3333,3,0.3333,3,STX,3,11,1194,1197
1005,252,63,0.6508,0.5217,0.6546,0.2309,0.3651,1.0,1,1.0,1,,0,STX,3,12,1257,1260
1056,264,63,0.5556,0.5852,0.6881,0.2475,0.5397,0.875,8,0.8571,7,,0,STX,3,13,1320,1323
1106,277,63,0.3968,0.4621,1.43,0.2925,0.5873,0.4,5,0.4,5,0.4,5,STX,3,14,1383,1386
1156,290,63,0.4603,0.4534,0.7176,0.2622,0.6508,0.6061,33,,0,,0,STX,3,15,1446,1449
1207,302,63,0.4127,0.3905,0.7596,0.2813,0.4603,0.4231,52,0.4082,49,0.0,3,STX,3,16,1509,1512
1257,315,63,0.5238,0.5741,0.684,0.247,0.5079,0.5208,48,0.5806,31,,0,STX,3,17,1572,1575
1308,327,63,0.6032,0.5107,0.923,0.2558,0.619,0.6296,54,,0,,0,STX,3,18,1635,1638
1358,340,63,0.4762,0.4815,1.4086,0.2834,0.4286,0.4444,54,0.4054,37,,0,STX,3,19,1698,1701
1408,353,63,0.3175,0.287,0.773,0.2888,0.5714,0.4222,45,0.4222,45,,0,STX,3,20,1761,1764
1459,365,63,0.3016,0.4483,0.7005,0.2537,0.6825,0.4,5,,0,,0,STX,3,21,1824,1827
1509,378,63,0.7302,0.5,0.6667,0.2368,0.7302,0.7302,63,,0,,0,STX,3,22,1887,1890
1560,390,63,0.5873,0.5057,0.6779,0.2424,0.5873,0.5873,63,0.5902,61,,0,STX,3,23,1950,1953
1610,403,63,0.6667,0.5,0.6514,0.2293,0.6667,0.6667,63,0.6667,63,,0,STX,3,24,2013,2016
400,101,63,0.4921,0.5716,3.6579,0.3414,0.5079,0.5,62,0.5,62,0.5938,32,ASML,3,0,501,504
451,113,63,0.6349,0.5245,0.6576,0.2324,0.6349,0.6349,63,0.6349,63,0.6481,54,ASML,3,1,564,567
501,126,63,0.5238,0.5701,0.679,0.2433,0.4921,0.5128,39,0.625,16,0.75,12,ASML,3,2,627,630
552,138,63,0.8254,0.6152,0.8492,0.2221,0.8095,0.8333,60,1.0,4,1.0,4,ASML,3,3,690,693
602,151,63,0.5397,0.5313,0.7087,0.2573,0.5238,0.5357,56,0.5357,56,0.5357,56,ASML,3,4,753,756
652,164,63,0.6825,0.4378,0.6431,0.2262,0.6825,0.6885,61,0.6833,60,0.6727,55,ASML,3,5,816,819
703,176,63,0.4921,0.5522,1.6793,0.3069,0.5397,0.5167,60,0.5167,60,0.5167,60,ASML,3,6,879,882
753,189,63,0.4127,0.5213,0.7505,0.2782,0.4127,0.4127,63,0.4127,63,0.4237,59,ASML,3,7,942,945
804,201,63,0.4603,0.5143,0.7015,0.2542,0.4444,0.4516,62,,0,,0,ASML,3,8,1005,1008
854,214,63,0.5714,0.5026,0.6989,0.2522,0.5714,0.5738,61,0.5714,21,,0,ASML,3,9,1068,1071
904,227,63,0.4603,0.4911,0.7158,0.2604,0.3492,0.3235,34,0.3571,28,,0,ASML,3,10,1131,1134
955,239,63,0.4127,0.6236,1.2295,0.3018,0.6508,1.0,4,,0,,0,ASML,3,11,1194,1197
1005,252,63,0.4603,0.5375,0.6883,0.2477,0.4603,0.4545,55,0.6667,6,0.6667,6,ASML,3,12,1257,1260
1056,264,63,0.5714,0.6232,0.6661,0.2394,0.5238,0.5556,54,0.75,4,,0,ASML,3,13,1320,1323
1106,277,63,0.4286,0.4542,1.0014,0.2897,0.3968,0.359,39,0.4,5,0.0,3,ASML,3,14,1383,1386
1156,290,63,0.3968,0.4698,1.2391,0.3036,0.6825,0.6471,17,,0,,0,ASML,3,15,1446,1449
1207,302,63,0.4921,0.5184,0.691,0.2489,0.5556,0.5652,23,0.6,5,,0,ASML,3,16,1509,1512
1257,315,63,0.5397,0.4311,0.7031,0.2549,0.5714,0.5614,57,0.4,5,0.5,2,ASML,3,17,1572,1575
1308,327,63,0.5397,0.5539,0.6961,0.2514,0.4921,0.5208,48,0.5208,48,0.525,40,ASML,3,18,1635,1638
1358,340,63,0.5397,0.6689,0.6785,0.2427,0.5397,0.5397,63,0.6571,35,,0,ASML,3,19,1698,1701
1408,353,63,0.4762,0.5182,0.7213,0.2638,0.4762,0.4762,63,0.4727,55,0.4615,39,ASML,3,20,1761,1764
1459,365,63,0.5714,0.6046,0.6699,0.2385,0.5556,0.5769,52,0.6429,42,0.5,4,ASML,3,21,1824,1827
1509,378,63,0.5873,0.5279,0.6633,0.2353,0.6825,0.6735,49,0.7647,17,0.7647,17,ASML,3,22,1887,1890
1560,390,63,0.6032,0.5491,0.6769,0.2419,0.619,0.64,50,0.75,4,0.75,4,ASML,3,23,1950,1953
1610,403,63,0.4762,0.501,0.6893,0.2496,0.4921,0.4722,36,0.5385,13,,0,ASML,3,24,2013,2016
400,101,63,0.4921,0.3606,0.7801,0.2897,0.5714,0.537,54,0.5,50,0.5,50,CEG,3,0,501,504
451,113,63,0.5714,0.5454,0.6888,0.2478,0.5556,0.5645,62,0.5645,62,0.5645,62,CEG,3,1,564,567
501,126,63,0.6032,0.5474,0.6673,0.2372,0.6032,0.6032,63,0.6296,54,0.6296,54,CEG,3,2,627,630
552,138,63,0.4921,0.5045,0.7171,0.2619,0.5079,0.5,60,0.463,54,0.6923,13,CEG,3,3,690,693
602,151,63,0.6349,0.4609,0.6668,0.2369,0.6349,0.6349,63,0.6393,61,,0,CEG,3,4,753,756
652,164,63,0.5397,0.503,0.6878,0.2474,0.5397,0.5397,63,0.75,4,0.75,4,CEG,3,5,816,819
703,176,63,0.5556,0.5526,0.6736,0.2406,0.5556,0.5556,63,0.5484,62,0.8571,7,CEG,3,6,879,882
753,189,63,0.4603,0.4878,0.7242,0.2653,0.4603,0.4603,63,0.4603,63,,0,CEG,3,7,942,945
400,101,63,0.5873,0.5364,0.7017,0.2525,0.5873,0.6,55,0.617,47,0.617,47,VST,3,0,501,504
451,113,63,0.5238,0.4788,2.9971,0.3261,0.5238,0.5238,63,0.5238,21,0.5238,21,VST,3,1,564,567
501,126,63,0.5079,0.5365,0.6868,0.247,0.5397,0.6154,13,0.7143,7,0.7143,7,VST,3,2,627,630
552,138,63,0.5238,0.4841,0.7086,0.2561,0.5714,0.5652,46,0.5185,27,0.625,8,VST,3,3,690,693
602,151,63,0.6508,0.6663,0.6445,0.2276,0.4921,0.7368,19,0.7368,19,0.8,5,VST,3,4,753,756
652,164,63,0.6349,0.5926,1.3648,0.2635,0.5714,0.6182,55,0.6364,44,0.5714,14,VST,3,5,816,819
703,176,63,0.5556,0.5735,0.7054,0.2555,0.4444,0.5,36,0.5,36,0.5161,31,VST,3,6,879,882
753,189,63,0.4286,0.5213,0.7432,0.2746,0.5873,0.6667,3,1.0,1,,0,VST,3,7,942,945
804,201,63,0.381,0.4482,0.7241,0.2646,0.619,0.5,8,,0,,0,VST,3,8,1005,1008
854,214,63,0.5714,0.5307,0.6901,0.2483,0.5873,0.5862,58,0.7,10,0.7,10,VST,3,9,1068,1071
904,227,63,0.3968,0.4707,0.7353,0.2708,0.4286,0.4068,59,0.4138,58,,0,VST,3,10,1131,1134
955,239,63,0.5079,0.4724,1.4365,0.2895,0.5556,0.5357,56,0.6,5,0.6,5,VST,3,11,1194,1197
1005,252,63,0.3492,0.572,2.3688,0.3305,0.3333,0.3333,60,0.4,25,0.3571,14,VST,3,12,1257,1260
1056,264,63,0.5714,0.6848,0.648,0.2307,0.6349,0.6857,35,0.9048,21,1.0,3,VST,3,13,1320,1323
1106,277,63,0.4444,0.602,0.6828,0.2477,0.5556,,0,,0,,0,VST,3,14,1383,1386
1156,290,63,0.381,0.6859,1.1302,0.2541,0.6667,1.0,3,1.0,3,1.0,3,VST,3,15,1446,1449
1207,302,63,0.3968,0.3846,4.5955,0.4568,0.6984,0.6071,28,,0,,0,VST,3,16,1509,1512
1257,315,63,0.4603,0.4414,1.9032,0.311,0.5238,0.4906,53,0.4906,53,,0,VST,3,17,1572,1575
1308,327,63,0.619,0.5278,0.6719,0.2394,0.619,0.619,63,0.6129,31,,0,VST,3,18,1635,1638
1358,340,63,0.6349,0.48,0.7401,0.2606,0.6032,0.623,61,0.623,61,0.5556,27,VST,3,19,1698,1701
1408,353,63,0.5079,0.5217,0.6989,0.2529,0.5079,0.5079,63,0.5079,63,1.0,3,VST,3,20,1761,1764
1459,365,63,0.6984,0.5096,0.6237,0.2159,0.6984,0.6984,63,0.6984,63,0.7234,47,VST,3,21,1824,1827
1509,378,63,0.4444,0.4026,0.7655,0.2848,0.4444,0.4444,63,0.4333,60,0.4333,60,VST,3,22,1887,1890
1560,390,63,0.4286,0.6216,0.7276,0.2671,0.4127,0.4194,62,0.4194,62,,0,VST,3,23,1950,1953
1610,403,63,0.5238,0.4878,0.9319,0.2603,0.5397,0.5323,62,1.0,3,,0,VST,3,24,2013,2016
400,101,63,0.6825,0.7046,0.6577,0.2325,0.4921,0.617,47,0.617,47,1.0,2,LIN,3,0,501,504
451,113,63,0.4444,0.5244,3.2074,0.4124,0.6667,0.7059,17,,0,,0,LIN,3,1,564,567
501,126,63,0.5873,0.4433,1.4422,0.2803,0.5873,0.5902,61,0.5902,61,0.5417,48,LIN,3,2,627,630
552,138,63,0.4286,0.4293,0.742,0.2738,0.4762,0.45,60,0.45,60,0.375,8,LIN,3,3,690,693
602,151,63,0.4762,0.4707,0.7947,0.2877,0.4762,0.4762,63,0.4118,17,0.375,16,LIN,3,4,753,756
652,164,63,0.6032,0.5263,0.6754,0.2422,0.6032,0.6032,63,1.0,2,1.0,2,LIN,3,5,816,819
703,176,63,0.4286,0.4878,0.7375,0.2703,0.4444,0.4259,54,1.0,1,1.0,1,LIN,3,6,879,882
753,189,63,0.6667,0.5327,0.6857,0.2459,0.6508,0.6786,56,0.625,16,0.625,16,LIN,3,7,942,945
804,201,63,0.6032,0.6564,0.6551,0.2341,0.5714,0.5965,57,0.6471,17,0.7273,11,LIN,3,8,1005,1008
854,214,63,0.6032,0.5576,0.701,0.2533,0.6349,0.6744,43,0.6957,23,0.6364,11,LIN,3,9,1068,1071
904,227,63,0.6032,0.5685,0.6639,0.2357,0.6349,0.6364,55,0.8182,11,0.7778,9,LIN,3,10,1131,1134
955,239,63,0.5556,0.4184,0.7305,0.2668,0.5556,0.5556,63,0.5273,55,0.5238,42,LIN,3,11,1194,1197
1005,252,63,0.619,0.5288,0.6554,0.2328,0.619,0.623,61,0.6333,60,,0,LIN,3,12,1257,1260
1056,264,63,0.4603,0.5507,0.728,0.2669,0.4603,0.4603,63,0.5,50,0.5,50,LIN,3,13,1320,1323
1106,277,63,0.6508,0.4762,0.6541,0.2309,0.6667,0.6724,58,0.6545,55,1.0,3,LIN,3,14,1383,1386
1156,290,63,0.5079,0.5761,0.6915,0.2493,0.5079,0.5079,63,0.5333,60,0.8,5,LIN,3,15,1446,1449
1207,302,63,0.5873,0.4449,0.6953,0.2504,0.5873,0.5873,63,0.5833,60,0.5417,24,LIN,3,16,1509,1512
1257,315,63,0.5873,0.5096,0.6754,0.2412,0.619,0.6102,59,0.625,56,0.625,56,LIN,3,17,1572,1575
1308,327,63,0.5714,0.5247,0.6875,0.247,0.5714,0.5738,61,0.5738,61,0.5833,36,LIN,3,18,1635,1638
1358,340,63,0.3492,0.623,0.7686,0.2869,0.3333,0.3387,62,0.3387,62,0.4444,27,LIN,3,19,1698,1701
1408,353,63,0.7143,0.6216,0.6267,0.2202,0.7143,0.7547,53,0.8333,12,0.8333,6,LIN,3,20,1761,1764
400,101,63,0.5079,0.5464,0.7668,0.2828,0.5079,0.5079,63,0.5079,63,0.5,56,MRVL,3,0,501,504
451,113,63,0.5238,0.5424,0.6934,0.2501,0.5238,0.7143,7,,0,,0,MRVL,3,1,564,567
501,126,63,0.5873,0.5141,2.1969,0.3247,0.4762,1.0,4,,0,,0,MRVL,3,2,627,630
552,138,63,0.6508,0.505,0.6857,0.2463,0.6508,0.6508,63,0.6667,9,0.6667,9,MRVL,3,3,690,693
602,151,63,0.4286,0.4306,0.9641,0.2761,0.4286,0.4237,59,0.1429,7,0.1429,7,MRVL,3,4,753,756
652,164,63,0.7143,0.6134,0.6544,0.2307,0.6825,0.7273,55,0.7407,54,,0,MRVL,3,5,816,819
703,176,63,0.4921,0.4677,0.784,0.2892,0.5079,0.5,52,0.48,50,0.52,25,MRVL,3,6,879,882
753,189,63,0.5079,0.4712,0.7142,0.2602,0.4762,0.4898,49,0.381,21,0.4286,7,MRVL,3,7,942,945
804,201,63,0.4603,0.5396,0.7034,0.2552,0.4603,0.4603,63,0.4643,56,0.75,4,MRVL,3,8,1005,1008
854,214,63,0.4444,0.5146,0.9369,0.2701,0.4921,0.4286,28,0.4231,26,0.4231,26,MRVL,3,9,1068,1071
904,227,63,0.4286,0.4446,1.8769,0.2991,0.3492,0.3056,36,0.375,8,0.375,8,MRVL,3,10,1131,1134
955,239,63,0.4921,0.5152,0.7076,0.2571,0.5238,0.52,25,,0,,0,MRVL,3,11,1194,1197
1005,252,63,0.5238,0.5025,0.6972,0.252,0.4921,0.52,25,0.5,2,0.5,2,MRVL,3,12,1257,1260
1056,264,63,0.4444,0.7315,1.2265,0.2981,0.6349,0.7778,9,,0,,0,MRVL,3,13,1320,1323
1106,277,63,0.5556,0.7428,0.6898,0.2476,0.3492,0.4318,44,0.5417,24,0.5417,24,MRVL,3,14,1383,1386
1156,290,63,0.3968,0.694,0.6919,0.2509,0.6349,0.75,4,0.75,4,1.0,3,MRVL,3,15,1446,1449
1207,302,63,0.4127,0.4818,0.7104,0.2585,0.4762,0.3333,21,0.4286,14,0.4286,14,MRVL,3,16,1509,1512
1257,315,63,0.4603,0.4449,0.7178,0.262,0.5556,0.5135,37,0.5429,35,0.5,8,MRVL,3,17,1572,1575
1308,327,63,0.6032,0.579,0.6601,0.2335,0.7143,0.7632,38,0.7838,37,,0,MRVL,3,18,1635,1638
1358,340,63,0.7143,0.7607,0.6223,0.2164,0.619,0.7838,37,0.7838,37,,0,MRVL,3,19,1698,1701
1408,353,63,0.4286,0.4506,0.7459,0.2755,0.4127,0.4107,56,0.4107,56,,0,MRVL,3,20,1761,1764
1459,365,63,0.5873,0.5,0.6779,0.2424,0.5873,0.5873,63,0.5873,63,,0,MRVL,3,21,1824,1827
1509,378,63,0.5714,0.5102,0.6646,0.2364,0.6667,0.6471,51,0.6471,51,,0,MRVL,3,22,1887,1890
1560,390,63,0.4603,0.5087,0.7574,0.2802,0.4286,0.4364,55,0.4364,55,0.4364,55,MRVL,3,23,1950,1953
1610,403,63,0.3968,0.3278,0.7732,0.2884,0.6984,0.6,30,0.6,30,0.4615,13,MRVL,3,24,2013,2016
400,101,63,0.3968,0.5568,0.7381,0.2724,0.3968,0.3968,63,0.3968,63,0.4,10,CLS,3,0,501,504
451,113,63,0.381,0.5125,0.7043,0.2556,0.6349,1.0,1,,0,,0,CLS,3,1,564,567
501,126,63,0.4921,0.5712,1.0922,0.2421,0.3651,0.4082,49,,0,,0,CLS,3,2,627,630
552,138,63,0.4921,0.4941,0.7837,0.2914,0.619,0.6842,19,0.6842,19,1.0,1,CLS,3,3,690,693
602,151,63,0.4921,0.4789,0.7188,0.2617,0.4286,0.381,21,0.381,21,0.5,6,CLS,3,4,753,756
652,164,63,0.5556,0.3854,1.1851,0.2782,0.4603,0.5455,11,0.5455,11,0.5,4,CLS,3,5,816,819
703,176,63,0.4921,0.4919,0.7201,0.2629,0.5079,0.5,16,0.5,16,0.4444,9,CLS,3,6,879,882
753,189,63,0.5397,0.5449,0.716,0.261,0.5556,0.6364,22,0.5789,19,,0,CLS,3,7,942,945
804,201,63,0.6032,0.6379,1.1206,0.2503,0.4286,0.5278,36,0.7143,7,0.7143,7,CLS,3,8,1005,1008
854,214,63,0.5079,0.4848,1.2088,0.278,0.5397,0.5294,51,0.56,25,0.56,25,CLS,3,9,1068,1071
904,227,63,0.4921,0.5141,1.8881,0.3059,0.4762,0.4792,48,0.5128,39,0.5,16,CLS,3,10,1131,1134
955,239,63,0.5873,0.631,0.7663,0.2805,0.5873,0.8235,17,0.625,8,0.625,8,CLS,3,11,1194,1197
1005,252,63,0.619,0.4391,0.6734,0.24,0.381,,0,,0,,0,CLS,3,12,1257,1260
1056,264,63,0.3016,0.407,0.767,0.2865,0.6825,0.4,5,0.4,5,0.0,1,CLS,3,13,1320,1323
1106,277,63,0.5714,0.6584,0.6734,0.2417,0.5714,0.5714,63,0.8333,6,1.0,1,CLS,3,14,1383,1386
1156,290,63,0.619,0.6335,0.6644,0.2357,0.619,0.619,63,0.6607,56,1.0,2,CLS,3,15,1446,1449
1207,302,63,0.5556,0.5238,0.7149,0.2584,0.5397,0.5556,54,0.5556,45,0.5455,11,CLS,3,16,1509,1512
1257,315,63,0.5714,0.4558,0.6958,0.251,0.5714,0.5714,63,0.5532,47,0.0,3,CLS,3,17,1572,1575
1308,327,63,0.619,0.5468,0.6612,0.2345,0.6032,0.6129,62,0.625,56,0.6275,51,CLS,3,18,1635,1638
1358,340,63,0.5714,0.5482,0.6591,0.2332,0.6508,0.675,40,0.6667,39,0.6667,39,CLS,3,19,1698,1701
1408,353,63,0.4444,0.3659,0.8622,0.3172,0.4921,0.463,54,0.451,51,0.3824,34,CLS,3,20,1761,1764
1459,365,63,0.5714,0.3703,0.9843,0.2805,0.7778,0.7391,46,0.7391,46,0.65,20,CLS,3,21,1824,1827
1509,378,63,0.6349,0.56,0.6572,0.2322,0.6032,0.623,61,0.6333,60,0.6333,60,CLS,3,22,1887,1890
1560,390,63,0.4603,0.5294,0.74,0.2729,0.4603,0.4603,63,0.4603,63,0.4603,63,CLS,3,23,1950,1953
1610,403,63,0.5873,0.536,0.6696,0.2398,0.5714,0.5833,60,0.5833,60,1.0,1,CLS,3,24,2013,2016
400,101,63,0.6349,0.5868,1.5512,0.2548,0.3968,0.5556,18,0.5882,17,0.625,16,SYM,3,0,501,504
451,113,63,0.4921,0.499,1.0685,0.3195,0.5556,0.8,5,1.0,1,,0,SYM,3,1,564,567
501,126,63,0.3968,0.4641,0.7073,0.2561,0.3651,0.3256,43,1.0,1,,0,SYM,3,2,627,630
552,138,63,0.254,0.5,0.7502,0.2784,0.746,,0,,0,,0,SYM,3,3,690,693
602,151,63,0.5714,0.5093,0.6925,0.2497,0.5714,0.5714,63,,0,,0,SYM,3,4,753,756
652,164,63,0.4762,0.4823,0.7059,0.2563,0.4603,0.4474,38,0.4474,38,,0,SYM,3,5,816,819
703,176,63,0.5079,0.5154,0.7213,0.2633,0.4286,0.4643,56,0.3636,22,0.3636,22,SYM,3,6,879,882
400,101,63,0.5873,0.5385,0.9012,0.248,0.4127,,0,,0,,0,MNDY,3,0,501,504
451,113,63,0.4444,0.4777,0.891,0.3088,0.5873,0.5333,30,0.5333,30,0.5385,26,MNDY,3,1,564,567
501,126,63,0.6032,0.6303,0.6681,0.2379,0.5397,0.6154,39,0.6154,39,1.0,1,MNDY,3,2,627,630
552,138,63,0.5079,0.4546,3.736,0.3642,0.5556,0.5476,42,0.5455,33,0.375,16,MNDY,3,3,690,693
602,151,63,0.5238,0.4969,0.7162,0.2604,0.5714,0.5714,42,0.5714,42,0.5714,42,MNDY,3,4,753,756
652,164,63,0.3651,0.4112,0.7519,0.2791,0.4444,0.35,40,0.35,40,0.75,4,MNDY,3,5,816,819
703,176,63,0.5079,0.5151,0.6944,0.2506,0.5079,0.5082,61,1.0,1,1.0,1,MNDY,3,6,879,882
753,189,63,0.4921,0.5676,0.6707,0.2395,0.5873,1.0,5,1.0,5,1.0,5,MNDY,3,7,942,945
804,201,63,0.4603,0.4706,1.1784,0.2744,0.4603,0.4603,63,0.0,2,0.0,2,MNDY,3,8,1005,1008
854,214,63,0.5714,0.5753,0.7291,0.2662,0.3968,0.45,20,0.4211,19,0.4211,19,MNDY,3,9,1068,1071
904,227,63,0.5714,0.6547,0.6753,0.241,0.3175,0.3939,33,0.4583,24,0.4583,24,MNDY,3,10,1131,1134
400,101,63,0.5556,0.5138,0.6956,0.2508,0.5556,0.5556,63,0.5556,9,0.5556,9,FVRR,3,0,501,504
451,113,63,0.3968,0.5692,0.7048,0.2573,0.3175,0.3448,58,0.5,2,0.5,2,FVRR,3,1,564,567
501,126,63,0.5873,0.3737,0.6884,0.2475,0.3968,0.0,1,,0,,0,FVRR,3,2,627,630
552,138,63,0.6508,0.4881,0.8834,0.2364,0.3333,0.0,1,0.0,1,0.0,1,FVRR,3,3,690,693
602,151,63,0.5873,0.5,0.6814,0.2441,0.4127,,0,,0,,0,FVRR,3,4,753,756
652,164,63,0.4762,0.4939,0.7402,0.2726,0.5238,0.5,6,0.5,6,0.5,6,FVRR,3,5,816,819
703,176,63,0.3492,0.3322,3.2275,0.4133,0.4921,0.3611,36,0.303,33,0.303,33,FVRR,3,6,879,882
753,189,63,0.5238,0.5212,0.6931,0.25,0.5238,0.5306,49,0.5306,49,,0,FVRR,3,7,942,945
804,201,63,0.5238,0.5679,0.6893,0.2481,0.4286,0.4706,51,,0,,0,FVRR,3,8,1005,1008
854,214,63,0.5397,0.6848,0.6392,0.2244,0.4762,0.5455,11,0.6,10,1.0,2,FVRR,3,9,1068,1071
904,227,63,0.5556,0.5614,0.7373,0.2672,0.381,0.45,40,0.45,40,0.45,40,FVRR,3,10,1131,1134
955,239,63,0.6032,0.5629,0.6913,0.2488,0.5397,0.6,45,0.5,12,0.5,2,FVRR,3,11,1194,1197
1005,252,63,0.4921,0.3965,0.7575,0.2802,0.4762,0.4167,12,0.4167,12,0.4167,12,FVRR,3,12,1257,1260
1056,264,63,0.4921,0.5539,1.4125,0.2853,0.5079,0.5,14,1.0,3,,0,FVRR,3,13,1320,1323
1106,277,63,0.5714,0.5188,0.6842,0.2446,0.4603,0.525,40,,0,,0,FVRR,3,14,1383,1386
1156,290,63,0.4444,0.499,0.698,0.2525,0.4603,0.3125,16,0.4167,12,,0,FVRR,3,15,1446,1449
1207,302,63,0.3968,0.4776,0.9459,0.2681,0.4444,0.381,42,0.4375,16,0.4375,16,FVRR,3,16,1509,1512
1257,315,63,0.6349,0.5558,0.9372,0.2577,0.3968,0.5833,12,0.5833,12,0.5833,12,FVRR,3,17,1572,1575
1308,327,63,0.5397,0.5616,1.0373,0.2969,0.3968,0.4167,24,0.4167,24,0.4167,24,FVRR,3,18,1635,1638
400,101,63,0.5238,0.4687,0.9568,0.2718,0.5238,0.5238,63,0.5,26,0.5,14,APD,3,0,501,504
451,113,63,0.6508,0.48,0.6672,0.2373,0.6508,0.6508,63,1.0,1,1.0,1,APD,3,1,564,567
501,126,63,0.4921,0.4476,0.7296,0.2676,0.5079,0.5,52,0.4595,37,0.4595,37,APD,3,2,627,630
552,138,63,0.5238,0.6217,0.6389,0.229,0.5238,0.5238,63,0.7059,17,0.9,10,APD,3,3,690,693
602,151,63,0.6667,0.4678,0.6709,0.2389,0.6508,0.6613,62,0.5625,16,0.5,8,APD,3,4,753,756
652,164,63,0.4286,0.4254,0.7145,0.262,0.4921,0.4419,43,0.4419,43,0.3333,3,APD,3,5,816,819
703,176,63,0.4921,0.4667,0.6873,0.2484,0.5873,0.5455,55,0.6316,19,0.6316,19,APD,3,6,879,882
753,189,63,0.4603,0.5274,0.7141,0.2602,0.4603,0.4603,63,0.4603,63,0.5556,9,APD,3,7,942,945
804,201,63,0.3333,0.4562,1.1866,0.2796,0.3492,0.3276,58,,0,,0,APD,3,8,1005,1008
854,214,63,0.3968,0.4163,1.2499,0.3067,0.5556,0.4,15,0.4,15,0.4,15,APD,3,9,1068,1071
904,227,63,0.4921,0.5051,0.6973,0.252,0.5238,0.5172,29,0.0,1,0.0,1,APD,3,10,1131,1134
955,239,63,0.4127,0.6071,0.7035,0.2552,0.5873,,0,,0,,0,APD,3,11,1194,1197
1005,252,63,0.4921,0.5837,0.9324,0.2606,0.5079,0.5,60,1.0,1,1.0,1,APD,3,12,1257,1260
1056,264,63,0.5556,0.6566,0.6596,0.2349,0.5238,0.6316,19,0.6471,17,,0,APD,3,13,1320,1323
1106,277,63,0.6032,0.6192,0.6772,0.2421,0.4762,0.5926,27,0.5926,27,,0,APD,3,14,1383,1386
1156,290,63,0.4921,0.4602,2.4457,0.3619,0.4921,0.4912,57,0.4717,53,0.4186,43,APD,3,15,1446,1449
1207,302,63,0.619,0.5139,0.6666,0.2368,0.619,0.623,61,0.623,61,0.6226,53,APD,3,16,1509,1512
1257,315,63,0.5873,0.4506,0.6945,0.2505,0.5873,0.5873,63,0.549,51,0.0,2,APD,3,17,1572,1575
1308,327,63,0.4762,0.5333,0.7334,0.2693,0.5079,0.4884,43,0.4884,43,0.5862,29,APD,3,18,1635,1638
1358,340,63,0.3968,0.3837,0.7385,0.2721,0.5556,0.4444,27,0.4444,27,,0,APD,3,19,1698,1701
1408,353,63,0.4921,0.567,0.6936,0.2502,0.4921,0.4921,63,1.0,2,,0,APD,3,20,1761,1764
1459,365,63,0.619,0.52,0.6697,0.2383,0.6032,0.6129,62,0.6129,62,,0,APD,3,21,1824,1827
1509,378,63,0.4603,0.4755,0.7807,0.2914,0.4444,0.4375,48,0.4255,47,0.4255,47,APD,3,22,1887,1890
1560,390,63,0.619,0.5876,0.6672,0.2366,0.619,0.619,63,0.6102,59,0.7826,23,APD,3,23,1950,1953
1610,403,63,0.5397,0.5685,0.6847,0.2469,0.4921,0.5192,52,0.5,50,0.5,50,APD,3,24,2013,2016
400,101,63,0.5556,0.5426,0.7108,0.258,0.5397,0.5484,62,0.5455,55,0.5556,54,EME,3,0,501,504
451,113,63,0.619,0.5858,1.1145,0.2472,0.6032,0.6522,46,0.6829,41,0.6,10,EME,3,1,564,567
501,126,63,0.5238,0.5566,2.1444,0.3173,0.4762,0.5,22,0.5,22,0.5,22,EME,3,2,627,630
552,138,63,0.4444,0.5864,4.4161,0.3863,0.5714,1.0,1,1.0,1,1.0,1,EME,3,3,690,693
602,151,63,0.3333,0.5629,3.9935,0.3863,0.6667,,0,,0,,0,EME,3,4,753,756
652,164,63,0.619,0.6641,0.6279,0.2236,0.5238,0.5789,57,0.6038,53,,0,EME,3,5,816,819
703,176,63,0.4762,0.4819,0.7123,0.2593,0.5079,0.4915,59,0.4915,59,0.5,18,EME,3,6,879,882
753,189,63,0.3968,0.6053,1.6561,0.3023,0.3968,0.3968,63,0.3968,63,0.4545,44,EME,3,7,942,945
804,201,63,0.5873,0.7173,0.679,0.2428,0.4127,0.5,46,0.5806,31,0.6,30,EME,3,8,1005,1008
854,214,63,0.5238,0.5822,0.6954,0.2506,0.5397,0.7,10,0.6667,9,0.6667,9,EME,3,9,1068,1071
904,227,63,0.4127,0.5698,0.7584,0.2805,0.6508,1.0,4,1.0,4,,0,EME,3,10,1131,1134
955,239,63,0.4921,0.7611,1.6004,0.2845,0.6032,1.0,6,1.0,2,1.0,2,EME,3,11,1194,1197
1005,252,63,0.6825,0.7051,1.8054,0.2716,0.5556,0.7027,37,1.0,1,1.0,1,EME,3,12,1257,1260
1056,264,63,0.4921,0.5006,1.5852,0.3414,0.6667,0.6923,26,0.6429,14,0.6429,14,EME,3,13,1320,1323
1106,277,63,0.5397,0.6364,0.727,0.2605,0.4603,0.5,56,0.5667,30,0.5667,30,EME,3,14,1383,1386
1156,290,63,0.5079,0.5057,0.6955,0.2517,0.5873,0.5714,42,0.7143,7,0.75,4,EME,3,15,1446,1449
1207,302,63,0.6349,0.5293,0.6439,0.2285,0.746,0.7308,52,1.0,10,1.0,10,EME,3,16,1509,1512
1257,315,63,0.5556,0.6673,0.6888,0.2478,0.5556,0.5556,63,0.5769,52,0.5714,49,EME,3,17,1572,1575
1308,327,63,0.7143,0.5309,0.6024,0.2076,0.7143,0.7143,63,0.7273,55,0.6889,45,EME,3,18,1635,1638
1358,340,63,0.5714,0.5372,1.1544,0.2682,0.5556,0.5645,62,0.5645,62,0.5588,34,EME,3,19,1698,1701
1408,353,63,0.5238,0.5404,0.7143,0.2609,0.5238,0.5238,63,0.5345,58,0.5526,38,EME,3,20,1761,1764
1459,365,63,0.6508,0.5122,0.6509,0.2291,0.6508,0.6508,63,0.6508,63,0.6508,63,EME,3,21,1824,1827
1509,378,63,0.5556,0.5648,0.7146,0.2582,0.5556,0.5556,63,0.5556,63,0.5556,63,EME,3,22,1887,1890
1560,390,63,0.5714,0.4776,0.6989,0.2522,0.5556,0.5645,62,0.5645,62,0.4545,11,EME,3,23,1950,1953
1610,403,63,0.6508,0.5188,0.6555,0.2313,0.6508,0.6508,63,0.6508,63,,0,EME,3,24,2013,2016
400,101,63,0.4921,0.5403,0.7335,0.2695,0.4921,0.4921,63,0.4921,63,0.4921,63,KLAC,3,0,501,504
451,113,63,0.6508,0.4972,0.8829,0.2404,0.6508,0.6508,63,0.6508,63,0.625,8,KLAC,3,1,564,567
501,126,63,0.4921,0.5242,0.7035,0.2616,0.5238,0.5128,39,0.5185,27,0.5185,27,KLAC,3,2,627,630
552,138,63,0.7778,0.4898,0.5952,0.2029,0.7778,0.7778,63,0.7714,35,0.8333,24,KLAC,3,3,690,693
602,151,63,0.4444,0.3742,0.8552,0.3171,0.4762,0.4468,47,0.4348,46,0.4348,46,KLAC,3,4,753,756
652,164,63,0.5079,0.5553,1.8388,0.286,0.5397,0.5254,59,0.5254,59,0.5682,44,KLAC,3,5,816,819
703,176,63,0.5397,0.3735,0.7092,0.2574,0.5556,0.5536,56,0.5536,56,0.5536,56,KLAC,3,6,879,882
753,189,63,0.5079,0.5705,0.6893,0.2482,0.4603,0.4828,58,0.5,56,,0,KLAC,3,7,942,945
804,201,63,0.5873,0.6146,0.6612,0.2363,0.4603,0.5294,51,,0,,0,KLAC,3,8,1005,1008
854,214,63,0.4921,0.534,0.6915,0.2466,0.5714,0.6111,18,0.75,8,0.75,8,KLAC,3,9,1068,1071
904,227,63,0.4127,0.5084,0.7688,0.2849,0.3968,0.3889,54,0.38,50,0.5,14,KLAC,3,10,1131,1134
955,239,63,0.6032,0.6576,0.9457,0.2651,0.619,0.75,28,,0,,0,KLAC,3,11,1194,1197
1005,252,63,0.6667,0.6847,0.6341,0.2238,0.3968,0.6,20,,0,,0,KLAC,3,12,1257,1260
1056,264,63,0.4444,0.7051,0.697,0.2529,0.6508,0.875,8,1.0,1,,0,KLAC,3,13,1320,1323
1106,277,63,0.4921,0.5694,0.6922,0.2495,0.4444,0.46,50,0.5625,16,1.0,2,KLAC,3,14,1383,1386
1156,290,63,0.3492,0.4501,0.8065,0.2938,0.6508,0.5,14,0.5,14,,0,KLAC,3,15,1446,1449
1207,302,63,0.5079,0.4704,0.9268,0.2587,0.5556,0.5345,58,0.5,6,1.0,2,KLAC,3,16,1509,1512
1257,315,63,0.6508,0.6042,0.6504,0.2297,0.6032,0.6333,60,0.6333,60,,0,KLAC,3,17,1572,1575
1308,327,63,0.5714,0.5571,0.6706,0.2396,0.5714,0.5714,63,0.58,50,1.0,4,KLAC,3,18,1635,1638
1358,340,63,0.5714,0.7037,0.663,0.2351,0.5714,0.5714,63,0.7111,45,,0,KLAC,3,19,1698,1701
1408,353,63,0.4603,0.5578,0.7233,0.2647,0.4603,0.4603,63,0.4681,47,0.5128,39,KLAC,3,20,1761,1764
1459,365,63,0.6667,0.6242,0.6278,0.2192,0.6508,0.6923,52,0.7059,51,0.7333,30,KLAC,3,21,1824,1827
1509,378,63,0.6508,0.5787,0.6527,0.23,0.6508,0.6508,63,0.7222,36,0.7059,34,KLAC,3,22,1887,1890
1560,390,63,0.6349,0.5321,0.6739,0.2403,0.6032,0.6316,57,0.6286,35,0.6667,3,KLAC,3,23,1950,1953
1610,403,63,0.6667,0.5833,0.6623,0.2347,0.6667,0.6667,63,1.0,7,1.0,7,KLAC,3,24,2013,2016
400,101,63,0.4921,0.5484,0.8033,0.2989,0.4921,0.4921,63,0.4821,56,0.4821,56,TXN,3,0,501,504
451,113,63,0.6349,0.5,0.6931,0.25,0.6349,0.6349,63,,0,,0,TXN,3,1,564,567
501,126,63,0.4127,0.4398,0.987,0.2912,0.5714,0.4828,29,0.4828,29,0.6667,3,TXN,3,2,627,630
552,138,63,0.6984,0.5773,0.6394,0.2228,0.6825,0.7069,58,0.7193,57,0.75,4,TXN,3,3,690,693
602,151,63,0.5873,0.5581,0.6996,0.2531,0.5238,0.566,53,0.5208,48,0.5294,34,TXN,3,4,753,756
652,164,63,0.5556,0.5963,0.6804,0.244,0.5397,0.5882,34,0.6316,19,0.6316,19,TXN,3,5,816,819
703,176,63,0.5714,0.4909,1.2475,0.2974,0.5238,0.5536,56,0.5349,43,0.5238,42,TXN,3,6,879,882
753,189,63,0.5556,0.4556,1.1929,0.2804,0.4762,0.5172,58,0.4138,29,0.0,3,TXN,3,7,942,945
804,201,63,0.6508,0.7465,1.0861,0.2416,0.5397,0.6579,38,,0,,0,TXN,3,8,1005,1008
854,214,63,0.3333,0.3301,1.2966,0.3224,0.5079,0.375,40,0.4,5,,0,TXN,3,9,1068,1071
904,227,63,0.6032,0.6053,0.6539,0.2339,0.3492,0.4444,27,0.4231,26,0.3846,13,TXN,3,10,1131,1134
955,239,63,0.5397,0.5522,0.704,0.2554,0.5397,0.6,25,1.0,1,1.0,1,TXN,3,11,1194,1197
1005,252,63,0.7143,0.7148,0.6312,0.2197,0.4444,0.6923,26,0.6923,26,,0,TXN,3,12,1257,1260
1056,264,63,0.5556,0.577,0.7021,0.2557,0.5556,0.64,25,0.3333,3,,0,TXN,3,13,1320,1323
1106,277,63,0.381,0.5473,0.7404,0.2734,0.2698,0.28,50,0.2979,47,,0,TXN,3,14,1383,1386
1156,290,63,0.5079,0.6321,0.6821,0.2447,0.4921,,0,,0,,0,TXN,3,15,1446,1449
1207,302,63,0.381,0.448,0.7366,0.2709,0.5714,0.2857,7,0.3333,6,0.3333,6,TXN,3,16,1509,1512
1257,315,63,0.3968,0.5005,0.9937,0.2907,0.5873,0.3333,3,,0,,0,TXN,3,17,1572,1575
1308,327,63,0.5873,0.6732,0.6813,0.2442,0.6032,0.875,16,1.0,3,1.0,1,TXN,3,18,1635,1638
1358,340,63,0.4603,0.5779,0.6623,0.2396,0.3968,0.4237,59,1.0,1,1.0,1,TXN,3,19,1698,1701
1408,353,63,0.5397,0.5919,0.6853,0.2479,0.4762,0.5116,43,0.5882,17,0.625,16,TXN,3,20,1761,1764
1459,365,63,0.5714,0.5632,0.6911,0.2519,0.6508,0.75,28,1.0,1,1.0,1,TXN,3,21,1824,1827
1509,378,63,0.4444,0.4806,1.1703,0.2733,0.4444,0.4444,63,0.375,8,0.375,8,TXN,3,22,1887,1890
1560,390,63,0.5873,0.4854,1.4136,0.2832,0.5873,0.5873,63,0.5417,24,0.3846,13,TXN,3,23,1950,1953
1610,403,63,0.3651,0.2834,0.972,0.2803,0.5714,0.4545,44,0.3,20,,0,TXN,3,24,2013,2016
400,101,63,0.4444,0.477,3.0561,0.3536,0.4444,0.4444,63,0.4355,62,0.4286,35,MCHP,3,0,501,504
451,113,63,0.4444,0.5179,0.6975,0.2522,0.5556,,0,,0,,0,MCHP,3,1,564,567
501,126,63,0.6032,0.5494,2.785,0.3222,0.5079,0.6667,21,,0,,0,MCHP,3,2,627,630
552,138,63,0.5397,0.475,1.0202,0.2988,0.6349,0.6122,49,,0,,0,MCHP,3,3,690,693
602,151,63,0.5397,0.4909,0.6929,0.2499,0.5238,0.5323,62,0.4737,19,,0,MCHP,3,4,753,756
652,164,63,0.5556,0.5575,0.6865,0.2467,0.5079,0.55,40,0.55,40,1.0,1,MCHP,3,5,816,819
703,176,63,0.5556,0.4995,0.9694,0.2711,0.5873,0.5918,49,0.56,25,0.56,25,MCHP,3,6,879,882
753,189,63,0.4444,0.5259,1.902,0.3126,0.4603,0.45,60,0.4737,38,0.5,28,MCHP,3,7,942,945
804,201,63,0.5714,0.6227,2.2437,0.2797,0.4762,0.5306,49,0.5714,42,0.5294,17,MCHP,3,8,1005,1008
854,214,63,0.5714,0.5842,0.8714,0.2386,0.5873,0.6316,38,0.6316,38,0.75,8,MCHP,3,9,1068,1071
904,227,63,0.5556,0.5797,0.7433,0.2724,0.4286,0.4884,43,0.4878,41,0.4878,41,MCHP,3,10,1131,1134
955,239,63,0.5714,0.6097,0.7169,0.2562,0.5873,0.6667,30,0.6897,29,0.75,4,MCHP,3,11,1194,1197
1005,252,63,0.5079,0.5228,1.499,0.309,0.4603,0.4167,12,0.5,2,,0,MCHP,3,12,1257,1260
1056,264,63,0.381,0.5043,0.7545,0.279,0.619,0.5,6,0.6667,3,0.6667,3,MCHP,3,13,1320,1323
1106,277,63,0.3333,0.5743,0.7276,0.2671,0.3333,0.3333,63,0.3846,26,0.5,14,MCHP,3,14,1383,1386
1156,290,63,0.619,0.7356,0.8915,0.2422,0.5714,0.7308,26,,0,,0,MCHP,3,15,1446,1449
1207,302,63,0.619,0.6169,0.6803,0.2441,0.5079,0.625,32,0.5833,12,,0,MCHP,3,16,1509,1512
1257,315,63,0.4762,0.4577,0.7169,0.2615,0.4921,0.4783,46,0.4667,30,0.0,2,MCHP,3,17,1572,1575
1308,327,63,0.5238,0.5325,0.6898,0.2483,0.5397,0.5769,26,0.5714,21,,0,MCHP,3,18,1635,1638
1358,340,63,0.4444,0.6016,0.9342,0.2644,0.3968,0.4167,60,0.431,58,0.75,8,MCHP,3,19,1698,1701
1408,353,63,0.5079,0.3869,2.1265,0.3183,0.5238,0.5192,52,0.5192,52,0.4286,28,MCHP,3,20,1761,1764
1459,365,63,0.4603,0.4304,0.7137,0.2602,0.4921,0.4746,59,,0,,0,MCHP,3,21,1824,1827
1509,378,63,0.3968,0.6716,0.696,0.2521,0.3968,0.3968,63,0.3968,63,1.0,9,MCHP,3,22,1887,1890
1560,390,63,0.4603,0.5238,0.6936,0.2503,0.5397,,0,,0,,0,MCHP,3,23,1950,1953
1610,403,63,0.4444,0.3945,0.9125,0.2552,0.5714,1.0,1,1.0,1,1.0,1,MCHP,3,24,2013,2016
400,101,63,0.4286,0.5617,6.2957,0.4644,0.4286,0.4286,63,0.4286,63,0.4783,46,NXPI,3,0,501,504
451,113,63,0.6349,0.5125,0.6774,0.2437,0.6349,0.6349,63,1.0,1,1.0,1,NXPI,3,1,564,567
501,126,63,0.5556,0.4861,0.6919,0.2494,0.5714,0.5645,62,,0,,0,NXPI,3,2,627,630
552,138,63,0.6667,0.5833,0.6603,0.2337,0.6667,0.6667,63,1.0,7,,0,NXPI,3,3,690,693
602,151,63,0.4603,0.4965,1.5186,0.3221,0.4603,0.4603,63,0.4603,63,0.4828,29,NXPI,3,4,753,756
652,164,63,0.5079,0.474,1.267,0.3128,0.5556,0.5333,60,0.5333,60,0.5106,47,NXPI,3,5,816,819
703,176,63,0.5397,0.5655,1.813,0.2766,0.4921,0.5227,44,0.5455,22,0.5714,21,NXPI,3,6,879,882
753,189,63,0.4921,0.4753,0.9443,0.2664,0.5238,0.5135,37,,0,,0,NXPI,3,7,942,945
804,201,63,0.5397,0.5484,0.6921,0.2495,0.4921,1.0,2,,0,,0,NXPI,3,8,1005,1008
854,214,63,0.4603,0.4742,1.4237,0.2877,0.5238,0.4815,27,0.5556,9,0.5,8,NXPI,3,9,1068,1071
904,227,63,0.4762,0.4774,0.7078,0.2573,0.3968,0.3824,34,0.3824,34,,0,NXPI,3,10,1131,1134
955,239,63,0.4603,0.3753,0.7326,0.2694,0.6508,0.6061,33,,0,,0,NXPI,3,11,1194,1197
1005,252,63,0.5714,0.5547,0.6721,0.2401,0.3968,0.4583,24,0.75,4,0.75,4,NXPI,3,12,1257,1260
1056,264,63,0.381,0.5094,4.1096,0.4307,0.6508,0.5833,12,0.5455,11,,0,NXPI,3,13,1320,1323
1106,277,63,0.5238,0.6025,0.7017,0.2542,0.3492,0.3947,38,0.4,35,,0,NXPI,3,14,1383,1386
1156,290,63,0.6667,0.6526,1.3658,0.2651,0.6032,0.7429,35,,0,,0,NXPI,3,15,1446,1449
1207,302,63,0.6349,0.5647,0.6728,0.2399,0.6349,0.6735,49,0.6735,49,,0,NXPI,3,16,1509,1512
1257,315,63,0.5397,0.4108,0.6957,0.2513,0.5397,0.5397,63,1.0,1,,0,NXPI,3,17,1572,1575
1308,327,63,0.5397,0.5761,0.6793,0.2433,0.5397,0.5397,63,0.6667,21,1.0,4,NXPI,3,18,1635,1638
1358,340,63,0.4762,0.676,0.7136,0.2485,0.4603,0.4677,62,0.5833,36,0.7778,9,NXPI,3,19,1698,1701
1408,353,63,0.4762,0.4113,2.1452,0.3252,0.5079,0.4884,43,0.4412,34,0.4412,34,NXPI,3,20,1761,1764
1459,365,63,0.4603,0.6346,0.899,0.2527,0.4921,0.4706,51,0.5217,46,0.6176,34,NXPI,3,21,1824,1827
1509,378,63,0.4921,0.5202,0.6957,0.2513,0.4921,0.4921,63,,0,,0,NXPI,3,22,1887,1890
1560,390,63,0.5079,0.504,1.1806,0.2735,0.5079,0.5079,63,0.5,10,0.5,10,NXPI,3,23,1950,1953
1610,403,63,0.3492,0.2884,0.7613,0.2834,0.6032,0.4681,47,,0,,0,NXPI,3,24,2013,2016
400,101,63,0.6349,0.5,0.6586,0.2329,0.6349,0.6349,63,0.6349,63,0.6349,63,DELL,3,0,501,504
451,113,63,0.5714,0.5046,0.6981,0.2521,0.5714,0.5714,63,0.5625,48,0.5625,48,DELL,3,1,564,567
501,126,63,0.5873,0.5021,0.7145,0.2565,0.5873,0.5873,63,0.5926,27,0.5926,27,DELL,3,2,627,630
552,138,63,0.4921,0.504,0.6935,0.2544,0.4921,0.4921,63,0.4921,63,0.4737,19,DELL,3,3,690,693
602,151,63,0.4762,0.5641,0.6949,0.2501,0.4762,0.4762,63,0.5625,16,0.6667,3,DELL,3,4,753,756
652,164,63,0.4127,0.4249,1.1962,0.2853,0.4921,0.3636,22,0.3333,6,0.3333,6,DELL,3,5,816,819
703,176,63,0.5397,0.4949,0.7134,0.259,0.4603,,0,,0,,0,DELL,3,6,879,882
753,189,63,0.5397,0.5732,0.6982,0.252,0.5238,0.5833,24,0.4444,9,0.4444,9,DELL,3,7,942,945
804,201,63,0.5397,0.3705,0.766,0.2813,0.5079,0.5283,53,0.2222,9,0.2222,9,DELL,3,8,1005,1008
854,214,63,0.6825,0.5682,0.6781,0.244,0.6508,0.6721,61,,0,,0,DELL,3,9,1068,1071
904,227,63,0.5238,0.5512,1.1313,0.2585,0.4603,0.4898,49,0.4898,49,,0,DELL,3,10,1131,1134
955,239,63,0.3968,0.6321,0.8469,0.3209,0.7143,1.0,7,1.0,7,1.0,7,DELL,3,11,1194,1197
1005,252,63,0.5873,0.7126,0.6512,0.2294,0.5238,0.5714,49,0.75,28,0.75,28,DELL,3,12,1257,1260
1056,264,63,0.4444,0.4417,0.7381,0.2698,0.5397,0.4894,47,0.5278,36,0.5278,36,DELL,3,13,1320,1323
1106,277,63,0.6032,0.5168,0.6861,0.2455,0.6032,0.6102,59,0.6087,23,0.6364,22,DELL,3,14,1383,1386
1156,290,63,0.3651,0.3584,2.6527,0.3621,0.4921,0.3953,43,0.3953,43,0.381,42,DELL,3,15,1446,1449
1207,302,63,0.5397,0.4102,0.9828,0.2771,0.5397,0.5397,63,0.5397,63,0.5397,63,DELL,3,16,1509,1512
1257,315,63,0.6032,0.6122,0.6905,0.2482,0.6667,0.7429,35,0.7368,19,,0,DELL,3,17,1572,1575
1308,327,63,0.7143,0.672,0.8419,0.2217,0.5873,0.6863,51,0.6863,51,,0,DELL,3,18,1635,1638
1358,340,63,0.381,0.5,0.7602,0.283,0.381,0.381,63,0.381,63,,0,DELL,3,19,1698,1701
1408,353,63,0.4603,0.6106,1.1474,0.3512,0.7302,0.75,24,0.75,16,,0,DELL,3,20,1761,1764
400,101,63,0.4444,0.5926,0.7204,0.264,0.4286,0.4355,62,0.4355,62,0.5,32,GLW,3,0,501,504
451,113,63,0.3016,0.4846,0.7558,0.2804,0.7143,0.6667,3,,0,,0,GLW,3,1,564,567
501,126,63,0.5556,0.5485,0.6844,0.2456,0.5556,0.5556,63,,0,,0,GLW,3,2,627,630
552,138,63,0.5397,0.4624,0.7537,0.2755,0.5714,0.5636,55,0.5636,55,0.5577,52,GLW,3,3,690,693
602,151,63,0.6667,0.4745,1.1194,0.2478,0.6667,0.678,59,0.6667,51,0.625,24,GLW,3,4,753,756
652,164,63,0.4444,0.5071,0.7237,0.265,0.4444,0.4444,63,0.4444,63,0.5,4,GLW,3,5,816,819
703,176,63,0.5556,0.5853,0.9035,0.2504,0.3968,0.4615,39,0.4615,39,,0,GLW,3,6,879,882
753,189,63,0.4603,0.4773,0.7119,0.2584,0.5079,0.4583,24,0.5455,11,0.625,8,GLW,3,7,942,945
804,201,63,0.5556,0.5889,0.6809,0.2439,0.4127,0.4545,22,,0,,0,GLW,3,8,1005,1008
854,214,63,0.4286,0.4854,0.6945,0.2522,0.5238,0.2,5,,0,,0,GLW,3,9,1068,1071
904,227,63,0.4127,0.4307,1.2114,0.2895,0.3492,0.3077,39,0.2,5,0.2,5,GLW,3,10,1131,1134
955,239,63,0.4921,0.5776,1.6184,0.2826,0.5556,0.7143,7,0.7143,7,0.7143,7,GLW,3,11,1194,1197
1005,252,63,0.6349,0.6437,0.632,0.2226,0.381,0.5385,13,,0,,0,GLW,3,12,1257,1260
1056,264,63,0.5556,0.5662,0.7087,0.261,0.5238,0.5862,29,0.375,8,0.375,8,GLW,3,13,1320,1323
1106,277,63,0.3968,0.4414,0.7445,0.2749,0.2857,0.3,50,0.2593,27,0.24,25,GLW,3,14,1383,1386
1156,290,63,0.5238,0.5647,0.7366,0.2696,0.6032,0.8333,12,0.8,10,1.0,3,GLW,3,15,1446,1449
1207,302,63,0.4286,0.4746,0.7203,0.2648,0.5397,0.4,10,,0,,0,GLW,3,16,1509,1512
1257,315,63,0.4444,0.4369,1.1755,0.3266,0.5238,0.25,4,,0,,0,GLW,3,17,1572,1575
1308,327,63,0.3492,0.4845,0.7327,0.2693,0.6508,,0,,0,,0,GLW,3,18,1635,1638
1358,340,63,0.6349,0.569,0.6838,0.2454,0.6349,0.6349,63,,0,,0,GLW,3,19,1698,1701
1408,353,63,0.4762,0.5,0.7017,0.2543,0.4762,0.4762,63,,0,,0,GLW,3,20,1761,1764
1459,365,63,0.7302,0.6004,0.6393,0.2232,0.7302,0.7302,63,0.875,24,,0,GLW,3,21,1824,1827
1509,378,63,0.6825,0.593,0.6281,0.2182,0.6825,0.6825,63,0.6825,63,0.7667,30,GLW,3,22,1887,1890
1560,390,63,0.6349,0.3522,0.6796,0.2439,0.6349,0.6349,63,0.6349,63,0.4545,22,GLW,3,23,1950,1953
1610,403,63,0.6349,0.5359,0.6628,0.2347,0.6349,0.6349,63,0.6349,63,0.6349,63,GLW,3,24,2013,2016
400,101,63,0.5079,0.6968,2.6913,0.3824,0.3968,0.4423,52,0.4286,49,0.4286,49,FLEX,3,0,501,504
451,113,63,0.6508,0.6512,0.8898,0.2423,0.5079,0.6923,26,0.6667,3,0.6667,3,FLEX,3,1,564,567
501,126,63,0.5397,0.5444,2.8661,0.3565,0.5556,0.7143,14,,0,,0,FLEX,3,2,627,630
552,138,63,0.4921,0.5217,0.7292,0.2673,0.6349,0.6333,30,,0,,0,FLEX,3,3,690,693
602,151,63,0.4921,0.5398,0.9392,0.2685,0.4444,0.3889,18,0.3889,18,0.3889,18,FLEX,3,4,753,756
652,164,63,0.5714,0.5303,0.6636,0.2396,0.5714,0.5714,63,0.5714,63,0.5455,11,FLEX,3,5,816,819
703,176,63,0.5556,0.5311,0.7531,0.2692,0.5556,0.5714,49,0.5532,47,0.6667,6,FLEX,3,6,879,882
753,189,63,0.4762,0.4828,1.4333,0.2925,0.5238,0.5,48,0.5122,41,0.75,4,FLEX,3,7,942,945
804,201,63,0.4921,0.4324,0.9634,0.2746,0.5873,0.549,51,0.549,51,,0,FLEX,3,8,1005,1008
854,214,63,0.4762,0.4404,1.4609,0.3022,0.4762,0.4762,63,0.3,10,0.3,10,FLEX,3,9,1068,1071
904,227,63,0.5397,0.5421,0.6669,0.24,0.5397,0.5439,57,1.0,3,1.0,3,FLEX,3,10,1131,1134
955,239,63,0.3651,0.5,0.6958,0.2513,0.6349,,0,,0,,0,FLEX,3,11,1194,1197
1005,252,63,0.4444,0.5393,0.6983,0.2526,0.4444,0.4444,63,,0,,0,FLEX,3,12,1257,1260
1056,264,63,0.4286,0.3821,4.0718,0.4619,0.7143,0.6452,31,1.0,1,1.0,1,FLEX,3,13,1320,1323
1106,277,63,0.4286,0.6384,0.6843,0.2478,0.4286,0.4286,63,0.4286,63,0.8889,9,FLEX,3,14,1383,1386
1156,290,63,0.5556,0.5,0.6772,0.2424,0.5556,0.5556,63,0.8,5,0.8,5,FLEX,3,15,1446,1449
1207,302,63,0.5238,0.5368,0.6914,0.2491,0.5079,0.5161,62,0.5357,28,0.5714,7,FLEX,3,16,1509,1512
1257,315,63,0.4921,0.5731,0.6947,0.2507,0.4921,0.4921,63,0.5769,26,0.5714,14,FLEX,3,17,1572,1575
1308,327,63,0.6032,0.4772,0.711,0.256,0.6349,0.6271,59,0.5882,17,0.5882,17,FLEX,3,18,1635,1638
1358,340,63,0.4762,0.4536,0.9707,0.2756,0.5079,0.4915,59,0.4286,7,0.5,6,FLEX,3,19,1698,1701
1408,353,63,0.4603,0.3778,2.4241,0.3475,0.4762,0.4643,56,0.3846,26,0.3846,26,FLEX,3,20,1761,1764
1459,365,63,0.5397,0.5454,0.6873,0.2471,0.6667,0.6512,43,0.7222,36,,0,FLEX,3,21,1824,1827
1509,378,63,0.4762,0.4825,0.6971,0.252,0.5714,0.5366,41,0.5806,31,,0,FLEX,3,22,1887,1890
1560,390,63,0.5079,0.5751,0.6983,0.2526,0.4603,0.4828,58,0.4828,58,0.8,5,FLEX,3,23,1950,1953
1610,403,63,0.6667,0.4424,0.6767,0.2418,0.6825,0.6774,62,0.5,8,,0,FLEX,3,24,2013,2016
400,101,63,0.3651,0.6734,3.3673,0.3892,0.3651,0.3651,63,0.3651,63,0.4722,36,JBL,3,0,501,504
451,113,63,0.4127,0.5033,0.6912,0.2536,0.6508,1.0,4,1.0,3,1.0,3,JBL,3,1,564,567
501,126,63,0.3968,0.4026,0.7516,0.2787,0.5397,0.4091,22,0.4091,22,,0,JBL,3,2,627,630
552,138,63,0.6508,0.4659,1.1455,0.258,0.6984,0.6833,60,0.6833,60,,0,JBL,3,3,690,693
602,151,63,0.5873,0.3576,1.1683,0.2688,0.5873,0.5873,63,0.5873,63,0.5763,59,JBL,3,4,753,756
652,164,63,0.7143,0.5,0.6134,0.2109,0.7143,0.7143,63,0.7143,63,0.7143,63,JBL,3,5,816,819
703,176,63,0.5397,0.5502,1.1591,0.2693,0.5397,0.5397,63,0.5397,63,0.569,58,JBL,3,6,879,882
753,189,63,0.5079,0.4667,0.7379,0.2702,0.5079,0.5079,63,0.5161,62,0.4815,54,JBL,3,7,942,945
804,201,63,0.4444,0.5291,0.693,0.2499,0.4444,0.4444,63,0.625,16,,0,JBL,3,8,1005,1008
854,214,63,0.5238,0.5265,0.7194,0.2595,0.5556,0.5556,45,0.6364,11,,0,JBL,3,9,1068,1071
904,227,63,0.4762,0.4929,0.7079,0.257,0.5556,0.5833,12,0.5833,12,0.5833,12,JBL,3,10,1131,1134
955,239,63,0.4286,0.463,1.4339,0.2952,0.6349,0.6111,18,0.4286,7,0.4286,7,JBL,3,11,1194,1197
1005,252,63,0.4921,0.5313,0.7018,0.2539,0.5079,0.5,62,0.8,5,,0,JBL,3,12,1257,1260
1056,264,63,0.746,0.5173,0.6385,0.2229,0.746,0.746,63,0.7727,44,0.7,10,JBL,3,13,1320,1323
1106,277,63,0.4444,0.4757,0.7642,0.2838,0.4603,0.4423,52,0.4423,52,0.46,50,JBL,3,14,1383,1386
1156,290,63,0.5238,0.5333,0.6952,0.2509,0.5238,0.5238,63,0.55,40,0.55,40,JBL,3,15,1446,1449
1207,302,63,0.4921,0.3628,1.1867,0.2789,0.5556,0.5273,55,0.4694,49,0.4762,21,JBL,3,16,1509,1512
1257,315,63,0.4444,0.4602,0.9627,0.2749,0.4444,0.4444,63,0.2,5,0.2,5,JBL,3,17,1572,1575
1308,327,63,0.6984,0.4821,1.3166,0.2452,0.6984,0.6984,63,0.6667,18,0.6667,18,JBL,3,18,1635,1638
1358,340,63,0.6825,0.4884,0.671,0.239,0.6825,0.6825,63,,0,,0,JBL,3,19,1698,1701
1408,353,63,0.5397,0.5147,0.6908,0.2488,0.5397,0.5397,63,0.5397,63,,0,JBL,3,20,1761,1764
1459,365,63,0.6984,0.6358,0.6412,0.2242,0.6984,0.6984,63,0.7755,49,0.6667,3,JBL,3,21,1824,1827
1509,378,63,0.5238,0.4848,0.7094,0.2579,0.5238,0.5238,63,0.5161,62,0.5161,62,JBL,3,22,1887,1890
1560,390,63,0.5238,0.6182,0.6877,0.2476,0.5238,0.5238,63,0.5238,63,1.0,4,JBL,3,23,1950,1953
1610,403,63,0.6508,0.6463,0.6331,0.2219,0.6667,0.6852,54,0.6852,54,0.7647,34,JBL,3,24,2013,2016
400,101,63,0.5714,0.6085,1.1119,0.2461,0.4603,0.52,50,,0,,0,GFS,3,0,501,504
451,113,63,0.5397,0.539,1.6531,0.2972,0.4127,0.4615,39,0.4595,37,0.4286,35,GFS,3,1,564,567
501,126,63,0.5873,0.5894,0.6786,0.2428,0.5238,0.6207,29,0.6429,28,,0,GFS,3,2,627,630
552,138,63,0.5079,0.4862,1.4139,0.2832,0.4444,0.4516,31,0.4333,30,0.4,5,GFS,3,3,690,693
602,151,63,0.5714,0.5355,0.6888,0.2475,0.4286,0.5,16,,0,,0,GFS,3,4,753,756
652,164,63,0.4444,0.4315,0.753,0.2789,0.4603,0.4286,42,0.4286,42,,0,GFS,3,5,816,819
703,176,63,0.5873,0.6035,1.3683,0.2662,0.4762,0.8333,6,0.8,5,0.75,4,GFS,3,6,879,882
753,189,63,0.4762,0.5141,0.6781,0.2442,0.5079,0.4872,39,1.0,3,1.0,3,GFS,3,7,942,945
804,201,63,0.4444,0.572,0.7489,0.2774,0.5714,1.0,1,,0,,0,GFS,3,8,1005,1008
400,101,63,0.4921,0.5917,0.783,0.2904,0.4921,0.4921,63,0.4921,63,0.5094,53,NEE,3,0,501,504
451,113,63,0.5079,0.4842,0.6957,0.2503,0.6349,0.6,45,0.6,45,0.6,45,NEE,3,1,564,567
501,126,63,0.5079,0.4803,0.7143,0.2591,0.5238,0.5179,56,0.5,18,0.5,16,NEE,3,2,627,630
552,138,63,0.619,0.4931,0.8969,0.2443,0.619,0.619,63,0.6216,37,0.6071,28,NEE,3,3,690,693
602,151,63,0.5556,0.5097,0.6964,0.2514,0.5556,0.5556,63,0.5556,63,0.5532,47,NEE,3,4,753,756
652,164,63,0.5397,0.4762,0.7131,0.2593,0.5397,0.5397,63,0.5323,62,0.525,40,NEE,3,5,816,819
703,176,63,0.5556,0.4943,1.3962,0.2772,0.5714,0.5741,54,0.551,49,0.6,5,NEE,3,6,879,882
753,189,63,0.5714,0.5081,0.9435,0.2648,0.5238,0.5577,52,0.525,40,0.4286,7,NEE,3,7,942,945
804,201,63,0.4762,0.4713,0.9586,0.2732,0.4921,0.4828,58,0.4828,58,0.4444,9,NEE,3,8,1005,1008
854,214,63,0.5873,0.4548,0.6792,0.2431,0.5873,0.5873,63,0.5873,63,,0,NEE,3,9,1068,1071
904,227,63,0.4286,0.3664,1.5371,0.332,0.4127,0.3438,32,0.3438,32,0.5714,7,NEE,3,10,1131,1134
955,239,63,0.619,0.641,0.6553,0.2338,0.5397,0.75,20,0.7778,9,0.7778,9,NEE,3,11,1194,1197
1005,252,63,0.4603,0.4179,1.1786,0.2769,0.5873,0.5366,41,0.5366,41,0.5,8,NEE,3,12,1257,1260
1056,264,63,0.4444,0.4866,4.0036,0.396,0.4286,0.4286,56,0.4286,56,0.3878,49,NEE,3,13,1320,1323
1106,277,63,0.4921,0.5585,0.7146,0.2602,0.4921,0.4921,63,0.5349,43,0.5349,43,NEE,3,14,1383,1386
1156,290,63,0.5556,0.5494,0.6898,0.2483,0.5714,0.5714,56,,0,,0,NEE,3,15,1446,1449
1207,302,63,0.6984,0.4193,0.6857,0.2463,0.6984,0.6984,63,,0,,0,NEE,3,16,1509,1512
1257,315,63,0.6349,0.5,0.6703,0.2386,0.6349,0.6349,63,0.6349,63,,0,NEE,3,17,1572,1575
1308,327,63,0.5873,0.5595,0.6809,0.2439,0.6032,0.6765,34,0.6296,27,,0,NEE,3,18,1635,1638
1358,340,63,0.3492,0.5,0.7769,0.2912,0.3492,0.3492,63,0.3492,63,0.3492,63,NEE,3,19,1698,1701
1408,353,63,0.5556,0.5143,0.7092,0.2573,0.5556,0.5556,63,0.5556,63,0.5517,58,NEE,3,20,1761,1764
1459,365,63,0.5873,0.5889,0.6656,0.2366,0.5873,0.5932,59,0.5932,59,0.6452,31,NEE,3,21,1824,1827
1509,378,63,0.4286,0.4428,0.7273,0.2662,0.5873,0.6667,3,,0,,0,NEE,3,22,1887,1890
1560,390,63,0.5873,0.6553,1.156,0.2669,0.6032,0.7727,22,,0,,0,NEE,3,23,1950,1953
1610,403,63,0.4762,0.497,0.698,0.2524,0.5238,0.5,4,,0,,0,NEE,3,24,2013,2016
400,101,63,0.4921,0.6323,4.1348,0.3619,0.4762,0.4839,62,0.4754,61,0.5714,42,D,3,0,501,504
451,113,63,0.6667,0.6168,0.6206,0.2198,0.6349,0.6667,57,0.7083,24,0.7083,24,D,3,1,564,567
501,126,63,0.5079,0.4521,3.5509,0.3778,0.5079,0.5079,63,0.4595,37,0.4595,37,D,3,2,627,630
552,138,63,0.4603,0.5107,0.7115,0.2591,0.4444,0.45,60,0.45,60,,0,D,3,3,690,693
602,151,63,0.6032,0.5375,0.7036,0.2554,0.6349,0.6415,53,0.8571,7,,0,D,3,4,753,756
652,164,63,0.4444,0.5898,0.6992,0.253,0.4444,0.4444,63,0.5714,14,,0,D,3,5,816,819
703,176,63,0.381,0.3616,0.7454,0.2755,0.4603,0.2727,22,0.2778,18,0.2,10,D,3,6,879,882
753,189,63,0.5556,0.5077,0.6904,0.2486,0.5714,0.5909,44,0.5455,22,0.5238,21,D,3,7,942,945
804,201,63,0.6032,0.6179,0.6927,0.2472,0.5079,0.6667,21,0.6667,21,,0,D,3,8,1005,1008
854,214,63,0.4762,0.4556,1.0226,0.2907,0.4762,0.4571,35,0.44,25,,0,D,3,9,1068,1071
904,227,63,0.619,0.5,0.6834,0.2451,0.381,,0,,0,,0,D,3,10,1131,1134
955,239,63,0.5873,0.631,0.6893,0.2478,0.4921,0.5806,31,0.5806,31,0.5806,31,D,3,11,1194,1197
1005,252,63,0.4762,0.6353,0.7389,0.2722,0.3968,0.42,50,0.42,50,0.475,40,D,3,12,1257,1260
1056,264,63,0.6349,0.5621,0.6692,0.2375,0.3492,0.0,1,0.0,1,0.0,1,D,3,13,1320,1323
1106,277,63,0.619,0.6279,0.8581,0.2296,0.3968,0.52,25,0.7273,11,0.7273,11,D,3,14,1383,1386
1156,290,63,0.4921,0.4451,0.7428,0.2738,0.5079,,0,,0,,0,D,3,15,1446,1449
1207,302,63,0.4127,0.6105,0.7254,0.266,0.6667,1.0,5,,0,,0,D,3,16,1509,1512
1257,315,63,0.4762,0.5482,0.701,0.2543,0.5397,1.0,1,1.0,1,1.0,1,D,3,17,1572,1575
1308,327,63,0.5556,0.5833,2.1146,0.3067,0.5714,0.8333,12,1.0,3,1.0,3,D,3,18,1635,1638
1358,340,63,0.4286,0.5534,0.6665,0.2433,0.5079,0.4583,48,0.5588,34,0.5588,34,D,3,19,1698,1701
1408,353,63,0.5873,0.6205,0.9001,0.2394,0.6032,0.7308,26,0.7308,26,0.7308,26,D,3,20,1761,1764
1459,365,63,0.4444,0.4691,0.6957,0.2511,0.5714,0.5185,27,0.5882,17,0.5882,17,D,3,21,1824,1827
1509,378,63,0.5873,0.5384,0.7096,0.258,0.4762,0.5714,28,0.3077,13,0.3333,12,D,3,22,1887,1890
1560,390,63,0.5397,0.4046,2.128,0.3145,0.5556,0.55,60,0.5345,58,0.45,20,D,3,23,1950,1953
1610,403,63,0.4921,0.4798,1.0473,0.3003,0.4921,0.4909,55,0.4909,55,0.1429,7,D,3,24,2013,2016
400,101,63,0.5397,0.5306,1.8662,0.292,0.5556,0.5833,36,0.5833,36,0.5714,35,CHTR,3,0,501,504
451,113,63,0.6667,0.6179,0.9301,0.2539,0.6349,0.7111,45,0.7111,45,0.8,5,CHTR,3,1,564,567
501,126,63,0.6667,0.6653,0.857,0.2255,0.6032,0.6889,45,0.6889,45,0.6889,45,CHTR,3,2,627,630
552,138,63,0.5714,0.4807,0.735,0.2691,0.5397,0.5636,55,0.5556,54,0.5472,53,CHTR,3,3,690,693
602,151,63,0.6984,0.6576,1.5239,0.239,0.6667,0.717,53,0.7674,43,0.7826,23,CHTR,3,4,753,756
652,164,63,0.6032,0.5437,1.5826,0.2656,0.6667,0.6735,49,0.6735,49,0.6333,30,CHTR,3,5,816,819
703,176,63,0.4921,0.4819,0.7501,0.2771,0.4921,0.4921,63,0.4921,63,0.4921,63,CHTR,3,6,879,882
753,189,63,0.4444,0.3867,1.3858,0.3582,0.4444,0.4444,63,0.4444,63,0.4516,62,CHTR,3,7,942,945
804,201,63,0.381,0.4872,0.7287,0.2676,0.381,0.381,63,0.381,63,0.0,1,CHTR,3,8,1005,1008
854,214,63,0.3968,0.5,0.7016,0.2542,0.6032,,0,,0,,0,CHTR,3,9,1068,1071
904,227,63,0.5714,0.4815,0.9236,0.2561,0.4286,,0,,0,,0,CHTR,3,10,1131,1134
955,239,63,0.3333,0.4926,0.7406,0.2736,0.6667,,0,,0,,0,CHTR,3,11,1194,1197
1005,252,63,0.5397,0.6058,0.6831,0.245,0.3968,0.4524,42,0.5556,9,0.5556,9,CHTR,3,12,1257,1260
1056,264,63,0.3492,0.5455,1.4757,0.3131,0.6508,,0,,0,,0,CHTR,3,13,1320,1323
1106,277,63,0.4762,0.5171,0.7045,0.2556,0.4921,0.4833,60,0.5,38,1.0,1,CHTR,3,14,1383,1386
1156,290,63,0.4286,0.5741,0.701,0.254,0.4286,0.4286,63,1.0,4,,0,CHTR,3,15,1446,1449
1207,302,63,0.4603,0.4366,2.6155,0.3425,0.4603,0.4603,63,0.4677,62,0.3333,18,CHTR,3,16,1509,1512
1257,315,63,0.5556,0.5,0.691,0.2489,0.5556,0.5556,63,,0,,0,CHTR,3,17,1572,1575
1308,327,63,0.4444,0.5,0.703,0.2549,0.4444,0.4444,63,,0,,0,CHTR,3,18,1635,1638
1358,340,63,0.5079,0.3614,0.6948,0.2508,0.5079,0.5079,63,,0,,0,CHTR,3,19,1698,1701
1408,353,63,0.4762,0.4595,0.7031,0.255,0.5873,0.5625,32,,0,,0,CHTR,3,20,1761,1764
1459,365,63,0.4127,0.4462,0.7056,0.2562,0.3651,0.2812,32,0.2857,28,,0,CHTR,3,21,1824,1827
1509,378,63,0.4762,0.5,0.6983,0.2526,0.4762,0.4762,63,,0,,0,CHTR,3,22,1887,1890
1560,390,63,0.4921,0.5,0.6932,0.25,0.5079,,0,,0,,0,CHTR,3,23,1950,1953
1610,403,63,0.5714,0.4352,0.6917,0.2493,0.4286,,0,,0,,0,CHTR,3,24,2013,2016
400,101,63,0.5556,0.419,1.8613,0.2931,0.6349,0.6034,58,0.6034,58,0.6034,58,BIO,3,0,501,504
451,113,63,0.6825,0.4512,0.6626,0.2347,0.6825,0.6825,63,0.6667,24,0.6667,24,BIO,3,1,564,567
501,126,63,0.5873,0.5442,0.6837,0.2451,0.5873,0.5873,63,0.5873,63,0.5873,63,BIO,3,2,627,630
552,138,63,0.5556,0.5587,0.9114,0.2568,0.5556,0.5574,61,0.5574,61,0.5574,61,BIO,3,3,690,693
602,151,63,0.5873,0.3408,0.9354,0.2616,0.619,0.6066,61,0.6,60,0.5472,53,BIO,3,4,753,756
652,164,63,0.7302,0.392,0.865,0.2301,0.7143,0.7333,60,0.7037,54,0.6512,43,BIO,3,5,816,819
703,176,63,0.5079,0.4607,1.6638,0.3001,0.5556,0.5345,58,0.5345,58,0.5345,58,BIO,3,6,879,882
753,189,63,0.4286,0.5,0.7763,0.2902,0.4286,0.4286,63,0.4286,63,0.4286,63,BIO,3,7,942,945
804,201,63,0.4762,0.5,0.7117,0.2592,0.4762,0.4762,63,0.4762,63,,0,BIO,3,8,1005,1008
854,214,63,0.5714,0.555,0.6799,0.2431,0.5714,0.5714,63,0.5902,61,0.6667,12,BIO,3,9,1068,1071
904,227,63,0.3492,0.4783,0.9392,0.2639,0.3651,0.3548,62,,0,,0,BIO,3,10,1131,1134
955,239,63,0.381,0.5488,0.6884,0.2501,0.6667,0.8,5,0.8,5,0.8,5,BIO,3,11,1194,1197
1005,252,63,0.4762,0.5061,0.7016,0.2541,0.4762,0.4762,63,0.5,6,0.5,6,BIO,3,12,1257,1260
1056,264,63,0.4762,0.4229,0.7198,0.2627,0.5079,0.4915,59,0.4444,27,0.6,10,BIO,3,13,1320,1323
1106,277,63,0.5714,0.7407,0.6652,0.2364,0.3175,0.4103,39,1.0,1,1.0,1,BIO,3,14,1383,1386
1156,290,63,0.5714,0.688,0.6473,0.2277,0.6349,0.8095,21,0.8095,21,0.8095,21,BIO,3,15,1446,1449
1207,302,63,0.7143,0.7799,0.5884,0.2005,0.4603,0.7391,23,0.7391,23,0.8462,13,BIO,3,16,1509,1512
1257,315,63,0.5873,0.5338,0.6904,0.2496,0.4921,0.7273,11,0.7273,11,0.7273,11,BIO,3,17,1572,1575
1308,327,63,0.746,0.7525,0.6205,0.2151,0.4921,0.8261,23,0.8333,6,0.8333,6,BIO,3,18,1635,1638
1358,340,63,0.5238,0.5912,0.6972,0.2484,0.4921,0.5185,27,0.52,25,0.5,24,BIO,3,19,1698,1701
1408,353,63,0.3968,0.738,2.1319,0.3266,0.3016,0.3333,57,0.375,48,0.4286,35,BIO,3,20,1761,1764
1459,365,63,0.4921,0.6842,0.9084,0.2526,0.5556,0.6154,13,1.0,1,1.0,1,BIO,3,21,1824,1827
1509,378,63,0.4603,0.5792,1.2448,0.3002,0.5714,1.0,2,,0,,0,BIO,3,22,1887,1890
1560,390,63,0.5079,0.5619,0.669,0.241,0.4127,0.451,51,,0,,0,BIO,3,23,1950,1953
1610,403,63,0.4127,0.4584,0.7158,0.2611,0.4603,0.4259,54,,0,,0,BIO,3,24,2013,2016
400,101,63,0.4286,0.6296,0.692,0.25,0.4286,0.4286,63,0.4286,63,1.0,7,HOOD,3,0,501,504
451,113,63,0.4603,0.5556,0.6886,0.2563,0.6667,1.0,8,1.0,6,1.0,6,HOOD,3,1,564,567
501,126,63,0.4286,0.429,5.4284,0.4492,0.5714,0.5,26,,0,,0,HOOD,3,2,627,630
552,138,63,0.4921,0.4561,0.7057,0.2561,0.4921,0.4921,63,0.25,4,0.0,2,HOOD,3,3,690,693
602,151,63,0.6825,0.5017,0.644,0.2271,0.6825,0.6825,63,0.6731,52,1.0,1,HOOD,3,4,753,756
652,164,63,0.6032,0.5,0.6733,0.2401,0.6032,0.6032,63,0.6032,63,,0,HOOD,3,5,816,819
703,176,63,0.6508,0.5139,0.6549,0.231,0.6508,0.6508,63,0.6508,63,0.75,4,HOOD,3,6,879,882
753,189,63,0.6984,0.5,0.6181,0.2133,0.6984,0.6984,63,0.6984,63,0.6984,63,HOOD,3,7,942,945
804,201,63,0.4921,0.4569,1.2395,0.302,0.5397,0.5172,58,0.5172,58,0.5172,58,HOOD,3,8,1005,1008
854,214,63,0.4286,0.5,0.7439,0.275,0.4286,0.4286,63,0.4286,63,0.4286,63,HOOD,3,9,1068,1071
400,101,63,0.5079,0.6547,0.6837,0.2453,0.6032,0.8889,9,0.875,8,0.6667,3,PINS,3,0,501,504
451,113,63,0.5238,0.5492,1.4017,0.2798,0.4603,0.4878,41,0.4878,41,0.5,40,PINS,3,1,564,567
501,126,63,0.3492,0.4966,0.9028,0.3481,0.3333,0.3214,56,0.3214,56,0.3214,56,PINS,3,2,627,630
552,138,63,0.5397,0.4604,0.7507,0.275,0.4603,,0,,0,,0,PINS,3,3,690,693
602,151,63,0.4762,0.5499,0.7009,0.2596,0.5873,0.8333,6,1.0,5,1.0,5,PINS,3,4,753,756
652,164,63,0.4286,0.4879,3.2331,0.3396,0.4921,0.4286,35,0.4286,35,0.5417,24,PINS,3,5,816,819
703,176,63,0.6032,0.6354,0.6903,0.2486,0.4762,0.6923,13,1.0,1,,0,PINS,3,6,879,882
753,189,63,0.5714,0.5477,1.4058,0.2788,0.5397,0.5636,55,0.5833,24,0.5,6,PINS,3,7,942,945
804,201,63,0.4762,0.6216,1.8318,0.2845,0.6032,1.0,5,1.0,4,,0,PINS,3,8,1005,1008
854,214,63,0.5714,0.4907,0.7246,0.2635,0.5714,0.5714,63,0.5455,11,0.2,5,PINS,3,9,1068,1071
904,227,63,0.5397,0.5892,0.6919,0.2483,0.5397,0.5397,63,0.5574,61,0.6667,24,PINS,3,10,1131,1134
955,239,63,0.5238,0.3374,0.7382,0.2713,0.5238,0.5246,61,0.5254,59,0.25,16,PINS,3,11,1194,1197
1005,252,63,0.3968,0.4324,0.7523,0.2785,0.4127,0.4,60,0.3898,59,,0,PINS,3,12,1257,1260
1056,264,63,0.4444,0.4743,0.6973,0.2521,0.5079,0.3636,11,1.0,1,1.0,1,PINS,3,13,1320,1323
1106,277,63,0.5873,0.5249,0.9155,0.255,0.5873,0.6,55,,0,,0,PINS,3,14,1383,1386
1156,290,63,0.6032,0.5,0.6896,0.2482,0.3968,,0,,0,,0,PINS,3,15,1446,1449
1207,302,63,0.3175,0.5517,1.1508,0.2652,0.6825,,0,,0,,0,PINS,3,16,1509,1512
1257,315,63,0.5079,0.4883,0.6943,0.2506,0.4603,0.4167,12,0.5,10,,0,PINS,3,17,1572,1575
1308,327,63,0.4286,0.6399,1.1697,0.2752,0.4286,0.4286,63,0.5122,41,0.5122,41,PINS,3,18,1635,1638
1358,340,63,0.5079,0.495,1.9202,0.3163,0.5079,0.5079,63,0.4783,23,0.4783,23,PINS,3,19,1698,1701
400,101,63,0.4603,0.4853,0.7626,0.2842,0.6349,0.6154,26,0.0,1,,0,MDB,3,0,501,504
451,113,63,0.6667,0.5872,0.8793,0.2359,0.6825,0.6833,60,0.6833,60,1.0,1,MDB,3,1,564,567
501,126,63,0.5238,0.3753,0.7545,0.2783,0.5238,0.5238,63,0.5238,63,0.5238,63,MDB,3,2,627,630
552,138,63,0.4286,0.5,0.7018,0.2539,0.6508,0.6471,17,0.625,16,0.625,16,MDB,3,3,690,693
602,151,63,0.4603,0.4757,0.7186,0.2623,0.4603,0.4603,63,0.3333,6,0.3333,6,MDB,3,4,753,756
652,164,63,0.619,0.5652,0.6566,0.232,0.619,0.619,63,0.6429,56,0.6545,55,MDB,3,5,816,819
703,176,63,0.5714,0.5768,0.9183,0.2531,0.6032,0.5902,61,0.7083,24,0.7333,15,MDB,3,6,879,882
753,189,63,0.4921,0.5224,0.7275,0.2664,0.4444,0.4333,30,0.4333,30,0.4333,30,MDB,3,7,942,945
804,201,63,0.4921,0.4429,0.7139,0.2602,0.4762,0.4833,60,0.425,40,,0,MDB,3,8,1005,1008
854,214,63,0.5397,0.4643,0.7059,0.2563,0.5556,0.56,50,0.5,26,0.7143,7,MDB,3,9,1068,1071
904,227,63,0.4444,0.5296,1.1401,0.2614,0.4444,0.4426,61,0.6667,6,0.6667,6,MDB,3,10,1131,1134
955,239,63,0.4921,0.4513,0.8029,0.2841,0.5397,0.5167,60,0.4667,30,0.48,25,MDB,3,11,1194,1197
1005,252,63,0.4286,0.317,0.7348,0.2705,0.5079,0.4655,58,0.2778,18,0.2778,18,MDB,3,12,1257,1260
1056,264,63,0.5873,0.6678,2.3213,0.3136,0.6667,0.7857,28,,0,,0,MDB,3,13,1320,1323
1106,277,63,0.4762,0.6,0.6763,0.2425,0.4444,0.459,61,0.5833,24,,0,MDB,3,14,1383,1386
1156,290,63,0.4286,0.381,0.7354,0.2707,0.6984,0.6111,36,0.6111,36,,0,MDB,3,15,1446,1449
1207,302,63,0.381,0.5102,0.7728,0.2891,0.3333,0.3393,56,0.3393,56,0.3273,55,MDB,3,16,1509,1512
1257,315,63,0.4127,0.4511,0.7523,0.2791,0.4127,0.4127,63,0.4127,63,0.4127,63,MDB,3,17,1572,1575
1308,327,63,0.4444,0.6347,0.7108,0.2588,0.4444,0.4444,63,0.5208,48,,0,MDB,3,18,1635,1638
1358,340,63,0.4762,0.4194,0.7032,0.255,0.5397,0.5116,43,,0,,0,MDB,3,19,1698,1701
1408,353,63,0.4762,0.5273,1.1042,0.2495,0.5238,0.5,34,0.5,34,0.8,10,MDB,3,20,1761,1764
1459,365,63,0.5238,0.5601,0.6812,0.2445,0.5238,0.8,5,0.8,5,0.8,5,MDB,3,21,1824,1827
1509,378,63,0.3651,0.4024,0.7264,0.2665,0.6508,0.5263,19,,0,,0,MDB,3,22,1887,1890
1560,390,63,0.5397,0.5717,5.4808,0.3951,0.4762,0.6667,3,,0,,0,MDB,3,23,1950,1953
1610,403,63,0.5556,0.5429,0.6855,0.2462,0.5556,0.5556,63,,0,,0,MDB,3,24,2013,2016
400,101,63,0.6032,0.5969,0.6823,0.2446,0.5556,0.5926,54,,0,,0,RKLB,3,0,501,504
451,113,63,0.5238,0.5216,1.3793,0.2694,0.4286,0.4444,27,0.5882,17,0.5,2,RKLB,3,1,564,567
501,126,63,0.6032,0.6138,0.6759,0.2345,0.619,0.75,28,0.75,28,0.75,28,RKLB,3,2,627,630
552,138,63,0.4603,0.4959,2.6682,0.3531,0.5714,1.0,2,1.0,2,1.0,2,RKLB,3,3,690,693
602,151,63,0.3016,0.375,0.768,0.2861,0.6984,,0,,0,,0,RKLB,3,4,753,756
652,164,63,0.3492,0.5227,0.7844,0.2948,0.3492,0.3492,63,0.3492,63,0.3492,63,RKLB,3,5,816,819
703,176,63,0.619,0.525,0.9146,0.2516,0.6349,0.629,62,1.0,3,,0,RKLB,3,6,879,882
753,189,63,0.5238,0.4048,0.7218,0.2638,0.5714,0.5536,56,0.4286,21,,0,RKLB,3,7,942,945
804,201,63,0.4921,0.5152,0.6916,0.2495,0.4762,0.4839,62,,0,,0,RKLB,3,8,1005,1008
854,214,63,0.5556,0.6415,0.6628,0.2354,0.4286,0.4898,49,0.4898,49,,0,RKLB,3,9,1068,1071
400,101,63,0.5079,0.4435,0.7018,0.2543,0.5079,0.5079,63,0.4571,35,,0,STLA,3,0,501,504
451,113,63,0.5079,0.5156,0.6928,0.2498,0.4921,,0,,0,,0,STLA,3,1,564,567
501,126,63,0.5714,0.6047,0.6933,0.25,0.6032,0.7037,27,0.6667,15,0.6667,15,STLA,3,2,627,630
552,138,63,0.4127,0.6121,3.278,0.3581,0.6032,1.0,1,1.0,1,,0,STLA,3,3,690,693
602,151,63,0.4127,0.4037,0.7769,0.289,0.4921,0.44,50,0.4444,45,0.3939,33,STLA,3,4,753,756
652,164,63,0.3651,0.4551,0.8774,0.3362,0.3492,0.3448,58,0.3448,58,0.3519,54,STLA,3,5,816,819
703,176,63,0.5397,0.5,0.69,0.2484,0.4603,,0,,0,,0,STLA,3,6,879,882
753,189,63,0.4762,0.448,0.7118,0.2593,0.5238,,0,,0,,0,STLA,3,7,942,945
804,201,63,0.5238,0.4563,0.6827,0.2448,0.3968,0.0,5,,0,,0,STLA,3,8,1005,1008
854,214,63,0.4286,0.4047,0.7065,0.2566,0.4603,0.2308,13,,0,,0,STLA,3,9,1068,1071
904,227,63,0.4762,0.5,0.6938,0.2503,0.5238,,0,,0,,0,STLA,3,10,1131,1134
955,239,63,0.5238,0.5,0.6926,0.2497,0.4762,,0,,0,,0,STLA,3,11,1194,1197
1005,252,63,0.4127,0.3369,0.7475,0.2758,0.4762,0.1818,11,0.2,10,,0,STLA,3,12,1257,1260
400,101,63,0.6032,0.5679,0.7211,0.2585,0.5714,0.6,55,0.6111,54,0.6111,54,FIG,3,0,501,504
451,113,63,0.4603,0.4875,1.2391,0.3018,0.4127,0.413,46,0.4286,35,0.4286,35,FIG,3,1,564,567
501,126,63,0.5079,0.5262,0.6959,0.2514,0.5079,0.5294,17,0.0,1,,0,FIG,3,2,627,630
552,138,63,0.6508,0.5965,0.681,0.2439,0.4762,0.6818,22,,0,,0,FIG,3,3,690,693
602,151,63,0.3333,0.4352,0.7324,0.2664,0.2857,0.2391,46,0.3333,6,0.3333,6,FIG,3,4,753,756
652,164,63,0.4762,0.4601,4.4229,0.3887,0.5238,0.5,36,0.5,36,0.5,36,FIG,3,5,816,819
703,176,63,0.6825,0.6759,1.5594,0.2578,0.4286,0.64,25,0.64,25,0.5556,18,FIG,3,6,879,882
400,101,63,0.5238,0.5,0.694,0.2504,0.4762,,0,,0,,0,AMC,3,0,501,504
451,113,63,0.4762,0.4394,0.8931,0.3182,0.4762,0.0,3,0.0,3,0.0,3,AMC,3,1,564,567
501,126,63,0.5873,0.4714,2.5471,0.3192,0.4127,,0,,0,,0,AMC,3,2,627,630
552,138,63,0.5238,0.5237,0.7384,0.2597,0.4921,0.5294,17,0.5556,9,0.5556,9,AMC,3,3,690,693
602,151,63,0.5079,0.5559,0.6931,0.25,0.4921,,0,,0,,0,AMC,3,4,753,756
652,164,63,0.4762,0.4429,0.7401,0.271,0.5238,0.5,2,,0,,0,AMC,3,5,816,819
703,176,63,0.5556,0.5766,0.6484,0.2325,0.4921,0.5254,59,1.0,1,1.0,1,AMC,3,6,879,882
753,189,63,0.4127,0.3631,0.7246,0.2655,0.3492,0.1053,19,0.1818,11,0.1818,11,AMC,3,7,942,945
804,201,63,0.6825,0.6898,0.6628,0.2349,0.4286,0.6061,33,0.6061,33,,0,AMC,3,8,1005,1008
854,214,63,0.3333,0.3369,0.9212,0.3491,0.5238,0.3333,27,0.2917,24,0.2941,17,AMC,3,9,1068,1071
904,227,63,0.6349,0.3837,0.6845,0.2456,0.3651,,0,,0,,0,AMC,3,10,1131,1134
955,239,63,0.5556,0.6316,1.1274,0.2542,0.4444,,0,,0,,0,AMC,3,11,1194,1197
1005,252,63,0.4762,0.4821,1.2175,0.2951,0.5556,0.5714,14,,0,,0,AMC,3,12,1257,1260
1056,264,63,0.5556,0.4917,0.6738,0.2419,0.4127,0.25,4,,0,,0,AMC,3,13,1320,1323
1106,277,63,0.6032,0.6109,0.7055,0.2538,0.4921,0.56,50,0.5625,48,0.5625,48,AMC,3,14,1383,1386
1156,290,63,0.2857,0.5851,0.8022,0.3037,0.254,0.2623,61,0.2623,61,0.2909,55,AMC,3,15,1446,1449
1207,302,63,0.5714,0.4815,0.689,0.2479,0.4286,,0,,0,,0,AMC,3,16,1509,1512
1257,315,63,0.5556,0.426,0.7153,0.2602,0.4444,,0,,0,,0,AMC,3,17,1572,1575
1308,327,63,0.5873,0.4964,0.6785,0.2427,0.4127,,0,,0,,0,AMC,3,18,1635,1638
1358,340,63,0.6349,0.4696,0.6616,0.2343,0.3651,,0,,0,,0,AMC,3,19,1698,1701
1408,353,63,0.6032,0.3905,0.6996,0.2523,0.3968,,0,,0,,0,AMC,3,20,1761,1764
1459,365,63,0.5556,0.598,0.6657,0.241,0.4444,,0,,0,,0,AMC,3,21,1824,1827
1509,378,63,0.5873,0.5582,1.3679,0.2612,0.4127,,0,,0,,0,AMC,3,22,1887,1890
1560,390,63,0.5079,0.5243,1.4138,0.2826,0.2698,0.2941,34,0.0,4,0.0,4,AMC,3,23,1950,1953
1610,403,63,0.6349,0.4804,0.6645,0.2357,0.3651,,0,,0,,0,AMC,3,24,2013,2016
