n_train,n_calib,n_test,accuracy,roc_auc,log_loss,brier,pos_rate,buy_hit_50,buy_n_50,buy_hit_55,buy_n_55,buy_hit_60,buy_n_60,ticker,horizon,fold,train_end_idx,test_start_idx
399,100,63,0.5556,0.6464,1.4345,0.3023,0.5556,0.5556,63,0.5556,63,0.5556,63,AAPL,5,0,499,504
449,113,63,0.7937,0.2854,0.6439,0.2252,0.7937,0.7937,63,0.7209,43,0.725,40,AAPL,5,1,562,567
500,125,63,0.5238,0.3985,0.7339,0.2691,0.5238,0.5238,63,0.5238,63,0.5238,63,AAPL,5,2,625,630
550,138,63,0.6349,0.4723,0.6657,0.2352,0.6349,0.6349,63,0.6349,63,0.6667,45,AAPL,5,3,688,693
600,151,63,0.4444,0.3889,0.7593,0.2818,0.4603,0.25,12,0.25,12,0.2727,11,AAPL,5,4,751,756
651,163,63,0.6349,0.5035,0.7254,0.2654,0.6825,0.7,50,,0,,0,AAPL,5,5,814,819
701,176,63,0.5873,0.5135,0.6802,0.2436,0.5873,0.5873,63,1.0,1,,0,AAPL,5,6,877,882
752,188,63,0.6032,0.39,0.7384,0.2685,0.619,0.6129,62,0.6129,62,0.5,28,AAPL,5,7,940,945
802,201,63,0.3016,0.4737,0.8238,0.3138,0.3016,0.3016,63,0.3016,63,0.2903,62,AAPL,5,8,1003,1008
852,214,63,0.6825,0.7282,0.7716,0.2016,0.5873,0.7742,31,0.7742,31,0.7742,31,AAPL,5,9,1066,1071
903,226,63,0.5238,0.4583,0.717,0.2613,0.381,0.25,12,0.25,12,0.25,12,AAPL,5,10,1129,1134
953,239,63,0.5079,0.5806,1.4331,0.2892,0.5556,0.54,50,0.6047,43,0.6047,43,AAPL,5,11,1192,1197
1004,251,63,0.5873,0.5715,0.9329,0.2509,0.6825,0.7429,35,0.7273,33,0.7273,33,AAPL,5,12,1255,1260
1054,264,63,0.619,0.6519,0.6223,0.2178,0.6984,0.8846,26,0.8696,23,0.8696,23,AAPL,5,13,1318,1323
1104,277,63,0.5873,0.6315,0.7077,0.2545,0.4127,0.5,34,0.5,34,0.5185,27,AAPL,5,14,1381,1386
1155,289,63,0.5397,0.53,0.7305,0.2626,0.6032,0.6154,39,0.6538,26,0.6538,26,AAPL,5,15,1444,1449
1205,302,63,0.619,0.6541,0.6568,0.2332,0.4444,0.5417,48,0.5417,48,0.5417,48,AAPL,5,16,1507,1512
1256,314,63,0.619,0.6195,0.9099,0.2499,0.6032,0.7188,32,0.6,15,0.6,15,AAPL,5,17,1570,1575
1306,327,63,0.4444,0.3301,6.4372,0.5048,0.5556,,0,,0,,0,AAPL,5,18,1633,1638
1356,340,63,0.4127,0.6019,0.6941,0.2506,0.5873,,0,,0,,0,AAPL,5,19,1696,1701
1407,352,63,0.6032,0.6106,0.6721,0.2409,0.4762,0.5758,33,,0,,0,AAPL,5,20,1759,1764
1457,365,63,0.5397,0.5,0.69,0.2484,0.5397,0.5397,63,,0,,0,AAPL,5,21,1822,1827
1508,377,63,0.5873,0.4395,1.4408,0.2961,0.7143,0.6863,51,,0,,0,AAPL,5,22,1885,1890
1558,390,63,0.4127,0.6149,0.6938,0.2504,0.4127,0.4127,63,1.0,2,1.0,2,AAPL,5,23,1948,1953
1608,403,63,0.6984,0.6325,0.6743,0.2406,0.5873,0.6667,54,0.6471,17,0.6154,13,AAPL,5,24,2011,2016
399,100,63,0.5714,0.6079,2.156,0.3298,0.6032,0.6897,29,1.0,1,1.0,1,ABNB,5,0,499,504
449,113,63,0.5397,0.6099,2.624,0.3486,0.7143,0.7667,30,1.0,1,,0,ABNB,5,1,562,567
500,125,63,0.4127,0.5898,0.9977,0.2931,0.4603,0.431,58,0.4286,56,0.4259,54,ABNB,5,2,625,630
550,138,63,0.5397,0.4823,2.544,0.3146,0.5397,0.541,61,0.541,61,0.541,61,ABNB,5,3,688,693
600,151,63,0.6349,0.5565,0.667,0.2371,0.6349,0.6349,63,0.7857,14,0.7857,14,ABNB,5,4,751,756
651,163,63,0.5397,0.5531,0.6914,0.2487,0.5556,0.55,60,0.6538,26,0.6538,26,ABNB,5,5,814,819
701,176,63,0.5079,0.5101,2.325,0.3699,0.5079,0.5079,63,0.5079,63,0.5079,63,ABNB,5,6,877,882
752,188,63,0.5079,0.4924,0.7076,0.257,0.5238,0.5192,52,0.5192,52,0.5192,52,ABNB,5,7,940,945
802,201,63,0.3968,0.4916,1.1805,0.2785,0.3968,0.3898,59,0.3929,56,,0,ABNB,5,8,1003,1008
852,214,63,0.746,0.6394,0.6729,0.2399,0.6984,0.7593,54,,0,,0,ABNB,5,9,1066,1071
903,226,63,0.3968,0.4868,0.756,0.279,0.3968,0.3968,63,0.3968,63,0.0,1,ABNB,5,10,1129,1134
953,239,63,0.5873,0.5,0.6931,0.25,0.5873,0.5873,63,,0,,0,ABNB,5,11,1192,1197
1004,251,63,0.5238,0.4533,0.7022,0.2544,0.5397,0.5333,60,0.4737,19,,0,ABNB,5,12,1255,1260
399,100,63,0.5397,0.5504,0.696,0.2508,0.5079,0.6,15,0.6,15,0.6,15,ABT,5,0,499,504
449,113,63,0.6825,0.6142,0.6648,0.2371,0.6508,0.6981,53,1.0,2,1.0,2,ABT,5,1,562,567
500,125,63,0.5397,0.5444,0.6863,0.2467,0.5556,0.6,30,0.5926,27,1.0,1,ABT,5,2,625,630
550,138,63,0.6667,0.6652,0.8679,0.2307,0.6349,0.661,59,1.0,10,1.0,10,ABT,5,3,688,693
600,151,63,0.5714,0.6225,0.8978,0.2471,0.5079,0.5806,31,0.5806,31,0.5806,31,ABT,5,4,751,756
651,163,63,0.6984,0.5341,0.6508,0.2291,0.6984,0.6984,63,0.66,50,0.66,50,ABT,5,5,814,819
701,176,63,0.5238,0.3935,2.1886,0.3374,0.5714,0.5625,48,0.5745,47,0.5745,47,ABT,5,6,877,882
752,188,63,0.5238,0.4929,0.7186,0.2614,0.5238,0.5294,51,0.5217,23,0.5217,23,ABT,5,7,940,945
802,201,63,0.3651,0.6766,0.7461,0.2759,0.3651,0.3651,63,0.3651,63,0.5455,22,ABT,5,8,1003,1008
852,214,63,0.5238,0.5455,0.6976,0.2522,0.5238,0.5238,63,0.5238,63,,0,ABT,5,9,1066,1071
903,226,63,0.4603,0.6626,0.6862,0.2466,0.4286,0.4426,61,1.0,1,1.0,1,ABT,5,10,1129,1134
953,239,63,0.4762,0.6699,0.6924,0.2499,0.6984,1.0,11,1.0,7,1.0,7,ABT,5,11,1192,1197
1004,251,63,0.4762,0.5327,1.7784,0.3464,0.4444,0.4561,57,0.4694,49,0.4694,49,ABT,5,12,1255,1260
1054,264,63,0.5079,0.6154,0.728,0.267,0.381,0.4364,55,0.4364,55,0.4364,55,ABT,5,13,1318,1323
1104,277,63,0.3651,0.6319,0.7231,0.265,0.3492,0.3548,62,0.4043,47,,0,ABT,5,14,1381,1386
1155,289,63,0.254,0.5911,0.9066,0.3386,0.7778,1.0,2,,0,,0,ABT,5,15,1444,1449
1205,302,63,0.5238,0.4938,0.6918,0.2493,0.4286,0.4286,21,,0,,0,ABT,5,16,1507,1512
1256,314,63,0.6984,0.7344,0.668,0.2375,0.4921,1.0,12,,0,,0,ABT,5,17,1570,1575
1306,327,63,0.3333,0.4457,0.7975,0.301,0.6508,0.3333,3,,0,,0,ABT,5,18,1633,1638
1356,340,63,0.5079,0.5,0.6937,0.2503,0.4921,,0,,0,,0,ABT,5,19,1696,1701
1407,352,63,0.5397,0.4847,1.1561,0.2648,0.5556,0.55,60,1.0,4,1.0,4,ABT,5,20,1759,1764
1457,365,63,0.5397,0.5243,0.6838,0.2455,0.5397,0.5397,63,0.56,25,0.6842,19,ABT,5,21,1822,1827
1508,377,63,0.4127,0.3954,0.8055,0.2962,0.4444,0.4043,47,0.125,8,0.125,8,ABT,5,22,1885,1890
1558,390,63,0.6825,0.6582,0.6648,0.2359,0.4603,0.8462,13,0.8182,11,,0,ABT,5,23,1948,1953
1608,403,63,0.2063,0.5169,0.8225,0.3131,0.2063,0.2063,63,0.2097,62,0.2222,18,ABT,5,24,2011,2016
399,100,63,0.4762,0.5,0.8782,0.33,0.4762,0.4762,63,0.4762,63,0.4762,63,ADSK,5,0,499,504
449,113,63,0.6508,0.5,0.6539,0.2302,0.6508,0.6508,63,0.6508,63,0.6508,63,ADSK,5,1,562,567
500,125,63,0.6349,0.6537,0.6831,0.244,0.4603,0.575,40,0.575,40,0.575,40,ADSK,5,2,625,630
550,138,63,0.6825,0.5884,0.6295,0.2187,0.6825,0.6825,63,0.6825,63,0.7273,55,ADSK,5,3,688,693
600,151,63,0.5397,0.4587,1.934,0.325,0.4444,0.4615,13,0.4615,13,0.4615,13,ADSK,5,4,751,756
651,163,63,0.4921,0.4174,0.751,0.2772,0.6349,0.587,46,0.5682,44,0.5682,44,ADSK,5,5,814,819
701,176,63,0.6667,0.7221,1.0437,0.2212,0.5397,0.6226,53,0.6226,53,0.6226,53,ADSK,5,6,877,882
752,188,63,0.4127,0.4091,0.8104,0.3045,0.5238,0.4615,52,0.4706,51,0.4706,51,ADSK,5,7,940,945
802,201,63,0.381,0.5516,0.7195,0.2632,0.3968,0.3833,60,0.5789,19,,0,ADSK,5,8,1003,1008
852,214,63,0.5714,0.7023,0.6519,0.23,0.5397,0.5574,61,0.7778,18,0.7647,17,ADSK,5,9,1066,1071
903,226,63,0.4921,0.5222,0.7416,0.2714,0.5079,0.5,42,0.5,42,0.5,42,ADSK,5,10,1129,1134
953,239,63,0.5714,0.5499,0.9549,0.2693,0.5079,0.5926,27,0.6154,26,0.6154,26,ADSK,5,11,1192,1197
1004,251,63,0.6032,0.6255,0.6471,0.231,0.4286,0.5333,30,0.5714,21,0.5714,21,ADSK,5,12,1255,1260
1054,264,63,0.5873,0.7051,0.6572,0.2308,0.5079,0.5714,42,0.85,20,0.85,20,ADSK,5,13,1318,1323
1104,277,63,0.5714,0.5817,0.6787,0.2429,0.4921,0.7,10,0.7,10,0.7,10,ADSK,5,14,1381,1386
1155,289,63,0.381,0.5554,0.7849,0.2947,0.7937,0.9231,13,0.9231,13,1.0,2,ADSK,5,15,1444,1449
1205,302,63,0.6667,0.516,0.7532,0.2672,0.381,0.6667,9,0.6667,9,0.625,8,ADSK,5,16,1507,1512
1256,314,63,0.381,0.3112,0.78,0.2929,0.5556,0.4,20,0.4,20,0.4,20,ADSK,5,17,1570,1575
1306,327,63,0.3968,0.4361,0.6943,0.2506,0.7619,0.6923,26,0.7273,22,,0,ADSK,5,18,1633,1638
1356,340,63,0.4921,0.4703,0.7073,0.2569,0.4921,0.4921,63,0.375,8,0.375,8,ADSK,5,19,1696,1701
1407,352,63,0.4603,0.4189,0.7677,0.2859,0.4603,0.4603,63,0.3611,36,0.3611,36,ADSK,5,20,1759,1764
1457,365,63,0.5556,0.4745,0.6974,0.2518,0.5556,0.5556,63,0.5417,24,0.3333,6,ADSK,5,21,1822,1827
1508,377,63,0.4921,0.5005,0.7031,0.2541,0.4921,0.4921,63,0.5,2,0.5,2,ADSK,5,22,1885,1890
1558,390,63,0.3651,0.6761,0.6956,0.2512,0.3651,0.3651,63,0.5,36,0.6667,3,ADSK,5,23,1948,1953
1608,403,63,0.4286,0.5702,0.6589,0.2407,0.4127,0.4194,62,0.5455,11,0.5455,11,ADSK,5,24,2011,2016
399,100,63,0.4286,0.3585,6.9139,0.5392,0.4286,0.4286,63,0.3396,53,0.3396,53,AI,5,0,499,504
449,113,63,0.5079,0.4938,2.8164,0.3383,0.4127,0.4194,31,0.4,25,0.4167,24,AI,5,1,562,567
500,125,63,0.5714,0.4126,0.6881,0.2474,0.4286,,0,,0,,0,AI,5,2,625,630
550,138,63,0.619,0.2991,2.4752,0.3511,0.381,,0,,0,,0,AI,5,3,688,693
600,151,63,0.6349,0.6699,0.6628,0.235,0.4603,0.5833,36,,0,,0,AI,5,4,751,756
651,163,63,0.4603,0.4913,2.3722,0.3273,0.4444,0.125,8,0.125,8,0.125,8,AI,5,5,814,819
701,176,63,0.619,0.6186,0.9024,0.2457,0.381,,0,,0,,0,AI,5,6,877,882
752,188,63,0.3333,0.6009,0.7025,0.2549,0.3333,0.3279,61,,0,,0,AI,5,7,940,945
802,201,63,0.5397,0.5172,0.9258,0.2589,0.4127,0.2,5,0.2,5,0.0,2,AI,5,8,1003,1008
852,214,63,0.5556,0.5806,0.6807,0.2445,0.4921,0.8,5,0.8,5,0.8,5,AI,5,9,1066,1071
903,226,63,0.5397,0.6232,0.6446,0.2274,0.4762,0.5556,9,1.0,5,1.0,5,AI,5,10,1129,1134
953,239,63,0.4603,0.5499,0.7865,0.2935,0.6508,0.8889,9,,0,,0,AI,5,11,1192,1197
1004,251,63,0.6667,0.449,0.6776,0.242,0.6667,0.6667,63,0.6316,38,0.6071,28,AI,5,12,1255,1260
1054,264,63,0.3492,0.5576,0.7991,0.3015,0.3492,0.3492,63,0.35,60,0.3947,38,AI,5,13,1318,1323
1104,277,63,0.3968,0.4667,0.695,0.2514,0.5238,0.4468,47,,0,,0,AI,5,14,1381,1386
1155,289,63,0.6667,0.5625,0.6731,0.2405,0.381,1.0,3,1.0,2,1.0,2,AI,5,15,1444,1449
1205,302,63,0.4286,0.4219,0.7012,0.254,0.4921,0.0,5,,0,,0,AI,5,16,1507,1512
1256,314,63,0.4921,0.4582,1.2125,0.2907,0.4444,0.4333,30,0.2941,17,0.2857,14,AI,5,17,1570,1575
1306,327,63,0.3968,0.4342,1.9475,0.3307,0.6032,,0,,0,,0,AI,5,18,1633,1638
1356,340,63,0.5873,0.5793,0.6785,0.2427,0.3651,0.4545,33,0.4545,33,,0,AI,5,19,1696,1701
1407,352,63,0.6032,0.7037,0.643,0.2263,0.4127,1.0,1,1.0,1,1.0,1,AI,5,20,1759,1764
1457,365,63,0.6508,0.5662,0.9168,0.2512,0.4762,0.9,10,0.9,10,1.0,8,AI,5,21,1822,1827
1508,377,63,0.6349,0.5978,0.6668,0.2369,0.3651,,0,,0,,0,AI,5,22,1885,1890
1558,390,63,0.4921,0.4621,6.4176,0.5026,0.2222,0.2,30,0.2,30,0.2,30,AI,5,23,1948,1953
399,100,63,0.381,0.549,7.7668,0.5405,0.3016,0.3,50,0.3191,47,0.3191,47,ALK,5,0,499,504
449,113,63,0.5714,0.5644,1.168,0.2722,0.4603,0.6,10,0.5556,9,0.5556,9,ALK,5,1,562,567
500,125,63,0.5079,0.5632,1.4858,0.3192,0.6508,0.75,20,0.6667,12,0.6364,11,ALK,5,2,625,630
550,138,63,0.5397,0.6848,0.6435,0.2259,0.6667,0.8824,17,0.9375,16,0.9333,15,ALK,5,3,688,693
600,151,63,0.5714,0.711,1.8304,0.2825,0.5873,0.8571,14,0.75,4,0.75,4,ALK,5,4,751,756
651,163,63,0.3968,0.5552,1.325,0.3421,0.3175,0.3393,56,0.3396,53,0.3396,53,ALK,5,5,814,819
701,176,63,0.5079,0.6381,0.7049,0.2558,0.5079,0.5079,63,0.5079,63,0.5952,42,ALK,5,6,877,882
752,188,63,0.5397,0.6991,2.6601,0.2835,0.4921,0.5167,60,0.5294,51,0.6389,36,ALK,5,7,940,945
802,201,63,0.5873,0.623,0.6746,0.2407,0.4921,0.5862,29,,0,,0,ALK,5,8,1003,1008
852,214,63,0.381,0.3266,1.9545,0.3375,0.6349,0.5143,35,0.5143,35,0.5143,35,ALK,5,9,1066,1071
903,226,63,0.5556,0.5849,0.6703,0.2429,0.5714,0.5833,48,0.5745,47,0.5745,47,ALK,5,10,1129,1134
953,239,63,0.4762,0.3958,2.8527,0.3543,0.619,0.5714,42,0.5,14,0.5,14,ALK,5,11,1192,1197
1004,251,63,0.5556,0.5463,0.6949,0.2547,0.3968,0.4694,49,0.4694,49,0.4694,49,ALK,5,12,1255,1260
1054,264,63,0.5556,0.589,0.6781,0.2426,0.5714,0.625,32,0.6364,11,0.75,4,ALK,5,13,1318,1323
1104,277,63,0.0635,0.3644,4.697,0.5052,0.0635,0.0635,63,0.0635,63,0.0,16,ALK,5,14,1381,1386
1155,289,63,0.4603,0.5278,0.716,0.2613,0.5714,1.0,2,1.0,2,,0,ALK,5,15,1444,1449
1205,302,63,0.381,0.5,0.7273,0.267,0.619,,0,,0,,0,ALK,5,16,1507,1512
1256,314,63,0.6349,0.5,0.6746,0.2408,0.3651,,0,,0,,0,ALK,5,17,1570,1575
1306,327,63,0.2063,0.4991,0.9732,0.2853,0.8254,0.75,4,0.75,4,0.75,4,ALK,5,18,1633,1638
1356,340,63,0.2381,0.5,0.8458,0.3248,0.7619,,0,,0,,0,ALK,5,19,1696,1701
1407,352,63,0.3651,0.5771,0.7121,0.2624,0.3333,0.3443,61,0.3443,61,,0,ALK,5,20,1759,1764
1457,365,63,0.5873,0.4595,0.6826,0.2447,0.5873,0.5873,63,0.5738,61,,0,ALK,5,21,1822,1827
1508,377,63,0.4444,0.5478,0.7179,0.2622,0.4286,0.4333,60,0.4706,34,,0,ALK,5,22,1885,1890
1558,390,63,0.6508,0.5006,0.6927,0.2474,0.6508,0.6508,63,0.6852,54,0.5714,14,ALK,5,23,1948,1953
1608,403,63,0.3492,0.6336,0.7648,0.2852,0.3492,0.3492,63,0.3492,63,0.4688,32,ALK,5,24,2011,2016
399,100,63,0.5714,0.5667,2.2972,0.3047,0.4762,0.5349,43,0.5238,42,0.5238,42,AMD,5,0,499,504
449,113,63,0.3016,0.5323,4.9732,0.4396,0.6984,,0,,0,,0,AMD,5,1,562,567
500,125,63,0.4921,0.5393,1.6267,0.2863,0.4921,0.4915,59,0.4915,59,0.5556,18,AMD,5,2,625,630
550,138,63,0.619,0.5,0.6677,0.2374,0.619,0.619,63,0.619,63,,0,AMD,5,3,688,693
600,151,63,0.3968,0.4789,0.8113,0.3032,0.3968,0.3968,63,0.4286,42,0.4286,42,AMD,5,4,751,756
651,163,63,0.5238,0.4605,0.9711,0.279,0.6984,0.6842,38,,0,,0,AMD,5,5,814,819
701,176,63,0.6032,0.4745,0.9024,0.2475,0.5873,0.6,60,0.5652,46,,0,AMD,5,6,877,882
752,188,63,0.4921,0.5112,0.7123,0.2595,0.4603,0.4746,59,0.4655,58,,0,AMD,5,7,940,945
802,201,63,0.3968,0.4931,0.7132,0.2608,0.381,0.3793,58,0.3529,17,0.3529,17,AMD,5,8,1003,1008
852,214,63,0.5556,0.5733,1.5568,0.2596,0.5873,0.6047,43,0.6818,22,0.6818,22,AMD,5,9,1066,1071
903,226,63,0.4603,0.3864,1.2248,0.2972,0.3016,0.1053,19,0.1053,19,0.1053,19,AMD,5,10,1129,1134
953,239,63,0.4127,0.3815,3.5766,0.3908,0.5873,,0,,0,,0,AMD,5,11,1192,1197
1004,251,63,0.5079,0.5444,1.156,0.2663,0.4921,,0,,0,,0,AMD,5,12,1255,1260
1054,264,63,0.3492,0.5692,1.4109,0.2876,0.6667,1.0,1,,0,,0,AMD,5,13,1318,1323
1104,277,63,0.5714,0.5545,0.6606,0.2341,0.381,0.2857,7,,0,,0,AMD,5,14,1381,1386
1155,289,63,0.5556,0.3696,1.0077,0.2937,0.7302,0.6731,52,0.6667,51,,0,AMD,5,15,1444,1449
1205,302,63,0.5873,0.4868,0.6866,0.2467,0.3968,0.0,1,0.0,1,0.0,1,AMD,5,16,1507,1512
1256,314,63,0.5397,0.5207,0.6801,0.244,0.5238,0.5476,42,0.3333,3,0.3333,3,AMD,5,17,1570,1575
1306,327,63,0.5238,0.5284,0.7111,0.2582,0.5397,0.5345,58,0.5143,35,0.5143,35,AMD,5,18,1633,1638
1356,340,63,0.4286,0.5166,1.0711,0.3711,0.381,0.3889,54,0.3889,54,0.3488,43,AMD,5,19,1696,1701
1407,352,63,0.5079,0.5499,1.8817,0.2896,0.5079,0.5079,63,0.5079,63,0.5882,17,AMD,5,20,1759,1764
1457,365,63,0.4921,0.6336,0.6718,0.2398,0.7302,0.9375,16,0.9375,16,0.9375,16,AMD,5,21,1822,1827
1508,377,63,0.4603,0.5074,0.7094,0.2578,0.6032,0.5625,32,0.5625,32,0.5625,32,AMD,5,22,1885,1890
1558,390,63,0.4603,0.6163,0.6853,0.2511,0.5556,1.0,1,1.0,1,,0,AMD,5,23,1948,1953
1608,403,63,0.4444,0.3111,2.7515,0.3946,0.7143,0.6087,46,,0,,0,AMD,5,24,2011,2016
399,100,63,0.4603,0.4535,4.5062,0.4249,0.5238,0.4444,9,0.4444,9,0.4444,9,AMPX,5,0,499,504
449,113,63,0.5873,0.4823,0.6819,0.2444,0.3492,0.0,4,,0,,0,AMPX,5,1,562,567
500,125,63,0.2857,0.5407,0.7222,0.2642,0.7143,,0,,0,,0,AMPX,5,2,625,630
550,138,63,0.4444,0.3712,1.4699,0.3095,0.5238,0.4375,16,0.4375,16,0.4375,16,AMPX,5,3,688,693
600,151,63,0.5556,0.5,0.6899,0.2483,0.5556,0.5556,63,0.5556,63,,0,AMPX,5,4,751,756
651,163,63,0.4921,0.4895,0.6944,0.2516,0.6825,0.641,39,0.641,39,0.6579,38,AMPX,5,5,814,819
399,100,63,0.3968,0.5463,8.5058,0.571,0.6032,,0,,0,,0,AMZN,5,0,499,504
449,113,63,0.5397,0.4752,5.5407,0.47,0.7778,0.7778,36,0.7273,11,0.7273,11,AMZN,5,1,562,567
500,125,63,0.5397,0.504,1.1663,0.2723,0.5238,0.5345,58,0.5345,58,0.5345,58,AMZN,5,2,625,630
550,138,63,0.5238,0.454,0.7102,0.258,0.5238,0.5238,63,0.5417,48,0.5349,43,AMZN,5,3,688,693
600,151,63,0.4921,0.4412,1.0401,0.3034,0.4603,0.4615,39,0.4167,36,0.2727,11,AMZN,5,4,751,756
651,163,63,0.5714,0.6749,0.6712,0.2393,0.5079,0.6,25,1.0,1,1.0,1,AMZN,5,5,814,819
701,176,63,0.5238,0.5492,0.7445,0.2734,0.4603,0.4894,47,0.4889,45,0.4889,45,AMZN,5,6,877,882
752,188,63,0.4762,0.4828,1.0122,0.2901,0.4127,0.4222,45,0.4222,45,,0,AMZN,5,7,940,945
802,201,63,0.4762,0.5831,1.0066,0.2957,0.3492,0.383,47,0.383,47,0.383,47,AMZN,5,8,1003,1008
852,214,63,0.4444,0.5776,0.7053,0.2561,0.5556,0.5,4,0.5,4,,0,AMZN,5,9,1066,1071
903,226,63,0.5079,0.4525,0.7066,0.2566,0.381,0.2941,17,0.2308,13,,0,AMZN,5,10,1129,1134
953,239,63,0.381,0.4298,0.7205,0.2635,0.5238,0.35,20,0.25,8,0.4,5,AMZN,5,11,1192,1197
1004,251,63,0.4286,0.5,0.835,0.313,0.5397,0.3333,6,0.3333,6,,0,AMZN,5,12,1255,1260
1054,264,63,0.2222,0.6057,0.7375,0.2726,0.7778,,0,,0,,0,AMZN,5,13,1318,1323
1104,277,63,0.5079,0.5514,0.6931,0.25,0.4921,0.5,46,0.5484,31,,0,AMZN,5,14,1381,1386
1155,289,63,0.6032,0.4507,0.9073,0.2481,0.7619,0.7447,47,0.7381,42,,0,AMZN,5,15,1444,1449
1205,302,63,0.6984,0.5329,0.6634,0.2353,0.6984,0.6984,63,0.7059,34,1.0,3,AMZN,5,16,1507,1512
1256,314,63,0.3333,0.4643,0.7888,0.2964,0.3333,0.3333,63,0.3333,63,0.2667,15,AMZN,5,17,1570,1575
1306,327,63,0.6825,0.7209,0.6422,0.2252,0.6825,0.6825,63,1.0,10,1.0,10,AMZN,5,18,1633,1638
1356,340,63,0.4921,0.38,0.7123,0.2594,0.6032,0.5556,54,0.5306,49,,0,AMZN,5,19,1696,1701
1407,352,63,0.3651,0.6141,0.7601,0.2831,0.3651,0.3651,63,0.3651,63,0.3889,36,AMZN,5,20,1759,1764
1457,365,63,0.6508,0.5244,0.6681,0.2376,0.6667,0.6613,62,0.8333,6,0.8333,6,AMZN,5,21,1822,1827
1508,377,63,0.5556,0.5,0.6876,0.2472,0.5556,0.5556,63,0.5556,63,,0,AMZN,5,22,1885,1890
1558,390,63,0.4286,0.5669,0.6997,0.2533,0.4286,0.4286,63,,0,,0,AMZN,5,23,1948,1953
1608,403,63,0.4603,0.4762,0.679,0.2434,0.6667,0.6176,34,0.8889,9,0.875,8,AMZN,5,24,2011,2016
399,100,63,0.4444,0.5495,0.7149,0.2607,0.3968,0.4167,60,0.4062,32,0.5556,9,APLD,5,0,499,504
449,113,63,0.6667,0.6065,0.6679,0.2376,0.5873,0.6538,52,,0,,0,APLD,5,1,562,567
500,125,63,0.5079,0.7211,1.3354,0.2611,0.5397,1.0,3,1.0,3,1.0,2,APLD,5,2,625,630
550,138,63,0.4603,0.3934,1.2768,0.3129,0.5556,0.5152,33,0.5312,32,0.0,1,APLD,5,3,688,693
600,151,63,0.5714,0.572,0.6878,0.2473,0.4603,0.5455,22,,0,,0,APLD,5,4,751,756
651,163,63,0.4444,0.5128,0.6546,0.2381,0.619,0.8333,6,0.8333,6,1.0,5,APLD,5,5,814,819
701,176,63,0.4127,0.52,1.4782,0.3138,0.6508,0.7,10,0.7,10,,0,APLD,5,6,877,882
752,188,63,0.5714,0.5761,0.6774,0.2423,0.5397,0.566,53,0.566,53,,0,APLD,5,7,940,945
802,201,63,0.5079,0.2928,0.729,0.2673,0.5079,0.5079,63,0.5079,63,0.4468,47,APLD,5,8,1003,1008
399,100,63,0.4603,0.6605,0.8034,0.3014,0.3175,0.3478,46,0.3556,45,0.3556,45,ARM,5,0,499,504
449,113,63,0.619,0.4535,0.7129,0.2593,0.6825,0.661,59,,0,,0,ARM,5,1,562,567
399,100,63,0.3651,0.3966,0.7315,0.2689,0.4603,0.4035,57,,0,,0,ASAN,5,0,499,504
449,113,63,0.619,0.5,0.6662,0.2366,0.381,,0,,0,,0,ASAN,5,1,562,567
500,125,63,0.5873,0.6087,0.973,0.2741,0.6349,0.7059,34,0.75,28,,0,ASAN,5,2,625,630
550,138,63,0.6349,0.6074,0.6629,0.2379,0.3968,0.5556,18,0.5556,18,1.0,2,ASAN,5,3,688,693
600,151,63,0.5079,0.4788,0.7278,0.2668,0.4921,,0,,0,,0,ASAN,5,4,751,756
651,163,63,0.5714,0.5,0.6915,0.2492,0.4286,,0,,0,,0,ASAN,5,5,814,819
701,176,63,0.4921,0.4839,1.8735,0.2992,0.4921,0.4444,9,0.375,8,0.375,8,ASAN,5,6,877,882
752,188,63,0.5079,0.6079,0.6923,0.2496,0.5079,0.5079,63,,0,,0,ASAN,5,7,940,945
802,201,63,0.3968,0.6079,0.8873,0.3279,0.6032,,0,,0,,0,ASAN,5,8,1003,1008
852,214,63,0.6349,0.7106,0.6361,0.2261,0.5238,0.6667,30,0.6667,30,1.0,1,ASAN,5,9,1066,1071
903,226,63,0.4603,0.5674,2.5536,0.3204,0.4603,0.4286,35,,0,,0,ASAN,5,10,1129,1134
953,239,63,0.4286,0.5,0.698,0.2524,0.4286,0.4286,63,,0,,0,ASAN,5,11,1192,1197
1004,251,63,0.3492,0.5576,3.7496,0.3749,0.3492,0.3492,63,0.3684,38,0.4348,23,ASAN,5,12,1255,1260
1054,264,63,0.381,0.4861,5.9479,0.4869,0.381,0.3404,47,0.3404,47,0.3404,47,ASAN,5,13,1318,1323
399,100,63,0.4762,0.4324,0.8701,0.2887,0.5873,0.5556,36,0.6,10,,0,ASTS,5,0,499,504
449,113,63,0.5079,0.5385,0.9625,0.2749,0.4127,0.4324,37,0.4444,36,0.45,20,ASTS,5,1,562,567
500,125,63,0.5873,0.6348,2.2929,0.2967,0.5238,1.0,7,1.0,3,,0,ASTS,5,2,625,630
550,138,63,0.4762,0.5113,0.6938,0.2504,0.4286,0.3846,26,0.6,5,0.6,5,ASTS,5,3,688,693
600,151,63,0.254,0.5551,10.7653,0.7182,0.8254,1.0,5,,0,,0,ASTS,5,4,751,756
651,163,63,0.3968,0.5,0.7229,0.2648,0.3968,0.3968,63,0.3968,63,,0,ASTS,5,5,814,819
701,176,63,0.4444,0.5,0.721,0.2638,0.4444,0.4444,63,0.4444,63,,0,ASTS,5,6,877,882
752,188,63,0.5397,0.6005,0.6946,0.2498,0.5238,0.5323,62,0.6667,24,0.65,20,ASTS,5,7,940,945
802,201,63,0.3651,0.3024,0.8304,0.313,0.5079,0.3571,28,0.375,8,,0,ASTS,5,8,1003,1008
852,214,63,0.5556,0.503,0.7328,0.2681,0.5238,0.5862,29,0.1538,13,0.3333,3,ASTS,5,9,1066,1071
903,226,63,0.4762,0.5176,0.679,0.246,0.5079,0.4286,7,,0,,0,ASTS,5,10,1129,1134
953,239,63,0.4762,0.6178,0.7152,0.259,0.4286,0.45,60,0.5,20,0.5,20,ASTS,5,11,1192,1197
399,100,63,0.4127,0.5556,0.9899,0.3646,0.4127,0.4127,63,0.4127,63,0.3542,48,AXP,5,0,499,504
449,113,63,0.5079,0.4924,2.1474,0.3123,0.4921,0.5,16,0.5,16,0.5,16,AXP,5,1,562,567
500,125,63,0.3968,0.5,0.7266,0.2666,0.6032,,0,,0,,0,AXP,5,2,625,630
550,138,63,0.3333,0.6344,3.044,0.3451,0.6667,,0,,0,,0,AXP,5,3,688,693
600,151,63,0.7778,0.5321,0.6669,0.2369,0.7778,0.7778,63,,0,,0,AXP,5,4,751,756
651,163,63,0.5238,0.5672,0.7251,0.2644,0.5238,0.5238,63,0.5517,58,0.5517,58,AXP,5,5,814,819
701,176,63,0.4603,0.5268,0.7344,0.2693,0.5238,0.4857,35,0.4848,33,0.5333,30,AXP,5,6,877,882
752,188,63,0.5397,0.6037,1.5025,0.2461,0.6032,0.5763,59,0.5763,59,0.6774,31,AXP,5,7,940,945
802,201,63,0.3968,0.3395,0.7886,0.2926,0.4286,0.4098,61,0.1429,7,0.1429,7,AXP,5,8,1003,1008
852,214,63,0.5238,0.5455,0.6697,0.2413,0.5238,0.5238,63,1.0,3,1.0,2,AXP,5,9,1066,1071
903,226,63,0.6032,0.6149,0.6632,0.2367,0.4921,0.6364,22,0.7143,14,0.7143,14,AXP,5,10,1129,1134
953,239,63,0.5397,0.6052,0.8813,0.2437,0.6825,0.7059,34,0.7059,34,0.7059,34,AXP,5,11,1192,1197
1004,251,63,0.5079,0.4677,0.6954,0.2526,0.4762,0.4762,21,0.4,10,0.5,2,AXP,5,12,1255,1260
1054,264,63,0.5079,0.5046,2.1291,0.3181,0.5556,0.5714,28,0.5556,27,0.5556,27,AXP,5,13,1318,1323
1104,277,63,0.381,0.5694,7.8539,0.5606,0.381,0.381,63,0.381,63,0.381,63,AXP,5,14,1381,1386
1155,289,63,0.619,0.7692,0.6546,0.2375,0.8254,1.0,28,1.0,16,1.0,8,AXP,5,15,1444,1449
1205,302,63,0.3968,0.5726,7.205,0.5611,0.6508,0.8,5,0.8,5,,0,AXP,5,16,1507,1512
1256,314,63,0.5238,0.6991,0.75,0.2697,0.5873,0.5636,55,0.8276,29,,0,AXP,5,17,1570,1575
1306,327,63,0.6508,0.5711,0.648,0.2277,0.746,0.7907,43,0.7907,43,,0,AXP,5,18,1633,1638
1356,340,63,0.4762,0.5409,0.738,0.2713,0.4762,0.4762,63,0.5102,49,0.5,48,AXP,5,19,1696,1701
1407,352,63,0.4921,0.5907,0.7822,0.2901,0.4921,0.4921,63,0.5167,60,0.5167,60,AXP,5,20,1759,1764
1457,365,63,0.5079,0.5892,0.6974,0.2518,0.5079,0.5079,63,0.5833,36,0.5833,36,AXP,5,21,1822,1827
1508,377,63,0.6825,0.4703,0.6362,0.2233,0.6825,0.6825,63,0.6825,63,0.7647,17,AXP,5,22,1885,1890
1558,390,63,0.5873,0.7278,3.8788,0.3499,0.5238,0.8889,9,0.8889,9,,0,AXP,5,23,1948,1953
1608,403,63,0.4603,0.6299,0.7334,0.2697,0.4127,0.4333,60,0.4333,60,0.5357,28,AXP,5,24,2011,2016
399,100,63,0.6032,0.43,1.9059,0.2925,0.6032,0.6032,63,0.6032,63,0.5333,15,AZN,5,0,499,504
449,113,63,0.5238,0.601,0.6931,0.25,0.5238,0.5238,63,0.5238,63,0.9,10,AZN,5,1,562,567
500,125,63,0.3968,0.4533,0.8188,0.3102,0.3651,0.377,61,0.3571,56,0.3571,56,AZN,5,2,625,630
550,138,63,0.6032,0.6537,0.6538,0.2306,0.5079,0.5854,41,0.6538,26,0.64,25,AZN,5,3,688,693
600,151,63,0.4603,0.4347,1.0014,0.2924,0.6032,0.55,40,0.5294,17,0.5294,17,AZN,5,4,751,756
651,163,63,0.6032,0.6559,0.9101,0.2537,0.5714,0.6571,35,0.8571,7,0.8,5,AZN,5,5,814,819
701,176,63,0.5556,0.4968,0.7506,0.2724,0.619,0.6038,53,0.6038,53,0.6333,30,AZN,5,6,877,882
752,188,63,0.4921,0.4811,0.7237,0.2646,0.4444,0.4667,60,0.4667,60,0.4667,60,AZN,5,7,940,945
802,201,63,0.619,0.517,0.6925,0.2473,0.6667,0.6731,52,0.6731,52,0.8333,12,AZN,5,8,1003,1008
852,214,63,0.4762,0.499,0.715,0.2608,0.4762,0.4754,61,0.4754,61,,0,AZN,5,9,1066,1071
903,226,63,0.4444,0.4893,0.7327,0.2695,0.4444,0.4444,63,0.4444,63,,0,AZN,5,10,1129,1134
953,239,63,0.619,0.6027,0.6874,0.2471,0.6349,0.629,62,1.0,1,,0,AZN,5,11,1192,1197
1004,251,63,0.6508,0.4581,0.9589,0.2684,0.6825,0.6842,57,0.4,5,0.4,5,AZN,5,12,1255,1260
1054,264,63,0.5397,0.5394,0.6786,0.2442,0.5238,0.5526,38,,0,,0,AZN,5,13,1318,1323
1104,277,63,0.3492,0.5414,0.7852,0.2952,0.3333,0.3387,62,0.3279,61,0.3455,55,AZN,5,14,1381,1386
1155,289,63,0.5714,0.4464,0.6931,0.2498,0.5556,0.5645,62,0.5645,62,0.0,4,AZN,5,15,1444,1449
1205,302,63,0.619,0.5099,0.6695,0.2382,0.6825,0.661,59,0.6909,55,,0,AZN,5,16,1507,1512
1256,314,63,0.5079,0.5207,0.6954,0.2511,0.4921,0.5,18,0.4615,13,,0,AZN,5,17,1570,1575
1306,327,63,0.5556,0.4808,0.6743,0.2415,0.381,0.1667,6,0.0,1,,0,AZN,5,18,1633,1638
1356,340,63,0.5556,0.501,0.6838,0.2453,0.5873,0.5738,61,0.5738,61,0.5946,37,AZN,5,19,1696,1701
1407,352,63,0.5714,0.4794,0.6957,0.2512,0.5714,0.5918,49,0.5,12,0.5,12,AZN,5,20,1759,1764
1457,365,63,0.6667,0.5556,0.8928,0.241,0.6667,0.6667,63,0.6596,47,0.5,2,AZN,5,21,1822,1827
1508,377,63,0.6825,0.6922,0.6506,0.2287,0.4603,0.6667,27,0.7333,15,0.0,3,AZN,5,22,1885,1890
1558,390,63,0.381,0.7228,2.11,0.3199,0.6508,1.0,2,1.0,2,1.0,2,AZN,5,23,1948,1953
1608,403,63,0.619,0.6488,0.6382,0.2237,0.3175,0.4333,30,,0,,0,AZN,5,24,2011,2016
399,100,63,0.3492,0.4473,0.8282,0.3152,0.3492,0.3492,63,0.3492,63,0.3208,53,BA,5,0,499,504
449,113,63,0.5556,0.5071,0.6915,0.2491,0.4444,,0,,0,,0,BA,5,1,562,567
500,125,63,0.5397,0.6152,0.6966,0.2518,0.4762,1.0,1,1.0,1,1.0,1,BA,5,2,625,630
550,138,63,0.5556,0.5252,1.2041,0.2868,0.4921,0.56,25,0.4762,21,0.4167,12,BA,5,3,688,693
600,151,63,0.5397,0.4914,2.8224,0.3353,0.5238,1.0,4,1.0,4,1.0,4,BA,5,4,751,756
651,163,63,0.4921,0.5068,2.2448,0.3572,0.3968,0.3704,27,0.36,25,0.36,25,BA,5,5,814,819
701,176,63,0.6667,0.6071,0.6556,0.2343,0.4127,1.0,5,1.0,2,1.0,2,BA,5,6,877,882
752,188,63,0.4921,0.5187,0.7073,0.257,0.5873,0.8571,7,1.0,4,,0,BA,5,7,940,945
802,201,63,0.6032,0.6388,0.671,0.2392,0.4444,0.5714,21,,0,,0,BA,5,8,1003,1008
852,214,63,0.4444,0.4016,0.8179,0.305,0.6032,0.5429,35,0.5429,35,,0,BA,5,9,1066,1071
903,226,63,0.5556,0.6331,0.8971,0.2461,0.5079,0.537,54,0.5957,47,0.6667,3,BA,5,10,1129,1134
953,239,63,0.4603,0.5426,2.1529,0.4133,0.746,0.76,25,0.76,25,,0,BA,5,11,1192,1197
1004,251,63,0.5397,0.6372,1.0923,0.2441,0.4127,0.4706,51,0.4706,51,,0,BA,5,12,1255,1260
1054,264,63,0.6349,0.6802,0.644,0.2257,0.6508,0.75,36,0.75,36,0.75,36,BA,5,13,1318,1323
1104,277,63,0.3175,0.5236,0.8078,0.3118,0.2381,0.25,56,0.2444,45,0.2444,45,BA,5,14,1381,1386
1155,289,63,0.6825,0.5652,0.6648,0.2366,0.6349,0.6667,60,,0,,0,BA,5,15,1444,1449
1205,302,63,0.3333,0.4127,0.8535,0.3258,0.3333,0.3333,63,0.2766,47,0.2857,35,BA,5,16,1507,1512
1256,314,63,0.4603,0.3931,0.9241,0.3403,0.4921,0.0,3,,0,,0,BA,5,17,1570,1575
1306,327,63,0.6508,0.5337,0.6789,0.2431,0.3651,1.0,1,1.0,1,1.0,1,BA,5,18,1633,1638
1356,340,63,0.3492,0.5437,1.0592,0.3114,0.6667,1.0,1,1.0,1,1.0,1,BA,5,19,1696,1701
1407,352,63,0.5714,0.6732,0.571,0.205,0.6032,1.0,11,1.0,11,1.0,11,BA,5,20,1759,1764
1457,365,63,0.619,0.6402,2.5867,0.3315,0.6508,0.7576,33,1.0,3,,0,BA,5,21,1822,1827
1508,377,63,0.619,0.6468,2.8332,0.2687,0.3968,0.6667,3,,0,,0,BA,5,22,1885,1890
1558,390,63,0.4762,0.4456,0.7032,0.2547,0.6667,0.6216,37,1.0,2,1.0,2,BA,5,23,1948,1953
1608,403,63,0.4762,0.6211,0.6371,0.2297,0.3968,0.431,58,1.0,1,1.0,1,BA,5,24,2011,2016
399,100,63,0.619,0.6091,2.0539,0.2843,0.5238,0.6552,29,0.8571,7,0.8571,7,BETR,5,0,499,504
449,113,63,0.5873,0.5357,0.6704,0.2395,0.4444,1.0,2,1.0,2,1.0,2,BETR,5,1,562,567
399,100,63,0.4286,0.5756,6.1064,0.475,0.4286,0.4286,63,0.4286,63,0.4286,63,BRKR,5,0,499,504
449,113,63,0.6032,0.5399,0.6864,0.2428,0.6508,0.6667,48,0.6667,48,0.6667,48,BRKR,5,1,562,567
500,125,63,0.4921,0.5771,0.7462,0.2743,0.4603,0.4717,53,0.5,50,0.5333,45,BRKR,5,2,625,630
550,138,63,0.3968,0.7209,4.5123,0.4342,0.6825,0.8571,7,1.0,2,1.0,2,BRKR,5,3,688,693
600,151,63,0.5238,0.4941,2.2978,0.3507,0.619,0.6286,35,0.625,8,0.625,8,BRKR,5,4,751,756
651,163,63,0.5556,0.5593,0.6732,0.2403,0.6508,0.7097,31,0.7,30,0.7,30,BRKR,5,5,814,819
701,176,63,0.6032,0.4542,0.6821,0.2444,0.6032,0.6032,63,0.5862,58,0.5862,58,BRKR,5,6,877,882
752,188,63,0.4286,0.5,0.7559,0.2806,0.4286,0.4286,63,0.4286,63,0.4286,63,BRKR,5,7,940,945
802,201,63,0.4286,0.5,0.7114,0.2591,0.4286,0.4286,63,,0,,0,BRKR,5,8,1003,1008
852,214,63,0.5556,0.5357,0.6799,0.2435,0.5556,0.5556,63,0.7273,11,0.7273,11,BRKR,5,9,1066,1071
903,226,63,0.381,0.3607,0.7368,0.2709,0.4444,0.3226,31,,0,,0,BRKR,5,10,1129,1134
953,239,63,0.3968,0.4547,1.4105,0.2843,0.6032,0.5,6,0.4,5,0.4,5,BRKR,5,11,1192,1197
1004,251,63,0.5873,0.5348,1.6166,0.2799,0.5873,0.5873,63,0.375,8,0.4286,7,BRKR,5,12,1255,1260
1054,264,63,0.4444,0.4968,0.7192,0.2595,0.381,0.383,47,0.2,5,,0,BRKR,5,13,1318,1323
1104,277,63,0.5873,0.4922,0.6798,0.2434,0.4127,,0,,0,,0,BRKR,5,14,1381,1386
1155,289,63,0.6349,0.3178,1.6578,0.2969,0.746,0.7222,54,0.5455,22,,0,BRKR,5,15,1444,1449
1205,302,63,0.5397,0.5,0.6903,0.2486,0.5397,0.5397,63,0.5397,63,,0,BRKR,5,16,1507,1512
1256,314,63,0.4921,0.5294,0.687,0.2482,0.4603,0.4754,61,0.4754,61,,0,BRKR,5,17,1570,1575
1306,327,63,0.4762,0.5,0.6959,0.2514,0.4762,0.4762,63,,0,,0,BRKR,5,18,1633,1638
1356,340,63,0.5238,0.5015,0.6921,0.2495,0.5238,0.5238,63,,0,,0,BRKR,5,19,1696,1701
1407,352,63,0.381,0.6351,0.7124,0.2596,0.381,0.381,63,,0,,0,BRKR,5,20,1759,1764
1457,365,63,0.5079,0.5,0.693,0.2499,0.5079,0.5079,63,,0,,0,BRKR,5,21,1822,1827
1508,377,63,0.4603,0.487,0.7164,0.2616,0.6349,0.6667,18,,0,,0,BRKR,5,22,1885,1890
1558,390,63,0.3968,0.393,0.7186,0.2626,0.4603,0.2632,19,0.3636,11,,0,BRKR,5,23,1948,1953
1608,403,63,0.3651,0.3563,2.4816,0.3688,0.6032,0.3333,6,,0,,0,BRKR,5,24,2011,2016
399,100,63,0.4603,0.5609,0.8871,0.3303,0.4603,0.4603,63,0.4603,63,0.4603,63,BSX,5,0,499,504
449,113,63,0.5238,0.5,0.6961,0.2515,0.5238,0.5238,63,0.5238,63,,0,BSX,5,1,562,567
500,125,63,0.6349,0.5485,1.8567,0.2903,0.4762,1.0,7,1.0,7,1.0,2,BSX,5,2,625,630
550,138,63,0.5079,0.5448,0.69,0.2488,0.5714,0.549,51,0.7222,18,0.7222,18,BSX,5,3,688,693
600,151,63,0.381,0.6547,0.7508,0.278,0.6508,1.0,2,1.0,2,1.0,2,BSX,5,4,751,756
651,163,63,0.5556,0.5447,2.1002,0.3064,0.5873,0.6216,37,,0,,0,BSX,5,5,814,819
701,176,63,0.5397,0.5082,0.6909,0.2489,0.4444,0.4,5,0.0,1,,0,BSX,5,6,877,882
752,188,63,0.3492,0.3795,1.2481,0.3071,0.3968,0.3182,44,0.3095,42,0.3529,17,BSX,5,7,940,945
802,201,63,0.5714,0.552,0.9092,0.2495,0.4286,,0,,0,,0,BSX,5,8,1003,1008
852,214,63,0.6508,0.6689,1.9789,0.2598,0.5079,0.6667,30,0.6667,30,0.6667,30,BSX,5,9,1066,1071
903,226,63,0.6032,0.6673,0.6629,0.2346,0.5079,0.6207,29,0.6923,26,0.6,10,BSX,5,10,1129,1134
953,239,63,0.4444,0.7206,1.6181,0.287,0.6508,1.0,6,1.0,6,1.0,6,BSX,5,11,1192,1197
1004,251,63,0.3492,0.5599,4.7664,0.4478,0.6508,,0,,0,,0,BSX,5,12,1255,1260
1054,264,63,0.4762,0.4901,1.6206,0.2829,0.4127,0.4054,37,,0,,0,BSX,5,13,1318,1323
1104,277,63,0.5714,0.6143,0.677,0.2422,0.4444,0.5122,41,0.5122,41,,0,BSX,5,14,1381,1386
1155,289,63,0.3333,0.7533,0.7144,0.2607,0.8095,1.0,9,1.0,9,,0,BSX,5,15,1444,1449
1205,302,63,0.5714,0.4139,0.7195,0.2633,0.7619,0.7234,47,0.6842,38,1.0,5,BSX,5,16,1507,1512
1256,314,63,0.5238,0.5327,0.6974,0.2521,0.5556,0.5424,59,0.5424,59,0.5778,45,BSX,5,17,1570,1575
1306,327,63,0.7778,0.5,0.6004,0.2042,0.7778,0.7778,63,0.7778,63,0.7778,63,BSX,5,18,1633,1638
1356,340,63,0.6984,0.3951,1.5626,0.252,0.7302,0.7368,57,0.7321,56,0.7321,56,BSX,5,19,1696,1701
1407,352,63,0.4921,0.6104,0.7505,0.2771,0.4921,0.4921,63,0.4921,63,0.4921,63,BSX,5,20,1759,1764
1457,365,63,0.4603,0.6293,1.0572,0.3163,0.4603,0.4603,63,0.4603,63,0.4603,63,BSX,5,21,1822,1827
1508,377,63,0.5238,0.4187,6.5086,0.4611,0.5238,0.5238,63,0.5238,63,0.5238,63,BSX,5,22,1885,1890
1558,390,63,0.4444,0.6179,2.5973,0.3434,0.4444,0.4444,63,0.4444,63,0.4889,45,BSX,5,23,1948,1953
1608,403,63,0.3016,0.564,6.8966,0.5315,0.3016,0.3016,63,0.3016,63,0.3256,43,BSX,5,24,2011,2016
399,100,63,0.3333,0.3392,1.2091,0.376,0.3492,0.25,40,0.2308,39,0.2308,39,CAVA,5,0,499,504
449,113,63,0.6667,0.7459,1.2222,0.2123,0.5556,0.8182,22,0.8182,22,0.8182,22,CAVA,5,1,562,567
500,125,63,0.4762,0.6159,1.6329,0.2994,0.6508,0.7,20,0.7222,18,0.7222,18,CAVA,5,2,625,630
399,100,63,0.5079,0.504,1.1985,0.2878,0.5079,0.5079,63,0.5082,61,0.5082,61,CI,5,0,499,504
449,113,63,0.4921,0.5146,0.7217,0.2626,0.4921,0.4921,63,0.4921,63,0.5,6,CI,5,1,562,567
500,125,63,0.5556,0.6459,0.8838,0.2415,0.4444,0.5,46,0.5,46,1.0,3,CI,5,2,625,630
550,138,63,0.5556,0.6616,3.2591,0.35,0.5873,1.0,9,1.0,1,1.0,1,CI,5,3,688,693
600,151,63,0.4127,0.6527,0.8303,0.2945,0.6349,0.8,5,0.8,5,1.0,1,CI,5,4,751,756
651,163,63,0.4603,0.6308,0.8014,0.3012,0.3175,0.3704,54,0.3704,54,0.3704,54,CI,5,5,814,819
701,176,63,0.5556,0.6024,0.6367,0.2267,0.4603,0.5088,57,1.0,1,1.0,1,CI,5,6,877,882
752,188,63,0.4444,0.6435,0.6923,0.2496,0.5714,1.0,1,,0,,0,CI,5,7,940,945
802,201,63,0.381,0.4658,1.045,0.3086,0.619,,0,,0,,0,CI,5,8,1003,1008
852,214,63,0.4921,0.5046,0.7046,0.2551,0.5714,1.0,4,1.0,4,1.0,4,CI,5,9,1066,1071
903,226,63,0.619,0.6138,0.6554,0.2314,0.619,0.619,63,0.7188,32,0.7188,32,CI,5,10,1129,1134
953,239,63,0.5397,0.4204,0.696,0.2515,0.5397,0.5397,63,0.5,6,0.75,4,CI,5,11,1192,1197
1004,251,63,0.3175,0.5145,0.8028,0.302,0.3175,0.3175,63,0.3175,63,0.3448,29,CI,5,12,1255,1260
1054,264,63,0.5397,0.5958,0.6772,0.2463,0.6032,0.6452,31,,0,,0,CI,5,13,1318,1323
1104,277,63,0.619,0.5421,0.6717,0.2389,0.6032,0.6207,58,0.6207,58,0.6667,21,CI,5,14,1381,1386
1155,289,63,0.4603,0.4798,0.7927,0.2804,0.4762,0.4412,34,0.4412,34,,0,CI,5,15,1444,1449
1205,302,63,0.3492,0.3391,1.2087,0.3662,0.6349,0.4,5,1.0,1,1.0,1,CI,5,16,1507,1512
1256,314,63,0.4762,0.6061,0.6869,0.2469,0.4762,0.4762,63,1.0,4,,0,CI,5,17,1570,1575
1306,327,63,0.5556,0.6556,0.6691,0.241,0.4762,0.5185,54,0.5185,54,1.0,3,CI,5,18,1633,1638
1356,340,63,0.5873,0.4293,0.713,0.2559,0.5873,0.5873,63,0.5763,59,0.5294,34,CI,5,19,1696,1701
1407,352,63,0.6349,0.5565,0.8442,0.2272,0.6508,0.65,60,0.7222,18,0.7647,17,CI,5,20,1759,1764
1457,365,63,0.3968,0.5908,0.6785,0.249,0.381,0.3871,62,0.3871,62,1.0,4,CI,5,21,1822,1827
1508,377,63,0.5079,0.5857,1.1079,0.2508,0.5079,0.5079,63,0.6667,15,0.6667,15,CI,5,22,1885,1890
1558,390,63,0.3651,0.3873,0.9306,0.2655,0.619,0.48,25,0.48,25,0.4444,9,CI,5,23,1948,1953
1608,403,63,0.5238,0.4763,1.643,0.2918,0.5079,0.5161,62,0.4286,14,0.4286,14,CI,5,24,2011,2016
399,100,63,0.4921,0.5,0.7752,0.2881,0.4921,0.4921,63,0.4921,63,0.4921,63,CNC,5,0,499,504
449,113,63,0.4762,0.4904,0.8373,0.2936,0.4603,0.3,10,0.3,10,,0,CNC,5,1,562,567
500,125,63,0.5556,0.6724,0.6436,0.2266,0.5556,0.8182,11,0.8182,11,0.8182,11,CNC,5,2,625,630
550,138,63,0.5397,0.5216,0.7966,0.2915,0.3968,0.4167,24,0.4348,23,0.4091,22,CNC,5,3,688,693
600,151,63,0.4921,0.4268,0.9645,0.2747,0.619,0.5714,49,0.5714,49,0.5625,16,CNC,5,4,751,756
651,163,63,0.6032,0.6212,0.6729,0.2399,0.4603,0.5769,26,0.5652,23,,0,CNC,5,5,814,819
701,176,63,0.5238,0.5015,0.6938,0.2503,0.5238,0.5294,51,0.5102,49,,0,CNC,5,6,877,882
752,188,63,0.4921,0.7442,0.7272,0.2701,0.6032,0.875,8,0.875,8,1.0,3,CNC,5,7,940,945
802,201,63,0.5079,0.4425,0.7245,0.2649,0.4921,0.5,2,0.5,2,0.5,2,CNC,5,8,1003,1008
852,214,63,0.4921,0.4895,0.8385,0.3143,0.7143,0.697,33,0.8,15,0.7273,11,CNC,5,9,1066,1071
903,226,63,0.4444,0.3987,0.7978,0.2993,0.4921,0.463,54,0.449,49,0.3939,33,CNC,5,10,1129,1134
953,239,63,0.3968,0.4808,0.9702,0.2793,0.4127,0.4032,62,0.4032,62,,0,CNC,5,11,1192,1197
1004,251,63,0.4286,0.588,0.6953,0.2518,0.4286,0.4286,63,0.5556,9,0.625,8,CNC,5,12,1255,1260
1054,264,63,0.6349,0.6071,0.6704,0.2391,0.4444,0.6471,17,0.6471,17,,0,CNC,5,13,1318,1323
1104,277,63,0.5397,0.5582,0.6852,0.2461,0.5556,0.6,30,0.75,8,0.75,8,CNC,5,14,1381,1386
1155,289,63,0.4127,0.7478,0.8728,0.3297,0.6508,1.0,4,,0,,0,CNC,5,15,1444,1449
1205,302,63,0.4762,0.5999,0.6975,0.2527,0.5397,0.6667,3,0.6667,3,0.6667,3,CNC,5,16,1507,1512
1256,314,63,0.3968,0.4059,0.9787,0.2834,0.4127,0.35,40,0.3333,36,0.0,1,CNC,5,17,1570,1575
1306,327,63,0.5873,0.7419,0.6303,0.2219,0.4603,0.5333,45,0.75,24,0.7895,19,CNC,5,18,1633,1638
1356,340,63,0.5397,0.5882,4.5398,0.3555,0.5397,0.5397,63,0.5862,58,0.6087,46,CNC,5,19,1696,1701
1407,352,63,0.5873,0.473,0.696,0.2507,0.5873,0.5873,63,0.5873,63,0.5873,63,CNC,5,20,1759,1764
1457,365,63,0.2063,0.57,0.8222,0.3137,0.2063,0.2063,63,0.2063,63,,0,CNC,5,21,1822,1827
1508,377,63,0.3651,0.6918,0.6935,0.2502,0.6349,,0,,0,,0,CNC,5,22,1885,1890
1558,390,63,0.5079,0.5,0.6938,0.2503,0.5079,0.5079,63,,0,,0,CNC,5,23,1948,1953
1608,403,63,0.6984,0.5981,0.6592,0.2331,0.7143,0.7167,60,0.85,20,,0,CNC,5,24,2011,2016
399,100,63,0.7302,0.7781,0.6278,0.2176,0.5556,0.6875,48,0.6875,48,0.9091,11,COST,5,0,499,504
449,113,63,0.381,0.4631,1.3065,0.3093,0.619,0.5,6,0.5,6,0.5,6,COST,5,1,562,567
500,125,63,0.6825,0.6245,1.7654,0.2507,0.5714,0.7,40,0.7,40,0.7,40,COST,5,2,625,630
550,138,63,0.4127,0.3408,1.0324,0.3086,0.381,0.1579,19,0.1579,19,0.1579,19,COST,5,3,688,693
600,151,63,0.6508,0.4538,1.4525,0.2946,0.6349,0.65,60,0.5,22,0.5,22,COST,5,4,751,756
651,163,63,0.2222,0.4745,0.8057,0.2951,0.7778,,0,,0,,0,COST,5,5,814,819
701,176,63,0.5873,0.4422,1.6357,0.2855,0.6667,0.6429,56,0.6429,56,,0,COST,5,6,877,882
752,188,63,0.5556,0.5,0.7182,0.2613,0.5556,0.5556,63,0.5556,63,0.5556,63,COST,5,7,940,945
802,201,63,0.5873,0.5,0.6881,0.2472,0.5873,0.5873,63,0.5873,63,0.5873,63,COST,5,8,1003,1008
852,214,63,0.619,0.727,2.6598,0.2837,0.619,0.619,63,0.619,63,0.619,63,COST,5,9,1066,1071
903,226,63,0.3492,0.5798,1.2885,0.3208,0.3492,0.3492,63,0.4667,30,0.4667,30,COST,5,10,1129,1134
953,239,63,0.5873,0.3384,2.6623,0.3454,0.5873,0.5873,63,0.5636,55,0.525,40,COST,5,11,1192,1197
1004,251,63,0.4762,0.4848,2.4634,0.3505,0.4762,0.4762,63,0.4918,61,0.4918,61,COST,5,12,1255,1260
1054,264,63,0.6825,0.6747,0.6077,0.2116,0.619,0.661,59,0.6667,57,0.7368,38,COST,5,13,1318,1323
1104,277,63,0.6349,0.5417,0.658,0.2326,0.619,0.629,62,0.6393,61,,0,COST,5,14,1381,1386
1155,289,63,0.4444,0.7386,5.687,0.4681,0.8254,1.0,17,1.0,16,1.0,1,COST,5,15,1444,1449
1205,302,63,0.4286,0.3853,4.7956,0.4482,0.6508,0.5714,35,0.5625,32,0.5,4,COST,5,16,1507,1512
1256,314,63,0.6667,0.5,0.6393,0.2235,0.6667,0.6667,63,0.6667,63,0.6667,63,COST,5,17,1570,1575
1306,327,63,0.6349,0.4935,0.6659,0.2361,0.6349,0.6349,63,0.6349,63,0.6349,63,COST,5,18,1633,1638
1356,340,63,0.6667,0.3333,0.6652,0.2347,0.6667,0.6667,63,0.6667,63,0.6667,63,COST,5,19,1696,1701
1407,352,63,0.5714,0.5926,0.7262,0.2597,0.5714,0.5714,63,0.5714,63,0.5714,63,COST,5,20,1759,1764
1457,365,63,0.4444,0.2929,1.0443,0.3116,0.4444,0.4444,63,0.4444,63,0.4444,63,COST,5,21,1822,1827
1508,377,63,0.3492,0.5765,2.6719,0.3705,0.3492,0.3492,63,0.3492,63,0.3492,63,COST,5,22,1885,1890
1558,390,63,0.5397,0.498,0.6846,0.2466,0.5397,0.5397,63,0.5397,63,0.5,2,COST,5,23,1948,1953
1608,403,63,0.5556,0.5342,0.7053,0.255,0.5556,0.5556,63,0.0,2,0.0,2,COST,5,24,2011,2016
399,100,63,0.5238,0.5,0.7226,0.264,0.5238,0.5238,63,0.5238,63,0.5238,63,CRM,5,0,499,504
449,113,63,0.6667,0.5119,0.6393,0.2248,0.6667,0.6667,63,0.6667,63,1.0,1,CRM,5,1,562,567
500,125,63,0.6825,0.6714,0.6346,0.2213,0.4444,0.6818,22,0.6818,22,0.6818,22,CRM,5,2,625,630
550,138,63,0.4286,0.3972,2.6928,0.3676,0.4921,0.381,21,0.381,21,0.35,20,CRM,5,3,688,693
600,151,63,0.3968,0.3399,3.9096,0.4403,0.5873,0.0,1,0.0,1,0.0,1,CRM,5,4,751,756
651,163,63,0.6667,0.5238,0.6903,0.2486,0.6667,0.6667,63,,0,,0,CRM,5,5,814,819
701,176,63,0.7143,0.5563,0.6317,0.2222,0.7302,0.7333,60,0.8333,12,0.8333,12,CRM,5,6,877,882
752,188,63,0.3492,0.536,2.6593,0.362,0.3492,0.3492,63,0.3492,63,0.4444,18,CRM,5,7,940,945
802,201,63,0.381,0.5662,2.6673,0.3672,0.381,0.381,63,0.381,63,0.4138,58,CRM,5,8,1003,1008
852,214,63,0.4762,0.5,0.6934,0.2501,0.5238,,0,,0,,0,CRM,5,9,1066,1071
903,226,63,0.6032,0.5621,0.6755,0.2412,0.3968,,0,,0,,0,CRM,5,10,1129,1134
953,239,63,0.4127,0.5327,0.7647,0.284,0.6508,0.6667,12,0.6667,9,0.6667,9,CRM,5,11,1192,1197
1004,251,63,0.4603,0.4442,2.626,0.3438,0.5397,0.5,30,0.6316,19,0.6316,19,CRM,5,12,1255,1260
1054,264,63,0.6032,0.6349,0.6756,0.2439,0.5397,0.5763,59,0.5763,59,0.5763,59,CRM,5,13,1318,1323
1104,277,63,0.619,0.7418,0.641,0.2246,0.4444,0.5455,44,0.7647,17,0.7647,17,CRM,5,14,1381,1386
1155,289,63,0.2698,0.5577,0.8101,0.3077,0.8254,1.0,6,,0,,0,CRM,5,15,1444,1449
1205,302,63,0.4603,0.5,0.6947,0.2508,0.4603,0.4603,63,,0,,0,CRM,5,16,1507,1512
1256,314,63,0.6508,0.6709,0.6536,0.2309,0.5079,0.619,42,,0,,0,CRM,5,17,1570,1575
1306,327,63,0.7143,0.5,0.6462,0.2266,0.7143,0.7143,63,0.7143,63,,0,CRM,5,18,1633,1638
1356,340,63,0.5873,0.6126,0.6582,0.2337,0.4762,0.5417,48,0.5517,29,0.5517,29,CRM,5,19,1696,1701
1407,352,63,0.4286,0.4892,2.951,0.3802,0.4286,0.4286,63,0.4286,63,0.4286,63,CRM,5,20,1759,1764
1457,365,63,0.4286,0.5135,0.7391,0.2727,0.4127,0.4194,62,0.4194,62,,0,CRM,5,21,1822,1827
1508,377,63,0.5556,0.5722,0.6785,0.2429,0.5873,0.6286,35,0.8,5,0.8,5,CRM,5,22,1885,1890
1558,390,63,0.5079,0.4857,1.204,0.2833,0.4444,0.4667,45,0.4667,45,0.3333,6,CRM,5,23,1948,1953
1608,403,63,0.5238,0.6227,0.6658,0.2372,0.4762,0.5,50,0.875,8,0.875,8,CRM,5,24,2011,2016
399,100,63,0.3968,0.48,0.7428,0.2744,0.3968,0.3968,63,0.3968,63,0.3333,3,CRWD,5,0,499,504
449,113,63,0.5873,0.58,0.6768,0.2427,0.4127,0.5,28,0.3333,12,,0,CRWD,5,1,562,567
500,125,63,0.5079,0.5485,0.909,0.2574,0.5556,0.8333,6,0.8333,6,0.8333,6,CRWD,5,2,625,630
550,138,63,0.6349,0.6394,0.6502,0.229,0.4762,0.6061,33,0.5938,32,,0,CRWD,5,3,688,693
600,151,63,0.5238,0.562,1.5766,0.2642,0.5079,0.5208,48,1.0,4,1.0,4,CRWD,5,4,751,756
651,163,63,0.5556,0.6435,0.6611,0.2371,0.4127,0.4808,52,0.75,4,1.0,2,CRWD,5,5,814,819
701,176,63,0.3333,0.5333,0.8958,0.3463,0.7143,1.0,3,,0,,0,CRWD,5,6,877,882
752,188,63,0.5556,0.5753,1.6782,0.3021,0.6032,0.7083,24,0.7083,24,1.0,1,CRWD,5,7,940,945
802,201,63,0.4127,0.4808,0.7044,0.2556,0.619,0.5385,26,0.8182,11,0.6667,3,CRWD,5,8,1003,1008
852,214,63,0.7143,0.5204,0.6685,0.2385,0.7143,0.7143,63,0.625,8,0.625,8,CRWD,5,9,1066,1071
903,226,63,0.5873,0.5923,0.6747,0.2408,0.5556,0.6,45,0.625,40,0.625,40,CRWD,5,10,1129,1134
953,239,63,0.6032,0.52,0.6776,0.2421,0.6032,0.6032,63,0.6032,63,0.6032,63,CRWD,5,11,1192,1197
1004,251,63,0.6349,0.4886,0.6891,0.2467,0.5873,0.64,50,0.64,50,0.5952,42,CRWD,5,12,1255,1260
1054,264,63,0.5556,0.6224,0.6729,0.2402,0.5556,0.5745,47,0.697,33,0.7,20,CRWD,5,13,1318,1323
1104,277,63,0.4286,0.4405,1.2299,0.3031,0.6032,0.5333,30,0.4545,22,0.4545,22,CRWD,5,14,1381,1386
1155,289,63,0.3968,0.4351,0.7347,0.2703,0.6508,0.5789,19,0.7692,13,0.8,5,CRWD,5,15,1444,1449
1205,302,63,0.4444,0.5235,0.749,0.2736,0.4444,0.4444,63,0.4839,31,0.4839,31,CRWD,5,16,1507,1512
1256,314,63,0.619,0.5913,0.6721,0.2395,0.4444,0.5625,32,0.5625,32,0.4583,24,CRWD,5,17,1570,1575
1306,327,63,0.5556,0.7031,0.6739,0.2408,0.4921,0.5263,57,0.5263,57,0.7083,24,CRWD,5,18,1633,1638
399,100,63,0.4444,0.4684,2.2614,0.3773,0.4444,0.4444,63,0.4444,63,0.4444,63,DDOG,5,0,499,504
449,113,63,0.5079,0.4914,2.6571,0.3583,0.4762,0.4918,61,0.4918,61,0.5,60,DDOG,5,1,562,567
500,125,63,0.4603,0.5426,0.8025,0.2916,0.4127,0.42,50,0.4762,21,0.4762,21,DDOG,5,2,625,630
550,138,63,0.5873,0.4939,0.7931,0.2796,0.4444,1.0,2,1.0,2,1.0,2,DDOG,5,3,688,693
600,151,63,0.5714,0.4789,1.4154,0.284,0.3968,0.25,4,0.25,4,0.25,4,DDOG,5,4,751,756
651,163,63,0.6032,0.5405,0.6769,0.2419,0.4127,0.5333,15,0.5333,15,,0,DDOG,5,5,814,819
701,176,63,0.3333,0.4833,0.8054,0.3049,0.7143,0.6667,9,0.6667,9,0.6667,9,DDOG,5,6,877,882
752,188,63,0.4603,0.5699,0.9361,0.2632,0.4444,0.4444,54,,0,,0,DDOG,5,7,940,945
802,201,63,0.6508,0.3559,0.6854,0.2461,0.6508,0.6508,63,0.3333,3,0.3333,3,DDOG,5,8,1003,1008
852,214,63,0.5556,0.5,0.6871,0.247,0.5556,0.5556,63,0.5556,63,,0,DDOG,5,9,1066,1071
903,226,63,0.5079,0.4113,0.7215,0.2638,0.5079,0.5085,59,0.0,6,0.0,6,DDOG,5,10,1129,1134
953,239,63,0.5079,0.625,0.6838,0.2456,0.5079,0.5079,63,0.625,32,0.625,32,DDOG,5,11,1192,1197
1004,251,63,0.5079,0.4551,3.2356,0.337,0.4762,0.4865,37,0.4865,37,,0,DDOG,5,12,1255,1260
1054,264,63,0.4603,0.6383,0.6986,0.2525,0.4127,0.42,50,0.5263,19,0.5294,17,DDOG,5,13,1318,1323
1104,277,63,0.254,0.6189,0.775,0.2906,0.8413,0.875,8,,0,,0,DDOG,5,14,1381,1386
1155,289,63,0.5556,0.5301,0.686,0.2464,0.5556,0.5556,63,1.0,1,1.0,1,DDOG,5,15,1444,1449
1205,302,63,0.3333,0.4082,0.7475,0.277,0.3333,0.3333,63,0.25,36,1.0,1,DDOG,5,16,1507,1512
1256,314,63,0.5397,0.5313,0.69,0.2485,0.5238,0.5455,44,1.0,1,,0,DDOG,5,17,1570,1575
399,100,63,0.4921,0.4925,1.1619,0.2692,0.381,0.375,32,,0,,0,DNA,5,0,499,504
449,113,63,0.6349,0.4842,0.6676,0.2365,0.3651,,0,,0,,0,DNA,5,1,562,567
500,125,63,0.7619,0.4319,0.6304,0.2188,0.2381,,0,,0,,0,DNA,5,2,625,630
550,138,63,0.5714,0.5138,0.7072,0.2557,0.4444,0.6667,3,,0,,0,DNA,5,3,688,693
600,151,63,0.4286,0.6487,0.8871,0.3335,0.5714,,0,,0,,0,DNA,5,4,751,756
651,163,63,0.4762,0.3306,1.4594,0.3045,0.4127,0.0,7,0.0,7,0.0,7,DNA,5,5,814,819
701,176,63,0.5397,0.4102,0.7204,0.263,0.5556,0.5652,46,0.2857,7,0.4,5,DNA,5,6,877,882
752,188,63,0.4921,0.4449,0.7002,0.2535,0.4444,0.3571,14,,0,,0,DNA,5,7,940,945
802,201,63,0.619,0.6,0.6604,0.235,0.5238,0.5789,57,,0,,0,DNA,5,8,1003,1008
852,214,63,0.619,0.6827,0.6704,0.2387,0.4444,0.5476,42,0.625,16,0.625,16,DNA,5,9,1066,1071
399,100,63,0.4762,0.5408,2.1623,0.3258,0.6349,0.6667,21,0.6667,21,0.7857,14,DUOL,5,0,499,504
449,113,63,0.5238,0.5368,0.7319,0.2702,0.3968,0.449,49,0.449,49,0.4186,43,DUOL,5,1,562,567
500,125,63,0.4762,0.4531,0.704,0.2568,0.5079,0.4857,35,0.4857,35,1.0,1,DUOL,5,2,625,630
550,138,63,0.381,0.5359,0.9007,0.2553,0.4127,0.3725,51,0.3725,51,0.875,8,DUOL,5,3,688,693
600,151,63,0.254,0.5708,1.4487,0.3872,0.7937,1.0,3,1.0,3,1.0,3,DUOL,5,4,751,756
651,163,63,0.3968,0.3732,1.004,0.2936,0.4762,0.2778,18,0.2941,17,0.2857,14,DUOL,5,5,814,819
701,176,63,0.6508,0.4848,1.5685,0.2604,0.6349,0.6452,62,0.6393,61,0.5556,9,DUOL,5,6,877,882
752,188,63,0.1746,0.1827,0.8763,0.3395,0.1746,0.1746,63,0.1746,63,0.0,33,DUOL,5,7,940,945
802,201,63,0.619,0.5118,0.6668,0.2398,0.381,,0,,0,,0,DUOL,5,8,1003,1008
852,214,63,0.7778,0.4898,0.6023,0.2051,0.2222,,0,,0,,0,DUOL,5,9,1066,1071
399,100,63,0.619,0.5873,0.684,0.2451,0.6667,0.6731,52,0.8125,16,0.8125,16,ETSY,5,0,499,504
449,113,63,0.3968,0.6429,7.7689,0.54,0.6667,1.0,4,,0,,0,ETSY,5,1,562,567
500,125,63,0.5873,0.5746,0.7285,0.2652,0.5079,0.5536,56,0.5536,56,0.5455,55,ETSY,5,2,625,630
550,138,63,0.619,0.6258,0.6338,0.2208,0.6508,0.7429,35,0.7429,35,0.7429,35,ETSY,5,3,688,693
600,151,63,0.4444,0.6546,0.9932,0.2835,0.4444,0.4407,59,0.463,54,0.5938,32,ETSY,5,4,751,756
651,163,63,0.5397,0.5434,0.6601,0.2415,0.4762,0.5085,59,0.4615,13,0.4444,9,ETSY,5,5,814,819
701,176,63,0.5397,0.5787,0.6598,0.234,0.6508,0.65,40,0.9286,14,0.9286,14,ETSY,5,6,877,882
752,188,63,0.2381,0.2536,0.8201,0.3125,0.3016,0.1628,43,0.1429,42,0.1429,42,ETSY,5,7,940,945
802,201,63,0.6984,0.4809,0.6794,0.2432,0.3016,,0,,0,,0,ETSY,5,8,1003,1008
852,214,63,0.4127,0.5011,0.7796,0.292,0.619,0.625,8,0.6,5,0.6,5,ETSY,5,9,1066,1071
903,226,63,0.4921,0.497,1.4082,0.2833,0.5079,0.5,6,0.5,6,0.5,6,ETSY,5,10,1129,1134
953,239,63,0.5079,0.7195,0.6988,0.253,0.6508,1.0,10,1.0,10,1.0,10,ETSY,5,11,1192,1197
1004,251,63,0.381,0.3943,4.5544,0.4377,0.2222,0.2093,43,0.1351,37,0.1111,18,ETSY,5,12,1255,1260
1054,264,63,0.4286,0.4103,1.1962,0.2832,0.4921,0.4419,43,0.45,40,0.0,2,ETSY,5,13,1318,1323
1104,277,63,0.5556,0.6049,0.6928,0.2498,0.3651,0.4359,39,0.4167,12,,0,ETSY,5,14,1381,1386
1155,289,63,0.4603,0.4599,0.7225,0.2644,0.5714,0.6667,6,,0,,0,ETSY,5,15,1444,1449
1205,302,63,0.6349,0.5288,0.6687,0.2378,0.381,0.6667,3,0.6667,3,0.6667,3,ETSY,5,16,1507,1512
1256,314,63,0.6508,0.692,0.6671,0.2369,0.5079,0.6136,44,0.5,2,0.5,2,ETSY,5,17,1570,1575
1306,327,63,0.4921,0.427,2.6387,0.3439,0.5397,0.5312,32,0.5,26,0.3889,18,ETSY,5,18,1633,1638
1356,340,63,0.4286,0.4379,0.7062,0.2565,0.5238,0.4211,19,,0,,0,ETSY,5,19,1696,1701
1407,352,63,0.3651,0.3483,1.678,0.3057,0.4286,0.3415,41,0.0,5,0.0,5,ETSY,5,20,1759,1764
1457,365,63,0.4127,0.5437,0.7038,0.2553,0.5873,,0,,0,,0,ETSY,5,21,1822,1827
1508,377,63,0.5714,0.5179,0.6846,0.2459,0.5556,0.5645,62,,0,,0,ETSY,5,22,1885,1890
1558,390,63,0.5238,0.5267,0.7038,0.2537,0.4921,0.5106,47,,0,,0,ETSY,5,23,1948,1953
1608,403,63,0.6349,0.5652,0.6861,0.2465,0.6349,0.6349,63,1.0,2,,0,ETSY,5,24,2011,2016
399,100,63,0.6032,0.6695,0.6371,0.2233,0.6032,0.6032,63,0.6032,63,0.75,28,FIVN,5,0,499,504
449,113,63,0.6032,0.5043,0.6701,0.2388,0.6349,0.6316,57,0.6346,52,0.6216,37,FIVN,5,1,562,567
500,125,63,0.6984,0.4587,0.6927,0.2481,0.6984,0.6984,63,0.5882,17,0.4444,9,FIVN,5,2,625,630
550,138,63,0.5238,0.4518,1.6582,0.2993,0.5397,0.54,50,0.5,38,0.5,38,FIVN,5,3,688,693
600,151,63,0.5079,0.5248,0.9339,0.2632,0.5397,0.5254,59,0.5273,55,0.5273,55,FIVN,5,4,751,756
651,163,63,0.6667,0.4081,2.0733,0.2868,0.6825,0.6774,62,0.6774,62,0.6111,18,FIVN,5,5,814,819
701,176,63,0.4286,0.7452,1.0586,0.3446,0.381,0.4,60,0.5,48,0.525,40,FIVN,5,6,877,882
752,188,63,0.381,0.5956,0.9363,0.3593,0.381,0.381,63,0.381,63,0.381,63,FIVN,5,7,940,945
802,201,63,0.4762,0.4561,0.9459,0.2672,0.4762,0.4444,27,0.2941,17,0.0,1,FIVN,5,8,1003,1008
852,214,63,0.5556,0.6456,1.4839,0.2338,0.5714,0.5667,60,0.8095,21,0.8095,21,FIVN,5,9,1066,1071
903,226,63,0.746,0.698,0.5519,0.189,0.3016,0.7143,7,0.7143,7,0.7143,7,FIVN,5,10,1129,1134
953,239,63,0.3333,0.4247,3.2774,0.4368,0.7143,0.7143,7,0.7143,7,0.7143,7,FIVN,5,11,1192,1197
1004,251,63,0.4603,0.5011,0.7192,0.2628,0.3333,0.3243,37,0.3226,31,0.35,20,FIVN,5,12,1255,1260
1054,264,63,0.5556,0.5185,1.8303,0.2813,0.6349,0.7143,28,0.68,25,0.6667,24,FIVN,5,13,1318,1323
1104,277,63,0.619,0.6829,0.6675,0.2375,0.3492,0.4688,32,0.8571,7,0.8571,7,FIVN,5,14,1381,1386
1155,289,63,0.4286,0.7788,0.6823,0.2447,0.5714,,0,,0,,0,FIVN,5,15,1444,1449
1205,302,63,0.5079,0.4689,0.738,0.2696,0.4444,0.3636,11,0.3636,11,0.3,10,FIVN,5,16,1507,1512
1256,314,63,0.4127,0.4898,0.7356,0.2712,0.3333,0.3261,46,0.3261,46,0.0,1,FIVN,5,17,1570,1575
1306,327,63,0.5079,0.4068,0.7184,0.2622,0.4921,0.5,14,0.5385,13,0.4,10,FIVN,5,18,1633,1638
1356,340,63,0.3968,0.5526,0.7237,0.2654,0.6032,,0,,0,,0,FIVN,5,19,1696,1701
1407,352,63,0.3651,0.5262,0.6958,0.2514,0.4286,0.3898,59,0.6429,14,0.6429,14,FIVN,5,20,1759,1764
1457,365,63,0.5714,0.5179,0.6885,0.2477,0.4444,1.0,1,,0,,0,FIVN,5,21,1822,1827
1508,377,63,0.5873,0.5517,0.6618,0.2359,0.4603,1.0,3,1.0,3,1.0,3,FIVN,5,22,1885,1890
1558,390,63,0.6349,0.5989,0.6708,0.2387,0.3651,0.5,10,0.5,10,0.5,10,FIVN,5,23,1948,1953
1608,403,63,0.4762,0.5045,0.6911,0.249,0.4762,0.4545,33,0.7,10,0.7,10,FIVN,5,24,2011,2016
399,100,63,0.6032,0.4918,0.7198,0.2577,0.3651,0.4286,14,1.0,1,1.0,1,FSLY,5,0,499,504
449,113,63,0.5556,0.5,0.6905,0.2487,0.4444,,0,,0,,0,FSLY,5,1,562,567
500,125,63,0.7302,0.4137,1.3538,0.2583,0.2698,,0,,0,,0,FSLY,5,2,625,630
550,138,63,0.5556,0.5,0.6896,0.2482,0.4444,,0,,0,,0,FSLY,5,3,688,693
600,151,63,0.5714,0.5458,0.8567,0.294,0.3968,0.4,10,0.4,10,0.4,10,FSLY,5,4,751,756
651,163,63,0.4762,0.6136,0.7612,0.2831,0.5397,0.5385,13,0.25,8,1.0,1,FSLY,5,5,814,819
701,176,63,0.4603,0.4959,1.4959,0.3198,0.6825,0.6452,31,0.6923,26,0.6923,26,FSLY,5,6,877,882
752,188,63,0.619,0.7245,0.8576,0.2278,0.6508,0.84,25,0.84,25,0.84,25,FSLY,5,7,940,945
802,201,63,0.5556,0.5263,0.7308,0.262,0.4762,0.5417,24,0.5417,24,0.5417,24,FSLY,5,8,1003,1008
852,214,63,0.4762,0.473,2.1682,0.3328,0.4127,0.3704,27,0.3704,27,0.3704,27,FSLY,5,9,1066,1071
903,226,63,0.5873,0.5096,1.8723,0.2952,0.5079,0.5577,52,0.5577,52,0.5577,52,FSLY,5,10,1129,1134
953,239,63,0.3333,0.5357,0.8021,0.3032,0.3333,0.3333,63,0.3333,63,0.35,60,FSLY,5,11,1192,1197
1004,251,63,0.4444,0.5,0.695,0.2509,0.5556,,0,,0,,0,FSLY,5,12,1255,1260
1054,264,63,0.4921,0.6195,0.6773,0.2435,0.5079,,0,,0,,0,FSLY,5,13,1318,1323
1104,277,63,0.4762,0.5065,0.6861,0.2465,0.3651,0.375,40,,0,,0,FSLY,5,14,1381,1386
1155,289,63,0.5714,0.597,0.6829,0.2415,0.4762,0.5306,49,1.0,2,1.0,1,FSLY,5,15,1444,1449
1205,302,63,0.3651,0.4674,0.7258,0.2663,0.6349,,0,,0,,0,FSLY,5,16,1507,1512
1256,314,63,0.4127,0.6767,0.6878,0.2474,0.4127,0.4127,63,0.75,16,,0,FSLY,5,17,1570,1575
1306,327,63,0.6032,0.4813,0.7431,0.2671,0.5873,0.6304,46,0.6304,46,0.6304,46,FSLY,5,18,1633,1638
399,100,63,0.619,0.5208,0.6859,0.2447,0.619,0.619,63,0.6275,51,0.6327,49,FTNT,5,0,499,504
449,113,63,0.5079,0.4867,0.7559,0.2715,0.6508,0.6667,30,0.6667,30,0.6667,30,FTNT,5,1,562,567
500,125,63,0.4762,0.5016,0.7156,0.261,0.4127,0.3793,29,0.3889,18,0.4118,17,FTNT,5,2,625,630
550,138,63,0.7143,0.4988,0.8702,0.237,0.7143,0.7143,63,0.6957,23,0.6957,23,FTNT,5,3,688,693
600,151,63,0.7302,0.5665,0.5999,0.2083,0.7302,0.7302,63,0.75,52,0.75,52,FTNT,5,4,751,756
651,163,63,0.873,0.3966,0.557,0.1853,0.873,0.873,63,0.873,63,0.8333,18,FTNT,5,5,814,819
701,176,63,0.6349,0.4815,1.8715,0.2914,0.6349,0.6349,63,0.6349,63,0.6349,63,FTNT,5,6,877,882
752,188,63,0.5079,0.4783,1.2835,0.3209,0.5079,0.5079,63,0.5079,63,0.5079,63,FTNT,5,7,940,945
802,201,63,0.4762,0.4697,1.4646,0.3073,0.4762,0.4762,63,0.4762,63,0.4762,63,FTNT,5,8,1003,1008
852,214,63,0.5873,0.5021,0.6831,0.2446,0.5873,0.5873,63,0.5873,63,0.5873,63,FTNT,5,9,1066,1071
903,226,63,0.6032,0.6626,0.6567,0.2331,0.4762,0.561,41,0.5862,29,0.6296,27,FTNT,5,10,1129,1134
953,239,63,0.5556,0.5299,0.7014,0.2537,0.4603,0.5106,47,0.4583,24,0.3529,17,FTNT,5,11,1192,1197
1004,251,63,0.5079,0.6614,0.6966,0.2518,0.6349,0.8462,13,1.0,4,1.0,4,FTNT,5,12,1255,1260
1054,264,63,0.4286,0.5263,0.8606,0.3274,0.6032,1.0,2,,0,,0,FTNT,5,13,1318,1323
1104,277,63,0.4603,0.7642,0.6259,0.2192,0.4603,0.4603,63,0.9231,13,0.9231,13,FTNT,5,14,1381,1386
1155,289,63,0.7143,0.4475,0.9112,0.2513,0.746,0.7544,57,0.6316,19,0.7,10,FTNT,5,15,1444,1449
1205,302,63,0.4286,0.4061,0.7198,0.2632,0.4444,0.3333,24,0.3043,23,,0,FTNT,5,16,1507,1512
1256,314,63,0.4286,0.6548,0.7293,0.268,0.4286,0.4286,63,0.4286,63,0.625,16,FTNT,5,17,1570,1575
1306,327,63,0.4127,0.4005,0.8573,0.3208,0.6032,0.5116,43,,0,,0,FTNT,5,18,1633,1638
1356,340,63,0.6825,0.5698,0.6861,0.2465,0.6825,0.6825,63,,0,,0,FTNT,5,19,1696,1701
1407,352,63,0.4762,0.5,0.6982,0.2525,0.4762,0.4762,63,,0,,0,FTNT,5,20,1759,1764
1457,365,63,0.381,0.5139,0.7396,0.2731,0.3492,0.3559,59,0.3559,59,,0,FTNT,5,21,1822,1827
1508,377,63,0.5873,0.5,0.6871,0.247,0.6032,0.5968,62,,0,,0,FTNT,5,22,1885,1890
1558,390,63,0.4603,0.502,0.6967,0.2518,0.4603,0.4603,63,0.5,2,,0,FTNT,5,23,1948,1953
1608,403,63,0.5397,0.5139,0.6997,0.2532,0.5714,0.5814,43,,0,,0,FTNT,5,24,2011,2016
399,100,63,0.5397,0.4749,1.9073,0.3107,0.381,0.3684,19,0.3333,18,0.3333,18,GM,5,0,499,504
449,113,63,0.5079,0.4551,0.7229,0.2645,0.4921,,0,,0,,0,GM,5,1,562,567
500,125,63,0.3016,0.5999,3.6164,0.3998,0.6984,,0,,0,,0,GM,5,2,625,630
550,138,63,0.619,0.6891,0.6626,0.2349,0.619,0.619,63,1.0,9,1.0,8,GM,5,3,688,693
600,151,63,0.4921,0.5,0.7083,0.2575,0.5079,,0,,0,,0,GM,5,4,751,756
651,163,63,0.4921,0.5918,0.6514,0.2339,0.4444,0.4667,60,1.0,3,1.0,2,GM,5,5,814,819
701,176,63,0.4127,0.372,0.8716,0.3211,0.5079,0.4,25,,0,,0,GM,5,6,877,882
752,188,63,0.619,0.6177,1.1345,0.256,0.4762,0.75,12,1.0,1,,0,GM,5,7,940,945
802,201,63,0.6667,0.6707,2.9552,0.3068,0.3492,0.5238,21,0.5238,21,0.5238,21,GM,5,8,1003,1008
852,214,63,0.5238,0.5492,4.3827,0.3746,0.4603,0.4865,37,0.5,36,0.5143,35,GM,5,9,1066,1071
903,226,63,0.7302,0.7668,0.6104,0.2163,0.6032,0.8889,27,0.8462,13,1.0,5,GM,5,10,1129,1134
953,239,63,0.5873,0.6376,0.6588,0.2343,0.4921,0.6316,19,0.75,4,1.0,1,GM,5,11,1192,1197
1004,251,63,0.5079,0.5468,0.7716,0.2838,0.3968,0.3846,26,0.3478,23,0.3889,18,GM,5,12,1255,1260
1054,264,63,0.6032,0.6699,0.6783,0.2427,0.5556,0.6786,28,0.7,10,,0,GM,5,13,1318,1323
1104,277,63,0.3016,0.6089,2.0021,0.3621,0.3016,0.3016,63,0.3065,62,0.3065,62,GM,5,14,1381,1386
1155,289,63,0.3651,0.587,0.6924,0.2498,0.6349,,0,,0,,0,GM,5,15,1444,1449
1205,302,63,0.5079,0.5534,1.5027,0.3676,0.619,0.7857,14,,0,,0,GM,5,16,1507,1512
1256,314,63,0.3333,0.3379,0.7678,0.2864,0.4762,0.3421,38,,0,,0,GM,5,17,1570,1575
1306,327,63,0.3651,0.5,0.6994,0.2531,0.6349,,0,,0,,0,GM,5,18,1633,1638
1356,340,63,0.3492,0.4878,0.7108,0.2588,0.3492,0.3492,63,,0,,0,GM,5,19,1696,1701
1407,352,63,0.5397,0.5,0.6914,0.2491,0.5397,0.5397,63,,0,,0,GM,5,20,1759,1764
1457,365,63,0.5556,0.5,0.6886,0.2477,0.5556,0.5556,63,,0,,0,GM,5,21,1822,1827
1508,377,63,0.6825,0.5,0.6777,0.2423,0.6825,0.6825,63,,0,,0,GM,5,22,1885,1890
1558,390,63,0.4603,0.5478,5.5871,0.433,0.5714,0.75,4,,0,,0,GM,5,23,1948,1953
1608,403,63,0.5238,0.5143,0.7,0.2534,0.4444,0.4615,26,0.4615,26,,0,GM,5,24,2011,2016
399,100,63,0.5556,0.628,1.604,0.2775,0.4921,0.5319,47,0.5319,47,0.5319,47,GME,5,0,499,504
449,113,63,0.5873,0.5482,0.8988,0.2454,0.3492,0.4091,22,0.5,2,0.5,2,GME,5,1,562,567
500,125,63,0.3968,0.6486,0.9293,0.3394,0.6508,1.0,3,1.0,1,1.0,1,GME,5,2,625,630
550,138,63,0.5238,0.6258,2.1849,0.3298,0.6508,0.8667,15,0.9091,11,,0,GME,5,3,688,693
600,151,63,0.5714,0.7339,0.6906,0.2448,0.4127,0.4894,47,0.625,32,0.6154,13,GME,5,4,751,756
651,163,63,0.5556,0.6147,0.9491,0.3358,0.3651,0.4359,39,0.4474,38,0.4474,38,GME,5,5,814,819
701,176,63,0.4762,0.5816,1.1528,0.2671,0.5556,1.0,2,1.0,2,1.0,2,GME,5,6,877,882
752,188,63,0.4762,0.4169,1.0371,0.3111,0.3175,0.2593,27,0.2593,27,0.2593,27,GME,5,7,940,945
802,201,63,0.6032,0.5505,0.6638,0.2357,0.3968,,0,,0,,0,GME,5,8,1003,1008
852,214,63,0.4286,0.5669,0.7183,0.2623,0.5714,,0,,0,,0,GME,5,9,1066,1071
903,226,63,0.5238,0.5107,0.7321,0.261,0.4444,0.4762,42,,0,,0,GME,5,10,1129,1134
953,239,63,0.4444,0.4212,0.704,0.2554,0.3333,0.2667,30,,0,,0,GME,5,11,1192,1197
1004,251,63,0.6667,0.5646,0.8898,0.2394,0.3333,,0,,0,,0,GME,5,12,1255,1260
1054,264,63,0.4921,0.5549,0.728,0.2704,0.5079,0.5,6,,0,,0,GME,5,13,1318,1323
1104,277,63,0.6984,0.6561,0.6417,0.2246,0.3016,,0,,0,,0,GME,5,14,1381,1386
1155,289,63,0.6508,0.5828,1.14,0.256,0.4286,0.7778,9,,0,,0,GME,5,15,1444,1449
1205,302,63,0.4921,0.4621,0.7096,0.2575,0.3968,0.3793,29,,0,,0,GME,5,16,1507,1512
1256,314,63,0.5238,0.4939,1.9191,0.3088,0.4762,,0,,0,,0,GME,5,17,1570,1575
1306,327,63,0.5079,0.7581,0.6368,0.2268,0.5397,1.0,3,1.0,3,1.0,3,GME,5,18,1633,1638
1356,340,63,0.4286,0.3765,0.8514,0.3226,0.5556,0.3333,3,,0,,0,GME,5,19,1696,1701
1407,352,63,0.6032,0.5864,0.9206,0.2547,0.5714,0.641,39,0.6471,17,,0,GME,5,20,1759,1764
1457,365,63,0.5397,0.5662,0.6843,0.2457,0.5238,0.5455,44,,0,,0,GME,5,21,1822,1827
1508,377,63,0.4444,0.4599,0.7725,0.2797,0.4603,0.44,50,,0,,0,GME,5,22,1885,1890
1558,390,63,0.4921,0.498,0.6988,0.2528,0.5238,0.5085,59,0.6,10,,0,GME,5,23,1948,1953
1608,403,63,0.4444,0.4227,0.7195,0.2631,0.4762,0.4138,29,0.0,4,,0,GME,5,24,2011,2016
399,100,63,0.6032,0.4395,0.7309,0.2644,0.6032,0.6032,63,0.6032,63,0.5556,36,GOOG,5,0,499,504
449,113,63,0.5238,0.4053,0.7022,0.254,0.6032,0.5741,54,0.5741,54,0.566,53,GOOG,5,1,562,567
500,125,63,0.6508,0.6375,0.592,0.2076,0.6508,0.661,59,0.661,59,0.7391,23,GOOG,5,2,625,630
550,138,63,0.6032,0.4058,0.7619,0.2742,0.6032,0.6032,63,0.6032,63,0.6032,63,GOOG,5,3,688,693
600,151,63,0.5079,0.491,0.676,0.2414,0.6984,0.6857,35,0.6765,34,0.7647,17,GOOG,5,4,751,756
651,163,63,0.7302,0.5,0.6085,0.2084,0.7302,0.7302,63,0.7302,63,0.7302,63,GOOG,5,5,814,819
701,176,63,0.6349,0.4609,0.6679,0.2359,0.6349,0.6349,63,0.6452,62,0.6452,62,GOOG,5,6,877,882
752,188,63,0.4127,0.5109,0.9078,0.3452,0.4127,0.4127,63,0.4127,63,0.4127,63,GOOG,5,7,940,945
802,201,63,0.3651,0.5,0.7654,0.2856,0.3651,0.3651,63,0.3651,63,,0,GOOG,5,8,1003,1008
852,214,63,0.4921,0.494,0.7086,0.2575,0.5079,0.5,54,,0,,0,GOOG,5,9,1066,1071
903,226,63,0.619,0.4915,0.6757,0.2412,0.381,,0,,0,,0,GOOG,5,10,1129,1134
953,239,63,0.4286,0.5165,0.7247,0.267,0.5714,,0,,0,,0,GOOG,5,11,1192,1197
1004,251,63,0.6032,0.6476,0.6692,0.241,0.5397,0.7647,17,,0,,0,GOOG,5,12,1255,1260
1054,264,63,0.4603,0.5505,1.161,0.3227,0.5556,1.0,1,,0,,0,GOOG,5,13,1318,1323
1104,277,63,0.5556,0.5566,0.6987,0.2527,0.5556,0.5778,45,,0,,0,GOOG,5,14,1381,1386
1155,289,63,0.6508,0.5012,0.6639,0.2355,0.6825,0.678,59,0.678,59,1.0,3,GOOG,5,15,1444,1449
1205,302,63,0.4762,0.5222,6.1272,0.4738,0.6508,0.7222,18,0.75,16,1.0,2,GOOG,5,16,1507,1512
1256,314,63,0.4603,0.641,0.6913,0.2493,0.4603,0.4603,63,0.64,25,0.6875,16,GOOG,5,17,1570,1575
1306,327,63,0.6349,0.525,0.6662,0.2366,0.6349,0.6349,63,0.6349,63,,0,GOOG,5,18,1633,1638
1356,340,63,0.5556,0.5,0.6887,0.2478,0.5556,0.5556,63,,0,,0,GOOG,5,19,1696,1701
1407,352,63,0.3651,0.6174,0.7549,0.2788,0.3651,0.3651,63,0.3548,62,0.0,2,GOOG,5,20,1759,1764
1457,365,63,0.4444,0.5379,0.6916,0.2493,0.746,0.8,20,1.0,1,1.0,1,GOOG,5,21,1822,1827
1508,377,63,0.7302,0.4827,0.6633,0.2356,0.7302,0.7302,63,0.6842,19,0.6842,19,GOOG,5,22,1885,1890
1558,390,63,0.5556,0.5092,0.7118,0.2568,0.5556,0.5556,63,0.5556,63,0.5946,37,GOOG,5,23,1948,1953
1608,403,63,0.6349,0.212,0.732,0.2671,0.6349,0.6349,63,0.5116,43,0.1818,11,GOOG,5,24,2011,2016
399,100,63,0.5873,0.5099,0.6817,0.244,0.5873,0.5873,63,0.5873,63,0.625,8,HUM,5,0,499,504
449,113,63,0.4921,0.4016,0.7272,0.266,0.6032,0.5682,44,0.5682,44,0.5682,44,HUM,5,1,562,567
500,125,63,0.6349,0.5741,0.6409,0.2256,0.5714,0.6102,59,0.6102,59,,0,HUM,5,2,625,630
550,138,63,0.5238,0.5959,1.3958,0.2796,0.4444,0.48,50,0.4783,46,0.4783,46,HUM,5,3,688,693
600,151,63,0.6508,0.5118,2.4821,0.284,0.7619,0.7826,46,0.8049,41,0.7812,32,HUM,5,4,751,756
651,163,63,0.4762,0.4631,0.8089,0.2881,0.4762,0.4762,63,0.4762,63,0.4118,17,HUM,5,5,814,819
701,176,63,0.4127,0.4765,0.7388,0.2726,0.4444,0.4043,47,0.4043,47,1.0,1,HUM,5,6,877,882
752,188,63,0.4127,0.5172,0.7246,0.2656,0.4127,0.4127,63,0.4127,63,0.75,4,HUM,5,7,940,945
802,201,63,0.4603,0.4523,0.7278,0.267,0.5397,,0,,0,,0,HUM,5,8,1003,1008
852,214,63,0.4444,0.4631,0.7379,0.2719,0.619,0.5714,28,0.6,15,0.75,8,HUM,5,9,1066,1071
903,226,63,0.381,0.4868,0.7485,0.2774,0.6032,0.3333,3,0.3333,3,,0,HUM,5,10,1129,1134
953,239,63,0.4762,0.5172,0.6962,0.2515,0.4603,0.4655,58,0.5,10,,0,HUM,5,11,1192,1197
1004,251,63,0.5873,0.4257,0.6999,0.2532,0.5873,0.5873,63,0.4737,19,0.4,5,HUM,5,12,1255,1260
1054,264,63,0.4286,0.6759,0.6551,0.2333,0.4286,0.4286,63,0.8462,13,0.8462,13,HUM,5,13,1318,1323
1104,277,63,0.4762,0.4773,0.6993,0.2531,0.5079,0.4839,31,0.3846,13,,0,HUM,5,14,1381,1386
1155,289,63,0.3968,0.4274,0.7228,0.2647,0.381,0.3871,62,0.3871,62,,0,HUM,5,15,1444,1449
1205,302,63,0.3651,0.4,0.6956,0.2512,0.4444,0.3846,52,,0,,0,HUM,5,16,1507,1512
1256,314,63,0.3968,0.6053,0.7104,0.2587,0.6032,,0,,0,,0,HUM,5,17,1570,1575
1306,327,63,0.5238,0.4636,0.7296,0.2657,0.4762,,0,,0,,0,HUM,5,18,1633,1638
1356,340,63,0.4762,0.4708,0.7262,0.2646,0.5079,0.4915,59,,0,,0,HUM,5,19,1696,1701
1407,352,63,0.4444,0.4964,0.695,0.2509,0.4444,0.4426,61,,0,,0,HUM,5,20,1759,1764
1457,365,63,0.4444,0.4857,0.7146,0.2595,0.5556,,0,,0,,0,HUM,5,21,1822,1827
1508,377,63,0.4921,0.4516,2.5758,0.3254,0.5079,,0,,0,,0,HUM,5,22,1885,1890
1558,390,63,0.4921,0.5789,0.6982,0.2525,0.3968,0.4386,57,,0,,0,HUM,5,23,1948,1953
1608,403,63,0.5873,0.4331,0.705,0.2558,0.6825,0.6604,53,0.0,1,,0,HUM,5,24,2011,2016
399,100,63,0.3333,0.5085,1.0604,0.3927,0.3333,0.3333,63,0.3333,63,0.3774,53,HY,5,0,499,504
449,113,63,0.4286,0.4907,1.1566,0.2666,0.5714,0.5,4,0.5,4,0.5,4,HY,5,1,562,567
500,125,63,0.4127,0.4791,0.9076,0.3396,0.5556,0.3333,6,,0,,0,HY,5,2,625,630
550,138,63,0.7619,0.4189,2.0723,0.2865,0.8413,0.8393,56,0.8049,41,,0,HY,5,3,688,693
600,151,63,0.381,0.4458,0.8526,0.3248,0.3968,0.3654,52,0.3654,52,0.3654,52,HY,5,4,751,756
651,163,63,0.3968,0.5625,0.7809,0.2897,0.381,0.3833,60,0.4231,26,0.4231,26,HY,5,5,814,819
701,176,63,0.2857,0.4258,2.3216,0.4749,0.2698,0.2742,62,0.2456,57,0.2391,46,HY,5,6,877,882
752,188,63,0.5714,0.5,0.6882,0.2474,0.4286,,0,,0,,0,HY,5,7,940,945
802,201,63,0.6984,0.5658,0.6066,0.2083,0.3016,,0,,0,,0,HY,5,8,1003,1008
852,214,63,0.4444,0.5388,0.9783,0.2858,0.5556,,0,,0,,0,HY,5,9,1066,1071
903,226,63,0.381,0.4179,0.7074,0.2571,0.4444,0.3962,53,,0,,0,HY,5,10,1129,1134
953,239,63,0.4286,0.4631,0.741,0.2721,0.5873,0.5385,13,0.5,12,0.5,12,HY,5,11,1192,1197
1004,251,63,0.5873,0.5,0.6898,0.2483,0.5873,0.5873,63,,0,,0,HY,5,12,1255,1260
1054,264,63,0.4444,0.5117,0.7066,0.2567,0.4444,0.4444,63,0.45,60,,0,HY,5,13,1318,1323
1104,277,63,0.6032,0.5,0.6916,0.2492,0.3968,,0,,0,,0,HY,5,14,1381,1386
1155,289,63,0.2222,0.1862,0.8629,0.3245,0.8254,0.5714,21,0.5714,21,,0,HY,5,15,1444,1449
1205,302,63,0.5556,0.5,0.6961,0.2513,0.5556,0.5556,63,0.5556,63,0.5556,63,HY,5,16,1507,1512
1256,314,63,0.3651,0.3626,2.3116,0.3822,0.4603,0.4,55,0.3158,19,0.3158,19,HY,5,17,1570,1575
1306,327,63,0.5556,0.5082,0.6883,0.2476,0.5556,0.5556,63,0.5833,12,0.5833,12,HY,5,18,1633,1638
1356,340,63,0.5397,0.5974,0.6959,0.2511,0.4444,0.4889,45,0.5135,37,0.0,1,HY,5,19,1696,1701
1407,352,63,0.4603,0.6702,0.913,0.3222,0.4762,0.4655,58,0.4655,58,0.6098,41,HY,5,20,1759,1764
1457,365,63,0.4603,0.5372,0.7195,0.2619,0.4444,0.4516,62,0.4737,38,0.4286,7,HY,5,21,1822,1827
1508,377,63,0.5397,0.5429,0.6905,0.2487,0.4444,0.4848,33,,0,,0,HY,5,22,1885,1890
1558,390,63,0.4286,0.4263,1.4528,0.3015,0.5238,0.44,25,0.44,25,0.44,25,HY,5,23,1948,1953
1608,403,63,0.4921,0.4919,0.7821,0.2905,0.4921,0.4921,63,0.4921,63,0.48,50,HY,5,24,2011,2016
399,100,63,0.5556,0.7025,0.6727,0.2399,0.4762,0.52,50,0.6571,35,0.6333,30,INSM,5,0,499,504
449,113,63,0.3492,0.3222,2.8503,0.4352,0.5873,0.4286,28,0.4286,28,0.5,24,INSM,5,1,562,567
500,125,63,0.3968,0.4658,3.437,0.4076,0.619,1.0,1,1.0,1,1.0,1,INSM,5,2,625,630
550,138,63,0.6032,0.4932,0.6751,0.2409,0.6032,0.6032,63,0.6032,63,0.6032,63,INSM,5,3,688,693
600,151,63,0.4762,0.5312,0.7245,0.2654,0.4127,0.4314,51,0.4314,51,,0,INSM,5,4,751,756
651,163,63,0.5397,0.6789,0.7105,0.2582,0.3968,0.4545,44,0.4828,29,0.5185,27,INSM,5,5,814,819
701,176,63,0.3651,0.2071,1.1272,0.3455,0.5556,0.1429,7,0.0,4,0.0,4,INSM,5,6,877,882
752,188,63,0.4921,0.4721,0.6878,0.2471,0.3175,0.2857,28,0.25,4,0.3333,3,INSM,5,7,940,945
802,201,63,0.4603,0.4833,0.7342,0.2688,0.5238,0.0,1,0.0,1,0.0,1,INSM,5,8,1003,1008
852,214,63,0.4921,0.5005,0.7053,0.2585,0.4921,0.4706,17,0.4706,17,0.4706,17,INSM,5,9,1066,1071
903,226,63,0.6508,0.5402,1.1198,0.2497,0.3651,0.6,5,0.6,5,0.6,5,INSM,5,10,1129,1134
953,239,63,0.5238,0.5031,0.7275,0.2668,0.5714,1.0,6,,0,,0,INSM,5,11,1192,1197
1004,251,63,0.5397,0.5669,1.1421,0.2603,0.4603,0.5,2,0.5,2,0.5,2,INSM,5,12,1255,1260
1054,264,63,0.4444,0.499,0.7162,0.2612,0.5397,0.3333,3,0.0,1,0.0,1,INSM,5,13,1318,1323
1104,277,63,0.5397,0.5958,0.6882,0.2461,0.4603,,0,,0,,0,INSM,5,14,1381,1386
1155,289,63,0.3651,0.3711,4.8012,0.4526,0.6032,0.4286,14,,0,,0,INSM,5,15,1444,1449
1205,302,63,0.5397,0.6013,0.6816,0.2443,0.4921,1.0,2,1.0,2,1.0,2,INSM,5,16,1507,1512
1256,314,63,0.4603,0.5335,0.6969,0.2522,0.5397,,0,,0,,0,INSM,5,17,1570,1575
1306,327,63,0.5873,0.572,0.6772,0.2421,0.4286,0.5385,13,0.5385,13,0.5385,13,INSM,5,18,1633,1638
1356,340,63,0.6667,0.7192,0.615,0.2141,0.5238,0.7308,26,0.8333,18,0.8333,18,INSM,5,19,1696,1701
1407,352,63,0.5556,0.6698,0.8854,0.2415,0.4286,0.4884,43,0.6667,21,0.65,20,INSM,5,20,1759,1764
1457,365,63,0.3175,0.5033,0.7367,0.2712,0.746,0.7,10,1.0,3,1.0,3,INSM,5,21,1822,1827
1508,377,63,0.3333,0.4847,0.7285,0.2676,0.7302,1.0,4,1.0,1,,0,INSM,5,22,1885,1890
1558,390,63,0.2063,0.218,0.8753,0.3364,0.3175,0.2321,56,0.1556,45,0.1786,28,INSM,5,23,1948,1953
1608,403,63,0.4127,0.5312,0.7165,0.2616,0.4127,0.4127,63,0.4255,47,,0,INSM,5,24,2011,2016
399,100,63,0.5238,0.6061,0.7363,0.2706,0.5238,0.5238,63,0.5238,63,0.5238,63,INTC,5,0,499,504
449,113,63,0.4762,0.4833,0.7439,0.2745,0.4762,0.4762,63,0.4762,63,0.4677,62,INTC,5,1,562,567
500,125,63,0.3651,0.5,0.6958,0.2513,0.6349,,0,,0,,0,INTC,5,2,625,630
550,138,63,0.7778,0.8152,1.7537,0.2481,0.6984,0.8261,46,0.9583,24,,0,INTC,5,3,688,693
600,151,63,0.4603,0.4808,1.2091,0.2938,0.5079,0.4583,24,0.4583,24,0.4583,24,INTC,5,4,751,756
651,163,63,0.4603,0.501,3.3636,0.3813,0.4603,0.4603,63,0.4603,63,0.4603,63,INTC,5,5,814,819
701,176,63,0.4286,0.4974,1.0696,0.3067,0.4444,0.4231,52,0.4231,52,0.4231,52,INTC,5,6,877,882
752,188,63,0.4762,0.5314,0.682,0.2461,0.5397,1.0,1,1.0,1,1.0,1,INTC,5,7,940,945
802,201,63,0.6984,0.7583,0.5886,0.204,0.4127,0.6667,21,0.875,8,1.0,3,INTC,5,8,1003,1008
852,214,63,0.4444,0.6397,3.0248,0.4207,0.3492,0.386,57,0.386,57,0.386,57,INTC,5,9,1066,1071
903,226,63,0.381,0.6815,0.8074,0.2968,0.3651,0.371,62,0.4,55,0.4255,47,INTC,5,10,1129,1134
953,239,63,0.4286,0.5167,0.7458,0.2748,0.5238,0.3846,13,0.3846,13,,0,INTC,5,11,1192,1197
1004,251,63,0.5397,0.684,0.6726,0.2414,0.5079,1.0,3,1.0,2,1.0,2,INTC,5,12,1255,1260
1054,264,63,0.4444,0.5898,0.856,0.317,0.5556,0.5,4,1.0,1,1.0,1,INTC,5,13,1318,1323
1104,277,63,0.6349,0.5717,0.658,0.2325,0.5873,0.64,50,0.64,50,0.64,50,INTC,5,14,1381,1386
1155,289,63,0.5397,0.5347,0.6895,0.2483,0.6032,0.5882,51,0.75,12,0.75,12,INTC,5,15,1444,1449
1205,302,63,0.3492,0.7578,0.7579,0.2819,0.3492,0.3492,63,0.3667,60,0.4375,48,INTC,5,16,1507,1512
1256,314,63,0.4921,0.5833,2.4057,0.3337,0.4286,0.4561,57,0.5517,29,0.5357,28,INTC,5,17,1570,1575
1306,327,63,0.5873,0.4752,3.0102,0.3291,0.5397,0.5667,60,0.5667,60,0.5667,60,INTC,5,18,1633,1638
1356,340,63,0.4762,0.5512,0.7426,0.2743,0.3175,0.3673,49,0.3673,49,0.3673,49,INTC,5,19,1696,1701
1407,352,63,0.5714,0.5903,0.6843,0.2513,0.4444,0.5135,37,0.5135,37,0.5278,36,INTC,5,20,1759,1764
1457,365,63,0.5079,0.6946,0.668,0.2388,0.4921,,0,,0,,0,INTC,5,21,1822,1827
1508,377,63,0.3333,0.6651,0.8315,0.3168,0.6825,1.0,1,,0,,0,INTC,5,22,1885,1890
1558,390,63,0.4444,0.438,0.7892,0.2852,0.5079,0.0,3,,0,,0,INTC,5,23,1948,1953
1608,403,63,0.3968,0.3238,0.7798,0.2886,0.6825,0.5641,39,,0,,0,INTC,5,24,2011,2016
399,100,63,0.7143,0.4725,0.6185,0.2135,0.3016,1.0,1,,0,,0,IREN,5,0,499,504
449,113,63,0.381,0.4797,1.4425,0.3651,0.619,,0,,0,,0,IREN,5,1,562,567
500,125,63,0.6032,0.4179,1.1459,0.2597,0.3968,,0,,0,,0,IREN,5,2,625,630
550,138,63,0.4921,0.5766,0.7062,0.2563,0.5079,,0,,0,,0,IREN,5,3,688,693
600,151,63,0.5873,0.5811,1.0374,0.2904,0.4444,0.5333,30,0.5333,30,0.5333,30,IREN,5,4,751,756
651,163,63,0.6825,0.4936,3.7496,0.2965,0.6825,0.6825,63,0.6735,49,0.6735,49,IREN,5,5,814,819
701,176,63,0.7778,0.4712,0.8544,0.221,0.8254,0.8167,60,0.8167,60,0.8167,60,IREN,5,6,877,882
752,188,63,0.5238,0.5388,0.6828,0.2476,0.4921,0.5082,61,0.5263,19,0.5,18,IREN,5,7,940,945
802,201,63,0.5079,0.5,0.7563,0.2794,0.5079,0.5079,63,0.5079,63,0.5079,63,IREN,5,8,1003,1008
399,100,63,0.4762,0.5556,0.9511,0.2749,0.4762,0.4762,63,0.4915,59,0.4828,58,JNJ,5,0,499,504
449,113,63,0.5873,0.6597,0.6469,0.228,0.5397,0.58,50,0.8571,14,0.8571,14,JNJ,5,1,562,567
500,125,63,0.4921,0.4688,0.719,0.2627,0.4921,0.4815,27,0.4167,12,0.4167,12,JNJ,5,2,625,630
550,138,63,0.5238,0.4701,0.6694,0.2391,0.6984,0.675,40,0.675,40,0.675,40,JNJ,5,3,688,693
600,151,63,0.5397,0.5188,0.9801,0.2804,0.5397,0.5397,63,0.5484,62,0.5312,32,JNJ,5,4,751,756
651,163,63,0.254,0.1944,0.8343,0.3086,0.619,0.3667,30,0.2857,21,0.2,15,JNJ,5,5,814,819
701,176,63,0.3651,0.5679,0.7809,0.2892,0.3651,0.3651,63,0.4107,56,0.3636,11,JNJ,5,6,877,882
752,188,63,0.5556,0.569,0.6835,0.2454,0.5397,0.5484,62,,0,,0,JNJ,5,7,940,945
802,201,63,0.4921,0.5889,1.4091,0.2826,0.5238,0.5088,57,,0,,0,JNJ,5,8,1003,1008
852,214,63,0.6349,0.6615,0.6459,0.2293,0.4286,0.55,40,0.5278,36,1.0,3,JNJ,5,9,1066,1071
903,226,63,0.3968,0.3939,0.7151,0.2636,0.4444,0.3529,34,0.375,8,1.0,3,JNJ,5,10,1129,1134
953,239,63,0.4603,0.4041,0.7011,0.2539,0.4444,0.3636,22,0.3333,3,0.5,2,JNJ,5,11,1192,1197
1004,251,63,0.4286,0.4995,4.2483,0.4033,0.381,0.3571,42,0.3889,36,0.4,35,JNJ,5,12,1255,1260
1054,264,63,0.6349,0.5634,0.6358,0.2275,0.4603,1.0,6,1.0,4,1.0,4,JNJ,5,13,1318,1323
1104,277,63,0.7937,0.7642,0.5625,0.1928,0.2857,1.0,5,1.0,5,1.0,5,JNJ,5,14,1381,1386
1155,289,63,0.5397,0.4954,0.7061,0.2577,0.5556,0.8,10,0.8,10,0.8,10,JNJ,5,15,1444,1449
1205,302,63,0.5873,0.5429,1.8386,0.2838,0.4762,0.625,16,0.625,16,0.625,16,JNJ,5,16,1507,1512
1256,314,63,0.5079,0.5363,0.7209,0.2636,0.619,0.6818,22,0.6818,22,0.7143,21,JNJ,5,17,1570,1575
1306,327,63,0.5079,0.5674,1.5971,0.276,0.4603,0.4,10,,0,,0,JNJ,5,18,1633,1638
1356,340,63,0.4444,0.4755,0.7365,0.2715,0.4444,0.4255,47,0.4255,47,0.4255,47,JNJ,5,19,1696,1701
1407,352,63,0.4127,0.6377,0.7621,0.283,0.5873,,0,,0,,0,JNJ,5,20,1759,1764
1457,365,63,0.7302,0.7321,0.6234,0.2155,0.7143,0.78,50,0.9231,26,0.9231,26,JNJ,5,21,1822,1827
1508,377,63,0.4444,0.4777,4.1663,0.4165,0.5873,0.55,20,0.6429,14,,0,JNJ,5,22,1885,1890
1558,390,63,0.3175,0.4222,0.7034,0.2551,0.6984,0.5385,13,,0,,0,JNJ,5,23,1948,1953
1608,403,63,0.3968,0.428,0.7625,0.2835,0.4286,0.3778,45,0.3947,38,0.3704,27,JNJ,5,24,2011,2016
399,100,63,0.5714,0.5316,0.748,0.2749,0.3492,0.4324,37,0.4324,37,0.0909,11,KVUE,5,0,499,504
449,113,63,0.3968,0.5,0.7139,0.2603,0.3968,0.3968,63,,0,,0,KVUE,5,1,562,567
500,125,63,0.5556,0.589,0.681,0.2452,0.5714,0.6111,36,0.6429,28,0.6429,28,KVUE,5,2,625,630
399,100,63,0.5873,0.591,0.688,0.2473,0.5873,0.5873,63,0.5873,63,0.5873,63,LLY,5,0,499,504
449,113,63,0.4286,0.5,0.9155,0.3482,0.4286,0.4286,63,0.4286,63,0.4286,63,LLY,5,1,562,567
500,125,63,0.6508,0.6447,0.7016,0.2541,0.3016,0.4444,27,0.4444,27,0.4444,27,LLY,5,2,625,630
550,138,63,0.6508,0.6425,0.6417,0.2284,0.6508,0.7111,45,0.7111,45,0.7692,26,LLY,5,3,688,693
600,151,63,0.4762,0.5771,0.6997,0.2533,0.5079,0.3333,3,0.0,2,,0,LLY,5,4,751,756
651,163,63,0.4127,0.3333,0.7991,0.3005,0.7143,0.6111,36,0.5667,30,1.0,2,LLY,5,5,814,819
701,176,63,0.3968,0.3038,1.2641,0.316,0.5397,0.4615,52,0.4444,45,0.4444,45,LLY,5,6,877,882
752,188,63,0.3968,0.4712,0.7694,0.2852,0.381,0.3833,60,0.4,55,0.125,8,LLY,5,7,940,945
802,201,63,0.6667,0.5,0.6773,0.2421,0.6667,0.6667,63,,0,,0,LLY,5,8,1003,1008
852,214,63,0.5079,0.4879,0.9277,0.2597,0.5238,0.5167,60,,0,,0,LLY,5,9,1066,1071
903,226,63,0.619,0.5256,0.6764,0.2417,0.619,0.619,63,1.0,2,1.0,2,LLY,5,10,1129,1134
953,239,63,0.3492,0.3745,1.1772,0.2797,0.4286,0.2941,34,0.2941,34,0.2857,7,LLY,5,11,1192,1197
1004,251,63,0.6667,0.5825,0.6477,0.2275,0.7302,0.7119,59,0.8947,19,0.8824,17,LLY,5,12,1255,1260
1054,264,63,0.6032,0.3081,0.7005,0.2531,0.6825,0.6552,58,0.5357,28,0.0,1,LLY,5,13,1318,1323
1104,277,63,0.5873,0.5676,0.6485,0.2317,0.5873,0.5873,63,0.5873,63,1.0,5,LLY,5,14,1381,1386
1155,289,63,0.5556,0.576,0.913,0.2523,0.5556,0.5556,63,0.5556,63,0.7333,15,LLY,5,15,1444,1449
1205,302,63,0.5873,0.5078,0.6773,0.2421,0.5873,0.5873,63,0.5873,63,0.6667,3,LLY,5,16,1507,1512
1256,314,63,0.7143,0.5,0.618,0.213,0.7143,0.7143,63,0.7143,63,0.7143,63,LLY,5,17,1570,1575
1306,327,63,0.4444,0.5801,0.7781,0.2903,0.4444,0.4444,63,0.4444,63,0.4444,63,LLY,5,18,1633,1638
1356,340,63,0.6032,0.6547,2.3563,0.2498,0.6032,0.6032,63,0.6032,63,0.7,40,LLY,5,19,1696,1701
1407,352,63,0.4762,0.4359,1.0823,0.3221,0.4762,0.4762,63,0.4423,52,0.44,50,LLY,5,20,1759,1764
1457,365,63,0.4762,0.3712,0.7554,0.2796,0.4762,0.4762,63,0.4762,63,0.4762,63,LLY,5,21,1822,1827
1508,377,63,0.7302,0.4482,1.3369,0.2483,0.7302,0.7302,63,0.7302,63,0.6364,11,LLY,5,22,1885,1890
1558,390,63,0.4286,0.5304,0.6882,0.2476,0.619,0.8,5,0.8,5,0.8,5,LLY,5,23,1948,1953
1608,403,63,0.619,0.6,0.6828,0.2448,0.3968,0.5172,29,0.4783,23,,0,LLY,5,24,2011,2016
399,100,63,0.5873,0.5,0.6967,0.251,0.5873,0.5873,63,0.5873,63,0.5873,63,LULU,5,0,499,504
449,113,63,0.7143,0.4981,0.6031,0.2062,0.7143,0.7143,63,0.7143,63,0.7143,63,LULU,5,1,562,567
500,125,63,0.6349,0.4609,1.3361,0.2507,0.6349,0.6349,63,0.6349,63,0.6349,63,LULU,5,2,625,630
550,138,63,0.5079,0.5675,0.736,0.2695,0.5079,0.5079,63,0.5079,63,0.5079,63,LULU,5,3,688,693
600,151,63,0.4762,0.4732,0.7295,0.2675,0.4762,0.4762,63,0.4902,51,0.48,50,LULU,5,4,751,756
651,163,63,0.254,0.5729,0.7185,0.2626,0.7778,1.0,2,1.0,2,,0,LULU,5,5,814,819
701,176,63,0.5556,0.4604,1.2512,0.2791,0.5714,0.5645,62,0.5652,46,0.5652,46,LULU,5,6,877,882
752,188,63,0.2857,0.5,0.8019,0.3035,0.2857,0.2857,63,0.2857,63,0.2857,63,LULU,5,7,940,945
802,201,63,0.4762,0.5742,4.1534,0.3659,0.4762,0.4762,63,0.5641,39,0.5294,34,LULU,5,8,1003,1008
852,214,63,0.6825,0.7074,0.6309,0.2209,0.5397,0.675,40,0.675,40,0.675,40,LULU,5,9,1066,1071
903,226,63,0.4286,0.4168,0.7479,0.2768,0.5079,0.3,10,0.3,10,,0,LULU,5,10,1129,1134
953,239,63,0.5397,0.5685,1.2227,0.2904,0.5079,0.6154,13,,0,,0,LULU,5,11,1192,1197
1004,251,63,0.381,0.3373,0.7208,0.2637,0.5873,0.4615,26,,0,,0,LULU,5,12,1255,1260
1054,264,63,0.5238,0.4394,2.8416,0.3752,0.4762,0.5,8,,0,,0,LULU,5,13,1318,1323
1104,277,63,0.619,0.6133,1.996,0.3021,0.4127,0.6667,6,0.6667,6,,0,LULU,5,14,1381,1386
1155,289,63,0.5873,0.6728,0.6991,0.2526,0.6349,0.7917,24,1.0,5,,0,LULU,5,15,1444,1449
1205,302,63,0.4603,0.4771,0.7504,0.2797,0.4127,0.3824,34,0.3438,32,0.3438,32,LULU,5,16,1507,1512
1256,314,63,0.3175,0.5029,6.7261,0.5428,0.3175,0.3175,63,0.3333,48,0.3333,48,LULU,5,17,1570,1575
1306,327,63,0.6984,0.5,0.6765,0.2417,0.6984,0.6984,63,,0,,0,LULU,5,18,1633,1638
1356,340,63,0.5397,0.5478,0.9273,0.2578,0.5714,0.6,35,1.0,3,1.0,3,LULU,5,19,1696,1701
1407,352,63,0.5714,0.4922,0.6958,0.2513,0.4127,0.3333,3,0.3333,3,,0,LULU,5,20,1759,1764
1457,365,63,0.3492,0.4569,0.8029,0.3047,0.3333,0.2917,48,0.2917,48,0.2917,48,LULU,5,21,1822,1827
1508,377,63,0.4762,0.5454,0.7053,0.2559,0.4444,0.4576,59,0.5,22,0.5,20,LULU,5,22,1885,1890
1558,390,63,0.5238,0.5161,0.695,0.2509,0.4921,1.0,1,,0,,0,LULU,5,23,1948,1953
1608,403,63,0.4444,0.4571,1.1864,0.2781,0.4444,0.4444,63,0.0,3,0.0,3,LULU,5,24,2011,2016
399,100,63,0.5556,0.5015,0.6882,0.2475,0.5556,0.5556,63,0.5556,63,0.5833,12,LYFT,5,0,499,504
449,113,63,0.3492,0.5366,0.7329,0.2676,0.3492,0.3492,63,0.4286,14,0.4286,14,LYFT,5,1,562,567
500,125,63,0.5556,0.5405,2.1398,0.3119,0.3968,0.3846,13,0.3333,12,0.2727,11,LYFT,5,2,625,630
550,138,63,0.6984,0.7677,0.5976,0.2039,0.5238,0.6667,42,0.75,36,0.75,36,LYFT,5,3,688,693
600,151,63,0.5238,0.6031,0.7433,0.2714,0.3492,0.413,46,0.413,46,0.4348,23,LYFT,5,4,751,756
651,163,63,0.4127,0.3964,4.7657,0.4392,0.381,0.3333,39,0.3056,36,0.3235,34,LYFT,5,5,814,819
701,176,63,0.4762,0.3869,1.016,0.3,0.5397,1.0,1,1.0,1,1.0,1,LYFT,5,6,877,882
752,188,63,0.6667,0.8364,0.5858,0.2013,0.4286,1.0,6,1.0,2,1.0,2,LYFT,5,7,940,945
802,201,63,0.4603,0.5,0.7185,0.2626,0.5397,,0,,0,,0,LYFT,5,8,1003,1008
852,214,63,0.6349,0.5168,0.6742,0.2405,0.3651,,0,,0,,0,LYFT,5,9,1066,1071
903,226,63,0.5238,0.6053,0.692,0.2494,0.6032,1.0,8,,0,,0,LYFT,5,10,1129,1134
953,239,63,0.5397,0.4636,5.549,0.4157,0.4762,0.5556,9,,0,,0,LYFT,5,11,1192,1197
1004,251,63,0.4286,0.5621,0.6659,0.2366,0.1905,0.2273,44,0.0,2,,0,LYFT,5,12,1255,1260
1054,264,63,0.3968,0.5652,0.7142,0.2593,0.619,0.6,5,0.6,5,0.6,5,LYFT,5,13,1318,1323
1104,277,63,0.5556,0.5357,2.2812,0.294,0.4444,,0,,0,,0,LYFT,5,14,1381,1386
1155,289,63,0.5556,0.5625,0.671,0.242,0.5079,1.0,4,1.0,2,1.0,2,LYFT,5,15,1444,1449
1205,302,63,0.6032,0.5805,0.6639,0.2357,0.3968,,0,,0,,0,LYFT,5,16,1507,1512
1256,314,63,0.381,0.6109,0.726,0.2661,0.6349,1.0,1,,0,,0,LYFT,5,17,1570,1575
1306,327,63,0.4127,0.5205,0.9322,0.2605,0.3492,0.3729,59,0.3571,14,0.0,1,LYFT,5,18,1633,1638
1356,340,63,0.4444,0.6301,0.7084,0.2571,0.4444,0.4444,63,0.6,25,0.6,25,LYFT,5,19,1696,1701
399,100,63,0.8254,0.3514,0.6586,0.2328,0.8254,0.8254,63,0.7333,30,,0,META,5,0,499,504
449,113,63,0.5397,0.5,0.7467,0.2741,0.5397,0.5397,63,0.5397,63,0.5397,63,META,5,1,562,567
500,125,63,0.4921,0.5484,0.7567,0.28,0.4921,0.4921,63,0.4921,63,0.4921,63,META,5,2,625,630
550,138,63,0.6667,0.4405,0.6781,0.2426,0.6667,0.6667,63,0.6176,34,0.6176,34,META,5,3,688,693
600,151,63,0.5079,0.2611,2.186,0.3393,0.5079,0.5079,63,0.383,47,0.3125,16,META,5,4,751,756
651,163,63,0.6349,0.5,0.6709,0.2389,0.6349,0.6349,63,0.6349,63,,0,META,5,5,814,819
701,176,63,0.619,0.6154,0.6336,0.225,0.619,0.619,63,0.661,59,1.0,3,META,5,6,877,882
752,188,63,0.4444,0.5296,0.7209,0.2635,0.4444,0.4444,63,0.4848,33,0.4848,33,META,5,7,940,945
802,201,63,0.3968,0.4111,0.7496,0.2772,0.4127,0.3966,58,0.2667,15,0.2857,14,META,5,8,1003,1008
399,100,63,0.5397,0.3841,2.3676,0.3246,0.5079,0.5246,61,0.1667,12,0.1818,11,MP,5,0,499,504
449,113,63,0.4127,0.4563,0.7225,0.2644,0.4127,0.4127,63,0.375,24,0.0,2,MP,5,1,562,567
500,125,63,0.4286,0.5,0.6931,0.25,0.4286,0.4286,63,,0,,0,MP,5,2,625,630
550,138,63,0.5238,0.4278,0.7392,0.271,0.4127,0.375,16,0.375,16,0.625,8,MP,5,3,688,693
600,151,63,0.6349,0.6971,0.5627,0.1933,0.3175,0.4211,19,,0,,0,MP,5,4,751,756
651,163,63,0.619,0.6063,1.7968,0.2666,0.381,,0,,0,,0,MP,5,5,814,819
701,176,63,0.5397,0.5478,1.7257,0.3224,0.6349,0.7391,23,0.0,1,0.0,1,MP,5,6,877,882
752,188,63,0.4444,0.5296,2.3419,0.4049,0.5556,,0,,0,,0,MP,5,7,940,945
802,201,63,0.6349,0.611,0.6843,0.2452,0.6825,0.7778,36,0.7778,36,0.75,8,MP,5,8,1003,1008
852,214,63,0.4921,0.5379,0.6974,0.2521,0.4762,0.4839,62,0.5556,9,0.5556,9,MP,5,9,1066,1071
903,226,63,0.5079,0.4263,0.6954,0.2511,0.619,0.5769,52,0.5769,52,0.5769,52,MP,5,10,1129,1134
953,239,63,0.4762,0.5892,3.703,0.3577,0.4603,0.4677,62,0.4677,62,0.5312,32,MP,5,11,1192,1197
1004,251,63,0.5714,0.7,0.671,0.2392,0.4762,0.5283,53,0.5283,53,,0,MP,5,12,1255,1260
399,100,63,0.3492,0.4075,0.755,0.2786,0.5873,0.25,8,0.25,8,0.25,8,MRNA,5,0,499,504
449,113,63,0.6825,0.4783,0.6622,0.2343,0.7302,0.7167,60,0.7167,60,1.0,1,MRNA,5,1,562,567
500,125,63,0.5397,0.6121,0.6954,0.251,0.5397,0.5397,63,0.541,61,0.5849,53,MRNA,5,2,625,630
550,138,63,0.5556,0.5791,0.732,0.2664,0.5079,0.5357,56,0.5357,56,0.5357,56,MRNA,5,3,688,693
600,151,63,0.3968,0.4707,1.9737,0.3942,0.3651,0.3729,59,0.3729,59,0.3793,58,MRNA,5,4,751,756
651,163,63,0.6984,0.7126,0.6207,0.2157,0.5238,0.675,40,,0,,0,MRNA,5,5,814,819
701,176,63,0.6667,0.5595,1.7538,0.25,0.3333,,0,,0,,0,MRNA,5,6,877,882
752,188,63,0.3175,0.5634,1.6186,0.4424,0.6825,,0,,0,,0,MRNA,5,7,940,945
802,201,63,0.4921,0.5,0.7017,0.2542,0.5079,,0,,0,,0,MRNA,5,8,1003,1008
852,214,63,0.4286,0.5405,0.7333,0.2667,0.3968,0.3962,53,0.5,16,0.5,16,MRNA,5,9,1066,1071
903,226,63,0.6032,0.5457,1.1522,0.263,0.4127,0.5556,9,0.5,4,0.5,4,MRNA,5,10,1129,1134
953,239,63,0.619,0.6536,0.8488,0.2324,0.5556,0.7037,27,0.7,20,0.7,20,MRNA,5,11,1192,1197
1004,251,63,0.5556,0.5877,0.9837,0.2734,0.5079,0.5667,30,0.6,25,0.6,25,MRNA,5,12,1255,1260
1054,264,63,0.619,0.8742,0.6558,0.2321,0.5873,1.0,13,1.0,13,1.0,1,MRNA,5,13,1318,1323
1104,277,63,0.2222,0.5649,0.8107,0.3065,0.2222,0.2222,63,0.2917,24,0.3043,23,MRNA,5,14,1381,1386
1155,289,63,0.5873,0.5239,0.6958,0.251,0.3651,0.4,15,0.5455,11,0.25,4,MRNA,5,15,1444,1449
1205,302,63,0.6667,0.5593,0.8681,0.2331,0.381,0.8,5,0.8,5,0.8,5,MRNA,5,16,1507,1512
1256,314,63,0.3968,0.4484,0.773,0.2889,0.6032,0.5,2,,0,,0,MRNA,5,17,1570,1575
1306,327,63,0.4921,0.4533,0.7024,0.2545,0.4603,0.3333,9,1.0,1,1.0,1,MRNA,5,18,1633,1638
1356,340,63,0.3651,0.6967,0.738,0.2724,0.6349,,0,,0,,0,MRNA,5,19,1696,1701
1407,352,63,0.4603,0.5963,0.6988,0.2529,0.5397,,0,,0,,0,MRNA,5,20,1759,1764
399,100,63,0.6349,0.6036,0.8605,0.2351,0.619,0.629,62,0.629,62,0.629,62,MSFT,5,0,499,504
449,113,63,0.746,0.6349,0.8297,0.208,0.6825,0.7368,57,0.7368,57,0.75,56,MSFT,5,1,562,567
500,125,63,0.4603,0.6536,0.9931,0.2954,0.4444,0.4516,62,0.4516,62,0.4516,62,MSFT,5,2,625,630
550,138,63,0.5238,0.514,2.7167,0.3036,0.5873,0.566,53,0.5814,43,0.5814,43,MSFT,5,3,688,693
600,151,63,0.4127,0.4234,1.9159,0.3196,0.5714,0.4839,31,0.5,28,0.3333,3,MSFT,5,4,751,756
651,163,63,0.6984,0.4706,0.6603,0.2384,0.7302,0.7288,59,0.6429,14,0.875,8,MSFT,5,5,814,819
701,176,63,0.6032,0.4634,1.1518,0.261,0.6508,0.6333,60,0.6333,60,0.6333,60,MSFT,5,6,877,882
752,188,63,0.4127,0.6273,0.9674,0.2857,0.4127,0.4127,63,0.38,50,0.38,50,MSFT,5,7,940,945
802,201,63,0.4603,0.5421,0.7373,0.2714,0.4603,0.4603,63,0.4603,63,0.5333,15,MSFT,5,8,1003,1008
852,214,63,0.5238,0.7076,0.6753,0.2411,0.5238,0.5238,63,0.55,60,0.6944,36,MSFT,5,9,1066,1071
903,226,63,0.5079,0.4761,0.7165,0.2613,0.3651,0.3333,24,0.3333,24,0.3333,24,MSFT,5,10,1129,1134
953,239,63,0.3333,0.413,0.8242,0.3119,0.6508,0.4667,15,0.4667,15,0.4667,15,MSFT,5,11,1192,1197
1004,251,63,0.4762,0.5085,2.8578,0.356,0.6667,0.68,25,,0,,0,MSFT,5,12,1255,1260
1054,264,63,0.4286,0.499,7.2882,0.5189,0.5556,0.0,1,,0,,0,MSFT,5,13,1318,1323
1104,277,63,0.5238,0.4679,0.8396,0.3072,0.6032,0.6,40,0.6,40,,0,MSFT,5,14,1381,1386
1155,289,63,0.4127,0.4396,0.7776,0.2892,0.6984,0.6207,29,0.6207,29,,0,MSFT,5,15,1444,1449
1205,302,63,0.5556,0.5076,0.7056,0.2557,0.5397,0.5484,62,0.5484,62,0.5349,43,MSFT,5,16,1507,1512
1256,314,63,0.5556,0.5,0.6895,0.2481,0.5556,0.5556,63,0.5556,63,,0,MSFT,5,17,1570,1575
1306,327,63,0.5397,0.4853,0.7011,0.2539,0.5397,0.5397,63,0.5323,62,0.5323,62,MSFT,5,18,1633,1638
1356,340,63,0.5397,0.4938,0.6928,0.2498,0.5714,0.5574,61,0.5745,47,,0,MSFT,5,19,1696,1701
1407,352,63,0.5079,0.4788,0.7377,0.2692,0.5079,0.5079,63,0.5122,41,0.4211,19,MSFT,5,20,1759,1764
1457,365,63,0.8095,0.5319,0.6357,0.2214,0.8095,0.8095,63,0.8197,61,,0,MSFT,5,21,1822,1827
1508,377,63,0.5238,0.4854,0.9446,0.2673,0.5238,0.5238,63,0.5385,52,0.5,28,MSFT,5,22,1885,1890
1558,390,63,0.5238,0.5464,0.6968,0.2517,0.4444,0.4828,58,0.4912,57,0.2,5,MSFT,5,23,1948,1953
1608,403,63,0.4444,0.4704,0.7038,0.2553,0.4444,0.4444,63,0.0,4,,0,MSFT,5,24,2011,2016
399,100,63,0.4444,0.576,6.3315,0.4823,0.4444,0.4444,63,0.4444,63,0.4444,63,MU,5,0,499,504
449,113,63,0.5397,0.5546,0.6942,0.2505,0.5556,0.5517,58,0.5,6,0.6667,3,MU,5,1,562,567
500,125,63,0.4444,0.5383,0.7092,0.2576,0.5079,0.3846,13,1.0,1,1.0,1,MU,5,2,625,630
550,138,63,0.6825,0.4388,2.1379,0.3177,0.7778,0.7544,57,,0,,0,MU,5,3,688,693
600,151,63,0.5238,0.5667,0.7189,0.2623,0.5238,0.5238,63,0.5238,63,0.5238,63,MU,5,4,751,756
651,163,63,0.4286,0.5658,0.7497,0.2768,0.4286,0.4286,63,0.4643,56,0.52,25,MU,5,5,814,819
701,176,63,0.5397,0.538,0.6943,0.2519,0.4603,0.5,26,0.5,26,0.5,26,MU,5,6,877,882
752,188,63,0.5238,0.4562,0.722,0.2638,0.619,0.5918,49,,0,,0,MU,5,7,940,945
802,201,63,0.5714,0.5,0.6883,0.2476,0.4286,,0,,0,,0,MU,5,8,1003,1008
852,214,63,0.5238,0.5561,0.9199,0.2558,0.4762,0.5,14,0.5,2,0.5,2,MU,5,9,1066,1071
903,226,63,0.5238,0.4793,2.3906,0.3334,0.3651,0.3871,31,0.2143,14,0.2143,14,MU,5,10,1129,1134
953,239,63,0.4921,0.5389,0.7228,0.2617,0.5238,0.5238,21,1.0,1,,0,MU,5,11,1192,1197
1004,251,63,0.5873,0.4858,0.7083,0.2529,0.3968,0.4615,13,,0,,0,MU,5,12,1255,1260
1054,264,63,0.5079,0.6291,0.7094,0.2578,0.5556,0.75,8,1.0,2,,0,MU,5,13,1318,1323
1104,277,63,0.619,0.6286,0.664,0.2355,0.4444,0.5769,26,0.5769,26,,0,MU,5,14,1381,1386
1155,289,63,0.6032,0.5882,0.6984,0.2522,0.5079,0.6667,21,1.0,1,1.0,1,MU,5,15,1444,1449
1205,302,63,0.4603,0.5887,0.7024,0.2548,0.5397,,0,,0,,0,MU,5,16,1507,1512
1256,314,63,0.5238,0.4311,1.1749,0.2762,0.4286,0.0,3,0.0,3,0.0,3,MU,5,17,1570,1575
1306,327,63,0.5714,0.6133,0.6766,0.2419,0.5556,0.9,10,1.0,5,1.0,4,MU,5,18,1633,1638
1356,340,63,0.4762,0.5467,0.6919,0.2494,0.5397,0.6667,3,0.6667,3,0.6667,3,MU,5,19,1696,1701
1407,352,63,0.4921,0.5635,0.6999,0.2533,0.4921,0.4921,63,0.0,3,,0,MU,5,20,1759,1764
1457,365,63,0.4603,0.5342,2.8131,0.3358,0.6032,1.0,4,1.0,4,1.0,4,MU,5,21,1822,1827
1508,377,63,0.7937,0.3685,0.7043,0.254,0.7937,0.7937,63,0.5,2,0.5,2,MU,5,22,1885,1890
1558,390,63,0.6825,0.6047,0.659,0.233,0.6825,0.6825,63,0.6825,63,,0,MU,5,23,1948,1953
1608,403,63,0.7143,0.5556,0.6376,0.2226,0.7143,0.7143,63,0.7143,63,1.0,5,MU,5,24,2011,2016
399,100,63,0.4603,0.462,1.0594,0.3141,0.4603,0.4603,63,0.4603,63,0.4603,63,NET,5,0,499,504
449,113,63,0.4603,0.4746,0.7177,0.2621,0.4603,0.4603,63,0.4603,63,,0,NET,5,1,562,567
500,125,63,0.7143,0.6558,0.6835,0.2452,0.3175,0.625,8,,0,,0,NET,5,2,625,630
550,138,63,0.5238,0.5374,0.9238,0.2598,0.4762,,0,,0,,0,NET,5,3,688,693
600,151,63,0.4603,0.4327,0.7811,0.2881,0.4444,0.2,10,0.1429,7,0.1429,7,NET,5,4,751,756
651,163,63,0.3651,0.5435,0.7526,0.2795,0.6349,,0,,0,,0,NET,5,5,814,819
701,176,63,0.4921,0.4542,0.6958,0.2513,0.5714,0.5588,34,,0,,0,NET,5,6,877,882
752,188,63,0.5238,0.5705,0.6654,0.2393,0.4603,0.4912,57,0.5,2,,0,NET,5,7,940,945
802,201,63,0.4444,0.4519,0.7603,0.2826,0.619,0.5476,42,0.525,40,0.525,40,NET,5,8,1003,1008
852,214,63,0.4444,0.4828,0.7522,0.2767,0.4603,0.4483,58,0.4483,58,0.4444,18,NET,5,9,1066,1071
903,226,63,0.5238,0.4873,0.7303,0.2636,0.5397,0.5345,58,0.5455,11,0.5455,11,NET,5,10,1129,1134
953,239,63,0.6349,0.6421,0.6456,0.2286,0.5079,0.6,45,,0,,0,NET,5,11,1192,1197
1004,251,63,0.5556,0.3658,0.9386,0.2636,0.6032,0.5833,60,,0,,0,NET,5,12,1255,1260
1054,264,63,0.619,0.6679,0.8819,0.2399,0.4444,0.5625,32,1.0,7,,0,NET,5,13,1318,1323
1104,277,63,0.3175,0.4461,0.7367,0.2717,0.8095,0.75,16,,0,,0,NET,5,14,1381,1386
1155,289,63,0.6032,0.5,0.6771,0.242,0.6032,0.6032,63,0.6032,63,,0,NET,5,15,1444,1449
1205,302,63,0.5079,0.5,0.7022,0.2545,0.5079,0.5079,63,0.5079,63,,0,NET,5,16,1507,1512
1256,314,63,0.6349,0.5,0.6652,0.2361,0.6349,0.6349,63,0.6349,63,,0,NET,5,17,1570,1575
399,100,63,0.4286,0.5139,1.1751,0.2786,0.619,0.6667,9,0.6667,9,0.6667,9,NFLX,5,0,499,504
449,113,63,0.3333,0.4812,6.4655,0.5318,0.6508,0.4,5,0.4,5,0.4,5,NFLX,5,1,562,567
500,125,63,0.4921,0.4194,0.739,0.2718,0.4921,0.4921,63,0.3333,18,0.3333,18,NFLX,5,2,625,630
550,138,63,0.6032,0.5726,0.6555,0.2343,0.6032,0.6032,63,0.6279,43,1.0,2,NFLX,5,3,688,693
600,151,63,0.4762,0.5005,3.4839,0.3527,0.4444,0.4324,37,0.4839,31,0.5,12,NFLX,5,4,751,756
651,163,63,0.4603,0.4417,0.809,0.3003,0.5397,0.5,16,0.4615,13,0.3333,3,NFLX,5,5,814,819
701,176,63,0.2698,0.6509,0.7622,0.2857,0.746,1.0,1,1.0,1,1.0,1,NFLX,5,6,877,882
752,188,63,0.3016,0.5778,0.7831,0.2942,0.2857,0.2903,62,0.3158,57,0.3214,56,NFLX,5,7,940,945
802,201,63,0.5397,0.5488,0.6942,0.2505,0.3175,0.3548,31,,0,,0,NFLX,5,8,1003,1008
852,214,63,0.3968,0.5305,0.6908,0.2511,0.6508,0.7143,7,0.8,5,0.8,5,NFLX,5,9,1066,1071
903,226,63,0.5556,0.5658,0.6911,0.249,0.5714,0.625,32,1.0,3,1.0,3,NFLX,5,10,1129,1134
953,239,63,0.4286,0.6106,1.1542,0.2658,0.5714,,0,,0,,0,NFLX,5,11,1192,1197
1004,251,63,0.5079,0.6646,0.6787,0.2443,0.3492,0.4118,51,0.4595,37,,0,NFLX,5,12,1255,1260
1054,264,63,0.4286,0.6368,6.1673,0.492,0.7302,0.8125,16,0.7857,14,,0,NFLX,5,13,1318,1323
1104,277,63,0.4286,0.5,0.7063,0.2566,0.4286,0.4286,63,,0,,0,NFLX,5,14,1381,1386
1155,289,63,0.3968,0.4897,0.7313,0.2687,0.6349,0.6,10,0.3333,6,0.3333,6,NFLX,5,15,1444,1449
1205,302,63,0.6508,0.5021,0.6533,0.2322,0.619,0.6491,57,,0,,0,NFLX,5,16,1507,1512
1256,314,63,0.5079,0.5,0.6945,0.2507,0.5079,0.5079,63,,0,,0,NFLX,5,17,1570,1575
1306,327,63,0.6984,0.5419,0.656,0.2315,0.6984,0.6984,63,0.7586,29,,0,NFLX,5,18,1633,1638
1356,340,63,0.3968,0.5211,0.7007,0.2538,0.6508,0.7143,7,,0,,0,NFLX,5,19,1696,1701
1407,352,63,0.6032,0.6005,0.6664,0.2368,0.6032,0.6032,63,0.6667,36,0.8333,6,NFLX,5,20,1759,1764
1457,365,63,0.5397,0.4655,0.7025,0.2544,0.5397,0.5397,63,0.5397,63,0.0,2,NFLX,5,21,1822,1827
1508,377,63,0.4921,0.4577,0.9465,0.2688,0.4921,0.4921,63,0.4921,63,0.3333,6,NFLX,5,22,1885,1890
1558,390,63,0.1905,0.5392,0.8056,0.3057,0.1905,0.1905,63,0.2034,59,,0,NFLX,5,23,1948,1953
1608,403,63,0.6349,0.5847,0.6782,0.2426,0.4127,0.6364,11,1.0,2,1.0,2,NFLX,5,24,2011,2016
399,100,63,0.7143,0.6593,0.5303,0.1847,0.7143,0.7143,63,0.7143,63,0.7455,55,NIO,5,0,499,504
449,113,63,0.4921,0.5477,2.247,0.4074,0.3175,0.3636,44,0.3721,43,0.3721,43,NIO,5,1,562,567
500,125,63,0.4921,0.5091,1.6328,0.2903,0.5397,0.5179,56,0.6471,17,0.6471,17,NIO,5,2,625,630
550,138,63,0.5238,0.4595,1.019,0.2919,0.4127,0.25,8,0.25,8,0.25,8,NIO,5,3,688,693
600,151,63,0.4921,0.6293,0.7117,0.2592,0.5397,1.0,2,1.0,2,1.0,2,NIO,5,4,751,756
651,163,63,0.5556,0.475,0.6897,0.2483,0.3651,0.2222,9,0.2222,9,,0,NIO,5,5,814,819
701,176,63,0.5556,0.5333,0.6775,0.243,0.4762,1.0,2,1.0,2,1.0,2,NIO,5,6,877,882
752,188,63,0.5397,0.4688,0.9901,0.2827,0.3333,0.2143,14,0.0,5,0.0,5,NIO,5,7,940,945
802,201,63,0.5873,0.5192,0.6777,0.2423,0.4127,,0,,0,,0,NIO,5,8,1003,1008
852,214,63,0.6349,0.5,0.6589,0.233,0.3651,,0,,0,,0,NIO,5,9,1066,1071
903,226,63,0.4762,0.5348,0.9331,0.2652,0.5238,,0,,0,,0,NIO,5,10,1129,1134
953,239,63,0.619,0.5315,0.6571,0.2335,0.381,,0,,0,,0,NIO,5,11,1192,1197
1004,251,63,0.6032,0.5026,0.6971,0.2493,0.3968,,0,,0,,0,NIO,5,12,1255,1260
1054,264,63,0.6825,0.4907,0.6563,0.2322,0.3175,,0,,0,,0,NIO,5,13,1318,1323
1104,277,63,0.4762,0.4586,0.7074,0.2571,0.5238,,0,,0,,0,NIO,5,14,1381,1386
1155,289,63,0.5238,0.4091,0.7245,0.2646,0.4762,,0,,0,,0,NIO,5,15,1444,1449
1205,302,63,0.5873,0.5,0.6778,0.2424,0.4127,,0,,0,,0,NIO,5,16,1507,1512
1256,314,63,0.4762,0.5323,0.7114,0.259,0.5238,0.5,2,,0,,0,NIO,5,17,1570,1575
1306,327,63,0.4762,0.5963,0.6896,0.2497,0.5079,0.0,1,,0,,0,NIO,5,18,1633,1638
1356,340,63,0.4603,0.5603,0.9302,0.2597,0.5397,,0,,0,,0,NIO,5,19,1696,1701
1407,352,63,0.5397,0.5055,0.6899,0.2481,0.3492,0.36,25,0.0,2,,0,NIO,5,20,1759,1764
1457,365,63,0.4286,0.4954,1.4092,0.2837,0.5714,,0,,0,,0,NIO,5,21,1822,1827
399,100,63,0.5556,0.7096,2.9876,0.3312,0.4762,0.5185,54,0.5283,53,0.5283,53,NOK,5,0,499,504
449,113,63,0.4444,0.4683,0.7073,0.2576,0.6667,0.6667,21,0.7143,7,0.7143,7,NOK,5,1,562,567
500,125,63,0.5238,0.6237,2.2109,0.2668,0.4127,0.4524,42,0.6471,17,0.6471,17,NOK,5,2,625,630
550,138,63,0.4603,0.466,1.3886,0.2756,0.6667,0.6429,28,0.6429,28,0.6429,28,NOK,5,3,688,693
600,151,63,0.5397,0.6709,0.6349,0.223,0.5397,0.5397,63,0.8333,18,0.8333,18,NOK,5,4,751,756
651,163,63,0.5714,0.6741,0.7214,0.2464,0.6508,0.8889,18,0.8889,18,0.8889,18,NOK,5,5,814,819
701,176,63,0.6825,0.6442,1.04,0.2185,0.3968,0.8571,7,0.8571,7,0.8333,6,NOK,5,6,877,882
752,188,63,0.5556,0.6845,1.1002,0.2517,0.4921,0.8,5,0.75,4,0.75,4,NOK,5,7,940,945
802,201,63,0.4286,0.5355,7.9452,0.5309,0.4286,0.4286,63,0.4286,63,0.4286,63,NOK,5,8,1003,1008
852,214,63,0.5714,0.5396,4.0702,0.3382,0.5714,0.5714,63,0.5439,57,0.6047,43,NOK,5,9,1066,1071
903,226,63,0.6984,0.6978,0.6164,0.2201,0.3651,0.5714,28,0.5714,28,0.5714,28,NOK,5,10,1129,1134
953,239,63,0.746,0.7663,0.6437,0.2267,0.6349,0.8333,36,1.0,1,1.0,1,NOK,5,11,1192,1197
1004,251,63,0.5714,0.6284,0.6536,0.2338,0.4127,0.4762,21,0.4444,18,0.4375,16,NOK,5,12,1255,1260
1054,264,63,0.5714,0.6847,0.706,0.2549,0.4286,0.5,48,0.5,48,0.5769,26,NOK,5,13,1318,1323
1104,277,63,0.381,0.4124,1.2215,0.3873,0.381,0.381,63,0.381,63,0.381,63,NOK,5,14,1381,1386
1155,289,63,0.5873,0.5,0.6923,0.2496,0.5873,0.5873,63,,0,,0,NOK,5,15,1444,1449
1205,302,63,0.5079,0.4582,0.6956,0.2512,0.5079,0.5079,63,,0,,0,NOK,5,16,1507,1512
1256,314,63,0.4127,0.5617,0.7284,0.2675,0.5714,0.0,1,,0,,0,NOK,5,17,1570,1575
1306,327,63,0.4286,0.6638,2.6848,0.3745,0.6667,1.0,6,1.0,6,,0,NOK,5,18,1633,1638
1356,340,63,0.5397,0.7236,0.6842,0.2455,0.5397,0.5397,63,,0,,0,NOK,5,19,1696,1701
1407,352,63,0.5714,0.6455,0.6644,0.2357,0.5873,0.7083,24,0.7083,24,,0,NOK,5,20,1759,1764
1457,365,63,0.381,0.3556,0.7847,0.2943,0.4444,0.3721,43,0.3721,43,0.2963,27,NOK,5,21,1822,1827
1508,377,63,0.6984,0.6902,0.6175,0.2131,0.7778,0.875,40,0.8684,38,0.9167,12,NOK,5,22,1885,1890
1558,390,63,0.4603,0.4727,0.8588,0.3225,0.5714,0.5333,30,0.5,12,0.5,12,NOK,5,23,1948,1953
1608,403,63,0.3333,0.3327,0.8196,0.3114,0.7143,0.5652,23,0.5,16,,0,NOK,5,24,2011,2016
399,100,63,0.5873,0.6201,0.6766,0.2419,0.5873,0.5873,63,0.5873,63,0.5873,63,NVDA,5,0,499,504
449,113,63,0.7778,0.6449,0.631,0.2196,0.746,0.7895,57,0.8,15,0.8,15,NVDA,5,1,562,567
500,125,63,0.6032,0.6196,0.6602,0.2381,0.6349,0.6316,57,0.6316,57,0.6122,49,NVDA,5,2,625,630
550,138,63,0.5079,0.5645,6.8963,0.454,0.5079,0.5079,63,0.5079,63,0.5246,61,NVDA,5,3,688,693
600,151,63,0.4762,0.7561,0.6647,0.2359,0.4762,0.4762,63,0.8261,23,,0,NVDA,5,4,751,756
651,163,63,0.4286,0.4463,1.878,0.3858,0.7302,0.75,20,0.75,16,0.75,16,NVDA,5,5,814,819
701,176,63,0.6032,0.5565,0.6755,0.2401,0.6508,0.6333,60,0.75,24,0.75,24,NVDA,5,6,877,882
752,188,63,0.381,0.3368,0.8914,0.3375,0.4127,0.303,33,0.303,33,0.303,33,NVDA,5,7,940,945
802,201,63,0.381,0.5,0.7366,0.2716,0.381,0.381,63,0.381,63,,0,NVDA,5,8,1003,1008
852,214,63,0.6825,0.6613,0.6494,0.2312,0.5397,0.6591,44,,0,,0,NVDA,5,9,1066,1071
903,226,63,0.4286,0.4136,0.7504,0.2736,0.4286,0.3953,43,,0,,0,NVDA,5,10,1129,1134
953,239,63,0.2857,0.3111,1.1764,0.4464,0.7143,,0,,0,,0,NVDA,5,11,1192,1197
1004,251,63,0.6349,0.4468,2.1156,0.3079,0.746,0.7308,52,,0,,0,NVDA,5,12,1255,1260
1054,264,63,0.619,0.4776,0.6767,0.2418,0.619,0.619,63,0.625,48,,0,NVDA,5,13,1318,1323
1104,277,63,0.4921,0.6179,0.7267,0.2663,0.4921,0.4921,63,0.4921,63,0.4921,63,NVDA,5,14,1381,1386
1155,289,63,0.7143,0.4,0.633,0.2202,0.7143,0.7143,63,0.7143,63,0.6585,41,NVDA,5,15,1444,1449
1205,302,63,0.5714,0.5821,0.7315,0.2648,0.6349,0.7097,31,0.7143,28,0.7647,17,NVDA,5,16,1507,1512
1256,314,63,0.5873,0.488,0.6945,0.2504,0.5873,0.6279,43,0.619,42,0.619,42,NVDA,5,17,1570,1575
1306,327,63,0.4921,0.4343,0.7643,0.2836,0.619,0.5745,47,0.5556,45,0.5556,45,NVDA,5,18,1633,1638
1356,340,63,0.4603,0.6374,0.7325,0.2685,0.4603,0.4603,63,0.4603,63,0.6,30,NVDA,5,19,1696,1701
1407,352,63,0.5873,0.5758,0.6837,0.2447,0.5238,0.5593,59,0.5517,58,0.75,4,NVDA,5,20,1759,1764
1457,365,63,0.8571,0.463,0.5633,0.1861,0.8889,0.8852,61,0.8852,61,0.8333,6,NVDA,5,21,1822,1827
1508,377,63,0.5238,0.652,0.6843,0.2472,0.5238,0.5238,63,0.5926,54,0.5926,54,NVDA,5,22,1885,1890
1558,390,63,0.4762,0.5374,0.7586,0.2812,0.4762,0.4762,63,0.4762,63,0.4762,63,NVDA,5,23,1948,1953
1608,403,63,0.6032,0.5571,0.6734,0.2402,0.5556,0.5862,58,0.5862,58,,0,NVDA,5,24,2011,2016
399,100,63,0.5556,0.6352,1.923,0.3053,0.5556,0.5556,63,0.5556,63,0.5556,63,NVMI,5,0,499,504
449,113,63,0.6984,0.3714,0.694,0.2498,0.6984,0.6984,63,0.5263,19,0.5263,19,NVMI,5,1,562,567
500,125,63,0.5238,0.5838,0.7023,0.2544,0.5238,0.5238,63,0.5345,58,0.5345,58,NVMI,5,2,625,630
550,138,63,0.746,0.591,0.8668,0.2185,0.7619,0.7667,60,0.7667,60,0.7667,60,NVMI,5,3,688,693
600,151,63,0.5397,0.5101,0.7159,0.2607,0.5397,0.5397,63,0.5397,63,0.5397,63,NVMI,5,4,751,756
651,163,63,0.5238,0.5005,0.7856,0.287,0.5238,0.5238,63,0.5593,59,0.5849,53,NVMI,5,5,814,819
701,176,63,0.5556,0.5262,0.933,0.2562,0.5714,0.5645,62,0.5645,62,0.7,10,NVMI,5,6,877,882
752,188,63,0.4762,0.4635,0.7475,0.2724,0.5397,0.5122,41,0.5122,41,1.0,1,NVMI,5,7,940,945
802,201,63,0.4444,0.527,0.721,0.2638,0.4127,0.4262,61,0.4262,61,,0,NVMI,5,8,1003,1008
852,214,63,0.4603,0.5541,0.6808,0.2454,0.5873,1.0,3,1.0,3,1.0,3,NVMI,5,9,1066,1071
903,226,63,0.5397,0.5109,0.7071,0.2567,0.3651,0.25,12,0.25,12,0.25,12,NVMI,5,10,1129,1134
953,239,63,0.381,0.5556,0.7836,0.2922,0.619,,0,,0,,0,NVMI,5,11,1192,1197
1004,251,63,0.5397,0.6197,0.6878,0.2473,0.4603,,0,,0,,0,NVMI,5,12,1255,1260
1054,264,63,0.381,0.6674,0.8255,0.3112,0.6508,1.0,2,1.0,2,1.0,2,NVMI,5,13,1318,1323
1104,277,63,0.7143,0.6213,0.6538,0.2304,0.3333,0.7143,7,1.0,2,1.0,2,NVMI,5,14,1381,1386
1155,289,63,0.1905,0.4436,0.9096,0.352,0.8095,0.5,6,0.5,2,0.5,2,NVMI,5,15,1444,1449
1205,302,63,0.3968,0.4589,0.7263,0.2664,0.6032,,0,,0,,0,NVMI,5,16,1507,1512
1256,314,63,0.5873,0.4751,0.688,0.2474,0.5873,0.5873,63,0.3333,3,,0,NVMI,5,17,1570,1575
1306,327,63,0.4762,0.6515,0.7005,0.2537,0.4762,0.4762,63,0.5366,41,0.6667,3,NVMI,5,18,1633,1638
1356,340,63,0.6984,0.5335,0.6554,0.2312,0.6984,0.6984,63,0.7143,56,,0,NVMI,5,19,1696,1701
1407,352,63,0.3492,0.5329,1.2784,0.3264,0.3333,0.3276,58,0.3273,55,0.3333,30,NVMI,5,20,1759,1764
1457,365,63,0.6349,0.6207,0.6416,0.2264,0.6349,0.6349,63,0.7407,27,1.0,6,NVMI,5,21,1822,1827
1508,377,63,0.5556,0.5103,0.6804,0.2438,0.5714,0.5645,62,0.5645,62,0.75,4,NVMI,5,22,1885,1890
1558,390,63,0.6825,0.6453,0.6415,0.2259,0.6984,0.74,50,0.8667,15,0.8667,15,NVMI,5,23,1948,1953
1608,403,63,0.5714,0.6258,0.6783,0.2428,0.5397,0.5714,49,1.0,4,,0,NVMI,5,24,2011,2016
399,100,63,0.5079,0.5323,2.0885,0.3053,0.5079,0.5079,63,0.5079,63,0.5079,63,NVO,5,0,499,504
449,113,63,0.5556,0.5568,0.9198,0.2587,0.5397,0.6364,22,0.5385,13,0.5385,13,NVO,5,1,562,567
500,125,63,0.5556,0.4844,2.1321,0.32,0.4921,0.5349,43,0.5122,41,0.4865,37,NVO,5,2,625,630
550,138,63,0.6349,0.6437,0.6482,0.228,0.6032,0.623,61,0.623,61,0.7391,23,NVO,5,3,688,693
600,151,63,0.6032,0.4797,1.1503,0.2605,0.5873,0.6111,54,0.6111,54,0.5789,19,NVO,5,4,751,756
651,163,63,0.5873,0.4598,0.6499,0.2291,0.8254,0.8095,42,0.8095,42,0.8095,42,NVO,5,5,814,819
701,176,63,0.3492,0.3553,0.9401,0.3619,0.6032,0.4615,39,0.4474,38,0.4474,38,NVO,5,6,877,882
752,188,63,0.3968,0.6289,0.8077,0.3048,0.3968,0.386,57,0.386,57,0.386,57,NVO,5,7,940,945
802,201,63,0.5714,0.5828,0.6872,0.247,0.5714,0.5714,63,0.5714,49,0.5714,49,NVO,5,8,1003,1008
852,214,63,0.5397,0.4731,0.6971,0.2531,0.5397,0.5397,63,0.5397,63,0.4545,11,NVO,5,9,1066,1071
903,226,63,0.5556,0.4084,0.9361,0.2633,0.5714,0.5741,54,0.566,53,0.5769,52,NVO,5,10,1129,1134
953,239,63,0.5714,0.6706,0.6888,0.2481,0.6667,0.7778,27,1.0,2,1.0,2,NVO,5,11,1192,1197
1004,251,63,0.6032,0.4109,0.7269,0.2586,0.6349,0.623,61,0.623,61,0.4286,7,NVO,5,12,1255,1260
1054,264,63,0.5079,0.5096,0.6986,0.2527,0.5079,0.5079,63,0.5079,63,,0,NVO,5,13,1318,1323
1104,277,63,0.5714,0.5036,0.9361,0.2638,0.5714,0.6098,41,0.5333,15,0.4167,12,NVO,5,14,1381,1386
1155,289,63,0.5873,0.6341,1.6023,0.273,0.5873,0.6078,51,0.8889,9,0.875,8,NVO,5,15,1444,1449
1205,302,63,0.3333,0.3856,0.7404,0.2756,0.4921,0.3226,31,0.3226,31,0.5,10,NVO,5,16,1507,1512
1256,314,63,0.4762,0.5786,0.686,0.2465,0.5079,0.4912,57,0.6154,26,0.7778,9,NVO,5,17,1570,1575
1306,327,63,0.5397,0.5968,0.7058,0.2541,0.3968,0.4474,38,0.5,30,0.6,5,NVO,5,18,1633,1638
1356,340,63,0.3968,0.4221,4.0335,0.4048,0.3968,0.3968,63,0.3333,30,0.3333,30,NVO,5,19,1696,1701
1407,352,63,0.4921,0.4776,2.3869,0.3296,0.381,0.375,32,0.3333,15,0.3333,15,NVO,5,20,1759,1764
1457,365,63,0.4603,0.5832,0.6967,0.2518,0.5397,,0,,0,,0,NVO,5,21,1822,1827
1508,377,63,0.5556,0.4878,0.6887,0.2478,0.4444,,0,,0,,0,NVO,5,22,1885,1890
1558,390,63,0.4444,0.6153,0.7282,0.2671,0.5556,,0,,0,,0,NVO,5,23,1948,1953
1608,403,63,0.4286,0.3323,0.727,0.2668,0.5714,,0,,0,,0,NVO,5,24,2011,2016
399,100,63,0.4286,0.5319,0.7093,0.258,0.4286,0.4286,63,0.5714,7,0.5714,7,ONTO,5,0,499,504
449,113,63,0.5238,0.6172,0.697,0.2518,0.5238,0.5238,63,0.541,61,0.5769,52,ONTO,5,1,562,567
500,125,63,0.4286,0.4032,1.6754,0.3073,0.5079,0.4167,24,0.4167,24,0.1538,13,ONTO,5,2,625,630
550,138,63,0.3968,0.3538,1.214,0.2913,0.5079,0.4211,38,0.0,6,0.0,6,ONTO,5,3,688,693
600,151,63,0.4444,0.4545,0.9839,0.2731,0.5238,0.4792,48,0.4792,48,,0,ONTO,5,4,751,756
651,163,63,0.619,0.4728,0.6872,0.247,0.619,0.619,63,,0,,0,ONTO,5,5,814,819
701,176,63,0.4444,0.3976,1.0075,0.2962,0.5397,0.4839,31,0.4839,31,0.4839,31,ONTO,5,6,877,882
752,188,63,0.5556,0.5541,0.6681,0.2387,0.5556,0.5556,63,0.5484,62,0.8571,7,ONTO,5,7,940,945
802,201,63,0.6508,0.5,0.6532,0.2302,0.6508,0.6508,63,0.6508,63,,0,ONTO,5,8,1003,1008
852,214,63,0.6032,0.3979,0.7702,0.269,0.6032,0.6032,63,0.6032,63,0.3,10,ONTO,5,9,1066,1071
903,226,63,0.6667,0.7167,0.6361,0.222,0.5079,0.6279,43,0.6279,43,1.0,6,ONTO,5,10,1129,1134
953,239,63,0.5714,0.6663,0.6602,0.234,0.5079,0.5439,57,0.617,47,0.6216,37,ONTO,5,11,1192,1197
1004,251,63,0.5714,0.6789,0.6656,0.2382,0.5079,0.549,51,0.549,51,0.6333,30,ONTO,5,12,1255,1260
1054,264,63,0.4444,0.5214,1.0949,0.331,0.4444,0.4444,63,0.4444,63,0.4483,58,ONTO,5,13,1318,1323
1104,277,63,0.4762,0.5122,0.6752,0.2434,0.4603,0.4412,34,0.8,5,0.8,5,ONTO,5,14,1381,1386
1155,289,63,0.4127,0.6179,0.9433,0.2674,0.6349,1.0,3,,0,,0,ONTO,5,15,1444,1449
1205,302,63,0.5873,0.7079,2.512,0.3075,0.6032,0.8,20,,0,,0,ONTO,5,16,1507,1512
399,100,63,0.5238,0.5791,0.8799,0.3244,0.5079,1.0,2,1.0,2,,0,OPEN,5,0,499,504
449,113,63,0.5238,0.5352,1.2428,0.2989,0.7143,0.7419,31,0.7419,31,1.0,1,OPEN,5,1,562,567
500,125,63,0.3333,0.6015,1.6801,0.3105,0.3333,0.3333,63,0.3636,22,0.3636,22,OPEN,5,2,625,630
550,138,63,0.5714,0.5246,0.696,0.251,0.619,0.6071,56,0.6071,56,0.6071,56,OPEN,5,3,688,693
600,151,63,0.6032,0.6959,0.9162,0.2501,0.3175,0.4359,39,0.5556,9,0.5556,9,OPEN,5,4,751,756
651,163,63,0.5556,0.6096,0.9306,0.2605,0.4286,0.4286,7,0.4286,7,0.4286,7,OPEN,5,5,814,819
701,176,63,0.5079,0.6758,0.6894,0.2503,0.3968,0.4375,48,0.4565,46,0.5526,38,OPEN,5,6,877,882
752,188,63,0.619,0.4762,0.6518,0.2298,0.3333,0.0,3,,0,,0,OPEN,5,7,940,945
802,201,63,0.6032,0.5514,0.6233,0.2162,0.3016,0.3636,22,,0,,0,OPEN,5,8,1003,1008
852,214,63,0.5397,0.4577,0.7424,0.2689,0.4444,0.0,1,0.0,1,0.0,1,OPEN,5,9,1066,1071
903,226,63,0.3968,0.5128,0.8179,0.3098,0.619,1.0,1,,0,,0,OPEN,5,10,1129,1134
953,239,63,0.6825,0.4756,0.7991,0.2619,0.3175,,0,,0,,0,OPEN,5,11,1192,1197
1004,251,63,0.5556,0.4801,0.7297,0.2618,0.4444,,0,,0,,0,OPEN,5,12,1255,1260
399,100,63,0.5238,0.6714,0.8249,0.3097,0.4921,0.6667,3,,0,,0,ORIC,5,0,499,504
449,113,63,0.619,0.5876,0.6624,0.2348,0.3492,0.3333,6,0.5,4,0.3333,3,ORIC,5,1,562,567
500,125,63,0.5079,0.5267,2.572,0.3258,0.4286,0.3889,18,0.3889,18,,0,ORIC,5,2,625,630
550,138,63,0.4921,0.4944,1.7597,0.3248,0.5238,0.5152,33,,0,,0,ORIC,5,3,688,693
600,151,63,0.5238,0.4988,0.9347,0.3444,0.6984,0.75,28,,0,,0,ORIC,5,4,751,756
651,163,63,0.5714,0.5551,0.6786,0.243,0.4762,0.7143,7,1.0,2,1.0,2,ORIC,5,5,814,819
701,176,63,0.6349,0.4946,0.6901,0.2462,0.6349,0.6349,63,0.6349,63,0.6154,13,ORIC,5,6,877,882
752,188,63,0.2698,0.2852,0.9077,0.3521,0.2698,0.2698,63,0.2698,63,0.1667,42,ORIC,5,7,940,945
802,201,63,0.4762,0.5,0.6937,0.2503,0.5238,,0,,0,,0,ORIC,5,8,1003,1008
852,214,63,0.5238,0.5,0.6927,0.2498,0.4762,,0,,0,,0,ORIC,5,9,1066,1071
903,226,63,0.5079,0.4919,0.6962,0.2543,0.4921,,0,,0,,0,ORIC,5,10,1129,1134
953,239,63,0.5238,0.5152,0.6965,0.2517,0.4762,,0,,0,,0,ORIC,5,11,1192,1197
1004,251,63,0.4444,0.5981,0.7334,0.2742,0.6508,0.6875,16,0.6875,16,0.9167,12,ORIC,5,12,1255,1260
1054,264,63,0.5238,0.5335,0.7448,0.2745,0.4603,0.4762,21,0.3889,18,0.3889,18,ORIC,5,13,1318,1323
1104,277,63,0.5079,0.5927,0.688,0.2476,0.4921,0.5,4,0.5,4,0.5,4,ORIC,5,14,1381,1386
399,100,63,0.5873,0.5953,0.8792,0.2357,0.6032,0.6034,58,0.8125,16,0.8,15,PFE,5,0,499,504
449,113,63,0.4762,0.5101,2.7785,0.3258,0.4762,0.4762,63,0.4762,63,0.5263,19,PFE,5,1,562,567
500,125,63,0.5397,0.497,0.9236,0.2572,0.4603,,0,,0,,0,PFE,5,2,625,630
550,138,63,0.5238,0.5665,1.5483,0.2578,0.4127,0.4545,44,,0,,0,PFE,5,3,688,693
600,151,63,0.6667,0.6866,1.3012,0.2428,0.5873,0.6379,58,0.6379,58,0.6491,57,PFE,5,4,751,756
651,163,63,0.254,0.5883,0.7252,0.266,0.7143,0.0,2,,0,,0,PFE,5,5,814,819
701,176,63,0.4127,0.4424,0.7275,0.267,0.4286,0.375,40,0.3846,39,0.0,2,PFE,5,6,877,882
752,188,63,0.6349,0.6341,0.7047,0.2532,0.5873,0.6667,42,,0,,0,PFE,5,7,940,945
802,201,63,0.4603,0.5307,0.7584,0.2816,0.4127,0.431,58,0.431,58,0.431,58,PFE,5,8,1003,1008
852,214,63,0.5397,0.5568,1.3594,0.2635,0.5397,0.5397,63,0.6471,17,0.6471,17,PFE,5,9,1066,1071
903,226,63,0.3651,0.392,4.1173,0.4326,0.4603,0.3878,49,0.4,25,0.375,24,PFE,5,10,1129,1134
953,239,63,0.3651,0.3379,0.7538,0.2799,0.4762,0.3611,36,0.3611,36,0.1667,6,PFE,5,11,1192,1197
1004,251,63,0.5556,0.5,3.7714,0.3807,0.3175,0.3182,22,0.3182,22,0.3182,22,PFE,5,12,1255,1260
1054,264,63,0.5079,0.4366,0.7061,0.2563,0.4603,0.0,2,0.0,2,,0,PFE,5,13,1318,1323
1104,277,63,0.5556,0.4488,1.3736,0.2645,0.2857,0.1875,16,0.25,4,0.25,4,PFE,5,14,1381,1386
1155,289,63,0.6032,0.5192,0.6746,0.2408,0.4127,1.0,1,,0,,0,PFE,5,15,1444,1449
1205,302,63,0.5714,0.5527,0.6903,0.2485,0.4603,0.75,4,,0,,0,PFE,5,16,1507,1512
1256,314,63,0.3968,0.4779,0.7668,0.286,0.6032,,0,,0,,0,PFE,5,17,1570,1575
1306,327,63,0.5397,0.6105,1.3747,0.2696,0.3968,0.4565,46,0.5714,7,0.5714,7,PFE,5,18,1633,1638
1356,340,63,0.4603,0.5441,2.429,0.3337,0.4603,0.4603,63,0.4255,47,0.4348,46,PFE,5,19,1696,1701
1407,352,63,0.4762,0.4549,3.5143,0.3627,0.4603,0.45,40,0.45,40,0.4,20,PFE,5,20,1759,1764
1457,365,63,0.5238,0.5641,0.8942,0.2454,0.6349,0.619,42,0.6341,41,0.7333,30,PFE,5,21,1822,1827
1508,377,63,0.5714,0.5668,2.583,0.3286,0.4444,0.5091,55,0.5091,55,0.5091,55,PFE,5,22,1885,1890
1558,390,63,0.4921,0.4688,0.6826,0.2448,0.6667,0.6389,36,0.6389,36,,0,PFE,5,23,1948,1953
1608,403,63,0.4444,0.5047,0.7021,0.2545,0.4127,0.4118,51,0.0,1,,0,PFE,5,24,2011,2016
399,100,63,0.6032,0.5988,1.1172,0.2486,0.4286,0.55,20,0.6667,6,0.6667,6,PL,5,0,499,504
449,113,63,0.6349,0.7125,0.6429,0.2259,0.4603,0.6875,16,0.75,12,0.75,12,PL,5,1,562,567
500,125,63,0.4286,0.4769,7.9831,0.5437,0.5714,,0,,0,,0,PL,5,2,625,630
550,138,63,0.3968,0.3668,2.3072,0.3843,0.6032,,0,,0,,0,PL,5,3,688,693
600,151,63,0.3016,0.3516,1.0756,0.3272,0.3968,0.2979,47,0.2979,47,0.3043,46,PL,5,4,751,756
651,163,63,0.7778,0.664,0.6387,0.2247,0.6825,0.7636,55,,0,,0,PL,5,5,814,819
701,176,63,0.5714,0.375,0.7351,0.2676,0.6984,0.6545,55,0.6346,52,,0,PL,5,6,877,882
752,188,63,0.619,0.4231,0.6754,0.2412,0.619,0.619,63,0.6,60,,0,PL,5,7,940,945
802,201,63,0.5873,0.4719,0.6953,0.2507,0.5873,0.5873,63,0.5714,49,0.5714,49,PL,5,8,1003,1008
399,100,63,0.4286,0.4239,0.7356,0.2707,0.4921,0.3077,13,0.3077,13,0.3077,13,PLTR,5,0,499,504
449,113,63,0.5397,0.4625,1.4151,0.2847,0.4603,,0,,0,,0,PLTR,5,1,562,567
500,125,63,0.619,0.4548,1.3868,0.2725,0.7778,0.7451,51,0.8,15,0.6667,3,PLTR,5,2,625,630
550,138,63,0.4762,0.5,0.8631,0.3244,0.4762,0.4762,63,0.4762,63,0.4762,63,PLTR,5,3,688,693
600,151,63,0.4762,0.4601,3.7429,0.3698,0.4762,0.4762,63,0.4918,61,0.4091,22,PLTR,5,4,751,756
651,163,63,0.5556,0.5745,0.9,0.2488,0.5397,0.5517,58,0.6667,15,,0,PLTR,5,5,814,819
701,176,63,0.6032,0.6253,1.434,0.2924,0.6032,0.7407,27,,0,,0,PLTR,5,6,877,882
752,188,63,0.6508,0.4767,1.148,0.2592,0.6825,0.6721,61,0.6721,61,,0,PLTR,5,7,940,945
802,201,63,0.4762,0.2896,2.6788,0.3693,0.7619,0.6744,43,0.65,40,0.5882,17,PLTR,5,8,1003,1008
852,214,63,0.5714,0.5,0.6929,0.2496,0.5714,0.5714,63,0.5714,63,0.5714,63,PLTR,5,9,1066,1071
903,226,63,0.6508,0.389,1.8615,0.2879,0.746,0.7273,55,0.7115,52,0.6744,43,PLTR,5,10,1129,1134
953,239,63,0.5397,0.5,0.7185,0.2618,0.5397,0.5397,63,0.5397,63,0.5397,63,PLTR,5,11,1192,1197
1004,251,63,0.381,0.5705,0.8027,0.3032,0.381,0.381,63,0.381,63,0.381,63,PLTR,5,12,1255,1260
1054,264,63,0.4444,0.4658,0.7521,0.278,0.4444,0.4444,63,0.4545,44,0.3125,16,PLTR,5,13,1318,1323
399,100,63,0.381,0.3745,0.8477,0.3218,0.6349,0.5217,23,0.6667,6,0.6667,3,PUBM,5,0,499,504
449,113,63,0.3651,0.4011,5.9642,0.486,0.6032,0.4615,26,1.0,3,1.0,3,PUBM,5,1,562,567
500,125,63,0.5397,0.75,0.6271,0.2307,0.3968,0.4545,44,0.4545,44,0.4762,42,PUBM,5,2,625,630
550,138,63,0.5397,0.5655,0.7007,0.2518,0.4921,0.52,50,0.5294,17,0.6429,14,PUBM,5,3,688,693
600,151,63,0.3492,0.6796,2.2721,0.3849,0.6508,,0,,0,,0,PUBM,5,4,751,756
651,163,63,0.4603,0.448,4.9322,0.4222,0.5556,0.5385,13,0.5385,13,,0,PUBM,5,5,814,819
701,176,63,0.5714,0.6028,1.8038,0.2735,0.5079,0.5556,45,0.6,30,0.6,15,PUBM,5,6,877,882
752,188,63,0.381,0.3046,0.8053,0.3044,0.4127,0.3617,47,0.2368,38,0.2368,38,PUBM,5,7,940,945
802,201,63,0.5397,0.5293,2.0894,0.3034,0.4286,0.4545,22,0.4545,22,0.4545,22,PUBM,5,8,1003,1008
852,214,63,0.3333,0.5,0.7316,0.2692,0.6667,,0,,0,,0,PUBM,5,9,1066,1071
903,226,63,0.7302,0.6872,0.6716,0.2389,0.3016,0.55,20,0.55,20,0.55,20,PUBM,5,10,1129,1134
953,239,63,0.5873,0.4712,0.6673,0.2372,0.3651,0.2,5,,0,,0,PUBM,5,11,1192,1197
1004,251,63,0.4127,0.3556,0.7965,0.2998,0.5238,0.4412,34,0.4444,27,0.4444,27,PUBM,5,12,1255,1260
399,100,63,0.5397,0.4449,0.6955,0.2512,0.5873,0.5667,60,0.5306,49,,0,PYPL,5,0,499,504
449,113,63,0.381,0.4262,8.1181,0.5871,0.7937,0.72,25,0.72,25,0.72,25,PYPL,5,1,562,567
500,125,63,0.619,0.575,0.8775,0.2401,0.5556,0.5965,57,0.5965,57,0.5965,57,PYPL,5,2,625,630
550,138,63,0.6825,0.6227,0.6007,0.2066,0.6825,0.6825,63,0.7561,41,0.7561,41,PYPL,5,3,688,693
600,151,63,0.4921,0.3775,1.0125,0.2934,0.4921,0.4921,63,0.4444,54,0.3333,18,PYPL,5,4,751,756
651,163,63,0.6349,0.6315,0.6041,0.2094,0.7143,0.7619,42,0.7619,42,0.875,16,PYPL,5,5,814,819
701,176,63,0.3968,0.5,0.7901,0.297,0.3968,0.3968,63,0.3968,63,0.3968,63,PYPL,5,6,877,882
752,188,63,0.3333,0.5119,2.2701,0.3754,0.3333,0.3333,63,0.3488,43,0.3636,33,PYPL,5,7,940,945
802,201,63,0.3968,0.4826,1.4236,0.2906,0.3651,0.3729,59,0.2727,11,0.25,8,PYPL,5,8,1003,1008
852,214,63,0.4286,0.4573,0.7418,0.2739,0.5714,,0,,0,,0,PYPL,5,9,1066,1071
903,226,63,0.5079,0.5504,0.8417,0.3109,0.4921,,0,,0,,0,PYPL,5,10,1129,1134
953,239,63,0.5238,0.4747,0.6927,0.25,0.4762,0.5,6,0.5,2,,0,PYPL,5,11,1192,1197
1004,251,63,0.6032,0.5305,0.9167,0.2542,0.3968,0.5,2,0.5,2,0.5,2,PYPL,5,12,1255,1260
1054,264,63,0.5238,0.5568,0.9254,0.257,0.5397,0.5476,42,0.6207,29,,0,PYPL,5,13,1318,1323
1104,277,63,0.4127,0.6087,0.7261,0.2644,0.3651,0.3833,60,0.5,2,0.5,2,PYPL,5,14,1381,1386
1155,289,63,0.4444,0.5437,1.4125,0.2839,0.6032,0.6667,9,0.4,5,0.4,5,PYPL,5,15,1444,1449
1205,302,63,0.5873,0.5546,0.6845,0.245,0.5556,0.5763,59,0.6,15,,0,PYPL,5,16,1507,1512
1256,314,63,0.5556,0.5816,0.686,0.2477,0.4603,0.5098,51,0.4848,33,0.4848,33,PYPL,5,17,1570,1575
1306,327,63,0.6825,0.6651,1.8408,0.2855,0.6984,0.7857,42,0.8276,29,0.6923,13,PYPL,5,18,1633,1638
1356,340,63,0.4603,0.499,0.7711,0.2865,0.5238,0.0,1,,0,,0,PYPL,5,19,1696,1701
1407,352,63,0.5079,0.4642,0.7045,0.2555,0.4921,0.5,46,0.5116,43,0.1667,6,PYPL,5,20,1759,1764
1457,365,63,0.5397,0.5041,0.6893,0.248,0.5397,0.541,61,0.5614,57,,0,PYPL,5,21,1822,1827
1508,377,63,0.5397,0.5852,0.6943,0.2505,0.4921,0.5172,58,0.5273,55,,0,PYPL,5,22,1885,1890
1558,390,63,0.1587,0.4802,0.8469,0.3258,0.1587,0.1587,63,0.1587,63,,0,PYPL,5,23,1948,1953
1608,403,63,0.4921,0.4854,0.9281,0.2599,0.4921,0.4921,63,0.3333,3,0.5,2,PYPL,5,24,2011,2016
399,100,63,0.381,0.5734,4.7516,0.4358,0.6349,1.0,1,,0,,0,QS,5,0,499,504
449,113,63,0.4762,0.6058,0.9445,0.2658,0.4921,0.375,8,0.0,2,0.0,2,QS,5,1,562,567
500,125,63,0.5714,0.5977,0.6686,0.2388,0.4286,0.5,24,0.7143,14,0.7692,13,QS,5,2,625,630
550,138,63,0.5714,0.6283,0.6704,0.2391,0.4762,0.5294,51,0.5294,51,0.6667,24,QS,5,3,688,693
600,151,63,0.5873,0.559,0.7147,0.2579,0.4921,0.5676,37,0.5429,35,0.5429,35,QS,5,4,751,756
651,163,63,0.4921,0.5295,0.7027,0.2538,0.3968,0.4103,39,0.3333,6,0.3333,6,QS,5,5,814,819
701,176,63,0.5397,0.6097,0.6498,0.232,0.4127,0.4545,33,0.6667,9,0.6667,9,QS,5,6,877,882
752,188,63,0.6508,0.6694,0.6529,0.2301,0.4921,0.5918,49,0.6,40,,0,QS,5,7,940,945
802,201,63,0.6984,0.7041,0.6531,0.2309,0.381,0.6471,17,,0,,0,QS,5,8,1003,1008
852,214,63,0.5873,0.5332,1.0245,0.287,0.6349,0.675,40,0.675,40,0.675,40,QS,5,9,1066,1071
903,226,63,0.3968,0.6189,2.8053,0.4978,0.6032,,0,,0,,0,QS,5,10,1129,1134
953,239,63,0.4921,0.5282,0.7424,0.2677,0.5079,,0,,0,,0,QS,5,11,1192,1197
1004,251,63,0.4286,0.3907,0.6932,0.25,0.2698,0.1935,31,,0,,0,QS,5,12,1255,1260
399,100,63,0.6667,0.5,0.6866,0.2467,0.3333,,0,,0,,0,QUBT,5,0,499,504
449,113,63,0.5079,0.5549,1.4243,0.2912,0.4921,0.5,18,0.5625,16,0.5625,16,QUBT,5,1,562,567
500,125,63,0.5873,0.5,0.7028,0.2536,0.4127,,0,,0,,0,QUBT,5,2,625,630
550,138,63,0.5714,0.6338,0.6319,0.2189,0.3333,0.4167,36,1.0,2,1.0,2,QUBT,5,3,688,693
600,151,63,0.3175,0.3276,1.0375,0.3673,0.6508,0.45,20,,0,,0,QUBT,5,4,751,756
651,163,63,0.4921,0.3785,0.8287,0.3091,0.5079,,0,,0,,0,QUBT,5,5,814,819
701,176,63,0.5556,0.4735,0.7145,0.2591,0.5556,0.5556,63,0.4444,9,0.5,8,QUBT,5,6,877,882
752,188,63,0.4921,0.5161,0.6921,0.2495,0.4921,0.4921,63,1.0,1,1.0,1,QUBT,5,7,940,945
802,201,63,0.4286,0.5,0.699,0.2529,0.4286,0.4286,63,,0,,0,QUBT,5,8,1003,1008
852,214,63,0.6032,0.5016,0.6802,0.2434,0.3968,,0,,0,,0,QUBT,5,9,1066,1071
903,226,63,0.5079,0.4451,0.7119,0.262,0.4921,0.5,28,0.5556,18,0.8889,9,QUBT,5,10,1129,1134
399,100,63,0.6984,0.679,1.5782,0.2491,0.619,0.7273,44,0.7273,44,0.7273,44,QURE,5,0,499,504
449,113,63,0.5873,0.6227,0.7089,0.2605,0.4603,0.5349,43,0.5349,43,0.5349,43,QURE,5,1,562,567
500,125,63,0.5714,0.5782,0.6739,0.2405,0.4286,,0,,0,,0,QURE,5,2,625,630
550,138,63,0.3968,0.6785,0.7902,0.2852,0.5714,0.0,2,0.0,2,0.0,2,QURE,5,3,688,693
600,151,63,0.4444,0.3966,4.0179,0.3951,0.4603,0.4464,56,0.3333,21,0.3333,21,QURE,5,4,751,756
651,163,63,0.4921,0.5161,0.6899,0.2499,0.4921,0.4921,63,1.0,1,1.0,1,QURE,5,5,814,819
701,176,63,0.4921,0.4531,0.7004,0.2535,0.4921,0.4921,63,0.0,1,0.0,1,QURE,5,6,877,882
752,188,63,0.4603,0.4934,1.6308,0.287,0.254,0.2188,32,0.4286,7,0.4286,7,QURE,5,7,940,945
802,201,63,0.5873,0.4735,0.6795,0.2432,0.4127,,0,,0,,0,QURE,5,8,1003,1008
852,214,63,0.3333,0.5119,0.7947,0.2998,0.6667,,0,,0,,0,QURE,5,9,1066,1071
903,226,63,0.5397,0.6324,1.6338,0.2799,0.4603,0.5,44,0.5,44,0.6154,13,QURE,5,10,1129,1134
953,239,63,0.5238,0.5625,1.0042,0.2889,0.4921,0.6667,3,,0,,0,QURE,5,11,1192,1197
1004,251,63,0.5556,0.5398,3.8771,0.343,0.4444,,0,,0,,0,QURE,5,12,1255,1260
1054,264,63,0.5556,0.571,0.6704,0.2388,0.3492,0.4,30,,0,,0,QURE,5,13,1318,1323
1104,277,63,0.2698,0.5,0.6961,0.2515,0.2698,0.2698,63,,0,,0,QURE,5,14,1381,1386
1155,289,63,0.4762,0.5,0.7134,0.26,0.5238,,0,,0,,0,QURE,5,15,1444,1449
1205,302,63,0.5238,0.4786,0.6947,0.2507,0.4444,0.3333,6,,0,,0,QURE,5,16,1507,1512
1256,314,63,0.7302,0.6372,0.6008,0.2062,0.3333,0.75,8,0.75,8,1.0,1,QURE,5,17,1570,1575
1306,327,63,0.619,0.625,0.6466,0.2279,0.381,,0,,0,,0,QURE,5,18,1633,1638
1356,340,63,0.3333,0.5833,3.1702,0.4707,0.6667,,0,,0,,0,QURE,5,19,1696,1701
1407,352,63,0.5873,0.6457,1.5797,0.267,0.4921,0.619,21,0.619,21,0.5714,14,QURE,5,20,1759,1764
1457,365,63,0.4444,0.4345,0.7223,0.2644,0.4921,0.4231,26,0.4583,24,0.3333,3,QURE,5,21,1822,1827
1508,377,63,0.4603,0.5016,0.735,0.2704,0.619,0.7273,11,0.5,6,0.5,6,QURE,5,22,1885,1890
1558,390,63,0.5873,0.5072,0.9224,0.2554,0.4286,0.5455,11,0.5455,11,0.5455,11,QURE,5,23,1948,1953
1608,403,63,0.3968,0.516,0.6963,0.2516,0.619,0.5455,11,0.5455,11,0.5455,11,QURE,5,24,2011,2016
399,100,63,0.4127,0.3669,0.7275,0.2661,0.4127,0.1765,17,0.0,1,0.0,1,ROKU,5,0,499,504
449,113,63,0.4127,0.5759,0.757,0.2811,0.5873,,0,,0,,0,ROKU,5,1,562,567
500,125,63,0.4286,0.5257,0.7317,0.2685,0.5714,,0,,0,,0,ROKU,5,2,625,630
550,138,63,0.8095,0.7737,0.6065,0.2073,0.8095,0.8095,63,0.8095,63,1.0,4,ROKU,5,3,688,693
600,151,63,0.4286,0.6183,1.106,0.3366,0.4286,0.4286,63,0.4286,63,0.4286,63,ROKU,5,4,751,756
651,163,63,0.5714,0.5913,1.6212,0.2825,0.5556,0.5769,52,0.5769,52,0.5769,52,ROKU,5,5,814,819
701,176,63,0.5873,0.5357,0.7258,0.2655,0.3333,0.381,21,0.381,21,0.381,21,ROKU,5,6,877,882
752,188,63,0.6667,0.688,1.5765,0.2569,0.2698,0.4333,30,0.4286,21,0.4286,21,ROKU,5,7,940,945
802,201,63,0.4444,0.4532,0.7477,0.2751,0.3968,0.25,20,0.25,20,,0,ROKU,5,8,1003,1008
852,214,63,0.619,0.5281,0.8125,0.2881,0.4127,1.0,2,1.0,2,,0,ROKU,5,9,1066,1071
903,226,63,0.6032,0.5563,0.6374,0.2277,0.3968,,0,,0,,0,ROKU,5,10,1129,1134
953,239,63,0.4444,0.3923,1.0917,0.3279,0.5556,,0,,0,,0,ROKU,5,11,1192,1197
1004,251,63,0.619,0.4209,1.1667,0.2693,0.381,,0,,0,,0,ROKU,5,12,1255,1260
1054,264,63,0.3651,0.4032,0.7462,0.2763,0.6032,0.45,20,,0,,0,ROKU,5,13,1318,1323
1104,277,63,0.4286,0.4402,0.7183,0.2626,0.381,0.375,48,0.3913,46,,0,ROKU,5,14,1381,1386
1155,289,63,0.4603,0.5538,0.6909,0.2489,0.5397,,0,,0,,0,ROKU,5,15,1444,1449
1205,302,63,0.6984,0.64,0.6178,0.2209,0.3968,1.0,6,1.0,6,1.0,6,ROKU,5,16,1507,1512
1256,314,63,0.5873,0.5697,0.6818,0.2443,0.4762,0.75,8,0.75,8,,0,ROKU,5,17,1570,1575
1306,327,63,0.4921,0.5554,1.1326,0.2567,0.6349,0.75,16,0.7143,14,0.7143,14,ROKU,5,18,1633,1638
1356,340,63,0.4762,0.5232,3.2141,0.3315,0.5079,0.4762,21,,0,,0,ROKU,5,19,1696,1701
1407,352,63,0.6032,0.5296,0.6825,0.2447,0.4127,0.6,5,0.5,4,,0,ROKU,5,20,1759,1764
1457,365,63,0.4127,0.4738,0.7204,0.2636,0.7778,0.75,24,,0,,0,ROKU,5,21,1822,1827
1508,377,63,0.4127,0.3938,0.7065,0.2567,0.7143,0.6333,30,,0,,0,ROKU,5,22,1885,1890
1558,390,63,0.4444,0.5,0.7211,0.2639,0.4444,0.4444,63,0.4444,63,,0,ROKU,5,23,1948,1953
1608,403,63,0.6667,0.4654,0.6858,0.2419,0.6667,0.6667,63,0.6667,63,0.6154,13,ROKU,5,24,2011,2016
399,100,63,0.4603,0.4179,0.7798,0.2911,0.4444,0.4483,58,0.4483,58,0.4464,56,ROST,5,0,499,504
449,113,63,0.4444,0.4944,4.1644,0.3759,0.5238,0.4773,44,0.4884,43,0.4884,43,ROST,5,1,562,567
500,125,63,0.6032,0.8076,0.6377,0.2255,0.5714,0.9231,13,0.9231,13,0.6667,3,ROST,5,2,625,630
550,138,63,0.4286,0.5307,1.6487,0.2967,0.5873,0.6667,3,0.5,2,0.5,2,ROST,5,3,688,693
600,151,63,0.4444,0.7489,0.6705,0.2408,0.6032,1.0,3,1.0,2,1.0,1,ROST,5,4,751,756
651,163,63,0.4286,0.6276,0.7726,0.2877,0.4286,0.4286,63,0.4643,56,0.4643,56,ROST,5,5,814,819
701,176,63,0.4921,0.3965,1.4285,0.2955,0.5238,0.5082,61,0.4737,57,0.4737,57,ROST,5,6,877,882
752,188,63,0.4127,0.5385,0.6977,0.2535,0.381,0.3934,61,,0,,0,ROST,5,7,940,945
802,201,63,0.5873,0.5398,1.8509,0.2895,0.5556,0.6286,35,0.5,10,0.5,10,ROST,5,8,1003,1008
852,214,63,0.7302,0.7825,0.6509,0.2291,0.4603,0.7308,26,0.7308,26,1.0,6,ROST,5,9,1066,1071
903,226,63,0.4921,0.5735,1.9032,0.3113,0.4444,0.4655,58,0.4839,31,0.4839,31,ROST,5,10,1129,1134
953,239,63,0.3968,0.7558,1.2928,0.3303,0.6032,,0,,0,,0,ROST,5,11,1192,1197
1004,251,63,0.381,0.6245,0.6737,0.2413,0.381,0.381,63,0.7778,9,0.7778,9,ROST,5,12,1255,1260
1054,264,63,0.3651,0.4701,0.7325,0.2696,0.6508,0.6667,3,,0,,0,ROST,5,13,1318,1323
1104,277,63,0.5556,0.5393,0.6858,0.2463,0.5556,0.5556,63,0.8,5,,0,ROST,5,14,1381,1386
1155,289,63,0.6984,0.7675,1.4161,0.2873,0.7778,0.9412,34,,0,,0,ROST,5,15,1444,1449
1205,302,63,0.4762,0.4754,0.7507,0.277,0.381,0.3784,37,0.3784,37,0.3784,37,ROST,5,16,1507,1512
1256,314,63,0.5079,0.4864,0.6985,0.2526,0.5238,0.5167,60,,0,,0,ROST,5,17,1570,1575
1306,327,63,0.4444,0.6148,0.7324,0.2691,0.4444,0.4444,63,0.4444,63,0.4615,13,ROST,5,18,1633,1638
1356,340,63,0.4921,0.7303,0.6817,0.2444,0.4921,0.4921,63,0.8889,9,1.0,2,ROST,5,19,1696,1701
1407,352,63,0.5238,0.4116,0.7374,0.271,0.5238,0.5238,63,0.2353,17,0.1875,16,ROST,5,20,1759,1764
1457,365,63,0.5714,0.6866,0.6386,0.2246,0.5873,0.5893,56,0.9444,18,0.9444,18,ROST,5,21,1822,1827
1508,377,63,0.619,0.5006,0.6785,0.2425,0.6667,0.6667,54,0.6667,54,,0,ROST,5,22,1885,1890
1558,390,63,0.5238,0.5953,2.4284,0.3433,0.6508,0.8667,15,0.8571,14,0.8333,12,ROST,5,23,1948,1953
1608,403,63,0.3333,0.4568,0.7857,0.2953,0.6508,0.3333,3,0.5,2,1.0,1,ROST,5,24,2011,2016
399,100,63,0.3651,0.5438,1.6017,0.4387,0.6508,1.0,1,1.0,1,,0,S,5,0,499,504
449,113,63,0.4127,0.5,0.7332,0.2698,0.5873,,0,,0,,0,S,5,1,562,567
500,125,63,0.4444,0.5,0.7394,0.2727,0.4444,0.4444,63,0.4444,63,0.4444,63,S,5,2,625,630
550,138,63,0.4603,0.5265,0.7083,0.2585,0.4127,0.4333,60,0.375,8,0.375,8,S,5,3,688,693
600,151,63,0.4762,0.6321,0.907,0.2529,0.5556,0.75,4,0.75,4,,0,S,5,4,751,756
651,163,63,0.5397,0.6245,3.8465,0.3356,0.4921,1.0,2,,0,,0,S,5,5,814,819
701,176,63,0.4603,0.4141,0.7724,0.2859,0.4286,0.2667,15,0.2667,15,0.2,10,S,5,6,877,882
752,188,63,0.4762,0.5102,0.7608,0.2811,0.5556,0.5714,14,,0,,0,S,5,7,940,945
802,201,63,0.4921,0.4028,0.7287,0.2674,0.5873,0.551,49,0.5,26,,0,S,5,8,1003,1008
852,214,63,0.4286,0.5051,1.1692,0.2713,0.4444,0.4333,60,,0,,0,S,5,9,1066,1071
903,226,63,0.746,0.6453,0.6398,0.224,0.8413,0.8936,47,0.9,20,0.9,20,S,5,10,1129,1134
953,239,63,0.3968,0.6175,0.7852,0.2919,0.381,0.3871,62,0.4182,55,0.4615,39,S,5,11,1192,1197
1004,251,63,0.4921,0.6028,0.669,0.2397,0.4921,0.4918,61,0.75,8,0.75,8,S,5,12,1255,1260
1054,264,63,0.5714,0.5867,0.6589,0.2348,0.5556,0.5645,62,1.0,5,1.0,5,S,5,13,1318,1323
1104,277,63,0.4762,0.4586,0.7671,0.282,0.4762,0.4737,57,0.4118,17,0.4118,17,S,5,14,1381,1386
1155,289,63,0.4286,0.4167,0.742,0.2739,0.4286,0.4262,61,0.28,25,0.3,20,S,5,15,1444,1449
1205,302,63,0.5556,0.5603,0.6782,0.2426,0.4127,0.3333,6,,0,,0,S,5,16,1507,1512
1256,314,63,0.5714,0.5321,0.6894,0.2481,0.4444,0.5556,9,,0,,0,S,5,17,1570,1575
1306,327,63,0.619,0.5915,0.6789,0.2429,0.4127,0.5455,22,,0,,0,S,5,18,1633,1638
1356,340,63,0.3968,0.4642,0.7219,0.2643,0.6032,,0,,0,,0,S,5,19,1696,1701
399,100,63,0.6032,0.4037,1.8642,0.2893,0.6032,0.6066,61,0.6066,61,0.6066,61,SHOP,5,0,499,504
449,113,63,0.7143,0.6328,1.4907,0.224,0.6984,0.7407,54,0.7407,54,0.7358,53,SHOP,5,1,562,567
500,125,63,0.4444,0.4101,0.7874,0.2943,0.5238,0.4828,58,0.4828,58,0.4828,58,SHOP,5,2,625,630
550,138,63,0.5873,0.5062,1.3741,0.2682,0.5873,0.5902,61,0.5902,61,0.5902,61,SHOP,5,3,688,693
600,151,63,0.4444,0.3893,0.7408,0.2733,0.4444,0.4444,63,0.4516,62,0.3214,28,SHOP,5,4,751,756
651,163,63,0.5873,0.5,0.6841,0.2455,0.5873,0.5873,63,,0,,0,SHOP,5,5,814,819
701,176,63,0.4444,0.4768,0.7606,0.2775,0.4921,0.4286,28,0.4074,27,0.5,14,SHOP,5,6,877,882
752,188,63,0.5873,0.5489,1.2439,0.2985,0.3651,0.4545,33,0.4545,33,0.2941,17,SHOP,5,7,940,945
802,201,63,0.4921,0.4651,1.405,0.3462,0.3492,0.2727,22,0.0,11,0.0,11,SHOP,5,8,1003,1008
852,214,63,0.4762,0.5,0.7005,0.2537,0.5238,,0,,0,,0,SHOP,5,9,1066,1071
903,226,63,0.6508,0.6621,0.6637,0.2356,0.3968,0.56,25,,0,,0,SHOP,5,10,1129,1134
953,239,63,0.3968,0.6253,1.0448,0.3608,0.6032,,0,,0,,0,SHOP,5,11,1192,1197
1004,251,63,0.619,0.6265,0.8951,0.2459,0.5079,0.6,40,,0,,0,SHOP,5,12,1255,1260
1054,264,63,0.6032,0.6495,0.629,0.2255,0.4444,0.5652,23,0.5652,23,0.75,4,SHOP,5,13,1318,1323
1104,277,63,0.5238,0.5891,0.6849,0.2466,0.3651,0.3939,33,0.4074,27,0.4074,27,SHOP,5,14,1381,1386
1155,289,63,0.5238,0.4416,0.9397,0.2649,0.6667,0.6429,42,0.6,30,0.625,8,SHOP,5,15,1444,1449
1205,302,63,0.5873,0.6205,1.6144,0.2774,0.3968,0.4857,35,0.5263,19,0.5263,19,SHOP,5,16,1507,1512
1256,314,63,0.5079,0.7328,0.6779,0.2425,0.4762,0.4915,59,0.56,50,,0,SHOP,5,17,1570,1575
1306,327,63,0.5556,0.5995,0.6941,0.2503,0.5238,0.7778,9,1.0,5,,0,SHOP,5,18,1633,1638
1356,340,63,0.3333,0.542,0.7677,0.2877,0.6667,,0,,0,,0,SHOP,5,19,1696,1701
1407,352,63,0.5397,0.5756,1.7837,0.2665,0.4603,,0,,0,,0,SHOP,5,20,1759,1764
1457,365,63,0.7302,0.7954,0.8714,0.2377,0.6667,0.7193,57,,0,,0,SHOP,5,21,1822,1827
1508,377,63,0.6825,0.6444,0.6687,0.2379,0.5556,0.6415,53,,0,,0,SHOP,5,22,1885,1890
1558,390,63,0.4603,0.4521,0.7252,0.2657,0.5079,0.4821,56,0.4808,52,,0,SHOP,5,23,1948,1953
1608,403,63,0.5238,0.6316,0.689,0.248,0.4444,0.4792,48,0.4894,47,1.0,1,SHOP,5,24,2011,2016
399,100,63,0.5873,0.6116,0.6942,0.2495,0.4603,0.5484,31,0.6364,11,0.6,10,SLV,5,0,499,504
449,113,63,0.3016,0.6928,0.741,0.2746,0.8095,1.0,7,1.0,6,1.0,6,SLV,5,1,562,567
500,125,63,0.5238,0.5869,0.6801,0.2434,0.5238,0.5238,63,0.7143,14,0.7143,14,SLV,5,2,625,630
550,138,63,0.5873,0.6133,0.6367,0.2266,0.5873,0.6486,37,0.6486,37,0.6486,37,SLV,5,3,688,693
600,151,63,0.5397,0.5068,0.7433,0.2671,0.6032,0.6098,41,0.6053,38,0.6053,38,SLV,5,4,751,756
651,163,63,0.5397,0.5393,0.7265,0.2636,0.5079,0.5556,27,0.5556,27,0.5556,27,SLV,5,5,814,819
701,176,63,0.5397,0.5126,0.9283,0.2601,0.5079,0.5246,61,0.5,38,0.5,38,SLV,5,6,877,882
752,188,63,0.4286,0.4057,0.741,0.2729,0.4921,0.4286,35,0.4286,35,0.4286,35,SLV,5,7,940,945
802,201,63,0.619,0.6075,0.7175,0.2486,0.5714,0.6765,34,0.6765,34,,0,SLV,5,8,1003,1008
852,214,63,0.3333,0.3504,0.8065,0.3047,0.381,0.25,36,0.25,36,0.2647,34,SLV,5,9,1066,1071
903,226,63,0.5873,0.6245,0.6534,0.2327,0.4286,0.5152,33,,0,,0,SLV,5,10,1129,1134
953,239,63,0.3492,0.6641,0.8206,0.3008,0.6508,,0,,0,,0,SLV,5,11,1192,1197
1004,251,63,0.5238,0.323,1.4286,0.2903,0.5714,0.55,60,0.0,1,0.0,1,SLV,5,12,1255,1260
1054,264,63,0.619,0.4631,0.691,0.2488,0.381,,0,,0,,0,SLV,5,13,1318,1323
1104,277,63,0.5079,0.502,0.9158,0.2553,0.5079,0.5085,59,,0,,0,SLV,5,14,1381,1386
1155,289,63,0.4762,0.5289,0.6969,0.2517,0.4603,0.4524,42,0.6,15,0.6154,13,SLV,5,15,1444,1449
1205,302,63,0.5714,0.6375,0.6727,0.2401,0.6508,0.7692,26,0.7692,26,,0,SLV,5,16,1507,1512
1256,314,63,0.3175,0.3144,0.7351,0.2707,0.4603,0.325,40,,0,,0,SLV,5,17,1570,1575
1306,327,63,0.5873,0.4737,0.6945,0.2507,0.6032,0.5968,62,,0,,0,SLV,5,18,1633,1638
1356,340,63,0.4762,0.4793,0.6901,0.249,0.4762,0.4762,63,1.0,1,1.0,1,SLV,5,19,1696,1701
1407,352,63,0.4127,0.5402,0.6997,0.2533,0.6349,0.8,5,0.8,5,,0,SLV,5,20,1759,1764
1457,365,63,0.6508,0.5442,0.6945,0.2506,0.6667,0.6923,52,,0,,0,SLV,5,21,1822,1827
1508,377,63,0.7937,0.4392,0.6475,0.2272,0.7937,0.7937,63,,0,,0,SLV,5,22,1885,1890
1558,390,63,0.7619,0.3667,0.6182,0.2128,0.7619,0.7619,63,0.7619,63,0.6,20,SLV,5,23,1948,1953
1608,403,63,0.5079,0.5716,0.9658,0.2799,0.5079,0.5079,63,0.5079,63,0.5079,63,SLV,5,24,2011,2016
399,100,63,0.5714,0.5231,0.6858,0.2464,0.5714,0.5714,63,0.75,4,0.75,4,SMCI,5,0,499,504
449,113,63,0.3016,0.3825,1.9719,0.3501,0.4127,0.2857,42,0.2857,42,0.2857,42,SMCI,5,1,562,567
500,125,63,0.6032,0.5816,1.984,0.2647,0.6032,0.6102,59,0.6102,59,0.6389,36,SMCI,5,2,625,630
550,138,63,0.6825,0.7623,1.2796,0.231,0.4286,0.5946,37,0.5946,37,0.8125,16,SMCI,5,3,688,693
600,151,63,0.4921,0.5715,2.1204,0.3123,0.6508,1.0,9,1.0,9,1.0,9,SMCI,5,4,751,756
651,163,63,0.4127,0.648,0.6618,0.2421,0.6667,0.8571,7,0.75,4,0.75,4,SMCI,5,5,814,819
701,176,63,0.619,0.5085,0.6692,0.2381,0.619,0.619,63,0.619,63,0.6,5,SMCI,5,6,877,882
752,188,63,0.619,0.5745,0.7136,0.2552,0.6349,0.6818,44,0.6818,44,0.6744,43,SMCI,5,7,940,945
802,201,63,0.6508,0.5067,0.6652,0.2383,0.6508,0.6508,63,0.6471,17,0.625,16,SMCI,5,8,1003,1008
852,214,63,0.5714,0.573,0.6992,0.2523,0.5714,0.5714,63,0.5714,63,0.5902,61,SMCI,5,9,1066,1071
903,226,63,0.4762,0.4834,0.7548,0.2793,0.7302,0.6857,35,0.6857,35,0.6857,35,SMCI,5,10,1129,1134
953,239,63,0.3492,0.6114,5.471,0.4784,0.3492,0.3443,61,0.3443,61,0.3443,61,SMCI,5,11,1192,1197
1004,251,63,0.3333,0.6389,0.9085,0.3498,0.3333,0.3333,63,0.3333,63,0.3333,63,SMCI,5,12,1255,1260
1054,264,63,0.4444,0.6333,0.7125,0.2587,0.4762,0.459,61,0.459,61,0.6842,19,SMCI,5,13,1318,1323
1104,277,63,0.5238,0.5081,0.6978,0.2522,0.4762,0.5,18,0.5333,15,0.4,10,SMCI,5,14,1381,1386
1155,289,63,0.4603,0.4853,0.6999,0.2534,0.5397,,0,,0,,0,SMCI,5,15,1444,1449
1205,302,63,0.3968,0.4969,1.326,0.3473,0.5873,0.4286,7,,0,,0,SMCI,5,16,1507,1512
1256,314,63,0.6032,0.569,0.8945,0.2462,0.3651,0.0,2,,0,,0,SMCI,5,17,1570,1575
1306,327,63,0.5873,0.5226,0.9209,0.2563,0.4286,0.6667,3,0.5,2,0.5,2,SMCI,5,18,1633,1638
399,100,63,0.4921,0.4728,0.7254,0.2657,0.4921,0.4545,11,0.3333,6,0.3333,6,SMMT,5,0,499,504
449,113,63,0.5397,0.5414,0.703,0.2548,0.5238,0.5833,24,0.5455,22,0.5714,21,SMMT,5,1,562,567
500,125,63,0.4127,0.5647,0.6954,0.2512,0.3968,0.4032,62,0.6667,6,0.6667,6,SMMT,5,2,625,630
550,138,63,0.3651,0.6185,0.8719,0.3303,0.7143,0.8571,7,0.8571,7,1.0,1,SMMT,5,3,688,693
600,151,63,0.5714,0.6674,0.8941,0.2458,0.3492,0.4286,35,0.5185,27,0.5185,27,SMMT,5,4,751,756
651,163,63,0.5873,0.5781,1.651,0.2924,0.4921,0.5758,33,0.5758,33,0.8,5,SMMT,5,5,814,819
701,176,63,0.5714,0.5761,0.6933,0.2498,0.4286,0.5,28,0.5,28,0.5,28,SMMT,5,6,877,882
752,188,63,0.5556,0.5599,1.1268,0.2504,0.3175,0.3333,24,0.3529,17,0.4545,11,SMMT,5,7,940,945
802,201,63,0.4127,0.2634,0.698,0.2522,0.3175,0.1304,23,,0,,0,SMMT,5,8,1003,1008
852,214,63,0.6667,0.5,0.6428,0.2252,0.3333,,0,,0,,0,SMMT,5,9,1066,1071
903,226,63,0.5556,0.5949,0.7223,0.2625,0.4444,,0,,0,,0,SMMT,5,10,1129,1134
953,239,63,0.5714,0.5782,0.6904,0.2484,0.4286,,0,,0,,0,SMMT,5,11,1192,1197
1004,251,63,0.5873,0.4543,1.3858,0.2705,0.4127,,0,,0,,0,SMMT,5,12,1255,1260
1054,264,63,0.6349,0.5174,1.1476,0.2544,0.3651,,0,,0,,0,SMMT,5,13,1318,1323
1104,277,63,0.5714,0.499,0.6812,0.2452,0.4286,,0,,0,,0,SMMT,5,14,1381,1386
1155,289,63,0.2857,0.5735,1.5468,0.4061,0.7143,,0,,0,,0,SMMT,5,15,1444,1449
1205,302,63,0.5397,0.5702,0.684,0.2455,0.5873,0.7,20,0.7,20,0.7,20,SMMT,5,16,1507,1512
1256,314,63,0.5556,0.5625,0.6653,0.2402,0.5079,0.7,10,0.7,10,0.7,10,SMMT,5,17,1570,1575
1306,327,63,0.5079,0.622,0.6856,0.2468,0.5079,0.5079,63,0.5714,14,0.6154,13,SMMT,5,18,1633,1638
1356,340,63,0.6508,0.6668,0.689,0.242,0.4603,0.7692,13,0.7692,13,0.7692,13,SMMT,5,19,1696,1701
1407,352,63,0.619,0.6637,0.6056,0.2179,0.5873,0.6667,39,0.7143,28,0.7619,21,SMMT,5,20,1759,1764
1457,365,63,0.6667,0.6542,0.6383,0.226,0.6667,0.7234,47,0.8889,9,0.8889,9,SMMT,5,21,1822,1827
1508,377,63,0.381,0.4629,1.2824,0.3238,0.3492,0.3559,59,0.3111,45,0.32,25,SMMT,5,22,1885,1890
1558,390,63,0.5714,0.6616,0.6681,0.2377,0.3968,0.475,40,0.619,21,0.65,20,SMMT,5,23,1948,1953
1608,403,63,0.5714,0.6026,0.6769,0.2421,0.6032,0.6571,35,0.75,4,0.75,4,SMMT,5,24,2011,2016
399,100,63,0.4444,0.5435,1.5144,0.3284,0.3651,0.3846,52,0.3725,51,0.3725,51,SNOW,5,0,499,504
449,113,63,0.4286,0.4923,1.9055,0.3123,0.5714,0.5,4,0.6667,3,0.6667,3,SNOW,5,1,562,567
500,125,63,0.4762,0.5828,0.9135,0.2583,0.5714,1.0,3,,0,,0,SNOW,5,2,625,630
550,138,63,0.4762,0.4887,1.4073,0.2822,0.4286,0.4483,58,0.3333,9,0.3333,9,SNOW,5,3,688,693
600,151,63,0.6349,0.5676,1.8478,0.2884,0.6508,0.68,50,0.6923,13,0.6923,13,SNOW,5,4,751,756
651,163,63,0.4762,0.4568,1.0297,0.2988,0.4286,0.4464,56,0.25,12,0.25,12,SNOW,5,5,814,819
701,176,63,0.4286,0.2778,4.5583,0.4366,0.4286,0.4286,63,0.4286,63,0.0,16,SNOW,5,6,877,882
752,188,63,0.4603,0.5,0.699,0.2529,0.4603,0.4603,63,,0,,0,SNOW,5,7,940,945
802,201,63,0.3968,0.4474,0.7197,0.2632,0.6032,,0,,0,,0,SNOW,5,8,1003,1008
852,214,63,0.5079,0.5667,0.7059,0.256,0.5238,1.0,2,,0,,0,SNOW,5,9,1066,1071
903,226,63,0.254,0.6809,0.8144,0.3089,0.746,,0,,0,,0,SNOW,5,10,1129,1134
953,239,63,0.5079,0.504,0.6937,0.2503,0.5079,0.5079,63,,0,,0,SNOW,5,11,1192,1197
1004,251,63,0.5714,0.6286,0.6769,0.2421,0.4444,0.5091,55,0.5091,55,,0,SNOW,5,12,1255,1260
1054,264,63,0.2698,0.4006,1.0063,0.297,0.3175,0.25,52,0.2727,33,0.2903,31,SNOW,5,13,1318,1323
399,100,63,0.381,0.5185,0.6807,0.2512,0.5714,0.2857,7,0.0,4,0.0,4,TEAM,5,0,499,504
449,113,63,0.5397,0.5507,1.4505,0.2998,0.5397,0.561,41,0.561,41,0.561,41,TEAM,5,1,562,567
500,125,63,0.6032,0.3598,1.4755,0.3088,0.6508,0.6429,56,0.5,18,0.5,18,TEAM,5,2,625,630
550,138,63,0.6349,0.5478,0.6469,0.2278,0.6349,0.6349,63,0.6349,63,0.6349,63,TEAM,5,3,688,693
600,151,63,0.4762,0.4687,0.7065,0.2564,0.4921,0.4839,62,0.4754,61,0.5,2,TEAM,5,4,751,756
651,163,63,0.619,0.4813,0.6689,0.2395,0.619,0.619,63,0.5789,57,0.6667,21,TEAM,5,5,814,819
701,176,63,0.254,0.3177,0.8896,0.3385,0.7937,0.7143,7,0.6667,6,,0,TEAM,5,6,877,882
752,188,63,0.3333,0.551,0.7983,0.3018,0.3333,0.3333,63,0.3333,63,0.3333,63,TEAM,5,7,940,945
802,201,63,0.381,0.4818,0.7591,0.2757,0.381,0.381,63,0.25,4,0.25,4,TEAM,5,8,1003,1008
852,214,63,0.5397,0.5,0.6905,0.2487,0.5397,0.5397,63,,0,,0,TEAM,5,9,1066,1071
903,226,63,0.6349,0.5299,0.6838,0.245,0.381,0.5294,17,0.5,16,0.3333,3,TEAM,5,10,1129,1134
953,239,63,0.3968,0.4726,0.7739,0.288,0.6032,,0,,0,,0,TEAM,5,11,1192,1197
1004,251,63,0.4444,0.4947,0.7097,0.2571,0.381,0.3721,43,,0,,0,TEAM,5,12,1255,1260
1054,264,63,0.6825,0.6715,0.6551,0.2312,0.5873,0.6889,45,1.0,1,1.0,1,TEAM,5,13,1318,1323
1104,277,63,0.5873,0.4335,1.1679,0.2686,0.4127,0.5,4,0.5,4,,0,TEAM,5,14,1381,1386
1155,289,63,0.4921,0.6214,0.7269,0.2667,0.6508,0.8462,13,,0,,0,TEAM,5,15,1444,1449
1205,302,63,0.6032,0.6942,0.6757,0.2414,0.4603,0.5435,46,0.75,12,,0,TEAM,5,16,1507,1512
1256,314,63,0.3651,0.4321,0.7836,0.2937,0.3968,0.3636,55,0.3415,41,0.3684,38,TEAM,5,17,1570,1575
1306,327,63,0.5397,0.5755,0.6782,0.2456,0.6349,0.6667,33,0.6842,19,,0,TEAM,5,18,1633,1638
1356,340,63,0.2857,0.4654,0.7705,0.2883,0.7143,,0,,0,,0,TEAM,5,19,1696,1701
1407,352,63,0.3016,0.5018,0.6981,0.2525,0.3016,0.3016,63,,0,,0,TEAM,5,20,1759,1764
1457,365,63,0.6032,0.6705,0.6852,0.246,0.4127,0.5102,49,0.5227,44,,0,TEAM,5,21,1822,1827
1508,377,63,0.619,0.6384,1.6223,0.2789,0.4603,0.5532,47,0.5435,46,0.5278,36,TEAM,5,22,1885,1890
1558,390,63,0.3651,0.463,0.7301,0.2684,0.3651,0.3333,51,0.3333,51,0.4286,7,TEAM,5,23,1948,1953
1608,403,63,0.3968,0.6274,0.7219,0.2643,0.3968,0.3968,63,0.4,60,0.6,15,TEAM,5,24,2011,2016
399,100,63,0.5397,0.4716,0.6926,0.2497,0.5397,0.5397,63,0.5217,46,,0,TGT,5,0,499,504
449,113,63,0.3651,0.4435,2.6177,0.3424,0.6349,,0,,0,,0,TGT,5,1,562,567
500,125,63,0.6349,0.55,0.6691,0.238,0.6349,0.6349,63,1.0,4,1.0,4,TGT,5,2,625,630
550,138,63,0.619,0.531,0.6839,0.2437,0.619,0.619,63,0.619,63,0.6429,42,TGT,5,3,688,693
600,151,63,0.6349,0.6049,0.6304,0.2235,0.6349,0.6349,63,0.6349,63,0.6349,63,TGT,5,4,751,756
651,163,63,0.7143,0.3972,0.647,0.2257,0.7778,0.7627,59,0.7551,49,0.7551,49,TGT,5,5,814,819
701,176,63,0.4762,0.5242,0.7961,0.2974,0.4762,0.4762,63,0.4762,63,0.4762,63,TGT,5,6,877,882
752,188,63,0.2698,0.4348,0.855,0.3287,0.2698,0.2698,63,0.2698,63,0.2698,63,TGT,5,7,940,945
802,201,63,0.4286,0.6111,0.6968,0.2518,0.4286,0.4286,63,,0,,0,TGT,5,8,1003,1008
852,214,63,0.5714,0.5286,0.6839,0.2454,0.4444,0.5714,7,,0,,0,TGT,5,9,1066,1071
903,226,63,0.5079,0.4461,0.7525,0.2778,0.4921,,0,,0,,0,TGT,5,10,1129,1134
953,239,63,0.3492,0.2982,0.8596,0.329,0.6508,0.5,6,0.5,6,0.5,6,TGT,5,11,1192,1197
1004,251,63,0.619,0.4756,0.6765,0.2417,0.3492,0.0,2,,0,,0,TGT,5,12,1255,1260
1054,264,63,0.5714,0.5592,0.6956,0.2491,0.4286,,0,,0,,0,TGT,5,13,1318,1323
1104,277,63,0.5079,0.5211,1.9038,0.3096,0.3492,0.4082,49,0.3462,26,0.0,5,TGT,5,14,1381,1386
1155,289,63,0.2857,0.5278,0.7322,0.2695,0.7143,,0,,0,,0,TGT,5,15,1444,1449
1205,302,63,0.4286,0.5787,0.6992,0.2528,0.5714,,0,,0,,0,TGT,5,16,1507,1512
1256,314,63,0.6349,0.5283,0.6859,0.2464,0.3651,,0,,0,,0,TGT,5,17,1570,1575
1306,327,63,0.4762,0.502,0.6948,0.2508,0.5238,,0,,0,,0,TGT,5,18,1633,1638
1356,340,63,0.5238,0.4712,0.7039,0.2552,0.5714,0.56,50,,0,,0,TGT,5,19,1696,1701
1407,352,63,0.3016,0.4401,0.7606,0.2834,0.3175,0.2857,56,0.2857,56,,0,TGT,5,20,1759,1764
1457,365,63,0.5238,0.6606,0.6495,0.2314,0.5238,0.5238,63,1.0,5,1.0,5,TGT,5,21,1822,1827
1508,377,63,0.4286,0.5791,0.8629,0.3277,0.3175,0.3571,56,0.3556,45,0.3556,45,TGT,5,22,1885,1890
1558,390,63,0.2381,0.311,0.7842,0.2949,0.6825,0.3333,15,0.0,1,0.0,1,TGT,5,23,1948,1953
1608,403,63,0.4921,0.4849,0.6938,0.2503,0.5079,,0,,0,,0,TGT,5,24,2011,2016
399,100,63,0.4603,0.4331,7.2466,0.502,0.4603,0.4603,63,0.4603,63,0.4167,48,TJX,5,0,499,504
449,113,63,0.4921,0.6255,2.7407,0.3117,0.4921,0.4921,63,0.5366,41,0.5641,39,TJX,5,1,562,567
500,125,63,0.4762,0.5279,0.7681,0.2854,0.5397,1.0,1,1.0,1,1.0,1,TJX,5,2,625,630
550,138,63,0.5714,0.6297,1.3164,0.335,0.6825,0.8636,22,,0,,0,TJX,5,3,688,693
600,151,63,0.6032,0.4532,0.6912,0.2489,0.6032,0.6032,63,0.55,20,0.0,2,TJX,5,4,751,756
651,163,63,0.4603,0.6166,0.7098,0.2583,0.4603,0.4603,63,0.45,60,,0,TJX,5,5,814,819
701,176,63,0.381,0.3684,2.9166,0.3786,0.5556,0.4444,36,0.4706,34,0.6,10,TJX,5,6,877,882
752,188,63,0.5238,0.5455,0.6847,0.2459,0.5238,0.5238,63,1.0,3,1.0,3,TJX,5,7,940,945
802,201,63,0.5079,0.5385,2.5641,0.3256,0.4127,0.4528,53,0.4528,53,0.4528,53,TJX,5,8,1003,1008
852,214,63,0.5556,0.5369,0.7012,0.2513,0.5238,0.561,41,0.4444,9,0.6667,3,TJX,5,9,1066,1071
903,226,63,0.6032,0.5467,0.6804,0.2452,0.5397,0.5763,59,0.5,10,0.5,10,TJX,5,10,1129,1134
953,239,63,0.4921,0.6719,1.4162,0.2869,0.5079,,0,,0,,0,TJX,5,11,1192,1197
1004,251,63,0.6032,0.6074,0.6724,0.2397,0.4921,0.5682,44,0.6,10,0.6,10,TJX,5,12,1255,1260
1054,264,63,0.3968,0.5241,0.7577,0.2842,0.7143,0.64,25,0.6364,22,0.5882,17,TJX,5,13,1318,1323
1104,277,63,0.5714,0.57,0.8166,0.288,0.5714,0.6098,41,0.5714,14,0.6154,13,TJX,5,14,1381,1386
1155,289,63,0.6508,0.4964,0.9289,0.2584,0.6984,0.6833,60,0.7143,7,0.7143,7,TJX,5,15,1444,1449
1205,302,63,0.5873,0.6582,0.6617,0.2346,0.5397,0.569,58,0.6923,26,0.875,8,TJX,5,16,1507,1512
1256,314,63,0.4762,0.5204,0.7816,0.2786,0.6667,0.7647,17,0.7647,17,0.8125,16,TJX,5,17,1570,1575
1306,327,63,0.619,0.6846,0.6702,0.2384,0.4603,0.5581,43,0.5581,43,0.5581,43,TJX,5,18,1633,1638
1356,340,63,0.5079,0.477,0.7617,0.279,0.5556,0.537,54,0.5238,21,0.5455,11,TJX,5,19,1696,1701
1407,352,63,0.5397,0.5439,0.6938,0.25,0.5556,0.6364,22,0.6111,18,0.5714,14,TJX,5,20,1759,1764
1457,365,63,0.5079,0.4803,1.587,0.3399,0.5238,0.5161,62,0.5161,62,0.5,50,TJX,5,21,1822,1827
1508,377,63,0.5873,0.5538,0.7121,0.2587,0.6349,0.6591,44,,0,,0,TJX,5,22,1885,1890
1558,390,63,0.619,0.5943,0.6625,0.235,0.5397,0.5862,58,0.5862,58,,0,TJX,5,23,1948,1953
1608,403,63,0.4444,0.574,0.693,0.2499,0.4444,0.4426,61,0.5556,9,,0,TJX,5,24,2011,2016
399,100,63,0.3333,0.631,1.0113,0.3832,0.3333,0.3333,63,0.3889,54,0.3889,54,TPR,5,0,499,504
449,113,63,0.5556,0.4487,0.6808,0.2438,0.381,0.0,4,0.0,1,,0,TPR,5,1,562,567
500,125,63,0.3492,0.4418,0.9459,0.3591,0.6508,,0,,0,,0,TPR,5,2,625,630
550,138,63,0.2857,0.5,0.7235,0.2652,0.7143,,0,,0,,0,TPR,5,3,688,693
600,151,63,0.7143,0.5327,0.6132,0.211,0.7143,0.7143,63,0.7143,63,0.76,25,TPR,5,4,751,756
651,163,63,0.3651,0.5821,5.0606,0.5372,0.3651,0.3651,63,0.3651,63,0.3651,63,TPR,5,5,814,819
701,176,63,0.5873,0.6049,1.3432,0.2571,0.4286,0.5152,33,0.5312,32,,0,TPR,5,6,877,882
752,188,63,0.5556,0.5,0.6903,0.2486,0.4444,,0,,0,,0,TPR,5,7,940,945
802,201,63,0.4127,0.3611,0.8354,0.3129,0.5714,0.0,1,0.0,1,0.0,1,TPR,5,8,1003,1008
852,214,63,0.4603,0.4308,0.7329,0.2679,0.5238,0.4667,15,,0,,0,TPR,5,9,1066,1071
903,226,63,0.5397,0.4862,0.7224,0.2619,0.4444,0.4286,7,0.3333,3,0.3333,3,TPR,5,10,1129,1134
953,239,63,0.3175,0.472,0.9957,0.2909,0.8254,0.7647,17,1.0,5,1.0,2,TPR,5,11,1192,1197
1004,251,63,0.3651,0.5326,0.7644,0.2875,0.3651,0.3651,63,0.3651,63,0.4444,9,TPR,5,12,1255,1260
1054,264,63,0.5714,0.6351,0.6505,0.2319,0.4921,0.5625,32,0.8571,14,0.8571,14,TPR,5,13,1318,1323
1104,277,63,0.3492,0.6176,5.3658,0.5151,0.1905,0.2157,51,0.2157,51,0.2292,48,TPR,5,14,1381,1386
1155,289,63,0.6667,0.4983,0.7113,0.259,0.8254,0.8298,47,,0,,0,TPR,5,15,1444,1449
1205,302,63,0.4127,0.4549,0.7163,0.2615,0.3651,0.325,40,0.3571,14,,0,TPR,5,16,1507,1512
1256,314,63,0.5714,0.5364,0.6773,0.2415,0.4127,0.4737,19,,0,,0,TPR,5,17,1570,1575
1306,327,63,0.6825,0.7251,0.6771,0.2396,0.6508,0.8387,31,0.8621,29,,0,TPR,5,18,1633,1638
1356,340,63,0.3492,0.4038,6.6197,0.5803,0.7937,1.0,9,1.0,5,1.0,5,TPR,5,19,1696,1701
1407,352,63,0.4762,0.499,0.6866,0.247,0.5397,0.6,5,0.6,5,0.6,5,TPR,5,20,1759,1764
1457,365,63,0.7143,0.5469,0.6535,0.2304,0.7143,0.7143,63,0.875,8,0.5,2,TPR,5,21,1822,1827
1508,377,63,0.5238,0.4167,0.7679,0.2799,0.5238,0.5238,63,0.5238,63,0.0,5,TPR,5,22,1885,1890
1558,390,63,0.7143,0.5031,0.642,0.2246,0.7143,0.7143,63,0.7143,63,,0,TPR,5,23,1948,1953
1608,403,63,0.3492,0.5732,0.7897,0.2972,0.3492,0.3492,63,0.3492,63,0.386,57,TPR,5,24,2011,2016
399,100,63,0.5079,0.6179,1.7508,0.3409,0.5079,0.5079,63,0.5079,63,0.5079,63,TSLA,5,0,499,504
449,113,63,0.7619,0.3701,0.6596,0.2341,0.7619,0.7619,63,0.6829,41,0.7143,7,TSLA,5,1,562,567
500,125,63,0.5556,0.5,0.6997,0.253,0.5556,0.5556,63,0.5556,63,0.5556,63,TSLA,5,2,625,630
550,138,63,0.7619,0.5417,0.5644,0.19,0.7619,0.7619,63,0.7619,63,0.7619,63,TSLA,5,3,688,693
600,151,63,0.3651,0.7277,1.9892,0.355,0.3651,0.3651,63,0.371,62,0.371,62,TSLA,5,4,751,756
651,163,63,0.6667,0.6679,1.7726,0.2579,0.5556,0.6346,52,0.64,50,0.6176,34,TSLA,5,5,814,819
701,176,63,0.2857,0.6471,0.789,0.2974,0.8095,1.0,6,1.0,6,1.0,6,TSLA,5,6,877,882
752,188,63,0.381,0.5705,1.9591,0.3443,0.381,0.381,63,0.381,63,0.381,63,TSLA,5,7,940,945
802,201,63,0.3968,0.4342,0.728,0.2669,0.3968,0.3968,63,0.0,5,0.0,1,TSLA,5,8,1003,1008
852,214,63,0.4444,0.2821,6.4146,0.5026,0.4444,0.4444,63,0.2258,31,0.2258,31,TSLA,5,9,1066,1071
903,226,63,0.619,0.4151,0.6919,0.2493,0.381,,0,,0,,0,TSLA,5,10,1129,1134
953,239,63,0.3651,0.3776,0.7594,0.2827,0.4444,0.2857,28,0.2857,28,0.2857,28,TSLA,5,11,1192,1197
1004,251,63,0.5079,0.503,0.7045,0.2556,0.4921,,0,,0,,0,TSLA,5,12,1255,1260
1054,264,63,0.3492,0.5887,0.7465,0.2799,0.6508,,0,,0,,0,TSLA,5,13,1318,1323
1104,277,63,0.6032,0.5837,0.667,0.237,0.4444,0.6154,13,0.8,10,0.8,10,TSLA,5,14,1381,1386
1155,289,63,0.4921,0.5333,0.6925,0.2497,0.4762,0.4615,26,0.4615,26,0.5,8,TSLA,5,15,1444,1449
1205,302,63,0.4921,0.4375,0.7435,0.272,0.4921,0.4921,63,0.0,4,0.0,4,TSLA,5,16,1507,1512
1256,314,63,0.4921,0.5577,0.9703,0.2736,0.4444,0.4667,60,0.5,12,0.5,12,TSLA,5,17,1570,1575
1306,327,63,0.5873,0.5761,0.6881,0.2475,0.5397,0.5909,44,,0,,0,TSLA,5,18,1633,1638
1356,340,63,0.6032,0.62,1.8439,0.2872,0.4921,0.6667,18,,0,,0,TSLA,5,19,1696,1701
1407,352,63,0.619,0.5919,0.6784,0.2426,0.381,0.5,2,,0,,0,TSLA,5,20,1759,1764
1457,365,63,0.4444,0.4655,0.7454,0.2753,0.5397,0.0,1,,0,,0,TSLA,5,21,1822,1827
1508,377,63,0.4921,0.5245,0.758,0.2813,0.6349,0.8333,12,,0,,0,TSLA,5,22,1885,1890
1558,390,63,0.5079,0.499,0.7289,0.2681,0.4921,,0,,0,,0,TSLA,5,23,1948,1953
1608,403,63,0.5714,0.4739,0.6879,0.2474,0.3651,0.25,8,0.3333,3,,0,TSLA,5,24,2011,2016
399,100,63,0.5397,0.534,0.7306,0.267,0.5397,0.5397,63,0.5397,63,0.5397,63,TSM,5,0,499,504
449,113,63,0.7143,0.5,0.6368,0.222,0.7143,0.7143,63,0.7143,63,,0,TSM,5,1,562,567
500,125,63,0.5556,0.4821,0.9162,0.2535,0.5556,0.5556,63,0.5556,63,0.5,10,TSM,5,2,625,630
550,138,63,0.8095,0.6508,0.5577,0.1871,0.7937,0.8065,62,0.8065,62,0.9048,21,TSM,5,3,688,693
600,151,63,0.4286,0.5795,1.0372,0.3808,0.4127,0.4194,62,0.4194,62,0.4262,61,TSM,5,4,751,756
651,163,63,0.5556,0.5949,2.5553,0.3183,0.5556,0.5556,63,0.5556,63,0.5556,63,TSM,5,5,814,819
701,176,63,0.4127,0.5858,1.2278,0.3013,0.4127,0.4127,63,0.4634,41,0.4571,35,TSM,5,6,877,882
752,188,63,0.6349,0.75,0.677,0.2417,0.5714,1.0,13,1.0,13,1.0,1,TSM,5,7,940,945
802,201,63,0.6508,0.5541,1.5508,0.253,0.3175,0.375,8,0.375,8,0.4286,7,TSM,5,8,1003,1008
852,214,63,0.6349,0.6396,0.6361,0.2245,0.5079,0.8462,13,0.8462,13,0.9,10,TSM,5,9,1066,1071
903,226,63,0.7778,0.6516,0.6293,0.2184,0.2222,,0,,0,,0,TSM,5,10,1129,1134
953,239,63,0.3492,0.5,0.8799,0.3383,0.6508,,0,,0,,0,TSM,5,11,1192,1197
1004,251,63,0.5397,0.7292,0.6695,0.2385,0.4603,,0,,0,,0,TSM,5,12,1255,1260
1054,264,63,0.5238,0.3687,4.5078,0.4157,0.4762,0.5,6,,0,,0,TSM,5,13,1318,1323
1104,277,63,0.4603,0.5045,0.7179,0.262,0.5238,0.0,1,,0,,0,TSM,5,14,1381,1386
1155,289,63,0.3492,0.5,0.7501,0.2772,0.6825,1.0,2,1.0,2,,0,TSM,5,15,1444,1449
1205,302,63,0.4921,0.4402,0.7047,0.2558,0.619,0.5745,47,1.0,1,1.0,1,TSM,5,16,1507,1512
1256,314,63,0.619,0.3846,0.6807,0.2438,0.619,0.619,63,1.0,1,1.0,1,TSM,5,17,1570,1575
1306,327,63,0.4603,0.3105,0.7749,0.2875,0.6032,0.537,54,0.4762,42,,0,TSM,5,18,1633,1638
1356,340,63,0.5873,0.5,0.6778,0.2424,0.5873,0.5873,63,0.5873,63,,0,TSM,5,19,1696,1701
1407,352,63,0.381,0.6619,2.5813,0.3359,0.381,0.381,63,0.381,63,0.5152,33,TSM,5,20,1759,1764
1457,365,63,0.7302,0.5614,0.6302,0.2193,0.7302,0.7302,63,0.7692,26,0.8333,12,TSM,5,21,1822,1827
1508,377,63,0.5873,0.4054,0.7203,0.2612,0.5873,0.5873,63,0.5873,63,0.3,10,TSM,5,22,1885,1890
1558,390,63,0.6508,0.3426,0.6694,0.2381,0.6508,0.6508,63,0.6,55,0.6,10,TSM,5,23,1948,1953
1608,403,63,0.6032,0.6602,0.6636,0.2354,0.5397,0.5789,57,0.7368,19,0.8,5,TSM,5,24,2011,2016
399,100,63,0.3492,0.4817,2.9678,0.4048,0.3492,0.3492,63,0.3492,63,0.3621,58,UAL,5,0,499,504
449,113,63,0.5397,0.5343,0.7302,0.2667,0.4762,0.6667,3,,0,,0,UAL,5,1,562,567
500,125,63,0.4444,0.5449,0.7212,0.2639,0.5556,,0,,0,,0,UAL,5,2,625,630
550,138,63,0.5556,0.5424,0.9109,0.2515,0.5238,0.5424,59,0.55,40,,0,UAL,5,3,688,693
600,151,63,0.4762,0.5293,0.6941,0.2504,0.6349,0.6296,27,0.6667,24,0.6667,24,UAL,5,4,751,756
651,163,63,0.3333,0.4395,0.8284,0.3154,0.3175,0.3103,58,0.3158,57,0.3214,56,UAL,5,5,814,819
701,176,63,0.5238,0.5,0.6922,0.2495,0.4762,,0,,0,,0,UAL,5,6,877,882
752,188,63,0.5238,0.5,0.692,0.2494,0.4762,,0,,0,,0,UAL,5,7,940,945
802,201,63,0.3968,0.6047,0.7594,0.28,0.6032,,0,,0,,0,UAL,5,8,1003,1008
852,214,63,0.5397,0.5561,0.6952,0.2524,0.4762,0.5385,13,0.5,12,0.5,12,UAL,5,9,1066,1071
903,226,63,0.5238,0.5077,0.7006,0.2535,0.5714,0.5714,42,0.5714,42,0.6154,13,UAL,5,10,1129,1134
953,239,63,0.5556,0.5746,0.6861,0.2464,0.4921,0.5366,41,0.6,10,0.6,10,UAL,5,11,1192,1197
1004,251,63,0.6984,0.6384,1.3206,0.2407,0.4603,0.7273,22,0.7273,22,0.7273,22,UAL,5,12,1255,1260
1054,264,63,0.4921,0.517,0.9804,0.285,0.5714,0.8333,6,1.0,1,1.0,1,UAL,5,13,1318,1323
1104,277,63,0.4921,0.4398,0.9988,0.3595,0.127,0.125,32,0.125,32,0.0,14,UAL,5,14,1381,1386
1155,289,63,0.4127,0.7069,0.7278,0.2672,0.5873,,0,,0,,0,UAL,5,15,1444,1449
1205,302,63,0.619,0.6642,0.6873,0.247,0.5873,0.8824,17,,0,,0,UAL,5,16,1507,1512
1256,314,63,0.5714,0.4082,0.6945,0.2506,0.3651,0.1667,6,0.1667,6,,0,UAL,5,17,1570,1575
1306,327,63,0.1905,0.5,0.7962,0.3012,0.9524,1.0,9,1.0,1,1.0,1,UAL,5,18,1633,1638
1356,340,63,0.6667,0.5,0.6931,0.25,0.6667,0.6667,63,,0,,0,UAL,5,19,1696,1701
1407,352,63,0.4762,0.5821,0.6968,0.2518,0.4444,0.459,61,0.4909,55,,0,UAL,5,20,1759,1764
1457,365,63,0.5873,0.4868,0.6812,0.244,0.6032,0.6034,58,0.5965,57,,0,UAL,5,21,1822,1827
1508,377,63,0.6349,0.6485,0.659,0.2331,0.5238,0.8571,14,0.8571,14,,0,UAL,5,22,1885,1890
1558,390,63,0.5873,0.6325,0.6706,0.2389,0.619,0.76,25,0.76,25,0.8,10,UAL,5,23,1948,1953
1608,403,63,0.6032,0.6923,0.6971,0.2486,0.4127,0.5111,45,0.5111,45,0.55,40,UAL,5,24,2011,2016
399,100,63,0.5556,0.6306,0.6842,0.2456,0.5556,0.5556,63,0.5556,63,0.6364,44,UNH,5,0,499,504
449,113,63,0.6984,0.6978,0.619,0.2139,0.6349,0.6909,55,0.6923,52,0.6923,52,UNH,5,1,562,567
500,125,63,0.5714,0.679,0.6467,0.2292,0.5397,0.5574,61,0.7647,17,0.75,16,UNH,5,2,625,630
550,138,63,0.4444,0.6954,0.6643,0.2421,0.4444,0.4444,63,0.4444,63,0.8125,16,UNH,5,3,688,693
600,151,63,0.3016,0.4069,0.7888,0.2976,0.7619,0.6667,12,0.6667,12,0.6667,12,UNH,5,4,751,756
651,163,63,0.4286,0.4224,0.7677,0.2824,0.4921,0.1429,7,0.1429,7,0.1429,7,UNH,5,5,814,819
701,176,63,0.5714,0.5629,0.6782,0.2422,0.5397,0.6061,33,0.6061,33,0.0,1,UNH,5,6,877,882
752,188,63,0.5556,0.3929,0.7011,0.2539,0.5556,0.5556,63,0.4902,51,,0,UNH,5,7,940,945
802,201,63,0.5556,0.5,0.6873,0.2471,0.5556,0.5556,63,,0,,0,UNH,5,8,1003,1008
852,214,63,0.5873,0.4573,0.7042,0.2542,0.5714,0.5833,60,0.5833,60,0.5,26,UNH,5,9,1066,1071
903,226,63,0.5079,0.5,0.698,0.2524,0.5079,0.5079,63,0.5079,63,,0,UNH,5,10,1129,1134
953,239,63,0.4286,0.4676,0.754,0.2779,0.4286,0.4286,63,0.3889,18,0.125,8,UNH,5,11,1192,1197
1004,251,63,0.5079,0.5338,0.7144,0.2595,0.4762,0.4909,55,0.5102,49,0.0,2,UNH,5,12,1255,1260
1054,264,63,0.5873,0.6596,0.6602,0.2337,0.4127,0.5,32,0.7,10,,0,UNH,5,13,1318,1323
1104,277,63,0.5079,0.6918,0.7814,0.2883,0.6349,0.8,15,0.8462,13,1.0,2,UNH,5,14,1381,1386
1155,289,63,0.4921,0.5583,0.9124,0.2555,0.4603,0.4118,17,0.4118,17,0.6667,3,UNH,5,15,1444,1449
1205,302,63,0.5397,0.5413,0.6912,0.249,0.5079,0.5455,33,0.5517,29,,0,UNH,5,16,1507,1512
1256,314,63,0.4127,0.5426,0.709,0.2579,0.5873,,0,,0,,0,UNH,5,17,1570,1575
1306,327,63,0.5079,0.4596,0.7024,0.2545,0.5238,0.625,8,0.5714,7,0.6,5,UNH,5,18,1633,1638
1356,340,63,0.5238,0.4894,0.7221,0.2636,0.5238,0.5246,61,0.5246,61,0.5135,37,UNH,5,19,1696,1701
1407,352,63,0.5079,0.3745,0.716,0.2611,0.5079,0.5079,63,0.4464,56,0.4444,18,UNH,5,20,1759,1764
1457,365,63,0.381,0.6122,1.7395,0.3379,0.381,0.381,63,0.381,63,0.4,55,UNH,5,21,1822,1827
1508,377,63,0.6667,0.6316,0.6685,0.2365,0.6032,0.6735,49,0.6905,42,,0,UNH,5,22,1885,1890
1558,390,63,0.5238,0.4545,0.7052,0.2559,0.5238,0.5238,63,0.5238,63,,0,UNH,5,23,1948,1953
1608,403,63,0.6508,0.5782,0.6582,0.2327,0.6508,0.6508,63,0.7188,32,0.75,4,UNH,5,24,2011,2016
399,100,63,0.5397,0.4285,3.7258,0.3616,0.5397,0.5397,63,0.5397,63,0.5397,63,V,5,0,499,504
449,113,63,0.6032,0.5295,0.6746,0.2408,0.6032,0.6032,63,0.6047,43,0.6047,43,V,5,1,562,567
500,125,63,0.5873,0.6481,0.6621,0.2352,0.5397,0.5714,56,0.5818,55,0.6471,34,V,5,2,625,630
550,138,63,0.5714,0.6512,0.7677,0.259,0.4921,0.5417,48,0.5417,48,0.6452,31,V,5,3,688,693
600,151,63,0.254,0.5204,0.8201,0.3102,0.7778,1.0,2,1.0,1,1.0,1,V,5,4,751,756
651,163,63,0.6508,0.6314,0.64,0.2238,0.6508,0.6508,63,0.7292,48,0.7292,48,V,5,5,814,819
701,176,63,0.3016,0.5341,7.9757,0.6172,0.3016,0.3016,63,0.3016,63,0.3016,63,V,5,6,877,882
752,188,63,0.5556,0.5235,1.4062,0.2806,0.5556,0.5556,63,0.5556,63,0.5556,63,V,5,7,940,945
802,201,63,0.4762,0.5262,0.7066,0.2567,0.381,0.4211,57,0.3,10,,0,V,5,8,1003,1008
852,214,63,0.381,0.5446,0.7212,0.2654,0.6349,1.0,1,1.0,1,,0,V,5,9,1066,1071
903,226,63,0.5238,0.5436,0.7578,0.2739,0.4603,0.4848,33,0.5333,30,0.5333,30,V,5,10,1129,1134
953,239,63,0.3333,0.637,0.714,0.2647,0.7143,0.7143,7,1.0,3,1.0,3,V,5,11,1192,1197
1004,251,63,0.4762,0.4276,0.998,0.2909,0.4444,0.2727,11,0.0,7,0.0,7,V,5,12,1255,1260
1054,264,63,0.5556,0.6505,0.6495,0.2328,0.6032,0.6786,28,,0,,0,V,5,13,1318,1323
1104,277,63,0.6032,0.4116,0.692,0.2498,0.5873,0.6,60,0.4167,12,,0,V,5,14,1381,1386
1155,289,63,0.7937,0.6566,0.628,0.2174,0.8413,0.8333,60,0.8333,60,,0,V,5,15,1444,1449
1205,302,63,0.4603,0.6176,0.7345,0.2702,0.4603,0.4603,63,0.4603,63,0.5,40,V,5,16,1507,1512
1256,314,63,0.4127,0.5121,0.7395,0.2728,0.3968,0.4032,62,0.3684,38,0.4737,19,V,5,17,1570,1575
1306,327,63,0.7937,0.8434,0.5271,0.1759,0.7302,0.8235,51,0.9024,41,1.0,18,V,5,18,1633,1638
1356,340,63,0.4603,0.4904,2.1008,0.3026,0.6984,0.6316,38,0.6452,31,0.7391,23,V,5,19,1696,1701
1407,352,63,0.4762,0.4473,0.7189,0.2627,0.6349,0.5946,37,0.5946,37,1.0,5,V,5,20,1759,1764
1457,365,63,0.5397,0.5172,0.6882,0.2475,0.5397,0.5397,63,0.5574,61,,0,V,5,21,1822,1827
1508,377,63,0.4444,0.3918,0.7454,0.2752,0.4444,0.4444,63,0.25,16,0.25,16,V,5,22,1885,1890
1558,390,63,0.4762,0.5328,0.7178,0.2621,0.4762,0.4762,63,0.4762,63,0.5111,45,V,5,23,1948,1953
1608,403,63,0.3968,0.5337,0.7862,0.2949,0.3968,0.3968,63,0.3968,63,0.4286,56,V,5,24,2011,2016
399,100,63,0.619,0.6223,0.6708,0.2389,0.619,0.6744,43,0.6905,42,,0,VKTX,5,0,499,504
449,113,63,0.4921,0.6394,0.6906,0.248,0.5238,0.6,5,0.6,5,0.6,5,VKTX,5,1,562,567
500,125,63,0.3968,0.4141,0.7895,0.2964,0.4286,0.3922,51,0.3922,51,0.3611,36,VKTX,5,2,625,630
550,138,63,0.381,0.4509,0.7474,0.2761,0.619,,0,,0,,0,VKTX,5,3,688,693
600,151,63,0.7302,0.621,0.6044,0.2138,0.2857,0.6667,3,,0,,0,VKTX,5,4,751,756
651,163,63,0.5397,0.5439,0.6879,0.2474,0.4921,0.5208,48,,0,,0,VKTX,5,5,814,819
701,176,63,0.5714,0.6219,0.6811,0.244,0.4286,,0,,0,,0,VKTX,5,6,877,882
752,188,63,0.3492,0.5368,7.3844,0.5539,0.2381,0.24,50,0.24,50,0.24,50,VKTX,5,7,940,945
802,201,63,0.7143,0.5,0.6848,0.2458,0.2857,,0,,0,,0,VKTX,5,8,1003,1008
852,214,63,0.5714,0.5,0.6923,0.2493,0.4286,,0,,0,,0,VKTX,5,9,1066,1071
903,226,63,0.3651,0.5,0.8508,0.3251,0.6349,,0,,0,,0,VKTX,5,10,1129,1134
953,239,63,0.4921,0.3503,5.1983,0.4407,0.5079,,0,,0,,0,VKTX,5,11,1192,1197
1004,251,63,0.2857,0.6815,6.6443,0.5811,0.7143,,0,,0,,0,VKTX,5,12,1255,1260
1054,264,63,0.4762,0.4206,2.0972,0.307,0.3333,0.2692,26,0.2857,21,0.0,4,VKTX,5,13,1318,1323
1104,277,63,0.5079,0.5256,0.7103,0.2579,0.381,0.4314,51,0.4571,35,0.0,8,VKTX,5,14,1381,1386
1155,289,63,0.3651,0.5525,0.7724,0.2891,0.7778,0.7647,17,,0,,0,VKTX,5,15,1444,1449
1205,302,63,0.5714,0.5,0.686,0.2464,0.5714,0.5714,63,,0,,0,VKTX,5,16,1507,1512
1256,314,63,0.3651,0.5122,0.7279,0.2673,0.3492,0.3548,62,0.3548,62,,0,VKTX,5,17,1570,1575
1306,327,63,0.4921,0.5,0.6939,0.2512,0.4921,0.4918,61,,0,,0,VKTX,5,18,1633,1638
1356,340,63,0.746,0.5,0.6874,0.2471,0.254,,0,,0,,0,VKTX,5,19,1696,1701
1407,352,63,0.619,0.6268,0.6859,0.2464,0.4603,0.6923,13,,0,,0,VKTX,5,20,1759,1764
1457,365,63,0.3492,0.5,0.7056,0.2562,0.6508,,0,,0,,0,VKTX,5,21,1822,1827
1508,377,63,0.4603,0.7037,0.6915,0.2492,0.5873,1.0,3,1.0,3,1.0,3,VKTX,5,22,1885,1890
1558,390,63,0.6825,0.7582,0.6209,0.2145,0.3651,0.6154,13,0.5,2,0.5,2,VKTX,5,23,1948,1953
1608,403,63,0.3968,0.2994,0.7509,0.2782,0.5714,0.0,2,0.0,1,,0,VKTX,5,24,2011,2016
399,100,63,0.3968,0.5595,8.2134,0.554,0.3968,0.3968,63,0.3968,63,0.3968,63,VZ,5,0,499,504
449,113,63,0.5873,0.473,2.1237,0.3073,0.5873,0.5873,63,0.5238,21,0.5238,21,VZ,5,1,562,567
500,125,63,0.5397,0.6866,0.8639,0.2382,0.5397,0.7778,9,0.7778,9,0.7778,9,VZ,5,2,625,630
550,138,63,0.5238,0.5239,1.5991,0.2727,0.4127,0.4474,38,,0,,0,VZ,5,3,688,693
600,151,63,0.6508,0.5658,0.6518,0.2295,0.6349,0.6667,54,0.6667,54,0.6667,54,VZ,5,4,751,756
651,163,63,0.4286,0.6364,3.0661,0.3555,0.2857,0.3333,54,0.3333,54,0.3396,53,VZ,5,5,814,819
701,176,63,0.4127,0.3716,0.7374,0.2718,0.4127,0.4127,63,0.2,20,0.2,20,VZ,5,6,877,882
752,188,63,0.619,0.5385,0.675,0.241,0.381,,0,,0,,0,VZ,5,7,940,945
802,201,63,0.5397,0.534,0.7045,0.2554,0.4603,,0,,0,,0,VZ,5,8,1003,1008
852,214,63,0.4762,0.6217,0.7218,0.2641,0.5238,,0,,0,,0,VZ,5,9,1066,1071
903,226,63,0.6667,0.6179,1.3875,0.2699,0.3333,0.5,20,0.0,3,0.0,3,VZ,5,10,1129,1134
953,239,63,0.5079,0.5458,0.7095,0.2582,0.6032,0.8182,11,0.8571,7,0.8571,7,VZ,5,11,1192,1197
1004,251,63,0.5873,0.5598,0.8812,0.2398,0.4127,0.5,26,0.7,10,0.7778,9,VZ,5,12,1255,1260
1054,264,63,0.6349,0.5,0.6748,0.2409,0.3651,,0,,0,,0,VZ,5,13,1318,1323
1104,277,63,0.5397,0.539,0.6871,0.247,0.4603,,0,,0,,0,VZ,5,14,1381,1386
1155,289,63,0.381,0.5246,0.7784,0.2918,0.619,,0,,0,,0,VZ,5,15,1444,1449
1205,302,63,0.3651,0.4216,0.7035,0.2553,0.3968,0.3333,45,0.5,6,0.5,6,VZ,5,16,1507,1512
1256,314,63,0.4921,0.5546,0.6983,0.2526,0.5556,1.0,3,1.0,2,1.0,1,VZ,5,17,1570,1575
1306,327,63,0.4127,0.5194,0.716,0.2613,0.5556,0.4167,12,,0,,0,VZ,5,18,1633,1638
1356,340,63,0.5238,0.4964,0.7239,0.2649,0.4286,0.4737,57,0.4615,52,0.3571,14,VZ,5,19,1696,1701
1407,352,63,0.3651,0.4108,1.888,0.3062,0.619,0.4667,15,0.4667,15,0.3333,12,VZ,5,20,1759,1764
1457,365,63,0.4762,0.5768,0.6855,0.247,0.4762,0.4762,63,0.6429,14,1.0,2,VZ,5,21,1822,1827
1508,377,63,0.5873,0.5962,0.6805,0.2448,0.4286,0.5122,41,0.4615,13,0.4615,13,VZ,5,22,1885,1890
1558,390,63,0.6508,0.7505,0.7708,0.1984,0.5873,0.6596,47,0.7778,36,0.7778,36,VZ,5,23,1948,1953
1608,403,63,0.5556,0.6009,0.6519,0.2343,0.5397,0.7143,14,0.7143,14,0.75,12,VZ,5,24,2011,2016
399,100,63,0.5397,0.5223,0.9554,0.3409,0.5397,0.5424,59,0.5424,59,0.5424,59,WMT,5,0,499,504
449,113,63,0.6349,0.6689,0.5798,0.2098,0.4444,0.7778,9,1.0,5,1.0,4,WMT,5,1,562,567
500,125,63,0.4762,0.604,1.913,0.3111,0.5238,,0,,0,,0,WMT,5,2,625,630
550,138,63,0.381,0.4077,0.7279,0.2674,0.4603,0.3077,26,0.3077,26,,0,WMT,5,3,688,693
600,151,63,0.6667,0.6985,2.8096,0.2584,0.5873,0.6379,58,0.7297,37,0.7297,37,WMT,5,4,751,756
651,163,63,0.6349,0.6408,1.092,0.239,0.5556,0.7,30,0.7,30,0.7,30,WMT,5,5,814,819
701,176,63,0.619,0.6192,0.6675,0.2399,0.4762,0.6364,22,0.6667,15,0.6667,15,WMT,5,6,877,882
752,188,63,0.6032,0.7033,1.1084,0.2507,0.4603,0.5417,48,0.5435,46,0.5667,30,WMT,5,7,940,945
802,201,63,0.5397,0.54,0.7575,0.2718,0.5873,0.5952,42,0.5926,27,0.6,25,WMT,5,8,1003,1008
852,214,63,0.5238,0.7303,0.6868,0.2511,0.4921,0.5082,61,0.5082,61,0.5345,58,WMT,5,9,1066,1071
903,226,63,0.6508,0.6843,0.6253,0.2201,0.4762,0.6333,30,0.7143,14,0.7143,14,WMT,5,10,1129,1134
953,239,63,0.5079,0.4294,3.751,0.3739,0.4921,,0,,0,,0,WMT,5,11,1192,1197
1004,251,63,0.4921,0.591,0.917,0.2574,0.5714,1.0,4,1.0,2,,0,WMT,5,12,1255,1260
1054,264,63,0.4603,0.4503,4.0563,0.3968,0.5397,,0,,0,,0,WMT,5,13,1318,1323
1104,277,63,0.4603,0.5705,0.6943,0.2506,0.5397,,0,,0,,0,WMT,5,14,1381,1386
1155,289,63,0.6984,0.5658,0.6617,0.2345,0.6667,0.6885,61,0.7222,18,0.7059,17,WMT,5,15,1444,1449
1205,302,63,0.3492,0.4295,0.7358,0.271,0.6032,0.0,3,,0,,0,WMT,5,16,1507,1512
1256,314,63,0.5714,0.487,1.1624,0.2666,0.5873,0.6136,44,0.5806,31,0.0,2,WMT,5,17,1570,1575
1306,327,63,0.7619,0.3611,0.658,0.2326,0.7619,0.7619,63,0.68,25,0.75,8,WMT,5,18,1633,1638
1356,340,63,0.6984,0.4809,0.6385,0.2218,0.6984,0.6984,63,0.6984,63,0.6984,63,WMT,5,19,1696,1701
1407,352,63,0.5556,0.6116,1.8936,0.3049,0.5397,0.5577,52,0.5577,52,0.5714,49,WMT,5,20,1759,1764
1457,365,63,0.5873,0.5234,0.6873,0.2466,0.5873,0.5873,63,0.5965,57,0.5965,57,WMT,5,21,1822,1827
1508,377,63,0.4762,0.6485,0.7121,0.2609,0.4762,0.4762,63,0.4918,61,0.5,60,WMT,5,22,1885,1890
1558,390,63,0.7619,0.6645,0.5584,0.1894,0.6825,0.7593,54,0.7593,54,0.6923,26,WMT,5,23,1948,1953
1608,403,63,0.5079,0.6517,0.6992,0.2528,0.5079,0.5079,63,0.5079,63,0.6786,28,WMT,5,24,2011,2016
399,100,63,0.3175,0.3489,1.2002,0.2868,0.6349,0.4,15,,0,,0,ZM,5,0,499,504
449,113,63,0.4286,0.4637,2.1553,0.333,0.381,0.3889,54,0.3889,54,0.3962,53,ZM,5,1,562,567
500,125,63,0.2381,0.4896,8.5751,0.6053,0.2381,0.2381,63,0.2326,43,0.2326,43,ZM,5,2,625,630
550,138,63,0.6984,0.5517,1.0642,0.223,0.3175,0.6,5,0.6,5,0.6,5,ZM,5,3,688,693
600,151,63,0.4921,0.5,0.7541,0.2789,0.5079,,0,,0,,0,ZM,5,4,751,756
651,163,63,0.5714,0.6021,0.6651,0.2362,0.3968,0.4444,18,,0,,0,ZM,5,5,814,819
701,176,63,0.5556,0.3399,0.7654,0.282,0.4762,0.6667,6,0.5,4,0.5,4,ZM,5,6,877,882
752,188,63,0.5714,0.4912,1.1516,0.265,0.4127,0.4615,13,0.4286,7,0.4286,7,ZM,5,7,940,945
802,201,63,0.5556,0.5,0.6872,0.247,0.4444,,0,,0,,0,ZM,5,8,1003,1008
852,214,63,0.6667,0.553,0.6947,0.2507,0.4127,0.7778,9,,0,,0,ZM,5,9,1066,1071
903,226,63,0.4444,0.5536,0.7045,0.2557,0.5556,,0,,0,,0,ZM,5,10,1129,1134
953,239,63,0.4921,0.6301,0.7185,0.2613,0.4286,0.4576,59,0.5217,23,0.5455,22,ZM,5,11,1192,1197
1004,251,63,0.6508,0.676,0.6442,0.226,0.5556,0.6857,35,0.7333,30,0.7333,30,ZM,5,12,1255,1260
1054,264,63,0.4603,0.5353,1.2721,0.31,0.5873,0.7143,7,0.7143,7,0.7143,7,ZM,5,13,1318,1323
1104,277,63,0.5714,0.5,0.683,0.2449,0.4286,,0,,0,,0,ZM,5,14,1381,1386
1155,289,63,0.4286,0.5,0.7021,0.2545,0.5714,,0,,0,,0,ZM,5,15,1444,1449
1205,302,63,0.5873,0.5,0.6904,0.2486,0.4127,,0,,0,,0,ZM,5,16,1507,1512
1256,314,63,0.5397,0.4712,0.7432,0.2725,0.5238,0.8333,6,0.8333,6,,0,ZM,5,17,1570,1575
1306,327,63,0.5079,0.5156,0.691,0.2489,0.4921,0.5,62,,0,,0,ZM,5,18,1633,1638
1356,340,63,0.6667,0.366,0.707,0.2562,0.6984,0.6885,61,0.0,1,0.0,1,ZM,5,19,1696,1701
399,100,63,0.5079,0.497,7.0027,0.485,0.5079,0.5079,63,0.5079,63,0.5079,63,SPY,5,0,499,504
449,113,63,0.6984,0.5,0.6155,0.2121,0.6984,0.6984,63,0.6984,63,0.6984,63,SPY,5,1,562,567
500,125,63,0.5714,0.6821,0.6637,0.2354,0.5714,0.5714,63,0.7692,26,0.75,8,SPY,5,2,625,630
550,138,63,0.5556,0.4964,1.3807,0.2685,0.6984,0.66,50,0.6889,45,0.6889,45,SPY,5,3,688,693
600,151,63,0.5079,0.3808,0.7474,0.2725,0.6508,0.6,50,0.6,50,0.6,50,SPY,5,4,751,756
651,163,63,0.7143,0.564,0.5945,0.2023,0.6984,0.7097,62,0.7097,62,0.7213,61,SPY,5,5,814,819
701,176,63,0.6667,0.3719,1.3492,0.2556,0.6667,0.6667,63,0.6667,63,0.6111,54,SPY,5,6,877,882
752,188,63,0.4921,0.4637,0.762,0.2809,0.4921,0.4921,63,0.4921,63,0.4921,63,SPY,5,7,940,945
802,201,63,0.4127,0.4652,0.7335,0.2691,0.4127,0.4127,63,0.2,5,0.2,5,SPY,5,8,1003,1008
852,214,63,0.5556,0.6464,0.657,0.2323,0.5556,0.5556,63,0.8235,17,0.8235,17,SPY,5,9,1066,1071
903,226,63,0.6032,0.6487,0.6623,0.2349,0.4286,0.5227,44,,0,,0,SPY,5,10,1129,1134
953,239,63,0.3492,0.44,0.7896,0.2941,0.6032,0.4286,21,0.4286,21,,0,SPY,5,11,1192,1197
1004,251,63,0.5238,0.6273,0.6903,0.2481,0.5238,0.5294,51,0.7143,21,0.7143,21,SPY,5,12,1255,1260
1054,264,63,0.4762,0.6656,0.9613,0.274,0.7302,0.8095,21,0.8095,21,0.8095,21,SPY,5,13,1318,1323
1104,277,63,0.3492,0.2981,0.779,0.2919,0.381,0.2927,41,0.2353,34,0.1176,17,SPY,5,14,1381,1386
1155,289,63,0.5556,0.4012,0.8452,0.3064,0.8571,0.8421,38,0.8571,7,,0,SPY,5,15,1444,1449
1205,302,63,0.6825,0.5,0.6377,0.2226,0.6825,0.6825,63,0.6825,63,0.6825,63,SPY,5,16,1507,1512
1256,314,63,0.5714,0.4861,0.6898,0.2482,0.5714,0.5714,63,0.5714,63,0.5645,62,SPY,5,17,1570,1575
1306,327,63,0.6667,0.6253,0.631,0.2197,0.6667,0.6667,63,0.6667,63,0.6667,63,SPY,5,18,1633,1638
1356,340,63,0.5714,0.5,0.688,0.2472,0.5714,0.5714,63,0.5714,63,0.5714,7,SPY,5,19,1696,1701
1407,352,63,0.4921,0.5181,0.747,0.2755,0.4921,0.4921,63,0.4921,63,0.5,62,SPY,5,20,1759,1764
1457,365,63,0.7619,0.5563,0.5974,0.2029,0.7619,0.7619,63,0.7619,63,0.7619,63,SPY,5,21,1822,1827
1508,377,63,0.6508,0.4573,0.6783,0.239,0.6508,0.6508,63,0.6508,63,0.6508,63,SPY,5,22,1885,1890
1558,390,63,0.619,0.531,0.6758,0.2394,0.619,0.619,63,0.619,63,0.619,63,SPY,5,23,1948,1953
1608,403,63,0.5714,0.3025,1.4525,0.2951,0.5714,0.5714,63,0.5714,63,0.4583,48,SPY,5,24,2011,2016
399,100,63,0.6032,0.6279,1.1483,0.2673,0.6032,0.6032,63,0.6032,63,0.6032,63,QQQ,5,0,499,504
449,113,63,0.7302,0.4041,0.6245,0.2118,0.7302,0.7302,63,0.7302,63,0.7302,63,QQQ,5,1,562,567
500,125,63,0.4921,0.5237,1.6678,0.3059,0.5238,0.5088,57,0.5,56,0.4906,53,QQQ,5,2,625,630
550,138,63,0.619,0.6037,0.6362,0.2248,0.6667,0.6731,52,0.6731,52,0.6731,52,QQQ,5,3,688,693
600,151,63,0.4127,0.3034,0.8587,0.326,0.5079,0.451,51,0.451,51,0.2105,19,QQQ,5,4,751,756
651,163,63,0.5079,0.4257,0.6802,0.2456,0.7619,0.7429,35,0.7429,35,0.5385,13,QQQ,5,5,814,819
701,176,63,0.6032,0.4863,1.1328,0.2547,0.6032,0.6032,63,0.6032,63,0.6032,63,QQQ,5,6,877,882
752,188,63,0.4762,0.5,0.7347,0.2702,0.4762,0.4762,63,0.4762,63,0.4762,63,QQQ,5,7,940,945
802,201,63,0.3968,0.5,0.7439,0.2751,0.3968,0.3968,63,0.3968,63,,0,QQQ,5,8,1003,1008
852,214,63,0.619,0.6263,0.6503,0.2317,0.5873,0.6066,61,0.6066,61,1.0,2,QQQ,5,9,1066,1071
903,226,63,0.4762,0.4579,1.0016,0.2917,0.3968,0.3571,28,0.3462,26,0.2857,14,QQQ,5,10,1129,1134
953,239,63,0.5079,0.4184,0.7025,0.2546,0.6032,0.5778,45,0.5,22,,0,QQQ,5,11,1192,1197
1004,251,63,0.4444,0.4252,0.7161,0.2605,0.619,0.5769,26,0.5769,26,0.4,5,QQQ,5,12,1255,1260
1054,264,63,0.5556,0.7,0.6708,0.2393,0.6825,0.8261,23,0.75,16,1.0,4,QQQ,5,13,1318,1323
1104,277,63,0.619,0.6423,2.6714,0.285,0.4444,0.6,20,0.6,20,0.6667,12,QQQ,5,14,1381,1386
1155,289,63,0.5397,0.4169,0.8342,0.3152,0.7937,0.7561,41,0.625,8,0.8333,6,QQQ,5,15,1444,1449
1205,302,63,0.5079,0.4866,0.797,0.2927,0.5714,0.5758,33,0.6316,19,0.6316,19,QQQ,5,16,1507,1512
1256,314,63,0.619,0.6601,0.6349,0.2222,0.5873,0.6857,35,0.7857,28,0.7857,28,QQQ,5,17,1570,1575
1306,327,63,0.3968,0.3649,0.7719,0.2878,0.619,0.5128,39,0.5,4,,0,QQQ,5,18,1633,1638
1356,340,63,0.5714,0.5089,1.8416,0.2868,0.6032,0.6122,49,0.6042,48,0.6667,6,QQQ,5,19,1696,1701
1407,352,63,0.4921,0.4934,0.793,0.2902,0.4921,0.4921,63,0.5208,48,0.4615,26,QQQ,5,20,1759,1764
1457,365,63,0.7619,0.7493,0.5859,0.1979,0.7619,0.7619,63,0.8511,47,0.9231,26,QQQ,5,21,1822,1827
1508,377,63,0.6508,0.4047,0.8862,0.2389,0.6508,0.6508,63,0.6508,63,0.6508,63,QQQ,5,22,1885,1890
1558,390,63,0.5714,0.4877,0.6848,0.2459,0.5714,0.5714,63,0.5714,35,0.5,16,QQQ,5,23,1948,1953
1608,403,63,0.5556,0.1831,0.7607,0.2812,0.5714,0.5645,62,0.5645,62,0.4906,53,QQQ,5,24,2011,2016
399,100,63,0.619,0.6111,0.8682,0.2348,0.619,0.619,63,0.6129,62,0.6129,62,GLD,5,0,499,504
449,113,63,0.7619,0.525,0.6063,0.2065,0.7619,0.7619,63,0.7619,63,0.7619,63,GLD,5,1,562,567
500,125,63,0.5397,0.7394,0.7153,0.2476,0.4762,0.5085,59,0.5085,59,0.75,28,GLD,5,2,625,630
550,138,63,0.5397,0.6048,0.781,0.2648,0.4921,0.5172,58,0.5909,44,0.6053,38,GLD,5,3,688,693
600,151,63,0.5397,0.5086,1.0405,0.298,0.5397,0.5758,33,0.5758,33,0.5758,33,GLD,5,4,751,756
651,163,63,0.4762,0.2954,0.7695,0.2869,0.619,0.56,50,0.4231,26,0.4231,26,GLD,5,5,814,819
701,176,63,0.5556,0.4848,0.6977,0.2522,0.5397,0.56,50,0.5349,43,,0,GLD,5,6,877,882
752,188,63,0.6032,0.4879,0.6836,0.245,0.6032,0.6032,63,0.6032,63,0.5333,15,GLD,5,7,940,945
802,201,63,0.5556,0.4893,0.6939,0.2503,0.5556,0.5556,63,0.5556,63,0.5556,63,GLD,5,8,1003,1008
852,214,63,0.4286,0.4738,0.7431,0.2742,0.4286,0.4286,63,0.4286,63,0.4286,7,GLD,5,9,1066,1071
903,226,63,0.5079,0.4006,1.1898,0.28,0.3175,0.1765,17,0.1875,16,0.0,2,GLD,5,10,1129,1134
953,239,63,0.3016,0.5873,0.7318,0.2693,0.6984,,0,,0,,0,GLD,5,11,1192,1197
1004,251,63,0.4603,0.5167,0.6963,0.2515,0.4762,0.4677,62,1.0,2,,0,GLD,5,12,1255,1260
1054,264,63,0.6667,0.5266,0.6566,0.2318,0.3333,,0,,0,,0,GLD,5,13,1318,1323
1104,277,63,0.5079,0.6556,0.6919,0.2494,0.5238,1.0,2,,0,,0,GLD,5,14,1381,1386
1155,289,63,0.4921,0.4506,0.7476,0.2761,0.5714,1.0,4,,0,,0,GLD,5,15,1444,1449
1205,302,63,0.3016,0.442,0.7484,0.2775,0.6984,0.5,8,0.5,6,,0,GLD,5,16,1507,1512
1256,314,63,0.5238,0.4318,0.6955,0.2512,0.5238,0.5238,63,,0,,0,GLD,5,17,1570,1575
1306,327,63,0.7302,0.5326,0.6547,0.2309,0.7302,0.7302,63,1.0,3,,0,GLD,5,18,1633,1638
1356,340,63,0.6508,0.4279,0.6537,0.2305,0.6508,0.6508,63,0.6508,63,0.5918,49,GLD,5,19,1696,1701
1407,352,63,0.6825,0.5,0.6316,0.2197,0.6825,0.6825,63,0.6825,63,0.6825,63,GLD,5,20,1759,1764
1457,365,63,0.5556,0.573,0.6972,0.2522,0.5714,0.569,58,0.569,58,0.569,58,GLD,5,21,1822,1827
1508,377,63,0.746,0.3191,0.6314,0.2181,0.746,0.746,63,0.746,63,0.6389,36,GLD,5,22,1885,1890
1558,390,63,0.7302,0.5499,0.5914,0.201,0.7302,0.7302,63,0.7302,63,0.7407,54,GLD,5,23,1948,1953
1608,403,63,0.5079,0.7107,1.4449,0.3019,0.5079,0.5079,63,0.5079,63,0.5079,63,GLD,5,24,2011,2016
399,100,63,0.381,0.4797,7.8091,0.5551,0.381,0.381,63,0.3871,62,0.3833,60,XLF,5,0,499,504
449,113,63,0.5397,0.5532,0.6871,0.249,0.6032,0.6452,31,0.6452,31,0.6452,31,XLF,5,1,562,567
500,125,63,0.6825,0.7049,0.6671,0.2372,0.5397,0.9375,16,1.0,3,1.0,3,XLF,5,2,625,630
550,138,63,0.3651,0.6304,0.8388,0.3196,0.7302,1.0,6,1.0,6,,0,XLF,5,3,688,693
600,151,63,0.2063,0.44,7.4552,0.5816,0.7937,,0,,0,,0,XLF,5,4,751,756
651,163,63,0.5873,0.5051,0.6952,0.2504,0.5714,0.5806,62,0.5806,62,0.5738,61,XLF,5,5,814,819
701,176,63,0.5397,0.5771,0.6796,0.2456,0.5397,0.5397,63,0.5397,63,0.5556,54,XLF,5,6,877,882
752,188,63,0.4921,0.5983,0.7441,0.2736,0.4921,0.4921,63,0.5094,53,0.5208,48,XLF,5,7,940,945
802,201,63,0.381,0.4712,0.728,0.2672,0.3492,0.3559,59,0.3462,26,0.1667,12,XLF,5,8,1003,1008
852,214,63,0.5238,0.5157,0.6792,0.2459,0.4603,0.3333,3,0.3333,3,0.0,1,XLF,5,9,1066,1071
903,226,63,0.5079,0.5973,0.9868,0.2814,0.4921,,0,,0,,0,XLF,5,10,1129,1134
953,239,63,0.3968,0.5773,0.7863,0.2947,0.6825,0.8571,7,0.8571,7,0.8571,7,XLF,5,11,1192,1197
1004,251,63,0.4762,0.5761,0.875,0.2382,0.3651,0.4074,54,,0,,0,XLF,5,12,1255,1260
1054,264,63,0.4921,0.5087,1.9036,0.3113,0.6349,0.7,20,0.5,2,0.0,1,XLF,5,13,1318,1323
1104,277,63,0.5397,0.6342,0.6918,0.2493,0.4444,0.4909,55,0.5385,39,0.5385,39,XLF,5,14,1381,1386
1155,289,63,0.6032,0.4015,2.6326,0.3484,0.7937,0.766,47,0.5,2,0.5,2,XLF,5,15,1444,1449
1205,302,63,0.6984,0.5114,0.6916,0.2492,0.6984,0.6984,63,1.0,1,,0,XLF,5,16,1507,1512
1256,314,63,0.619,0.5213,0.6695,0.2383,0.5873,0.6066,61,0.6066,61,,0,XLF,5,17,1570,1575
1306,327,63,0.6984,0.5663,0.6284,0.2197,0.6825,0.7,60,0.7037,54,1.0,4,XLF,5,18,1633,1638
1356,340,63,0.5238,0.4908,1.4426,0.2953,0.5556,0.5556,45,0.5556,45,0.5556,45,XLF,5,19,1696,1701
1407,352,63,0.5397,0.5147,0.7394,0.2694,0.5397,0.5397,63,0.5397,63,0.5217,23,XLF,5,20,1759,1764
1457,365,63,0.5556,0.6969,0.6542,0.2318,0.5556,0.5556,63,0.5556,63,0.85,20,XLF,5,21,1822,1827
1508,377,63,0.5556,0.6235,0.6956,0.2495,0.5556,0.5556,63,0.5556,63,0.6579,38,XLF,5,22,1885,1890
1558,390,63,0.5238,0.4367,0.7129,0.2593,0.5556,0.541,61,0.5333,60,,0,XLF,5,23,1948,1953
1608,403,63,0.4286,0.4631,0.7597,0.2822,0.4127,0.4074,54,0.4074,54,0.4,50,XLF,5,24,2011,2016
399,100,63,0.5079,0.5,0.6932,0.25,0.4921,,0,,0,,0,XLE,5,0,499,504
449,113,63,0.4921,0.4904,1.898,0.3119,0.5238,0.5143,35,0.5,28,0.5,28,XLE,5,1,562,567
500,125,63,0.3175,0.5233,0.7023,0.2546,0.3175,0.3175,63,,0,,0,XLE,5,2,625,630
550,138,63,0.381,0.5625,0.7084,0.2577,0.619,,0,,0,,0,XLE,5,3,688,693
600,151,63,0.3492,0.4246,0.7409,0.2737,0.6508,,0,,0,,0,XLE,5,4,751,756
651,163,63,0.4286,0.3436,0.7363,0.2714,0.4286,0.4286,63,0.3077,39,,0,XLE,5,5,814,819
701,176,63,0.619,0.5,0.674,0.2404,0.619,0.619,63,0.619,63,,0,XLE,5,6,877,882
752,188,63,0.619,0.5,0.6672,0.2371,0.619,0.619,63,0.619,63,,0,XLE,5,7,940,945
802,201,63,0.5397,0.4995,3.0651,0.3508,0.619,0.6562,32,0.6429,14,,0,XLE,5,8,1003,1008
852,214,63,0.4921,0.4399,1.4263,0.2892,0.5238,0.5085,59,0.4815,54,,0,XLE,5,9,1066,1071
903,226,63,0.4444,0.3674,0.7252,0.2658,0.6825,0.6,40,0.6,40,0.5897,39,XLE,5,10,1129,1134
953,239,63,0.5397,0.4924,0.9464,0.2666,0.5397,0.5397,63,0.5397,63,0.55,20,XLE,5,11,1192,1197
1004,251,63,0.4444,0.4395,1.2154,0.2924,0.4921,0.463,54,0.463,54,0.463,54,XLE,5,12,1255,1260
1054,264,63,0.6349,0.5315,0.6574,0.2324,0.6349,0.6491,57,0.6491,57,,0,XLE,5,13,1318,1323
1104,277,63,0.5238,0.3535,0.7315,0.2682,0.5238,0.5238,63,0.3636,22,0.2778,18,XLE,5,14,1381,1386
1155,289,63,0.4127,0.4626,0.754,0.2789,0.4127,0.4127,63,0.3333,15,0.3333,15,XLE,5,15,1444,1449
1205,302,63,0.7143,0.5,0.6834,0.2452,0.7143,0.7143,63,,0,,0,XLE,5,16,1507,1512
1256,314,63,0.4127,0.5,0.7179,0.2623,0.4127,0.4127,63,0.4127,63,,0,XLE,5,17,1570,1575
1306,327,63,0.4603,0.3605,0.7046,0.2557,0.4603,0.4603,63,0.0,1,,0,XLE,5,18,1633,1638
1356,340,63,0.5238,0.5606,0.6503,0.2347,0.5238,0.5238,63,1.0,4,1.0,4,XLE,5,19,1696,1701
1407,352,63,0.4127,0.5065,1.3661,0.2671,0.6349,0.6154,13,0.6364,11,0.6364,11,XLE,5,20,1759,1764
1457,365,63,0.5238,0.5621,0.6959,0.2514,0.5238,0.5238,63,0.5263,57,1.0,4,XLE,5,21,1822,1827
1508,377,63,0.6349,0.6713,0.6416,0.2246,0.6508,0.7647,34,0.7879,33,0.8462,13,XLE,5,22,1885,1890
1558,390,63,0.6984,0.5622,0.6838,0.2453,0.6984,0.6984,63,,0,,0,XLE,5,23,1948,1953
1608,403,63,0.6032,0.4634,0.7049,0.2543,0.6508,0.6333,60,0.6333,60,,0,XLE,5,24,2011,2016
399,100,63,0.5238,0.6505,1.618,0.2924,0.5238,0.5238,63,0.5238,63,0.5238,63,XLV,5,0,499,504
449,113,63,0.5397,0.425,0.764,0.279,0.6349,0.5965,57,0.5965,57,0.5965,57,XLV,5,1,562,567
500,125,63,0.5238,0.5606,0.6792,0.2432,0.5238,0.5238,63,1.0,4,1.0,4,XLV,5,2,625,630
550,138,63,0.619,0.3504,0.7049,0.2539,0.619,0.619,63,0.619,63,0.3913,23,XLV,5,3,688,693
600,151,63,0.4762,0.4412,1.4322,0.2871,0.6508,0.6053,38,0.6216,37,0.6667,6,XLV,5,4,751,756
651,163,63,0.6984,0.558,0.6066,0.2128,0.6984,0.7049,61,0.7049,61,1.0,4,XLV,5,5,814,819
701,176,63,0.4762,0.5424,2.1054,0.313,0.4762,0.4762,63,0.4762,63,0.4762,63,XLV,5,6,877,882
752,188,63,0.381,0.4286,0.8005,0.3014,0.4444,0.4068,59,0.4138,58,0.4138,58,XLV,5,7,940,945
802,201,63,0.4762,0.503,0.7089,0.2574,0.4762,0.4762,63,0.5,4,0.5,4,XLV,5,8,1003,1008
852,214,63,0.5714,0.5617,0.6856,0.2457,0.5714,0.5714,63,0.6316,38,0.0,1,XLV,5,9,1066,1071
903,226,63,0.5238,0.5449,0.7031,0.2574,0.4921,0.5128,39,0.5128,39,0.5128,39,XLV,5,10,1129,1134
953,239,63,0.5397,0.57,0.6886,0.2478,0.5397,0.8571,7,0.75,4,1.0,1,XLV,5,11,1192,1197
1004,251,63,0.5873,0.802,0.6118,0.2096,0.4444,0.52,50,0.8261,23,0.8261,23,XLV,5,12,1255,1260
1054,264,63,0.7302,0.8714,0.5742,0.1925,0.4286,0.6136,44,0.6757,37,1.0,6,XLV,5,13,1318,1323
1104,277,63,0.6349,0.6303,0.6693,0.2338,0.381,0.5217,23,0.5,18,0.5,18,XLV,5,14,1381,1386
1155,289,63,0.6032,0.5346,0.8354,0.3094,0.746,0.7895,38,0.6667,18,1.0,1,XLV,5,15,1444,1449
1205,302,63,0.4444,0.5214,0.832,0.3142,0.5556,,0,,0,,0,XLV,5,16,1507,1512
1256,314,63,0.4286,0.4861,0.7652,0.2844,0.5714,,0,,0,,0,XLV,5,17,1570,1575
1306,327,63,0.5397,0.6324,0.6059,0.2174,0.4603,,0,,0,,0,XLV,5,18,1633,1638
1356,340,63,0.5079,0.5126,0.7062,0.2564,0.5238,0.5278,36,0.5278,36,0.5217,23,XLV,5,19,1696,1701
1407,352,63,0.4286,0.6206,0.7525,0.2789,0.4127,0.4194,62,0.4194,62,0.42,50,XLV,5,20,1759,1764
1457,365,63,0.5556,0.6628,1.1224,0.2543,0.5556,0.5556,63,0.6,50,0.6,50,XLV,5,21,1822,1827
1508,377,63,0.6032,0.6469,0.8432,0.231,0.619,0.6346,52,0.65,40,0.6471,34,XLV,5,22,1885,1890
1558,390,63,0.4444,0.4017,0.7211,0.2635,0.619,0.5588,34,0.5161,31,0.4828,29,XLV,5,23,1948,1953
1608,403,63,0.3651,0.5041,1.7633,0.3331,0.4286,0.3774,53,0.4643,28,0.5909,22,XLV,5,24,2011,2016
399,100,63,0.4127,0.5249,7.2957,0.5269,0.4127,0.4127,63,0.4127,63,0.4127,63,XLI,5,0,499,504
449,113,63,0.6032,0.4695,2.082,0.2984,0.6032,0.6032,63,0.5333,15,0.5333,15,XLI,5,1,562,567
500,125,63,0.4127,0.6627,0.7047,0.2557,0.5873,,0,,0,,0,XLI,5,2,625,630
550,138,63,0.5873,0.5768,0.6752,0.2411,0.6032,0.5968,62,0.5902,61,0.5902,61,XLI,5,3,688,693
600,151,63,0.3333,0.5354,0.958,0.2756,0.7937,0.8333,12,0.8333,12,0.8333,12,XLI,5,4,751,756
651,163,63,0.5079,0.5307,1.4417,0.2977,0.5079,0.5079,63,0.5079,63,0.5079,63,XLI,5,5,814,819
701,176,63,0.5556,0.4179,0.7641,0.2803,0.5556,0.5556,63,0.5556,63,0.5577,52,XLI,5,6,877,882
752,188,63,0.4762,0.5288,0.7341,0.2698,0.4762,0.4762,63,0.4762,63,0.5,38,XLI,5,7,940,945
802,201,63,0.381,0.4247,0.7503,0.2779,0.381,0.381,63,0.2632,19,0.2632,19,XLI,5,8,1003,1008
852,214,63,0.5397,0.5,0.6911,0.249,0.5397,0.5397,63,,0,,0,XLI,5,9,1066,1071
903,226,63,0.4921,0.5,0.7011,0.254,0.5079,,0,,0,,0,XLI,5,10,1129,1134
953,239,63,0.3492,0.5877,0.9202,0.2613,0.7143,0.75,8,0.75,8,0.75,8,XLI,5,11,1192,1197
1004,251,63,0.5079,0.5578,0.7662,0.2755,0.4603,0.4808,52,0.5417,24,0.5417,24,XLI,5,12,1255,1260
1054,264,63,0.5079,0.5156,0.654,0.235,0.6984,0.697,33,0.697,33,0.7143,28,XLI,5,13,1318,1323
1104,277,63,0.381,0.5471,0.6982,0.2581,0.3175,0.3333,57,0.3333,57,,0,XLI,5,14,1381,1386
1155,289,63,0.3016,0.5662,0.843,0.3186,0.8095,0.7333,15,0.7333,15,1.0,5,XLI,5,15,1444,1449
1205,302,63,0.3492,0.5043,0.7321,0.2694,0.7143,0.7,10,1.0,2,,0,XLI,5,16,1507,1512
1256,314,63,0.4921,0.5005,0.7045,0.2556,0.4921,0.4921,63,0.4921,63,0.5,2,XLI,5,17,1570,1575
1306,327,63,0.6667,0.6633,0.6401,0.2239,0.6667,0.6667,63,0.6667,57,0.88,25,XLI,5,18,1633,1638
1356,340,63,0.4444,0.4531,0.8045,0.2964,0.4444,0.4444,63,0.4444,63,0.3824,34,XLI,5,19,1696,1701
1407,352,63,0.5238,0.6354,0.6826,0.245,0.5238,0.5238,63,0.5625,48,0.6389,36,XLI,5,20,1759,1764
1457,365,63,0.7143,0.5568,0.6314,0.2196,0.7143,0.7143,63,0.7143,63,1.0,2,XLI,5,21,1822,1827
1508,377,63,0.5397,0.5041,0.6975,0.2521,0.5397,0.5397,63,0.5397,63,0.5455,22,XLI,5,22,1885,1890
1558,390,63,0.746,0.5638,0.6311,0.2193,0.746,0.746,63,0.7419,62,0.7857,14,XLI,5,23,1948,1953
1608,403,63,0.4921,0.4567,0.7229,0.2643,0.4921,0.4921,63,0.4762,42,0.4634,41,XLI,5,24,2011,2016
399,100,63,0.4921,0.4932,1.4711,0.3391,0.3968,0.36,25,0.36,25,0.36,25,XLU,5,0,499,504
449,113,63,0.6508,0.704,0.7749,0.2007,0.6508,0.6508,63,0.8125,32,0.8,25,XLU,5,1,562,567
500,125,63,0.5397,0.5441,2.3436,0.3156,0.5397,0.551,49,0.619,21,0.619,21,XLU,5,2,625,630
550,138,63,0.4603,0.5439,0.7059,0.2564,0.4921,0.4651,43,0.4651,43,0.6667,15,XLU,5,3,688,693
600,151,63,0.6032,0.5592,0.6833,0.2453,0.5714,0.5902,61,0.5902,61,0.5902,61,XLU,5,4,751,756
651,163,63,0.619,0.6389,0.6372,0.2275,0.5397,0.5926,54,0.58,50,0.5918,49,XLU,5,5,814,819
701,176,63,0.5714,0.6124,0.6509,0.2315,0.4921,0.5345,58,0.5345,58,1.0,2,XLU,5,6,877,882
752,188,63,0.619,0.6303,1.1337,0.2533,0.5397,0.6042,48,0.6129,31,0.6129,31,XLU,5,7,940,945
802,201,63,0.6349,0.6495,0.6861,0.2406,0.5238,0.625,40,1.0,1,,0,XLU,5,8,1003,1008
852,214,63,0.4444,0.3956,0.8276,0.3096,0.5714,0.5111,45,0.5111,45,0.5111,45,XLU,5,9,1066,1071
903,226,63,0.6349,0.6847,0.64,0.2242,0.4286,0.55,40,1.0,3,1.0,3,XLU,5,10,1129,1134
953,239,63,0.6508,0.5695,2.5363,0.3007,0.5397,0.6304,46,0.6591,44,0.5556,27,XLU,5,11,1192,1197
1004,251,63,0.4444,0.7551,2.3233,0.3213,0.4603,0.45,60,0.45,60,0.45,60,XLU,5,12,1255,1260
1054,264,63,0.5556,0.5211,1.1709,0.2754,0.4286,0.4898,49,0.4186,43,0.3939,33,XLU,5,13,1318,1323
1104,277,63,0.5238,0.5343,0.7307,0.2678,0.5238,0.5238,63,0.5167,60,0.5167,60,XLU,5,14,1381,1386
1155,289,63,0.6032,0.5385,0.6983,0.2522,0.5873,0.625,48,0.5,4,,0,XLU,5,15,1444,1449
1205,302,63,0.5556,0.3977,0.7281,0.2663,0.6984,0.6481,54,,0,,0,XLU,5,16,1507,1512
1256,314,63,0.4762,0.5,0.7279,0.267,0.5238,,0,,0,,0,XLU,5,17,1570,1575
1306,327,63,0.5556,0.5725,5.4921,0.4673,0.746,0.8519,27,,0,,0,XLU,5,18,1633,1638
1356,340,63,0.5397,0.4726,0.703,0.2547,0.5397,0.5397,63,0.5323,62,0.5254,59,XLU,5,19,1696,1701
1407,352,63,0.6032,0.6847,0.6547,0.2311,0.6032,0.6032,63,0.6271,59,0.7667,30,XLU,5,20,1759,1764
1457,365,63,0.5079,0.4945,0.6888,0.2483,0.6508,0.6389,36,0.6,20,1.0,6,XLU,5,21,1822,1827
1508,377,63,0.4762,0.5707,0.7109,0.2587,0.4762,0.4762,63,0.52,50,0.5,2,XLU,5,22,1885,1890
1558,390,63,0.4603,0.6744,0.7269,0.2664,0.4603,0.4603,63,0.4603,63,0.5745,47,XLU,5,23,1948,1953
1608,403,63,0.5873,0.4735,0.6923,0.2488,0.5873,0.5873,63,0.5873,63,0.5385,13,XLU,5,24,2011,2016
399,100,63,0.6032,0.6048,1.1478,0.2598,0.5079,0.6061,33,,0,,0,COIN,5,0,499,504
449,113,63,0.381,0.5,0.8475,0.3232,0.619,,0,,0,,0,COIN,5,1,562,567
500,125,63,0.3651,0.5371,3.0538,0.3498,0.6508,1.0,1,1.0,1,,0,COIN,5,2,625,630
550,138,63,0.4921,0.4714,2.5807,0.3805,0.5873,0.5714,35,0.5714,7,1.0,1,COIN,5,3,688,693
600,151,63,0.4921,0.4803,0.7381,0.2709,0.4921,0.4921,63,0.4839,62,0.4483,29,COIN,5,4,751,756
651,163,63,0.5714,0.6522,1.2269,0.2603,0.6349,0.6102,59,0.7714,35,0.8333,12,COIN,5,5,814,819
701,176,63,0.5714,0.5079,1.3573,0.2609,0.3968,0.45,20,0.5625,16,0.5714,14,COIN,5,6,877,882
752,188,63,0.4603,0.6176,0.7046,0.2556,0.4603,0.4603,63,0.5273,55,,0,COIN,5,7,940,945
802,201,63,0.4603,0.5907,0.7211,0.2636,0.5079,0.45,20,0.0,2,,0,COIN,5,8,1003,1008
852,214,63,0.381,0.4037,2.829,0.3435,0.4603,0.3958,48,,0,,0,COIN,5,9,1066,1071
903,226,63,0.6825,0.5,0.6821,0.2445,0.3016,0.0,1,0.0,1,0.0,1,COIN,5,10,1129,1134
953,239,63,0.4603,0.5842,0.7003,0.2536,0.5397,,0,,0,,0,COIN,5,11,1192,1197
399,100,63,0.4921,0.6028,4.653,0.4046,0.4921,0.4921,63,0.4921,63,0.4921,63,AVGO,5,0,499,504
449,113,63,0.381,0.5488,0.8363,0.3143,0.6508,1.0,2,1.0,2,1.0,2,AVGO,5,1,562,567
500,125,63,0.4286,0.5032,7.277,0.5141,0.619,0.6154,13,,0,,0,AVGO,5,2,625,630
550,138,63,0.8095,0.5,0.5956,0.2017,0.8095,0.8095,63,0.8095,63,,0,AVGO,5,3,688,693
600,151,63,0.4762,0.5268,1.2592,0.3101,0.4762,0.4762,63,0.4762,63,0.4762,63,AVGO,5,4,751,756
651,163,63,0.619,0.4359,0.6746,0.2405,0.619,0.619,63,0.619,63,0.5,16,AVGO,5,5,814,819
701,176,63,0.619,0.5577,0.6596,0.2334,0.619,0.619,63,0.619,63,0.6491,57,AVGO,5,6,877,882
752,188,63,0.619,0.4311,0.6707,0.2388,0.619,0.619,63,0.619,63,,0,AVGO,5,7,940,945
802,201,63,0.5556,0.5923,0.6806,0.2438,0.5556,0.5556,63,0.5574,61,0.6562,32,AVGO,5,8,1003,1008
852,214,63,0.5238,0.3399,0.8633,0.3187,0.5238,0.5238,63,0.5238,63,0.5085,59,AVGO,5,9,1066,1071
903,226,63,0.3968,0.5,0.7467,0.2764,0.3968,0.3968,63,0.3968,63,,0,AVGO,5,10,1129,1134
953,239,63,0.254,0.6181,0.7467,0.2766,0.7619,1.0,1,1.0,1,,0,AVGO,5,11,1192,1197
1004,251,63,0.4921,0.5161,0.6946,0.2507,0.4921,0.4921,63,1.0,1,,0,AVGO,5,12,1255,1260
1054,264,63,0.6825,0.4081,0.6708,0.2389,0.6825,0.6825,63,0.4545,11,,0,AVGO,5,13,1318,1323
1104,277,63,0.4762,0.4879,0.7184,0.2624,0.4762,0.4762,63,0.4762,63,0.4,5,AVGO,5,14,1381,1386
1155,289,63,0.6349,0.6126,0.9256,0.2505,0.6032,0.6923,39,0.6923,39,,0,AVGO,5,15,1444,1449
1205,302,63,0.4762,0.4047,0.8693,0.3156,0.4921,0.4839,62,0.4839,62,0.4915,59,AVGO,5,16,1507,1512
1256,314,63,0.4762,0.5126,0.7266,0.2645,0.4762,0.4746,59,0.4839,31,0.6667,3,AVGO,5,17,1570,1575
1306,327,63,0.5238,0.7727,0.6418,0.2248,0.5238,0.5238,63,0.7812,32,1.0,3,AVGO,5,18,1633,1638
1356,340,63,0.619,0.5727,0.9172,0.255,0.5238,0.5818,55,0.5818,55,0.5686,51,AVGO,5,19,1696,1701
1407,352,63,0.4444,0.5592,1.242,0.3138,0.4444,0.4444,63,0.4,45,0.4,45,AVGO,5,20,1759,1764
1457,365,63,0.2698,0.8299,0.7501,0.2781,0.7619,1.0,2,,0,,0,AVGO,5,21,1822,1827
1508,377,63,0.7143,0.5878,0.6647,0.2358,0.5873,0.7021,47,0.7021,47,0.5,6,AVGO,5,22,1885,1890
1558,390,63,0.5079,0.7314,0.6663,0.2379,0.4921,0.5,62,0.6316,38,0.7143,28,AVGO,5,23,1948,1953
1608,403,63,0.4444,0.4662,1.9113,0.3147,0.4921,0.4583,48,0.4583,24,0.5263,19,AVGO,5,24,2011,2016
399,100,63,0.5238,0.5907,0.818,0.3023,0.5079,0.5161,62,0.5333,60,0.5333,60,ANET,5,0,499,504
449,113,63,0.619,0.5796,0.6539,0.231,0.619,0.619,63,0.619,63,0.619,63,ANET,5,1,562,567
500,125,63,0.5238,0.6747,0.6666,0.2317,0.3968,0.449,49,0.75,12,0.8182,11,ANET,5,2,625,630
550,138,63,0.3651,0.4201,2.8487,0.4306,0.6667,0.75,4,0.75,4,1.0,2,ANET,5,3,688,693
600,151,63,0.5873,0.5,0.6931,0.25,0.5873,0.5873,63,,0,,0,ANET,5,4,751,756
651,163,63,0.5873,0.5,0.6808,0.2438,0.5873,0.5873,63,,0,,0,ANET,5,5,814,819
701,176,63,0.5397,0.4285,0.7139,0.2586,0.5397,0.5397,63,0.5397,63,0.5,10,ANET,5,6,877,882
752,188,63,0.4444,0.3952,0.7587,0.2803,0.5079,0.4746,59,0.0,3,0.0,3,ANET,5,7,940,945
802,201,63,0.5238,0.5071,1.0167,0.3539,0.4603,0.4444,9,1.0,1,1.0,1,ANET,5,8,1003,1008
852,214,63,0.5238,0.5137,2.3376,0.3145,0.5397,0.55,40,0.6,10,0.6,10,ANET,5,9,1066,1071
903,226,63,0.5714,0.552,0.7045,0.2548,0.5556,0.6,40,,0,,0,ANET,5,10,1129,1134
953,239,63,0.3968,0.427,0.7029,0.2549,0.5397,0.1667,6,0.0,3,,0,ANET,5,11,1192,1197
1004,251,63,0.4127,0.395,1.0235,0.3026,0.5873,0.5,8,0.6,5,0.5,4,ANET,5,12,1255,1260
1054,264,63,0.7143,0.7047,0.6751,0.241,0.6825,0.8571,35,,0,,0,ANET,5,13,1318,1323
1104,277,63,0.5873,0.5667,0.6836,0.2452,0.5238,0.5593,59,0.5593,59,,0,ANET,5,14,1381,1386
1155,289,63,0.7143,0.4891,0.6464,0.2267,0.7302,0.7258,62,0.7258,62,,0,ANET,5,15,1444,1449
1205,302,63,0.6032,0.56,0.6603,0.2337,0.6032,0.6032,63,0.6333,60,0.6333,60,ANET,5,16,1507,1512
1256,314,63,0.5079,0.4738,0.7247,0.265,0.5079,0.5079,63,0.5079,63,0.48,25,ANET,5,17,1570,1575
1306,327,63,0.5397,0.4899,0.6686,0.2393,0.619,0.6087,46,0.6087,46,0.6087,46,ANET,5,18,1633,1638
1356,340,63,0.6667,0.442,0.6431,0.2253,0.7143,0.7069,58,0.7073,41,0.7073,41,ANET,5,19,1696,1701
1407,352,63,0.3651,0.6375,7.6185,0.5685,0.3651,0.3651,63,0.3651,63,0.3651,63,ANET,5,20,1759,1764
1457,365,63,0.6825,0.5058,0.8688,0.2306,0.6825,0.6885,61,0.6885,61,0.6786,28,ANET,5,21,1822,1827
1508,377,63,0.5397,0.4765,0.6949,0.2508,0.5556,0.5484,62,0.5,6,,0,ANET,5,22,1885,1890
1558,390,63,0.5397,0.3448,0.7075,0.2569,0.5397,0.5397,63,0.5397,63,0.0,9,ANET,5,23,1948,1953
1608,403,63,0.5556,0.6076,0.6875,0.2472,0.5238,0.551,49,0.551,49,,0,ANET,5,24,2011,2016
399,100,63,0.4921,0.6598,2.3803,0.3419,0.4921,0.4921,63,0.4921,63,0.4921,63,AMAT,5,0,499,504
449,113,63,0.6508,0.4756,0.6641,0.2355,0.6667,0.6613,62,0.6552,58,,0,AMAT,5,1,562,567
500,125,63,0.4762,0.4323,1.7337,0.3211,0.5238,0.5,50,0.4773,44,0.5,2,AMAT,5,2,625,630
550,138,63,0.7143,0.6185,0.6233,0.2186,0.7143,0.7143,63,1.0,5,1.0,5,AMAT,5,3,688,693
600,151,63,0.5556,0.5411,0.896,0.2461,0.6032,0.5926,54,0.5926,54,0.7333,15,AMAT,5,4,751,756
651,163,63,0.5873,0.5379,2.0457,0.2862,0.5873,0.5873,63,0.5873,63,0.5873,63,AMAT,5,5,814,819
701,176,63,0.5397,0.6988,0.6609,0.2343,0.5397,0.5397,63,0.6471,51,0.6471,51,AMAT,5,6,877,882
752,188,63,0.4762,0.4899,0.741,0.2709,0.5079,0.4894,47,0.5652,23,0.5652,23,AMAT,5,7,940,945
802,201,63,0.5873,0.5747,0.7009,0.2519,0.3968,0.4762,21,0.4762,21,0.4762,21,AMAT,5,8,1003,1008
852,214,63,0.5079,0.4667,0.6981,0.2566,0.5238,0.5455,22,0.5455,22,0.8571,7,AMAT,5,9,1066,1071
903,226,63,0.6349,0.4549,0.9124,0.2505,0.3651,0.5,4,0.5,4,0.5,4,AMAT,5,10,1129,1134
953,239,63,0.381,0.6341,1.0087,0.2964,0.619,,0,,0,,0,AMAT,5,11,1192,1197
1004,251,63,0.5556,0.5571,0.6801,0.2435,0.4444,,0,,0,,0,AMAT,5,12,1255,1260
1054,264,63,0.3492,0.8016,1.214,0.2864,0.6508,,0,,0,,0,AMAT,5,13,1318,1323
1104,277,63,0.5714,0.5938,0.6828,0.2451,0.4921,0.5588,34,0.5312,32,1.0,3,AMAT,5,14,1381,1386
1155,289,63,0.2857,0.363,4.778,0.4479,0.6349,0.3077,13,0.2,10,,0,AMAT,5,15,1444,1449
1205,302,63,0.381,0.4796,3.0967,0.3659,0.6667,0.7143,7,0.7143,7,1.0,2,AMAT,5,16,1507,1512
1256,314,63,0.6032,0.6859,1.5366,0.2506,0.5238,0.5833,48,0.6316,38,1.0,7,AMAT,5,17,1570,1575
1306,327,63,0.5714,0.5741,0.7482,0.2578,0.5714,0.5714,63,0.6207,58,0.5778,45,AMAT,5,18,1633,1638
1356,340,63,0.5397,0.4863,0.7286,0.2664,0.5397,0.5397,63,0.5849,53,0.4348,23,AMAT,5,19,1696,1701
1407,352,63,0.3968,0.5432,0.9782,0.2836,0.3968,0.3968,63,0.3968,63,0.5,6,AMAT,5,20,1759,1764
1457,365,63,0.5714,0.4366,0.7169,0.2586,0.5873,0.5806,62,0.3333,6,0.0,2,AMAT,5,21,1822,1827
1508,377,63,0.6984,0.5598,0.8821,0.2368,0.6984,0.6984,63,0.75,8,0.75,8,AMAT,5,22,1885,1890
1558,390,63,0.5079,0.4616,1.1819,0.2761,0.6825,0.6579,38,0.6667,30,,0,AMAT,5,23,1948,1953
1608,403,63,0.5714,0.4968,0.6973,0.2521,0.6032,0.5902,61,,0,,0,AMAT,5,24,2011,2016
399,100,63,0.4603,0.5441,0.7877,0.2946,0.4603,0.4603,63,0.4603,63,0.4603,63,LRCX,5,0,499,504
449,113,63,0.7937,0.6813,0.6099,0.2092,0.7619,0.7869,61,0.8889,27,0.8846,26,LRCX,5,1,562,567
500,125,63,0.7143,0.7762,0.5983,0.2078,0.4921,0.6383,47,0.6383,47,0.6383,47,LRCX,5,2,625,630
550,138,63,0.6984,0.6535,2.0496,0.2829,0.6825,0.75,48,0.8462,13,0.8462,13,LRCX,5,3,688,693
600,151,63,0.5079,0.5357,0.697,0.252,0.5556,0.5556,36,0.6667,24,0.6667,24,LRCX,5,4,751,756
651,163,63,0.5397,0.572,0.7203,0.2602,0.5397,0.5397,63,0.5323,62,0.6538,26,LRCX,5,5,814,819
701,176,63,0.4127,0.4182,2.6756,0.3691,0.4286,0.4194,62,0.4194,62,0.4314,51,LRCX,5,6,877,882
752,188,63,0.5873,0.3932,0.7613,0.2801,0.619,0.6066,61,0.3846,13,0.3846,13,LRCX,5,7,940,945
802,201,63,0.3968,0.6158,0.7098,0.2583,0.3968,0.3968,63,0.5882,17,,0,LRCX,5,8,1003,1008
852,214,63,0.6667,0.5116,0.6808,0.2446,0.6508,0.6613,62,0.5,2,0.5,2,LRCX,5,9,1066,1071
903,226,63,0.3968,0.5558,0.7136,0.2601,0.3968,0.3968,63,0.0,1,0.0,1,LRCX,5,10,1129,1134
953,239,63,0.4603,0.5116,0.6967,0.2518,0.6508,0.6522,23,0.7,10,,0,LRCX,5,11,1192,1197
1004,251,63,0.6032,0.5763,0.7007,0.2524,0.5238,0.7,20,0.8182,11,1.0,3,LRCX,5,12,1255,1260
1054,264,63,0.4762,0.6489,2.9235,0.3553,0.6032,0.7778,9,0.7778,9,0.75,4,LRCX,5,13,1318,1323
1104,277,63,0.5714,0.5485,0.7306,0.2645,0.4762,0.5405,37,0.5278,36,0.5,34,LRCX,5,14,1381,1386
1155,289,63,0.3492,0.5459,1.9157,0.3187,0.746,0.875,8,0.8571,7,0.8571,7,LRCX,5,15,1444,1449
1205,302,63,0.4603,0.5152,0.9759,0.2805,0.5397,0.5,32,0.5333,30,1.0,4,LRCX,5,16,1507,1512
1256,314,63,0.5079,0.6321,0.6874,0.2472,0.4921,0.5,62,0.6364,22,0.6364,22,LRCX,5,17,1570,1575
1306,327,63,0.5397,0.4985,0.7084,0.2607,0.5397,0.5397,63,0.55,60,0.4412,34,LRCX,5,18,1633,1638
1356,340,63,0.5714,0.5494,0.6724,0.2406,0.5714,0.5714,63,0.549,51,0.7059,17,LRCX,5,19,1696,1701
1407,352,63,0.4921,0.4743,0.7008,0.2538,0.5079,0.5,62,0.4444,9,0.5714,7,LRCX,5,20,1759,1764
1457,365,63,0.7143,0.6506,0.6592,0.2331,0.6825,0.7907,43,0.7632,38,,0,LRCX,5,21,1822,1827
1508,377,63,0.4286,0.4694,0.7017,0.2542,0.746,0.7391,23,0.7391,23,,0,LRCX,5,22,1885,1890
1558,390,63,0.6825,0.5,0.6663,0.2366,0.6825,0.6825,63,,0,,0,LRCX,5,23,1948,1953
1608,403,63,0.6032,0.52,0.6713,0.2391,0.6032,0.6032,63,0.6032,63,,0,LRCX,5,24,2011,2016
399,100,63,0.4921,0.5156,3.0531,0.3513,0.4921,0.4921,63,0.4912,57,0.4912,57,VRT,5,0,499,504
449,113,63,0.4603,0.5,0.7149,0.2608,0.5397,,0,,0,,0,VRT,5,1,562,567
500,125,63,0.5238,0.6015,1.3707,0.2709,0.4762,0.5,46,0.5667,30,0.5667,30,VRT,5,2,625,630
550,138,63,0.5873,0.6531,1.1488,0.2644,0.5556,1.0,9,1.0,9,1.0,9,VRT,5,3,688,693
600,151,63,0.3651,0.3553,1.191,0.352,0.6508,0.5185,27,0.5185,27,0.5185,27,VRT,5,4,751,756
651,163,63,0.7143,0.5191,0.6593,0.2332,0.7143,0.7143,63,0.8,5,0.8,5,VRT,5,5,814,819
701,176,63,0.619,0.5141,0.9031,0.2472,0.6349,0.6429,56,0.6429,56,0.6429,56,VRT,5,6,877,882
752,188,63,0.3651,0.506,0.6899,0.2493,0.746,0.7333,15,0.7333,15,0.8889,9,VRT,5,7,940,945
802,201,63,0.6032,0.5742,0.683,0.2429,0.6032,0.6032,63,0.6032,63,0.7273,22,VRT,5,8,1003,1008
852,214,63,0.5079,0.5869,1.1781,0.2798,0.4286,0.463,54,0.4717,53,0.4717,53,VRT,5,9,1066,1071
903,226,63,0.4286,0.4435,2.839,0.345,0.6508,0.5532,47,0.5682,44,0.8,15,VRT,5,10,1129,1134
953,239,63,0.3968,0.4321,1.0393,0.3118,0.3968,0.3968,63,0.3968,63,0.3968,63,VRT,5,11,1192,1197
1004,251,63,0.3651,0.4483,0.739,0.2728,0.6825,0.6667,9,,0,,0,VRT,5,12,1255,1260
1054,264,63,0.5397,0.5147,0.6845,0.246,0.5397,0.5397,63,1.0,1,1.0,1,VRT,5,13,1318,1323
1104,277,63,0.5714,0.4815,0.6837,0.2453,0.5714,0.5714,63,0.5714,63,,0,VRT,5,14,1381,1386
1155,289,63,0.5556,0.448,0.6649,0.237,0.6984,0.66,50,0.6923,13,0.6667,9,VRT,5,15,1444,1449
399,100,63,0.4444,0.6116,0.7415,0.2656,0.4603,0.4483,58,0.4483,58,0.4255,47,ETN,5,0,499,504
449,113,63,0.6032,0.5137,0.6607,0.2365,0.6032,0.6032,63,0.5526,38,0.9091,11,ETN,5,1,562,567
500,125,63,0.381,0.5357,0.7665,0.2871,0.6667,1.0,3,1.0,2,1.0,2,ETN,5,2,625,630
550,138,63,0.6508,0.6079,2.2477,0.2789,0.6032,0.6739,46,0.6739,46,,0,ETN,5,3,688,693
600,151,63,0.6667,0.6806,0.7206,0.2571,0.7619,0.8857,35,0.8857,35,0.8636,22,ETN,5,4,751,756
651,163,63,0.6984,0.4228,0.6239,0.2154,0.6984,0.6984,63,0.6984,63,0.6984,63,ETN,5,5,814,819
701,176,63,0.3175,0.252,1.8272,0.3733,0.4921,0.3235,34,0.3235,34,0.3235,34,ETN,5,6,877,882
752,188,63,0.4444,0.5352,0.7619,0.283,0.4444,0.4444,63,0.4444,63,0.4468,47,ETN,5,7,940,945
802,201,63,0.5238,0.5863,0.705,0.2559,0.4127,0.4583,48,0.4681,47,0.4,5,ETN,5,8,1003,1008
852,214,63,0.4921,0.5108,0.6742,0.2408,0.5714,0.5345,58,0.875,8,0.8333,6,ETN,5,9,1066,1071
903,226,63,0.4762,0.3879,0.7327,0.2691,0.5238,,0,,0,,0,ETN,5,10,1129,1134
953,239,63,0.619,0.5482,1.6367,0.2868,0.6508,0.7429,35,,0,,0,ETN,5,11,1192,1197
1004,251,63,0.7143,0.7174,0.6786,0.2428,0.6349,0.7115,52,1.0,2,1.0,2,ETN,5,12,1255,1260
1054,264,63,0.6508,0.5723,3.9832,0.3751,0.7937,0.8182,44,0.8889,9,,0,ETN,5,13,1318,1323
1104,277,63,0.3968,0.4199,1.5032,0.3252,0.4444,0.4107,56,0.4,55,0.4,55,ETN,5,14,1381,1386
1155,289,63,0.7937,0.4923,0.547,0.1866,0.7937,0.7937,63,0.7937,63,0.8148,27,ETN,5,15,1444,1449
1205,302,63,0.7143,0.4889,0.6256,0.2166,0.7143,0.7143,63,0.7143,63,0.7097,62,ETN,5,16,1507,1512
1256,314,63,0.4444,0.3847,1.2634,0.315,0.4444,0.4444,63,0.4444,63,0.4444,63,ETN,5,17,1570,1575
1306,327,63,0.6667,0.5227,0.854,0.2255,0.6667,0.6667,63,0.6667,63,0.6667,63,ETN,5,18,1633,1638
1356,340,63,0.4444,0.5,0.7591,0.282,0.4444,0.4444,63,0.4444,63,0.4444,63,ETN,5,19,1696,1701
1407,352,63,0.4603,0.5735,0.9084,0.2575,0.4603,0.4603,63,0.4603,63,0.8571,7,ETN,5,20,1759,1764
1457,365,63,0.619,0.5208,0.6666,0.2368,0.619,0.619,63,0.629,62,,0,ETN,5,21,1822,1827
1508,377,63,0.5556,0.5,0.6873,0.2471,0.5556,0.5556,63,0.5556,63,,0,ETN,5,22,1885,1890
1558,390,63,0.5714,0.5,0.6836,0.2452,0.5714,0.5714,63,0.5714,63,,0,ETN,5,23,1948,1953
1608,403,63,0.6032,0.5879,0.6702,0.2386,0.6032,0.6032,63,0.6829,41,,0,ETN,5,24,2011,2016
399,100,63,0.5714,0.5,0.6879,0.2473,0.5714,0.5714,63,0.5714,63,0.5714,63,NOW,5,0,499,504
449,113,63,0.619,0.4875,0.6707,0.2386,0.6349,0.629,62,0.629,62,0.629,62,NOW,5,1,562,567
500,125,63,0.4921,0.4191,0.7255,0.2656,0.6508,0.5918,49,0.5918,49,0.6,45,NOW,5,2,625,630
550,138,63,0.6667,0.4082,0.6458,0.226,0.6667,0.6667,63,0.6667,63,0.6667,63,NOW,5,3,688,693
600,151,63,0.4921,0.4113,3.0878,0.3611,0.4921,0.4921,63,0.4921,63,0.4762,42,NOW,5,4,751,756
651,163,63,0.6825,0.3273,0.6959,0.2457,0.6825,0.6825,63,0.6825,63,0.6949,59,NOW,5,5,814,819
701,176,63,0.6667,0.6066,0.628,0.2182,0.6667,0.6667,63,0.7273,44,0.7273,44,NOW,5,6,877,882
752,188,63,0.381,0.3894,0.8409,0.3203,0.381,0.381,63,0.381,63,0.381,63,NOW,5,7,940,945
802,201,63,0.3968,0.5,0.7376,0.272,0.3968,0.3968,63,0.3968,63,,0,NOW,5,8,1003,1008
852,214,63,0.5397,0.6293,2.708,0.3012,0.5397,0.5397,63,0.5667,60,0.5667,60,NOW,5,9,1066,1071
903,226,63,0.5556,0.4897,0.6884,0.2475,0.4286,0.4762,21,,0,,0,NOW,5,10,1129,1134
953,239,63,0.5397,0.4641,1.4609,0.3038,0.5873,0.5909,44,0.5714,21,0.5714,21,NOW,5,11,1192,1197
1004,251,63,0.6984,0.7405,1.1177,0.2454,0.3968,0.5938,32,0.5556,27,0.5556,27,NOW,5,12,1255,1260
1054,264,63,0.5238,0.5902,1.1285,0.3997,0.6349,0.8125,16,1.0,1,,0,NOW,5,13,1318,1323
1104,277,63,0.4603,0.5081,1.8801,0.3037,0.5397,,0,,0,,0,NOW,5,14,1381,1386
1155,289,63,0.3175,0.391,1.3439,0.3286,0.746,1.0,4,1.0,2,1.0,2,NOW,5,15,1444,1449
1205,302,63,0.3968,0.5021,0.7173,0.262,0.3968,0.3968,63,0.4,20,,0,NOW,5,16,1507,1512
1256,314,63,0.6032,0.5588,1.4034,0.2809,0.619,0.6346,52,0.7143,14,,0,NOW,5,17,1570,1575
1306,327,63,0.6984,0.558,0.615,0.2157,0.6984,0.6984,63,0.6984,63,1.0,4,NOW,5,18,1633,1638
1356,340,63,0.5079,0.4904,0.75,0.2747,0.5397,0.5294,51,0.5417,24,0.5417,24,NOW,5,19,1696,1701
1407,352,63,0.3968,0.593,0.7522,0.2815,0.4127,0.4032,62,0.4032,62,0.6,20,NOW,5,20,1759,1764
1457,365,63,0.4444,0.4485,1.6852,0.3083,0.4127,0.4211,57,0.4107,56,0.0,4,NOW,5,21,1822,1827
1508,377,63,0.4762,0.6662,2.0267,0.2789,0.4762,0.4762,63,0.6129,31,0.6471,17,NOW,5,22,1885,1890
1558,390,63,0.3016,0.549,2.2489,0.3701,0.3016,0.3016,63,0.3396,53,0.3396,53,NOW,5,23,1948,1953
1608,403,63,0.5079,0.7147,0.6931,0.25,0.4921,,0,,0,,0,NOW,5,24,2011,2016
399,100,63,0.5873,0.4958,1.1995,0.2793,0.5873,0.5873,63,0.5789,19,0.5789,19,EQIX,5,0,499,504
449,113,63,0.6349,0.5435,0.6555,0.2315,0.6349,0.6349,63,0.6349,63,0.6349,63,EQIX,5,1,562,567
500,125,63,0.5079,0.5988,1.8226,0.2827,0.5079,0.5079,63,0.5079,63,0.5882,17,EQIX,5,2,625,630
550,138,63,0.5238,0.4412,0.8403,0.309,0.5397,0.5333,60,0.5333,60,0.5333,60,EQIX,5,3,688,693
600,151,63,0.5556,0.4597,0.7774,0.2832,0.4444,0.5,36,0.5,36,0.5,36,EQIX,5,4,751,756
651,163,63,0.4603,0.4938,1.1461,0.3459,0.6667,0.7857,14,,0,,0,EQIX,5,5,814,819
701,176,63,0.5714,0.6051,0.6823,0.2446,0.5238,0.5577,52,0.6,20,,0,EQIX,5,6,877,882
752,188,63,0.5238,0.5439,0.6919,0.2508,0.4444,0.4828,58,0.4828,58,0.25,4,EQIX,5,7,940,945
802,201,63,0.4921,0.5811,0.6994,0.2549,0.5397,0.5167,60,0.5167,60,0.5814,43,EQIX,5,8,1003,1008
852,214,63,0.5238,0.504,0.7664,0.28,0.5238,0.5238,63,0.3846,13,0.3846,13,EQIX,5,9,1066,1071
903,226,63,0.3651,0.4201,0.7574,0.2817,0.3651,0.2927,41,0.3,40,1.0,1,EQIX,5,10,1129,1134
953,239,63,0.4286,0.6644,0.6486,0.2362,0.6667,0.875,8,0.875,8,0.875,8,EQIX,5,11,1192,1197
1004,251,63,0.4921,0.5813,2.0381,0.2831,0.4762,0.4833,60,0.6154,13,0.6154,13,EQIX,5,12,1255,1260
1054,264,63,0.4921,0.5107,4.9146,0.4152,0.5556,1.0,3,,0,,0,EQIX,5,13,1318,1323
1104,277,63,0.5079,0.5161,0.6926,0.2497,0.5079,0.5079,63,,0,,0,EQIX,5,14,1381,1386
1155,289,63,0.4286,0.5223,0.6987,0.2528,0.6349,0.5833,24,,0,,0,EQIX,5,15,1444,1449
1205,302,63,0.3016,0.3342,1.7944,0.3513,0.4127,0.2857,42,0.3,40,0.2143,28,EQIX,5,16,1507,1512
1256,314,63,0.4921,0.629,1.0789,0.2389,0.4921,0.4921,63,0.8333,12,0.8333,12,EQIX,5,17,1570,1575
1306,327,63,0.6032,0.5,0.686,0.2464,0.6032,0.6032,63,,0,,0,EQIX,5,18,1633,1638
1356,340,63,0.3968,0.3852,0.7346,0.2705,0.5556,0.4706,51,,0,,0,EQIX,5,19,1696,1701
1407,352,63,0.5238,0.567,0.6855,0.2462,0.4127,0.4545,44,,0,,0,EQIX,5,20,1759,1764
1457,365,63,0.5397,0.5803,0.6822,0.2446,0.4762,0.5128,39,0.5789,19,,0,EQIX,5,21,1822,1827
1508,377,63,0.5873,0.5383,0.6701,0.24,0.5556,0.5818,55,0.5741,54,,0,EQIX,5,22,1885,1890
1558,390,63,0.619,0.5,0.6734,0.2402,0.619,0.619,63,0.619,63,,0,EQIX,5,23,1948,1953
1608,403,63,0.3651,0.6447,0.7214,0.2711,0.6508,1.0,1,1.0,1,1.0,1,EQIX,5,24,2011,2016
399,100,63,0.4762,0.6558,1.4787,0.2905,0.6825,1.0,10,1.0,10,1.0,10,DLR,5,0,499,504
449,113,63,0.619,0.6394,0.6527,0.2305,0.5238,0.68,25,0.7143,21,0.8,15,DLR,5,1,562,567
500,125,63,0.3492,0.4967,1.924,0.3223,0.3492,0.3492,63,0.3492,63,0.3333,9,DLR,5,2,625,630
550,138,63,0.4286,0.4828,3.7211,0.3699,0.4762,0.0,6,0.0,6,0.0,5,DLR,5,3,688,693
600,151,63,0.6032,0.6476,1.0482,0.2277,0.5714,0.8235,17,0.9167,12,0.9167,12,DLR,5,4,751,756
651,163,63,0.5079,0.5766,0.8919,0.2477,0.4921,,0,,0,,0,DLR,5,5,814,819
701,176,63,0.5714,0.5216,0.9206,0.2558,0.5714,0.5763,59,0.625,8,0.625,8,DLR,5,6,877,882
752,188,63,0.5397,0.5662,0.6664,0.2387,0.4762,0.5111,45,,0,,0,DLR,5,7,940,945
802,201,63,0.4603,0.7292,2.5906,0.3456,0.4603,0.4603,63,0.4677,62,0.4677,62,DLR,5,8,1003,1008
852,214,63,0.4603,0.6359,0.7401,0.2708,0.4603,0.4603,63,0.5435,46,0.5435,46,DLR,5,9,1066,1071
903,226,63,0.4127,0.4819,0.7724,0.2845,0.3333,0.3261,46,0.3261,46,0.25,4,DLR,5,10,1129,1134
953,239,63,0.381,0.6554,0.716,0.2613,0.619,,0,,0,,0,DLR,5,11,1192,1197
1004,251,63,0.6508,0.671,0.8839,0.2369,0.4127,0.5667,30,0.0,1,0.0,1,DLR,5,12,1255,1260
1054,264,63,0.3492,0.3651,2.2814,0.3817,0.6667,0.5294,17,0.4286,14,0.4286,14,DLR,5,13,1318,1323
1104,277,63,0.4444,0.5,0.6982,0.2525,0.5556,,0,,0,,0,DLR,5,14,1381,1386
1155,289,63,0.7143,0.6485,1.5663,0.2608,0.6667,0.7308,52,,0,,0,DLR,5,15,1444,1449
1205,302,63,0.5556,0.623,0.6512,0.2336,0.4921,0.5319,47,0.5952,42,0.5854,41,DLR,5,16,1507,1512
1256,314,63,0.6984,0.6923,0.5935,0.2081,0.5556,0.6818,44,0.6818,44,,0,DLR,5,17,1570,1575
1306,327,63,0.619,0.6295,0.6887,0.2407,0.6032,0.675,40,0.6757,37,0.6757,37,DLR,5,18,1633,1638
1356,340,63,0.5238,0.5551,0.6839,0.2489,0.4762,0.5,40,0.5,40,0.5294,34,DLR,5,19,1696,1701
1407,352,63,0.5714,0.6515,0.666,0.2368,0.4762,1.0,3,1.0,3,1.0,3,DLR,5,20,1759,1764
1457,365,63,0.6032,0.5543,0.7273,0.2643,0.4603,0.5909,22,0.7143,7,0.7143,7,DLR,5,21,1822,1827
1508,377,63,0.5714,0.5133,0.6865,0.2466,0.4444,0.52,25,0.52,25,,0,DLR,5,22,1885,1890
1558,390,63,0.5397,0.5398,0.723,0.2634,0.5556,0.7143,14,0.7143,14,0.4286,7,DLR,5,23,1948,1953
1608,403,63,0.4444,0.4662,0.768,0.2851,0.5873,0.5455,22,0.5714,21,0.5714,21,DLR,5,24,2011,2016
399,100,63,0.5238,0.5426,7.0519,0.5017,0.3968,0.451,51,0.4167,48,0.4167,48,WDC,5,0,499,504
449,113,63,0.5556,0.451,0.7107,0.2594,0.5556,0.5556,63,0.4286,14,0.4286,14,WDC,5,1,562,567
500,125,63,0.5714,0.4922,0.6915,0.2491,0.4127,0.3333,3,0.3333,3,0.3333,3,WDC,5,2,625,630
550,138,63,0.3492,0.3347,1.0588,0.3191,0.7619,0.6522,23,,0,,0,WDC,5,3,688,693
600,151,63,0.5556,0.6214,0.6834,0.2452,0.5556,0.5556,63,0.8462,13,,0,WDC,5,4,751,756
651,163,63,0.4921,0.4844,0.9507,0.2695,0.5079,0.5,62,0.5,56,,0,WDC,5,5,814,819
701,176,63,0.3651,0.3832,0.7132,0.2596,0.3333,0.2286,35,0.3333,6,0.3333,6,WDC,5,6,877,882
752,188,63,0.4762,0.4732,0.7062,0.2569,0.5238,0.5,2,0.5,2,0.5,2,WDC,5,7,940,945
802,201,63,0.6032,0.5068,0.7078,0.2546,0.6032,0.6066,61,0.6066,61,0.6066,61,WDC,5,8,1003,1008
852,214,63,0.4444,0.575,5.6033,0.4444,0.4444,0.4444,63,0.4444,63,0.4444,63,WDC,5,9,1066,1071
903,226,63,0.4921,0.6424,0.7863,0.2947,0.3175,0.3696,46,0.3696,46,0.3696,46,WDC,5,10,1129,1134
953,239,63,0.5556,0.5905,0.6709,0.2405,0.5714,0.6176,34,0.6061,33,1.0,1,WDC,5,11,1192,1197
1004,251,63,0.5238,0.5174,0.699,0.2566,0.3968,0.381,21,0.381,21,0.5,6,WDC,5,12,1255,1260
1054,264,63,0.4444,0.5277,0.7455,0.2756,0.6349,0.6923,13,0.7143,7,,0,WDC,5,13,1318,1323
1104,277,63,0.5238,0.5721,0.6819,0.2445,0.5079,0.5312,32,0.5833,24,,0,WDC,5,14,1381,1386
1155,289,63,0.3016,0.4157,3.4244,0.4165,0.6984,,0,,0,,0,WDC,5,15,1444,1449
1205,302,63,0.5556,0.5255,0.6863,0.2466,0.5556,0.5556,63,0.8,5,,0,WDC,5,16,1507,1512
1256,314,63,0.381,0.4138,4.02,0.4003,0.5397,0.3684,19,0.3684,19,,0,WDC,5,17,1570,1575
1306,327,63,0.6825,0.5994,0.6487,0.2282,0.6825,0.6825,63,0.8333,18,0.8333,18,WDC,5,18,1633,1638
1356,340,63,0.4921,0.5,0.7149,0.2607,0.4921,0.4921,63,0.4921,63,0.5106,47,WDC,5,19,1696,1701
1407,352,63,0.5397,0.5299,2.3352,0.3087,0.5397,0.5397,63,0.5397,63,0.5476,42,WDC,5,20,1759,1764
1457,365,63,0.9206,0.4914,0.6033,0.2053,0.9206,0.9206,63,0.9194,62,,0,WDC,5,21,1822,1827
1508,377,63,0.7619,0.4633,0.6457,0.2246,0.8254,0.8136,59,0.8136,59,0.8182,22,WDC,5,22,1885,1890
1558,390,63,0.4286,0.3676,0.8574,0.3209,0.7302,0.6389,36,0.6286,35,0.6286,35,WDC,5,23,1948,1953
1608,403,63,0.6984,0.5,0.6144,0.2116,0.6984,0.6984,63,0.6984,63,0.6984,63,WDC,5,24,2011,2016
399,100,63,0.3333,0.5357,9.916,0.6377,0.3333,0.3333,63,0.3333,63,0.3333,63,STX,5,0,499,504
449,113,63,0.4444,0.4667,1.2042,0.2871,0.5238,0.0,2,0.0,2,0.0,2,STX,5,1,562,567
500,125,63,0.3492,0.5898,4.2775,0.4227,0.6508,,0,,0,,0,STX,5,2,625,630
550,138,63,0.7302,0.7762,0.5706,0.1956,0.7302,0.7377,61,0.7719,57,1.0,22,STX,5,3,688,693
600,151,63,0.5714,0.4437,0.7264,0.2652,0.7619,0.7333,45,0.7333,45,,0,STX,5,4,751,756
651,163,63,0.5397,0.608,0.722,0.2596,0.5397,0.5397,63,0.6279,43,0.6279,43,STX,5,5,814,819
701,176,63,0.4762,0.5423,0.7448,0.274,0.4921,0.4839,62,0.4839,62,0.4839,62,STX,5,6,877,882
752,188,63,0.4762,0.3877,0.7634,0.2813,0.5873,0.5417,48,0.4688,32,0.4828,29,STX,5,7,940,945
802,201,63,0.381,0.5224,0.6993,0.2546,0.381,0.381,63,1.0,1,1.0,1,STX,5,8,1003,1008
852,214,63,0.5079,0.6502,1.0742,0.2379,0.5079,0.5079,63,0.7368,19,0.7059,17,STX,5,9,1066,1071
903,226,63,0.4286,0.4519,1.7134,0.3236,0.2857,0.2632,38,0.2632,38,0.2222,18,STX,5,10,1129,1134
953,239,63,0.2698,0.4552,0.827,0.3121,0.7302,,0,,0,,0,STX,5,11,1192,1197
1004,251,63,0.6032,0.5,0.6802,0.2435,0.3968,,0,,0,,0,STX,5,12,1255,1260
1054,264,63,0.4127,0.5,0.6981,0.2525,0.5873,,0,,0,,0,STX,5,13,1318,1323
1104,277,63,0.381,0.5048,0.7086,0.2577,0.619,0.5,4,0.6667,3,,0,STX,5,14,1381,1386
1155,289,63,0.5238,0.4661,0.768,0.2855,0.7302,0.6905,42,1.0,4,,0,STX,5,15,1444,1449
1205,302,63,0.5397,0.427,0.7162,0.2586,0.5397,0.5397,63,0.5397,63,0.4118,17,STX,5,16,1507,1512
1256,314,63,0.5079,0.5625,0.6889,0.248,0.5079,0.5079,63,0.5079,63,1.0,4,STX,5,17,1570,1575
1306,327,63,0.5238,0.4807,4.3405,0.4195,0.6667,0.7,30,0.7,30,,0,STX,5,18,1633,1638
1356,340,63,0.4127,0.473,0.7611,0.283,0.4127,0.4127,63,0.4127,63,0.4127,63,STX,5,19,1696,1701
1407,352,63,0.5238,0.4788,0.7024,0.2545,0.5238,0.5238,63,0.5238,63,0.5,28,STX,5,20,1759,1764
1457,365,63,0.254,0.53,0.696,0.2514,0.7937,1.0,3,,0,,0,STX,5,21,1822,1827
1508,377,63,0.8095,0.5678,0.6049,0.209,0.8095,0.8095,63,0.8095,63,1.0,3,STX,5,22,1885,1890
1558,390,63,0.619,0.5,0.6657,0.2364,0.619,0.619,63,0.619,63,,0,STX,5,23,1948,1953
1608,403,63,0.7302,0.5109,0.6177,0.2127,0.7302,0.7302,63,0.7302,63,0.7302,63,STX,5,24,2011,2016
399,100,63,0.4921,0.6613,3.6811,0.3506,0.4921,0.4921,63,0.4921,63,0.5778,45,ASML,5,0,499,504
449,113,63,0.7143,0.5667,0.6232,0.2155,0.7143,0.7143,63,0.7143,63,0.7143,63,ASML,5,1,562,567
500,125,63,0.6032,0.6672,0.6683,0.2379,0.5238,0.5714,56,0.5714,56,0.5714,56,ASML,5,2,625,630
550,138,63,0.5397,0.6183,1.8259,0.3491,0.8571,0.931,29,0.9286,28,0.9286,28,ASML,5,3,688,693
600,151,63,0.6667,0.4762,0.6482,0.2279,0.6667,0.6667,63,0.6552,58,0.6552,58,ASML,5,4,751,756
651,163,63,0.7302,0.6679,1.9494,0.2378,0.7143,0.7917,48,0.7872,47,0.7872,47,ASML,5,5,814,819
701,176,63,0.619,0.3376,0.8777,0.2952,0.6508,0.6393,61,0.6393,61,0.6393,61,ASML,5,6,877,882
752,188,63,0.3492,0.4324,0.9171,0.3531,0.3492,0.3492,63,0.3492,63,0.3492,63,ASML,5,7,940,945
802,201,63,0.4127,0.5,0.7362,0.2713,0.4127,0.4127,63,0.4127,63,,0,ASML,5,8,1003,1008
852,214,63,0.5873,0.5499,0.68,0.2435,0.5714,0.5806,62,1.0,1,1.0,1,ASML,5,9,1066,1071
903,226,63,0.6667,0.5287,0.6618,0.2344,0.3016,0.4167,12,1.0,1,,0,ASML,5,10,1129,1134
953,239,63,0.3651,0.5174,2.5915,0.416,0.6349,,0,,0,,0,ASML,5,11,1192,1197
1004,251,63,0.5556,0.4036,0.6897,0.2483,0.4444,,0,,0,,0,ASML,5,12,1255,1260
1054,264,63,0.4603,0.4853,0.7099,0.2578,0.5397,,0,,0,,0,ASML,5,13,1318,1323
1104,277,63,0.6032,0.5832,0.6861,0.2462,0.4127,0.5172,29,0.3333,3,0.3333,3,ASML,5,14,1381,1386
1155,289,63,0.619,0.5515,0.7676,0.2836,0.8095,0.8293,41,0.9167,12,,0,ASML,5,15,1444,1449
1205,302,63,0.5238,0.5556,0.6889,0.2479,0.5556,0.7273,11,0.7273,11,1.0,1,ASML,5,16,1507,1512
1256,314,63,0.4444,0.2566,0.749,0.277,0.5556,0.5,56,0.3,20,1.0,1,ASML,5,17,1570,1575
1306,327,63,0.4921,0.6897,0.7004,0.2547,0.4603,0.4754,61,0.5179,56,0.5306,49,ASML,5,18,1633,1638
1356,340,63,0.5714,0.4506,0.6908,0.2488,0.5714,0.5714,63,0.5517,58,0.5833,12,ASML,5,19,1696,1701
1407,352,63,0.4762,0.5657,0.7227,0.2638,0.4762,0.4762,63,0.4762,63,0.56,25,ASML,5,20,1759,1764
1457,365,63,0.5238,0.5303,0.6888,0.2479,0.5238,0.5238,63,0.5238,63,1.0,3,ASML,5,21,1822,1827
1508,377,63,0.7302,0.4757,0.6801,0.2435,0.7302,0.7302,63,0.6,5,0.6,5,ASML,5,22,1885,1890
1558,390,63,0.6349,0.525,0.6764,0.2417,0.6349,0.6349,63,1.0,3,,0,ASML,5,23,1948,1953
1608,403,63,0.4921,0.4844,0.6971,0.252,0.5079,0.5,62,,0,,0,ASML,5,24,2011,2016
399,100,63,0.6032,0.6179,1.3759,0.2653,0.6032,0.7407,27,0.7727,22,0.7727,22,CEG,5,0,499,504
449,113,63,0.619,0.6081,0.9406,0.2603,0.5238,0.5957,47,0.5957,47,0.5957,47,CEG,5,1,562,567
500,125,63,0.7143,0.7672,0.6291,0.2186,0.5397,0.7353,34,0.7273,33,1.0,13,CEG,5,2,625,630
550,138,63,0.4286,0.4959,0.7328,0.2691,0.4603,0.4103,39,0.55,20,0.55,20,CEG,5,3,688,693
600,151,63,0.6508,0.3215,0.7096,0.2576,0.6825,0.6842,57,0.5455,33,0.25,8,CEG,5,4,751,756
651,163,63,0.4127,0.4631,0.7055,0.2561,0.4762,0.4386,57,0.5385,13,,0,CEG,5,5,814,819
701,176,63,0.6349,0.5375,0.6638,0.2354,0.6349,0.6349,63,0.6349,63,,0,CEG,5,6,877,882
752,188,63,0.4127,0.4405,0.7904,0.295,0.3968,0.4032,62,0.3462,26,0.3462,26,CEG,5,7,940,945
399,100,63,0.4762,0.5449,6.2809,0.5,0.4762,0.4762,63,0.4762,63,0.4762,63,VST,5,0,499,504
449,113,63,0.4762,0.5,0.7959,0.2976,0.4762,0.4762,63,0.4762,63,0.4762,63,VST,5,1,562,567
500,125,63,0.5079,0.4939,0.6956,0.2512,0.5238,0.625,8,0.625,8,0.625,8,VST,5,2,625,630
550,138,63,0.5238,0.5481,1.1715,0.271,0.619,0.6957,23,0.0,2,0.0,2,VST,5,3,688,693
600,151,63,0.5397,0.5793,0.6632,0.2362,0.4762,0.5085,59,0.5085,59,0.9,10,VST,5,4,751,756
651,163,63,0.619,0.5468,1.3898,0.2695,0.5873,0.6066,61,0.6222,45,0.6222,45,VST,5,5,814,819
701,176,63,0.5397,0.5136,1.9048,0.3142,0.4921,0.5185,54,0.5094,53,0.5094,53,VST,5,6,877,882
752,188,63,0.4762,0.5144,0.6995,0.2532,0.5714,0.5882,17,,0,,0,VST,5,7,940,945
802,201,63,0.4762,0.4968,2.8097,0.3947,0.619,0.5833,36,0.625,24,,0,VST,5,8,1003,1008
852,214,63,0.619,0.6253,2.3098,0.2958,0.5873,0.6757,37,0.6944,36,,0,VST,5,9,1066,1071
903,226,63,0.5397,0.5662,0.6892,0.2494,0.4762,0.5085,59,0.5085,59,0.5333,15,VST,5,10,1129,1134
953,239,63,0.5238,0.5116,0.704,0.2553,0.4762,0.5,60,0.4773,44,0.4722,36,VST,5,11,1192,1197
1004,251,63,0.3968,0.5574,0.733,0.2688,0.3968,0.3968,63,0.4375,32,0.5417,24,VST,5,12,1255,1260
1054,264,63,0.4762,0.6037,0.9402,0.2651,0.6667,0.7143,21,0.7143,7,0.7143,7,VST,5,13,1318,1323
1104,277,63,0.4127,0.7418,1.2174,0.2981,0.6349,0.8,5,,0,,0,VST,5,14,1381,1386
1155,289,63,0.619,0.6827,0.7978,0.2996,0.8254,0.9118,34,,0,,0,VST,5,15,1444,1449
1205,302,63,0.6032,0.3162,0.9623,0.2744,0.8095,0.7708,48,0.725,40,0.7273,22,VST,5,16,1507,1512
1256,314,63,0.4762,0.4747,0.7692,0.286,0.4762,0.4762,63,0.4762,63,0.4545,55,VST,5,17,1570,1575
1306,327,63,0.6984,0.5527,0.6214,0.2151,0.6667,0.6949,59,0.6909,55,0.6909,55,VST,5,18,1633,1638
1356,340,63,0.6032,0.4631,0.72,0.2573,0.5873,0.5968,62,0.5968,62,0.5968,62,VST,5,19,1696,1701
1407,352,63,0.5079,0.5388,0.7551,0.2788,0.5079,0.5079,63,0.5082,61,0.5082,61,VST,5,20,1759,1764
1457,365,63,0.7302,0.7136,0.5909,0.2,0.7302,0.7302,63,0.8367,49,0.8372,43,VST,5,21,1822,1827
1508,377,63,0.4286,0.5201,0.8152,0.3054,0.4286,0.4286,63,0.4194,62,0.4194,62,VST,5,22,1885,1890
1558,390,63,0.4127,0.4709,1.4549,0.3033,0.4127,0.4127,63,0.4127,63,0.0,3,VST,5,23,1948,1953
1608,403,63,0.4444,0.5,0.7057,0.2562,0.4444,0.4444,63,,0,,0,VST,5,24,2011,2016
399,100,63,0.4921,0.5323,0.7018,0.2543,0.4921,0.4921,63,0.5088,57,,0,LIN,5,0,499,504
449,113,63,0.2222,0.6181,0.8494,0.3253,0.7778,,0,,0,,0,LIN,5,1,562,567
500,125,63,0.6825,0.4767,0.629,0.2185,0.6825,0.6825,63,0.6825,63,0.6825,63,LIN,5,2,625,630
550,138,63,0.5079,0.371,0.8805,0.3209,0.5079,0.5079,63,0.5079,63,0.5079,63,LIN,5,3,688,693
600,151,63,0.3651,0.475,1.2453,0.3073,0.3651,0.3651,63,0.3651,63,0.3651,63,LIN,5,4,751,756
651,163,63,0.619,0.5005,1.1383,0.256,0.6349,0.6333,60,0.6182,55,0.6667,18,LIN,5,5,814,819
701,176,63,0.5714,0.5131,0.678,0.2428,0.4921,0.5357,56,0.2,5,,0,LIN,5,6,877,882
752,188,63,0.6349,0.5793,0.679,0.2424,0.6349,0.6545,55,0.65,20,0.6667,18,LIN,5,7,940,945
802,201,63,0.5556,0.5606,0.683,0.245,0.4762,1.0,2,1.0,2,1.0,2,LIN,5,8,1003,1008
852,214,63,0.3968,0.5682,1.2265,0.2967,0.6508,0.8,5,0.8,5,0.75,4,LIN,5,9,1066,1071
903,226,63,0.4762,0.6898,0.6904,0.2487,0.5556,1.0,2,1.0,2,,0,LIN,5,10,1129,1134
953,239,63,0.5238,0.5687,0.701,0.2539,0.6508,0.7895,19,0.7895,19,0.5714,7,LIN,5,11,1192,1197
1004,251,63,0.5714,0.5959,0.6645,0.2359,0.6508,0.7188,32,0.7619,21,0.7857,14,LIN,5,12,1255,1260
1054,264,63,0.6508,0.6924,0.6585,0.2324,0.3492,0.5,28,0.5,28,0.5,28,LIN,5,13,1318,1323
1104,277,63,0.6667,0.4286,0.6596,0.2333,0.6667,0.6667,63,0.6667,63,,0,LIN,5,14,1381,1386
1155,289,63,0.5556,0.6401,0.6637,0.2369,0.5079,0.5385,52,0.5385,52,0.9,10,LIN,5,15,1444,1449
1205,302,63,0.5556,0.4097,0.7733,0.2818,0.5556,0.5593,59,0.5319,47,0.5556,45,LIN,5,16,1507,1512
1256,314,63,0.7302,0.4901,0.6316,0.2201,0.7143,0.7258,62,0.7258,62,0.6818,22,LIN,5,17,1570,1575
1306,327,63,0.5556,0.808,0.6469,0.2284,0.5079,0.5333,60,0.5333,60,0.7143,35,LIN,5,18,1633,1638
1356,340,63,0.3492,0.4833,0.9084,0.3509,0.2381,0.24,50,0.2245,49,0.2245,49,LIN,5,19,1696,1701
1407,352,63,0.7778,0.8455,1.0227,0.2753,0.7778,0.9268,41,1.0,13,1.0,9,LIN,5,20,1759,1764
399,100,63,0.5556,0.6608,1.324,0.2935,0.5397,0.5536,56,0.5306,49,0.6757,37,MRVL,5,0,499,504
449,113,63,0.6032,0.5,0.6906,0.2487,0.6032,0.6032,63,,0,,0,MRVL,5,1,562,567
500,125,63,0.5556,0.6714,0.6659,0.2365,0.4444,,0,,0,,0,MRVL,5,2,625,630
550,138,63,0.5238,0.5909,1.8595,0.2937,0.6984,0.8889,18,0.8889,18,0.8889,18,MRVL,5,3,688,693
600,151,63,0.3016,0.4904,0.7342,0.2701,0.3016,0.3016,63,0.25,4,0.25,4,MRVL,5,4,751,756
651,163,63,0.6032,0.6541,0.6667,0.2391,0.6825,0.8214,28,1.0,4,1.0,4,MRVL,5,5,814,819
701,176,63,0.4127,0.4275,1.4316,0.2948,0.5714,0.4815,27,0.4815,27,,0,MRVL,5,6,877,882
752,188,63,0.4444,0.4429,1.6779,0.3078,0.4762,0.4242,33,0.4483,29,,0,MRVL,5,7,940,945
802,201,63,0.4127,0.5142,0.7289,0.268,0.3968,0.4032,62,0.4167,60,1.0,2,MRVL,5,8,1003,1008
852,214,63,0.5397,0.4904,0.7067,0.2563,0.5397,0.5397,63,0.5397,63,0.5397,63,MRVL,5,9,1066,1071
903,226,63,0.3492,0.4926,1.9975,0.3458,0.3333,0.3276,58,0.3276,58,0.3276,58,MRVL,5,10,1129,1134
953,239,63,0.3651,0.4059,0.7289,0.2675,0.5714,0.3571,14,,0,,0,MRVL,5,11,1192,1197
1004,251,63,0.4762,0.5989,0.6928,0.2498,0.5397,1.0,1,,0,,0,MRVL,5,12,1255,1260
1054,264,63,0.3968,0.7047,0.7612,0.2796,0.6032,,0,,0,,0,MRVL,5,13,1318,1323
1104,277,63,0.5079,0.6696,0.684,0.2485,0.3492,0.4043,47,0.413,46,0.75,4,MRVL,5,14,1381,1386
1155,289,63,0.5079,0.6717,2.3674,0.3309,0.6984,0.7826,23,,0,,0,MRVL,5,15,1444,1449
1205,302,63,0.4921,0.5665,0.6842,0.2456,0.4921,0.4921,63,0.6667,12,0.6667,12,MRVL,5,16,1507,1512
1256,314,63,0.4603,0.4564,0.7003,0.2536,0.4603,0.4603,63,0.5,2,,0,MRVL,5,17,1570,1575
1306,327,63,0.4921,0.5208,0.6712,0.2394,0.7619,0.7857,28,0.7391,23,1.0,3,MRVL,5,18,1633,1638
1356,340,63,0.5714,0.5231,0.6822,0.2445,0.5714,0.5714,63,,0,,0,MRVL,5,19,1696,1701
1407,352,63,0.4444,0.5513,0.7399,0.273,0.381,0.4068,59,0.4068,59,0.4068,59,MRVL,5,20,1759,1764
1457,365,63,0.6667,0.5765,0.6629,0.2349,0.6667,0.6667,63,0.6724,58,,0,MRVL,5,21,1822,1827
1508,377,63,0.6349,0.5,0.6653,0.2361,0.6349,0.6349,63,0.6349,63,,0,MRVL,5,22,1885,1890
1558,390,63,0.4921,0.5352,0.7096,0.2588,0.4444,0.463,54,0.463,54,0.463,54,MRVL,5,23,1948,1953
1608,403,63,0.4444,0.3622,0.7755,0.2867,0.6825,0.5952,42,,0,,0,MRVL,5,24,2011,2016
399,100,63,0.5714,0.7053,0.7718,0.2854,0.4127,0.4906,53,0.4906,53,0.4906,53,CLS,5,0,499,504
449,113,63,0.3651,0.3858,0.7517,0.279,0.6508,1.0,1,,0,,0,CLS,5,1,562,567
500,125,63,0.5079,0.6151,0.6623,0.235,0.3333,0.3958,48,,0,,0,CLS,5,2,625,630
550,138,63,0.5079,0.6479,0.9797,0.2839,0.7619,0.9048,21,0.9474,19,0.9474,19,CLS,5,3,688,693
600,151,63,0.4444,0.5932,0.7125,0.2594,0.3968,0.4038,52,0.4565,46,0.5263,19,CLS,5,4,751,756
651,163,63,0.5556,0.497,1.4145,0.2831,0.4603,0.5714,7,0.5714,7,0.5714,7,CLS,5,5,814,819
701,176,63,0.4603,0.4513,1.2162,0.29,0.5397,0.5,20,0.5,20,0.5,20,CLS,5,6,877,882
752,188,63,0.3651,0.4285,0.7253,0.266,0.5397,0.125,8,,0,,0,CLS,5,7,940,945
802,201,63,0.5873,0.5542,0.6817,0.2443,0.3968,0.48,25,,0,,0,CLS,5,8,1003,1008
852,214,63,0.6349,0.6237,0.9148,0.2518,0.5397,0.6486,37,0.625,32,0.0,1,CLS,5,9,1066,1071
903,226,63,0.4444,0.5918,1.0442,0.362,0.4444,0.4444,63,0.4815,54,0.5106,47,CLS,5,10,1129,1134
953,239,63,0.4444,0.453,0.7695,0.2873,0.619,0.75,8,,0,,0,CLS,5,11,1192,1197
1004,251,63,0.5397,0.4595,0.6854,0.2462,0.4127,0.0,3,,0,,0,CLS,5,12,1255,1260
1054,264,63,0.2222,0.5445,2.8797,0.3658,0.7778,,0,,0,,0,CLS,5,13,1318,1323
1104,277,63,0.5714,0.5556,0.6463,0.2327,0.5714,0.5714,63,0.5714,63,1.0,4,CLS,5,14,1381,1386
1155,289,63,0.6984,0.5,0.6431,0.2252,0.6984,0.6984,63,0.6984,63,,0,CLS,5,15,1444,1449
1205,302,63,0.6032,0.5026,0.6642,0.2401,0.6032,0.6032,63,0.6032,63,0.5714,21,CLS,5,16,1507,1512
1256,314,63,0.5397,0.3869,1.8811,0.3009,0.5397,0.5397,63,0.5397,63,0.5397,63,CLS,5,17,1570,1575
1306,327,63,0.6349,0.6913,0.6231,0.2173,0.6349,0.6349,63,0.6349,63,0.6349,63,CLS,5,18,1633,1638
1356,340,63,0.6667,0.6406,0.6268,0.2178,0.6667,0.6667,63,0.6667,63,0.7436,39,CLS,5,19,1696,1701
1407,352,63,0.4921,0.5953,0.7957,0.295,0.4921,0.4921,63,0.4921,63,0.4921,63,CLS,5,20,1759,1764
1457,365,63,0.6984,0.4011,1.346,0.2494,0.873,0.86,50,0.86,50,0.86,50,CLS,5,21,1822,1827
1508,377,63,0.6667,0.5714,0.6299,0.2191,0.6667,0.6667,63,0.6667,63,0.6667,63,CLS,5,22,1885,1890
1558,390,63,0.4444,0.5143,0.7882,0.2952,0.4444,0.4444,63,0.4444,63,0.4444,63,CLS,5,23,1948,1953
1608,403,63,0.5556,0.4771,0.7049,0.2544,0.5873,0.5789,57,0.5741,54,0.5741,54,CLS,5,24,2011,2016
399,100,63,0.6508,0.5764,0.6677,0.2373,0.4127,0.7,10,,0,,0,SYM,5,0,499,504
449,113,63,0.4286,0.4408,1.2706,0.3177,0.5556,0.4286,7,1.0,1,1.0,1,SYM,5,1,562,567
500,125,63,0.4286,0.4266,0.6905,0.2532,0.3651,0.303,33,0.0,2,0.0,2,SYM,5,2,625,630
550,138,63,0.2063,0.4392,0.7639,0.2839,0.7937,,0,,0,,0,SYM,5,3,688,693
600,151,63,0.4127,0.5065,0.7935,0.2983,0.6349,1.0,3,1.0,3,1.0,3,SYM,5,4,751,756
651,163,63,0.4286,0.6132,0.7226,0.2645,0.4286,0.4286,63,0.5,44,0.5116,43,SYM,5,5,814,819
701,176,63,0.5238,0.4793,0.8654,0.3015,0.4921,0.5082,61,0.4651,43,0.4865,37,SYM,5,6,877,882
399,100,63,0.5714,0.5556,0.6678,0.2383,0.4286,,0,,0,,0,MNDY,5,0,499,504
449,113,63,0.4444,0.4393,0.7477,0.2741,0.5714,0.5217,23,0.5217,23,0.5455,22,MNDY,5,1,562,567
500,125,63,0.5397,0.5304,1.1697,0.2703,0.5397,0.5556,45,0.5714,21,0.75,8,MNDY,5,2,625,630
550,138,63,0.5556,0.4798,1.6872,0.3099,0.5079,0.55,40,0.5641,39,0.3333,15,MNDY,5,3,688,693
600,151,63,0.619,0.6542,0.8746,0.2392,0.5397,0.6042,48,0.617,47,0.617,47,MNDY,5,4,751,756
651,163,63,0.4762,0.4797,0.7477,0.276,0.4127,0.3939,33,0.3793,29,0.4074,27,MNDY,5,5,814,819
701,176,63,0.5556,0.5625,0.6959,0.2512,0.5079,0.75,8,0.8,5,0.8,5,MNDY,5,6,877,882
752,188,63,0.5079,0.5333,0.7215,0.2635,0.5873,0.6364,22,0.6364,22,0.25,4,MNDY,5,7,940,945
802,201,63,0.4603,0.4694,0.7182,0.2623,0.4444,0.4286,42,0.4286,42,0.0,2,MNDY,5,8,1003,1008
852,214,63,0.4444,0.5,0.703,0.2549,0.4444,0.4444,63,,0,,0,MNDY,5,9,1066,1071
903,226,63,0.2857,0.7037,1.4107,0.2844,0.2857,0.2857,63,0.5882,17,0.6667,15,MNDY,5,10,1129,1134
399,100,63,0.5397,0.4402,0.7169,0.2611,0.5397,0.5397,63,0.4545,22,0.4545,22,FVRR,5,0,499,504
449,113,63,0.2222,0.602,0.8045,0.3051,0.2222,0.2222,63,0.2222,63,,0,FVRR,5,1,562,567
500,125,63,0.6349,0.5,0.6615,0.2343,0.3651,,0,,0,,0,FVRR,5,2,625,630
550,138,63,0.6349,0.554,0.8812,0.2382,0.381,0.5714,7,,0,,0,FVRR,5,3,688,693
600,151,63,0.5714,0.5783,0.6554,0.2324,0.3651,0.4333,30,,0,,0,FVRR,5,4,751,756
651,163,63,0.5556,0.5412,0.7281,0.2586,0.4286,0.4,5,,0,,0,FVRR,5,5,814,819
701,176,63,0.4127,0.3469,0.8284,0.3118,0.5556,0.4722,36,0.3333,15,,0,FVRR,5,6,877,882
752,188,63,0.5079,0.5005,0.6962,0.2514,0.5079,0.5082,61,,0,,0,FVRR,5,7,940,945
802,201,63,0.5397,0.4766,0.7063,0.2562,0.4127,0.3333,9,0.3333,9,0.3333,9,FVRR,5,8,1003,1008
852,214,63,0.619,0.5933,0.692,0.2471,0.4603,0.7778,9,0.5,2,0.5,2,FVRR,5,9,1066,1071
903,226,63,0.4762,0.5345,0.7215,0.2651,0.4603,0.4167,24,0.4167,24,0.4167,24,FVRR,5,10,1129,1134
953,239,63,0.5397,0.5109,0.7206,0.2629,0.5873,0.6053,38,0.5333,15,,0,FVRR,5,11,1192,1197
1004,251,63,0.4762,0.4374,0.7041,0.2554,0.4762,0.4348,23,,0,,0,FVRR,5,12,1255,1260
1054,264,63,0.4127,0.4428,3.8103,0.3968,0.5873,0.5,8,0.0,1,,0,FVRR,5,13,1318,1323
1104,277,63,0.4127,0.5,0.7025,0.2546,0.4127,0.4127,63,,0,,0,FVRR,5,14,1381,1386
1155,289,63,0.3651,0.3394,0.7061,0.2565,0.4127,0.2083,24,,0,,0,FVRR,5,15,1444,1449
1205,302,63,0.4286,0.4617,0.7498,0.2719,0.4921,0.4419,43,0.5556,18,0.4286,7,FVRR,5,16,1507,1512
1256,314,63,0.4286,0.5111,2.2156,0.3489,0.3492,0.3542,48,0.3889,36,0.3889,36,FVRR,5,17,1570,1575
1306,327,63,0.6508,0.6442,0.6363,0.2222,0.381,0.55,20,0.55,20,0.9,10,FVRR,5,18,1633,1638
399,100,63,0.5397,0.5,0.6917,0.2493,0.5397,0.5397,63,,0,,0,APD,5,0,499,504
449,113,63,0.5556,0.5122,0.6174,0.2249,0.6508,0.614,57,1.0,9,1.0,9,APD,5,1,562,567
500,125,63,0.6032,0.4816,0.912,0.2504,0.6032,0.6032,63,0.6032,63,0.5789,19,APD,5,2,625,630
550,138,63,0.5238,0.5904,0.6789,0.2462,0.4762,0.5,56,0.5208,48,0.5333,15,APD,5,3,688,693
600,151,63,0.746,0.6381,0.5956,0.204,0.7302,0.7419,62,0.75,60,0.76,25,APD,5,4,751,756
651,163,63,0.5079,0.4975,0.7038,0.2548,0.5079,0.5079,63,0.5,4,0.5,4,APD,5,5,814,819
701,176,63,0.4286,0.446,0.7284,0.2673,0.4762,0.4483,58,0.4545,55,0.4167,12,APD,5,6,877,882
752,188,63,0.381,0.5187,0.7327,0.2696,0.381,0.381,63,0.377,61,,0,APD,5,7,940,945
802,201,63,0.6825,0.4178,0.6801,0.2435,0.3333,0.6,5,0.6,5,0.6,5,APD,5,8,1003,1008
852,214,63,0.4444,0.5,0.7588,0.2806,0.5714,0.6667,3,0.6667,3,0.6667,3,APD,5,9,1066,1071
903,226,63,0.4921,0.3931,0.71,0.2583,0.5079,,0,,0,,0,APD,5,10,1129,1134
953,239,63,0.4286,0.5994,0.7146,0.2617,0.619,1.0,3,1.0,1,1.0,1,APD,5,11,1192,1197
1004,251,63,0.5079,0.4854,0.7113,0.2577,0.5238,0.5161,62,0.5167,60,,0,APD,5,12,1255,1260
1054,264,63,0.5714,0.5645,0.7134,0.2514,0.5079,0.5472,53,0.5472,53,,0,APD,5,13,1318,1323
1104,277,63,0.4603,0.5509,0.9367,0.2633,0.5079,0.4828,58,0.6471,17,1.0,2,APD,5,14,1381,1386
1155,289,63,0.4286,0.4267,2.7071,0.384,0.4127,0.3864,44,0.3864,44,0.3953,43,APD,5,15,1444,1449
1205,302,63,0.6667,0.5,0.6413,0.2244,0.6667,0.6667,63,0.6667,63,0.6667,63,APD,5,16,1507,1512
1256,314,63,0.5873,0.3514,0.6944,0.2506,0.5873,0.5873,63,,0,,0,APD,5,17,1570,1575
1306,327,63,0.6508,0.6031,0.656,0.2312,0.5556,0.6383,47,0.6383,47,,0,APD,5,18,1633,1638
1356,340,63,0.4127,0.4452,0.7325,0.2696,0.5397,0.4444,27,0.4444,27,,0,APD,5,19,1696,1701
1407,352,63,0.5397,0.5461,0.6784,0.2444,0.4603,0.5,22,0.5,22,,0,APD,5,20,1759,1764
1457,365,63,0.6508,0.5488,0.6588,0.2331,0.6508,0.6508,63,1.0,4,1.0,4,APD,5,21,1822,1827
1508,377,63,0.381,0.5288,0.7581,0.2818,0.381,0.381,63,0.381,63,0.45,20,APD,5,22,1885,1890
1558,390,63,0.6667,0.6414,0.6318,0.2215,0.6508,0.6613,62,0.8095,21,1.0,7,APD,5,23,1948,1953
1608,403,63,0.5556,0.6643,0.6525,0.2321,0.5397,0.5556,54,0.5556,54,0.8421,19,APD,5,24,2011,2016
399,100,63,0.4603,0.5147,0.7436,0.2745,0.4603,0.4603,63,0.4603,63,0.4677,62,EME,5,0,499,504
449,113,63,0.6667,0.6106,0.6817,0.239,0.619,0.6607,56,0.6667,48,0.6522,46,EME,5,1,562,567
500,125,63,0.6825,0.7272,0.63,0.2179,0.4603,0.7647,17,1.0,7,1.0,7,EME,5,2,625,630
550,138,63,0.3333,0.5698,9.4784,0.6302,0.6825,1.0,1,1.0,1,,0,EME,5,3,688,693
600,151,63,0.381,0.5875,4.4798,0.4702,0.7778,0.7778,18,0.7778,18,,0,EME,5,4,751,756
651,163,63,0.4444,0.5286,0.7452,0.2753,0.4444,0.4444,63,0.459,61,0.459,61,EME,5,5,814,819
701,176,63,0.5238,0.5091,0.7902,0.2916,0.5238,0.5238,63,0.5238,63,0.5294,51,EME,5,6,877,882
752,188,63,0.4127,0.6216,0.7323,0.2677,0.4127,0.4127,63,0.5556,27,0.5556,27,EME,5,7,940,945
802,201,63,0.5079,0.644,0.6887,0.2479,0.4603,0.4833,60,0.5532,47,0.5532,47,EME,5,8,1003,1008
852,214,63,0.6032,0.6061,0.6692,0.2381,0.5238,0.6176,34,0.6452,31,0.6452,31,EME,5,9,1066,1071
903,226,63,0.4603,0.428,1.0465,0.3141,0.6667,0.9,10,0.8889,9,1.0,7,EME,5,10,1129,1134
953,239,63,0.4603,0.6796,0.7006,0.2532,0.5556,1.0,1,1.0,1,1.0,1,EME,5,11,1192,1197
1004,251,63,0.7302,0.7689,0.6145,0.2114,0.5556,0.7368,38,0.7368,38,1.0,10,EME,5,12,1255,1260
1054,264,63,0.7778,0.5904,0.6571,0.2322,0.7778,0.7778,63,1.0,9,1.0,3,EME,5,13,1318,1323
1104,277,63,0.4127,0.5915,0.8257,0.3056,0.4127,0.4127,63,0.4688,32,0.4688,32,EME,5,14,1381,1386
1155,289,63,0.5714,0.6128,0.6831,0.2453,0.6825,0.75,32,0.7931,29,1.0,3,EME,5,15,1444,1449
1205,302,63,0.6032,0.2326,0.703,0.2581,0.7619,0.717,53,0.5556,9,0.625,8,EME,5,16,1507,1512
1256,314,63,0.4921,0.5176,1.1783,0.2846,0.4921,0.4921,63,0.4082,49,0.4082,49,EME,5,17,1570,1575
1306,327,63,0.6349,0.6311,1.6567,0.2647,0.7302,0.7018,57,0.7018,57,0.8286,35,EME,5,18,1633,1638
1356,340,63,0.5238,0.6096,0.7856,0.2901,0.5238,0.5238,63,0.5238,63,0.5238,63,EME,5,19,1696,1701
1407,352,63,0.4762,0.4293,0.7405,0.273,0.4762,0.4762,63,0.4762,63,0.4423,52,EME,5,20,1759,1764
1457,365,63,0.746,0.5,0.6169,0.2123,0.746,0.746,63,0.746,63,,0,EME,5,21,1822,1827
1508,377,63,0.6349,0.5,0.6567,0.232,0.6349,0.6349,63,0.6349,63,0.6349,63,EME,5,22,1885,1890
1558,390,63,0.6984,0.5227,0.6292,0.2185,0.6984,0.6984,63,0.6984,63,0.6984,63,EME,5,23,1948,1953
1608,403,63,0.6825,0.5,0.6377,0.2226,0.6825,0.6825,63,0.6825,63,0.6825,63,EME,5,24,2011,2016
399,100,63,0.5079,0.5302,1.1774,0.2791,0.5079,0.5079,63,0.5079,63,0.5079,63,KLAC,5,0,499,504
449,113,63,0.6667,0.4948,0.6649,0.2356,0.6825,0.6833,60,0.6949,59,0.65,20,KLAC,5,1,562,567
500,125,63,0.5397,0.5913,0.8626,0.2374,0.5556,0.5682,44,0.6364,22,0.7647,17,KLAC,5,2,625,630
550,138,63,0.7619,0.6,0.5919,0.2006,0.7619,0.7619,63,0.8205,39,0.8205,39,KLAC,5,3,688,693
600,151,63,0.4921,0.3905,0.787,0.2938,0.4603,0.4746,59,0.3953,43,0.3953,43,KLAC,5,4,751,756
651,163,63,0.5556,0.4546,0.7018,0.2536,0.5556,0.5556,63,0.541,61,0.0,1,KLAC,5,5,814,819
701,176,63,0.5238,0.4828,1.9106,0.3127,0.5238,0.56,25,0.56,25,0.5217,23,KLAC,5,6,877,882
752,188,63,0.3651,0.3732,0.7059,0.2563,0.5238,0.3704,27,,0,,0,KLAC,5,7,940,945
802,201,63,0.3968,0.5937,0.7041,0.2554,0.3968,0.3968,63,0.5417,24,0.4737,19,KLAC,5,8,1003,1008
852,214,63,0.4603,0.4784,0.6847,0.2458,0.6508,0.6207,29,0.6207,29,,0,KLAC,5,9,1066,1071
903,226,63,0.4444,0.695,0.6981,0.2527,0.381,0.4068,59,0.4651,43,0.7778,9,KLAC,5,10,1129,1134
953,239,63,0.4444,0.7575,0.6576,0.2355,0.619,1.0,4,1.0,3,1.0,3,KLAC,5,11,1192,1197
1004,251,63,0.5714,0.6874,0.6565,0.2319,0.3968,0.4808,52,1.0,3,,0,KLAC,5,12,1255,1260
1054,264,63,0.4603,0.8552,1.6323,0.2993,0.619,1.0,5,1.0,5,1.0,4,KLAC,5,13,1318,1323
1104,277,63,0.619,0.7059,0.6515,0.2309,0.4603,0.8571,7,0.8571,7,0.8571,7,KLAC,5,14,1381,1386
1155,289,63,0.3175,0.3576,1.6899,0.3138,0.6349,0.44,25,0.44,25,,0,KLAC,5,15,1444,1449
1205,302,63,0.5238,0.4792,2.2048,0.3437,0.619,0.6957,23,0.6957,23,0.0,1,KLAC,5,16,1507,1512
1256,314,63,0.619,0.5668,0.6784,0.2427,0.5556,0.6122,49,0.5833,36,0.6,35,KLAC,5,17,1570,1575
1306,327,63,0.6349,0.5952,0.6639,0.2358,0.5714,0.6102,59,0.6102,59,0.5962,52,KLAC,5,18,1633,1638
1356,340,63,0.6349,0.6516,0.6469,0.2259,0.6349,0.6349,63,0.7091,55,0.75,8,KLAC,5,19,1696,1701
1407,352,63,0.4444,0.6337,0.9711,0.2858,0.4444,0.4444,63,0.4444,63,0.4828,58,KLAC,5,20,1759,1764
1457,365,63,0.6349,0.6603,0.6434,0.2257,0.619,0.629,62,0.7317,41,0.7317,41,KLAC,5,21,1822,1827
1508,377,63,0.6508,0.5233,0.6626,0.235,0.6508,0.6508,63,0.6552,29,0.7222,18,KLAC,5,22,1885,1890
1558,390,63,0.5873,0.5342,0.7147,0.2605,0.6349,0.6458,48,1.0,3,,0,KLAC,5,23,1948,1953
1608,403,63,0.6984,0.5685,0.6455,0.2263,0.7143,0.75,52,0.75,52,,0,KLAC,5,24,2011,2016
399,100,63,0.4762,0.501,6.2041,0.4794,0.4762,0.4762,63,0.4655,58,0.4655,58,TXN,5,0,499,504
449,113,63,0.6349,0.5,0.6684,0.2377,0.6349,0.6349,63,0.6349,63,,0,TXN,5,1,562,567
500,125,63,0.4444,0.5513,0.7077,0.2572,0.619,1.0,4,1.0,1,,0,TXN,5,2,625,630
550,138,63,0.4921,0.4827,0.7123,0.2594,0.7143,0.697,33,0.697,33,,0,TXN,5,3,688,693
600,151,63,0.5238,0.4823,0.7041,0.2565,0.5238,0.5246,61,0.5345,58,0.5263,57,TXN,5,4,751,756
651,163,63,0.5714,0.5941,0.6646,0.2361,0.5714,0.5818,55,0.7,20,0.7,20,TXN,5,5,814,819
701,176,63,0.5079,0.7641,3.1044,0.2951,0.5079,0.5079,63,0.5424,59,0.6744,43,TXN,5,6,877,882
752,188,63,0.4286,0.4234,0.8554,0.3166,0.4286,0.3333,27,0.3333,27,0.3333,27,TXN,5,7,940,945
802,201,63,0.5397,0.6638,0.8745,0.2384,0.5079,0.6667,9,0.6667,9,0.6,5,TXN,5,8,1003,1008
852,214,63,0.4444,0.3809,1.0089,0.3536,0.619,0.5625,32,0.5517,29,0.5238,21,TXN,5,9,1066,1071
903,226,63,0.5556,0.648,0.6597,0.2364,0.3492,0.425,40,0.425,40,0.6667,9,TXN,5,10,1129,1134
953,239,63,0.4127,0.4911,0.7462,0.276,0.6032,0.5385,13,0.5,12,0.5,12,TXN,5,11,1192,1197
1004,251,63,0.7302,0.7438,0.6553,0.2313,0.4286,0.6316,38,0.6071,28,1.0,1,TXN,5,12,1255,1260
1054,264,63,0.5714,0.5943,0.7277,0.2584,0.5397,0.6522,23,0.6818,22,,0,TXN,5,13,1318,1323
1104,277,63,0.3333,0.461,0.8505,0.3249,0.2698,0.2881,59,0.2881,59,0.2881,59,TXN,5,14,1381,1386
1155,289,63,0.4444,0.5725,0.6924,0.2497,0.5714,1.0,1,1.0,1,1.0,1,TXN,5,15,1444,1449
1205,302,63,0.619,0.6037,0.6926,0.2492,0.6508,0.6977,43,1.0,2,1.0,2,TXN,5,16,1507,1512
1256,314,63,0.4603,0.6143,1.593,0.3614,0.619,1.0,5,1.0,1,1.0,1,TXN,5,17,1570,1575
1306,327,63,0.7143,0.7474,0.6594,0.2332,0.5873,0.6939,49,0.8333,18,,0,TXN,5,18,1633,1638
1356,340,63,0.4127,0.5772,0.7105,0.2586,0.3651,0.3833,60,0.4082,49,,0,TXN,5,19,1696,1701
1407,352,63,0.4603,0.5253,0.909,0.2549,0.4762,0.463,54,0.8,5,0.8,5,TXN,5,20,1759,1764
1457,365,63,0.5556,0.444,0.6989,0.253,0.6349,0.6034,58,1.0,1,1.0,1,TXN,5,21,1822,1827
1508,377,63,0.4127,0.4735,0.71,0.2584,0.4127,0.4127,63,,0,,0,TXN,5,22,1885,1890
1558,390,63,0.5238,0.4898,0.6608,0.2381,0.6667,0.6429,42,0.6429,42,1.0,3,TXN,5,23,1948,1953
1608,403,63,0.5714,0.4954,0.6948,0.2505,0.5714,0.5714,63,0.5,2,0.5,2,TXN,5,24,2011,2016
399,100,63,0.4444,0.5883,1.5154,0.3381,0.4444,0.4444,63,0.4355,62,0.4355,62,MCHP,5,0,499,504
449,113,63,0.619,0.4875,0.6813,0.2439,0.6349,0.629,62,,0,,0,MCHP,5,1,562,567
500,125,63,0.6508,0.6398,0.7247,0.2578,0.5873,0.7027,37,0.7027,37,,0,MCHP,5,2,625,630
550,138,63,0.6667,0.5402,0.6679,0.2375,0.6667,0.6667,63,0.3333,3,1.0,1,MCHP,5,3,688,693
600,151,63,0.4921,0.5,0.7195,0.2629,0.4921,0.4921,63,0.4921,63,0.4921,63,MCHP,5,4,751,756
651,163,63,0.5079,0.5287,0.6915,0.2499,0.4921,0.5,58,0.5,54,1.0,3,MCHP,5,5,814,819
701,176,63,0.3651,0.3276,1.959,0.34,0.5556,0.4324,37,0.375,32,0.3667,30,MCHP,5,6,877,882
752,188,63,0.4921,0.5379,0.7254,0.2599,0.5238,0.5333,15,0.5385,13,0.5385,13,MCHP,5,7,940,945
802,201,63,0.4127,0.3722,3.873,0.4204,0.4603,0.3889,36,0.3889,36,0.3438,32,MCHP,5,8,1003,1008
852,214,63,0.619,0.5721,0.6765,0.2417,0.619,0.6667,45,,0,,0,MCHP,5,9,1066,1071
903,226,63,0.3333,0.5391,1.1734,0.2749,0.3651,0.3443,61,0.4,5,0.4,5,MCHP,5,10,1129,1134
953,239,63,0.5238,0.5277,1.1958,0.2821,0.6508,0.6897,29,0.6897,29,1.0,2,MCHP,5,11,1192,1197
1004,251,63,0.5556,0.5398,2.5272,0.3013,0.4444,0.5,8,,0,,0,MCHP,5,12,1255,1260
1054,264,63,0.381,0.6495,1.2061,0.2879,0.6032,0.0,1,0.0,1,0.0,1,MCHP,5,13,1318,1323
1104,277,63,0.4444,0.6769,0.7085,0.2587,0.3333,0.375,56,0.4242,33,0.5625,16,MCHP,5,14,1381,1386
1155,289,63,0.5397,0.8243,0.6725,0.2408,0.5873,1.0,8,,0,,0,MCHP,5,15,1444,1449
1205,302,63,0.6349,0.6707,0.6661,0.2367,0.5238,0.7083,24,0.7647,17,1.0,1,MCHP,5,16,1507,1512
1256,314,63,0.3968,0.3495,0.7671,0.2866,0.3968,0.2759,29,0.2759,29,0.3529,17,MCHP,5,17,1570,1575
1306,327,63,0.619,0.6613,0.6571,0.233,0.4921,0.6842,19,0.6842,19,0.6875,16,MCHP,5,18,1633,1638
1356,340,63,0.3968,0.5981,1.2127,0.2907,0.3016,0.3333,57,0.3542,48,0.3846,13,MCHP,5,19,1696,1701
1407,352,63,0.5079,0.404,1.9001,0.3078,0.5238,0.5161,62,0.5161,62,0.0,5,MCHP,5,20,1759,1764
1457,365,63,0.3333,0.302,0.7472,0.2759,0.5238,0.3448,29,,0,,0,MCHP,5,21,1822,1827
1508,377,63,0.5714,0.4815,0.6917,0.2493,0.4286,,0,,0,,0,MCHP,5,22,1885,1890
1558,390,63,0.4127,0.422,0.7182,0.2625,0.5873,,0,,0,,0,MCHP,5,23,1948,1953
1608,403,63,0.4127,0.5,0.7025,0.2547,0.5873,,0,,0,,0,MCHP,5,24,2011,2016
399,100,63,0.4921,0.5847,4.8828,0.4091,0.4921,0.4921,63,0.4921,63,0.5,60,NXPI,5,0,499,504
449,113,63,0.5714,0.5,0.6931,0.25,0.5714,0.5714,63,,0,,0,NXPI,5,1,562,567
500,125,63,0.3968,0.5742,2.4256,0.3564,0.6032,,0,,0,,0,NXPI,5,2,625,630
550,138,63,0.5397,0.4295,1.1741,0.2722,0.619,0.6087,46,0.6,45,,0,NXPI,5,3,688,693
600,151,63,0.5556,0.6515,1.0903,0.2439,0.5238,0.541,61,0.541,61,0.541,61,NXPI,5,4,751,756
651,163,63,0.5873,0.5771,0.6976,0.2505,0.5397,0.5952,42,0.6,35,0.625,16,NXPI,5,5,814,819
701,176,63,0.5873,0.6719,1.5337,0.2482,0.4921,0.5862,29,0.5862,29,0.7895,19,NXPI,5,6,877,882
752,188,63,0.4762,0.502,6.29,0.4599,0.5238,,0,,0,,0,NXPI,5,7,940,945
802,201,63,0.5397,0.5553,0.6901,0.2485,0.4603,,0,,0,,0,NXPI,5,8,1003,1008
852,214,63,0.4127,0.3735,0.7465,0.2762,0.5714,0.48,25,0.48,25,0.4615,13,NXPI,5,9,1066,1071
903,226,63,0.5873,0.5796,0.6954,0.251,0.381,0.4545,22,0.4545,22,0.4545,22,NXPI,5,10,1129,1134
953,239,63,0.5714,0.5228,0.7242,0.2642,0.6349,0.6757,37,0.4,5,0.4,5,NXPI,5,11,1192,1197
1004,251,63,0.7302,0.7227,0.6388,0.223,0.4286,0.6667,30,0.6,5,,0,NXPI,5,12,1255,1260
1054,264,63,0.4603,0.6619,2.4053,0.353,0.6508,1.0,7,1.0,7,,0,NXPI,5,13,1318,1323
1104,277,63,0.3175,0.4855,0.7353,0.2709,0.3175,0.3175,63,0.3056,36,,0,NXPI,5,14,1381,1386
1155,289,63,0.3333,0.5952,0.7176,0.2622,0.6667,,0,,0,,0,NXPI,5,15,1444,1449
1205,302,63,0.6508,0.5,0.6874,0.2471,0.6508,0.6508,63,,0,,0,NXPI,5,16,1507,1512
1256,314,63,0.5397,0.5,0.6903,0.2486,0.5397,0.5397,63,,0,,0,NXPI,5,17,1570,1575
1306,327,63,0.5397,0.4904,0.6936,0.2502,0.5397,0.5397,63,0.5345,58,,0,NXPI,5,18,1633,1638
1356,340,63,0.4286,0.5139,0.7322,0.2693,0.4286,0.4286,63,0.4286,63,,0,NXPI,5,19,1696,1701
1407,352,63,0.4762,0.6099,1.088,0.2491,0.5079,0.4902,51,0.4902,51,0.4902,51,NXPI,5,20,1759,1764
1457,365,63,0.5238,0.4697,0.6949,0.2509,0.5238,0.5238,63,,0,,0,NXPI,5,21,1822,1827
1508,377,63,0.5079,0.5161,0.6928,0.2498,0.5079,0.5082,61,,0,,0,NXPI,5,22,1885,1890
1558,390,63,0.6032,0.5529,0.6901,0.2477,0.4921,0.7143,14,0.6667,9,0.6667,9,NXPI,5,23,1948,1953
1608,403,63,0.3492,0.3474,0.7384,0.273,0.6032,0.3333,9,0.3333,9,0.3333,9,NXPI,5,24,2011,2016
399,100,63,0.7302,0.5,0.6144,0.2112,0.7302,0.7302,63,0.7302,63,0.7302,63,DELL,5,0,499,504
449,113,63,0.5397,0.3778,1.2929,0.3201,0.5397,0.5397,63,0.5397,63,0.5397,63,DELL,5,1,562,567
500,125,63,0.6508,0.6211,1.06,0.2287,0.6032,0.6379,58,0.6379,58,0.6379,58,DELL,5,2,625,630
550,138,63,0.6032,0.527,0.6713,0.2413,0.5873,0.6,60,0.6,60,0.6,60,DELL,5,3,688,693
600,151,63,0.4921,0.4797,1.457,0.3062,0.4603,0.4681,47,0.4545,44,0.4286,42,DELL,5,4,751,756
651,163,63,0.6508,0.5869,0.777,0.2799,0.4286,0.5714,35,0.3913,23,0.3636,22,DELL,5,5,814,819
701,176,63,0.5556,0.549,1.1722,0.2731,0.4762,0.5333,30,0.5172,29,,0,DELL,5,6,877,882
752,188,63,0.5079,0.5255,3.3117,0.3719,0.5556,0.6111,18,0.4,5,,0,DELL,5,7,940,945
802,201,63,0.5873,0.4192,0.7099,0.2583,0.5714,0.6,50,0.1538,13,1.0,1,DELL,5,8,1003,1008
852,214,63,0.5079,0.6026,0.6679,0.2379,0.6667,0.8235,17,0.875,16,0.8667,15,DELL,5,9,1066,1071
903,226,63,0.5714,0.6885,1.8,0.2702,0.5079,0.551,49,0.551,49,0.7407,27,DELL,5,10,1129,1134
953,239,63,0.7778,0.6931,2.0419,0.2793,0.7778,0.8431,51,1.0,7,1.0,7,DELL,5,11,1192,1197
1004,251,63,0.6032,0.5273,0.9299,0.256,0.5714,0.6038,53,0.5769,26,,0,DELL,5,12,1255,1260
1054,264,63,0.4921,0.44,0.7391,0.2717,0.4921,0.4921,63,0.4894,47,0.4894,47,DELL,5,13,1318,1323
1104,277,63,0.619,0.5545,1.3612,0.2613,0.619,0.6364,55,0.6579,38,0.6579,38,DELL,5,14,1381,1386
1155,289,63,0.4444,0.5379,1.5074,0.3294,0.4127,0.4237,59,0.4314,51,0.4,30,DELL,5,15,1444,1449
1205,302,63,0.5238,0.4566,0.9441,0.2662,0.5238,0.5238,63,0.5238,63,0.4737,38,DELL,5,16,1507,1512
1256,314,63,0.7302,0.7093,0.6429,0.2251,0.6825,0.76,50,0.8462,13,0.8462,13,DELL,5,17,1570,1575
1306,327,63,0.4921,0.4854,1.3931,0.2771,0.5873,0.5862,29,0.5862,29,0.4667,15,DELL,5,18,1633,1638
1356,340,63,0.3968,0.3816,0.7568,0.2796,0.3968,0.3968,63,0.0,9,0.0,5,DELL,5,19,1696,1701
1407,352,63,0.3968,0.5173,0.7174,0.2621,0.7302,0.7222,18,0.7222,18,,0,DELL,5,20,1759,1764
399,100,63,0.4286,0.5972,0.699,0.2529,0.4286,0.4286,63,0.5714,21,,0,GLW,5,0,499,504
449,113,63,0.2857,0.7263,0.772,0.2893,0.7302,1.0,1,1.0,1,1.0,1,GLW,5,1,562,567
500,125,63,0.4921,0.4353,3.3091,0.3638,0.6032,0.5625,48,,0,,0,GLW,5,2,625,630
550,138,63,0.619,0.4909,1.1466,0.2578,0.619,0.619,63,0.619,63,0.6486,37,GLW,5,3,688,693
600,151,63,0.6825,0.4762,0.6719,0.239,0.6825,0.6825,63,0.7,40,0.5,10,GLW,5,4,751,756
651,163,63,0.4444,0.4546,0.755,0.2795,0.4444,0.4444,63,0.4444,63,0.4167,12,GLW,5,5,814,819
701,176,63,0.3651,0.5989,0.7457,0.2737,0.3651,0.3651,63,0.4667,30,0.4,5,GLW,5,6,877,882
752,188,63,0.5079,0.474,1.4188,0.2855,0.5873,0.5789,38,,0,,0,GLW,5,7,940,945
802,201,63,0.5873,0.4792,2.5151,0.3036,0.4127,,0,,0,,0,GLW,5,8,1003,1008
852,214,63,0.4444,0.5071,0.703,0.2549,0.5556,,0,,0,,0,GLW,5,9,1066,1071
903,226,63,0.4444,0.4562,0.7306,0.2687,0.381,0.3514,37,0.3611,36,0.0,2,GLW,5,10,1129,1134
953,239,63,0.6508,0.6621,1.3479,0.2537,0.5238,0.641,39,0.6667,33,,0,GLW,5,11,1192,1197
1004,251,63,0.619,0.5516,1.1117,0.2438,0.3492,0.4,10,0.2,5,0.2,5,GLW,5,12,1255,1260
1054,264,63,0.5556,0.6242,0.919,0.2509,0.5397,0.6071,28,0.6154,26,0.7,10,GLW,5,13,1318,1323
1104,277,63,0.5238,0.5512,0.6502,0.2313,0.254,0.2941,34,0.0,3,0.0,3,GLW,5,14,1381,1386
1155,289,63,0.5556,0.5791,0.9965,0.2777,0.6825,0.8,25,0.7917,24,0.7917,24,GLW,5,15,1444,1449
1205,302,63,0.3968,0.4815,0.7611,0.2833,0.5714,0.0,2,,0,,0,GLW,5,16,1507,1512
1256,314,63,0.4127,0.7422,0.8997,0.2599,0.5873,,0,,0,,0,GLW,5,17,1570,1575
1306,327,63,0.5397,0.6569,0.696,0.2512,0.7937,0.92,25,,0,,0,GLW,5,18,1633,1638
1356,340,63,0.5556,0.4632,1.6426,0.2897,0.6032,0.5893,56,0.5893,56,,0,GLW,5,19,1696,1701
1407,352,63,0.4444,0.5143,0.728,0.2672,0.4444,0.4444,63,0.4516,62,,0,GLW,5,20,1759,1764
1457,365,63,0.8413,0.7316,0.6021,0.2002,0.8254,0.875,56,0.9048,42,0.9024,41,GLW,5,21,1822,1827
1508,377,63,0.7143,0.4086,0.609,0.2089,0.7143,0.7143,63,0.7097,62,0.7097,62,GLW,5,22,1885,1890
1558,390,63,0.6984,0.3941,0.6235,0.2151,0.6984,0.6984,63,0.6984,63,0.6984,63,GLW,5,23,1948,1953
1608,403,63,0.619,0.5759,1.3396,0.2527,0.5873,0.6182,55,0.6182,55,0.6182,55,GLW,5,24,2011,2016
399,100,63,0.4444,0.5769,4.6788,0.4144,0.4127,0.4262,61,0.3774,53,0.3774,53,FLEX,5,0,499,504
449,113,63,0.4286,0.5263,0.7323,0.2694,0.6032,1.0,2,1.0,2,1.0,1,FLEX,5,1,562,567
500,125,63,0.4603,0.5,0.7375,0.2717,0.5397,,0,,0,,0,FLEX,5,2,625,630
550,138,63,0.6349,0.5078,0.6799,0.2434,0.6508,0.6552,58,,0,,0,FLEX,5,3,688,693
600,151,63,0.4921,0.4839,0.7238,0.265,0.4921,0.4921,63,0.4839,62,0.4839,62,FLEX,5,4,751,756
651,163,63,0.5079,0.5917,0.7056,0.2575,0.5079,0.5079,63,0.5079,63,0.5079,63,FLEX,5,5,814,819
701,176,63,0.619,0.5837,0.6803,0.2436,0.5397,0.5893,56,,0,,0,FLEX,5,6,877,882
752,188,63,0.4286,0.4687,0.7755,0.2877,0.4762,0.4286,42,0.4286,42,0.4667,30,FLEX,5,7,940,945
802,201,63,0.3968,0.3861,0.7874,0.2852,0.5079,0.4464,56,0.4,25,0.6667,12,FLEX,5,8,1003,1008
852,214,63,0.5873,0.5135,0.6733,0.2416,0.5873,0.5873,63,1.0,1,1.0,1,FLEX,5,9,1066,1071
903,226,63,0.5873,0.6019,0.6711,0.2393,0.5397,0.5741,54,0.8333,6,0.8333,6,FLEX,5,10,1129,1134
953,239,63,0.3016,0.5413,9.7178,0.643,0.6984,,0,,0,,0,FLEX,5,11,1192,1197
1004,251,63,0.4603,0.5114,0.7128,0.2598,0.4127,0.4286,56,0.4182,55,,0,FLEX,5,12,1255,1260
1054,264,63,0.2857,0.6931,0.8442,0.3175,0.7778,1.0,4,1.0,4,1.0,3,FLEX,5,13,1318,1323
1104,277,63,0.4127,0.7193,0.6913,0.2519,0.4127,0.4127,63,0.4194,62,1.0,11,FLEX,5,14,1381,1386
1155,289,63,0.5873,0.5405,0.7063,0.2521,0.5873,0.5873,63,0.6522,23,0.6522,23,FLEX,5,15,1444,1449
1205,302,63,0.5714,0.6289,0.682,0.2444,0.5873,0.5806,62,,0,,0,FLEX,5,16,1507,1512
1256,314,63,0.4286,0.5999,0.6606,0.2356,0.4603,0.4426,61,0.6875,16,0.75,12,FLEX,5,17,1570,1575
1306,327,63,0.5238,0.592,0.603,0.21,0.7143,0.8947,19,0.8947,19,0.8947,19,FLEX,5,18,1633,1638
1356,340,63,0.4127,0.4303,0.7218,0.264,0.5238,0.4091,22,0.4,15,0.4,15,FLEX,5,19,1696,1701
1407,352,63,0.5714,0.5933,0.8749,0.3096,0.4603,0.5185,54,0.5185,54,0.5185,54,FLEX,5,20,1759,1764
1457,365,63,0.4603,0.5029,0.6844,0.2463,0.7778,0.7586,29,0.7586,29,0.7586,29,FLEX,5,21,1822,1827
1508,377,63,0.6349,0.4878,0.6704,0.2387,0.6508,0.6452,62,0.6452,62,,0,FLEX,5,22,1885,1890
1558,390,63,0.5079,0.873,0.6572,0.2332,0.5079,0.5079,63,0.5079,63,0.7317,41,FLEX,5,23,1948,1953
1608,403,63,0.7302,0.477,0.6385,0.2231,0.7302,0.7302,63,0.7,20,0.7059,17,FLEX,5,24,2011,2016
399,100,63,0.3175,0.7506,5.1202,0.4946,0.3175,0.3175,63,0.3333,60,0.3333,60,JBL,5,0,499,504
449,113,63,0.5238,0.5957,3.9462,0.3714,0.6349,0.7273,22,0.7143,7,0.7143,7,JBL,5,1,562,567
500,125,63,0.5238,0.4234,0.6982,0.2525,0.4603,0.4286,7,,0,,0,JBL,5,2,625,630
550,138,63,0.6984,0.4681,1.4057,0.2789,0.746,0.7333,60,,0,,0,JBL,5,3,688,693
600,151,63,0.619,0.5796,0.6557,0.2317,0.619,0.619,63,0.7647,17,0.7647,17,JBL,5,4,751,756
651,163,63,0.6349,0.5272,1.1225,0.2478,0.6349,0.6349,63,0.6349,63,0.6944,36,JBL,5,5,814,819
701,176,63,0.4762,0.4541,0.7872,0.2931,0.5556,0.5172,58,0.5172,58,0.5172,58,JBL,5,6,877,882
752,188,63,0.5397,0.5973,4.5688,0.3668,0.5079,0.5254,59,0.5636,55,0.5636,55,JBL,5,7,940,945
802,201,63,0.5079,0.5607,0.7102,0.2585,0.4286,0.463,54,0.463,54,0.463,54,JBL,5,8,1003,1008
852,214,63,0.5873,0.5681,0.6347,0.2301,0.5873,0.617,47,0.6667,9,1.0,1,JBL,5,9,1066,1071
903,226,63,0.619,0.6587,0.6519,0.23,0.5556,0.7037,27,0.72,25,0.72,25,JBL,5,10,1129,1134
953,239,63,0.4127,0.4647,0.7068,0.2563,0.619,0.5714,14,0.5714,14,,0,JBL,5,11,1192,1197
1004,251,63,0.5714,0.6658,0.7005,0.2533,0.5079,0.6316,19,,0,,0,JBL,5,12,1255,1260
1054,264,63,0.5556,0.6675,2.0697,0.2881,0.7302,0.8462,26,0.95,20,0.95,20,JBL,5,13,1318,1323
1104,277,63,0.4603,0.4677,0.752,0.2776,0.4921,0.4571,35,0.5,24,0.5,24,JBL,5,14,1381,1386
1155,289,63,0.254,0.2429,0.7858,0.2958,0.5556,0.3,30,0.3,30,0.3,30,JBL,5,15,1444,1449
1205,302,63,0.4921,0.3977,1.2809,0.3087,0.4921,0.4921,63,0.4324,37,0.4118,34,JBL,5,16,1507,1512
1256,314,63,0.4127,0.5405,0.8534,0.3176,0.4127,0.4127,63,0.45,40,0.4375,32,JBL,5,17,1570,1575
1306,327,63,0.7302,0.6439,0.6093,0.2148,0.7302,0.7302,63,0.8065,31,1.0,6,JBL,5,18,1633,1638
1356,340,63,0.6667,0.5119,0.6882,0.2476,0.6667,0.6667,63,1.0,1,1.0,1,JBL,5,19,1696,1701
1407,352,63,0.5238,0.5909,1.7943,0.2695,0.5238,0.5238,63,0.7059,17,0.7059,17,JBL,5,20,1759,1764
1457,365,63,0.7143,0.4617,0.6713,0.2391,0.7143,0.7143,63,,0,,0,JBL,5,21,1822,1827
1508,377,63,0.4921,0.5161,0.7035,0.2566,0.4921,0.4921,63,0.4921,63,1.0,1,JBL,5,22,1885,1890
1558,390,63,0.5714,0.5936,0.6719,0.2395,0.5714,0.5714,63,0.65,40,,0,JBL,5,23,1948,1953
1608,403,63,0.746,0.6535,0.585,0.1974,0.6825,0.7455,55,0.7455,55,0.7455,55,JBL,5,24,2011,2016
399,100,63,0.5397,0.6734,0.9445,0.2677,0.5079,0.6667,9,0.625,8,0.625,8,GFS,5,0,499,504
449,113,63,0.4921,0.4621,1.2819,0.4288,0.4127,0.4444,54,0.381,42,0.381,42,GFS,5,1,562,567
500,125,63,0.5873,0.5904,0.6791,0.243,0.5238,0.5814,43,0.5854,41,,0,GFS,5,2,625,630
550,138,63,0.5238,0.5348,0.7081,0.2572,0.4762,0.5,46,0.5,46,0.5,46,GFS,5,3,688,693
600,151,63,0.4444,0.5687,0.6794,0.2435,0.3492,0.3818,55,0.4444,9,,0,GFS,5,4,751,756
651,163,63,0.5397,0.6028,0.6861,0.2465,0.4921,0.5333,30,,0,,0,GFS,5,5,814,819
701,176,63,0.4444,0.4686,0.7382,0.2718,0.5397,0.48,25,,0,,0,GFS,5,6,877,882
752,188,63,0.4762,0.5653,1.1587,0.2724,0.5556,0.5625,16,,0,,0,GFS,5,7,940,945
802,201,63,0.4444,0.4808,0.7193,0.2629,0.5238,0.0,2,0.0,2,0.0,2,GFS,5,8,1003,1008
399,100,63,0.4762,0.4131,0.7805,0.2877,0.4762,0.4762,63,0.35,20,0.35,20,NEE,5,0,499,504
449,113,63,0.6667,0.5176,1.0879,0.2375,0.6667,0.6667,63,0.6667,63,0.6818,22,NEE,5,1,562,567
500,125,63,0.4921,0.4395,1.0484,0.2925,0.4921,0.4921,63,0.4651,43,0.25,8,NEE,5,2,625,630
550,138,63,0.5873,0.5135,0.6694,0.2397,0.5873,0.5873,63,0.5873,63,1.0,1,NEE,5,3,688,693
600,151,63,0.4603,0.4356,0.7294,0.2678,0.4603,0.4603,63,0.4603,63,0.4074,27,NEE,5,4,751,756
651,163,63,0.5238,0.5208,0.7034,0.2533,0.619,0.6286,35,0.6176,34,0.6176,34,NEE,5,5,814,819
701,176,63,0.5238,0.5779,0.7179,0.2603,0.6032,0.6818,22,1.0,2,1.0,2,NEE,5,6,877,882
752,188,63,0.4921,0.4341,0.782,0.2853,0.5397,0.5192,52,0.5366,41,0.3636,11,NEE,5,7,940,945
802,201,63,0.3651,0.3942,0.981,0.2846,0.4921,0.4082,49,0.3958,48,,0,NEE,5,8,1003,1008
852,214,63,0.7143,0.5438,0.6235,0.2156,0.7143,0.7143,63,0.7213,61,0.7333,60,NEE,5,9,1066,1071
903,226,63,0.2857,0.3284,0.8289,0.3135,0.3968,0.3,50,0.3,50,,0,NEE,5,10,1129,1134
953,239,63,0.6349,0.6172,0.6718,0.2394,0.5238,0.619,42,0.5667,30,0.6154,26,NEE,5,11,1192,1197
1004,251,63,0.5397,0.5112,0.7065,0.2562,0.5397,0.5397,63,0.5484,62,0.5484,62,NEE,5,12,1255,1260
1054,264,63,0.4286,0.6106,0.7787,0.2907,0.4286,0.4286,63,0.4286,63,0.4286,63,NEE,5,13,1318,1323
1104,277,63,0.4762,0.5329,0.7683,0.2868,0.4286,0.44,50,0.44,50,0.44,50,NEE,5,14,1381,1386
1155,289,63,0.6032,0.7137,0.6466,0.2277,0.6032,1.0,13,1.0,13,1.0,4,NEE,5,15,1444,1449
1205,302,63,0.3651,0.3363,0.7695,0.2876,0.7302,0.6,30,,0,,0,NEE,5,16,1507,1512
1256,314,63,0.4444,0.527,0.7023,0.2546,0.5873,1.0,2,,0,,0,NEE,5,17,1570,1575
1306,327,63,0.6984,0.6816,0.6784,0.2414,0.6032,0.7436,39,,0,,0,NEE,5,18,1633,1638
1356,340,63,0.3651,0.4908,0.7635,0.2847,0.3651,0.3651,63,0.3651,63,,0,NEE,5,19,1696,1701
1407,352,63,0.4603,0.5472,0.761,0.2844,0.4603,0.4603,63,0.4603,63,0.4603,63,NEE,5,20,1759,1764
1457,365,63,0.6349,0.6856,0.6401,0.2242,0.5873,0.8182,22,0.8824,17,0.8824,17,NEE,5,21,1822,1827
1508,377,63,0.5556,0.5093,0.6956,0.2512,0.5714,0.5769,52,,0,,0,NEE,5,22,1885,1890
1558,390,63,0.5556,0.5898,0.7083,0.2575,0.6508,0.7241,29,,0,,0,NEE,5,23,1948,1953
1608,403,63,0.4286,0.4769,4.0672,0.4125,0.5714,,0,,0,,0,NEE,5,24,2011,2016
399,100,63,0.4444,0.5796,4.0094,0.3961,0.4444,0.4444,63,0.4407,59,0.4407,59,D,5,0,499,504
449,113,63,0.5714,0.6623,0.9549,0.2586,0.5397,0.5593,59,0.6765,34,0.6765,34,D,5,1,562,567
500,125,63,0.4444,0.4773,1.0451,0.384,0.4762,0.451,51,0.46,50,0.46,50,D,5,2,625,630
550,138,63,0.4603,0.5427,0.9273,0.2592,0.4286,0.434,53,0.5385,13,0.5833,12,D,5,3,688,693
600,151,63,0.4921,0.5758,0.8602,0.2366,0.6032,0.6364,22,0.619,21,0.625,8,D,5,4,751,756
651,163,63,0.4286,0.66,1.385,0.2731,0.4286,0.4286,63,0.5,8,0.5,8,D,5,5,814,819
701,176,63,0.5238,0.4263,0.6786,0.2442,0.3968,0.0,5,,0,,0,D,5,6,877,882
752,188,63,0.381,0.4228,0.715,0.2608,0.5714,0.44,25,0.44,25,,0,D,5,7,940,945
802,201,63,0.5556,0.6794,0.6762,0.2437,0.4921,1.0,3,,0,,0,D,5,8,1003,1008
852,214,63,0.5079,0.5424,0.6851,0.2465,0.4762,0.4909,55,,0,,0,D,5,9,1066,1071
903,226,63,0.6032,0.5384,0.6787,0.2433,0.3968,,0,,0,,0,D,5,10,1129,1134
953,239,63,0.5079,0.5746,0.7042,0.2551,0.5079,0.5079,63,0.5556,36,0.5556,36,D,5,11,1192,1197
1004,251,63,0.3492,0.6136,6.1111,0.4744,0.3492,0.3492,63,0.3922,51,0.3922,51,D,5,12,1255,1260
1054,264,63,0.5714,0.5185,0.695,0.2507,0.3651,0.4,20,0.4,20,0.4,20,D,5,13,1318,1323
1104,277,63,0.5238,0.4847,1.8952,0.3059,0.3968,0.1429,7,0.1429,7,0.1429,7,D,5,14,1381,1386
1155,289,63,0.4603,0.5416,0.7681,0.2849,0.5397,0.5,6,,0,,0,D,5,15,1444,1449
1205,302,63,0.254,0.494,2.6521,0.3552,0.746,,0,,0,,0,D,5,16,1507,1512
1256,314,63,0.4921,0.5662,0.714,0.2601,0.5238,1.0,1,1.0,1,,0,D,5,17,1570,1575
1306,327,63,0.4444,0.576,1.8606,0.2958,0.5556,0.5,4,0.5,4,,0,D,5,18,1633,1638
1356,340,63,0.4603,0.6552,0.6952,0.2511,0.4603,0.4603,63,0.6,35,0.6667,9,D,5,19,1696,1701
1407,352,63,0.5714,0.6286,0.674,0.2406,0.5714,0.5714,63,0.6,15,0.6667,3,D,5,20,1759,1764
1457,365,63,0.4921,0.5314,0.6566,0.2325,0.6825,0.6897,29,0.8182,11,0.8182,11,D,5,21,1822,1827
1508,377,63,0.6349,0.7078,0.6943,0.2456,0.4286,0.5714,28,0.5714,28,0.6111,18,D,5,22,1885,1890
1558,390,63,0.5556,0.4923,1.4823,0.2983,0.5556,0.5556,63,0.5385,52,0.5625,48,D,5,23,1948,1953
1608,403,63,0.4444,0.5212,0.7086,0.2576,0.5079,0.4667,45,0.5,40,0.5152,33,D,5,24,2011,2016
399,100,63,0.5079,0.4984,1.4918,0.2909,0.5873,0.5882,34,0.6333,30,0.6207,29,CHTR,5,0,499,504
449,113,63,0.6508,0.5244,0.6533,0.2308,0.6508,0.6508,63,0.6508,63,1.0,2,CHTR,5,1,562,567
500,125,63,0.6032,0.6763,0.6265,0.218,0.6032,0.6032,63,0.8077,26,0.8077,26,CHTR,5,2,625,630
550,138,63,0.5714,0.5238,0.8245,0.2748,0.5397,0.5854,41,0.5854,41,0.5882,34,CHTR,5,3,688,693
600,151,63,0.6984,0.6597,0.6157,0.2126,0.6984,0.6984,63,0.6984,63,1.0,8,CHTR,5,4,751,756
651,163,63,0.7302,0.5502,0.6012,0.205,0.6984,0.7213,61,0.7213,61,0.7213,61,CHTR,5,5,814,819
701,176,63,0.4762,0.404,2.6794,0.3657,0.4762,0.4762,63,0.4762,63,0.4918,61,CHTR,5,6,877,882
752,188,63,0.4286,0.5874,4.5086,0.4317,0.4286,0.4286,63,0.4286,63,0.4286,63,CHTR,5,7,940,945
802,201,63,0.3333,0.5,0.7387,0.2727,0.3333,0.3333,63,0.3333,63,,0,CHTR,5,8,1003,1008
852,214,63,0.3968,0.5342,0.7114,0.259,0.6032,,0,,0,,0,CHTR,5,9,1066,1071
903,226,63,0.5714,0.3575,0.8761,0.2906,0.4286,,0,,0,,0,CHTR,5,10,1129,1134
953,239,63,0.3333,0.6094,2.3857,0.3399,0.6667,,0,,0,,0,CHTR,5,11,1192,1197
1004,251,63,0.5873,0.6314,0.8003,0.2796,0.3492,0.4524,42,0.4524,42,0.3,10,CHTR,5,12,1255,1260
1054,264,63,0.3016,0.6655,3.2822,0.3594,0.6667,0.25,4,0.25,4,0.3333,3,CHTR,5,13,1318,1323
1104,277,63,0.4921,0.5101,0.7562,0.2795,0.4762,0.4583,24,0.4348,23,,0,CHTR,5,14,1381,1386
1155,289,63,0.4762,0.6152,0.6755,0.2458,0.4286,0.45,60,0.4464,56,1.0,5,CHTR,5,15,1444,1449
1205,302,63,0.3651,0.4413,2.3516,0.3781,0.3651,0.3651,63,0.3478,23,0.3478,23,CHTR,5,16,1507,1512
1256,314,63,0.3175,0.3295,0.712,0.2593,0.5873,0.125,8,0.0,3,0.0,3,CHTR,5,17,1570,1575
1306,327,63,0.4603,0.4498,1.181,0.2757,0.4603,0.4603,63,0.0,2,0.0,2,CHTR,5,18,1633,1638
1356,340,63,0.4762,0.3258,0.701,0.2539,0.4762,0.4762,63,,0,,0,CHTR,5,19,1696,1701
1407,352,63,0.3492,0.6175,0.6994,0.2531,0.6508,,0,,0,,0,CHTR,5,20,1759,1764
1457,365,63,0.5238,0.4439,0.6922,0.2495,0.381,0.125,8,,0,,0,CHTR,5,21,1822,1827
1508,377,63,0.3016,0.2539,2.8792,0.3609,0.3492,0.1333,30,0.0,9,0.0,9,CHTR,5,22,1885,1890
1558,390,63,0.5079,0.5166,0.6884,0.2477,0.5079,0.6,5,1.0,2,,0,CHTR,5,23,1948,1953
1608,403,63,0.6508,0.4895,0.6771,0.2419,0.3492,,0,,0,,0,CHTR,5,24,2011,2016
399,100,63,0.5873,0.449,0.6845,0.2457,0.6667,0.6379,58,0.6182,55,0.6512,43,BIO,5,0,499,504
449,113,63,0.6825,0.2924,0.6807,0.2434,0.6825,0.6825,63,0.6552,58,0.4211,19,BIO,5,1,562,567
500,125,63,0.5714,0.5103,0.7241,0.261,0.5714,0.5714,63,0.5714,63,0.5714,63,BIO,5,2,625,630
550,138,63,0.5079,0.5,0.7368,0.2707,0.5079,0.5079,63,0.5079,63,0.5079,63,BIO,5,3,688,693
600,151,63,0.4444,0.4262,1.7176,0.3226,0.5873,0.5227,44,0.5116,43,,0,BIO,5,4,751,756
651,163,63,0.6984,0.3577,0.683,0.245,0.6984,0.6984,63,0.5946,37,0.5946,37,BIO,5,5,814,819
701,176,63,0.5556,0.5,0.6902,0.2485,0.5556,0.5556,63,0.5556,63,,0,BIO,5,6,877,882
752,188,63,0.4286,0.527,0.7456,0.277,0.4127,0.4194,62,0.4262,61,0.4262,61,BIO,5,7,940,945
802,201,63,0.4127,0.5036,1.6506,0.2968,0.4127,0.4127,63,0.4127,63,0.4286,7,BIO,5,8,1003,1008
852,214,63,0.5714,0.4954,0.9187,0.2552,0.5714,0.5714,63,0.5,2,0.5,2,BIO,5,9,1066,1071
903,226,63,0.6349,0.525,0.6431,0.2267,0.3175,0.3333,9,,0,,0,BIO,5,10,1129,1134
953,239,63,0.2698,0.5106,0.7598,0.2832,0.746,1.0,1,1.0,1,,0,BIO,5,11,1192,1197
1004,251,63,0.4762,0.476,1.1908,0.281,0.4444,0.4419,43,0.4483,29,0.5,6,BIO,5,12,1255,1260
1054,264,63,0.4762,0.4939,0.7157,0.2608,0.4603,0.463,54,0.4762,42,0.2857,7,BIO,5,13,1318,1323
1104,277,63,0.6667,0.7019,0.5993,0.2051,0.2857,0.4348,23,,0,,0,BIO,5,14,1381,1386
1155,289,63,0.6032,0.6,1.1523,0.2629,0.6032,0.7097,31,,0,,0,BIO,5,15,1444,1449
1205,302,63,0.5556,0.6096,0.9276,0.2612,0.4286,0.4762,21,0.4762,21,0.4444,9,BIO,5,16,1507,1512
1256,314,63,0.4444,0.4332,1.0608,0.3138,0.5556,0.5,38,0.5,38,,0,BIO,5,17,1570,1575
1306,327,63,0.5714,0.6015,3.4825,0.3483,0.5556,0.8333,12,1.0,5,,0,BIO,5,18,1633,1638
1356,340,63,0.5556,0.5993,0.7546,0.26,0.4921,0.5385,39,0.5385,39,0.5882,17,BIO,5,19,1696,1701
1407,352,63,0.3651,0.5499,6.6744,0.5184,0.3492,0.3548,62,0.375,48,0.375,48,BIO,5,20,1759,1764
1457,365,63,0.6667,0.7195,0.6674,0.2372,0.6032,0.7576,33,,0,,0,BIO,5,21,1822,1827
1508,377,63,0.5556,0.5172,0.6858,0.2463,0.5397,0.5484,62,,0,,0,BIO,5,22,1885,1890
1558,390,63,0.5238,0.6273,0.672,0.2395,0.4127,0.46,50,0.7143,7,,0,BIO,5,23,1948,1953
1608,403,63,0.5238,0.5318,0.6938,0.2503,0.4921,0.5714,7,0.5,6,,0,BIO,5,24,2011,2016
399,100,63,0.5556,0.6829,0.7323,0.269,0.3492,0.4375,48,0.4375,48,0.4468,47,HOOD,5,0,499,504
449,113,63,0.4444,0.6675,0.739,0.2741,0.6984,1.0,9,1.0,9,1.0,2,HOOD,5,1,562,567
500,125,63,0.3016,0.5132,7.8775,0.5851,0.6984,,0,,0,,0,HOOD,5,2,625,630
550,138,63,0.5556,0.4321,0.7051,0.2555,0.5556,0.5556,63,0.5556,63,0.5179,56,HOOD,5,3,688,693
600,151,63,0.7619,0.4521,0.6069,0.2078,0.7619,0.7619,63,0.7619,63,0.7544,57,HOOD,5,4,751,756
651,163,63,0.6032,0.5,0.6724,0.2397,0.6032,0.6032,63,0.6032,63,0.6032,63,HOOD,5,5,814,819
701,176,63,0.6667,0.5215,0.6432,0.225,0.6667,0.6667,63,0.6667,63,0.6667,63,HOOD,5,6,877,882
752,188,63,0.6508,0.5344,0.6413,0.2247,0.6508,0.6508,63,0.6508,63,0.6508,63,HOOD,5,7,940,945
802,201,63,0.4286,0.3966,0.7728,0.2881,0.5714,0.5,28,0.5,28,0.4815,27,HOOD,5,8,1003,1008
852,214,63,0.381,0.4744,0.7693,0.2875,0.381,0.381,63,0.35,60,0.4,20,HOOD,5,9,1066,1071
399,100,63,0.7143,0.8158,0.6676,0.2374,0.5556,0.9474,19,,0,,0,PINS,5,0,499,504
449,113,63,0.5238,0.5704,1.6504,0.2893,0.4444,0.4643,28,0.4815,27,0.4815,27,PINS,5,1,562,567
500,125,63,0.4921,0.5377,0.7926,0.2963,0.2698,0.2727,33,0.2727,33,0.2727,33,PINS,5,2,625,630
550,138,63,0.5873,0.5239,0.6781,0.2425,0.4127,,0,,0,,0,PINS,5,3,688,693
600,151,63,0.5397,0.5183,0.7354,0.2694,0.5397,0.6316,19,0.6316,19,0.6316,19,PINS,5,4,751,756
651,163,63,0.5873,0.548,0.7116,0.2561,0.5556,0.6216,37,0.6216,37,0.6216,37,PINS,5,5,814,819
701,176,63,0.6825,0.6692,0.6471,0.2276,0.4762,0.6667,30,0.6429,28,,0,PINS,5,6,877,882
752,188,63,0.4762,0.3976,0.7269,0.2696,0.5714,0.5283,53,0.4583,24,0.5,22,PINS,5,7,940,945
802,201,63,0.3651,0.5896,0.9211,0.256,0.6667,1.0,2,1.0,2,1.0,2,PINS,5,8,1003,1008
852,214,63,0.6349,0.537,0.6621,0.235,0.6349,0.6349,63,0.7273,11,0.7273,11,PINS,5,9,1066,1071
903,226,63,0.6508,0.5732,0.6228,0.2204,0.6508,0.6508,63,0.6508,63,1.0,5,PINS,5,10,1129,1134
953,239,63,0.4286,0.381,2.7037,0.3747,0.5079,0.463,54,0.463,54,0.463,54,PINS,5,11,1192,1197
1004,251,63,0.381,0.3704,0.7665,0.2857,0.4286,0.2857,28,0.2857,28,0.2857,28,PINS,5,12,1255,1260
1054,264,63,0.5714,0.5139,0.6901,0.2483,0.4286,0.5,6,0.5,2,0.5,2,PINS,5,13,1318,1323
1104,277,63,0.381,0.3903,1.4064,0.2813,0.5873,0.4688,32,0.4688,32,0.625,8,PINS,5,14,1381,1386
1155,289,63,0.3968,0.5,0.6931,0.25,0.3968,0.3968,63,,0,,0,PINS,5,15,1444,1449
1205,302,63,0.3968,0.5395,0.6759,0.2416,0.7143,0.6667,21,0.6667,21,,0,PINS,5,16,1507,1512
1256,314,63,0.4286,0.6835,0.6848,0.2491,0.3492,0.3793,58,0.4634,41,0.5,2,PINS,5,17,1570,1575
1306,327,63,0.3175,0.433,1.0304,0.3098,0.4127,0.3455,55,0.3455,55,0.4444,18,PINS,5,18,1633,1638
1356,340,63,0.7143,0.6902,0.6631,0.234,0.4603,0.7619,21,0.7619,21,0.7619,21,PINS,5,19,1696,1701
399,100,63,0.5079,0.5033,4.1013,0.4079,0.6349,0.6364,33,0.6364,33,0.6364,33,MDB,5,0,499,504
449,113,63,0.7143,0.7673,2.4544,0.2747,0.6984,0.8421,38,0.8421,38,0.8611,36,MDB,5,1,562,567
500,125,63,0.6349,0.6658,0.6651,0.2343,0.5873,0.6167,60,0.6167,60,0.6167,60,MDB,5,2,625,630
550,138,63,0.6667,0.5765,0.6309,0.224,0.746,0.7708,48,0.75,36,0.75,36,MDB,5,3,688,693
600,151,63,0.4127,0.4262,0.9521,0.3459,0.4127,0.4127,63,0.4127,63,0.4127,63,MDB,5,4,751,756
651,163,63,0.746,0.7094,0.5523,0.1891,0.619,0.7091,55,0.7091,55,1.0,5,MDB,5,5,814,819
701,176,63,0.6825,0.6058,0.6322,0.2201,0.6825,0.6825,63,0.6825,63,0.7857,28,MDB,5,6,877,882
752,188,63,0.4444,0.5247,2.0135,0.345,0.4286,0.4259,54,0.4259,54,0.4595,37,MDB,5,7,940,945
802,201,63,0.4603,0.3595,2.0152,0.3527,0.4603,0.4603,63,0.4603,63,0.1429,14,MDB,5,8,1003,1008
852,214,63,0.5079,0.5,1.376,0.2755,0.5079,0.5079,63,0.48,50,0.5217,23,MDB,5,9,1066,1071
903,226,63,0.4603,0.535,2.1501,0.3117,0.4286,0.3939,33,0.48,25,0.48,25,MDB,5,10,1129,1134
953,239,63,0.6349,0.5988,0.6908,0.2486,0.5714,0.6667,39,,0,,0,MDB,5,11,1192,1197
1004,251,63,0.5079,0.4869,0.7003,0.2549,0.4921,0.5,34,0.4091,22,0.6,5,MDB,5,12,1255,1260
1054,264,63,0.4603,0.6893,0.7013,0.254,0.6667,0.9,10,1.0,3,1.0,3,MDB,5,13,1318,1323
1104,277,63,0.4286,0.5,0.7055,0.2562,0.4286,0.4286,63,,0,,0,MDB,5,14,1381,1386
1155,289,63,0.3175,0.6089,1.5231,0.3279,0.6984,1.0,1,,0,,0,MDB,5,15,1444,1449
1205,302,63,0.4286,0.6116,0.7012,0.2549,0.3175,0.3462,52,0.3409,44,0.625,8,MDB,5,16,1507,1512
1256,314,63,0.3651,0.5283,2.6463,0.354,0.3651,0.3651,63,0.3651,63,0.4091,22,MDB,5,17,1570,1575
1306,327,63,0.4921,0.5645,0.6905,0.2488,0.4921,0.4921,63,1.0,4,1.0,4,MDB,5,18,1633,1638
1356,340,63,0.4603,0.5211,0.6956,0.2512,0.5714,1.0,2,1.0,2,1.0,2,MDB,5,19,1696,1701
1407,352,63,0.5238,0.5684,4.4479,0.3985,0.3968,0.4419,43,0.4419,43,0.4419,43,MDB,5,20,1759,1764
1457,365,63,0.4762,0.5293,0.7018,0.2543,0.5238,,0,,0,,0,MDB,5,21,1822,1827
1508,377,63,0.4127,0.7488,0.7111,0.2594,0.6984,1.0,7,,0,,0,MDB,5,22,1885,1890
1558,390,63,0.5238,0.5566,5.0311,0.3814,0.4762,0.5,2,,0,,0,MDB,5,23,1948,1953
1608,403,63,0.6032,0.5606,0.677,0.2421,0.4762,0.8571,7,0.8571,7,0.8571,7,MDB,5,24,2011,2016
399,100,63,0.6984,0.6645,0.8397,0.2169,0.619,0.7273,44,0.7273,44,0.7273,44,RKLB,5,0,499,504
449,113,63,0.6032,0.6137,0.8967,0.2432,0.3968,,0,,0,,0,RKLB,5,1,562,567
500,125,63,0.6032,0.5199,1.3106,0.2963,0.5556,0.619,42,0.625,40,0.625,40,RKLB,5,2,625,630
550,138,63,0.5079,0.5497,3.8454,0.4017,0.619,0.6176,34,1.0,2,1.0,1,RKLB,5,3,688,693
600,151,63,0.2857,0.5111,0.7267,0.2667,0.7143,,0,,0,,0,RKLB,5,4,751,756
651,163,63,0.3492,0.4612,0.8007,0.3024,0.3492,0.3492,63,0.3492,63,0.3492,63,RKLB,5,5,814,819
701,176,63,0.4603,0.4325,0.6865,0.2467,0.6667,0.6176,34,0.6176,34,0.5,6,RKLB,5,6,877,882
752,188,63,0.4921,0.3065,0.7118,0.2592,0.4921,0.4921,63,0.4921,63,,0,RKLB,5,7,940,945
802,201,63,0.4762,0.5,0.6934,0.2501,0.4762,0.4762,63,,0,,0,RKLB,5,8,1003,1008
852,214,63,0.619,0.6167,0.6855,0.2462,0.4762,0.5833,36,0.5625,16,,0,RKLB,5,9,1066,1071
399,100,63,0.6032,0.5546,0.6523,0.2342,0.5556,0.5862,58,0.6667,9,0.6667,9,STLA,5,0,499,504
449,113,63,0.5556,0.5071,0.6918,0.249,0.5556,0.5593,59,0.5593,59,,0,STLA,5,1,562,567
500,125,63,0.619,0.5811,0.8835,0.2393,0.6032,0.6167,60,0.6207,58,0.6667,30,STLA,5,2,625,630
550,138,63,0.3968,0.5112,8.9223,0.5791,0.619,0.6667,3,1.0,1,,0,STLA,5,3,688,693
600,151,63,0.3651,0.34,0.7567,0.2808,0.4286,0.3243,37,0.3243,37,,0,STLA,5,4,751,756
651,163,63,0.3651,0.4473,1.4781,0.3159,0.3651,0.3651,63,0.3651,63,0.2,10,STLA,5,5,814,819
701,176,63,0.3492,0.5,0.7031,0.255,0.3492,0.3492,63,,0,,0,STLA,5,6,877,882
752,188,63,0.5079,0.5,0.7085,0.2575,0.4921,,0,,0,,0,STLA,5,7,940,945
802,201,63,0.5556,0.5,0.6873,0.2471,0.4444,,0,,0,,0,STLA,5,8,1003,1008
852,214,63,0.5079,0.5685,0.6976,0.2517,0.5079,0.5556,9,0.5556,9,0.6,5,STLA,5,9,1066,1071
903,226,63,0.3016,0.3066,0.7885,0.2968,0.5238,0.2381,21,0.1333,15,0.1333,15,STLA,5,10,1129,1134
953,239,63,0.5714,0.5386,0.7108,0.2575,0.4286,0.5,10,0.5,10,0.5,10,STLA,5,11,1192,1197
1004,251,63,0.4921,0.5264,0.6908,0.2489,0.5397,0.75,4,0.75,4,1.0,1,STLA,5,12,1255,1260
399,100,63,0.5714,0.6379,0.6442,0.2375,0.5714,0.5714,63,0.5714,63,0.5806,62,FIG,5,0,499,504
449,113,63,0.6667,0.712,0.672,0.2393,0.3651,0.5333,30,0.5333,30,0.7143,14,FIG,5,1,562,567
500,125,63,0.3968,0.4042,0.7753,0.2911,0.6032,0.5,8,0.5,8,,0,FIG,5,2,625,630
550,138,63,0.6032,0.6005,1.8588,0.2866,0.5238,0.6333,30,0.6842,19,0.6842,19,FIG,5,3,688,693
600,151,63,0.4127,0.379,0.8408,0.3193,0.2857,0.2564,39,0.2564,39,0.2564,39,FIG,5,4,751,756
651,163,63,0.4603,0.5,0.6945,0.2507,0.4603,0.4603,63,,0,,0,FIG,5,5,814,819
399,100,63,0.3968,0.4429,0.7254,0.2655,0.4444,0.4138,58,,0,,0,AMC,5,0,499,504
449,113,63,0.5079,0.6119,0.9048,0.2563,0.4921,,0,,0,,0,AMC,5,1,562,567
500,125,63,0.619,0.5144,0.9357,0.2641,0.381,,0,,0,,0,AMC,5,2,625,630
550,138,63,0.5397,0.5989,0.9255,0.258,0.5397,0.5581,43,1.0,8,1.0,1,AMC,5,3,688,693
600,151,63,0.4762,0.4909,0.7045,0.2556,0.5238,0.5,12,,0,,0,AMC,5,4,751,756
651,163,63,0.4762,0.5429,0.8794,0.3006,0.5238,,0,,0,,0,AMC,5,5,814,819
701,176,63,0.5556,0.5,0.6887,0.2478,0.5556,0.5556,63,,0,,0,AMC,5,6,877,882
752,188,63,0.2698,0.4719,0.7084,0.2576,0.2698,0.2698,63,0.2,10,,0,AMC,5,7,940,945
802,201,63,0.4286,0.5239,0.6985,0.2527,0.3651,0.3774,53,,0,,0,AMC,5,8,1003,1008
852,214,63,0.6349,0.6175,1.858,0.27,0.5873,0.6591,44,0.6591,44,0.6512,43,AMC,5,9,1066,1071
903,226,63,0.5873,0.5689,0.6339,0.2273,0.381,0.4167,12,0.4167,12,,0,AMC,5,10,1129,1134
953,239,63,0.5397,0.6359,0.9288,0.2685,0.4603,,0,,0,,0,AMC,5,11,1192,1197
1004,251,63,0.4444,0.5015,0.8266,0.3073,0.5556,,0,,0,,0,AMC,5,12,1255,1260
1054,264,63,0.5397,0.7633,0.8642,0.235,0.4444,0.0,1,0.0,1,0.0,1,AMC,5,13,1318,1323
1104,277,63,0.6032,0.6505,5.27,0.3839,0.4444,0.5306,49,0.5306,49,0.5306,49,AMC,5,14,1381,1386
1155,289,63,0.2222,0.5,0.8762,0.3392,0.2222,0.2222,63,0.2222,63,0.2222,63,AMC,5,15,1444,1449
1205,302,63,0.5873,0.5,0.6875,0.2472,0.4127,,0,,0,,0,AMC,5,16,1507,1512
1256,314,63,0.5397,0.5233,0.6898,0.2482,0.4603,,0,,0,,0,AMC,5,17,1570,1575
1306,327,63,0.619,0.4931,0.6782,0.2418,0.381,,0,,0,,0,AMC,5,18,1633,1638
1356,340,63,0.7143,0.3111,0.6694,0.2356,0.2857,,0,,0,,0,AMC,5,19,1696,1701
1407,352,63,0.6349,0.5527,0.6539,0.2304,0.3651,,0,,0,,0,AMC,5,20,1759,1764
1457,365,63,0.5079,0.5292,0.7221,0.2638,0.4921,,0,,0,,0,AMC,5,21,1822,1827
1508,377,63,0.6825,0.7291,1.0248,0.2063,0.3175,,0,,0,,0,AMC,5,22,1885,1890
1558,390,63,0.4127,0.4073,0.866,0.3244,0.2698,0.25,40,0.16,25,0.16,25,AMC,5,23,1948,1953
1608,403,63,0.6667,0.5918,0.6547,0.2284,0.3333,,0,,0,,0,AMC,5,24,2011,2016
