feature,n_dates,mean_IC,std_IC,IC_IR,t_stat,base,DSR,pass_HLZ,pass_EVT,pass_MAG,is_base_rep,SURVIVOR,ts_mean_IC,ts_std_IC,ts_IC_IR,ts_n_tickers,ts_pass,cs_ts_divergence
short_ratio__ts_decay_linear__w20,561.0,-0.04634824139695424,0.11990282172485028,-0.38654837918087465,-9.155567887355193,short_ratio,0.9999999999620086,True,True,True,True,True,,,,0.0,False,True
short_ratio__ts_mean__w20,571.0,-0.04529548956991862,0.11957502058843175,-0.3788039453977792,-9.051749940588032,short_ratio,0.9999999999306188,True,True,True,False,False,,,,,False,False
short_ratio__ts_decay_linear__w10,571.0,-0.04529548956991862,0.11957502058843175,-0.3788039453977792,-9.051749940588032,short_ratio,0.9999999999306188,True,True,True,False,False,,,,,False,False
short_ratio__cs_zscore,579.0,-0.044645426972785125,0.11902262828186928,-0.3751003285447189,-9.025821209100709,short_ratio,0.999999999920493,True,True,True,False,False,,,,,False,False
short_ratio__ts_min__w5,579.0,-0.044645426972785125,0.11902262828186928,-0.3751003285447189,-9.025821209100709,short_ratio,0.999999999920493,True,True,True,False,False,,,,,False,False
short_ratio__signed_power_p05,579.0,-0.044645426972785125,0.11902262828186928,-0.3751003285447189,-9.025821209100709,short_ratio,0.999999999920493,True,True,True,False,False,,,,,False,False
short_ratio__scale,579.0,-0.044645426972785125,0.11902262828186928,-0.3751003285447189,-9.025821209100709,short_ratio,0.999999999920493,True,True,True,False,False,,,,,False,False
short_ratio__cs_rank,579.0,-0.044645426972785125,0.11902262828186928,-0.3751003285447189,-9.025821209100709,short_ratio,0.999999999920493,True,True,True,False,False,,,,,False,False
short_ratio__ts_min__w20,579.0,-0.044645426972785125,0.11902262828186928,-0.3751003285447189,-9.025821209100709,short_ratio,0.999999999920493,True,True,True,False,False,,,,,False,False
short_ratio__cs_demean,579.0,-0.044645426972785125,0.11902262828186928,-0.3751003285447189,-9.025821209100709,short_ratio,0.999999999920493,True,True,True,False,False,,,,,False,False
short_ratio__ts_max__w5,579.0,-0.044645426972785125,0.11902262828186928,-0.3751003285447189,-9.025821209100709,short_ratio,0.999999999920493,True,True,True,False,False,,,,,False,False
short_ratio__ts_min__w10,579.0,-0.044645426972785125,0.11902262828186928,-0.3751003285447189,-9.025821209100709,short_ratio,0.999999999920493,True,True,True,False,False,,,,,False,False
short_ratio__ts_max__w10,579.0,-0.044645426972785125,0.11902262828186928,-0.3751003285447189,-9.025821209100709,short_ratio,0.999999999920493,True,True,True,False,False,,,,,False,False
short_ratio__ts_max__w20,579.0,-0.044645426972785125,0.11902262828186928,-0.3751003285447189,-9.025821209100709,short_ratio,0.999999999920493,True,True,True,False,False,,,,,False,False
short_ratio__ts_mean__w5,579.0,-0.04456470158754574,0.11907790712396248,-0.3742482771481111,-9.005318791529966,short_ratio,0.9999999999100679,True,True,True,False,False,,,,,False,False
short_ratio__ts_mean__w10,576.0,-0.044592271341249726,0.11943987936161286,-0.37334491276773146,-8.960277906425555,short_ratio,0.9999999998813941,True,True,True,False,False,,,,,False,False
short_ratio__ts_decay_linear__w5,576.0,-0.044592271341249726,0.11943987936161286,-0.37334491276773146,-8.960277906425555,short_ratio,0.9999999998813941,True,True,True,False,False,,,,,False,False
pc_ratio_snap__ts_decay_linear__w10,571.0,0.048101014928191285,0.13908400233705095,0.3458414635755526,8.264091452599848,pc_ratio_snap,0.9999999936054884,True,True,True,True,True,,,,0.0,False,True
pc_ratio_snap__ts_mean__w20,571.0,0.048101014928191285,0.13908400233705095,0.3458414635755526,8.264091452599848,pc_ratio_snap,0.9999999936054884,True,True,True,False,False,,,,,False,False
pc_ratio_snap__ts_min__w10,579.0,0.04728154674945415,0.13863242359926098,0.34105691527206483,8.206654340496195,pc_ratio_snap,0.9999999913759954,True,True,True,False,False,,,,,False,False
pc_ratio_snap__ts_min__w5,579.0,0.04728154674945415,0.13863242359926098,0.34105691527206483,8.206654340496195,pc_ratio_snap,0.9999999913759954,True,True,True,False,False,,,,,False,False
pc_ratio_snap__cs_demean,579.0,0.04728154674945415,0.13863242359926098,0.34105691527206483,8.206654340496195,pc_ratio_snap,0.9999999913759954,True,True,True,False,False,,,,,False,False
pc_ratio_snap__ts_max__w20,579.0,0.04728154674945415,0.13863242359926098,0.34105691527206483,8.206654340496195,pc_ratio_snap,0.9999999913759954,True,True,True,False,False,,,,,False,False
pc_ratio_snap__cs_zscore,579.0,0.04728154674945415,0.13863242359926098,0.34105691527206483,8.206654340496195,pc_ratio_snap,0.9999999913759954,True,True,True,False,False,,,,,False,False
pc_ratio_snap__signed_power_p05,579.0,0.04728154674945415,0.13863242359926098,0.34105691527206483,8.206654340496195,pc_ratio_snap,0.9999999913759954,True,True,True,False,False,,,,,False,False
pc_ratio_snap__scale,579.0,0.04728154674945415,0.13863242359926098,0.34105691527206483,8.206654340496195,pc_ratio_snap,0.9999999913759954,True,True,True,False,False,,,,,False,False
pc_ratio_snap__ts_max__w5,579.0,0.04728154674945415,0.13863242359926098,0.34105691527206483,8.206654340496195,pc_ratio_snap,0.9999999913759954,True,True,True,False,False,,,,,False,False
pc_ratio_snap__ts_max__w10,579.0,0.04728154674945415,0.13863242359926098,0.34105691527206483,8.206654340496195,pc_ratio_snap,0.9999999913759954,True,True,True,False,False,,,,,False,False
pc_ratio_snap__cs_rank,579.0,0.04728154674945415,0.13863242359926098,0.34105691527206483,8.206654340496195,pc_ratio_snap,0.9999999913759954,True,True,True,False,False,,,,,False,False
pc_ratio_snap__ts_min__w20,579.0,0.04728154674945415,0.13863242359926098,0.34105691527206483,8.206654340496195,pc_ratio_snap,0.9999999913759954,True,True,True,False,False,,,,,False,False
pc_ratio_snap__ts_mean__w5,579.0,0.047220742408565,0.1386082213409178,0.34067778917977654,8.197531649673781,pc_ratio_snap,0.9999999909391996,True,True,True,False,False,,,,,False,False
pc_ratio_snap__ts_decay_linear__w5,576.0,0.04720487122734035,0.13892884952204387,0.33977731327754457,8.15465551866107,pc_ratio_snap,0.999999988526625,True,True,True,False,False,,,,,False,False
pc_ratio_snap__ts_mean__w10,576.0,0.04720487122734035,0.13892884952204387,0.33977731327754457,8.15465551866107,pc_ratio_snap,0.999999988526625,True,True,True,False,False,,,,,False,False
pc_ratio_snap__ts_decay_linear__w20,561.0,0.047168933270729275,0.13964684140296055,0.3377730050808674,8.000301760641454,pc_ratio_snap,0.9999999733362366,True,True,True,False,False,,,,,False,False
rev_x_low52w__group_neutralize,579.0,0.03366227363085563,0.10327011215061309,0.32596336858588165,7.843467098487521,rev_x_low52w,0.9999999412721368,True,True,True,True,True,-0.00372060309313966,0.09611178738543136,-0.038711204882905234,134.0,False,True
is_squeeze_setup__ts_argmax__w20,576.0,0.03503094253700753,0.11259920738796117,0.31111180397840843,7.466683295481802,is_squeeze_setup,0.999999612701314,True,True,True,True,True,-0.033517796186827334,0.07926624295626782,-0.422850824471642,145.0,False,True
iv_skew_snap__group_neutralize,579.0,0.025354864723217335,0.09138823573956172,0.277441232102058,6.675907127837261,iv_skew_snap,0.9999860454060167,True,True,True,True,True,,,,0.0,False,True
rev_growth_yoy__group_neutralize,579.0,0.02732705634722114,0.10144309446785704,0.2693831107042965,6.482009235773023,rev_growth_yoy,0.9999688639308411,True,True,True,True,True,-0.002085148679964095,0.0870991766122638,-0.023939935612095103,132.0,False,True
iv_skew_snap__ts_decay_linear__w10,571.0,0.034801823384819866,0.13374080273690253,0.26021844248447257,6.218077451187349,iv_skew_snap,0.9999113470667628,True,True,True,False,False,,,,,False,False
iv_skew_snap__ts_mean__w20,571.0,0.034801823384819866,0.13374080273690253,0.26021844248447257,6.218077451187349,iv_skew_snap,0.9999113470667628,True,True,True,False,False,,,,,False,False
iv_skew_snap__cs_rank,579.0,0.034189325662780434,0.13332794443435947,0.25643030654847193,6.1703334371392415,iv_skew_snap,0.9998939773444816,True,True,True,False,False,,,,,False,False
iv_skew_snap__ts_max__w10,579.0,0.034189325662780434,0.13332794443435947,0.25643030654847193,6.1703334371392415,iv_skew_snap,0.9998939773444816,True,True,True,False,False,,,,,False,False
iv_skew_snap__ts_min__w20,579.0,0.034189325662780434,0.13332794443435947,0.25643030654847193,6.1703334371392415,iv_skew_snap,0.9998939773444816,True,True,True,False,False,,,,,False,False
iv_skew_snap__scale,579.0,0.034189325662780434,0.13332794443435947,0.25643030654847193,6.1703334371392415,iv_skew_snap,0.9998939773444816,True,True,True,False,False,,,,,False,False
iv_skew_snap__ts_min__w10,579.0,0.034189325662780434,0.13332794443435947,0.25643030654847193,6.1703334371392415,iv_skew_snap,0.9998939773444816,True,True,True,False,False,,,,,False,False
iv_skew_snap__signed_power_p05,579.0,0.034189325662780434,0.13332794443435947,0.25643030654847193,6.1703334371392415,iv_skew_snap,0.9998939773444816,True,True,True,False,False,,,,,False,False
iv_skew_snap__ts_max__w5,579.0,0.034189325662780434,0.13332794443435947,0.25643030654847193,6.1703334371392415,iv_skew_snap,0.9998939773444816,True,True,True,False,False,,,,,False,False
iv_skew_snap__cs_zscore,579.0,0.034189325662780434,0.13332794443435947,0.25643030654847193,6.1703334371392415,iv_skew_snap,0.9998939773444816,True,True,True,False,False,,,,,False,False
iv_skew_snap__cs_demean,579.0,0.034189325662780434,0.13332794443435947,0.25643030654847193,6.1703334371392415,iv_skew_snap,0.9998939773444816,True,True,True,False,False,,,,,False,False
iv_skew_snap__ts_max__w20,579.0,0.034189325662780434,0.13332794443435947,0.25643030654847193,6.1703334371392415,iv_skew_snap,0.9998939773444816,True,True,True,False,False,,,,,False,False
iv_skew_snap__ts_min__w5,579.0,0.034189325662780434,0.13332794443435947,0.25643030654847193,6.1703334371392415,iv_skew_snap,0.9998939773444816,True,True,True,False,False,,,,,False,False
iv_skew_snap__ts_mean__w5,579.0,0.03414960535373346,0.13340475802688198,0.2559849128233648,6.159616186780999,iv_skew_snap,0.9998895727623875,True,True,True,False,False,,,,,False,False
iv_skew_snap__ts_decay_linear__w5,576.0,0.03426668605463388,0.1335517882430965,0.25657976209393946,6.157914290254547,iv_skew_snap,0.9998887170364493,True,True,True,False,False,,,,,False,False
iv_skew_snap__ts_mean__w10,576.0,0.03426668605463388,0.1335517882430965,0.25657976209393946,6.157914290254547,iv_skew_snap,0.9998887170364493,True,True,True,False,False,,,,,False,False
rev_x_low52w__signed_power_p05,579.0,0.035564013236725,0.13959102567546092,0.25477292014035896,6.130452711222367,rev_x_low52w,0.9998766979803263,True,True,True,False,False,,,,,False,False
rev_x_low52w__scale,579.0,0.035564013236725,0.13959102567546092,0.25477292014035896,6.130452711222367,rev_x_low52w,0.9998766979803263,True,True,True,False,False,,,,,False,False
rev_x_low52w__cs_demean,579.0,0.035564013236725,0.13959102567546092,0.25477292014035896,6.130452711222367,rev_x_low52w,0.9998766979803263,True,True,True,False,False,,,,,False,False
rev_x_low52w__cs_rank,579.0,0.035564013236725,0.13959102567546092,0.25477292014035896,6.130452711222367,rev_x_low52w,0.9998766979803263,True,True,True,False,False,,,,,False,False
rev_x_low52w__cs_zscore,579.0,0.035564013236725,0.13959102567546092,0.25477292014035896,6.130452711222367,rev_x_low52w,0.9998766979803263,True,True,True,False,False,,,,,False,False
iv_skew_snap__ts_decay_linear__w20,561.0,0.0345070039219711,0.1349373172228413,0.25572617443538426,6.056986593963291,iv_skew_snap,0.9998365526228359,True,True,True,False,False,,,,,False,False
is_squeeze_setup__ts_std__w10,576.0,-0.034110235546298426,0.1353691569200426,-0.251979374935799,-6.047504998459177,is_squeeze_setup,0.9998317262042269,True,True,True,False,False,,,,,False,False
rev_x_low52w__ts_min__w5,579.0,0.035269296155439216,0.1422329982111403,0.24796845035273096,5.96672070926936,rev_x_low52w,0.9997739744661958,True,True,True,False,False,,,,,False,False
ma5_above_ma20__ts_argmax__w20,579.0,0.03277942827975481,0.1331355887829742,0.2462108635219161,5.924428918814386,ma5_above_ma20,0.9997366327408673,True,True,True,True,True,-0.00011549379199850451,0.08372490120575435,-0.0013794437537128644,149.0,False,True
rev_x_low52w__ts_max__w5,579.0,0.03361045876103063,0.138969051536421,0.24185571096181802,5.819633413840266,rev_x_low52w,0.999617783481211,True,True,True,False,False,,,,,False,False
rev_x_low52w__ts_mean__w5,579.0,0.034053072412580994,0.1408564639700919,0.2417572573723808,5.817264382335809,rev_x_low52w,0.9996145927817012,True,True,True,False,False,,,,,False,False
rev_x_low52w__ts_decay_linear__w5,576.0,0.03374714679046353,0.14032583012298122,0.24049133905630637,5.771792137351353,rev_x_low52w,0.9995479121593582,True,True,True,False,False,,,,,False,False
rev_x_low52w__ts_max__w10,579.0,0.0331857597200903,0.13883083590469913,0.23903738318532328,5.751817630479118,rev_x_low52w,0.9995159912956598,True,True,True,False,False,,,,,False,False
rev_x_low52w__ts_min__w10,579.0,0.03363279361454193,0.14144759152082892,0.23777565424003225,5.72145738014629,rev_x_low52w,0.9994626982721783,True,True,True,False,False,,,,,False,False
rev_x_low52w__ts_min__w20,579.0,0.0332131847377757,0.14176712797550464,0.23427987300070346,5.637340427823896,rev_x_low52w,0.9992852511337614,True,True,True,False,False,,,,,False,False
short_pct_float__ts_decay_linear__w10,571.0,-0.042922458382987236,0.18426795549048164,-0.2329350117807347,-5.566123332831314,short_pct_float,0.9990922639705562,True,True,True,False,False,,,,,False,False
short_pct_float__ts_mean__w20,571.0,-0.042922458382987236,0.18426795549048164,-0.2329350117807347,-5.566123332831314,short_pct_float,0.9990922639705562,True,True,True,True,True,,,,0.0,False,True
rev_growth_qoq__ts_std__w10,400.0,0.025012285184592996,0.0903650003202319,0.2767917345870133,5.535834691740265,rev_growth_qoq,0.99893394236613,True,True,True,True,True,0.033943307964372026,0.07875441216534937,0.4310019849187131,122.0,False,False
rev_growth_qoq__ts_argmax__w20,561.0,-0.020714019031747955,0.08993561324759428,-0.23032054025941767,-5.455243006492361,rev_growth_qoq,0.9986954733850438,True,True,True,False,False,,,,,False,False
short_pct_float__ts_mean__w5,579.0,-0.04140088446876224,0.18379588968282706,-0.22525468083212813,-5.420172473833087,short_pct_float,0.9985472897575988,True,True,True,False,False,,,,,False,False
rev_x_low52w__ts_mean__w10,576.0,0.031671186246875524,0.14026384765000538,0.22579721558689403,5.419133174085457,rev_x_low52w,0.9985415143450613,True,True,True,False,False,,,,,False,False
short_pct_float__ts_mean__w10,576.0,-0.04155206406363546,0.1841545014599299,-0.22563697185907103,-5.4152873246177045,short_pct_float,0.9985236166578701,True,True,True,False,False,,,,,False,False
short_pct_float__ts_decay_linear__w5,576.0,-0.04155206406363546,0.1841545014599299,-0.22563697185907103,-5.4152873246177045,short_pct_float,0.9985236166578701,True,True,True,False,False,,,,,False,False
short_pct_float__cs_zscore,579.0,-0.041330033175582,0.18377419601822478,-0.22489573656729983,-5.4115354065957915,short_pct_float,0.9985069543227274,True,True,True,False,False,,,,,False,False
short_pct_float__ts_max__w5,579.0,-0.041330033175582,0.18377419601822478,-0.22489573656729983,-5.4115354065957915,short_pct_float,0.9985069543227274,True,True,True,False,False,,,,,False,False
short_pct_float__ts_max__w10,579.0,-0.041330033175582,0.18377419601822478,-0.22489573656729983,-5.4115354065957915,short_pct_float,0.9985069543227274,True,True,True,False,False,,,,,False,False
short_pct_float__ts_min__w20,579.0,-0.041330033175582,0.18377419601822478,-0.22489573656729983,-5.4115354065957915,short_pct_float,0.9985069543227274,True,True,True,False,False,,,,,False,False
short_pct_float__ts_min__w5,579.0,-0.041330033175582,0.18377419601822478,-0.22489573656729983,-5.4115354065957915,short_pct_float,0.9985069543227274,True,True,True,False,False,,,,,False,False
short_pct_float__cs_rank,579.0,-0.041330033175582,0.18377419601822478,-0.22489573656729983,-5.4115354065957915,short_pct_float,0.9985069543227274,True,True,True,False,False,,,,,False,False
short_pct_float__signed_power_p05,579.0,-0.041330033175582,0.18377419601822478,-0.22489573656729983,-5.4115354065957915,short_pct_float,0.9985069543227274,True,True,True,False,False,,,,,False,False
short_pct_float__cs_demean,579.0,-0.041330033175582,0.18377419601822478,-0.22489573656729983,-5.4115354065957915,short_pct_float,0.9985069543227274,True,True,True,False,False,,,,,False,False
short_pct_float__scale,579.0,-0.041330033175582,0.18377419601822478,-0.22489573656729983,-5.4115354065957915,short_pct_float,0.9985069543227274,True,True,True,False,False,,,,,False,False
short_pct_float__ts_max__w20,579.0,-0.041330033175582,0.18377419601822478,-0.22489573656729983,-5.4115354065957915,short_pct_float,0.9985069543227274,True,True,True,False,False,,,,,False,False
short_pct_float__ts_min__w10,579.0,-0.041330033175582,0.18377419601822478,-0.22489573656729983,-5.4115354065957915,short_pct_float,0.9985069543227274,True,True,True,False,False,,,,,False,False
rev_x_low52w__ts_decay_linear__w10,571.0,0.03177284291834196,0.14060555062845587,0.22597146966338716,5.39972527200649,rev_x_low52w,0.9984473993637442,True,True,True,False,False,,,,,False,False
post_earnings_3d__ts_mean__w10,534.0,0.020876253767105057,0.08940234351675239,0.2335090216420694,5.396029219946669,post_earnings_3d,0.9984152946184798,True,True,True,True,True,0.036864449411231744,0.08597971560510387,0.42875751741895063,136.0,False,False
post_earnings_3d__ts_std__w10,534.0,0.02076009610205108,0.08898187319790847,0.23330702485749705,5.391361389366836,post_earnings_3d,0.9983918797312362,True,True,True,False,False,,,,,False,False
post_earnings_3d__ts_decay_linear__w10,529.0,0.020736401631657478,0.08905974415554066,0.2328369773378403,5.355250478770327,post_earnings_3d,0.9981975379531901,True,True,True,False,False,,,,,False,False
rsi_above_70__ts_mean__w5,577.0,0.030929506449511077,0.13880196579028842,0.2228319049619334,5.352606037286164,rsi_above_70,0.9982024640412371,True,True,True,True,True,-0.00717951682711636,0.07633681279204887,-0.09405051854436564,148.0,False,True
post_earnings_5d__ts_mean__w10,547.0,0.02083000132692998,0.09104024323075655,0.22879993053327966,5.351179897179909,post_earnings_5d,0.9981824678101774,True,True,True,True,True,0.03243166164851094,0.08835987844538827,0.36704058696227904,140.0,False,False
eps_surprise__ts_max__w10,579.0,0.021049922880668478,0.09521435032450289,0.22107931009272871,5.319702954326823,eps_surprise,0.998010027902604,True,True,True,True,True,0.030945625748935973,0.10652375317180776,0.2905044633474851,136.0,False,True
post_earnings_1d__ts_std__w10,514.0,0.02026880486605002,0.08639068323973668,0.2346179484401517,5.319156794958818,post_earnings_1d,0.9979770981409556,True,True,True,True,True,0.03825612523277305,0.05798300104121751,0.6597817385405508,19.0,False,False
rsi_above_70__ts_decay_linear__w5,574.0,0.03071128993818913,0.1385832387722807,0.22160897818713682,5.309373739749944,rsi_above_70,0.9979435139242292,True,True,True,False,False,,,,,False,False
short_pct_float__ts_decay_linear__w20,561.0,-0.040980067891168405,0.18373606968181352,-0.22303768640602784,-5.282745418972541,short_pct_float,0.9977625160807876,True,True,True,False,False,,,,,False,False
rev_growth_yoy__scale,579.0,0.02928541170658253,0.133606634692266,0.21919129820188304,5.2742728214513255,rev_growth_yoy,0.9977121274592317,True,True,True,False,False,,,,,False,False
rev_growth_yoy__cs_zscore,579.0,0.02928541170658253,0.133606634692266,0.21919129820188304,5.2742728214513255,rev_growth_yoy,0.9977121274592317,True,True,True,False,False,,,,,False,False
rev_growth_yoy__cs_demean,579.0,0.02928541170658253,0.133606634692266,0.21919129820188304,5.2742728214513255,rev_growth_yoy,0.9977121274592317,True,True,True,False,False,,,,,False,False
rev_growth_yoy__signed_power_p05,579.0,0.02928541170658253,0.133606634692266,0.21919129820188304,5.2742728214513255,rev_growth_yoy,0.9977121274592317,True,True,True,False,False,,,,,False,False
rev_growth_yoy__cs_rank,579.0,0.02928541170658253,0.133606634692266,0.21919129820188304,5.2742728214513255,rev_growth_yoy,0.9977121274592317,True,True,True,False,False,,,,,False,False
post_earnings_5d__ts_decay_linear__w10,542.0,0.02044237027465516,0.09042917340858983,0.22605946183196393,5.262866245098424,post_earnings_5d,0.997613301817796,True,True,True,False,False,,,,,False,False
rev_x_low52w__ts_decay_linear__w20,561.0,0.03146924631116385,0.1417380283194691,0.22202401630869337,5.258736198157299,rev_x_low52w,0.9975928065274178,True,True,True,False,False,,,,,False,False
is_squeeze_setup__ts_std__w20,571.0,-0.03450269157550655,0.15766004990134558,-0.21884232306850282,-5.229369991786471,is_squeeze_setup,0.9973744440334202,True,True,True,False,False,,,,,False,False
post_earnings_3d__ts_max__w10,537.0,0.020190913741672947,0.08950628738319578,0.2255809545002272,5.227446211760235,post_earnings_3d,0.9973410615867417,True,True,True,False,False,,,,,False,False
post_earnings_1d__ts_mean__w10,514.0,0.019723003769520277,0.08623369031957556,0.2287157571063967,5.185344862211062,post_earnings_1d,0.9969699874408663,True,True,False,False,False,,,,,False,False
post_earnings_5d__ts_max__w10,550.0,0.020076751897940608,0.09095279851031378,0.22073814359504246,5.176768337561772,post_earnings_5d,0.9969151681827542,True,True,True,False,False,,,,,False,False
post_earnings_1d__ts_max__w10,517.0,0.019560348797852442,0.08620357443778506,0.2269087903306093,5.15936902632951,post_earnings_1d,0.9967305592109075,True,True,False,False,False,,,,,False,False
eps_surprise__ts_max__w5,579.0,0.019513517949111537,0.0911377273918239,0.21411020998162528,5.152009548578061,eps_surprise,0.9966983995348289,True,True,False,False,False,,,,,False,False
rev_x_low52w__ts_max__w20,579.0,0.02941098798610413,0.13789048979360435,0.21329235997440246,5.132330099163303,rev_x_low52w,0.9965017371533896,True,True,True,False,False,,,,,False,False
ma5_above_ma20__ts_std__w10,576.0,-0.022587373863896882,0.10601424255802605,-0.21305980516281917,-5.11343532390766,ma5_above_ma20,0.9963012049653663,True,True,True,False,False,,,,,False,False
post_earnings_1d__ts_decay_linear__w10,509.0,0.019484713304013055,0.08645275369240255,0.22537990372567357,5.084802396428743,post_earnings_1d,0.9959312511058486,True,True,False,False,False,,,,,False,False
rsi_above_70__ts_max__w5,577.0,0.029089651788500308,0.1376759320503883,0.2112907561639294,5.075378129801519,rsi_above_70,0.9958703771837758,True,True,True,False,False,,,,,False,False
obv__ts_std__w20,571.0,0.025448036206295672,0.120151184261101,0.21180012800368614,5.061092471095321,obv,0.9956929964936783,True,True,True,True,True,0.02764627003279388,0.09485977510441128,0.29144355447146997,149.0,False,True
obv__ts_max__w20,579.0,0.0331146098210019,0.15749437475133554,0.21025900050897592,5.059340133241134,obv,0.9956767419736511,True,True,True,False,False,,,,,False,False
eps_surprise__ts_decay_linear__w5,576.0,0.019227545517904412,0.0920446711144191,0.20889363050689802,5.0134471321655525,eps_surprise,0.995070242759338,True,True,False,False,False,,,,,False,False
post_earnings_5d__ts_std__w10,547.0,0.020071203481858618,0.0937754703123967,0.2140346874827168,5.005849933114842,post_earnings_5d,0.9949402990169482,True,True,True,False,False,,,,,False,False
obv__ts_decay_linear__w10,571.0,0.033482146620011,0.15988183482329163,0.20941807840157028,5.0041719516382495,obv,0.9949354777197108,True,True,True,False,False,,,,,False,False
pre_earnings_drift__group_neutralize,579.0,0.017051719902762042,0.08230743313901286,0.20717108106096077,4.985037322166505,pre_earnings_drift,0.9946615052375333,True,True,False,True,False,,,,0.0,False,False
obv__cs_zscore,579.0,0.03315771266431898,0.1606722633998965,0.20636861622962824,4.9657280772978085,obv,0.9943649987563064,True,True,True,False,False,,,,,False,False
obv__cs_rank,579.0,0.03315771266431898,0.1606722633998965,0.20636861622962824,4.9657280772978085,obv,0.9943649987563064,True,True,True,False,False,,,,,False,False
obv__signed_power_p05,579.0,0.03315771266431898,0.1606722633998965,0.20636861622962824,4.9657280772978085,obv,0.9943649987563064,True,True,True,False,False,,,,,False,False
obv__scale,579.0,0.03315771266431898,0.1606722633998965,0.20636861622962824,4.9657280772978085,obv,0.9943649987563064,True,True,True,False,False,,,,,False,False
obv__cs_demean,579.0,0.03315771266431898,0.1606722633998965,0.20636861622962824,4.9657280772978085,obv,0.9943649987563064,True,True,True,False,False,,,,,False,False
rsi_above_70__ts_mean__w20,571.0,0.0326074301595246,0.1570152449701262,0.20767047279853945,4.962411856196808,rsi_above_70,0.9943061381170909,True,True,True,False,False,,,,,False,False
obv__ts_max__w5,579.0,0.032744903163009986,0.1589303105131334,0.20603309121644278,4.957654533902252,obv,0.9942367304781308,True,True,True,False,False,,,,,False,False
rev_growth_yoy__ts_max__w5,579.0,0.02727863086166051,0.13279714344660948,0.20541579550337064,4.942800905911709,rev_growth_yoy,0.9939939304247808,True,True,True,False,False,,,,,False,False
obv__ts_mean__w5,579.0,0.03282632806295633,0.16022058408614953,0.20488208959034773,4.929958650699954,obv,0.9937767124796865,True,True,True,False,False,,,,,False,False
obv__ts_max__w10,579.0,0.03239362215352264,0.15827762834787545,0.20466330265149857,4.9246941077426065,obv,0.9936856656944841,True,True,True,False,False,,,,,False,False
obv__ts_min__w5,579.0,0.03271583378640557,0.16006310166517448,0.20439335140988135,4.918198427902856,obv,0.9935716964603575,True,True,True,False,False,,,,,False,False
pc_ratio_snap__group_neutralize,579.0,0.01724477028362621,0.08452702910572893,0.20401486324635798,4.9090910871895685,pc_ratio_snap,0.9934088271764917,True,True,False,False,False,,,,,False,False
rsi_above_70__ts_std__w20,571.0,0.03148898691159833,0.15338513544556096,0.2052936017569598,4.905615081583462,rsi_above_70,0.9933385655075175,True,True,True,False,False,,,,,False,False
eps_surprise__ts_mean__w5,579.0,0.018693086928904517,0.0919317156383581,0.20333664828403256,4.892771594708622,eps_surprise,0.9931077954009953,True,True,False,False,False,,,,,False,False
obv__ts_mean__w20,571.0,0.032272559140249506,0.15800056885480515,0.2042559680269659,4.880820194497581,obv,0.9928722293721167,True,True,True,False,False,,,,,False,False
rsi_above_70__ts_decay_linear__w10,571.0,0.03003258382632261,0.1472093605200896,0.20401273207232007,4.875007923889622,rsi_above_70,0.9927588145194539,True,True,True,False,False,,,,,False,False
rev_growth_yoy__ts_min__w5,579.0,0.027602590451944034,0.1362993594974478,0.20251445460725656,4.872987626097811,rev_growth_yoy,0.9927265515914613,True,True,True,False,False,,,,,False,False
obv__ts_mean__w10,576.0,0.032334665815250636,0.15932763718390622,0.20294448839361048,4.870667721446652,obv,0.9926778348693178,True,True,True,False,False,,,,,False,False
short_pct_float__group_neutralize,579.0,-0.028686853213754828,0.14176453958246885,-0.20235563349088995,-4.869166005876586,short_pct_float,0.9926507920728977,True,True,True,False,False,,,,,False,False
rsi_above_70__ts_decay_linear__w20,561.0,0.03241350097987578,0.15788086556336473,0.20530354241608068,4.862704441001919,rsi_above_70,0.9925035654226534,True,True,True,False,False,,,,,False,False
obv__ts_decay_linear__w5,576.0,0.03248765671403876,0.16036510909590068,0.20258556800289187,4.862053632069405,obv,0.9925050858888588,True,True,True,False,False,,,,,False,False
rev_growth_yoy__ts_mean__w5,579.0,0.027326145428742763,0.13524376710809552,0.20205105205995888,4.861837039917368,rev_growth_yoy,0.9925035465488034,True,True,True,False,False,,,,,False,False
rev_growth_yoy__ts_min__w20,579.0,0.02713872975786263,0.13472802247206053,0.201433445395449,4.846975929683094,rev_growth_yoy,0.9921969394781215,True,True,True,False,False,,,,,False,False
obv__ts_min__w10,579.0,0.03204783439902442,0.1592756039788195,0.20120993798451486,4.841597800749358,obv,0.9920832797579998,True,True,True,False,False,,,,,False,False
eps_surprise__ts_decay_linear__w10,571.0,0.01903503599394068,0.09415025346233115,0.20217721454734544,4.831147119773154,eps_surprise,0.9918501776633246,True,True,False,False,False,,,,,False,False
rev_growth_yoy__ts_max__w10,579.0,0.0267299413038011,0.133155534606549,0.20074224764883666,4.8303440400090425,rev_growth_yoy,0.9918407044688508,True,True,True,False,False,,,,,False,False
rev_growth_yoy__ts_min__w10,579.0,0.027029192389520708,0.13486635368824737,0.2004146449454732,4.822461126550532,rev_growth_yoy,0.9916669041701318,True,True,True,False,False,,,,,False,False
rev_growth_yoy__ts_decay_linear__w5,576.0,0.027015027492847662,0.1345804498645737,0.20073515521780824,4.817643725227398,rev_growth_yoy,0.9915560346503611,True,True,True,False,False,,,,,False,False
rev_x_low52w__ts_mean__w20,571.0,0.0284224020172023,0.14150784412726508,0.20085389748175808,4.799525656176117,rev_x_low52w,0.9911340665493625,True,True,True,False,False,,,,,False,False
rsi_above_70__ts_mean__w10,576.0,0.029474729073301793,0.14778752325747047,0.19943990144521137,4.786557634685073,rsi_above_70,0.9908301499839917,True,True,True,False,False,,,,,False,False
eightk_material_agreement_30d__ts_argmax__w10,559.0,0.01875093964464662,0.09278494233624422,0.20209033031130108,4.778058224569883,eightk_material_agreement_30d,0.990603291056165,True,True,False,True,False,-0.014512927866152348,0.08354591682605174,-0.17371199476294272,146.0,False,False
is_squeeze_setup__ts_std__w5,579.0,-0.023442287647938743,0.11903634700130859,-0.1969338629627221,-4.738705092622066,is_squeeze_setup,0.9896089050210404,True,True,True,False,False,,,,,False,False
eps_surprise__signed_power_p05,579.0,0.017913753561567585,0.0912977482916857,0.19621243564885327,4.721345806439608,eps_surprise,0.9891305529619993,True,True,False,False,False,,,,,False,False
eps_surprise__cs_demean,579.0,0.017913753561567585,0.0912977482916857,0.19621243564885327,4.721345806439608,eps_surprise,0.9891305529619993,True,True,False,False,False,,,,,False,False
eps_surprise__scale,579.0,0.017913753561567585,0.0912977482916857,0.19621243564885327,4.721345806439608,eps_surprise,0.9891305529619993,True,True,False,False,False,,,,,False,False
eps_surprise__cs_zscore,579.0,0.017913753561567585,0.0912977482916857,0.19621243564885327,4.721345806439608,eps_surprise,0.9891305529619993,True,True,False,False,False,,,,,False,False
eps_surprise__cs_rank,579.0,0.017913753561567585,0.0912977482916857,0.19621243564885327,4.721345806439608,eps_surprise,0.9891305529619993,True,True,False,False,False,,,,,False,False
eps_surprise__ts_mean__w10,576.0,0.018654416749910824,0.09525032527612441,0.19584622620272318,4.700309428865356,eps_surprise,0.988521527159765,True,True,False,False,False,,,,,False,False
ma_20__ts_std__w5,579.0,0.029203099575366567,0.14980419351283802,0.19494180296671,4.690771310661479,ma_20,0.9882411200351128,True,True,True,True,True,0.004945685801315267,0.09065893168479239,0.05455265917439531,149.0,False,True
obv__ts_decay_linear__w20,561.0,0.03132699747596593,0.15841570903229846,0.1977518370326446,4.683838987084178,obv,0.988007893507716,True,True,True,False,False,,,,,False,False
insider_60d__ts_rank__w10,576.0,-0.018339571221735837,0.0941286321557435,-0.19483520371773297,-4.676044889225591,insider_60d,0.9877867634090176,True,True,False,True,False,-0.007327599397299971,0.0756341677382052,-0.0968821316665136,149.0,False,False
intraday_momentum__ts_mean__w20,571.0,0.04220789888570887,0.21599928877456714,0.19540758270625677,4.669382662565532,intraday_momentum,0.9875715679690936,True,True,True,True,True,-0.09497953715647864,0.08816823127261467,-1.077253516210431,149.0,False,True
eightk_material_agreement_30d__ts_std__w10,575.0,-0.01877132118419157,0.09658089454357242,-0.1943585351212801,-4.660553947797587,eightk_material_agreement_30d,0.9872952588967192,True,True,False,False,False,,,,,False,False
vwap_dev_eod__ts_mean__w20,571.0,0.04206993031820988,0.21637281943394213,0.19443260215525215,4.646084911177638,vwap_dev_eod,0.9868166864926623,True,True,True,True,True,-0.10178916764355839,0.09065340219173983,-1.1228389137372412,149.0,False,True
rsi_above_70__cs_zscore,562.0,0.02339509521823405,0.11956078363348935,0.19567532519652214,4.638784763772701,rsi_above_70,0.9865597457981531,True,True,True,False,False,,,,,False,False
rsi_above_70__signed_power_p05,562.0,0.02339509521823405,0.11956078363348935,0.19567532519652214,4.638784763772701,rsi_above_70,0.9865597457981531,True,True,True,False,False,,,,,False,False
rsi_above_70__cs_demean,562.0,0.02339509521823405,0.11956078363348935,0.19567532519652214,4.638784763772701,rsi_above_70,0.9865597457981531,True,True,True,False,False,,,,,False,False
rsi_above_70__cs_rank,562.0,0.02339509521823405,0.11956078363348935,0.19567532519652214,4.638784763772701,rsi_above_70,0.9865597457981531,True,True,True,False,False,,,,,False,False
rsi_above_70__scale,562.0,0.02339509521823405,0.11956078363348935,0.19567532519652214,4.638784763772701,rsi_above_70,0.9865597457981531,True,True,True,False,False,,,,,False,False
insider_60d__ts_delta__w5,575.0,-0.017797211947264708,0.09204263407631713,-0.19335835100621038,-4.636570375256747,insider_60d,0.9865025213085121,True,True,False,False,False,,,,,False,False
insider_60d__ts_delta__w10,570.0,-0.019046633901045447,0.09827493140538275,-0.19380968909027615,-4.627142907194852,insider_60d,0.9861725372416463,True,True,False,False,False,,,,,False,False
ma_10__ts_std__w10,576.0,0.02888326881260738,0.15065210667227721,0.19172163901722883,4.601319336413492,ma_10,0.9852610238272309,True,True,True,True,True,-0.002082482903228052,0.09094809063523389,-0.022897488981712434,149.0,False,True
rsi_above_70__ts_std__w10,576.0,0.02664998973130915,0.1393365330250871,0.19126347665411556,4.590323439698773,rsi_above_70,0.984853635251257,True,True,True,False,False,,,,,False,False
post_earnings_1d__ts_rank__w10,522.0,-0.01714406278340083,0.08600838687541776,-0.1993301282145173,-4.554159088933576,post_earnings_1d,0.9833561940292205,True,True,False,False,False,,,,,False,False
eps_surprise__group_neutralize,579.0,0.016727402583229533,0.08879698390954446,0.18837804896920116,4.532831512869561,eps_surprise,0.982566292961481,True,True,False,False,False,,,,,False,False
obv__ts_min__w20,579.0,0.029618152805347492,0.15755781739906852,0.18798275638922754,4.523319817249437,obv,0.9821598153683347,True,True,True,False,False,,,,,False,False
vwap_dev_eod__ts_min__w10,579.0,0.040059368503583916,0.2131470398831596,0.18794241067360437,4.522349001742074,vwap_dev_eod,0.982117874917319,True,True,True,False,False,,,,,False,False
rsi_above_70__ts_min__w5,505.0,0.02120728429596099,0.10586974133285051,0.2003148777825581,4.501517008945518,rsi_above_70,0.9810647116766711,True,True,True,False,False,,,,,False,False
intraday_momentum__ts_min__w5,579.0,0.03925320956436543,0.21042467486980837,0.18654280724754232,4.488671157906822,intraday_momentum,0.9806097430463412,True,True,True,False,False,,,,,False,False
vwap_dev_eod__ts_min__w5,579.0,0.03968944909878257,0.213053046244211,0.1862890477204852,4.482565089884409,vwap_dev_eod,0.9803249873809388,True,True,True,False,False,,,,,False,False
insider_60d__ts_rank__w20,571.0,-0.018455214501632723,0.09851678449071116,-0.18733066245552105,-4.476379756212593,insider_60d,0.9800198648365067,True,True,False,False,False,,,,,False,False
rev_growth_yoy__ts_decay_linear__w10,571.0,0.0252982452385177,0.1351751115439921,0.18715165054836672,4.472102158157886,rev_growth_yoy,0.9798156514158325,True,True,True,False,False,,,,,False,False
obv_trend__ts_std__w20,571.0,-0.018872252978539582,0.10095043660024235,-0.1869457291529364,-4.467181541565853,obv_trend,0.9795785435165297,True,True,False,True,False,-0.010155508155861668,0.08288738800805519,-0.12252175391115874,149.0,False,False
eps_surprise__ts_min__w5,579.0,0.017115563996900656,0.09222995448295983,0.1855748936758164,4.465380816151713,eps_surprise,0.9795043871033047,True,True,False,False,False,,,,,False,False
rev_growth_yoy__ts_mean__w10,576.0,0.025076800822039336,0.13497029558972454,0.18579496112438287,4.459079066985189,rev_growth_yoy,0.9791913009750142,True,True,True,False,False,,,,,False,False
vwap_dev_eod__ts_mean__w5,579.0,0.03967549734961537,0.21527625597557945,0.1843003872852382,4.4347131095787935,vwap_dev_eod,0.9779674628170723,True,True,True,False,False,,,,,False,False
intraday_momentum__ts_min__w10,579.0,0.03852490191723946,0.21015175568671554,0.1833194388091175,4.411109116494715,intraday_momentum,0.9767189514623598,True,True,True,False,False,,,,,False,False
vwap__ts_argmax__w20,579.0,-0.033049724277022206,0.1807284898426102,-0.18286947622814753,-4.400281928413123,vwap,0.9761265396918227,True,True,True,True,True,0.06165873607158331,0.08455385108791451,0.7292244561099163,146.0,False,True
rsi_above_70__ts_max__w10,579.0,0.02644063547448924,0.14463283313088293,0.18281212434359392,4.398901903346245,rsi_above_70,0.9760501244485486,True,True,True,False,False,,,,,False,False
vwap_dev_eod__ts_mean__w10,576.0,0.039537377584809776,0.21599344044528856,0.1830489736322555,4.393175367174132,vwap_dev_eod,0.9757255148046169,True,True,True,False,False,,,,,False,False
rev_growth_yoy__ts_decay_linear__w20,561.0,0.025167415589639794,0.13611522165348414,0.18489787757690937,4.379387320082807,rev_growth_yoy,0.974914092916761,True,True,True,False,False,,,,,False,False
intraday_momentum__ts_mean__w5,579.0,0.03860562247978915,0.21264246873442635,0.18155179776437097,4.3685753973331005,intraday_momentum,0.974318023405214,True,True,True,False,False,,,,,False,False
is_squeeze_setup__ts_max__w20,579.0,-0.03365477123921911,0.1856714657738109,-0.1812597918530901,-4.361549028794723,is_squeeze_setup,0.9739020137304804,True,True,True,False,False,,,,,False,False
vwap__ts_argmax__w10,579.0,-0.03171129364315095,0.17573973834212445,-0.18044463900029503,-4.341934479439458,vwap,0.9727106282428596,True,True,True,False,False,,,,,False,False
vwap_dev_eod__ts_max__w20,579.0,0.0393172044723559,0.2179423128935659,0.1804018868587341,4.340905759503295,vwap_dev_eod,0.9726469059386521,True,True,True,False,False,,,,,False,False
intraday_momentum__ts_mean__w10,576.0,0.0386236729947172,0.21402429768036002,0.18046396326645445,4.331135118394907,intraday_momentum,0.9720297949866998,True,True,True,False,False,,,,,False,False
vwap_dev_eod__ts_min__w20,579.0,0.03806209107111313,0.21160676844340937,0.17987180349239248,4.32815067152702,vwap_dev_eod,0.971846403707422,True,True,True,False,False,,,,,False,False
vwap_dev_eod__ts_decay_linear__w10,571.0,0.03908305119038256,0.21645064641512005,0.18056333782171802,4.3146704311219,vwap_dev_eod,0.9709637579451793,True,True,True,False,False,,,,,False,False
rsi_14__ts_mean__w20,571.0,0.034585371797094575,0.19193803315340452,0.18019030011343593,4.3057564689132075,rsi_14,0.970378007621094,True,True,True,True,True,-0.0379804693602618,0.07912194543969274,-0.4800244628617071,149.0,False,True
ma5_above_ma20__ts_std__w20,571.0,-0.02078232423279797,0.11540532635064493,-0.18008115301068017,-4.303148332717986,ma5_above_ma20,0.9702047709674476,True,True,True,False,False,,,,,False,False
ma5_above_ma20__ts_argmax__w10,579.0,0.020720086753955497,0.11615148886418131,0.1783884731618377,4.292458155848438,ma5_above_ma20,0.9695016087332425,True,True,True,False,False,,,,,False,False
insider_60d__ts_rank__w5,579.0,-0.0160618147243484,0.09015516045823291,-0.17815746367385726,-4.28689950879471,insider_60d,0.9691222022158282,True,True,False,False,False,,,,,False,False
bb_width__ts_delta__w20,560.0,0.024529228528319066,0.1356812084133995,0.1807857463472932,4.278171596151186,bb_width,0.9684799361763783,True,True,True,True,True,0.02886695571783701,0.08740970675359701,0.33024885667688275,149.0,False,False
intraday_momentum__ts_max__w20,579.0,0.037140352839432275,0.20938625509958517,0.17737722479332818,4.268125074063164,intraday_momentum,0.9678116198689022,True,True,True,False,False,,,,,False,False
days_to_earnings__ts_max__w10,579.0,-0.015508892408372995,0.08759833786123665,-0.17704551007509325,-4.260143215580578,days_to_earnings,0.9672406197474791,True,True,False,True,False,-0.01451310879930926,0.0977273487725671,-0.14850611401609223,135.0,False,False
vwap_dev_eod__ts_decay_linear__w5,576.0,0.038073688823542666,0.21489333443099456,0.177174824544261,4.252195789062264,vwap_dev_eod,0.9666577063888238,True,True,True,False,False,,,,,False,False
intraday_momentum__ts_decay_linear__w10,571.0,0.03808671447077981,0.2140500583882951,0.17793367942787025,4.251833149463487,intraday_momentum,0.9666209315517105,True,True,True,False,False,,,,,False,False
eps_surprise__ts_decay_linear__w20,561.0,0.017536297679738605,0.09777967127146463,0.17934502593133878,4.247865593573007,eps_surprise,0.9663084512129628,True,True,False,False,False,,,,,False,False
obv_trend__ts_std__w10,576.0,-0.018204023113214545,0.10310971800159052,-0.17655002327650376,-4.23720055863609,obv_trend,0.9655463368302994,True,True,False,False,False,,,,,False,False
intraday_momentum__ts_decay_linear__w5,576.0,0.03738896055897554,0.21196330956865012,0.17639354959621492,4.233445190309158,intraday_momentum,0.9652632693109674,True,True,True,False,False,,,,,False,False
vwap_dev_eod__cs_demean,579.0,0.03732694324191136,0.21222873856304228,0.1758807195229285,4.23211553746396,vwap_dev_eod,0.9651687526945496,True,True,True,False,False,,,,,False,False
vwap_dev_eod__cs_rank,579.0,0.03732694324191136,0.21222873856304228,0.1758807195229285,4.23211553746396,vwap_dev_eod,0.9651687526945496,True,True,True,False,False,,,,,False,False
vwap_dev_eod__scale,579.0,0.03732694324191136,0.21222873856304228,0.1758807195229285,4.23211553746396,vwap_dev_eod,0.9651687526945496,True,True,True,False,False,,,,,False,False
vwap_dev_eod__signed_power_p05,579.0,0.03732694324191136,0.21222873856304228,0.1758807195229285,4.23211553746396,vwap_dev_eod,0.9651687526945496,True,True,True,False,False,,,,,False,False
vwap_dev_eod__cs_zscore,579.0,0.03732694324191136,0.21222873856304228,0.1758807195229285,4.23211553746396,vwap_dev_eod,0.9651687526945496,True,True,True,False,False,,,,,False,False
is_squeeze_setup__ts_mean__w20,571.0,-0.03349741911918949,0.18939718933705224,-0.17686333802756338,-4.226256692765121,is_squeeze_setup,0.9647055973940768,True,True,True,False,False,,,,,False,False
ma_10__ts_std__w20,571.0,0.0269714343297906,0.15274161829618288,0.17658209092357532,4.219536122697823,ma_10,0.9641875532524127,True,True,True,False,False,,,,,False,False
days_to_earnings__ts_max__w20,579.0,-0.01544576138439621,0.08809454679873442,-0.1753316402170095,-4.218903361233485,days_to_earnings,0.9641552274131374,True,True,False,False,False,,,,,False,False
rev_growth_yoy__ts_max__w20,579.0,0.023072478282734524,0.13167323257072908,0.17522527420552997,4.216343937715878,rev_growth_yoy,0.9639561094794188,True,True,True,False,False,,,,,False,False
vwap_dev_eod__ts_max__w5,579.0,0.03784042302889671,0.21674936242632042,0.17458147329849608,4.200852530647031,vwap_dev_eod,0.9627313943472823,True,True,True,False,False,,,,,False,False
days_to_earnings__ts_max__w5,579.0,-0.015259862182183842,0.08757538398532934,-0.17424830457769022,-4.1928356853456,days_to_earnings,0.9620843068611054,True,True,False,False,False,,,,,False,False
vwap_dev_eod__ts_decay_linear__w20,561.0,0.03831784361060602,0.21652639666513915,0.1769661537843123,4.1915209634814445,vwap_dev_eod,0.9619380664215392,True,True,True,False,False,,,,,False,False
days_to_earnings__ts_mean__w5,579.0,-0.01524076082612595,0.08758330283942994,-0.17401445631786072,-4.1872087305746755,days_to_earnings,0.9616246416241326,True,True,False,False,False,,,,,False,False
days_to_earnings__ts_min__w10,579.0,-0.015214175402198936,0.0875488893766216,-0.17377919366572359,-4.1815477421036515,days_to_earnings,0.9611575992543678,True,True,False,False,False,,,,,False,False
days_to_earnings__ts_min__w20,579.0,-0.015214175402198936,0.0875488893766216,-0.17377919366572359,-4.1815477421036515,days_to_earnings,0.9611575992543678,True,True,False,False,False,,,,,False,False
days_to_earnings__cs_zscore,579.0,-0.015214175402198936,0.0875488893766216,-0.17377919366572359,-4.1815477421036515,days_to_earnings,0.9611575992543678,True,True,False,False,False,,,,,False,False
days_to_earnings__cs_demean,579.0,-0.015214175402198936,0.0875488893766216,-0.17377919366572359,-4.1815477421036515,days_to_earnings,0.9611575992543678,True,True,False,False,False,,,,,False,False
days_to_earnings__signed_power_p05,579.0,-0.015214175402198936,0.0875488893766216,-0.17377919366572359,-4.1815477421036515,days_to_earnings,0.9611575992543678,True,True,False,False,False,,,,,False,False
days_to_earnings__ts_min__w5,579.0,-0.015214175402198936,0.0875488893766216,-0.17377919366572359,-4.1815477421036515,days_to_earnings,0.9611575992543678,True,True,False,False,False,,,,,False,False
days_to_earnings__scale,579.0,-0.015214175402198936,0.0875488893766216,-0.17377919366572359,-4.1815477421036515,days_to_earnings,0.9611575992543678,True,True,False,False,False,,,,,False,False
days_to_earnings__cs_rank,579.0,-0.015214175402198936,0.0875488893766216,-0.17377919366572359,-4.1815477421036515,days_to_earnings,0.9611575992543678,True,True,False,False,False,,,,,False,False
ma_20__ts_std__w10,576.0,0.026396676974849216,0.15155406362440468,0.174173336851382,4.180160084433168,ma_20,0.9610359816606089,True,True,True,False,False,,,,,False,False
eps_surprise__ts_mean__w20,571.0,0.01712033032312403,0.09808268899369302,0.17454996899835112,4.170977337237973,eps_surprise,0.9602556638502125,True,True,False,False,False,,,,,False,False
intraday_momentum__ts_max__w10,579.0,0.03638431476752685,0.20997028668276185,0.17328315992871351,4.1696119705693935,intraday_momentum,0.9601576249064803,True,True,True,False,False,,,,,False,False
intraday_momentum__signed_power_p05,579.0,0.036092574140246206,0.20828685064731522,0.17328301824180198,4.169608561239586,intraday_momentum,0.9601573362978304,True,True,True,False,False,,,,,False,False
intraday_momentum__cs_demean,579.0,0.036092574140246206,0.20828685064731522,0.17328301824180198,4.169608561239586,intraday_momentum,0.9601573362978304,True,True,True,False,False,,,,,False,False
intraday_momentum__scale,579.0,0.036092574140246206,0.20828685064731522,0.17328301824180198,4.169608561239586,intraday_momentum,0.9601573362978304,True,True,True,False,False,,,,,False,False
intraday_momentum__cs_zscore,579.0,0.036092574140246206,0.20828685064731522,0.17328301824180198,4.169608561239586,intraday_momentum,0.9601573362978304,True,True,True,False,False,,,,,False,False
intraday_momentum__cs_rank,579.0,0.036092574140246206,0.20828685064731522,0.17328301824180198,4.169608561239586,intraday_momentum,0.9601573362978304,True,True,True,False,False,,,,,False,False
post_earnings_3d__ts_argmax__w10,492.0,-0.016573864033697712,0.08838393957462591,-0.18752121837365907,-4.159421836198876,post_earnings_3d,0.9590657241420495,True,True,False,False,False,,,,,False,False
bb_lower__ts_std__w10,576.0,0.025326450140031355,0.14615700213797012,0.17328249601153936,4.158779904276945,bb_lower,0.9592254795551671,True,True,True,True,True,-0.0012304076428503526,0.09959476449129123,-0.012354139789727018,149.0,False,True
days_to_earnings__ts_mean__w10,576.0,-0.015182000975889731,0.08772515958624907,-0.1730632471630124,-4.1535179319122975,days_to_earnings,0.9587695234124876,True,True,False,False,False,,,,,False,False
bb_lower__ts_std__w20,571.0,0.02576130520723607,0.14831434032033164,0.1736939607565688,4.150522501310751,bb_lower,0.9584970160541122,True,True,True,False,False,,,,,False,False
ma_20__ts_argmax__w20,579.0,-0.027581725420646963,0.16001633690624326,-0.17236818411114888,-4.147595439226888,ma_20,0.9582579536032728,True,True,True,False,False,,,,,False,False
vwap_dev_eod__ts_max__w10,579.0,0.03747161949631896,0.2176652442469095,0.17215251624560177,4.142405948717698,vwap_dev_eod,0.9577996105705125,True,True,True,False,False,,,,,False,False
intraday_momentum__ts_decay_linear__w20,561.0,0.03762853056418338,0.2151883336665611,0.17486324617620577,4.141712674522494,intraday_momentum,0.9576973559850073,True,True,True,False,False,,,,,False,False
rsi_above_70__ts_max__w20,579.0,0.02577270297418483,0.14989643015811308,0.17193673623180608,4.137213759650381,rsi_above_70,0.9573369415300359,True,True,True,False,False,,,,,False,False
days_to_earnings__ts_decay_linear__w5,576.0,-0.015119377709506467,0.08771149840186067,-0.17237623327599808,-4.137029598623954,days_to_earnings,0.9573138252775697,True,True,False,False,False,,,,,False,False
intraday_momentum__ts_min__w20,579.0,0.03559754260682888,0.20727475925136665,0.17174084647546958,4.132500178288703,intraday_momentum,0.9569133593635443,True,True,True,False,False,,,,,False,False
rsi_14__ts_max__w20,579.0,0.031011694630212895,0.18062434449402895,0.17169166602145414,4.131316777605883,rsi_14,0.9568064795178098,True,True,True,False,False,,,,,False,False
bb_upper__ts_delta__w20,560.0,0.029817371987099557,0.1709020217332559,0.17447056321919088,4.128727087228235,bb_upper,0.9565283950449498,True,True,True,True,True,-0.017537928718394703,0.08651855391467526,-0.20270714112594435,149.0,False,True
obv_trend__ts_argmax__w20,579.0,0.018761800955625064,0.10938662806856395,0.17151823113027212,4.127143514614347,obv_trend,0.9564278489468381,True,True,False,False,False,,,,,False,False
return_20d__ts_argmax__w10,570.0,0.023326745110515676,0.13527753617541602,0.17243620611383403,4.11685799512099,return_20d,0.9554627856374374,True,True,True,True,True,0.016706078366441005,0.07125606454160523,0.23445131967239932,149.0,False,True
intraday_momentum__ts_max__w5,579.0,0.03620774258760855,0.21173518635027655,0.171004844361152,4.114790187153468,intraday_momentum,0.9552912581975589,True,True,True,False,False,,,,,False,False
days_to_earnings__ts_decay_linear__w10,571.0,-0.015063685222027747,0.0875994202702378,-0.17196101498796887,-4.109112711501157,days_to_earnings,0.9547427251393232,True,True,False,False,False,,,,,False,False
obv__ts_std__w10,576.0,0.020703406142857834,0.1209868804009526,0.1711210841559547,4.106906019742913,obv,0.954546631280319,True,True,True,False,False,,,,,False,False
vwap__ts_rank__w20,571.0,0.03107287343997721,0.18153856289961104,0.17116403778716804,4.090068458088159,vwap,0.9529262501196307,True,True,True,False,False,,,,,False,False
eps_surprise__ts_min__w10,579.0,0.015962333937501585,0.0939231146670639,0.16995107108707405,4.089433853279657,eps_surprise,0.9528831324634358,True,True,False,False,False,,,,,False,False
eightk_material_agreement_30d__ts_argmax__w5,475.0,0.01687756940245596,0.0900948247089335,0.18733117531425128,4.082788310847613,eightk_material_agreement_30d,0.9519460668846885,True,True,False,False,False,,,,,False,False
days_to_earnings__ts_mean__w20,571.0,-0.014947776567977154,0.08781008421513753,-0.17022847320536239,-4.06771257518181,days_to_earnings,0.9507194253336201,True,True,False,False,False,,,,,False,False
ma_5__ts_std__w20,571.0,0.026122999629000783,0.1536339748564952,0.17003400226676085,4.0630655741980055,ma_5,0.9502504392509399,True,True,True,True,True,-0.0021724692948129837,0.1000266952175247,-0.021718895041854452,149.0,False,True
ma_10__ts_std__w5,579.0,0.025164465082325463,0.14905202846718588,0.16883007457939744,4.062459965803818,ma_10,0.950207772787175,True,True,True,False,False,,,,,False,False
rsi_above_70__ts_std__w5,577.0,0.020596793593874358,0.12224966991380355,0.16848138410841398,4.047061725308518,rsi_above_70,0.9486220610722716,True,True,True,False,False,,,,,False,False
post_earnings_1d__ts_argmax__w10,488.0,-0.015914471698124284,0.08719788871474402,-0.18250982830772777,-4.031773885687433,post_earnings_1d,0.9467640584105278,True,True,False,False,False,,,,,False,False
eps_surprise__ts_max__w20,579.0,0.01601541830214566,0.09619402453101786,0.16649078131647846,4.00617091154285,eps_surprise,0.9442329372113207,True,True,False,False,False,,,,,False,False
eightk_material_agreement_30d__ts_std__w5,551.0,-0.016347430237126804,0.09579185639637369,-0.17065574102127595,-4.005868626263219,eightk_material_agreement_30d,0.9441293391979156,True,True,False,False,False,,,,,False,False
rev_growth_yoy__ts_argmax__w20,541.0,-0.015223639623839566,0.08904141951527068,-0.17097256205836542,-3.9767203553241806,rev_growth_yoy,0.9407894157269104,True,True,False,False,False,,,,,False,False
insider_net_shares__ts_max__w5,578.0,0.015568743164426455,0.094156081794091,0.16535037214562076,3.9752925601401805,insider_net_shares,0.9407190806371748,True,True,False,True,False,0.023795779766132126,0.06508227667511304,0.3656261117741667,36.0,False,False
rev_growth_qoq__ts_argmax__w10,340.0,-0.01967619779227733,0.09164504272565324,-0.21470007768101107,-3.958873822328636,rev_growth_qoq,0.9377941727734876,True,True,False,False,False,,,,,False,False
obv__ts_std__w5,579.0,0.01996923053256251,0.12145611964080809,0.1644151862550781,3.9562270738518133,obv,0.9384678308652374,True,True,False,False,False,,,,,False,False
vwap__ts_rank__w10,576.0,0.02897673137409746,0.1761822248728945,0.1644702318579671,3.9472855645912106,vwap,0.9373805891225905,True,True,True,False,False,,,,,False,False
is_squeeze_setup__ts_argmax__w5,537.0,0.018100099902914613,0.10691028478413997,0.16930176492804314,3.9232738937476634,is_squeeze_setup,0.9343026556518489,True,True,False,False,False,,,,,False,False
is_squeeze_setup__ts_argmax__w10,570.0,0.018621385746955765,0.11348152044438721,0.16409178934187235,3.917637775211987,is_squeeze_setup,0.9336782775782896,True,True,False,False,False,,,,,False,False
days_to_earnings__ts_decay_linear__w20,561.0,-0.014463879610325118,0.08816656946306389,-0.16405174544513212,-3.885637538164937,days_to_earnings,0.929487385501156,True,True,False,False,False,,,,,False,False
post_earnings_3d__ts_std__w20,571.0,0.015004346193192537,0.09266289948573844,0.16192398766349658,3.869271858226599,post_earnings_3d,0.9273055725689995,True,True,False,False,False,,,,,False,False
rsi_14__ts_decay_linear__w20,561.0,0.031171528390055513,0.1909097661183911,0.16327885693770505,3.867331334904946,rsi_14,0.9270138950711572,True,True,True,False,False,,,,,False,False
is_squeeze_setup__ts_decay_linear__w20,561.0,-0.030898321729312245,0.1895570002399339,-0.16300279963389558,-3.8607927965952427,is_squeeze_setup,0.9261144145711101,True,True,True,False,False,,,,,False,False
rev_growth_qoq__ts_delta__w20,560.0,0.014575474792404921,0.08934184214449198,0.16314276091187038,3.8606623583590824,rev_growth_qoq,0.9260936901133208,True,True,False,False,False,,,,,False,False
vwap__ts_argmax__w5,579.0,-0.027733316076883414,0.1737371254443604,-0.15962803578078683,-3.841036654132244,vwap,0.9233920279757571,True,True,True,False,False,,,,,False,False
vwap_dev_eod__group_neutralize,579.0,0.023984096976546094,0.15037704417110312,0.15949307361871226,3.837789138062064,vwap_dev_eod,0.9229293067550803,True,True,True,False,False,,,,,False,False
vwap__ts_std__w5,579.0,0.02310350866633688,0.14534150536984178,0.15896015806047126,3.824965900698096,vwap,0.9210813071841892,True,True,True,False,False,,,,,False,False
post_earnings_1d__ts_std__w20,571.0,0.014563104048598879,0.09137644388225007,0.15937481729279432,3.8083578866803878,post_earnings_1d,0.9186171837503315,True,True,False,False,False,,,,,False,False
eightk_exec_change_30d__ts_argmax__w10,578.0,0.013364046347447716,0.08457384937385315,0.15801629518331164,3.798969391311225,eightk_exec_change_30d,0.9172289886392877,True,True,False,True,False,-0.012821974235393408,0.0818130157364175,-0.15672291407400046,147.0,False,False
post_earnings_5d__ts_argmax__w10,487.0,-0.01523476020123048,0.08865801132949636,-0.17183737795122306,-3.7921204005913065,post_earnings_5d,0.9159132768273947,True,True,False,False,False,,,,,False,False
rev_x_low52w__ts_delta__w10,496.0,0.018528866373110863,0.10889762897298064,0.17014940130338552,3.7894070917354155,rev_x_low52w,0.9155314681499847,True,True,False,False,False,,,,,False,False
rev_growth_yoy__ts_mean__w20,571.0,0.021486514177515754,0.13652369178671311,0.15738304389749064,3.760763253805926,rev_growth_yoy,0.9112972198047311,True,True,True,False,False,,,,,False,False
rsi_14__ts_mean__w10,576.0,0.029479343167228833,0.18863826336533776,0.1562744622501951,3.750587094004682,rsi_14,0.9096832060433778,True,True,True,False,False,,,,,False,False
vwap__ts_rank__w5,579.0,0.026993741218290443,0.17376850753961157,0.15534311481691848,3.7379310912417747,vwap,0.9076363339203304,True,True,True,False,False,,,,,False,False
vwap__ts_delta__w10,570.0,0.03173102825884954,0.20292761381868393,0.15636624144805275,3.733192847257789,vwap,0.9068345325727295,True,True,True,False,False,,,,,False,False
return_20d__ts_min__w20,579.0,0.03343088775495339,0.2173817438792954,0.1537888470225743,3.700531648598681,return_20d,0.9013615432245897,True,True,True,False,False,,,,,False,False
bb_width__ts_delta__w10,570.0,0.020903358104992713,0.13521972693097123,0.15458808103985994,3.6907398493749453,bb_width,0.8996442713701647,True,True,True,False,False,,,,,False,False
low_52w_ratio__ts_mean__w10,344.0,0.052520533011034654,0.26414830472068523,0.19882971827727886,3.687741905740747,low_52w_ratio,0.8981201379107289,True,True,True,True,True,-0.10224850617601368,0.12042959669177067,-0.8490313758810474,148.0,False,True
rev_growth_yoy__ts_delta__w20,557.0,0.013464854909346347,0.0863547876572817,0.1559248221741293,3.6799579406168292,rev_growth_yoy,0.8977192617041767,True,True,False,False,False,,,,,False,False
bb_lower__ts_std__w5,579.0,0.022323097141919383,0.14606656181316352,0.15282825079755952,3.677417379904867,bb_lower,0.8973296875828014,True,True,True,False,False,,,,,False,False
eightk_filings_30d__ts_rank__w10,576.0,-0.013533785926942883,0.08837427731372716,-0.15314168713253717,-3.675400491180892,eightk_filings_30d,0.8969644128944381,True,True,False,True,False,0.002864448838790738,0.07790719343466368,0.036767449994113674,149.0,False,False
post_earnings_1d__ts_mean__w20,571.0,0.014050978231709572,0.09146890289711404,0.15361481100865917,3.6707190442827535,post_earnings_1d,0.896118006197611,True,True,False,False,False,,,,,False,False
eps_surprise__ts_argmax__w20,572.0,-0.012901307639494562,0.08434453222694922,-0.15295962048589581,-3.6582620498723526,eps_surprise,0.8938797451054908,True,True,False,False,False,,,,,False,False
rsi_14__ts_max__w10,579.0,0.027470388254634482,0.18148870840108014,0.1513614180003222,3.6421218347826487,rsi_14,0.8909426426227327,True,True,True,False,False,,,,,False,False
rev_x_low52w__ts_std__w20,569.0,0.019893638268345656,0.1306323474263269,0.15228722946715115,3.632617065869488,rev_x_low52w,0.8891481924698161,True,True,False,False,False,,,,,False,False
ma_50__ts_std__w10,546.0,0.023581140168098473,0.15223833891445238,0.15489619984194306,3.6194041868945,ma_50,0.8865919224057806,True,True,True,True,True,0.0005541724630360153,0.09471520505350438,0.005850934522318403,149.0,False,True
rsi_14__ts_decay_linear__w10,571.0,0.0282703224687612,0.1866578338356056,0.15145532275735937,3.6191167632403074,rsi_14,0.8866068869175827,True,True,True,False,False,,,,,False,False
rev_growth_yoy__ts_argmax__w10,308.0,-0.01776376562369347,0.08617555686245196,-0.20613461949595385,-3.617647890171242,rev_growth_yoy,0.885032667442572,True,True,False,False,False,,,,,False,False
vwap__ts_delta__w20,560.0,0.03113722315668706,0.20373932740019213,0.1528287324495099,3.616587897285143,vwap,0.8860953571286914,True,True,True,False,False,,,,,False,False
return_20d__ts_mean__w20,570.0,0.030622854331599277,0.20223304874707657,0.1514235903642923,3.6151886700037394,return_20d,0.8858554119883151,True,True,True,False,False,,,,,False,False
post_earnings_3d__ts_mean__w20,571.0,0.013975505077843092,0.09252172956949428,0.15105105733400614,3.609456595846917,post_earnings_3d,0.884759031476272,True,True,False,False,False,,,,,False,False
bb_upper__ts_std__w5,579.0,0.021086006285097044,0.14058102914854562,0.14999183327087764,3.609166313398168,bb_upper,0.8847241625712495,True,True,True,False,False,,,,,False,False
ma_50__ts_std__w5,549.0,0.023095664156501827,0.1501953095272272,0.1537708749307852,3.6029667782761434,ma_50,0.8834447659562471,True,True,True,False,False,,,,,False,False
intraday_momentum__group_neutralize,579.0,0.021900100595413658,0.14637018027074297,0.14962132693219846,3.600251034697317,intraday_momentum,0.8829991550731552,True,True,True,False,False,,,,,False,False
return_20d__ts_min__w10,579.0,0.03014457668119321,0.20178448591163822,0.14938996199337928,3.594683834636634,return_20d,0.881912672881269,True,True,True,False,False,,,,,False,False
vol_x_short__group_neutralize,579.0,-0.022184876897300556,0.1487382978025971,-0.14915376352325843,-3.589000328121337,vol_x_short,0.8807961064181906,True,True,True,True,True,0.005321143546990732,0.09593339613809163,0.05546706111947913,149.0,False,True
insider_net_shares__ts_max__w10,579.0,0.013185149486547674,0.0888839920842209,0.14834110369451287,3.5694457669549067,insider_net_shares,0.8768972613290971,True,True,False,False,False,,,,,False,False
low_52w_ratio__ts_min__w5,348.0,0.04987442554245213,0.2607188804205415,0.1912957951568537,3.568576785380012,low_52w_ratio,0.8757357362018316,True,True,True,False,False,,,,,False,False
macd_signal__ts_std__w10,576.0,0.02081914199271335,0.14007693507136731,0.14862648145539648,3.5670355549295154,macd_signal,0.8764027972261933,True,True,True,True,True,-0.005080702936875897,0.09110573283960996,-0.05576710464335307,149.0,False,True
low_52w_ratio__ts_decay_linear__w5,344.0,0.0506321565759709,0.2639712425497617,0.19180936562218948,3.5575337612864684,low_52w_ratio,0.8734659326275004,True,True,True,False,False,,,,,False,False
vwap__ts_delta__w5,575.0,0.029878065448441446,0.20173595536263075,0.14810481054175043,3.5514285957519234,vwap,0.8732157858454418,True,True,True,False,False,,,,,False,False
vwap__ts_std__w10,576.0,0.021612289995886522,0.1461732448224667,0.14785393881168554,3.5484945314804532,vwap,0.8726133560595499,True,True,True,False,False,,,,,False,False
vwap__ts_std__w20,571.0,0.021817549045827025,0.14717618916832576,0.14824102437435882,3.542309154579302,vwap,0.8713182415396976,True,True,True,False,False,,,,,False,False
ma5_above_ma20__ts_argmax__w5,577.0,0.015606351995275814,0.10586662409059007,0.14741522296886939,3.541035169922599,ma5_above_ma20,0.8710686743714723,True,True,False,False,False,,,,,False,False
low_52w_ratio__ts_mean__w20,339.0,0.05082757737042587,0.2643477515816428,0.1922754291130332,3.5401660945729305,low_52w_ratio,0.8698474111142241,True,True,True,False,False,,,,,False,False
is_squeeze_setup__ts_max__w10,579.0,-0.026554002869287177,0.18132219156157187,-0.1464465140234652,-3.523857356777211,is_squeeze_setup,0.86746091923079,True,True,True,False,False,,,,,False,False
vol_x_short__ts_delta__w10,570.0,0.017989994388698357,0.12190717023594519,0.14757125732538642,3.523215479288684,vol_x_short,0.8673012996824496,True,True,False,False,False,,,,,False,False
volatility_10d__ts_delta__w10,570.0,0.018296895803726624,0.12400179194271992,0.1475534790027752,3.522791027653895,volatility_10d,0.8672110862077932,True,True,False,True,False,0.0382066203718804,0.08107234346518248,0.4712657700377035,149.0,False,False
ma_20__ts_std__w20,571.0,0.022769833155466355,0.15522819865818424,0.1466861907326903,3.5051554620304604,ma_20,0.8634277955871968,True,True,True,False,False,,,,,False,False
low_52w_ratio__ts_min__w10,348.0,0.04861226483267057,0.25906992811129953,0.18764148037971493,3.500406427168658,low_52w_ratio,0.8614467645621587,True,True,True,False,False,,,,,False,False
rev_growth_yoy__ts_std__w10,333.0,0.018135090695554093,0.09457715921398147,0.19174915853121924,3.4990937901897405,rev_growth_yoy,0.8610518425628788,True,True,False,False,False,,,,,False,False
ma_5__ts_std__w10,576.0,0.02218311872671317,0.1522105577445178,0.14573968491691006,3.4977524380058416,ma_5,0.8618294983420685,True,True,True,False,False,,,,,False,False
vol_surge_eod__ts_mean__w10,576.0,0.016776512395628138,0.11532071571911824,0.14547700550601833,3.49144813214444,vol_surge_eod,0.8604471755077792,True,True,False,True,False,0.034524758790819066,0.09360946498342486,0.3688169652174837,149.0,False,False
ma5_above_ma20__ts_min__w20,576.0,0.020021849049489317,0.13777005973266246,0.14532801312811325,3.4878723150747177,ma5_above_ma20,0.8596589254037146,True,True,True,False,False,,,,,False,False
macd__ts_min__w5,579.0,0.027613182966097993,0.1909026518751046,0.14464536084162694,3.4805172545369727,macd,0.8580356058517355,True,True,True,True,True,-0.032618631766450745,0.07498996257967915,-0.4349733036843757,149.0,False,True
rev_x_low52w__ts_std__w10,492.0,0.020802588141913023,0.13265866192699174,0.15681288986136208,3.4782781593659906,rev_x_low52w,0.8572797225699567,True,True,True,False,False,,,,,False,False
post_earnings_5d__ts_std__w20,571.0,0.013512634456823536,0.09287489832896552,0.14549285867276432,3.4766400689524026,post_earnings_5d,0.8571503483608487,True,True,False,False,False,,,,,False,False
post_earnings_5d__ts_mean__w20,571.0,0.01346654315693893,0.09261400617261714,0.14540503875665986,3.4745415588126884,post_earnings_5d,0.8566807441622247,True,True,False,False,False,,,,,False,False
rsi_14__ts_min__w10,579.0,0.025694543671282516,0.17824640371060205,0.14415182094220402,3.468641490767233,rsi_14,0.8553751010016073,True,True,True,False,False,,,,,False,False
low_52w_ratio__ts_mean__w5,347.0,0.04924468874902468,0.26446373059582384,0.18620583109101124,3.468630306288938,low_52w_ratio,0.8544067711904498,True,True,True,False,False,,,,,False,False
low_52w_ratio__ts_decay_linear__w10,339.0,0.049676527509838746,0.26373002085791714,0.18836129215870218,3.468099190345185,low_52w_ratio,0.8542304800219614,True,True,True,False,False,,,,,False,False
bb_pct__ts_std__w10,576.0,-0.016682136611035646,0.11547121955134336,-0.14447008246603013,-3.4672819791847234,bb_pct,0.8550608501920351,True,True,False,True,False,0.0019497865246750547,0.08219286851133664,0.023722088789322714,149.0,False,False
post_earnings_3d__ts_argmax__w20,566.0,-0.013170613407319514,0.090475598221695,-0.14557089056263742,-3.463241320703314,post_earnings_3d,0.8541210054729378,True,True,False,False,False,,,,,False,False
ma20_above_ma50__ts_delta__w20,550.0,0.01931124231915547,0.13085886043608946,0.14757305890331318,3.460895006027257,ma20_above_ma50,0.8535454397600752,True,True,False,True,False,,,,0.0,False,False
eightk_exec_change_30d__ts_min__w10,579.0,0.01199139779259597,0.08338034997930989,0.14381563276685133,3.460551990085856,eightk_exec_change_30d,0.8535435876844453,True,True,False,False,False,,,,,False,False
bb_upper__ts_delta__w10,570.0,0.020984439747058485,0.1448260370181253,0.1448941100586232,3.4592994643305803,bb_upper,0.8532358276538521,True,True,True,False,False,,,,,False,False
vol_zscore_60d__ts_argmax__w10,579.0,-0.014949945756979261,0.10441579668628945,-0.1431770501344295,-3.4451861473262992,vol_zscore_60d,0.8500216732514401,True,True,False,True,False,-0.02629200105210405,0.08435153696439164,-0.3116955777960871,149.0,False,False
is_squeeze_setup__ts_decay_linear__w10,571.0,-0.026419229967361416,0.1833247349519364,-0.14411164960520978,-3.4436352408689785,is_squeeze_setup,0.8496429769830105,True,True,True,False,False,,,,,False,False
post_earnings_1d__ts_rank__w20,571.0,-0.01304351591090889,0.09056722393083083,-0.14402026853412944,-3.441451634772021,post_earnings_1d,0.8491371196775467,True,True,False,False,False,,,,,False,False
low_52w_ratio__ts_max__w10,348.0,0.04971150634801429,0.2695288271784899,0.1844385510388982,3.440656555084543,low_52w_ratio,0.8480245680323688,True,True,True,False,False,,,,,False,False
rsi_14__ts_max__w5,579.0,0.026072299851413433,0.18262847101633733,0.1427614199818882,3.435185080517045,rsi_14,0.8476990907290525,True,True,True,False,False,,,,,False,False
post_earnings_5d__ts_argmax__w20,566.0,-0.013126740776334364,0.09109933835589798,-0.14409260279204333,-3.4280717392627933,post_earnings_5d,0.8459998742585186,True,True,False,False,False,,,,,False,False
low_52w_ratio__ts_max__w20,348.0,0.049774092456281734,0.271621189903859,0.18324819383163515,3.418450729323106,low_52w_ratio,0.8428206802641411,True,True,True,False,False,,,,,False,False
post_earnings_5d__ts_std__w5,465.0,0.014190771218494417,0.08954009947553604,0.15848509552272264,3.4175501984350762,post_earnings_5d,0.8431982994643218,True,True,False,False,False,,,,,False,False
post_earnings_5d__ts_mean__w5,470.0,0.014181805701820106,0.09020667241501655,0.157214597569606,3.408331256468096,post_earnings_5d,0.8410174814887954,True,True,False,False,False,,,,,False,False
low_52w_ratio__ts_min__w20,348.0,0.046584675321603604,0.2551700921872686,0.1825632264435412,3.4056728283875928,low_52w_ratio,0.8397731140499484,True,True,True,False,False,,,,,False,False
low_52w_ratio__ts_decay_linear__w20,329.0,0.04945310883950324,0.2638016514949545,0.18746322685720218,3.4002749607057052,low_52w_ratio,0.8383398145138711,True,True,True,False,False,,,,,False,False
rev_x_low52w__ts_argmax__w20,575.0,-0.0136945823027677,0.09671226764961789,-0.1416012945987603,-3.395479761893129,rev_x_low52w,0.83823239968258,True,True,False,False,False,,,,,False,False
is_squeeze_setup__ts_rank__w20,571.0,0.015554737075866586,0.10969304032025387,0.14180240633730104,3.3884544729095887,is_squeeze_setup,0.8365100278936017,True,True,False,False,False,,,,,False,False
post_earnings_1d__ts_argmax__w20,571.0,-0.012844351051340094,0.09070584414864603,-0.14160444866475366,-3.383724154304174,post_earnings_1d,0.8353503115074459,True,True,False,False,False,,,,,False,False
post_earnings_3d__ts_decay_linear__w20,561.0,0.012982753135431135,0.09089100268311197,0.14283870517629793,3.383197376107933,post_earnings_3d,0.8351956653031372,True,True,False,False,False,,,,,False,False
post_earnings_1d__ts_max__w20,579.0,0.012792878716767287,0.09109924701849,0.14042793036665577,3.3790356760574585,post_earnings_1d,0.834215034797549,True,True,False,False,False,,,,,False,False
rsi_14__ts_min__w20,579.0,0.02506354483918252,0.17861899724705113,0.14031847242159065,3.3764018531389173,rsi_14,0.8335640056391243,True,True,True,False,False,,,,,False,False
insider_21d__ts_std__w5,579.0,0.01784669647198611,0.12723345396424404,0.14026732683843907,3.375171166695767,insider_21d,0.8332592352431463,True,True,False,True,False,0.0008476660312840615,0.07227595509376386,0.011728188582003257,133.0,False,False
rev_growth_qoq__ts_rank__w20,570.0,0.012450673459811643,0.08815907774943083,0.1412296246473838,3.371811074257175,rev_growth_qoq,0.8324034408679772,True,True,False,False,False,,,,,False,False
low_52w_ratio__ts_max__w5,348.0,0.04810067571456651,0.26668436820722446,0.18036556112351645,3.3646759134441955,low_52w_ratio,0.8297332636654626,True,True,True,False,False,,,,,False,False
vol_x_short__ts_std__w20,571.0,-0.030778895542477373,0.21863006893015408,-0.14078070639181078,-3.364040333264927,vol_x_short,0.8304670123465574,True,True,True,False,False,,,,,False,False
macd__ts_max__w20,579.0,0.026834136599825135,0.1925113607604658,0.13938988584270506,3.3540578139568975,macd,0.8279742616893959,True,True,True,False,False,,,,,False,False
rsi_above_70__ts_argmax__w10,575.0,-0.01637008369359171,0.11720106647868538,-0.13967521103205008,-3.3492939004643114,rsi_above_70,0.8267575580988801,True,True,False,False,False,,,,,False,False
post_earnings_1d__ts_decay_linear__w20,561.0,0.012900524006367953,0.09132696243511705,0.14125646646282677,3.3457213582653944,post_earnings_1d,0.8258144920761977,True,True,False,False,False,,,,,False,False
short_ratio__group_neutralize,579.0,-0.014647024554973626,0.10540056940806848,-0.13896532663183495,-3.343841892406368,short_ratio,0.8253788326734028,True,True,False,False,False,,,,,False,False
low_52w_ratio__scale,348.0,0.047138091370863465,0.2630925280384303,0.17916925167854988,3.3423590501282088,low_52w_ratio,0.8241002492325782,True,True,True,False,False,,,,,False,False
low_52w_ratio__cs_zscore,348.0,0.047138091370863465,0.2630925280384303,0.17916925167854988,3.3423590501282088,low_52w_ratio,0.8241002492325782,True,True,True,False,False,,,,,False,False
low_52w_ratio__cs_rank,348.0,0.047138091370863465,0.2630925280384303,0.17916925167854988,3.3423590501282088,low_52w_ratio,0.8241002492325782,True,True,True,False,False,,,,,False,False
low_52w_ratio__signed_power_p05,348.0,0.047138091370863465,0.2630925280384303,0.17916925167854988,3.3423590501282088,low_52w_ratio,0.8241002492325782,True,True,True,False,False,,,,,False,False
low_52w_ratio__cs_demean,348.0,0.047138091370863465,0.2630925280384303,0.17916925167854988,3.3423590501282088,low_52w_ratio,0.8241002492325782,True,True,True,False,False,,,,,False,False
post_earnings_5d__ts_max__w5,470.0,0.013872596713310722,0.09003479923670607,0.1540803870383379,3.340383191318847,post_earnings_5d,0.8241799326631885,True,True,False,False,False,,,,,False,False
obv_trend__ts_delta__w20,560.0,-0.019363662645912327,0.13805368654152803,-0.14026182951722577,-3.3192006957896973,obv_trend,0.8189707277357405,True,True,False,False,False,,,,,False,False
macd__ts_mean__w5,579.0,0.026851581627009506,0.19533979477656288,0.137460887873479,3.3076414568971697,macd,0.8159816005874176,True,True,True,False,False,,,,,False,False
ma20_above_ma50__ts_argmax__w5,529.0,0.012677331413212983,0.08824935370007399,0.14365353265133718,3.304031250980755,ma20_above_ma50,0.8149022138633597,True,True,False,False,False,,,,,False,False
high_52w_ratio__ts_max__w20,348.0,0.03878013553463744,0.2192537258144195,0.17687332514231335,3.2995290959651618,high_52w_ratio,0.8129592514035131,True,True,True,True,True,-0.091813594575913,0.11532936106367135,-0.7960990482313025,148.0,False,True
bb_upper__ts_argmax__w10,579.0,-0.017369714704878667,0.12684246904094867,-0.1369392667630207,-3.2950899912662144,bb_upper,0.8126506744446755,True,True,False,False,False,,,,,False,False
macd_signal__ts_max__w10,579.0,0.026804917593030664,0.1962455403909826,0.13658867121070303,3.2866538142460495,macd_signal,0.8103909084791681,True,True,True,False,False,,,,,False,False
macd_signal__signed_power_p05,579.0,0.02689673299247457,0.19763203502201387,0.13609500600182856,3.274775035227803,macd_signal,0.8071804885608267,True,True,True,False,False,,,,,False,False
macd_signal__scale,579.0,0.02689673299247457,0.19763203502201387,0.13609500600182856,3.274775035227803,macd_signal,0.8071804885608267,True,True,True,False,False,,,,,False,False
macd_signal__cs_rank,579.0,0.02689673299247457,0.19763203502201387,0.13609500600182856,3.274775035227803,macd_signal,0.8071804885608267,True,True,True,False,False,,,,,False,False
macd_signal__cs_zscore,579.0,0.02689673299247457,0.19763203502201387,0.13609500600182856,3.274775035227803,macd_signal,0.8071804885608267,True,True,True,False,False,,,,,False,False
macd_signal__cs_demean,579.0,0.02689673299247457,0.19763203502201387,0.13609500600182856,3.274775035227803,macd_signal,0.8071804885608267,True,True,True,False,False,,,,,False,False
post_earnings_5d__ts_decay_linear__w5,467.0,0.013705773485246724,0.09046909398510941,0.15149674746939104,3.2738724041426344,post_earnings_5d,0.8066250511136175,True,True,False,False,False,,,,,False,False
rsi_14__ts_mean__w5,579.0,0.02508387582554468,0.18449970825804082,0.13595618151581268,3.2714345823012865,rsi_14,0.8062716886368926,True,True,True,False,False,,,,,False,False
rev_growth_qoq__ts_std__w20,570.0,0.012927362869078345,0.09437986374110517,0.13697162039287947,3.270152616016432,rev_growth_qoq,0.8059018436997452,True,True,False,False,False,,,,,False,False
eightk_material_agreement_30d__ts_max__w5,579.0,-0.013439476185751264,0.09920961656984503,-0.1354654583942442,-3.259626597020034,eightk_material_agreement_30d,0.8030381901474382,True,True,False,False,False,,,,,False,False
bb_pct__ts_mean__w20,571.0,0.024826176204823566,0.18224247931967133,0.1362260670371807,3.255204464450572,bb_pct,0.8018009497353851,True,True,True,False,False,,,,,False,False
eightk_material_agreement_30d__ts_decay_linear__w5,576.0,-0.013487515321515287,0.09946729934261157,-0.13559748189259688,-3.254339565422325,eightk_material_agreement_30d,0.801573148433137,True,True,False,False,False,,,,,False,False
rev_x_low52w__ts_std__w5,434.0,0.020730838138733047,0.13284060064610792,0.15605799761445477,3.2511042433047264,rev_x_low52w,0.8002602591762353,True,True,True,False,False,,,,,False,False
is_squeeze_setup__ts_mean__w10,576.0,-0.024886756911494796,0.1838051848793917,-0.13539746948827833,-3.2495392677186796,is_squeeze_setup,0.8002433627313856,True,True,True,False,False,,,,,False,False
insider_60d__ts_delta__w20,560.0,-0.013815670829169992,0.10066472300970848,-0.1372444130982962,-3.247795590696809,insider_60d,0.7997226128907007,True,True,False,False,False,,,,,False,False
eightk_material_agreement_30d__ts_mean__w5,579.0,-0.01333275753109162,0.09917236240300878,-0.134440253393491,-3.2349576849042423,eightk_material_agreement_30d,0.7961774736545608,True,True,False,False,False,,,,,False,False
bb_upper__ts_argmax__w20,579.0,-0.018951590032905155,0.14155203253835752,-0.1338842663934881,-3.2215792928455635,bb_upper,0.7923974992377393,True,True,False,False,False,,,,,False,False
eightk_filings_30d__ts_delta__w5,575.0,-0.01176756643407973,0.08763482259276534,-0.1342795715895156,-3.2199110118296295,eightk_filings_30d,0.7919146317554454,True,True,False,False,False,,,,,False,False
macd__ts_std__w20,571.0,0.019613888714164706,0.14559631915522664,0.13471417978124486,3.219077001826807,macd,0.7916685891276414,True,True,False,False,False,,,,,False,False
volatility_10d__ts_argmax__w10,579.0,-0.014035929134861558,0.10514052993827507,-0.13349684601268078,-3.2122570213788997,volatility_10d,0.7897390483009934,True,True,False,False,False,,,,,False,False
macd__ts_min__w10,579.0,0.02496194333798291,0.18712181089317112,0.1333994322673257,3.2099130110382665,macd,0.7890674459111888,True,True,True,False,False,,,,,False,False
macd_signal__ts_min__w5,579.0,0.026021640959227803,0.19629705879452058,0.13256256165542796,3.189775879867401,macd_signal,0.7832457679530356,True,True,True,False,False,,,,,False,False
atr__ts_rank__w20,571.0,0.019871957488370624,0.14923559506207737,0.13315829564725834,3.181898207127123,atr,0.7809263967879307,True,True,False,True,False,0.016094744679756835,0.0780336408523061,0.2062539246402623,149.0,False,False
obv_trend__ts_mean__w20,571.0,0.01997347184945639,0.15000168729067456,0.13315498118865574,3.181819006129288,obv_trend,0.7809031754529137,True,True,False,False,False,,,,,False,False
post_earnings_5d__ts_decay_linear__w20,561.0,0.012232875365940562,0.09126079129154477,0.13404305609033138,3.1748685700460166,post_earnings_5d,0.7788384335215075,True,True,False,False,False,,,,,False,False
macd_signal__ts_mean__w5,579.0,0.026115065524264354,0.19831741347307758,0.13168316925336254,3.168615571572076,macd_signal,0.7770285440980056,True,True,True,False,False,,,,,False,False
bb_width__ts_rank__w20,571.0,0.015485772791958828,0.11687124009718695,0.13250285338874884,3.166236016971495,bb_width,0.7763066386171591,True,True,False,False,False,,,,,False,False
vol_x_short__ts_mean__w20,571.0,-0.030679626874044193,0.23181393393857067,-0.1323459136074802,-3.162485845746951,vol_x_short,0.7751922489943373,True,True,True,False,False,,,,,False,False
eightk_reg_fd_30d__ts_delta__w10,570.0,-0.011618472653500935,0.08811995991660282,-0.13184836516603862,-3.1478365739449576,eightk_reg_fd_30d,0.7708067883466808,True,True,False,True,False,,,,0.0,False,False
atr__ts_delta__w10,570.0,0.018398471869145734,0.13968214512137184,0.1317167047596458,3.144693224825218,atr,0.7698599700765569,True,True,False,False,False,,,,,False,False
macd__ts_decay_linear__w10,571.0,0.02573575299143635,0.19566368862964356,0.1315305521002905,3.1430022881865565,macd,0.7693517565809871,True,True,True,False,False,,,,,False,False
vol_x_short__ts_std__w10,576.0,-0.027916354042480704,0.21322054049526343,-0.13092713290022284,-3.142251189605348,vol_x_short,0.7691349425635604,True,True,True,False,False,,,,,False,False
ma5_above_ma20__ts_rank__w20,571.0,-0.01705231098955579,0.12968361691931338,-0.1314916362963982,-3.1420723714582603,ma5_above_ma20,0.7690708786386137,True,True,False,False,False,,,,,False,False
vol_surge_eod__ts_argmax__w10,579.0,0.012791524559423926,0.09802283553713624,0.13049535334629062,3.140033847721949,vol_surge_eod,0.7684704135730094,True,True,False,False,False,,,,,False,False
pre_earnings_drift__ts_decay_linear__w20,561.0,0.012724801100370232,0.09617012736912246,0.13231552716499584,3.133951289816319,pre_earnings_drift,0.7665893548418821,True,True,False,False,False,,,,,False,False
return_20d__ts_mean__w10,575.0,0.02576406446574747,0.19713867685222541,0.13069005472254508,3.1338374211092304,return_20d,0.7665831218829526,True,True,True,False,False,,,,,False,False
ma5_above_ma20__ts_mean__w20,571.0,0.022542687091761892,0.17202299607020066,0.13104461384082902,3.1313904988568786,ma5_above_ma20,0.7658306822992171,True,True,True,False,False,,,,,False,False
high_52w_ratio__ts_max__w5,348.0,0.03690387594368716,0.22065533603442394,0.16724669616840748,3.1199466610790267,high_52w_ratio,0.7616117024643005,True,True,True,False,False,,,,,False,False
post_earnings_3d__ts_rank__w10,539.0,-0.012042337483899273,0.0898146065542559,-0.13407994474289264,-3.1128500803663197,post_earnings_3d,0.7600806325528401,True,True,False,False,False,,,,,False,False
high_52w_ratio__ts_max__w10,348.0,0.03684197597364693,0.22179090035129892,0.16611130535694751,3.0987662201352646,high_52w_ratio,0.7550781245408602,True,True,True,False,False,,,,,False,False
insider_21d__ts_delta__w20,560.0,-0.011817390475819062,0.09027479015763057,-0.13090465738202756,-3.0977695882055807,insider_21d,0.7554468786810329,True,True,False,False,False,,,,,False,False
macd_signal__ts_max__w5,579.0,0.025501309797680033,0.19837748679774267,0.12854941460005537,3.093209854590503,macd_signal,0.7540591580954107,True,True,True,False,False,,,,,False,False
vol_x_short__ts_decay_linear__w10,571.0,-0.0297182600624883,0.2299347514488495,-0.12924649221237583,-3.088423292360574,vol_x_short,0.7525441398865025,True,True,True,False,False,,,,,False,False
macd_signal__ts_std__w5,579.0,0.017845234353148574,0.13931002521973213,0.1280972731503098,3.0823302376558557,macd_signal,0.7506424863139232,True,True,False,False,False,,,,,False,False
eightk_filings_30d__ts_argmax__w10,579.0,0.01162744739776462,0.09121755159169508,0.12746940906516552,3.067222309070151,eightk_filings_30d,0.7458560460979317,True,True,False,False,False,,,,,False,False
eightk_filings_30d__ts_rank__w5,579.0,-0.010914689540763382,0.08575778508118798,-0.12727345430423964,-3.062507163540818,eightk_filings_30d,0.7443523175003809,True,True,False,False,False,,,,,False,False
post_earnings_5d__ts_rank__w10,549.0,-0.011893230773103027,0.09101553280620413,-0.13067253914149826,-3.061755469439359,post_earnings_5d,0.7440558891388461,True,True,False,False,False,,,,,False,False
vol_x_short__ts_std__w5,579.0,-0.02580446678176001,0.2030199181886011,-0.12710312865848078,-3.058408716514902,vol_x_short,0.7430414648000435,True,True,True,False,False,,,,,False,False
ma20_above_ma50__ts_std__w5,550.0,-0.011549880650279279,0.08861006532228355,-0.13034501902544846,-3.056861657257241,ma20_above_ma50,0.7424918117940453,True,True,False,False,False,,,,,False,False
ma_20__ts_delta__w10,570.0,0.023353822602499404,0.18242739498704535,0.12801708100999754,3.0563659184205276,ma_20,0.7423706392556173,True,True,True,False,False,,,,,False,False
eightk_material_agreement_30d__ts_std__w20,571.0,-0.012317569886834747,0.09650103488268799,-0.1276418424093448,-3.0500792124329004,eightk_material_agreement_30d,0.7403523196335424,True,True,False,False,False,,,,,False,False
macd__ts_mean__w10,576.0,0.024835227594816742,0.1958794746270168,0.12678831022038758,3.042919445289302,macd,0.7380504512050081,True,True,True,False,False,,,,,False,False
vol_10d_self_rank__group_neutralize,579.0,-0.011177360234959098,0.08840031648061428,-0.1264402739713068,-3.0424588294080093,vol_10d_self_rank,0.7379066443691067,True,True,False,True,False,0.0058488918059295784,0.08579944674049907,0.06816934173969194,149.0,False,False
ma_20__ts_delta__w20,560.0,0.023812902725018313,0.18550048093890376,0.1283711104385832,3.037814924799001,ma_20,0.7363679381860385,True,True,True,False,False,,,,,False,False
vol_x_short__ts_max__w20,579.0,-0.028946996892464952,0.22945397034586534,-0.1261560078861654,-3.035618699807879,vol_x_short,0.7356884216638203,True,True,True,False,False,,,,,False,False
macd__ts_decay_linear__w5,576.0,0.024553455829892063,0.19414199122801837,0.1264716390028894,3.035319336069346,macd,0.7355859556546052,True,True,True,False,False,,,,,False,False
bb_pct__ts_std__w20,571.0,-0.01563365779091089,0.12320726674486052,-0.12688908863862153,-3.032091704693859,bb_pct,0.7345270520841447,True,True,False,False,False,,,,,False,False
intraday_momentum__ts_argmax__w5,579.0,0.013982208562246433,0.11117618959882776,0.12576621498452453,3.0262393397512333,intraday_momentum,0.7326311324923249,True,True,False,False,False,,,,,False,False
macd_signal__ts_decay_linear__w5,576.0,0.024869072537644546,0.1973785501930904,0.12599683457658276,3.0239240298379864,macd_signal,0.7318685984907253,True,True,True,False,False,,,,,False,False
eightk_material_agreement_30d__ts_decay_linear__w20,561.0,-0.013128975240807746,0.10305379065465486,-0.12739924613549108,-3.01750701752541,eightk_material_agreement_30d,0.7297376966624421,True,True,False,False,False,,,,,False,False
macd_signal__ts_std__w20,571.0,0.018407544962510305,0.14589010535641722,0.12617404667396534,3.0150053434251083,macd_signal,0.7289322912850995,True,True,False,False,False,,,,,False,False
macd__cs_zscore,579.0,0.024197854410961967,0.19344047428138478,0.12509199277377175,3.0100159225309158,macd,0.7273007873937416,True,True,True,False,False,,,,,False,False
macd__cs_demean,579.0,0.024197854410961967,0.19344047428138478,0.12509199277377175,3.0100159225309158,macd,0.7273007873937416,True,True,True,False,False,,,,,False,False
macd__signed_power_p05,579.0,0.024197854410961967,0.19344047428138478,0.12509199277377175,3.0100159225309158,macd,0.7273007873937416,True,True,True,False,False,,,,,False,False
macd__scale,579.0,0.024197854410961967,0.19344047428138478,0.12509199277377175,3.0100159225309158,macd,0.7273007873937416,True,True,True,False,False,,,,,False,False
macd__cs_rank,579.0,0.024197854410961967,0.19344047428138478,0.12509199277377175,3.0100159225309158,macd,0.7273007873937416,True,True,True,False,False,,,,,False,False
volume_zscore__ts_argmax__w10,579.0,0.012308675750264675,0.09852341988149053,0.12493147076167511,3.006153374644246,volume_zscore,0.7260239125089195,True,True,False,True,False,0.020018386218191846,0.06721808578465632,0.29781250067614073,149.0,False,False
vol_surge_eod__ts_decay_linear__w20,561.0,0.01601224871375226,0.12662531571050056,0.12645377130083968,2.995113031414848,vol_surge_eod,0.7223279732074749,False,True,False,False,False,,,,,False,False
rsi_14__ts_decay_linear__w5,576.0,0.022664178188579562,0.18169460339013901,0.12473776196816641,2.9937062872359936,rsi_14,0.721884148727472,False,True,True,False,False,,,,,False,False
intraday_momentum__ts_std__w10,576.0,0.023681018002215233,0.18984756231583316,0.1247370138091062,2.993688331418549,intraday_momentum,0.7218781618136715,False,True,True,False,False,,,,,False,False
rev_x_low52w__ts_argmax__w10,485.0,-0.012836921917852651,0.09450621907023785,-0.1358315044675752,-2.991378585012866,rev_x_low52w,0.7209331265845735,False,True,False,False,False,,,,,False,False
eightk_days_since_last__ts_delta__w5,575.0,0.011294365519855937,0.09058684529619107,0.1246799740395732,2.9897207491239834,eightk_days_since_last,0.7205521042110543,False,True,False,True,False,0.04333675788758343,0.0857762972463814,0.5052299910207613,129.0,False,False
return_20d__ts_decay_linear__w20,560.0,0.025033836808908427,0.19832750834195814,0.1262247331103704,2.9870223667256286,return_20d,0.7196248080086498,False,True,True,False,False,,,,,False,False
vol_x_short__ts_mean__w10,576.0,-0.0286403250530008,0.23035552339478907,-0.12433096732790858,-2.9839432158698056,vol_x_short,0.7186195673245779,False,True,True,False,False,,,,,False,False
eightk_reg_fd_30d__ts_rank__w20,571.0,-0.01010579159018548,0.08146178935778607,-0.12405560533172322,-2.9643839031609547,eightk_reg_fd_30d,0.7120158925810152,False,True,False,False,False,,,,,False,False
ma20_above_ma50__ts_decay_linear__w5,550.0,0.021311354243535963,0.16988412712426582,0.12544641223571912,2.9419791448186183,ma20_above_ma50,0.7043385112218454,False,True,True,False,False,,,,,False,False
bb_width__ts_argmax__w20,579.0,-0.013248947041837966,0.10844487171456008,-0.12217218603670614,-2.9397583099179743,bb_width,0.7036203295920863,False,True,False,False,False,,,,,False,False
insider_net_shares__ts_argmax__w5,579.0,-0.011656903566607205,0.09549218385864937,-0.12207180834676619,-2.9373429799013477,insider_net_shares,0.7027895737694353,False,True,False,False,False,,,,,False,False
eightk_material_agreement_30d__ts_max__w10,579.0,-0.012026761334148334,0.09852865001412633,-0.12206359604464309,-2.9371453720480947,eightk_material_agreement_30d,0.7027215587331903,False,True,False,False,False,,,,,False,False
obv__group_neutralize,579.0,0.013614793009844358,0.11161842640504337,0.1219762135011535,2.935042736688127,obv,0.7019974039047158,False,True,False,False,False,,,,,False,False
ma20_above_ma50__ts_mean__w5,550.0,0.021207129405795336,0.16954458261735425,0.1250829078606291,2.9334542115701834,ma20_above_ma50,0.7014057579425078,False,True,True,False,False,,,,,False,False
eightk_filings_30d__ts_argmax__w5,579.0,0.010526458681570448,0.0864640180433611,0.12174380649637984,2.9294504619999975,eightk_filings_30d,0.700067463169133,False,True,False,False,False,,,,,False,False
macd__ts_max__w5,579.0,0.024120603104783138,0.19817839406658572,0.12171156809696866,2.928674728130924,macd,0.6997993000872628,False,True,True,False,False,,,,,False,False
ma_5__ts_std__w5,579.0,0.01826340611535556,0.1500942469585129,0.12167958789522222,2.9279052071222003,ma_5,0.6995331765486683,False,True,False,False,False,,,,,False,False
vol_x_short__ts_max__w10,579.0,-0.02777356537460271,0.22877215055813518,-0.1214027376446109,-2.9212435204385145,vol_x_short,0.6972248777874175,False,True,True,False,False,,,,,False,False
ma_20__ts_argmax__w10,579.0,-0.019280816771901826,0.15948213100825756,-0.12089640795496717,-2.9090600033797207,ma_20,0.6929826215912658,False,False,False,False,False,,,,,False,False
bb_upper__ts_std__w10,576.0,0.017526531002680965,0.1448053156489408,0.12103513551375049,2.9048432523300116,bb_upper,0.6915041095759757,False,False,False,False,False,,,,,False,False
high_52w_ratio__ts_mean__w5,347.0,0.03493007595775272,0.2246912737053772,0.15545808869976063,2.8958633285666946,high_52w_ratio,0.6878415619380139,False,False,True,False,False,,,,,False,False
rsi_14__ts_min__w5,579.0,0.02146029715116524,0.17845660626532314,0.12025498859514794,2.8936259020974178,rsi_14,0.6875708547577857,False,False,True,False,False,,,,,False,False
macd_signal__ts_decay_linear__w10,571.0,0.023993892773757648,0.19868583459617417,0.12076297649766958,2.8857045408810125,macd_signal,0.6847666446195262,False,False,True,False,False,,,,,False,False
macd__ts_max__w10,579.0,0.023626994734131303,0.19749772437012847,0.11963173150214224,2.8786288288861033,macd,0.6822728360839213,False,False,True,False,False,,,,,False,False
macd_signal__ts_max__w20,579.0,0.023581235976854048,0.19728067453308668,0.11953140383701978,2.8762147025875873,macd_signal,0.6814164211584404,False,False,True,False,False,,,,,False,False
macd__ts_mean__w20,571.0,0.023820465284229618,0.19792029603154526,0.12035382809064223,2.8759276916322207,macd,0.6813041393053338,False,False,True,False,False,,,,,False,False
insider_21d__ts_std__w10,576.0,0.0173096079981956,0.14456087623237537,0.11973922993086422,2.8737415183407413,insider_21d,0.6805341904134483,False,False,False,False,False,,,,,False,False
ma20_above_ma50__ts_min__w5,546.0,0.020471275916082877,0.16671665617437703,0.12279082597884507,2.8692093809503674,ma20_above_ma50,0.6788815429920375,False,False,True,False,False,,,,,False,False
vol_x_short__ts_min__w10,579.0,-0.027467368874383977,0.2304582833411326,-0.119185860782126,-2.8679001008765788,vol_x_short,0.6784593174506279,False,False,True,False,False,,,,,False,False
post_earnings_3d__ts_max__w20,579.0,0.010975583012317984,0.09218402052452378,0.11906166545858284,2.8649116609846277,post_earnings_3d,0.6773936595272338,False,False,False,False,False,,,,,False,False
ma5_above_ma20__ts_std__w5,579.0,-0.011974539813134654,0.1006591144009124,-0.11896130702522965,-2.8624967943280573,ma5_above_ma20,0.6765314553455891,False,False,False,False,False,,,,,False,False
eightk_material_agreement_30d__ts_decay_linear__w10,571.0,-0.011915917425973838,0.09963500808367359,-0.1195956888563389,-2.857811494975778,eightk_material_agreement_30d,0.6748458970473762,False,False,False,False,False,,,,,False,False
vol_x_short__ts_argmax__w10,579.0,-0.012572502593642525,0.1058622596925076,-0.1187628398464306,-2.857721193947581,vol_x_short,0.6748235520062202,False,False,False,False,False,,,,,False,False
eightk_material_agreement_30d__ts_mean__w10,576.0,-0.011804578589215443,0.0991714490063797,-0.11903202693404283,-2.856768646417028,eightk_material_agreement_30d,0.6744787421601486,False,False,False,False,False,,,,,False,False
return_20d__ts_delta__w10,569.0,-0.02068317952317179,0.1728172104527868,-0.11968240587254693,-2.8548707043797905,return_20d,0.6737899125120705,False,False,True,False,False,,,,,False,False
bb_upper__ts_rank__w20,571.0,0.017580182886485607,0.1472761464862971,0.11936884081986288,2.8523908236083293,bb_upper,0.6729029896099008,False,False,False,False,False,,,,,False,False
vol_x_short__ts_decay_linear__w20,561.0,-0.027777872752575067,0.2308036696453382,-0.1203528210589529,-2.8506093492746274,vol_x_short,0.6722507583755571,False,False,True,False,False,,,,,False,False
eightk_exec_change_30d__ts_delta__w10,570.0,-0.009794152652097515,0.08203631341515193,-0.11938801543327954,-2.8503498014428486,eightk_exec_change_30d,0.6721689548040688,False,False,False,False,False,,,,,False,False
eightk_days_since_last__ts_rank__w10,576.0,0.011560603183161027,0.09740899750007484,0.11868106109142684,2.8483454661942442,eightk_days_since_last,0.6714560655046655,False,False,False,False,False,,,,,False,False
eightk_material_agreement_30d__ts_max__w20,579.0,-0.01202040334861263,0.1018481944092983,-0.11802274373472073,-2.8399126913323998,eightk_material_agreement_30d,0.668422087570991,False,False,False,False,False,,,,,False,False
insider_net_shares__ts_std__w5,579.0,0.014091021109681471,0.11944609207811627,0.11796971223190891,2.838636625100503,insider_net_shares,0.6679614454525393,False,False,False,False,False,,,,,False,False
eightk_reg_fd_30d__ts_rank__w10,576.0,-0.01047855007070687,0.08880805789357543,-0.11799098324235409,-2.8317835978164982,eightk_reg_fd_30d,0.6654797271212021,False,False,False,False,False,,,,,False,False
vol_x_short__ts_min__w5,579.0,-0.026950521638938307,0.22930409385070855,-0.11753179451076351,-2.828099265480771,vol_x_short,0.6641478354323875,False,False,True,False,False,,,,,False,False
pre_earnings_drift__ts_min__w5,579.0,0.01129530678232419,0.0962248964287891,0.1173844524808945,2.824553859846649,pre_earnings_drift,0.6628608246149034,False,False,False,False,False,,,,,False,False
pre_earnings_drift__ts_max__w5,579.0,0.01129530678232419,0.0962248964287891,0.1173844524808945,2.824553859846649,pre_earnings_drift,0.6628608246149034,False,False,False,False,False,,,,,False,False
pre_earnings_drift__signed_power_p05,579.0,0.01129530678232419,0.0962248964287891,0.1173844524808945,2.824553859846649,pre_earnings_drift,0.6628608246149034,False,False,False,False,False,,,,,False,False
pre_earnings_drift__scale,579.0,0.01129530678232419,0.0962248964287891,0.1173844524808945,2.824553859846649,pre_earnings_drift,0.6628608246149034,False,False,False,False,False,,,,,False,False
pre_earnings_drift__ts_max__w10,579.0,0.01129530678232419,0.0962248964287891,0.1173844524808945,2.824553859846649,pre_earnings_drift,0.6628608246149034,False,False,False,False,False,,,,,False,False
pre_earnings_drift__ts_max__w20,579.0,0.01129530678232419,0.0962248964287891,0.1173844524808945,2.824553859846649,pre_earnings_drift,0.6628608246149034,False,False,False,False,False,,,,,False,False
pre_earnings_drift__cs_zscore,579.0,0.01129530678232419,0.0962248964287891,0.1173844524808945,2.824553859846649,pre_earnings_drift,0.6628608246149034,False,False,False,False,False,,,,,False,False
pre_earnings_drift__ts_min__w10,579.0,0.01129530678232419,0.0962248964287891,0.1173844524808945,2.824553859846649,pre_earnings_drift,0.6628608246149034,False,False,False,False,False,,,,,False,False
pre_earnings_drift__cs_demean,579.0,0.01129530678232419,0.0962248964287891,0.1173844524808945,2.824553859846649,pre_earnings_drift,0.6628608246149034,False,False,False,False,False,,,,,False,False
pre_earnings_drift__cs_rank,579.0,0.01129530678232419,0.0962248964287891,0.1173844524808945,2.824553859846649,pre_earnings_drift,0.6628608246149034,False,False,False,False,False,,,,,False,False
pre_earnings_drift__ts_min__w20,579.0,0.01129530678232419,0.0962248964287891,0.1173844524808945,2.824553859846649,pre_earnings_drift,0.6628608246149034,False,False,False,False,False,,,,,False,False
vol_x_short__ts_min__w20,579.0,-0.027042285746872667,0.23064686389099476,-0.11724540837309208,-2.8212081222887195,vol_x_short,0.6616445221346179,False,False,True,False,False,,,,,False,False
vol_x_short__ts_mean__w5,579.0,-0.026771022502910705,0.22901341147552962,-0.11689718226729802,-2.8128289598832037,vol_x_short,0.658590898695736,False,False,True,False,False,,,,,False,False
vol_x_short__ts_max__w5,579.0,-0.02664170110077654,0.22843785674520434,-0.116625595601224,-2.806293927775207,vol_x_short,0.6562020004887288,False,False,True,False,False,,,,,False,False
eightk_exec_change_30d__ts_rank__w10,576.0,-0.009334718802721641,0.07987507622040413,-0.11686647756008128,-2.804795461441951,eightk_exec_change_30d,0.6556500800189307,False,False,False,False,False,,,,,False,False
return_20d__ts_decay_linear__w10,570.0,0.023088982264935155,0.1965589129417626,0.11746596437362303,2.804461461341269,return_20d,0.6555211339737331,False,False,True,False,False,,,,,False,False
vol_x_short__ts_decay_linear__w5,576.0,-0.026777388981517772,0.22939141874423924,-0.11673230466992017,-2.801575312078084,vol_x_short,0.6544699267938994,False,False,True,False,False,,,,,False,False
pre_earnings_drift__ts_mean__w5,579.0,0.01117169326249697,0.0961934538014551,0.11613777051352718,2.7945556761987613,pre_earnings_drift,0.65189520205567,False,False,False,False,False,,,,,False,False
eps_surprise__ts_min__w20,579.0,0.011195126134256817,0.09642426221345814,0.11610279277505625,2.7937140272059113,eps_surprise,0.6515856265060209,False,False,False,False,False,,,,,False,False
return_60d__ts_std__w20,530.0,0.029033257130286965,0.2394522555880029,0.12124862661657716,2.7913530073953843,return_60d,0.65066092521069,False,False,True,True,False,0.010499553606521118,0.09614976715581708,0.1091999899438747,149.0,False,False
return_20d__ts_min__w5,579.0,0.022579508895540834,0.19486944731622047,0.11586992833668991,2.7881107455590874,return_20d,0.649522026116558,False,False,True,False,False,,,,,False,False
macd__ts_std__w10,576.0,0.016753665225362365,0.1442681426380552,0.11612865403968309,2.787087696952394,macd,0.6491416643872292,False,False,False,False,False,,,,,False,False
eightk_filings_30d__ts_std__w5,579.0,-0.010094481413929903,0.08731652944846566,-0.11560790926633978,-2.781805932946605,eightk_filings_30d,0.6471947071027457,False,False,False,False,False,,,,,False,False
high_52w_ratio__ts_decay_linear__w5,344.0,0.033678886180042764,0.2245648693016899,0.14997397538079354,2.781602863868689,high_52w_ratio,0.6467199409966926,False,False,True,False,False,,,,,False,False
insider_21d__ts_min__w10,579.0,-0.0178969098026373,0.15537971308763807,-0.11518176631297415,-2.7715519027208284,insider_21d,0.6433976815305071,False,False,False,False,False,,,,,False,False
macd_signal__ts_delta__w20,560.0,0.017882554352189783,0.15292287114255693,0.11693839004317023,2.7672673808104675,macd_signal,0.6417877364877945,False,False,False,False,False,,,,,False,False
ma_10__ts_argmax__w20,579.0,-0.01825142229818146,0.15878488924560252,-0.1149443274161362,-2.765838548538335,ma_10,0.6412757534303049,False,False,False,False,False,,,,,False,False
high_52w_ratio__cs_rank,348.0,0.03296114343795325,0.22258094713379062,0.14808609569866157,2.7625102941468036,high_52w_ratio,0.6396701265164808,False,False,True,False,False,,,,,False,False
high_52w_ratio__signed_power_p05,348.0,0.03296114343795325,0.22258094713379062,0.14808609569866157,2.7625102941468036,high_52w_ratio,0.6396701265164808,False,False,True,False,False,,,,,False,False
high_52w_ratio__scale,348.0,0.03296114343795325,0.22258094713379062,0.14808609569866157,2.7625102941468036,high_52w_ratio,0.6396701265164808,False,False,True,False,False,,,,,False,False
high_52w_ratio__cs_demean,348.0,0.03296114343795325,0.22258094713379062,0.14808609569866157,2.7625102941468036,high_52w_ratio,0.6396701265164808,False,False,True,False,False,,,,,False,False
high_52w_ratio__cs_zscore,348.0,0.03296114343795325,0.22258094713379062,0.14808609569866157,2.7625102941468036,high_52w_ratio,0.6396701265164808,False,False,True,False,False,,,,,False,False
rsi_below_30__ts_delta__w20,552.0,0.012565069262266842,0.10686492341468681,0.11757898532812668,2.7624806642793156,rsi_below_30,0.6399994250849621,False,False,False,True,False,,,,0.0,False,False
ma20_above_ma50__ts_mean__w10,550.0,0.020489217187608707,0.1740024648366956,0.11775245371861945,2.7615398233984587,ma20_above_ma50,0.639647111404504,False,False,True,False,False,,,,,False,False
bb_pct__ts_argmax__w20,579.0,0.0149296481510761,0.13021481071923974,0.11465399418554918,2.758852428743384,bb_pct,0.6386751071796131,False,False,False,False,False,,,,,False,False
ma_10__ts_delta__w20,560.0,0.021170038484051978,0.18181649232432465,0.11643629361350134,2.755385610663545,ma_10,0.6373636951272197,False,False,True,False,False,,,,,False,False
ma_50__ts_std__w20,541.0,0.018174770636639075,0.15362673042002487,0.11830474154431421,2.7516980980260244,ma_50,0.6359673674146342,False,False,False,False,False,,,,,False,False
insider_7d__ts_std__w20,571.0,0.016940789798697228,0.14726718889466034,0.11503438020274095,2.748816259219052,insider_7d,0.6349202169297451,False,False,False,True,False,-0.00513274362566616,0.08213345669218039,-0.06249272625773741,136.0,False,False
pre_earnings_drift__ts_decay_linear__w10,571.0,0.011076101097960717,0.09653586385509261,0.11473560867064654,2.7416769323172554,pre_earnings_drift,0.632246605553171,False,False,False,False,False,,,,,False,False
pre_earnings_drift__ts_mean__w20,571.0,0.011076101097960717,0.09653586385509261,0.11473560867064654,2.7416769323172554,pre_earnings_drift,0.632246605553171,False,False,False,False,False,,,,,False,False
bb_pct__ts_delta__w20,560.0,-0.017702834470402613,0.1528296295816469,-0.1158337851034648,-2.741127657002054,bb_pct,0.6320302859478721,False,False,False,False,False,,,,,False,False
macd_signal__ts_mean__w10,576.0,0.02251474757209436,0.19809883261070102,0.11365411534928017,2.7276987683827243,macd_signal,0.6269975212112893,False,False,True,False,False,,,,,False,False
ma20_above_ma50__ts_decay_linear__w10,550.0,0.02031126824070408,0.17484342436485328,0.11616832783096082,2.724388778253367,ma20_above_ma50,0.6257265313588858,False,False,True,False,False,,,,,False,False
high_52w_ratio__ts_mean__w10,344.0,0.033336381234781,0.2272250664996821,0.1467108437828431,2.7210807887887096,high_52w_ratio,0.6241727937247237,False,False,True,False,False,,,,,False,False
macd__ts_decay_linear__w20,561.0,0.022811565993615602,0.19880869276000487,0.1147412906192837,2.717697789792157,macd,0.6232109089918751,False,False,True,False,False,,,,,False,False
high_52w_ratio__ts_argmax__w10,339.0,0.021240623985407908,0.14397579443951378,0.1475291320190033,2.716299391683673,high_52w_ratio,0.622359816005498,False,False,True,False,False,,,,,False,False
vol_x_short__cs_demean,579.0,-0.025817532483820644,0.22915594797077324,-0.11266359312267747,-2.710958564726834,vol_x_short,0.6206765698142077,False,False,True,False,False,,,,,False,False
vol_x_short__cs_rank,579.0,-0.025817532483820644,0.22915594797077324,-0.11266359312267747,-2.710958564726834,vol_x_short,0.6206765698142077,False,False,True,False,False,,,,,False,False
vol_x_short__cs_zscore,579.0,-0.025817532483820644,0.22915594797077324,-0.11266359312267747,-2.710958564726834,vol_x_short,0.6206765698142077,False,False,True,False,False,,,,,False,False
vol_x_short__scale,579.0,-0.025817532483820644,0.22915594797077324,-0.11266359312267747,-2.710958564726834,vol_x_short,0.6206765698142077,False,False,True,False,False,,,,,False,False
vol_x_short__signed_power_p05,579.0,-0.025817532483820644,0.22915594797077324,-0.11266359312267747,-2.710958564726834,vol_x_short,0.6206765698142077,False,False,True,False,False,,,,,False,False
macd_signal__ts_min__w10,579.0,0.021856565759062724,0.19445129194629604,0.11240123704140323,2.704645642816345,macd_signal,0.618283241069091,False,False,True,False,False,,,,,False,False
ma_20__ts_rank__w20,571.0,0.018971459075680718,0.16764176679908532,0.11316666149443272,2.704185988303549,ma_20,0.6181023717745061,False,False,False,False,False,,,,,False,False
insider_7d__ts_min__w20,579.0,-0.0167803903054639,0.14951554626184413,-0.1122317426180999,-2.700567197013296,insider_7d,0.6167345839965247,False,False,False,False,False,,,,,False,False
rev_growth_yoy__ts_rank__w20,562.0,0.009790769626828616,0.08596013942053227,0.11389895005789175,2.7001499223656165,rev_growth_yoy,0.6165623576858125,False,False,False,False,False,,,,,False,False
rsi_above_70__group_neutralize,560.0,0.012803092956614522,0.11228156971454506,0.11402666518791996,2.6983633946100882,rsi_above_70,0.6158817345365384,False,False,False,False,False,,,,,False,False
eightk_material_agreement_30d__cs_zscore,579.0,-0.010900980136153074,0.09745451891638783,-0.11185710275277937,-2.691552455663152,eightk_material_agreement_30d,0.6133048264521317,False,False,False,False,False,,,,,False,False
eightk_material_agreement_30d__signed_power_p05,579.0,-0.010900980136153074,0.09745451891638783,-0.11185710275277937,-2.691552455663152,eightk_material_agreement_30d,0.6133048264521317,False,False,False,False,False,,,,,False,False
eightk_material_agreement_30d__scale,579.0,-0.010900980136153074,0.09745451891638783,-0.11185710275277937,-2.691552455663152,eightk_material_agreement_30d,0.6133048264521317,False,False,False,False,False,,,,,False,False
eightk_material_agreement_30d__cs_rank,579.0,-0.010900980136153074,0.09745451891638783,-0.11185710275277937,-2.691552455663152,eightk_material_agreement_30d,0.6133048264521317,False,False,False,False,False,,,,,False,False
eightk_material_agreement_30d__cs_demean,579.0,-0.010900980136153074,0.09745451891638783,-0.11185710275277937,-2.691552455663152,eightk_material_agreement_30d,0.6133048264521317,False,False,False,False,False,,,,,False,False
eightk_material_agreement_30d__ts_mean__w20,571.0,-0.011525615696075067,0.10263081648082069,-0.11230170519230875,-2.6835173330493376,eightk_material_agreement_30d,0.6102342112102805,False,False,False,False,False,,,,,False,False
high_52w_ratio__ts_std__w20,339.0,0.03270853138128815,0.22462709947309034,0.14561257950626985,2.6810119175880676,high_52w_ratio,0.6089861827449669,False,False,True,False,False,,,,,False,False
macd_signal__ts_mean__w20,571.0,0.02221943172662985,0.19848731161282132,0.11194383936224658,2.6749659120692786,macd_signal,0.6069651489430171,False,False,True,False,False,,,,,False,False
high_52w_ratio__ts_decay_linear__w10,339.0,0.03303955925467058,0.22755558443741075,0.14519335720261403,2.673293216387725,high_52w_ratio,0.6060424646163323,False,False,True,False,False,,,,,False,False
pre_earnings_drift__ts_mean__w10,576.0,0.0106804083340009,0.09625413107101118,0.11096051894252168,2.6630524546205203,pre_earnings_drift,0.6024014969168331,False,False,False,False,False,,,,,False,False
pre_earnings_drift__ts_decay_linear__w5,576.0,0.0106804083340009,0.09625413107101118,0.11096051894252168,2.6630524546205203,pre_earnings_drift,0.6024014969168331,False,False,False,False,False,,,,,False,False
low_52w_ratio__ts_std__w20,339.0,0.03930514689361988,0.27224243895464717,0.1443755317669914,2.658235453199645,low_52w_ratio,0.6002819474218434,False,False,True,False,False,,,,,False,False
high_52w_ratio__ts_mean__w20,339.0,0.03296575996540445,0.2284743114139686,0.14428650539042162,2.656596303770574,high_52w_ratio,0.5996534855503136,False,False,True,False,False,,,,,False,False
ma5_above_ma20__ts_delta__w20,560.0,-0.01497837669729783,0.13356624594807343,-0.11214193070246938,-2.6537624362665486,ma5_above_ma20,0.5988191898622499,False,False,False,False,False,,,,,False,False
vol_10d_self_rank__ts_argmax__w10,579.0,-0.01119092120394535,0.10154016243370587,-0.11021177173368955,-2.651961811566124,vol_10d_self_rank,0.598138711888959,False,False,False,False,False,,,,,False,False
eightk_material_agreement_30d__ts_rank__w10,575.0,-0.00906260045298001,0.0820045479286374,-0.11051338836556397,-2.6500179583583643,eightk_material_agreement_30d,0.59738739859672,False,False,False,False,False,,,,,False,False
beta_60d__ts_delta__w20,539.0,-0.018357484513719442,0.16158002949003963,-0.11361233545789805,-2.6376664178888696,beta_60d,0.592597990932722,False,False,False,True,False,-0.025072559166722682,0.0838744462255846,-0.29892965372658026,149.0,False,False
obv_trend__ts_rank__w20,571.0,-0.014778560335557779,0.13391330652256891,-0.11035916235155535,-2.637099094123882,obv_trend,0.5923998290325572,False,False,False,False,False,,,,,False,False
volatility_10d__ts_rank__w10,576.0,0.012240952903252547,0.1116642345343058,0.10962286137815996,2.630948673075839,volatility_10d,0.5900241444553401,False,False,False,False,False,,,,,False,False
rsi_14__cs_rank,579.0,0.019016278048664664,0.17392640853097607,0.10933519647350097,2.630869290518546,rsi_14,0.5899951869530995,False,False,False,False,False,,,,,False,False
rsi_14__cs_zscore,579.0,0.019016278048664664,0.17392640853097607,0.10933519647350097,2.630869290518546,rsi_14,0.5899951869530995,False,False,False,False,False,,,,,False,False
rsi_14__cs_demean,579.0,0.019016278048664664,0.17392640853097607,0.10933519647350097,2.630869290518546,rsi_14,0.5899951869530995,False,False,False,False,False,,,,,False,False
rsi_14__scale,579.0,0.019016278048664664,0.17392640853097607,0.10933519647350097,2.630869290518546,rsi_14,0.5899951869530995,False,False,False,False,False,,,,,False,False
rsi_14__signed_power_p05,579.0,0.019016278048664664,0.17392640853097607,0.10933519647350097,2.630869290518546,rsi_14,0.5899951869530995,False,False,False,False,False,,,,,False,False
return_20d__ts_max__w20,579.0,0.022120035008219175,0.20259123114025424,0.10918555005426389,2.627268435702299,return_20d,0.5886008743957978,False,False,True,False,False,,,,,False,False
bb_pct__ts_std__w5,579.0,-0.013431745546519292,0.1231050264191096,-0.10910801887805192,-2.6254028480678238,bb_pct,0.5878780361633493,False,False,False,False,False,,,,,False,False
obv_trend__ts_rank__w10,576.0,-0.014706746245336584,0.13457305914445547,-0.10928447594811562,-2.6228274227547748,obv_trend,0.5868779651779632,False,False,False,False,False,,,,,False,False
return_20d__ts_argmax__w20,560.0,0.01587736992227976,0.14344568410689598,0.11068558821503416,2.6192990828778107,return_20d,0.5855000817067352,False,False,False,False,False,,,,,False,False
eightk_exec_change_30d__ts_std__w10,576.0,-0.009312057534066822,0.08536472535889261,-0.1090855443500442,-2.6180530644010607,eightk_exec_change_30d,0.5850256968710629,False,False,False,False,False,,,,,False,False
low_52w_ratio__ts_std__w10,344.0,0.038205369044216286,0.271984756313675,0.14046878789101966,2.605307898852046,low_52w_ratio,0.5798698865443065,False,False,True,False,False,,,,,False,False
insider_7d__ts_std__w5,579.0,0.014299745736715639,0.1320867668809433,0.10826024494645058,2.6050033566516015,insider_7d,0.579954713923584,False,False,False,False,False,,,,,False,False
rev_x_low52w__ts_delta__w20,560.0,0.012615887742472453,0.11461189166525272,0.11007485836914473,2.6048465769010027,rev_x_low52w,0.5798835856797202,False,False,False,False,False,,,,,False,False
atr__ts_rank__w10,576.0,0.014772602771484789,0.13642792167408813,0.10828137371157037,2.598752969077689,atr,0.5775187047280491,False,False,False,False,False,,,,,False,False
eightk_reg_fd_30d__ts_delta__w5,575.0,-0.009669299187651335,0.08952005503256862,-0.10801265910899532,-2.590052577358753,eightk_reg_fd_30d,0.574124484281134,False,False,False,False,False,,,,,False,False
return_20d__ts_mean__w5,578.0,0.020964873871416316,0.19497241170239596,0.10752738650746599,2.5851337015316664,return_20d,0.5722046874411789,False,False,True,False,False,,,,,False,False
insider_net_shares__group_neutralize,579.0,-0.011382472032002544,0.10603446847355356,-0.1073469051701946,-2.5830261924202893,insider_net_shares,0.5713814448974676,False,False,False,False,False,,,,,False,False
insider_21d__group_neutralize,579.0,-0.01144649652415287,0.10694010585063088,-0.10703651761987987,-2.5755575171846785,insider_21d,0.5684598255047281,False,False,False,False,False,,,,,False,False
macd_signal__ts_decay_linear__w20,561.0,0.0216378760662446,0.19927790090343725,0.10858141303249436,2.5717983876444683,macd_signal,0.5669799648601036,False,False,True,False,False,,,,,False,False
insider_net_shares__ts_argmax__w10,579.0,-0.010208740772492947,0.09569355634373322,-0.10668159030293473,-2.56701710742977,insider_net_shares,0.5651142526929223,False,False,False,False,False,,,,,False,False
is_squeeze_setup__ts_max__w5,579.0,-0.018919793962173893,0.1773603697794917,-0.1066743037675015,-2.5668417757623487,is_squeeze_setup,0.5650455181599355,False,False,False,False,False,,,,,False,False
beta_60d__ts_rank__w20,539.0,-0.017806686947086835,0.16106877021592986,-0.11055331783569883,-2.56664712212943,beta_60d,0.5649515622394958,False,False,False,False,False,,,,,False,False
macd__ts_argmax__w10,579.0,0.015447188529447228,0.14483751321584423,0.10665184858861144,2.56630144984297,macd,0.564833683772961,False,False,False,False,False,,,,,False,False
ma20_above_ma50__ts_rank__w20,550.0,0.013792249463664351,0.12665046985287615,0.10890010498726262,2.5539338433934136,ma20_above_ma50,0.5599683591972666,False,False,False,False,False,,,,,False,False
eightk_reg_fd_30d__ts_delta__w20,560.0,-0.00904840641328592,0.08386767874566724,-0.10788907656220754,-2.5531215386678507,eightk_reg_fd_30d,0.559653369448421,False,False,False,False,False,,,,,False,False
post_earnings_5d__ts_delta__w20,466.0,0.0108601056074479,0.0918838062043155,0.11819390223451404,2.5514556850642314,post_earnings_5d,0.5589541948630176,False,False,False,False,False,,,,,False,False
return_20d__ts_rank__w10,575.0,-0.0162196809503595,0.15271498283070947,-0.10620883851546938,-2.5467984790345906,return_20d,0.5571737787851859,False,False,False,False,False,,,,,False,False
insider_21d__ts_min__w5,579.0,-0.016047375362900202,0.1518840223074709,-0.10565545420185295,-2.542325790787898,insider_21d,0.5554156591882837,False,False,False,False,False,,,,,False,False
insider_60d__ts_argmax__w10,569.0,0.013183359364962064,0.12376350580314024,0.10652057146742173,2.5409119801617552,insider_60d,0.5548557435890501,False,False,False,False,False,,,,,False,False
vol_x_short__ts_rank__w10,576.0,0.011815324484370657,0.11177177233756727,0.10570937757600041,2.5370250618240098,vol_x_short,0.5533278857435898,False,False,False,False,False,,,,,False,False
bb_pct__ts_rank__w20,571.0,-0.016087758951431438,0.1516848049434401,-0.10606045185231444,-2.5343788004763357,bb_pct,0.5522839032675843,False,False,False,False,False,,,,,False,False
vol_zscore_60d__ts_max__w5,579.0,0.012929241069656563,0.12280450947959246,0.10528311317268958,2.5333663649961915,vol_zscore_60d,0.5518876509191039,False,False,False,False,False,,,,,False,False
ma_20__ts_delta__w5,575.0,0.019083618986437755,0.1814739927005385,0.10515897458612056,2.5216236263967904,ma_20,0.5472560713970113,False,False,False,False,False,,,,,False,False
high_52w_ratio__ts_std__w10,344.0,0.0289026985318267,0.2127646802777086,0.1358434985266436,2.519521560859051,high_52w_ratio,0.5463145382856728,False,False,True,False,False,,,,,False,False
high_52w_ratio__ts_decay_linear__w20,329.0,0.0320260719810202,0.2306329305749927,0.13886166169408573,2.5187224138633564,high_52w_ratio,0.5459873246879999,False,False,True,False,False,,,,,False,False
bb_width__ts_argmax__w10,579.0,-0.010888711632167071,0.10407975603229658,-0.10461891963686232,-2.517384261952252,bb_width,0.545583906226932,False,False,False,False,False,,,,,False,False
atr__ts_argmax__w5,579.0,-0.013139399075649889,0.12559941149509282,-0.1046135401371944,-2.517254818178141,atr,0.545532799422272,False,False,False,False,False,,,,,False,False
eightk_material_agreement_30d__ts_delta__w10,570.0,-0.00873962903177281,0.08290007230389107,-0.10542365994248475,-2.516955383619491,eightk_material_agreement_30d,0.5454120143086044,False,False,False,False,False,,,,,False,False
insider_60d__ts_argmax__w5,563.0,0.01160696824075659,0.10944967889762673,0.10604844488957448,2.5162773117343162,insider_60d,0.5451422581846608,False,False,False,False,False,,,,,False,False
vwap_dev_eod__ts_std__w20,571.0,0.025599584683232115,0.24349452389568152,0.1051341289884595,2.5122437540235873,vwap_dev_eod,0.5435515715399983,False,False,True,False,False,,,,,False,False
bb_pct__ts_delta__w5,575.0,-0.015720824184357725,0.15077199885281048,-0.10426885830242927,-2.5002793877330873,bb_pct,0.5388231599352626,False,False,False,False,False,,,,,False,False
obv_trend__ts_delta__w10,570.0,-0.014155550100771111,0.13518690811201015,-0.1047109538820314,-2.4999397596430994,obv_trend,0.538687609184069,False,False,False,False,False,,,,,False,False
intraday_momentum__ts_std__w5,579.0,0.018231256804636196,0.17586079945738303,0.10366867921042426,2.494519178821121,intraday_momentum,0.536544959426118,False,False,False,False,False,,,,,False,False
high_52w_ratio__ts_min__w5,348.0,0.030332095785499544,0.22735387682491,0.1334135850643925,2.4887981574541946,high_52w_ratio,0.534200231331733,False,False,True,False,False,,,,,False,False
ma20_above_ma50__cs_rank,550.0,0.017655664263496507,0.16715178479624393,0.1056265374911704,2.47716188052083,ma20_above_ma50,0.5296643882807369,False,False,False,False,False,,,,,False,False
ma20_above_ma50__cs_zscore,550.0,0.017655664263496507,0.16715178479624393,0.1056265374911704,2.47716188052083,ma20_above_ma50,0.5296643882807369,False,False,False,False,False,,,,,False,False
ma20_above_ma50__cs_demean,550.0,0.017655664263496507,0.16715178479624393,0.1056265374911704,2.47716188052083,ma20_above_ma50,0.5296643882807369,False,False,False,False,False,,,,,False,False
ma20_above_ma50__scale,550.0,0.017655664263496507,0.16715178479624393,0.1056265374911704,2.47716188052083,ma20_above_ma50,0.5296643882807369,False,False,False,False,False,,,,,False,False
ma20_above_ma50__signed_power_p05,550.0,0.017655664263496507,0.16715178479624393,0.1056265374911704,2.47716188052083,ma20_above_ma50,0.5296643882807369,False,False,False,False,False,,,,,False,False
is_squeeze_setup__ts_decay_linear__w5,576.0,-0.0183517864621249,0.1788021736365534,-0.1026373790031664,-2.4632970960759937,is_squeeze_setup,0.5241708397584428,False,False,False,False,False,,,,,False,False
ma20_above_ma50__ts_max__w10,550.0,0.01639578570731375,0.15638607031661564,0.1048417271059962,2.458756445525359,ma20_above_ma50,0.522365316776924,False,False,False,False,False,,,,,False,False
obv_trend__ts_min__w10,579.0,0.013141565739588811,0.1294946866278963,0.10148343597564875,2.4419369408582736,obv_trend,0.5156908548591513,False,False,False,False,False,,,,,False,False
insider_21d__ts_mean__w10,576.0,-0.015824132453690833,0.15556051282046146,-0.10172332404145575,-2.441359776994938,insider_21d,0.5154613067055505,False,False,False,False,False,,,,,False,False
eightk_filings_30d__ts_delta__w10,570.0,-0.009466833824373707,0.09271940902520343,-0.10210196466848045,-2.437650995902258,eightk_filings_30d,0.5139874204383597,False,False,False,False,False,,,,,False,False
insider_21d__ts_mean__w5,579.0,-0.01537766811014909,0.15182010272463298,-0.10128874789421445,-2.4372522747013914,insider_21d,0.5138297597078554,False,False,False,False,False,,,,,False,False
atr__ts_argmax__w10,579.0,-0.013593497080697807,0.1345044288846673,-0.1010635649206298,-2.4318338276773805,atr,0.5116767336637792,False,False,False,False,False,,,,,False,False
eightk_days_since_last__cs_rank,579.0,0.009337268482865951,0.09264806343112099,0.10078212255140902,2.425061643512392,eightk_days_since_last,0.5089852585197416,False,False,False,False,False,,,,,False,False
eightk_days_since_last__cs_zscore,579.0,0.009337268482865951,0.09264806343112099,0.10078212255140902,2.425061643512392,eightk_days_since_last,0.5089852585197416,False,False,False,False,False,,,,,False,False
eightk_days_since_last__cs_demean,579.0,0.009337268482865951,0.09264806343112099,0.10078212255140902,2.425061643512392,eightk_days_since_last,0.5089852585197416,False,False,False,False,False,,,,,False,False
eightk_days_since_last__scale,579.0,0.009337268482865951,0.09264806343112099,0.10078212255140902,2.425061643512392,eightk_days_since_last,0.5089852585197416,False,False,False,False,False,,,,,False,False
eightk_days_since_last__signed_power_p05,579.0,0.009337268482865951,0.09264806343112099,0.10078212255140902,2.425061643512392,eightk_days_since_last,0.5089852585197416,False,False,False,False,False,,,,,False,False
vol_10d_self_rank__ts_rank__w10,576.0,0.011090691458981387,0.10982365424144339,0.10098636341674534,2.4236727220018883,vol_10d_self_rank,0.5084330453843859,False,False,False,False,False,,,,,False,False
atr__ts_rank__w5,579.0,0.012721717026733978,0.12651548325049497,0.10055462540933073,2.4195875119968417,atr,0.5068093090228917,False,False,False,False,False,,,,,False,False
return_5d__ts_mean__w20,571.0,0.01971499270147539,0.19494125456053402,0.10113299386484353,2.4166342043937807,return_5d,0.5056350035538171,False,False,False,True,False,-0.026243254810159194,0.08592849402788534,-0.3054080617500731,149.0,False,False
post_earnings_3d__ts_mean__w5,444.0,0.010597490205502574,0.09241909697936852,0.11466775322278186,2.416199489145587,post_earnings_3d,0.5054568540256753,False,False,False,False,False,,,,,False,False
return_20d__ts_rank__w20,570.0,-0.015470998919247915,0.1536099035874011,-0.10071615539062696,-2.404565252868236,return_20d,0.5008368630602541,False,False,False,False,False,,,,,False,False
bb_pct__ts_rank__w10,576.0,-0.014785769832750532,0.14850318965317671,-0.09956533504285066,-2.389568041028416,bb_pct,0.49487399441575547,False,False,False,False,False,,,,,False,False
beta_60d__ts_min__w20,539.0,0.03049338711996364,0.2976641734513685,0.1024422481429246,2.3783374983939423,beta_60d,0.4904113411618962,False,False,True,False,False,,,,,False,False
is_squeeze_setup__ts_mean__w5,579.0,-0.017613506240982117,0.1785355280387732,-0.09865546893925185,-2.3738892135881393,is_squeeze_setup,0.48864074352645237,False,False,False,False,False,,,,,False,False
days_to_earnings__ts_std__w10,576.0,-0.008837991923063846,0.08973761140527606,-0.09848704221855656,-2.3636890132453576,days_to_earnings,0.4845870679789476,False,False,False,False,False,,,,,False,False
eightk_days_since_last__ts_min__w5,579.0,0.009075770308126486,0.09274560918246166,0.09785660354304652,2.354666579835029,eightk_days_since_last,0.48100213166192973,False,False,False,False,False,,,,,False,False
post_earnings_5d__ts_max__w20,579.0,0.009011091988122975,0.09208692886021705,0.09785419168231055,2.354608544631837,post_earnings_5d,0.4809790781202536,False,False,False,False,False,,,,,False,False
eightk_filings_30d__ts_rank__w20,571.0,-0.009157504379925584,0.0930471493756748,-0.09841789287872175,-2.351755220189931,eightk_filings_30d,0.47984662926753424,False,False,False,False,False,,,,,False,False
return_20d__ts_decay_linear__w5,575.0,0.0188555212456099,0.1931038795887414,0.09764444549621178,2.3414315489356157,return_20d,0.47574693214961455,False,False,False,False,False,,,,,False,False
vol_10d_self_rank__ts_max__w5,579.0,0.01233368179770557,0.1267825092318852,0.09728220298233149,2.340845112966324,vol_10d_self_rank,0.47551359514149605,False,False,False,False,False,,,,,False,False
vol_zscore_60d__ts_rank__w10,576.0,0.010468532670877221,0.10733829538040465,0.09752840431997697,2.340681703679447,vol_zscore_60d,0.4754491400119997,False,False,False,False,False,,,,,False,False
macd__ts_std__w5,579.0,0.014187421631446527,0.14625546249436375,0.09700438800358153,2.3341602125901084,macd,0.4728604991846048,False,False,False,False,False,,,,,False,False
post_earnings_3d__ts_max__w5,444.0,0.010231194210416324,0.09263359305482367,0.11044799055091342,2.3272835722855496,post_earnings_3d,0.47016140321593747,False,False,False,False,False,,,,,False,False
return_20d__ts_max__w5,579.0,0.018910196146934666,0.19569498706919414,0.09663096858095997,2.325174838043346,return_20d,0.46929620035235114,False,False,False,False,False,,,,,False,False
insider_21d__ts_decay_linear__w10,571.0,-0.01505259200456224,0.1548436238517919,-0.09721157145592112,-2.322929438410654,insider_21d,0.46840725978515957,False,False,False,False,False,,,,,False,False
bb_width__ts_std__w10,576.0,0.01737533184901087,0.1795804330503614,0.09675515062455688,2.322123614989365,bb_width,0.46808689205848564,False,False,False,False,False,,,,,False,False
low_52w_ratio__ts_std__w5,347.0,0.03222128914877552,0.25893551304281825,0.12443750480625392,2.318013876799499,low_52w_ratio,0.4665281407957612,False,False,True,False,False,,,,,False,False
eightk_exec_change_30d__ts_std__w5,578.0,-0.007912621710869287,0.08210621497743062,-0.09637055749122415,-2.3169053400982693,eightk_exec_change_30d,0.46601811496529655,False,False,False,False,False,,,,,False,False
return_20d__group_neutralize,579.0,0.012644490601175812,0.13166052931607786,0.09603858245792209,2.310920595041117,return_20d,0.46364675894783086,False,False,False,False,False,,,,,False,False
eightk_filings_30d__ts_max__w5,579.0,-0.009123852458376314,0.09501795516621624,-0.09602240379111329,-2.3105312971842364,eightk_filings_30d,0.4634925601173408,False,False,False,False,False,,,,,False,False
rev_growth_yoy__ts_std__w20,562.0,0.009519871608438,0.09806908072750267,0.09707311966031543,2.3012677147714222,rev_growth_yoy,0.459828708965079,False,False,False,False,False,,,,,False,False
bb_upper__ts_std__w20,571.0,0.014559768989333028,0.1513785056191904,0.09618121760271409,2.298308508394316,bb_upper,0.4586557770900709,False,False,False,False,False,,,,,False,False
eightk_reg_fd_30d__cs_demean,579.0,-0.008746835757503563,0.09164786970985092,-0.09543959707078052,-2.296507557782049,eightk_reg_fd_30d,0.45794151210712114,False,False,False,False,False,,,,,False,False
eightk_reg_fd_30d__cs_zscore,579.0,-0.008746835757503563,0.09164786970985092,-0.09543959707078052,-2.296507557782049,eightk_reg_fd_30d,0.45794151210712114,False,False,False,False,False,,,,,False,False
eightk_reg_fd_30d__cs_rank,579.0,-0.008746835757503563,0.09164786970985092,-0.09543959707078052,-2.296507557782049,eightk_reg_fd_30d,0.45794151210712114,False,False,False,False,False,,,,,False,False
eightk_reg_fd_30d__scale,579.0,-0.008746835757503563,0.09164786970985092,-0.09543959707078052,-2.296507557782049,eightk_reg_fd_30d,0.45794151210712114,False,False,False,False,False,,,,,False,False
eightk_reg_fd_30d__signed_power_p05,579.0,-0.008746835757503563,0.09164786970985092,-0.09543959707078052,-2.296507557782049,eightk_reg_fd_30d,0.45794151210712114,False,False,False,False,False,,,,,False,False
return_60d__ts_max__w20,539.0,0.02217875539619062,0.22424728699490734,0.09890311581202897,2.296171680218965,return_60d,0.4578184188460463,False,False,True,False,False,,,,,False,False
ma20_above_ma50__ts_max__w5,550.0,0.015555771098770049,0.15898154405594203,0.09784639588917518,2.2947013866025485,ma20_above_ma50,0.45723414950096763,False,False,False,False,False,,,,,False,False
eightk_filings_30d__ts_delta__w20,560.0,-0.00895971289748367,0.09272289295195324,-0.09662891883805197,-2.2866575728022918,eightk_filings_30d,0.45405205606865495,False,False,False,False,False,,,,,False,False
bb_upper__ts_decay_linear__w10,571.0,0.015114417895832837,0.15797690321847577,0.09567485871608838,2.286208755797712,bb_upper,0.45387188189474076,False,False,False,False,False,,,,,False,False
beta_60d__ts_delta__w10,539.0,-0.016244738740587218,0.16529331766323335,-0.09827825450079027,-2.2816646666112472,beta_60d,0.45208581725946895,False,False,False,False,False,,,,,False,False
ma20_above_ma50__ts_min__w10,541.0,0.01616829088344069,0.16507577443395804,0.09794466170994186,2.2781347207296476,ma20_above_ma50,0.45069173017308967,False,False,False,False,False,,,,,False,False
insider_7d__ts_mean__w20,571.0,-0.014439446243228606,0.15217956320226897,-0.09488426658208016,-2.2673170774269296,insider_7d,0.44641582639648586,False,False,False,False,False,,,,,False,False
bb_pct__ts_decay_linear__w20,561.0,0.017201124200123003,0.17979444193800706,0.0956710564281733,2.266010929445047,bb_pct,0.4459039578671817,False,False,False,False,False,,,,,False,False
rev_x_low52w__ts_rank__w10,502.0,0.010571614278921322,0.10456734403756751,0.10109862095305107,2.2651506443549323,rev_x_low52w,0.44558505898716955,False,False,False,False,False,,,,,False,False
ma_5__ts_delta__w20,560.0,0.01728759166610163,0.18141281662072153,0.09529421343060161,2.2550726780926484,ma_5,0.44159644608602117,False,False,False,False,False,,,,,False,False
high_52w_ratio__ts_argmax__w20,329.0,0.01783441847529965,0.1444694527636541,0.12344767792867606,2.2391380712649505,high_52w_ratio,0.43547332440381903,False,False,False,False,False,,,,,False,False
obv_trend__ts_min__w20,579.0,0.011794046792802545,0.12686816043299315,0.09296301572080967,2.236915020069928,obv_trend,0.43445383123449155,False,False,False,False,False,,,,,False,False
post_earnings_3d__ts_decay_linear__w5,441.0,0.009844660945397779,0.09250050989513121,0.10642818030472236,2.2349917863991693,post_earnings_3d,0.43376098211890723,False,False,False,False,False,,,,,False,False
insider_21d__ts_decay_linear__w5,576.0,-0.014067398078419625,0.15134921983305727,-0.0929466177224857,-2.230718825339657,insider_21d,0.43202420696946986,False,False,False,False,False,,,,,False,False
macd__ts_rank__w10,576.0,-0.013860270790953972,0.14926788465600294,-0.09285500911931473,-2.2285202188635536,macd,0.43116233689798167,False,False,False,False,False,,,,,False,False
ma5_above_ma20__ts_rank__w10,576.0,-0.011553387403903848,0.12454746704927873,-0.09276292547429013,-2.2263102113829634,ma5_above_ma20,0.43029632070410384,False,False,False,False,False,,,,,False,False
high_52w_ratio__ts_rank__w20,339.0,-0.018817090114667236,0.15600127099892913,-0.12062138977570513,-2.2208753158636023,high_52w_ratio,0.4283167946091163,False,False,False,False,False,,,,,False,False
ma_50__ts_rank__w10,546.0,0.016835513180962366,0.17723642958083594,0.09498901112360673,2.2195743015036498,ma_50,0.42767060601558465,False,False,False,False,False,,,,,False,False
vol_surge_eod__ts_mean__w20,571.0,0.011829052432252565,0.12776004293626633,0.09258804365112448,2.2124474383131427,vol_surge_eod,0.42487362556034813,False,False,False,False,False,,,,,False,False
bb_width__ts_std__w5,579.0,0.016027809327467835,0.1744475349122268,0.09187753404215324,2.2107957052846854,bb_width,0.42422509784484347,False,False,False,False,False,,,,,False,False
post_earnings_3d__ts_std__w5,444.0,0.009746960909530528,0.09293752102725844,0.10487648908422852,2.2098847516125426,post_earnings_3d,0.423936949776117,False,False,False,False,False,,,,,False,False
premarket_gap__ts_max__w20,579.0,0.020385787247211306,0.2225672264202473,0.09159384144330056,2.203969375151828,premarket_gap,0.42155974069390356,False,False,True,True,False,0.036862180567360806,0.08717063210229659,0.42287384728496924,149.0,False,False
return_20d__ts_max__w10,579.0,0.018137442276964563,0.19813014372014273,0.09154307333761165,2.2027477717294834,return_20d,0.42108313090601956,False,False,False,False,False,,,,,False,False
ma_5__ts_argmax__w20,579.0,-0.01472457219407607,0.16103563619213654,-0.09143673128665591,-2.200188924760036,ma_5,0.42008516295241577,False,False,False,False,False,,,,,False,False
ma5_above_ma20__ts_delta__w5,575.0,-0.011124350289411418,0.12164104110010701,-0.09145227785625745,-2.1929485851089665,ma5_above_ma20,0.4172657973213871,False,False,False,False,False,,,,,False,False
ma5_above_ma20__ts_decay_linear__w20,561.0,0.015788359531139454,0.17091674601232149,0.09237456188173195,2.187932010386593,ma5_above_ma20,0.415319807988799,False,False,False,False,False,,,,,False,False
eps_surprise__ts_delta__w20,560.0,0.008020176044569465,0.08675995873676182,0.09244098500442424,2.1875529700579563,eps_surprise,0.41517285242859514,False,False,False,False,False,,,,,False,False
insider_net_shares__ts_std__w10,576.0,0.012501253569639372,0.1371558732791213,0.09114632330909003,2.187511759418161,insider_net_shares,0.4151498133521513,False,False,False,False,False,,,,,False,False
return_3d__ts_mean__w20,571.0,0.01751237580773429,0.19139587636690672,0.09149818763160283,2.186404667957107,return_3d,0.414721477051754,False,False,False,True,False,-0.026552311082249203,0.08588671131238473,-0.30915505642862356,149.0,False,False
eightk_reg_fd_30d__ts_argmax__w20,579.0,0.008111996597899651,0.08927865547831636,0.09086154528693435,2.18634855832899,eightk_reg_fd_30d,0.4146962251891973,False,False,False,False,False,,,,,False,False
bb_pct__ts_mean__w10,576.0,0.015872849717986203,0.17435514809693853,0.09103745941107036,2.184899025865689,bb_pct,0.41413400794459315,False,False,False,False,False,,,,,False,False
eps_surprise__ts_std__w20,571.0,0.008683236449352117,0.09533911783721347,0.09107737355172812,2.176349060382839,eps_surprise,0.41081608579764956,False,False,False,False,False,,,,,False,False
vol_zscore_60d__ts_std__w10,576.0,0.009975535108824898,0.11000896141119058,0.09067929540338468,2.176303089681232,vol_zscore_60d,0.41079601137847743,False,False,False,False,False,,,,,False,False
insider_net_shares__ts_std__w20,571.0,0.012998429213689525,0.1427303790831595,0.09106981496991755,2.1761684434877773,insider_net_shares,0.4107460161441359,False,False,False,False,False,,,,,False,False
intraday_momentum__ts_std__w20,571.0,0.018179339894971943,0.19966880383661686,0.09104747234248753,2.17563455285921,intraday_momentum,0.410538911652832,False,False,False,False,False,,,,,False,False
bb_pct__ts_delta__w10,570.0,-0.013443032610126577,0.14758052877729697,-0.09108947312699008,-2.1747313639378563,bb_pct,0.4101890617413,False,False,False,False,False,,,,,False,False
bb_upper__ts_max__w5,579.0,0.014152212541007618,0.15760916864272417,0.08979307906311285,2.1606386765445853,bb_upper,0.4047282498984941,False,False,False,False,False,,,,,False,False
bb_upper__signed_power_p05,579.0,0.014236704419392237,0.1586384160771872,0.08974310744797917,2.1594362386115757,bb_upper,0.40426348705165904,False,False,False,False,False,,,,,False,False
bb_upper__cs_demean,579.0,0.014236704419392237,0.1586384160771872,0.08974310744797917,2.1594362386115757,bb_upper,0.40426348705165904,False,False,False,False,False,,,,,False,False
bb_upper__scale,579.0,0.014236704419392237,0.1586384160771872,0.08974310744797917,2.1594362386115757,bb_upper,0.40426348705165904,False,False,False,False,False,,,,,False,False
bb_upper__cs_zscore,579.0,0.014236704419392237,0.1586384160771872,0.08974310744797917,2.1594362386115757,bb_upper,0.40426348705165904,False,False,False,False,False,,,,,False,False
bb_upper__cs_rank,579.0,0.014236704419392237,0.1586384160771872,0.08974310744797917,2.1594362386115757,bb_upper,0.40426348705165904,False,False,False,False,False,,,,,False,False
macd__ts_delta__w5,575.0,-0.014174070059583294,0.15753819668812782,-0.08997227566114105,-2.15745937919941,macd,0.4035015731378062,False,False,False,False,False,,,,,False,False
bb_upper__ts_mean__w5,579.0,0.014173673552925837,0.1581544696699,0.08961917789936084,2.156454193907181,bb_upper,0.4031114514957118,False,False,False,False,False,,,,,False,False
return_20d__ts_delta__w5,574.0,-0.015355924362474578,0.1710203686070461,-0.08979003195670757,-2.1512162623649647,return_20d,0.40109233282413836,False,False,False,False,False,,,,,False,False
bb_pct__ts_min__w10,579.0,0.014165028369232655,0.1584711924645738,0.08938551006612286,2.150831580636469,bb_pct,0.4009415619352966,False,False,False,False,False,,,,,False,False
eightk_filings_30d__scale,579.0,-0.008366541826740908,0.09379731215451594,-0.08919809784056905,-2.1463219891711374,eightk_filings_30d,0.39920338349965495,False,False,False,False,False,,,,,False,False
eightk_filings_30d__signed_power_p05,579.0,-0.008366541826740908,0.09379731215451594,-0.08919809784056905,-2.1463219891711374,eightk_filings_30d,0.39920338349965495,False,False,False,False,False,,,,,False,False
eightk_filings_30d__cs_rank,579.0,-0.008366541826740908,0.09379731215451594,-0.08919809784056905,-2.1463219891711374,eightk_filings_30d,0.39920338349965495,False,False,False,False,False,,,,,False,False
eightk_filings_30d__cs_demean,579.0,-0.008366541826740908,0.09379731215451594,-0.08919809784056905,-2.1463219891711374,eightk_filings_30d,0.39920338349965495,False,False,False,False,False,,,,,False,False
eightk_filings_30d__cs_zscore,579.0,-0.008366541826740908,0.09379731215451594,-0.08919809784056905,-2.1463219891711374,eightk_filings_30d,0.39920338349965495,False,False,False,False,False,,,,,False,False
ma_5__ts_decay_linear__w10,571.0,0.014529312722582245,0.16226665425738343,0.08953973192505837,2.139606181455752,ma_5,0.3966225111905114,False,False,False,False,False,,,,,False,False
insider_90d__ts_std__w5,579.0,0.011874377882603227,0.13354600370845435,0.08891601060954474,2.1395342880713444,insider_90d,0.39659085233046515,False,False,False,True,False,0.008042785291379504,0.07586752086849828,0.10601091480661562,133.0,False,False
volume_zscore__ts_mean__w10,576.0,0.01050073698206333,0.11818722354433588,0.08884832613166652,2.1323598271599966,volume_zscore,0.3938359563840619,False,False,False,False,False,,,,,False,False
rsi_below_30__ts_std__w10,575.0,-0.011291304451457557,0.1270096550646617,-0.08890115043387102,-2.1317746985476242,rsi_below_30,0.3936118944008878,False,False,False,False,False,,,,,False,False
volatility_10d__ts_argmax__w5,579.0,-0.010062534014446938,0.11371806130111506,-0.08848668276011376,-2.12920362154251,volatility_10d,0.3926234763250911,False,False,False,False,False,,,,,False,False
bb_upper__ts_decay_linear__w5,576.0,0.014063117640050209,0.15862207985366417,0.08865800809713284,2.127792194331188,bb_upper,0.39208381947730697,False,False,False,False,False,,,,,False,False
ma_10__ts_decay_linear__w10,571.0,0.014382069721324343,0.16175501641292725,0.08891266583417655,2.1246220570297933,ma_10,0.3908716538774051,False,False,False,False,False,,,,,False,False
bb_upper__ts_min__w5,579.0,0.013971208892684956,0.15853093329099982,0.08812922880507722,2.1206024147636118,bb_upper,0.38932864465277206,False,False,False,False,False,,,,,False,False
days_to_earnings__ts_std__w20,571.0,-0.007310473035292115,0.0825113803957584,-0.08859957257081497,-2.1171405036762354,days_to_earnings,0.3880089693471039,False,False,False,False,False,,,,,False,False
obv_trend__ts_argmax__w10,579.0,0.010227717984858515,0.11667923631500324,0.08765671003576307,2.109232470230851,obv_trend,0.38498527360830553,False,False,False,False,False,,,,,False,False
return_5d__ts_delta__w20,560.0,-0.01523940606160942,0.17160093212931582,-0.08880724523177554,-2.1015629924339083,return_5d,0.38207423041703714,False,False,False,False,False,,,,,False,False
return_20d__cs_rank,579.0,0.016373935243564588,0.18762096117077587,0.08727135359178097,2.0999598620765165,return_20d,0.38145359706217585,False,False,False,False,False,,,,,False,False
return_20d__cs_zscore,579.0,0.016373935243564588,0.18762096117077587,0.08727135359178097,2.0999598620765165,return_20d,0.38145359706217585,False,False,False,False,False,,,,,False,False
return_20d__scale,579.0,0.016373935243564588,0.18762096117077587,0.08727135359178097,2.0999598620765165,return_20d,0.38145359706217585,False,False,False,False,False,,,,,False,False
return_20d__signed_power_p05,579.0,0.016373935243564588,0.18762096117077587,0.08727135359178097,2.0999598620765165,return_20d,0.38145359706217585,False,False,False,False,False,,,,,False,False
return_20d__cs_demean,579.0,0.016373935243564588,0.18762096117077587,0.08727135359178097,2.0999598620765165,return_20d,0.38145359706217585,False,False,False,False,False,,,,,False,False
ma_5__ts_mean__w20,571.0,0.014140920416714836,0.16092652225593998,0.08787190711935539,2.099752496536815,ma_5,0.38137917937356214,False,False,False,False,False,,,,,False,False
beta_60d__ts_min__w10,539.0,0.027385986123082795,0.30343864569093365,0.09025213667403688,2.0953273171295814,beta_60d,0.3797166406487571,False,False,True,False,False,,,,,False,False
ma_50__ts_argmax__w10,541.0,-0.016218350398027544,0.180102890281459,-0.09005047266416451,-2.0945205671533373,ma_50,0.3794090223817272,False,False,False,False,False,,,,,False,False
vol_surge_eod__ts_decay_linear__w10,571.0,0.010205949008812745,0.11649785492917307,0.08760632558442927,2.0934062647401412,vol_surge_eod,0.3789678877655324,False,False,False,False,False,,,,,False,False
atr__ts_argmax__w20,579.0,-0.012544479275718615,0.14430049795396316,-0.08693302832344167,-2.091818937768615,atr,0.37836096215215687,False,False,False,False,False,,,,,False,False
beta_60d__ts_mean__w20,539.0,0.027685605824259083,0.3077044018286609,0.08997468238909129,2.0888858348120953,beta_60d,0.3772727586059831,False,False,True,False,False,,,,,False,False
ma_20__ts_decay_linear__w10,571.0,0.014024864840940296,0.16073562664927832,0.08725423935753988,2.0849929508820155,ma_20,0.37577837730743713,False,False,False,False,False,,,,,False,False
ma_50__ts_rank__w20,541.0,0.01642619109034643,0.1832456346116151,0.08964028597549603,2.0849798681389884,ma_50,0.37579189625640175,False,False,False,False,False,,,,,False,False
beta_60d__ts_decay_linear__w20,539.0,0.0277554639257112,0.30927344984526933,0.08974408873311744,2.0835322863607844,beta_60d,0.3752453218865254,False,False,True,False,False,,,,,False,False
eightk_material_agreement_30d__ts_argmax__w20,577.0,0.008106987736814848,0.09354509553286633,0.08666395272391937,2.081739581431924,eightk_material_agreement_30d,0.37454376158617975,False,False,False,False,False,,,,,False,False
vwap_dev_eod__ts_std__w10,576.0,0.020877939857749626,0.24169318111683027,0.08638199787547003,2.073167949011281,vwap_dev_eod,0.37130672613294613,False,False,True,False,False,,,,,False,False
low_52w_ratio__ts_argmax__w20,329.0,-0.015007419122297144,0.1313815306381975,-0.11422776892153158,-2.07190406882852,low_52w_ratio,0.37108458003576184,False,False,False,False,False,,,,,False,False
volatility_10d__ts_delta__w20,560.0,0.011834684455477616,0.13523992510671318,0.08750880663486964,2.0708363271029033,volatility_10d,0.3704373112235735,False,False,False,False,False,,,,,False,False
ma20_above_ma50__ts_mean__w20,550.0,0.016204767928874073,0.18382780906130414,0.08815188524316252,2.0673449590133797,ma20_above_ma50,0.36912862265134017,False,False,False,False,False,,,,,False,False
eightk_reg_fd_30d__ts_min__w5,579.0,-0.007777121538185162,0.09052805624768481,-0.08590841182878105,-2.0671641865329073,eightk_reg_fd_30d,0.369042595306336,False,False,False,False,False,,,,,False,False
ma20_above_ma50__ts_decay_linear__w20,550.0,0.016242785759866978,0.18434369148473745,0.08811142724247649,2.0663961347932363,ma20_above_ma50,0.3687715017021306,False,False,False,False,False,,,,,False,False
insider_net_shares__ts_min__w5,579.0,-0.010663387464653607,0.12427469703891784,-0.08580497654574255,-2.0646752834305286,insider_net_shares,0.36810602137527804,False,False,False,False,False,,,,,False,False
macd_signal__ts_rank__w5,579.0,-0.012218897658827287,0.14254869694069092,-0.0857173577946567,-2.062566964344449,macd_signal,0.3673132677964661,False,False,False,False,False,,,,,False,False
high_52w_ratio__ts_min__w10,348.0,0.025558419529687616,0.23174747871092996,0.1102856422510119,2.05735197877707,high_52w_ratio,0.3655851875686662,False,False,True,False,False,,,,,False,False
ma_10__ts_mean__w20,571.0,0.013781644864604035,0.16044172496819625,0.08589813446181732,2.0525880022049425,ma_10,0.3635736174525932,False,False,False,False,False,,,,,False,False
insider_7d__ts_decay_linear__w20,561.0,-0.013130404447770768,0.15185783296597452,-0.08646511142242354,-2.0479640845817775,insider_7d,0.361849289222531,False,False,False,False,False,,,,,False,False
bb_width__ts_min__w5,579.0,0.020244859652195555,0.23821691327067568,0.0849849801772563,2.0449441873720873,bb_width,0.36070908090388315,False,False,True,False,False,,,,,False,False
atr__ts_delta__w20,560.0,0.01285606709134047,0.14882776471840595,0.0863821822202677,2.0441755274134112,atr,0.3604340232930793,False,False,False,False,False,,,,,False,False
bb_upper__ts_mean__w20,571.0,0.013372465385678493,0.15661332815412968,0.0853852321720543,2.0403318910231683,bb_upper,0.35899231496810585,False,False,False,False,False,,,,,False,False
vwap_dev_eod__ts_std__w5,579.0,0.01920900111604261,0.2265862812322235,0.08477565813596503,2.03990739274397,vwap_dev_eod,0.3588289668279023,False,False,False,False,False,,,,,False,False
bb_upper__ts_max__w10,579.0,0.013258308007066545,0.15649300071038227,0.08472141211991563,2.0386021023858745,bb_upper,0.35834228381475186,False,False,False,False,False,,,,,False,False
ma_5__ts_max__w20,579.0,0.013441487931230928,0.15880868620349634,0.0846395008520321,2.0366311191510804,ma_5,0.35760782667738644,False,False,False,False,False,,,,,False,False
macd__ts_rank__w5,579.0,-0.012668751860791647,0.1497432281348489,-0.08460317049785386,-2.035756922952564,macd,0.3572822377229047,False,False,False,False,False,,,,,False,False
bb_upper__ts_mean__w10,576.0,0.013338868738798781,0.15779017382873478,0.08453548415046915,2.0288516196112596,bb_upper,0.3547159406981307,False,False,False,False,False,,,,,False,False
ma_10__ts_max__w10,579.0,0.013528069145806816,0.16047194404362636,0.08430177141824266,2.0285045320636717,ma_10,0.35458512030140366,False,False,False,False,False,,,,,False,False
insider_7d__ts_std__w10,576.0,0.01167011953179154,0.13825683684520335,0.0844089869122188,2.0258156858932512,insider_7d,0.353588894688591,False,False,False,False,False,,,,,False,False
rsi_14__ts_rank__w20,571.0,-0.01318536517925217,0.1555415604388426,-0.08477068856742327,-2.0256469989984396,rsi_14,0.3535295440284339,False,False,False,False,False,,,,,False,False
beta_60d__ts_mean__w10,539.0,0.026788669753920205,0.3086724161294038,0.08678673037855664,2.0148731501318773,beta_60d,0.3495630397385091,False,False,True,False,False,,,,,False,False
beta_60d__ts_min__w5,539.0,0.026510662765899664,0.3055929350187827,0.08675155649220175,2.014056540047673,beta_60d,0.34926138316695277,False,False,True,False,False,,,,,False,False
rev_growth_yoy__ts_delta__w10,354.0,0.008817194057112062,0.08254144868818668,0.10682141151193507,2.0098328639268415,rev_growth_yoy,0.3479138196068775,False,False,False,False,False,,,,,False,False
post_earnings_3d__ts_rank__w20,571.0,-0.007745499108193482,0.09209055083705063,-0.08410742511355736,-2.0097979166378517,post_earnings_3d,0.3476671038623379,False,False,False,False,False,,,,,False,False
bb_upper__ts_min__w10,579.0,0.013223460393297212,0.15841162258327168,0.08347531688431561,2.008618036923514,bb_upper,0.3472268105862388,False,False,False,False,False,,,,,False,False
beta_60d__ts_decay_linear__w10,539.0,0.026764220284166224,0.30940918407639434,0.08650105317351547,2.0082407614299247,beta_60d,0.34711576813734485,False,False,True,False,False,,,,,False,False
premarket_gap__ts_min__w5,579.0,-0.017851204661374024,0.2140850632531447,-0.08338369987197979,-2.006413510000641,premarket_gap,0.34641454751075473,False,False,False,False,False,,,,,False,False
insider_net_shares__ts_min__w20,579.0,-0.012062054728028123,0.14468180112397733,-0.08336953669585707,-2.006072709724799,insider_net_shares,0.34628904125311066,False,False,False,False,False,,,,,False,False
insider_21d__ts_rank__w20,571.0,-0.007860602149260834,0.09366744439488216,-0.08392032258425025,-2.0053269882615354,insider_21d,0.3460197857890833,False,False,False,False,False,,,,,False,False
high_52w_ratio__ts_min__w20,348.0,0.025227532967693467,0.23469766119401456,0.10748949452393111,2.00519051929924,high_52w_ratio,0.3462156574391891,False,False,True,False,False,,,,,False,False
eightk_days_since_last__ts_rank__w20,571.0,0.008530982193351676,0.10173167691485908,0.08385767788425817,2.0038300551743258,eightk_days_since_last,0.34546888275575804,False,False,False,False,False,,,,,False,False
beta_60d__ts_max__w10,539.0,0.026832809784810237,0.31107970083084696,0.08625702581410438,2.00257533110169,beta_60d,0.34503028230851696,False,False,True,False,False,,,,,False,False
ma_5__ts_max__w10,579.0,0.013376007809822734,0.16076887802974324,0.08320023112525603,2.0019988081745694,ma_5,0.34479004851929185,False,False,False,False,False,,,,,False,False
post_earnings_drift__ts_mean__w20,571.0,0.006366793807754817,0.0760102307249246,0.08376232708457065,2.00155159000549,post_earnings_drift,0.3446309826752284,False,False,False,False,False,,,,,False,False
post_earnings_drift__ts_decay_linear__w10,571.0,0.006366793807754817,0.0760102307249246,0.08376232708457065,2.00155159000549,post_earnings_drift,0.3446309826752284,False,False,False,True,False,,,,0.0,False,False
high_52w_ratio__ts_argmax__w5,344.0,0.015554662410750408,0.14429084086017702,0.10780076072758792,1.9994062570237325,high_52w_ratio,0.34409828111946617,False,False,False,False,False,,,,,False,False
bb_upper__ts_rank__w10,576.0,0.011111885547120452,0.13343077888078078,0.08327827837270457,1.9986786809449097,bb_upper,0.3435721851531947,False,False,False,False,False,,,,,False,False
sector_rel_ret__ts_mean__w20,571.0,0.0139296521623306,0.1666128652827641,0.08360490133033927,1.9977898061623605,sector_rel_ret,0.3432492509622499,False,False,False,True,False,-0.011967941212821949,0.09234854525425186,-0.12959534099721975,140.0,False,False
beta_60d__ts_decay_linear__w5,539.0,0.026570293604986278,0.30881546594230497,0.0860393877097798,1.997522563576788,beta_60d,0.34317424946777786,False,False,True,False,False,,,,,False,False
rsi_above_70__ts_argmax__w20,579.0,-0.010441113860025981,0.1257825118034264,-0.0830092650426906,-1.9974037023133588,rsi_above_70,0.3431021762529499,False,False,False,False,False,,,,,False,False
bb_width__ts_mean__w5,579.0,0.019932233678492516,0.24084791974742295,0.08275858765728779,1.9913717980743284,bb_width,0.3408912512079957,False,False,False,False,False,,,,,False,False
beta_60d__ts_mean__w5,539.0,0.026434256890575186,0.30843798262972394,0.0857036369684378,1.9897276489519824,beta_60d,0.34031830194711854,False,False,True,False,False,,,,,False,False
high_52w_ratio__group_neutralize,348.0,0.017517652432109745,0.1644850810862838,0.10649994708590335,1.9867307512082444,high_52w_ratio,0.3394517940494649,False,False,False,False,False,,,,,False,False
ma_5__ts_max__w5,579.0,0.013337713851305038,0.16183199572508797,0.08241703867980762,1.98315330352689,ma_5,0.33788757742305786,False,False,False,False,False,,,,,False,False
bb_width__cs_rank,579.0,0.019698634528252153,0.23912803714879236,0.08237693397698528,1.9821882873704848,bb_width,0.3375355525990471,False,False,False,False,False,,,,,False,False
bb_width__signed_power_p05,579.0,0.019698634528252153,0.23912803714879236,0.08237693397698528,1.9821882873704848,bb_width,0.3375355525990471,False,False,False,False,False,,,,,False,False
bb_width__scale,579.0,0.019698634528252153,0.23912803714879236,0.08237693397698528,1.9821882873704848,bb_width,0.3375355525990471,False,False,False,False,False,,,,,False,False
bb_width__cs_zscore,579.0,0.019698634528252153,0.23912803714879236,0.08237693397698528,1.9821882873704848,bb_width,0.3375355525990471,False,False,False,False,False,,,,,False,False
bb_width__cs_demean,579.0,0.019698634528252153,0.23912803714879236,0.08237693397698528,1.9821882873704848,bb_width,0.3375355525990471,False,False,False,False,False,,,,,False,False
vol_x_short__ts_rank__w20,571.0,0.009802426850848606,0.11818059372521407,0.08294447118484258,1.9820084274230638,vol_x_short,0.3374754435474835,False,False,False,False,False,,,,,False,False
ma_5__ts_mean__w5,579.0,0.013376019586746942,0.16239257242275842,0.0823684198555892,1.9819834170154738,ma_5,0.3374608368136192,False,False,False,False,False,,,,,False,False
bb_width__ts_max__w5,579.0,0.019777857038704636,0.24020713135165989,0.08233667721442511,1.9812196122889805,bb_width,0.3371823349312657,False,False,False,False,False,,,,,False,False
atr__cs_rank,579.0,0.013038589408574903,0.15856762849617664,0.08222730914392963,1.9785879519699763,atr,0.3362234462131597,False,False,False,False,False,,,,,False,False
atr__signed_power_p05,579.0,0.013038589408574903,0.15856762849617664,0.08222730914392963,1.9785879519699763,atr,0.3362234462131597,False,False,False,False,False,,,,,False,False
atr__cs_demean,579.0,0.013038589408574903,0.15856762849617664,0.08222730914392963,1.9785879519699763,atr,0.3362234462131597,False,False,False,False,False,,,,,False,False
atr__scale,579.0,0.013038589408574903,0.15856762849617664,0.08222730914392963,1.9785879519699763,atr,0.3362234462131597,False,False,False,False,False,,,,,False,False
atr__cs_zscore,579.0,0.013038589408574903,0.15856762849617664,0.08222730914392963,1.9785879519699763,atr,0.3362234462131597,False,False,False,False,False,,,,,False,False
ma_50__ts_rank__w5,549.0,0.014456019265613301,0.17128292891022387,0.08439848242664201,1.9775196600590825,ma_50,0.33585601573591967,False,False,False,False,False,,,,,False,False
macd__ts_min__w20,579.0,0.014969228396486029,0.18234336496434372,0.08209362813619889,1.9753712635722047,macd,0.3350528286048756,False,False,False,False,False,,,,,False,False
ma_10__ts_max__w20,579.0,0.013016969480500374,0.15857654719892417,0.08208634700673244,1.97519606198542,ma_10,0.33498911475523263,False,False,False,False,False,,,,,False,False
macd_signal__ts_argmax__w5,579.0,0.011683534168611898,0.142344863742336,0.0820790709369094,1.9750209821458944,macd_signal,0.33492544988994805,False,False,False,False,False,,,,,False,False
ma_10__ts_max__w5,579.0,0.013241915164453697,0.16144506386930307,0.08202118322535779,1.9736280637853694,ma_10,0.33441910626682136,False,False,False,False,False,,,,,False,False
eightk_days_since_last__ts_min__w10,579.0,0.007446846297530433,0.09085956227154166,0.08195996229075911,1.972154940015829,eightk_days_since_last,0.33388393219538326,False,False,False,False,False,,,,,False,False
vol_zscore_60d__ts_decay_linear__w10,571.0,0.010126822881071699,0.1227341221683923,0.08251024818654432,1.9716324056133625,vol_zscore_60d,0.3336997382572253,False,False,False,False,False,,,,,False,False
ma_20__ts_mean__w20,571.0,0.013152997450694195,0.15942710851490416,0.08250163710059746,1.9714266384938413,ma_20,0.3336250294020624,False,False,False,False,False,,,,,False,False
low_52w_ratio__ts_delta__w20,328.0,0.018681751938407987,0.1716367837962211,0.10884468658296602,1.9712611144972312,low_52w_ratio,0.33386267543998877,False,False,False,False,False,,,,,False,False
ma5_above_ma20__ts_min__w10,579.0,0.011933355970378963,0.14590822541342421,0.08178672543351377,1.9679864421998199,ma5_above_ma20,0.33237137014611473,False,False,False,False,False,,,,,False,False
vol_surge_eod__group_neutralize,579.0,-0.008028067735136481,0.0982159255145033,-0.0817389613047122,-1.9668371217274971,vol_surge_eod,0.3319548079874638,False,False,False,False,False,,,,,False,False
eps_surprise__ts_std__w10,467.0,0.008330695441241882,0.09155710343319926,0.0909890672471964,1.9662903746462332,eps_surprise,0.3318524364835662,False,False,False,False,False,,,,,False,False
volatility_10d__ts_rank__w20,571.0,0.00970734481446786,0.11802939935119448,0.08224514288667875,1.965297553742198,volatility_10d,0.33140272760938055,False,False,False,False,False,,,,,False,False
beta_60d__cs_demean,539.0,0.026187900896826505,0.30937816603049817,0.08464689422926158,1.965193914791523,beta_60d,0.33138926566142224,False,False,True,False,False,,,,,False,False
beta_60d__cs_zscore,539.0,0.026187900896826505,0.30937816603049817,0.08464689422926158,1.965193914791523,beta_60d,0.33138926566142224,False,False,True,False,False,,,,,False,False
beta_60d__cs_rank,539.0,0.026187900896826505,0.30937816603049817,0.08464689422926158,1.965193914791523,beta_60d,0.33138926566142224,False,False,True,False,False,,,,,False,False
beta_60d__scale,539.0,0.02618730582141967,0.3093775039593574,0.0846451519140185,1.9651534645500282,beta_60d,0.33137462035705517,False,False,True,False,False,,,,,False,False
beta_60d__signed_power_p05,539.0,0.02618662759357167,0.3093822940631103,0.08464164917023309,1.9650721435419176,beta_60d,0.33134517826867077,False,False,True,False,False,,,,,False,False
vol_10d_self_rank__ts_decay_linear__w20,561.0,0.010483352157518343,0.12636567397199627,0.08296044193015222,1.9649544506331678,vol_10d_self_rank,0.3312857255265026,False,False,False,False,False,,,,,False,False
volatility_10d__ts_rank__w5,579.0,0.00912632978687327,0.1117806466200436,0.08164499010186269,1.9645759472864763,volatility_10d,0.3311358653392509,False,False,False,False,False,,,,,False,False
vol_surge_eod__ts_max__w10,579.0,0.009095423076233173,0.11147170918883334,0.08159400391740208,1.9633490963613889,vol_surge_eod,0.3306918647876308,False,False,False,False,False,,,,,False,False
ma_5__cs_rank,579.0,0.013261308163316297,0.16266781683542655,0.08152385899869155,1.9616612399485074,ma_5,0.3300814117010539,False,False,False,False,False,,,,,False,False
ma_5__scale,579.0,0.013261308163316297,0.16266781683542655,0.08152385899869155,1.9616612399485074,ma_5,0.3300814117010539,False,False,False,False,False,,,,,False,False
ma_5__signed_power_p05,579.0,0.013260733324278054,0.16266766438312663,0.08152040157806298,1.9615780460452676,ma_5,0.33005133426225813,False,False,False,False,False,,,,,False,False
ma_5__cs_demean,579.0,0.0132604833096269,0.16266755119651266,0.08151892133427029,1.961542427799156,ma_5,0.3300384573827072,False,False,False,False,False,,,,,False,False
ma_5__cs_zscore,579.0,0.0132604833096269,0.16266755119651266,0.08151892133427029,1.961542427799156,ma_5,0.3300384573827072,False,False,False,False,False,,,,,False,False
ma_10__ts_mean__w5,579.0,0.013190861665748631,0.16190771107188018,0.08147148507270568,1.9604009966056102,ma_10,0.32962590765505484,False,False,False,False,False,,,,,False,False
ma_10__signed_power_p05,579.0,0.013203465415876546,0.16221032387065115,0.08139719532528139,1.9586134055882352,ma_10,0.3289802288224435,False,False,False,False,False,,,,,False,False
ma_10__cs_rank,579.0,0.013203356973839443,0.16221020918760423,0.0813965843454964,1.9585987039367514,ma_10,0.32897492067549117,False,False,False,False,False,,,,,False,False
ma_10__scale,579.0,0.013203356973839443,0.16221020918760423,0.0813965843454964,1.9585987039367514,ma_10,0.32897492067549117,False,False,False,False,False,,,,,False,False
ma_10__cs_zscore,579.0,0.01320321489847408,0.16221037816533934,0.08139562368208143,1.958575588051305,ma_10,0.32896657457243356,False,False,False,False,False,,,,,False,False
ma_10__cs_demean,579.0,0.01320321489847408,0.16221037816533934,0.08139562368208143,1.958575588051305,ma_10,0.32896657457243356,False,False,False,False,False,,,,,False,False
premarket_gap__ts_max__w10,579.0,0.01881675193224123,0.23120528806529292,0.08138547387777452,1.9583313592090188,premarket_gap,0.3288783997342864,False,False,False,False,False,,,,,False,False
atr__ts_min__w5,579.0,0.012858916916386989,0.15804646381929988,0.08136162370003447,1.9577574662430433,atr,0.3286712422771097,False,False,False,False,False,,,,,False,False
post_earnings_3d__ts_delta__w20,417.0,0.008912474638841697,0.09298776149090689,0.09584567362354703,1.9572240404538708,post_earnings_3d,0.3286353980199306,False,False,False,False,False,,,,,False,False
insider_net_shares__ts_min__w10,579.0,-0.01150784403048381,0.1416374063579695,-0.08124862157811108,-1.9550383618565272,insider_net_shares,0.32769044202554964,False,False,False,False,False,,,,,False,False
ma_20__ts_max__w10,579.0,0.012961045495623743,0.1595995603614834,0.08120978194593867,1.9541037863599515,ma_20,0.3273536060827612,False,False,False,False,False,,,,,False,False
insider_net_shares__ts_max__w20,579.0,0.0073025087167045205,0.08999227117333698,0.08114595421910095,1.9525679368637496,insider_net_shares,0.32680036464902695,False,False,False,False,False,,,,,False,False
beta_60d__ts_max__w20,539.0,0.026063140386956125,0.30998113784099346,0.0840797622993608,1.9520271680647456,beta_60d,0.32663577730303817,False,False,True,False,False,,,,,False,False
ma_20__ts_max__w5,579.0,0.013011696568919016,0.16043570751750674,0.08110224818561154,1.9515162639804844,ma_20,0.326421750565468,False,False,False,False,False,,,,,False,False
ma_5__ts_min__w5,579.0,0.013201013753923657,0.16286139308328168,0.08105674097465884,1.9504212504107084,ma_5,0.32602772204732694,False,False,False,False,False,,,,,False,False
premarket_gap__ts_mean__w20,571.0,0.012812287712945594,0.15747560273471073,0.0813604614965637,1.944157555551302,premarket_gap,0.3237832546340439,False,False,False,False,False,,,,,False,False
ma_20__cs_demean,579.0,0.012989864919178893,0.16112916464862564,0.08061771404019806,1.9398572004356092,ma_20,0.3222363278084107,False,False,False,False,False,,,,,False,False
ma_20__cs_zscore,579.0,0.012989864919178893,0.16112916464862564,0.08061771404019806,1.9398572004356092,ma_20,0.3222363278084107,False,False,False,False,False,,,,,False,False
ma_20__signed_power_p05,579.0,0.012989864919178893,0.16112916464862564,0.08061771404019806,1.9398572004356092,ma_20,0.3222363278084107,False,False,False,False,False,,,,,False,False
insider_21d__cs_rank,579.0,-0.011943395893356887,0.14814899823067448,-0.08061745969257583,-1.9398510802165942,insider_21d,0.32223413655537136,False,False,False,False,False,,,,,False,False
insider_21d__cs_demean,579.0,-0.011943395893356887,0.14814899823067448,-0.08061745969257583,-1.9398510802165942,insider_21d,0.32223413655537136,False,False,False,False,False,,,,,False,False
insider_21d__cs_zscore,579.0,-0.011943395893356887,0.14814899823067448,-0.08061745969257583,-1.9398510802165942,insider_21d,0.32223413655537136,False,False,False,False,False,,,,,False,False
insider_21d__scale,579.0,-0.011943395893356887,0.14814899823067448,-0.08061745969257583,-1.9398510802165942,insider_21d,0.32223413655537136,False,False,False,False,False,,,,,False,False
insider_21d__signed_power_p05,579.0,-0.011943395893356887,0.14814899823067448,-0.08061745969257583,-1.9398510802165942,insider_21d,0.32223413655537136,False,False,False,False,False,,,,,False,False
ma_20__scale,579.0,0.012989538109424381,0.16112949439033344,0.08061552081804121,1.9398044262054814,ma_20,0.32221743298502115,False,False,False,False,False,,,,,False,False
ma_20__cs_rank,579.0,0.012989538109424381,0.16112949439033344,0.08061552081804121,1.9398044262054814,ma_20,0.32221743298502115,False,False,False,False,False,,,,,False,False
ma_5__ts_decay_linear__w5,576.0,0.013157559134124858,0.16279516714980705,0.08082278709181234,1.9397468902034962,ma_5,0.32219897571785416,False,False,False,False,False,,,,,False,False
ma_50__ts_delta__w10,540.0,0.016716337996039485,0.20083344253660138,0.08323483272957877,1.9342027259161114,ma_50,0.3202443185878241,False,False,False,False,False,,,,,False,False
bb_width__ts_rank__w10,576.0,0.008926015489914667,0.11080321396463787,0.08055736986801978,1.9333768768324748,bb_width,0.31992175108330806,False,False,False,False,False,,,,,False,False
ma_20__ts_mean__w5,579.0,0.012896071144040417,0.16082918955569053,0.08018489168332765,1.929442447605159,ma_20,0.3185164167452216,False,False,False,False,False,,,,,False,False
atr__ts_mean__w5,579.0,0.01267181490513203,0.15805057058287628,0.08017569856533588,1.9292212389496777,atr,0.3184376011913919,False,False,False,False,False,,,,,False,False
insider_21d__ts_argmax__w5,579.0,-0.009017846527914581,0.11254202025360382,-0.08012870666079776,-1.9280905000610136,insider_21d,0.31803485210665894,False,False,False,False,False,,,,,False,False
beta_60d__ts_max__w5,539.0,0.025820064997704582,0.311013703857492,0.08301905889502369,1.9274014816224738,beta_60d,0.3178204342366623,False,False,True,False,False,,,,,False,False
ma_10__ts_decay_linear__w5,576.0,0.013025195157869065,0.1623370665999347,0.08023549661623801,1.925651918789712,ma_10,0.3171691729894499,False,False,False,False,False,,,,,False,False
ma_5__ts_mean__w10,576.0,0.012985963413916552,0.16222758109131152,0.08004781509136392,1.921147562192734,ma_5,0.31556878309572933,False,False,False,False,False,,,,,False,False
atr__ts_max__w5,579.0,0.012598199229929524,0.15787300414461997,0.07979957877021782,1.9201708869089051,atr,0.315220040564302,False,False,False,False,False,,,,,False,False
ma_10__ts_min__w5,579.0,0.012924229756884677,0.16225743249814312,0.07965262088707452,1.916634724774189,ma_10,0.31396663003993863,False,False,False,False,False,,,,,False,False
bb_upper__ts_max__w20,579.0,0.012355310278464414,0.15562227224293754,0.07939294357029364,1.910386260416889,bb_upper,0.31175704478212274,False,False,False,False,False,,,,,False,False
obv_trend__ts_decay_linear__w20,561.0,0.011996274886634737,0.1488026377806553,0.08061869779699753,1.9094892138331934,obv_trend,0.3114539587716454,False,False,False,False,False,,,,,False,False
insider_21d__ts_max__w5,579.0,-0.011776639035693773,0.1484205293961205,-0.07934642925483056,-1.9092670134765777,insider_21d,0.31136196347402634,False,False,False,False,False,,,,,False,False
obv__ts_delta__w20,560.0,0.011128798863715345,0.13837513023577547,0.08042484834343526,1.9031992773738,obv,0.3092383246533348,False,False,False,False,False,,,,,False,False
ma_20__ts_decay_linear__w5,576.0,0.012776482123473274,0.16128479568970316,0.07921690366929582,1.9012056880630996,ma_20,0.3085250276613738,False,False,False,False,False,,,,,False,False
ma_10__ts_mean__w10,576.0,0.012808235764480563,0.16170465738713677,0.07920758728560547,1.9009820948545313,ma_10,0.3084464407077569,False,False,False,False,False,,,,,False,False
insider_7d__group_neutralize,579.0,-0.007932925028716021,0.10049356491660975,-0.07893963195851214,-1.8994784865532326,insider_7d,0.307915967083923,False,False,False,False,False,,,,,False,False
insider_7d__ts_min__w10,579.0,-0.011457023190525327,0.14519281913465085,-0.07890902083731952,-1.8987419089342081,insider_7d,0.30765733403881657,False,False,False,False,False,,,,,False,False
ma_20__ts_argmax__w5,579.0,-0.012606322694678056,0.1602910450926378,-0.07864645643424698,-1.8924239742973568,ma_20,0.3054428438647213,False,False,False,False,False,,,,,False,False
is_squeeze_setup__ts_delta__w10,570.0,0.008525730383858045,0.10793601855532621,0.07898874257148829,1.8858303816155266,is_squeeze_setup,0.3031460702933549,False,False,False,False,False,,,,,False,False
insider_90d__group_neutralize,579.0,-0.009331053290181138,0.11909811472571154,-0.0783476154233926,-1.8852331367302897,insider_90d,0.30293098402059715,False,False,False,False,False,,,,,False,False
vol_surge_eod__ts_rank__w10,576.0,-0.008267871432528929,0.10531073012922856,-0.07850929741331472,-1.8842231379195533,vol_surge_eod,0.30258116435584337,False,False,False,False,False,,,,,False,False
ma_20__ts_max__w20,579.0,0.012380535455001423,0.15816054233570032,0.07827828149908199,1.8835647948043288,ma_20,0.3023495256758908,False,False,False,False,False,,,,,False,False
eightk_filings_30d__ts_mean__w5,579.0,-0.007371871488038712,0.09429517399939014,-0.07817867209287287,-1.8811679515526145,eightk_filings_30d,0.3015150393992362,False,False,False,False,False,,,,,False,False
intraday_momentum__ts_argmax__w20,579.0,0.008804697864078356,0.11275733538628147,0.07808536654325349,1.8789227943384135,intraday_momentum,0.3007343005538114,False,False,False,False,False,,,,,False,False
obv_trend__ts_delta__w5,575.0,-0.010695984628983399,0.13651593778927687,-0.07834971360994858,-1.8787601318655751,obv_trend,0.3006807872540269,False,False,False,False,False,,,,,False,False
bb_upper__ts_argmax__w5,579.0,-0.009679915443064718,0.12435882864729952,-0.0778385865190032,-1.8729846700357708,bb_upper,0.2986737439122594,False,False,False,False,False,,,,,False,False
rsi_14__ts_delta__w5,575.0,-0.01231450764438164,0.1577276451948679,-0.07807450386498464,-1.8721608340134706,rsi_14,0.2983914042699566,False,False,False,False,False,,,,,False,False
insider_90d__ts_std__w10,576.0,0.011707087061956629,0.15010460402797715,0.07799285796573309,1.8718285911775943,insider_90d,0.298275592141402,False,False,False,False,False,,,,,False,False
ma_20__ts_min__w5,579.0,0.012509729258217727,0.16107442396742067,0.07766428058589847,1.868790447668671,ma_20,0.2972221885901306,False,False,False,False,False,,,,,False,False
return_1d__ts_argmax__w20,579.0,-0.00949562272490432,0.12231579780173538,-0.07763202215543738,-1.8680142318040844,return_1d,0.2969539044420372,False,False,False,True,False,-0.019781736360826554,0.07122607558128617,-0.2777316621670502,149.0,False,False
atr__ts_min__w10,579.0,0.012250292141511887,0.15783632380500917,0.07761389676463755,1.8675780910591828,atr,0.2968032091241027,False,False,False,False,False,,,,,False,False
bb_upper__ts_decay_linear__w20,561.0,0.012362678531430013,0.15714765632447486,0.07866918807814632,1.8633142211561473,bb_upper,0.2953458527980447,False,False,False,False,False,,,,,False,False
eightk_days_since_last__ts_delta__w10,570.0,0.007853904511254483,0.10089353862556887,0.07784348351980702,1.8584876965167476,eightk_days_since_last,0.2936771959282195,False,False,False,False,False,,,,,False,False
ma_5__ts_min__w10,579.0,0.012585311996482653,0.16300194610105972,0.07720958121984553,1.8578492810805003,ma_5,0.2934508041498829,False,False,False,False,False,,,,,False,False
obv_trend__ts_mean__w10,576.0,0.010899503127055721,0.14080241549580658,0.07740991579352795,1.8578379790446706,obv_trend,0.2934492096861688,False,False,False,False,False,,,,,False,False
intraday_momentum__ts_argmax__w10,579.0,0.009251436859048077,0.11982607252677338,0.07720721095136436,1.8577922466875645,intraday_momentum,0.2934312024877439,False,False,False,False,False,,,,,False,False
volume_spike__ts_argmax__w20,579.0,-0.006933729324330051,0.09009484895509391,-0.07696033019363892,-1.8518516984938524,volume_spike,0.2913928600347858,False,False,False,True,False,-0.03486183707353982,0.08794855653735444,-0.39638896243547705,149.0,False,False
ma_20__ts_rank__w10,576.0,0.01255540197579575,0.16289716728523335,0.07707563111770514,1.8498151468249233,ma_20,0.2906978881669148,False,False,False,False,False,,,,,False,False
ma_20__ts_mean__w10,576.0,0.012375068123376737,0.16066973115026958,0.07702177650252434,1.8485226360605842,ma_20,0.2902557643663406,False,False,False,False,False,,,,,False,False
vol_surge_eod__ts_min__w10,579.0,0.008337710227584467,0.1087539273902247,0.0766658310891851,1.8447653376971207,vol_surge_eod,0.28896999647958177,False,False,False,False,False,,,,,False,False
rsi_14__ts_delta__w10,570.0,-0.01181639607031854,0.1529727075164199,-0.07724512602387053,-1.8442021071002157,rsi_14,0.2887848279596935,False,False,False,False,False,,,,,False,False
atr__ts_decay_linear__w5,576.0,0.012135268930491843,0.15827607377783948,0.07667153121023984,1.8401167490457562,atr,0.28738807405957456,False,False,False,False,False,,,,,False,False
macd__ts_argmax__w5,579.0,0.011182321117703854,0.14634582142207705,0.07641025216191749,1.8386154905048218,macd,0.2868750075777796,False,False,False,False,False,,,,,False,False
vol_10d_self_rank__ts_mean__w5,579.0,0.009510672204375436,0.12452850788898465,0.07637345348146356,1.8377300252433098,vol_10d_self_rank,0.28657395846970246,False,False,False,False,False,,,,,False,False
vol_x_short__ts_rank__w5,579.0,0.00853537686558525,0.11187471497844888,0.07629406579698972,1.8358197655294746,vol_x_short,0.28592499819392714,False,False,False,False,False,,,,,False,False
bb_upper__ts_delta__w5,575.0,0.01082862739058144,0.14152220310887942,0.0765153958368673,1.834774736865995,bb_upper,0.2855733704865885,False,False,False,False,False,,,,,False,False
ma5_above_ma20__ts_delta__w10,570.0,-0.009739499111617082,0.1268258806795625,-0.07679425571051103,-1.833437725905866,ma5_above_ma20,0.2851237765773506,False,False,False,False,False,,,,,False,False
return_5d__ts_argmax__w5,579.0,0.011067041959239294,0.14531721338556997,0.07615781848138752,1.8325413255568506,return_5d,0.28481285830907266,False,False,False,False,False,,,,,False,False
vol_surge_eod__ts_delta__w5,575.0,-0.008166080787760393,0.1070928235748556,-0.07625236234482581,-1.8284674153018972,vol_surge_eod,0.28343685025124743,False,False,False,False,False,,,,,False,False
ma_10__ts_min__w10,579.0,0.012334448852008916,0.16232274685504558,0.07598718658342811,1.8284355093622173,ma_10,0.2834229533547545,False,False,False,False,False,,,,,False,False
ma_5__ts_decay_linear__w20,561.0,0.012465221530055984,0.1615347292055654,0.07716744003819158,1.8277446602162095,ma_5,0.28320374706896156,False,False,False,False,False,,,,,False,False
vol_10d_self_rank__ts_mean__w20,571.0,0.009430152314778494,0.12339992672141362,0.07641943204770216,1.826088661170567,vol_10d_self_rank,0.282636220183187,False,False,False,False,False,,,,,False,False
vol_zscore_60d__ts_delta__w10,570.0,0.008348876461032936,0.10918429791325517,0.07646590783288233,1.8255985277718945,vol_zscore_60d,0.2824715354864485,False,False,False,False,False,,,,,False,False
atr__ts_decay_linear__w10,571.0,0.012090504453519443,0.15830634760758028,0.07637409766720249,1.8250053686627141,atr,0.28227053685361303,False,False,False,False,False,,,,,False,False
bb_width__ts_decay_linear__w5,576.0,0.01829909716167547,0.24071448856397729,0.07601992414682558,1.824478179523814,bb_width,0.2820887166338769,False,False,False,False,False,,,,,False,False
vol_10d_self_rank__ts_decay_linear__w5,576.0,0.009530141631135422,0.12541335489101912,0.07598984685017686,1.8237563244042447,vol_10d_self_rank,0.28184524060626936,False,False,False,False,False,,,,,False,False
vol_x_short__ts_argmax__w5,579.0,-0.008652239713147752,0.11416723931432972,-0.07578566115035913,-1.8235863199866065,vol_x_short,0.2817855812878236,False,False,False,False,False,,,,,False,False
bb_upper__ts_min__w20,579.0,0.011945663060913282,0.15780330321128996,0.07569970221040744,1.8215179399712174,bb_upper,0.28108855770284613,False,False,False,False,False,,,,,False,False
bb_width__ts_max__w10,579.0,0.018217128930779584,0.24212746138633018,0.07523776454961036,1.8104026025032909,bb_width,0.2773570665715589,False,False,False,False,False,,,,,False,False
eightk_reg_fd_30d__ts_mean__w5,579.0,-0.006990038068315066,0.0929098745022577,-0.07523460886975161,-1.810326669212833,eightk_reg_fd_30d,0.2773316584272474,False,False,False,False,False,,,,,False,False
eightk_other_events_30d__group_neutralize,579.0,0.0065357780612935465,0.08687833646244524,0.07522908848650385,1.8101938354390177,eightk_other_events_30d,0.27728721345797114,False,False,False,True,False,-0.0079397211319701,0.10091172127490468,-0.0786798702039839,58.0,False,False
ma_10__ts_decay_linear__w20,561.0,0.012295944242385335,0.1610931656186663,0.0763281557921075,1.807865844767303,ma_10,0.2765233228333911,False,False,False,False,False,,,,,False,False
vol_10d_self_rank__scale,579.0,0.009294822836553484,0.1238913167961882,0.07502400553094662,1.8052590434672937,vol_10d_self_rank,0.2756385393040036,False,False,False,False,False,,,,,False,False
vol_10d_self_rank__cs_rank,579.0,0.009294822836553484,0.1238913167961882,0.07502400553094662,1.8052590434672937,vol_10d_self_rank,0.2756385393040036,False,False,False,False,False,,,,,False,False
vol_10d_self_rank__cs_demean,579.0,0.009294822836553484,0.1238913167961882,0.07502400553094662,1.8052590434672937,vol_10d_self_rank,0.2756385393040036,False,False,False,False,False,,,,,False,False
vol_10d_self_rank__cs_zscore,579.0,0.009294822836553484,0.1238913167961882,0.07502400553094662,1.8052590434672937,vol_10d_self_rank,0.2756385393040036,False,False,False,False,False,,,,,False,False
vol_10d_self_rank__signed_power_p05,579.0,0.009294822836553484,0.1238913167961882,0.07502400553094662,1.8052590434672937,vol_10d_self_rank,0.2756385393040036,False,False,False,False,False,,,,,False,False
insider_60d__group_neutralize,579.0,-0.008958797072578543,0.11957015793010281,-0.07492502500344268,-1.8028773325583773,insider_60d,0.27484454936425695,False,False,False,False,False,,,,,False,False
bb_lower__ts_mean__w20,571.0,0.012313191241400318,0.1633358034252559,0.07538574509192014,1.8013880846473707,bb_lower,0.2743549853844832,False,False,False,False,False,,,,,False,False
atr__ts_max__w10,579.0,0.011791004870764104,0.1576931508433408,0.07477182621886856,1.7991909992395498,atr,0.2736178553657915,False,False,False,False,False,,,,,False,False
eightk_material_agreement_30d__ts_delta__w5,561.0,-0.0062953081915519465,0.0830739317590906,-0.07577958642679826,-1.79487273876682,eightk_material_agreement_30d,0.272198857876525,False,False,False,False,False,,,,,False,False
sector_rel_ret__ts_argmax__w5,579.0,0.009190611695767867,0.12350288981413972,0.07441616718117994,1.7906329825136444,sector_rel_ret,0.2707804626123992,False,False,False,False,False,,,,,False,False
ma_50__ts_delta__w5,545.0,0.01521325359929492,0.19892527767271853,0.07647722691293411,1.7853788390085072,ma_50,0.26907410432989487,False,False,False,False,False,,,,,False,False
insider_21d__ts_min__w20,579.0,-0.012184622705185298,0.16432323638502866,-0.07415033304623635,-1.7842363702190467,insider_21d,0.26866927406718377,False,False,False,False,False,,,,,False,False
finbert_mult__group_neutralize,579.0,-0.007242307010008054,0.09769872648027052,-0.07412898070345451,-1.7837225812040065,finbert_mult,0.2685000571150966,False,False,False,True,False,-0.005164927254596349,0.07944805474047864,-0.06501011599928863,49.0,False,False
ma_20__ts_min__w10,579.0,0.01190336771067599,0.1608210317001966,0.07401623770743064,1.7810097120134147,ma_20,0.2676074564184022,False,False,False,False,False,,,,,False,False
atr__ts_std__w5,579.0,0.010960862621923887,0.14856772598653992,0.07377687548988217,1.7752500780824387,atr,0.26571734722038753,False,False,False,False,False,,,,,False,False
premarket_gap__ts_std__w10,576.0,0.018457374773254334,0.24969575371980995,0.07391945797350576,1.7740669913641383,premarket_gap,0.2653323124104031,False,False,False,False,False,,,,,False,False
bb_lower__ts_decay_linear__w10,571.0,0.01219140460991342,0.16440584012539225,0.07415432809816878,1.7719626289850143,bb_lower,0.26464794832204325,False,False,False,False,False,,,,,False,False
analyst_mult__group_neutralize,579.0,-0.007821958101408127,0.10629726712491562,-0.07358569333881486,-1.7706497730904396,analyst_mult,0.2642125464049401,False,False,False,True,False,,,,0.0,False,False
analyst_buy_pct__group_neutralize,579.0,-0.007821958101408127,0.10629726712491562,-0.07358569333881486,-1.7706497730904396,analyst_buy_pct,0.2642125464049401,False,False,False,True,False,,,,0.0,False,False
atr__ts_delta__w5,575.0,0.010429846049544538,0.14137064640758934,0.07377660295528381,1.769100790679382,atr,0.26371001335952915,False,False,False,False,False,,,,,False,False
vol_10d_self_rank__ts_decay_linear__w10,571.0,0.009287060300035973,0.12552101909316765,0.0739880887450625,1.7679902388531665,vol_10d_self_rank,0.26335096826078097,False,False,False,False,False,,,,,False,False
vol_zscore_60d__ts_mean__w5,579.0,0.008913055782171381,0.12143782289895283,0.07339604391284126,1.766086349171598,vol_zscore_60d,0.26272409264002783,False,False,False,False,False,,,,,False,False
bb_lower__ts_max__w20,579.0,0.01183375286763916,0.16129628349827912,0.07336655632096703,1.7653768063856017,bb_lower,0.2624930451980812,False,False,False,False,False,,,,,False,False
intraday_momentum__ts_rank__w5,579.0,-0.00847359147176334,0.11611962991482003,-0.07297294590052666,-1.7559055875927072,intraday_momentum,0.25941889856772987,False,False,False,False,False,,,,,False,False
return_1d__ts_mean__w20,571.0,0.013633297837732922,0.18568448167138285,0.07342184826118427,1.7544595791845585,return_1d,0.25895761525339195,False,False,False,False,False,,,,,False,False
insider_net_shares__ts_argmax__w20,579.0,-0.007035031291996893,0.09651078164692517,-0.07289373448174771,-1.7539995692578476,insider_net_shares,0.2588024943590328,False,False,False,False,False,,,,,False,False
ma_20__ts_rank__w5,579.0,0.011543702959793246,0.15852571593605885,0.07281911891474684,1.7522041382333577,ma_20,0.2582225453394509,False,False,False,False,False,,,,,False,False
rsi_above_70__ts_argmax__w5,562.0,-0.007945598359118318,0.10770682465327637,-0.0737706118873742,-1.7488459012072872,rsi_above_70,0.25715347642560316,False,False,False,False,False,,,,,False,False
volume_spike__ts_mean__w5,579.0,-0.007183635713594245,0.0989088218194333,-0.0726288674907947,-1.747626228787021,volume_spike,0.2567468603107415,False,False,False,False,False,,,,,False,False
eightk_reg_fd_30d__ts_decay_linear__w5,576.0,-0.006767595999796924,0.0930065720717007,-0.07276470736476175,-1.7463529767542818,eightk_reg_fd_30d,0.2563395991148465,False,False,False,False,False,,,,,False,False
post_earnings_drift__ts_decay_linear__w20,561.0,0.005591896809854073,0.07618146312856193,0.0734023288633526,1.7385663507954687,post_earnings_drift,0.25385411520454365,False,False,False,False,False,,,,,False,False
bb_pct__ts_rank__w5,579.0,-0.01087207626677736,0.1509739017585836,-0.07201295151106625,-1.7328058005180698,bb_pct,0.25199968097719816,False,False,False,False,False,,,,,False,False
insider_7d__ts_min__w5,579.0,-0.010398633385362585,0.1444392190556629,-0.07199314322902312,-1.7323291653392248,insider_7d,0.251847778048374,False,False,False,False,False,,,,,False,False
return_3d__ts_argmax__w10,579.0,0.009476911767782576,0.13210966753782336,0.07173518747270567,1.7261221258908388,return_3d,0.24987400951666272,False,False,False,False,False,,,,,False,False
high_52w_ratio__ts_delta__w5,343.0,-0.01639562648501507,0.17604947195410306,-0.09313079047058709,-1.7248063769162625,high_52w_ratio,0.24977340942514115,False,False,False,False,False,,,,,False,False
volume_spike__ts_rank__w20,571.0,-0.007528089862440275,0.10441255993226124,-0.07209946645618308,-1.7228604642062688,volume_spike,0.24884658213223543,False,False,False,False,False,,,,,False,False
volume_zscore__ts_max__w20,579.0,0.007890438686453597,0.11043162771765201,0.07145089545023835,1.7192813721759088,volume_zscore,0.24770824137332376,False,False,False,False,False,,,,,False,False
bb_lower__ts_max__w10,579.0,0.011644189709209772,0.16303424225950772,0.07142174274454123,1.7185798875613671,bb_lower,0.24748671890697804,False,False,False,False,False,,,,,False,False
ma_20__ts_decay_linear__w20,561.0,0.011604743510818043,0.16000478227853507,0.0725274791513206,1.7178451516878295,ma_20,0.24726959959522077,False,False,False,False,False,,,,,False,False
atr__ts_mean__w10,576.0,0.011285576448408944,0.15783276424261264,0.07150338209284177,1.7160811702282024,atr,0.24670090584478555,False,False,False,False,False,,,,,False,False
bb_width__ts_min__w10,579.0,0.017238370497389757,0.24247647018659374,0.0710929620681308,1.7106686292220294,bb_width,0.2449957356607238,False,False,False,False,False,,,,,False,False
ma5_above_ma20__ts_max__w20,579.0,0.0076010886111402215,0.10701349850028116,0.0710292506801864,1.7091355791210048,ma5_above_ma20,0.2445145904973724,False,False,False,False,False,,,,,False,False
high_52w_ratio__ts_rank__w10,344.0,-0.014222830127364446,0.1545338592306838,-0.0920369826921426,-1.707031729926943,high_52w_ratio,0.2441700852596726,False,False,False,False,False,,,,,False,False
eightk_reg_fd_30d__ts_max__w5,579.0,-0.006566815363555191,0.09283765893213734,-0.07073439204617832,-1.7020405671735563,eightk_reg_fd_30d,0.24229445517960158,False,False,False,False,False,,,,,False,False
return_3d__ts_argmax__w5,579.0,0.009891771885610532,0.13985482412685532,0.07072885720865946,1.7019073855950158,return_3d,0.24225288503919584,False,False,False,False,False,,,,,False,False
ma_5__ts_min__w20,579.0,0.01144624728605914,0.16297363100233103,0.07023373791000227,1.6899936176594,ma_5,0.23854985893001696,False,False,False,False,False,,,,,False,False
eightk_filings_30d__ts_argmax__w20,579.0,0.006475959009408573,0.09226868279830287,0.07018588336808561,1.6888421216288338,eightk_filings_30d,0.23819359603544454,False,False,False,False,False,,,,,False,False
vol_zscore_60d__ts_decay_linear__w5,576.0,0.008657887548170954,0.12326295337093628,0.07023917009449464,1.6857400822678712,vol_zscore_60d,0.23723770323354243,False,False,False,False,False,,,,,False,False
insider_7d__ts_max__w20,579.0,-0.007517534752253558,0.10755304583699012,-0.06989606564603766,-1.6818684062162605,insider_7d,0.23604221022414362,False,False,False,False,False,,,,,False,False
eightk_other_events_30d__ts_delta__w20,560.0,-0.006540150364189553,0.09205817777637545,-0.07104366523609298,-1.6811999664821868,eightk_other_events_30d,0.23585221709302806,False,False,False,False,False,,,,,False,False
volume_zscore__ts_decay_linear__w20,561.0,0.008966101577639942,0.12684629461882707,0.07068477328867244,1.6741998551853485,volume_zscore,0.2337036451459364,False,False,False,False,False,,,,,False,False
bb_width__ts_mean__w10,576.0,0.016963998181992925,0.24343171814529296,0.0696868851406944,1.6724852433766657,bb_width,0.23316683372697555,False,False,False,False,False,,,,,False,False
rsi_above_70__ts_min__w10,404.0,0.007951429075400642,0.0957256830613995,0.08306474105074296,1.6695806321211626,rsi_above_70,0.23247729343935042,False,False,False,False,False,,,,,False,False
post_earnings_5d__ts_delta__w5,477.0,-0.0066313612697667555,0.08681390975675612,-0.07638593041538119,-1.6682939022567305,post_earnings_5d,0.23198387871183107,False,False,False,False,False,,,,,False,False
volume_spike__ts_std__w5,579.0,-0.0068039329439147055,0.09827068492731987,-0.06923664925045382,-1.6660012527216728,volume_spike,0.2311872156506548,False,False,False,False,False,,,,,False,False
eightk_filings_30d__ts_decay_linear__w5,576.0,-0.0064958067746786335,0.09357838134545313,-0.06941567786579649,-1.6659762687791155,eightk_filings_30d,0.23118201714160497,False,False,False,False,False,,,,,False,False
volatility_5d__ts_std__w5,579.0,0.01363926075659799,0.1970970043580983,0.06920075117842643,1.6651374582773233,volatility_5d,0.23092451770940337,False,False,False,True,False,0.04927950952895137,0.06770136057716056,0.7278954087309154,149.0,False,False
ma_10__ts_min__w20,579.0,0.01119742033257621,0.16187287375679932,0.06917416162883111,1.664497649398432,ma_10,0.2307300456225596,False,False,False,False,False,,,,,False,False
rsi_14__ts_rank__w10,576.0,-0.010569406909281839,0.15253876309606357,-0.06928997387126835,-1.6629593729104406,rsi_14,0.2302652561390599,False,False,False,False,False,,,,,False,False
ma_20__ts_min__w20,579.0,0.011090552296816429,0.1605374002578678,0.06908391614042529,1.6623261246588004,ma_20,0.23007068386128438,False,False,False,False,False,,,,,False,False
vol_zscore_60d__cs_zscore,579.0,0.00858564814950457,0.12455290514631517,0.06893173739640043,1.6586643359828936,vol_zscore_60d,0.2289612028597287,False,False,False,False,False,,,,,False,False
vol_zscore_60d__scale,579.0,0.00858564814950457,0.12455290514631517,0.06893173739640043,1.6586643359828936,vol_zscore_60d,0.2289612028597287,False,False,False,False,False,,,,,False,False
vol_zscore_60d__cs_rank,579.0,0.00858564814950457,0.12455290514631517,0.06893173739640043,1.6586643359828936,vol_zscore_60d,0.2289612028597287,False,False,False,False,False,,,,,False,False
vol_zscore_60d__cs_demean,579.0,0.00858564814950457,0.12455290514631517,0.06893173739640043,1.6586643359828936,vol_zscore_60d,0.2289612028597287,False,False,False,False,False,,,,,False,False
vol_zscore_60d__signed_power_p05,579.0,0.00858564814950457,0.12455290514631517,0.06893173739640043,1.6586643359828936,vol_zscore_60d,0.2289612028597287,False,False,False,False,False,,,,,False,False
bb_upper__ts_rank__w5,579.0,0.008810505369826986,0.12804787029517886,0.06880634054683463,1.6556469844685493,bb_upper,0.22804923298267382,False,False,False,False,False,,,,,False,False
vol_zscore_60d__ts_decay_linear__w20,561.0,0.008761059151478888,0.12550417387454813,0.06980691463087353,1.653407387877603,vol_zscore_60d,0.2273884327499931,False,False,False,False,False,,,,,False,False
premarket_gap__ts_std__w5,579.0,0.0165590114461675,0.2411184305762246,0.06867584284865653,1.6525068941985026,premarket_gap,0.22710233300523158,False,False,False,False,False,,,,,False,False
insider_net_shares__ts_mean__w20,571.0,-0.010197966812783192,0.14813597009474974,-0.06884193492141333,-1.6450197731718808,insider_net_shares,0.22485996643930545,False,False,False,False,False,,,,,False,False
ma5_above_ma20__ts_mean__w10,576.0,0.01143313976387178,0.16740504265326744,0.06829626863482434,1.639110447235784,ma5_above_ma20,0.22308992646394127,False,False,False,False,False,,,,,False,False
atr__ts_min__w20,579.0,0.010647856681968331,0.15725956179674433,0.06770880295171196,1.6292375751719042,atr,0.22015469137784743,False,False,False,False,False,,,,,False,False
post_earnings_5d__ts_argmax__w5,350.0,-0.0079178625964525,0.0909693074456242,-0.08703883561150892,-1.6283475110100258,post_earnings_5d,0.2201915867000645,False,False,False,False,False,,,,,False,False
post_earnings_3d__ts_argmax__w5,350.0,-0.0079178625964525,0.0909693074456242,-0.08703883561150892,-1.6283475110100258,post_earnings_3d,0.2201915867000645,False,False,False,False,False,,,,,False,False
volume_spike__group_neutralize,569.0,0.007194147166530464,0.10542560301724853,0.06823908956302996,1.6277561957979478,volume_spike,0.2197246092403356,False,False,False,False,False,,,,,False,False
high_52w_ratio__ts_std__w5,347.0,0.017647986353140438,0.20210285811122658,0.08732180493671164,1.6266249946559828,high_52w_ratio,0.21968897937692655,False,False,False,False,False,,,,,False,False
eightk_days_since_last__group_neutralize,579.0,-0.0059878856856713895,0.0886484080393856,-0.06754645478812243,-1.6253310856631642,eightk_days_since_last,0.21900034477109753,False,False,False,False,False,,,,,False,False
volume_zscore__ts_std__w20,571.0,0.0076625229292642235,0.112869375156831,0.06788841453775407,1.6222348254938048,volume_zscore,0.21809431203006097,False,False,False,False,False,,,,,False,False
ma_10__ts_delta__w10,570.0,0.011691312077128235,0.17215708923495168,0.06791072112733329,1.6213462446681852,ma_10,0.21783366900647444,False,False,False,False,False,,,,,False,False
rev_x_low52w__ts_rank__w20,569.0,0.007254910631929092,0.10687910330589934,0.06787959860745434,1.6191809988834132,rev_x_low52w,0.21719813404426397,False,False,False,False,False,,,,,False,False
vol_zscore_60d__ts_mean__w10,576.0,0.008243994967429459,0.12223306062075603,0.06744488705070983,1.618677289217036,vol_zscore_60d,0.21704458412332045,False,False,False,False,False,,,,,False,False
bb_lower__ts_argmax__w20,579.0,-0.009919577482419376,0.14762159766503075,-0.06719597700688731,-1.6168977425001139,bb_lower,0.21652020976009956,False,False,False,False,False,,,,,False,False
eightk_other_events_30d__ts_std__w10,576.0,0.005679411253568332,0.08436744806234481,0.06731756600450249,1.6156215841080597,eightk_other_events_30d,0.2161487102952122,False,False,False,False,False,,,,,False,False
bb_lower__ts_max__w5,579.0,0.010995368796404543,0.1639614353543281,0.06706070102791581,1.6136426752363238,bb_lower,0.21556728958429533,False,False,False,False,False,,,,,False,False
insider_7d__ts_mean__w10,576.0,-0.009902950452453894,0.14739772941664844,-0.06718523067924115,-1.6124455363017876,insider_7d,0.2152198217871779,False,False,False,False,False,,,,,False,False
volatility_10d__ts_delta__w5,575.0,0.008900218361280377,0.132431575106377,0.06720616555478698,1.6115472366431043,volatility_10d,0.21495831857383352,False,False,False,False,False,,,,,False,False
return_60d__cs_demean,539.0,0.014483881120330484,0.20868439959725166,0.06940567262470747,1.6113480209287716,return_60d,0.21493093973624722,False,False,False,False,False,,,,,False,False
return_60d__signed_power_p05,539.0,0.014483881120330484,0.20868439959725166,0.06940567262470747,1.6113480209287716,return_60d,0.21493093973624722,False,False,False,False,False,,,,,False,False
return_60d__scale,539.0,0.014483881120330484,0.20868439959725166,0.06940567262470747,1.6113480209287716,return_60d,0.21493093973624722,False,False,False,False,False,,,,,False,False
return_60d__cs_rank,539.0,0.014483881120330484,0.20868439959725166,0.06940567262470747,1.6113480209287716,return_60d,0.21493093973624722,False,False,False,False,False,,,,,False,False
return_60d__cs_zscore,539.0,0.014483881120330484,0.20868439959725166,0.06940567262470747,1.6113480209287716,return_60d,0.21493093973624722,False,False,False,False,False,,,,,False,False
insider_21d__ts_mean__w20,571.0,-0.011104393391269006,0.16528040780878636,-0.06718517662490117,-1.6054305291995803,insider_21d,0.21318039456713134,False,False,False,False,False,,,,,False,False
bb_pct__ts_argmax__w5,579.0,0.009553788124910688,0.14325143091712012,0.06669244463211087,1.6047815356032589,bb_pct,0.21298551636097507,False,False,False,False,False,,,,,False,False
vol_10d_self_rank__ts_rank__w20,571.0,0.007788995699152879,0.1160234875978383,0.06713292162144935,1.6041818642103765,vol_10d_self_rank,0.21281784822246758,False,False,False,False,False,,,,,False,False
bb_lower__scale,579.0,0.010973411703787546,0.16472204266246016,0.06661774906636929,1.6029841796155642,bb_lower,0.212464044236994,False,False,False,False,False,,,,,False,False
bb_lower__cs_rank,579.0,0.010973411703787546,0.16472204266246016,0.06661774906636929,1.6029841796155642,bb_lower,0.212464044236994,False,False,False,False,False,,,,,False,False
bb_lower__cs_zscore,579.0,0.010973411703787546,0.16472204266246016,0.06661774906636929,1.6029841796155642,bb_lower,0.212464044236994,False,False,False,False,False,,,,,False,False
bb_lower__signed_power_p05,579.0,0.010973411703787546,0.16472204266246016,0.06661774906636929,1.6029841796155642,bb_lower,0.212464044236994,False,False,False,False,False,,,,,False,False
bb_lower__cs_demean,579.0,0.010973411703787546,0.16472204266246016,0.06661774906636929,1.6029841796155642,bb_lower,0.212464044236994,False,False,False,False,False,,,,,False,False
ma_50__signed_power_p05,550.0,0.010910520534991098,0.15968074806972868,0.06832708806090225,1.6024122533184961,ma_50,0.2123223369553755,False,False,False,False,False,,,,,False,False
ma_50__cs_rank,550.0,0.010910494896065284,0.15968074421996356,0.06832692914454262,1.6024085263995078,ma_50,0.21232125689646825,False,False,False,False,False,,,,,False,False
ma_50__cs_demean,550.0,0.010910494896065284,0.15968074421996356,0.06832692914454262,1.6024085263995078,ma_50,0.21232125689646825,False,False,False,False,False,,,,,False,False
ma_50__cs_zscore,550.0,0.010910494896065284,0.15968074421996356,0.06832692914454262,1.6024085263995078,ma_50,0.21232125689646825,False,False,False,False,False,,,,,False,False
ma_50__scale,550.0,0.010910494896065284,0.15968074421996356,0.06832692914454262,1.6024085263995078,ma_50,0.21232125689646825,False,False,False,False,False,,,,,False,False
return_5d__ts_rank__w20,571.0,-0.010249568881312546,0.15292013110364833,-0.06702563493334603,-1.6016181837512267,return_5d,0.21207461693313778,False,False,False,False,False,,,,,False,False
insider_21d__ts_decay_linear__w20,561.0,-0.011043511505041853,0.16337040378521622,-0.06759799357269634,-1.6010881238599766,insider_21d,0.21192938644254167,False,False,False,False,False,,,,,False,False
eightk_other_events_30d__ts_mean__w20,571.0,0.005770335775460829,0.08640323907254248,0.06678379002222552,1.5958391529716827,eightk_other_events_30d,0.21040479318048977,False,False,False,False,False,,,,,False,False
vol_zscore_60d__ts_argmax__w5,579.0,-0.007268470595420685,0.10973487908475728,-0.06623664832953109,-1.5938139740689485,vol_zscore_60d,0.20981507163223279,False,False,False,False,False,,,,,False,False
beta_60d__ts_delta__w5,539.0,-0.011427709990836681,0.16651456350009342,-0.06862889197574763,-1.5933139912297116,beta_60d,0.20970500152318805,False,False,False,False,False,,,,,False,False
eightk_other_events_30d__ts_decay_linear__w20,561.0,0.005782089781752756,0.08620858065334912,0.067070931198867,1.5886044203849012,eightk_other_events_30d,0.20833346227169197,False,False,False,False,False,,,,,False,False
return_5d__ts_decay_linear__w20,561.0,0.012536292638564319,0.18706282792166054,0.06701648199082265,1.5873147670128724,return_5d,0.20796403525924984,False,False,False,False,False,,,,,False,False
insider_7d__ts_argmax__w5,579.0,-0.007451868968067687,0.11302528382947954,-0.06593099097464131,-1.5864591187768053,insider_7d,0.2077045580366883,False,False,False,False,False,,,,,False,False
volume_zscore__ts_mean__w20,571.0,0.008476916584826999,0.12776380294774234,0.06634834271717951,1.5854338756099582,volume_zscore,0.2074177232408202,False,False,False,False,False,,,,,False,False
ma_50__ts_max__w5,550.0,0.010754630672009352,0.15913241723123672,0.06758290271165619,1.5849595598668291,ma_50,0.20729975128148576,False,False,False,False,False,,,,,False,False
ma_50__ts_decay_linear__w10,541.0,0.01092161439316338,0.1603616654898306,0.06810614219927753,1.5841084601283155,ma_50,0.2070645801594192,False,False,False,False,False,,,,,False,False
return_3d__ts_delta__w20,560.0,-0.01222585959535181,0.18275100676616177,-0.06689899996553975,-1.5831192848228464,return_3d,0.20676572932325027,False,False,False,False,False,,,,,False,False
premarket_gap__ts_decay_linear__w5,576.0,-0.011455339005920604,0.1737777384888519,-0.06591948488646883,-1.582067637275252,premarket_gap,0.20645275156013243,False,False,False,False,False,,,,,False,False
vol_zscore_60d__ts_mean__w20,571.0,0.008134730813296681,0.1228961052965911,0.06619193337058764,1.5816963794436134,vol_zscore_60d,0.20635092456273396,False,False,False,False,False,,,,,False,False
post_earnings_drift__ts_decay_linear__w5,576.0,0.005059319999293885,0.07679193159282334,0.06588348403736088,1.5812036168966612,post_earnings_drift,0.20620652177365434,False,False,False,False,False,,,,,False,False
post_earnings_drift__ts_mean__w10,576.0,0.005059319999293885,0.07679193159282334,0.06588348403736088,1.5812036168966612,post_earnings_drift,0.20620652177365434,False,False,False,False,False,,,,,False,False
post_earnings_drift__ts_mean__w5,579.0,0.0050185174932538285,0.07656585149069724,0.06554511437600324,1.577173994443282,post_earnings_drift,0.20505808859881358,False,False,False,False,False,,,,,False,False
rsi_14__ts_std__w5,579.0,0.008289386017610324,0.1265923917780223,0.06548091793814613,1.575629272868104,rsi_14,0.20461975606689903,False,False,False,False,False,,,,,False,False
vol_zscore_60d__ts_max__w10,579.0,0.00801494043126645,0.12240649102733146,0.06547806708613874,1.5755606744730768,vol_zscore_60d,0.2046003033876625,False,False,False,False,False,,,,,False,False
vol_10d_self_rank__ts_min__w10,579.0,0.0073881461116823656,0.11284006175222915,0.06547449546691173,1.5754747326753316,vol_10d_self_rank,0.20457593413004538,False,False,False,False,False,,,,,False,False
bb_pct__ts_decay_linear__w10,571.0,0.011251549498074106,0.17069086328800373,0.0659177022210589,1.5751434598618295,bb_pct,0.20448836359410855,False,False,False,False,False,,,,,False,False
volume_spike__ts_max__w20,579.0,0.0064651912198779495,0.09877035964457168,0.06545679537001939,1.5750488255305581,volume_spike,0.20445519130344164,False,False,False,False,False,,,,,False,False
bb_width__ts_std__w20,571.0,0.012559161507264539,0.1906882451150343,0.0658622743089807,1.5738189762972934,bb_width,0.20411311682541672,False,False,False,False,False,,,,,False,False
ma_50__ts_decay_linear__w5,546.0,0.010783387805296436,0.16013606616117823,0.0673389078662821,1.573484212787819,ma_50,0.2040393611219849,False,False,False,False,False,,,,,False,False
bb_width__ts_max__w20,579.0,0.01601794660038717,0.2450231237139093,0.06537320379234833,1.5730374099778905,bb_width,0.2038855357557034,False,False,False,False,False,,,,,False,False
volume_spike__ts_max__w5,579.0,-0.006443319283824241,0.0985938261974124,-0.06535215776009053,-1.572530991534972,volume_spike,0.20374226118250371,False,False,False,False,False,,,,,False,False
vol_x_short__ts_delta__w20,560.0,0.008722084388902382,0.13145032749618185,0.06635270185352507,1.5701915119587044,vol_x_short,0.20309650632278048,False,False,False,False,False,,,,,False,False
atr__ts_max__w20,579.0,0.01023497580555298,0.1570285628015025,0.06517907075600547,1.5683660995484687,atr,0.2025662138452583,False,False,False,False,False,,,,,False,False
insider_21d__ts_std__w20,571.0,0.01039474846572986,0.15838256986514782,0.06563063394273937,1.5682837893045576,insider_21d,0.20254934607588515,False,False,False,False,False,,,,,False,False
post_earnings_drift__ts_max__w10,579.0,0.004983634351615947,0.07647420687146321,0.06516751929173153,1.5680881433769975,post_earnings_drift,0.20248787127214113,False,False,False,False,False,,,,,False,False
post_earnings_drift__ts_max__w5,579.0,0.004983634351615947,0.07647420687146321,0.06516751929173153,1.5680881433769975,post_earnings_drift,0.20248787127214113,False,False,False,False,False,,,,,False,False
post_earnings_drift__scale,579.0,0.004983634351615947,0.07647420687146321,0.06516751929173153,1.5680881433769975,post_earnings_drift,0.20248787127214113,False,False,False,False,False,,,,,False,False
post_earnings_drift__cs_zscore,579.0,0.004983634351615947,0.07647420687146321,0.06516751929173153,1.5680881433769975,post_earnings_drift,0.20248787127214113,False,False,False,False,False,,,,,False,False
post_earnings_drift__signed_power_p05,579.0,0.004983634351615947,0.07647420687146321,0.06516751929173153,1.5680881433769975,post_earnings_drift,0.20248787127214113,False,False,False,False,False,,,,,False,False
post_earnings_drift__ts_max__w20,579.0,0.004983634351615947,0.07647420687146321,0.06516751929173153,1.5680881433769975,post_earnings_drift,0.20248787127214113,False,False,False,False,False,,,,,False,False
post_earnings_drift__cs_rank,579.0,0.004983634351615947,0.07647420687146321,0.06516751929173153,1.5680881433769975,post_earnings_drift,0.20248787127214113,False,False,False,False,False,,,,,False,False
post_earnings_drift__ts_min__w10,579.0,0.004983634351615947,0.07647420687146321,0.06516751929173153,1.5680881433769975,post_earnings_drift,0.20248787127214113,False,False,False,False,False,,,,,False,False
post_earnings_drift__ts_min__w20,579.0,0.004983634351615947,0.07647420687146321,0.06516751929173153,1.5680881433769975,post_earnings_drift,0.20248787127214113,False,False,False,False,False,,,,,False,False
post_earnings_drift__cs_demean,579.0,0.004983634351615947,0.07647420687146321,0.06516751929173153,1.5680881433769975,post_earnings_drift,0.20248787127214113,False,False,False,False,False,,,,,False,False
post_earnings_drift__ts_min__w5,579.0,0.004983634351615947,0.07647420687146321,0.06516751929173153,1.5680881433769975,post_earnings_drift,0.20248787127214113,False,False,False,False,False,,,,,False,False
vol_surge_eod__ts_min__w5,579.0,0.007022526668311714,0.10781360263502501,0.06513581307624658,1.5673252151404515,vol_surge_eod,0.20227293112520817,False,False,False,False,False,,,,,False,False
ma5_above_ma20__ts_decay_linear__w10,571.0,0.010921985218336365,0.16663824006141675,0.06554309031534972,1.566191881251195,ma5_above_ma20,0.2019602168849189,False,False,False,False,False,,,,,False,False
rev_growth_qoq__ts_max__w10,579.0,0.007262726056462133,0.11170632892430596,0.06501624506328084,1.5644481195336757,rev_growth_qoq,0.20146359125114105,False,False,False,False,False,,,,,False,False
volatility_5d__ts_argmax__w20,579.0,-0.007625460734273449,0.11756566689327322,-0.06486128931838481,-1.5607195094997128,volatility_5d,0.2004176017952516,False,False,False,False,False,,,,,False,False
bb_lower__ts_mean__w10,576.0,0.010687321979559265,0.16437343754486514,0.0650185464220288,1.560445114128691,bb_lower,0.2003431023864149,False,False,False,False,False,,,,,False,False
bb_lower__ts_mean__w5,579.0,0.010665673120968056,0.16463039923634112,0.0647855631186107,1.5588973539642657,bb_lower,0.19990761732860235,False,False,False,False,False,,,,,False,False
ma_50__ts_max__w10,550.0,0.010531106300633534,0.1586858662294267,0.06636448822359357,1.5563852072827986,ma_50,0.19922953302543028,False,False,False,False,False,,,,,False,False
volatility_5d__group_neutralize,579.0,-0.008867734889475938,0.13710975842800197,-0.06467617616095864,-1.5562652391745895,volatility_5d,0.1991723178064369,False,False,False,False,False,,,,,False,False
return_60d__ts_max__w10,539.0,0.014488095617582896,0.21680869429351304,0.06682432946147945,1.5514185938357363,return_60d,0.19785598018448297,False,False,False,False,False,,,,,False,False
bb_lower__ts_decay_linear__w5,576.0,0.010655249915558189,0.16505597412326659,0.06455537263741007,1.5493289432978417,bb_lower,0.1972447546553407,False,False,False,False,False,,,,,False,False
eightk_days_since_last__ts_std__w5,579.0,-0.005990639057144507,0.09309448760169663,-0.06435009431251576,-1.54841892116416,eightk_days_since_last,0.1969900586916764,False,False,False,False,False,,,,,False,False
return_5d__ts_max__w5,579.0,0.011956674886874005,0.1860076789538881,0.06428054451363863,1.5467453847739643,return_5d,0.19652648126713274,False,False,False,False,False,,,,,False,False
post_earnings_5d__ts_rank__w20,571.0,-0.005960388614113801,0.09210779934504663,-0.06471100880160523,-1.5463087889969895,post_earnings_5d,0.19641193437121196,False,False,False,False,False,,,,,False,False
ma_50__ts_mean__w5,549.0,0.010520141942196056,0.15944955780448886,0.06597786840585325,1.5459108760014817,ma_50,0.19632006871610114,False,False,False,False,False,,,,,False,False
vol_surge_eod__ts_std__w10,576.0,0.007327141253681278,0.113766479537022,0.06440509791196336,1.5457223498871207,vol_surge_eod,0.19624575628692842,False,False,False,False,False,,,,,False,False
return_60d__ts_max__w5,539.0,0.014273787892854795,0.21479892979661025,0.06645185758779348,1.5427711476858972,return_60d,0.1954614815212899,False,False,False,False,False,,,,,False,False
rsi_below_30__ts_std__w20,571.0,-0.009171962677466772,0.14211192951737975,-0.06454041338130644,-1.5422323079985336,rsi_below_30,0.1952859030029901,False,False,False,False,False,,,,,False,False
return_60d__ts_std__w5,538.0,0.01445847187004306,0.21760557789667495,0.06644348003298121,1.5411450252732632,return_60d,0.19501406721398612,False,False,False,False,False,,,,,False,False
ma_50__ts_min__w5,550.0,0.010463459723824696,0.15950547037569054,0.06559937849892941,1.538441793730004,ma_50,0.19425969221639272,False,False,False,False,False,,,,,False,False
vol_zscore_60d__ts_std__w5,579.0,0.007606752933701775,0.11902545572841836,0.06390862263160062,1.53779604467594,vol_zscore_60d,0.1940586848630108,False,False,False,False,False,,,,,False,False
post_earnings_5d__scale,352.0,0.007491719716110976,0.09143971508513885,0.08193069837472143,1.537156155480533,post_earnings_5d,0.19417106558364577,False,False,False,False,False,,,,,False,False
post_earnings_5d__cs_demean,352.0,0.007491719716110976,0.09143971508513885,0.08193069837472143,1.537156155480533,post_earnings_5d,0.19417106558364577,False,False,False,False,False,,,,,False,False
post_earnings_5d__cs_zscore,352.0,0.007491719716110976,0.09143971508513885,0.08193069837472143,1.537156155480533,post_earnings_5d,0.19417106558364577,False,False,False,False,False,,,,,False,False
post_earnings_5d__signed_power_p05,352.0,0.007491719716110976,0.09143971508513885,0.08193069837472143,1.537156155480533,post_earnings_5d,0.19417106558364577,False,False,False,False,False,,,,,False,False
post_earnings_5d__cs_rank,352.0,0.007491719716110976,0.09143971508513885,0.08193069837472143,1.537156155480533,post_earnings_5d,0.19417106558364577,False,False,False,False,False,,,,,False,False
bb_width__ts_decay_linear__w10,571.0,0.01559309660447719,0.24242793572134938,0.06432054357959864,1.5369783857817105,bb_width,0.19384041739452607,False,False,False,False,False,,,,,False,False
ma_50__ts_max__w20,550.0,0.01033601089229469,0.15774580311410719,0.06552320688251859,1.536655410979681,ma_50,0.19376906906903169,False,False,False,False,False,,,,,False,False
post_earnings_1d__ts_delta__w10,365.0,-0.0069844365107921995,0.08693086455563358,-0.08034472619701527,-1.5349838387099628,post_earnings_1d,0.19354882775152304,False,False,False,False,False,,,,,False,False
volatility_5d__ts_argmax__w10,579.0,-0.006975275004515109,0.10949831116432235,-0.06370212408159817,-1.5328271900777806,volatility_5d,0.19269668446634208,False,False,False,False,False,,,,,False,False
is_squeeze_setup__cs_zscore,579.0,-0.01094995949662825,0.17190396010290115,-0.06369812242878896,-1.5327309006318688,is_squeeze_setup,0.19267034850518122,False,False,False,False,False,,,,,False,False
is_squeeze_setup__cs_demean,579.0,-0.01094995949662825,0.17190396010290115,-0.06369812242878896,-1.5327309006318688,is_squeeze_setup,0.19267034850518122,False,False,False,False,False,,,,,False,False
is_squeeze_setup__cs_rank,579.0,-0.01094995949662825,0.17190396010290115,-0.06369812242878896,-1.5327309006318688,is_squeeze_setup,0.19267034850518122,False,False,False,False,False,,,,,False,False
is_squeeze_setup__signed_power_p05,579.0,-0.01094995949662825,0.17190396010290115,-0.06369812242878896,-1.5327309006318688,is_squeeze_setup,0.19267034850518122,False,False,False,False,False,,,,,False,False
is_squeeze_setup__scale,579.0,-0.01094995949662825,0.17190396010290115,-0.06369812242878896,-1.5327309006318688,is_squeeze_setup,0.19267034850518122,False,False,False,False,False,,,,,False,False
atr__ts_decay_linear__w20,561.0,0.010261236472702925,0.15871423857592182,0.06465227420534427,1.5313174687558475,atr,0.19229831895477456,False,False,False,False,False,,,,,False,False
macd__ts_delta__w20,560.0,0.0099515357304909,0.1538302132831398,0.06469168519043855,1.5308846835591934,macd,0.1921809393782819,False,False,False,False,False,,,,,False,False
ma20_above_ma50__ts_argmax__w10,544.0,0.006394170715582065,0.09744570463286563,0.06561777904600934,1.5304564522554736,ma20_above_ma50,0.19207757645324186,False,False,False,False,False,,,,,False,False
ma5_above_ma20__ts_rank__w5,579.0,-0.007307979846901423,0.11491069994422627,-0.06359703535396152,-1.5302985010989671,ma5_above_ma20,0.19200579528686057,False,False,False,False,False,,,,,False,False
eightk_other_events_30d__ts_max__w20,579.0,0.005462923896646699,0.08597416551795278,0.06354145880608697,1.5289611949268267,eightk_other_events_30d,0.1916410283966345,False,False,False,False,False,,,,,False,False
sector_rel_ret__ts_argmax__w20,579.0,-0.007339824723003987,0.11560300231306028,-0.06349164447413982,-1.5277625416077265,sector_rel_ret,0.19131444098275247,False,False,False,False,False,,,,,False,False
atr__ts_mean__w20,571.0,0.0100445595744658,0.15764262965498504,0.06371728000509262,1.522563036915796,atr,0.1899079406934654,False,False,False,False,False,,,,,False,False
ma_50__ts_argmax__w5,546.0,-0.011202876239230141,0.17197998251802152,-0.06514058249806026,-1.5221167289501423,ma_50,0.1898075898355978,False,False,False,False,False,,,,,False,False
ma_50__ts_mean__w10,546.0,0.010367397711748758,0.15964286749773604,0.06494118950786061,1.5174575841531592,ma_50,0.18854757510207626,False,False,False,False,False,,,,,False,False
obv_trend__ts_argmax__w5,579.0,0.00829780201933425,0.1316312693587304,0.06303822837657609,1.516852253563416,obv_trend,0.1883574764536422,False,False,False,False,False,,,,,False,False
volume_zscore__ts_rank__w10,576.0,-0.0066582354593997806,0.10543440453031967,-0.06315050091154144,-1.5156120218769944,volume_zscore,0.18802543802425975,False,False,False,False,False,,,,,False,False
eps_surprise__ts_rank__w20,571.0,0.005602624452994122,0.0884447899840183,0.06334600889443572,1.5136912886284288,eps_surprise,0.18751225616085543,False,False,False,False,False,,,,,False,False
bb_lower__ts_min__w5,579.0,0.010369273118192192,0.1649977987429508,0.06284491791521672,1.5122007362777667,bb_lower,0.18710539807756055,False,False,False,False,False,,,,,False,False
eightk_reg_fd_30d__group_neutralize,579.0,0.005772944428593788,0.09186932367179097,0.0628386516615492,1.5120499550575173,eightk_reg_fd_30d,0.18706489749200061,False,False,False,False,False,,,,,False,False
return_20d__ts_rank__w5,578.0,-0.009532057839217881,0.1515915573596891,-0.0628798727662694,-1.5117346707279977,return_20d,0.18698099261344447,False,False,False,False,False,,,,,False,False
insider_net_shares__ts_mean__w5,579.0,-0.007881774514298771,0.1254720840144035,-0.06281695706428203,-1.5115279305717042,insider_net_shares,0.18692472092475354,False,False,False,False,False,,,,,False,False
return_1d__ts_delta__w20,560.0,-0.011727954326430262,0.18394109308916093,-0.06375929450819032,-1.5088202928983965,return_1d,0.186213667044337,False,False,False,False,False,,,,,False,False
eightk_other_events_30d__ts_rank__w20,571.0,-0.005796008517776867,0.09183117361621153,-0.06311591466749654,-1.508193047571728,eightk_other_events_30d,0.18603693451731984,False,False,False,False,False,,,,,False,False
vol_10d_self_rank__ts_std__w20,571.0,0.0064786421728583584,0.10276759481259475,0.06304168336986675,1.506419245709119,vol_10d_self_rank,0.18556251337739083,False,False,False,False,False,,,,,False,False
ma_50__ts_mean__w20,541.0,0.010324410603698842,0.1596583583420963,0.06466564426008292,1.504084519312739,ma_50,0.18496396878763482,False,False,False,False,False,,,,,False,False
eightk_reg_fd_30d__ts_argmax__w5,551.0,0.005423452487607063,0.08486661434496878,0.06390560680978298,1.5000811799803857,eightk_reg_fd_30d,0.1838896378462701,False,False,False,False,False,,,,,False,False
vol_10d_self_rank__ts_argmax__w5,579.0,-0.006809744690783499,0.10940092835667067,-0.06224576695165017,-1.497783714849412,vol_10d_self_rank,0.18325742254340743,False,False,False,False,False,,,,,False,False
bb_lower__ts_min__w20,579.0,0.01031619374139918,0.1658409383834125,0.06220535075331563,1.4968112033575283,bb_lower,0.1829996397906274,False,False,False,False,False,,,,,False,False
ma_50__ts_argmax__w20,531.0,-0.01165682257561358,0.1798411312291652,-0.06481733347617627,-1.493614156256139,ma_50,0.18219338886217218,False,False,False,False,False,,,,,False,False
beta_60d__ts_argmax__w20,539.0,0.009103283933053766,0.141517342766848,0.06432627800291281,1.493422898070277,beta_60d,0.18213577298536182,False,False,False,False,False,,,,,False,False
ma_50__ts_min__w10,550.0,0.010152209972943032,0.15943138038550658,0.06367761445955553,1.493372432045298,ma_50,0.182113032903906,False,False,False,False,False,,,,,False,False
bb_lower__ts_min__w10,579.0,0.010248988603319345,0.16525424358881993,0.062019518414428945,1.4923396277868866,bb_lower,0.18181727154974314,False,False,False,False,False,,,,,False,False
bb_pct__ts_min__w5,579.0,0.00963721473522323,0.155497933430111,0.061976481118668394,1.4913040463509413,bb_pct,0.18154412608876924,False,False,False,False,False,,,,,False,False
bb_width__ts_decay_linear__w20,561.0,0.015715703014133865,0.2498744794992441,0.06289439019794499,1.489681215094804,bb_width,0.18113062924547818,False,False,False,False,False,,,,,False,False
insider_7d__ts_mean__w5,579.0,-0.008996821895925938,0.14561515903514274,-0.06178492648388789,-1.4866947784998275,insider_7d,0.1803314952534273,False,False,False,False,False,,,,,False,False
insider_net_shares__ts_decay_linear__w20,561.0,-0.00929682067631852,0.14816114056940832,-0.06274803663490484,-1.4862147667686985,insider_net_shares,0.18021950421644178,False,False,False,False,False,,,,,False,False
volume_zscore__ts_min__w20,579.0,0.006368460873017729,0.10310828425300751,0.06176478368499251,1.4862100940363776,volume_zscore,0.1802042772827292,False,False,False,False,False,,,,,False,False
return_5d__group_neutralize,579.0,0.007388228356058622,0.11962259810112343,0.061762814663270854,1.4861627146110237,return_5d,0.1801918443445939,False,False,False,False,False,,,,,False,False
obv_trend__ts_std__w5,579.0,-0.006291338459272102,0.10200720384882216,-0.06167543292918862,-1.484060098727355,obv_trend,0.17964063348827147,False,False,False,False,False,,,,,False,False
eightk_days_since_last__ts_decay_linear__w5,576.0,0.005589512976555952,0.09043766985872066,0.06180514143373819,1.4833233944097166,eightk_days_since_last,0.17945002258757364,False,False,False,False,False,,,,,False,False
return_60d__ts_std__w10,535.0,0.014873449414647836,0.2322523868528933,0.06404002824766901,1.481250144847183,return_60d,0.17894143598615309,False,False,False,False,False,,,,,False,False
volume_spike__ts_std__w20,571.0,0.006651546486856752,0.10748067829870366,0.06188597422479216,1.4788028749918585,volume_spike,0.1782731503771271,False,False,False,False,False,,,,,False,False
eightk_exec_change_30d__ts_argmax__w5,552.0,0.005039905363694656,0.0803352380234727,0.06273592370787617,1.4739604676385367,eightk_exec_change_30d,0.17702893316015939,False,False,False,False,False,,,,,False,False
bb_lower__ts_decay_linear__w20,561.0,0.010163077126984514,0.16390222874269053,0.06200694892892207,1.468661779437623,bb_lower,0.17565005057127403,False,False,False,False,False,,,,,False,False
rsi_below_30__ts_decay_linear__w10,571.0,-0.008058454140063974,0.13117699982948197,-0.06143191375423453,-1.4679528247552447,rsi_below_30,0.17545923669541924,False,False,False,False,False,,,,,False,False
insider_90d__ts_argmax__w20,578.0,-0.007704344630225444,0.12628393319989012,-0.06100811429455974,-1.4667345450529625,insider_90d,0.175139743406945,False,False,False,False,False,,,,,False,False
return_3d__ts_min__w10,579.0,-0.013346658134466753,0.21904698559742636,-0.060930572032594846,-1.4661369438626577,return_3d,0.17498500891080143,False,False,False,False,False,,,,,False,False
sector_rel_ret__ts_rank__w20,571.0,-0.008765239188178247,0.1431102145098904,-0.061248173082519404,-1.463562230004352,sector_rel_ret,0.17432858557311698,False,False,False,False,False,,,,,False,False
rsi_below_30__ts_max__w10,579.0,-0.007917526110525524,0.1303035069889035,-0.0607621873999122,-1.4620852023063384,rsi_below_30,0.17394323456201122,False,False,False,False,False,,,,,False,False
eightk_reg_fd_30d__ts_min__w10,579.0,-0.005468027779926097,0.0903460400389276,-0.060523159372232314,-1.4563336097919495,eightk_reg_fd_30d,0.17247117401161105,False,False,False,False,False,,,,,False,False
rsi_below_30__ts_mean__w20,571.0,-0.008710087357772163,0.1431604304466368,-0.06084144431948224,-1.4538431996157137,rsi_below_30,0.1718422508374879,False,False,False,False,False,,,,,False,False
rev_x_low52w__ts_rank__w5,444.0,0.007530004751609135,0.10929223038201308,0.06889789626663521,1.451768758730468,rev_x_low52w,0.171438635183567,False,False,False,False,False,,,,,False,False
insider_7d__ts_decay_linear__w10,571.0,-0.008986114019945195,0.14793805046421846,-0.06074241205523154,-1.4514767636191026,insider_7d,0.171240304975322,False,False,False,False,False,,,,,False,False
eightk_days_since_last__ts_rank__w5,579.0,0.005488060290595263,0.09103711895489058,0.06028376505757644,1.450573203526932,eightk_days_since_last,0.1710048315917972,False,False,False,False,False,,,,,False,False
vol_10d_self_rank__ts_rank__w5,579.0,0.00668847947446317,0.11122185017012379,0.06013638025471201,1.4470267686710792,vol_10d_self_rank,0.17010603867786783,False,False,False,False,False,,,,,False,False
macd__ts_delta__w10,570.0,-0.009413075241554202,0.15542859369110232,-0.06056205629873793,-1.4458992765697605,macd,0.16982765994389787,False,False,False,False,False,,,,,False,False
return_3d__ts_std__w5,579.0,0.013820716150823562,0.2302536394864523,0.06002387706725803,1.4443196698547351,return_3d,0.16942200111761657,False,False,False,False,False,,,,,False,False
return_60d__ts_decay_linear__w20,520.0,0.013747421864033977,0.21718424901029612,0.06329842945186255,1.4434262741677035,return_60d,0.16924495584448035,False,False,False,False,False,,,,,False,False
volume_spike__ts_decay_linear__w5,576.0,-0.005986717628367727,0.09969043972743043,-0.06005307675175642,-1.441273842042154,volume_spike,0.1686566971702601,False,False,False,False,False,,,,,False,False
return_60d__ts_min__w5,539.0,0.013073004012121418,0.21076747903389886,0.062025717022590646,1.4400122150168515,return_60d,0.16836875252111155,False,False,False,False,False,,,,,False,False
ma20_above_ma50__ts_delta__w10,550.0,0.006526889256315169,0.10642930190397892,0.061326055320777756,1.4382234818218975,ma20_above_ma50,0.1679104404712276,False,False,False,False,False,,,,,False,False
volatility_5d__ts_max__w5,579.0,0.015205157176464552,0.2544836400608558,0.05974905566750176,1.4377068022300694,volatility_5d,0.16775846421427915,False,False,False,False,False,,,,,False,False
rsi_below_30__ts_rank__w20,571.0,0.007146877390288071,0.11907037416344535,0.060022297238082965,1.434269183464423,rsi_below_30,0.16690378857785804,False,False,False,False,False,,,,,False,False
rsi_below_30__ts_max__w20,579.0,-0.008469113981028047,0.14226411039551634,-0.05953092426109856,-1.4324580329689935,rsi_below_30,0.1664455810878664,False,False,False,False,False,,,,,False,False
insider_7d__cs_rank,579.0,-0.008080599987285322,0.13579446965259284,-0.05950610513048263,-1.431860824653091,insider_7d,0.16629662114413746,False,False,False,False,False,,,,,False,False
insider_7d__cs_zscore,579.0,-0.008080599987285322,0.13579446965259284,-0.05950610513048263,-1.431860824653091,insider_7d,0.16629662114413746,False,False,False,False,False,,,,,False,False
insider_7d__signed_power_p05,579.0,-0.008080599987285322,0.13579446965259284,-0.05950610513048263,-1.431860824653091,insider_7d,0.16629662114413746,False,False,False,False,False,,,,,False,False
insider_7d__cs_demean,579.0,-0.008080599987285322,0.13579446965259284,-0.05950610513048263,-1.431860824653091,insider_7d,0.16629662114413746,False,False,False,False,False,,,,,False,False
insider_7d__scale,579.0,-0.008080599987285322,0.13579446965259284,-0.05950610513048263,-1.431860824653091,insider_7d,0.16629662114413746,False,False,False,False,False,,,,,False,False
return_60d__ts_min__w10,539.0,0.013163376068839676,0.21343684187006204,0.061673401618514354,1.431832728994567,return_60d,0.16632098602805656,False,False,False,False,False,,,,,False,False
ma_50__ts_min__w20,550.0,0.009715136819375502,0.15923257094823062,0.061012246185072706,1.4308640052434598,ma_50,0.16607045385033486,False,False,False,False,False,,,,,False,False
insider_net_shares__ts_decay_linear__w5,576.0,-0.007455672978813311,0.12525585458171173,-0.059523548848964485,-1.4285651723751476,insider_net_shares,0.1654783396001589,False,False,False,False,False,,,,,False,False
return_60d__ts_decay_linear__w5,535.0,0.01311849694660832,0.2124932567001157,0.06173606235948464,1.4279592594591008,return_60d,0.16536025959620976,False,False,False,False,False,,,,,False,False
volume_spike__ts_mean__w20,571.0,0.006491994039455094,0.10867806650477972,0.05973600974185138,1.4274281701685236,volume_spike,0.16519959018488822,False,False,False,False,False,,,,,False,False
rsi_above_70__ts_rank__w5,577.0,-0.006151605317539013,0.10352926697356747,-0.05941899809944185,-1.4272933133650667,rsi_above_70,0.16516166450742192,False,False,False,False,False,,,,,False,False
macd_signal__ts_rank__w10,576.0,-0.008692791086468577,0.14705160002140163,-0.059113883053318994,-1.4187331932796559,macd_signal,0.16304613915401772,False,False,False,False,False,,,,,False,False
return_1d__ts_rank__w10,576.0,-0.008807677790441292,0.14921697505859577,-0.05902597735266125,-1.41662345646387,return_1d,0.16252727835084602,False,False,False,False,False,,,,,False,False
macd_signal__ts_min__w20,579.0,0.011026197427610943,0.18754170939645473,0.05879330770256582,1.4147091944008745,macd_signal,0.1620552441226114,False,False,False,False,False,,,,,False,False
premarket_gap__ts_mean__w5,579.0,-0.009626294951605434,0.16376137512044223,-0.05878245065129396,-1.414447947485901,premarket_gap,0.16199118979095084,False,False,False,False,False,,,,,False,False
insider_7d__ts_argmax__w10,579.0,-0.006752693440406071,0.11581326411290781,-0.05830673621134437,-1.403001107387864,insider_7d,0.15920074425824854,False,False,False,False,False,,,,,False,False
vol_10d_self_rank__ts_max__w20,579.0,0.00650572049555675,0.11166816510034554,0.05825940177051068,1.4018621262473911,vol_10d_self_rank,0.15892481966895844,False,False,False,False,False,,,,,False,False
eightk_days_since_last__ts_mean__w5,579.0,0.005269426914217174,0.09056814156787014,0.058181903956463096,1.3999973413872888,eightk_days_since_last,0.15847374099224476,False,False,False,False,False,,,,,False,False
return_5d__ts_rank__w10,576.0,-0.009023824689323223,0.1547243214046181,-0.05832195357137877,-1.3997268857130907,return_5d,0.15841054382730518,False,False,False,False,False,,,,,False,False
eightk_reg_fd_30d__ts_min__w20,573.0,-0.004912292457127226,0.08417432674222071,-0.05835855951863867,-1.3969532568374836,eightk_reg_fd_30d,0.15774352416400916,False,False,False,False,False,,,,,False,False
volatility_5d__ts_rank__w5,579.0,0.00677642669975976,0.11673649622959542,0.058048912881812006,1.3967972544482452,volatility_5d,0.15770161782779896,False,False,False,False,False,,,,,False,False
bb_lower__ts_argmax__w10,579.0,0.008063688404642652,0.1390337019936772,0.05799808455801143,1.3955742020324764,bb_lower,0.15740717020895445,False,False,False,False,False,,,,,False,False
return_60d__ts_mean__w5,538.0,0.012817494995357115,0.21360480383593944,0.06000564952275921,1.3918206602722702,return_60d,0.15653711354368421,False,False,False,False,False,,,,,False,False
macd_signal__ts_argmax__w20,579.0,-0.008014899818804377,0.13868566915320082,-0.05779183867909683,-1.390611427311859,macd_signal,0.15621609595671182,False,False,False,False,False,,,,,False,False
rev_growth_yoy__ts_rank__w10,355.0,0.0060488972178245805,0.08210211255601907,0.07367529323557125,1.3881488882098818,rev_growth_yoy,0.15588615525766442,False,False,False,False,False,,,,,False,False
eightk_reg_fd_30d__ts_argmax__w10,576.0,0.0051501244262313894,0.08908390577081188,0.057812063600817275,1.3874895264196145,eightk_reg_fd_30d,0.15547201589551846,False,False,False,False,False,,,,,False,False
rsi_below_30__group_neutralize,519.0,0.006992366989974153,0.11574069932239414,0.06041407241282524,1.3763275102662105,rsi_below_30,0.15286811840096354,False,False,False,False,False,,,,,False,False
rev_x_low52w__ts_delta__w5,444.0,0.007514602698899535,0.11537115209598037,0.0651341566967099,1.3724618448811798,rev_x_low52w,0.1520340707887191,False,False,False,False,False,,,,,False,False
return_5d__ts_rank__w5,579.0,-0.008844187995408008,0.15506315869556264,-0.05703603660474831,-1.3724250012455224,return_5d,0.1519021213414617,False,False,False,False,False,,,,,False,False
rsi_14__ts_delta__w20,560.0,-0.009195802356345057,0.15868320208619982,-0.0579506982178852,-1.3713638165733504,rsi_14,0.15166660905534268,False,False,False,False,False,,,,,False,False
insider_7d__ts_decay_linear__w5,576.0,-0.008282478235502612,0.14529458874822784,-0.05700472610067271,-1.3681134264161452,insider_7d,0.15089318502418114,False,False,False,False,False,,,,,False,False
atr__ts_std__w10,576.0,0.008588760988517692,0.15067173977559464,0.05700313145191992,1.368075154846078,atr,0.15088423055906552,False,False,False,False,False,,,,,False,False
vol_zscore_60d__ts_rank__w20,571.0,0.006426049237419837,0.11229007705649607,0.057227222617246255,1.3674791807717896,vol_zscore_60d,0.15074839055823164,False,False,False,False,False,,,,,False,False
vol_surge_eod__ts_delta__w10,570.0,-0.005838576059221706,0.1020393000470545,-0.05721889562677615,-1.3660824095003583,vol_surge_eod,0.1504227419750115,False,False,False,False,False,,,,,False,False
eightk_material_agreement_30d__ts_min__w5,579.0,-0.005473894900111886,0.09645430339866345,-0.05675117342859517,-1.3655705041913873,eightk_material_agreement_30d,0.15029688032995608,False,False,False,False,False,,,,,False,False
eightk_reg_fd_30d__ts_decay_linear__w20,561.0,-0.005736988789074562,0.09967506570269646,-0.057556910031907424,-1.363260656532062,eightk_reg_fd_30d,0.149771412198355,False,False,False,False,False,,,,,False,False
return_3d__ts_rank__w10,576.0,-0.00890988155804823,0.15698308226766322,-0.05675695386625472,-1.3621668927901132,return_3d,0.1495061000656398,False,False,False,False,False,,,,,False,False
vol_surge_eod__ts_rank__w20,571.0,-0.0060455273284953,0.10610196908237204,-0.0569784649689382,-1.3615349659460207,vol_surge_eod,0.14936273744731532,False,False,False,False,False,,,,,False,False
return_1d__signed_power_p05,579.0,-0.010344211503413253,0.18299119134199807,-0.05652846690352776,-1.3602116465088117,return_1d,0.1490497908243445,False,False,False,False,False,,,,,False,False
return_1d__cs_demean,579.0,-0.010344211503413253,0.18299119134199807,-0.05652846690352776,-1.3602116465088117,return_1d,0.1490497908243445,False,False,False,False,False,,,,,False,False
return_1d__cs_zscore,579.0,-0.010344211503413253,0.18299119134199807,-0.05652846690352776,-1.3602116465088117,return_1d,0.1490497908243445,False,False,False,False,False,,,,,False,False
return_1d__scale,579.0,-0.010344211503413253,0.18299119134199807,-0.05652846690352776,-1.3602116465088117,return_1d,0.1490497908243445,False,False,False,False,False,,,,,False,False
return_1d__cs_rank,579.0,-0.010344211503413253,0.18299119134199807,-0.05652846690352776,-1.3602116465088117,return_1d,0.1490497908243445,False,False,False,False,False,,,,,False,False
eightk_reg_fd_30d__ts_rank__w5,578.0,-0.004969731014143626,0.08803125027593847,-0.05645416824781824,-1.3572502566054705,eightk_reg_fd_30d,0.14836429223259917,False,False,False,False,False,,,,,False,False
post_earnings_1d__ts_argmax__w5,345.0,-0.006615143547778933,0.09142976177865741,-0.07235219056781045,-1.3438822941710564,post_earnings_1d,0.14556129651718497,False,False,False,False,False,,,,,False,False
vol_zscore_60d__ts_rank__w5,579.0,0.006080959374578128,0.10897785761262642,0.055799953383131796,1.3426818490569745,vol_zscore_60d,0.14501867284699443,False,False,False,False,False,,,,,False,False
vol_10d_self_rank__ts_delta__w10,570.0,0.006153078558015048,0.10971371695898748,0.05608303800622447,1.3389641804933927,vol_10d_self_rank,0.14417950861080686,False,False,False,False,False,,,,,False,False
volatility_5d__ts_mean__w5,579.0,0.014332309232261026,0.2576310378918375,0.05563114347378529,1.3386198743154503,volatility_5d,0.14409514688702102,False,False,False,False,False,,,,,False,False
return_60d__ts_mean__w10,535.0,0.01245919092272766,0.2166594953047702,0.05750586146802192,1.3301144293634817,return_60d,0.14220644916655684,False,False,False,False,False,,,,,False,False
insider_60d__ts_argmax__w20,579.0,0.007382776315358438,0.13355888828839213,0.05527731182829926,1.330105829066092,insider_60d,0.14217227880057415,False,False,False,False,False,,,,,False,False
return_3d__ts_delta__w5,575.0,-0.010224117010698206,0.18478432476378104,-0.05533000173996469,-1.3267668326473514,return_3d,0.1414256529800041,False,False,False,False,False,,,,,False,False
post_earnings_1d__ts_std__w5,407.0,0.006049158395606465,0.09199780467190657,0.06575329071361743,1.3265227335200411,post_earnings_1d,0.14153341831848448,False,False,False,False,False,,,,,False,False
eightk_reg_fd_30d__ts_max__w20,579.0,-0.005501267989811989,0.0999039124161387,-0.05506559109414119,-1.3250113160855672,eightk_reg_fd_30d,0.1410300312459784,False,False,False,False,False,,,,,False,False
vwap_dev_eod__ts_rank__w10,576.0,-0.008535197012797185,0.15463722879162667,-0.05519496876330049,-1.3246792503192117,vwap_dev_eod,0.14095782686146846,False,False,False,False,False,,,,,False,False
premarket_gap__ts_delta__w10,570.0,-0.01045011426656965,0.18871361836018505,-0.05537551745006668,-1.3220723587352186,premarket_gap,0.14038006558033161,False,False,False,False,False,,,,,False,False
vwap_dev_eod__ts_rank__w5,579.0,-0.00858841722529875,0.15643320600888452,-0.0549014972231086,-1.3210628206331756,vwap_dev_eod,0.14014902107783006,False,False,False,False,False,,,,,False,False
volatility_5d__ts_std__w10,576.0,0.011566880219134153,0.21035588203380276,0.05498719649434587,1.319692715864301,volatility_5d,0.13984621372596634,False,False,False,False,False,,,,,False,False
obv__ts_rank__w5,579.0,-0.007801099908505038,0.1424789477236665,-0.054752649659057205,-1.3174811882049922,obv,0.1393531037914275,False,False,False,False,False,,,,,False,False
eightk_other_events_30d__ts_std__w20,571.0,0.0044975050493819045,0.08159882824923335,0.055117274915331395,1.3170607011928712,eightk_other_events_30d,0.13926529510181507,False,False,False,False,False,,,,,False,False
ma20_above_ma50__ts_max__w20,550.0,0.008561963531441437,0.15259001297505692,0.056110903751223976,1.3159173362633827,ma20_above_ma50,0.1390269654149378,False,False,False,False,False,,,,,False,False
is_squeeze_setup__ts_rank__w10,576.0,0.005601949403581709,0.1022349738375987,0.054794843616632234,1.3150762467991737,is_squeeze_setup,0.13882241529768968,False,False,False,False,False,,,,,False,False
premarket_gap__ts_decay_linear__w20,561.0,0.008785015286933128,0.15853655364091665,0.055413184437143,1.312485575657793,premarket_gap,0.1382604957156992,False,False,False,False,False,,,,,False,False
post_earnings_1d__ts_mean__w5,407.0,0.0059528010891418725,0.09201513371310091,0.06469371774976104,1.3051466531881768,post_earnings_1d,0.13679776869449306,False,False,False,False,False,,,,,False,False
return_3d__ts_decay_linear__w20,561.0,0.010068663677311296,0.1829734181918336,0.055028013231709284,1.3033626267346188,return_3d,0.13625789293150692,False,False,False,False,False,,,,,False,False
rsi_14__ts_rank__w5,579.0,-0.008369524520927594,0.15533104282595683,-0.053881853676250424,-1.2965277305503153,rsi_14,0.13475838377019633,False,False,False,False,False,,,,,False,False
insider_21d__ts_max__w10,579.0,-0.007882674417677073,0.14698523862520776,-0.053629020787433035,-1.2904439596853314,insider_21d,0.1334439948242112,False,False,False,False,False,,,,,False,False
ma5_above_ma20__group_neutralize,579.0,-0.005778280209429633,0.10778662743374177,-0.0536085073538611,-1.289950356855061,ma5_above_ma20,0.13333774036286122,False,False,False,False,False,,,,,False,False
vol_10d_self_rank__ts_min__w5,579.0,0.006328257042034611,0.11809684707677333,0.053585317463392464,1.2893923519979589,vol_10d_self_rank,0.133217692552898,False,False,False,False,False,,,,,False,False
volatility_5d__ts_delta__w5,575.0,-0.007602955254184688,0.1414351242204088,-0.05375577881443679,-1.28901829299251,volatility_5d,0.13313989016795708,False,False,False,False,False,,,,,False,False
vwap_dev_eod__ts_argmax__w20,579.0,-0.007892889665285629,0.14813889291303609,-0.053280333814288025,-1.2820537076965914,vwap_dev_eod,0.13164578630238943,False,False,False,False,False,,,,,False,False
eightk_exec_change_30d__ts_min__w5,579.0,0.00410386701548179,0.07746877640325862,0.05297446540422144,1.2746937739063875,eightk_exec_change_30d,0.13008220867239778,False,False,False,False,False,,,,,False,False
eightk_filings_30d__ts_std__w10,576.0,-0.004717835710760111,0.08883274790085498,-0.0531091947760709,-1.2746206746257016,eightk_filings_30d,0.13006868689325957,False,False,False,False,False,,,,,False,False
insider_90d__ts_std__w20,571.0,0.008496267274761058,0.1592950294646907,0.05333667537093075,1.2745121955184788,insider_90d,0.13004902276058916,False,False,False,False,False,,,,,False,False
volume_zscore__ts_max__w10,579.0,0.005731794894240645,0.1082508288538151,0.052949200989315465,1.274085850973399,volume_zscore,0.12995363521987324,False,False,False,False,False,,,,,False,False
vol_surge_eod__ts_min__w20,579.0,0.006293691804762449,0.11893775731470038,0.05291584394104399,1.2732831997069238,vol_surge_eod,0.12978401209266993,False,False,False,False,False,,,,,False,False
return_5d__ts_argmax__w20,579.0,0.006516037374357713,0.12369796329105995,0.05267699807656128,1.267535990479681,return_5d,0.12857393696450836,False,False,False,False,False,,,,,False,False
rsi_below_30__ts_mean__w10,576.0,-0.0069421406758616395,0.13145532241587976,-0.05280988664649938,-1.2674372795159852,rsi_below_30,0.12855515186826133,False,False,False,False,False,,,,,False,False
vol_10d_self_rank__ts_max__w10,579.0,0.006543475559595649,0.12478562182301559,0.05243773652766111,1.2617787788798835,vol_10d_self_rank,0.12736962045463968,False,False,False,False,False,,,,,False,False
rev_growth_qoq__cs_demean,579.0,0.005862905460816844,0.11182092994946734,0.05243119927071195,1.2616214766651668,rev_growth_qoq,0.12733682571560773,False,False,False,False,False,,,,,False,False
rev_growth_qoq__cs_zscore,579.0,0.005862905460816844,0.11182092994946734,0.05243119927071195,1.2616214766651668,rev_growth_qoq,0.12733682571560773,False,False,False,False,False,,,,,False,False
rev_growth_qoq__scale,579.0,0.005862905460816844,0.11182092994946734,0.05243119927071195,1.2616214766651668,rev_growth_qoq,0.12733682571560773,False,False,False,False,False,,,,,False,False
rev_growth_qoq__cs_rank,579.0,0.005862905460816844,0.11182092994946734,0.05243119927071195,1.2616214766651668,rev_growth_qoq,0.12733682571560773,False,False,False,False,False,,,,,False,False
rev_growth_qoq__signed_power_p05,579.0,0.005862905460816844,0.11182092994946734,0.05243119927071195,1.2616214766651668,rev_growth_qoq,0.12733682571560773,False,False,False,False,False,,,,,False,False
insider_net_shares__ts_mean__w10,576.0,-0.007581246210933578,0.1442763687654919,-0.052546694069187466,-1.2611206576604992,insider_net_shares,0.12723437117855274,False,False,False,False,False,,,,,False,False
bb_pct__ts_min__w20,579.0,0.008025353597657214,0.1534915392588756,0.05228531576663533,1.2581111666895366,bb_pct,0.12660651399626605,False,False,False,False,False,,,,,False,False
premarket_gap__ts_argmax__w20,579.0,-0.0063140020451430846,0.12111473984565295,-0.05213239984818996,-1.2544316398139723,premarket_gap,0.12584413088984064,False,False,False,False,False,,,,,False,False
volatility_5d__ts_decay_linear__w5,576.0,0.013391993510716566,0.25639634088777674,0.052231609329316316,1.2535586239035916,volatility_5d,0.12566562030253942,False,False,False,False,False,,,,,False,False
obv_trend__ts_rank__w5,579.0,-0.007183087443966671,0.13810114843171797,-0.052013234687315,-1.2515642378029317,obv_trend,0.1252522385481306,False,False,False,False,False,,,,,False,False
high_52w_ratio__ts_delta__w10,338.0,-0.011717372559528804,0.17225247914242306,-0.0680244059061731,-1.2506134862634721,high_52w_ratio,0.1253164439650123,False,False,False,False,False,,,,,False,False
return_1d__ts_rank__w20,571.0,-0.007971557829798963,0.1525027310943426,-0.0522715742373658,-1.2490609581710357,return_1d,0.12474219877841014,False,False,False,False,False,,,,,False,False
vol_zscore_60d__group_neutralize,579.0,-0.004593343141445807,0.08890906975124656,-0.051663380960989144,-1.2431459109104817,vol_zscore_60d,0.12352574697552887,False,False,False,False,False,,,,,False,False
return_60d__ts_mean__w20,530.0,0.011816949342278858,0.21887367209307815,0.0539898162683248,1.2429389116784295,return_60d,0.12351695822197584,False,False,False,False,False,,,,,False,False
ma_50__ts_delta__w20,530.0,0.010769177989314793,0.19973409111721493,0.05391757575823572,1.2412758102419852,ma_50,0.12317788248493139,False,False,False,False,False,,,,,False,False
insider_7d__ts_max__w5,579.0,-0.006973462458924738,0.13559737018252113,-0.051427711684511976,-1.2374751380742819,insider_7d,0.12237217164403075,False,False,False,False,False,,,,,False,False
return_1d__ts_max__w10,579.0,0.01214145221655653,0.23652952036452118,0.05133165702887764,1.235163830719738,return_1d,0.12190416818413613,False,False,False,False,False,,,,,False,False
eightk_days_since_last__ts_argmax__w20,579.0,0.005380627018752604,0.10492538700911626,0.05128050676892064,1.2339330317413364,eightk_days_since_last,0.12165546386867332,False,False,False,False,False,,,,,False,False
insider_net_shares__ts_decay_linear__w10,571.0,-0.007416447967369471,0.14394861416256852,-0.05152149612912353,-1.2311373870092075,insider_net_shares,0.12109688917631123,False,False,False,False,False,,,,,False,False
return_3d__ts_max__w10,579.0,0.01086564662777514,0.21271991201091808,0.051079593466630664,1.2290985717129093,return_3d,0.12068202574074854,False,False,False,False,False,,,,,False,False
rsi_below_30__ts_decay_linear__w20,561.0,-0.0073828411884483604,0.14246686432640848,-0.05182146194734374,-1.2274140532843663,rsi_below_30,0.1203555612877179,False,False,False,False,False,,,,,False,False
ma_10__ts_rank__w20,571.0,0.008578899233225828,0.16717564283970193,0.05131668159010337,1.2262432194221713,ma_10,0.12011465382705144,False,False,False,False,False,,,,,False,False
return_1d__ts_delta__w10,570.0,-0.008974892871960275,0.17499597570509076,-0.051286281503324815,-1.2244431886166944,return_1d,0.11975544301176266,False,False,False,False,False,,,,,False,False
return_1d__ts_delta__w5,575.0,-0.009575029173606727,0.18800312929892102,-0.050930158499556843,-1.2212622980974397,return_1d,0.1191182833174535,False,False,False,False,False,,,,,False,False
eightk_filings_30d__group_neutralize,579.0,-0.00432691770729651,0.08526813533544342,-0.05074483791951692,-1.221043543532247,eightk_filings_30d,0.11907230585883011,False,False,False,False,False,,,,,False,False
eightk_exec_change_30d__ts_min__w20,556.0,0.004387068880200665,0.08476215649962765,0.05175740048827022,1.2204215046239457,eightk_exec_change_30d,0.11896326115961148,False,False,False,False,False,,,,,False,False
sector_rel_ret__scale,579.0,-0.00798814559182875,0.15801745859140987,-0.050552297594431764,-1.216410557588185,sector_rel_ret,0.11815333854046262,False,False,False,False,False,,,,,False,False
sector_rel_ret__cs_rank,579.0,-0.00798814559182875,0.15801745859140987,-0.050552297594431764,-1.216410557588185,sector_rel_ret,0.11815333854046262,False,False,False,False,False,,,,,False,False
sector_rel_ret__cs_demean,579.0,-0.00798814559182875,0.15801745859140987,-0.050552297594431764,-1.216410557588185,sector_rel_ret,0.11815333854046262,False,False,False,False,False,,,,,False,False
sector_rel_ret__cs_zscore,579.0,-0.00798814559182875,0.15801745859140987,-0.050552297594431764,-1.216410557588185,sector_rel_ret,0.11815333854046262,False,False,False,False,False,,,,,False,False
sector_rel_ret__signed_power_p05,579.0,-0.00798814559182875,0.15801745859140987,-0.050552297594431764,-1.216410557588185,sector_rel_ret,0.11815333854046262,False,False,False,False,False,,,,,False,False
volume_spike__ts_decay_linear__w20,561.0,0.0054757413902078046,0.10683970068874371,0.0512519349540326,1.2139245566733832,volume_spike,0.11767357550209662,False,False,False,False,False,,,,,False,False
return_3d__ts_std__w10,576.0,0.01235354279797069,0.24476006327535366,0.050472052640683565,1.2113292633764057,return_3d,0.11715304727326409,False,False,False,False,False,,,,,False,False
volatility_10d__group_neutralize,579.0,-0.007242444927614142,0.14422230609806463,-0.050217231464109356,-1.208348056024274,volatility_10d,0.11656608652565087,False,False,False,False,False,,,,,False,False
post_earnings_1d__ts_max__w5,407.0,0.005497381103920322,0.09195572024328771,0.05978291605324686,1.2060749562504942,post_earnings_1d,0.11626861034984892,False,False,False,False,False,,,,,False,False
post_earnings_3d__cs_zscore,298.0,0.006588751918763444,0.09475357328097446,0.06953565644670413,1.2003715425680799,post_earnings_3d,0.11533744109043609,False,False,False,False,False,,,,,False,False
post_earnings_3d__cs_rank,298.0,0.006588751918763444,0.09475357328097446,0.06953565644670413,1.2003715425680799,post_earnings_3d,0.11533744109043609,False,False,False,False,False,,,,,False,False
post_earnings_3d__scale,298.0,0.006588751918763444,0.09475357328097446,0.06953565644670413,1.2003715425680799,post_earnings_3d,0.11533744109043609,False,False,False,False,False,,,,,False,False
post_earnings_3d__cs_demean,298.0,0.006588751918763444,0.09475357328097446,0.06953565644670413,1.2003715425680799,post_earnings_3d,0.11533744109043609,False,False,False,False,False,,,,,False,False
post_earnings_3d__signed_power_p05,298.0,0.006588751918763444,0.09475357328097446,0.06953565644670413,1.2003715425680799,post_earnings_3d,0.11533744109043609,False,False,False,False,False,,,,,False,False
return_1d__ts_min__w5,579.0,-0.01071679915635458,0.21600494602034537,-0.04961367484309906,-1.193825023821282,return_1d,0.1137452000554734,False,False,False,False,False,,,,,False,False
macd__ts_rank__w20,571.0,-0.007613126250340878,0.15352144371581328,-0.04958998603760979,-1.1849827823158872,macd,0.11205649177708471,False,False,False,False,False,,,,,False,False
obv__ts_argmax__w5,579.0,0.0067280559803139725,0.1369365812118225,0.04913264170007701,1.1822502028622777,obv,0.11153203227704334,False,False,False,False,False,,,,,False,False
atr__ts_std__w20,571.0,0.00737708521066391,0.14918564585827762,0.04944902821060911,1.1816145095782866,atr,0.11141613773590975,False,False,False,False,False,,,,,False,False
return_3d__ts_min__w5,579.0,-0.00983600794323461,0.20035827530525196,-0.04909209728547099,-1.1812746061767687,return_3d,0.11134690969734895,False,False,False,False,False,,,,,False,False
rev_growth_qoq__ts_max__w5,579.0,0.005455578630482568,0.11117891529089761,0.049070263153837626,1.180749224156595,rev_growth_qoq,0.11124730787538317,False,False,False,False,False,,,,,False,False
vol_10d_self_rank__ts_mean__w10,576.0,0.006134742658957234,0.12490752911962003,0.04911427439319677,1.1787425854367226,vol_10d_self_rank,0.11086923849648267,False,False,False,False,False,,,,,False,False
obv_trend__ts_max__w5,579.0,-0.006497101139853551,0.1327094421717906,-0.04895733893179312,-1.1780319942295914,obv_trend,0.11073319314200358,False,False,False,False,False,,,,,False,False
return_3d__ts_rank__w20,571.0,-0.007842577640839442,0.15911043090102167,-0.04929015399196612,-1.1778181137998516,return_3d,0.11069753365128115,False,False,False,False,False,,,,,False,False
return_60d__ts_decay_linear__w10,530.0,0.01101724563202814,0.2154539564692537,0.05113503512570842,1.1772169142400817,return_60d,0.11061053747279515,False,False,False,False,False,,,,,False,False
post_earnings_1d__ts_delta__w20,356.0,0.005512297503886555,0.08837324336259358,0.06237518613263647,1.1768926581676222,post_earnings_1d,0.110729721047923,False,False,False,False,False,,,,,False,False
return_3d__cs_demean,579.0,-0.008801496590814072,0.18000706705809605,-0.04889528358335759,-1.17653879244483,return_3d,0.1104513965742403,False,False,False,False,False,,,,,False,False
return_3d__signed_power_p05,579.0,-0.008801496590814072,0.18000706705809605,-0.04889528358335759,-1.17653879244483,return_3d,0.1104513965742403,False,False,False,False,False,,,,,False,False
return_3d__scale,579.0,-0.008801496590814072,0.18000706705809605,-0.04889528358335759,-1.17653879244483,return_3d,0.1104513965742403,False,False,False,False,False,,,,,False,False
return_3d__cs_rank,579.0,-0.008801496590814072,0.18000706705809605,-0.04889528358335759,-1.17653879244483,return_3d,0.1104513965742403,False,False,False,False,False,,,,,False,False
return_3d__cs_zscore,579.0,-0.008801496590814072,0.18000706705809605,-0.04889528358335759,-1.17653879244483,return_3d,0.1104513965742403,False,False,False,False,False,,,,,False,False
sector_rel_ret__ts_argmax__w10,579.0,0.005413095376802513,0.11170204834063006,0.04846012635592444,1.166067856980983,sector_rel_ret,0.10848974996066907,False,False,False,False,False,,,,,False,False
volatility_5d__ts_max__w10,579.0,0.01221163659845665,0.25204946178493476,0.04844936589817607,1.1658089343398281,volatility_5d,0.10844156222430379,False,False,False,False,False,,,,,False,False
insider_net_shares__ts_delta__w20,560.0,-0.004203769001571165,0.08542751866185778,-0.04920860476131434,-1.164488127131805,insider_net_shares,0.10820728773451022,False,False,False,False,False,,,,,False,False
vol_surge_eod__ts_max__w20,579.0,0.005155337990998541,0.10741086426166103,0.04799642965761588,1.1549101928157157,vol_surge_eod,0.10642714902121048,False,False,False,False,False,,,,,False,False
sector_rel_ret__ts_rank__w10,576.0,-0.006750883978495253,0.14063368127783926,-0.0480033226546779,-1.1520797437122696,sector_rel_ret,0.10591015249320584,False,False,False,False,False,,,,,False,False
sector_rel_ret__ts_delta__w20,560.0,-0.007784500848251183,0.16065821554225013,-0.04845379878008171,-1.146626157508873,sector_rel_ret,0.10492524614563398,False,False,False,False,False,,,,,False,False
eps_surprise__ts_argmax__w10,445.0,-0.004616345088141821,0.08506926275638427,-0.05426572346538144,-1.144736690568384,eps_surprise,0.10466935936091243,False,False,False,False,False,,,,,False,False
beta_60d__ts_std__w5,539.0,0.008972836758230117,0.1822568274498435,0.04923182787596483,1.142984505655545,beta_60d,0.10427813705950939,False,False,False,False,False,,,,,False,False
volatility_5d__cs_rank,579.0,0.011481412607971184,0.24232305753068026,0.04738060308816273,1.1400919159742564,volatility_5d,0.10373179847069158,False,False,False,False,False,,,,,False,False
volatility_5d__scale,579.0,0.011481412607971184,0.24232305753068026,0.04738060308816273,1.1400919159742564,volatility_5d,0.10373179847069158,False,False,False,False,False,,,,,False,False
volatility_5d__signed_power_p05,579.0,0.011481412607971184,0.24232305753068026,0.04738060308816273,1.1400919159742564,volatility_5d,0.10373179847069158,False,False,False,False,False,,,,,False,False
volatility_5d__cs_zscore,579.0,0.011481412607971184,0.24232305753068026,0.04738060308816273,1.1400919159742564,volatility_5d,0.10373179847069158,False,False,False,False,False,,,,,False,False
volatility_5d__cs_demean,579.0,0.011481412607971184,0.24232305753068026,0.04738060308816273,1.1400919159742564,volatility_5d,0.10373179847069158,False,False,False,False,False,,,,,False,False
vol_x_short__ts_delta__w5,575.0,0.006032511946479588,0.12700314349175248,0.047498918378121376,1.1389840504052617,vol_x_short,0.10353454169407572,False,False,False,False,False,,,,,False,False
bb_pct__ts_mean__w5,579.0,0.007908269824175036,0.1671328029429617,0.04731728113764677,1.1385682366797436,bb_pct,0.10345748229966223,False,False,False,False,False,,,,,False,False
post_earnings_1d__ts_decay_linear__w5,404.0,0.005189799696543001,0.09222919542485553,0.05627068167120066,1.1310267038225073,post_earnings_1d,0.10224636977362073,False,False,False,False,False,,,,,False,False
eightk_exec_change_30d__group_neutralize,579.0,0.003915092856719983,0.08369103765277465,0.04678031204444248,1.1256474614597427,eightk_exec_change_30d,0.10115241255478341,False,False,False,False,False,,,,,False,False
eightk_filings_30d__ts_max__w10,579.0,-0.0043547978903894745,0.0932285156595354,-0.046711007459272647,-1.123979825504475,eightk_filings_30d,0.1008576527641683,False,False,False,False,False,,,,,False,False
rev_x_low52w__ts_argmax__w5,429.0,-0.005417197974071724,0.09992245304064397,-0.05421402106559825,-1.1228978913344638,rev_x_low52w,0.10077778674158094,False,False,False,False,False,,,,,False,False
beta_60d__ts_argmax__w5,539.0,0.007200567245573766,0.14899394592488194,0.04832791829813048,1.1219990032569493,beta_60d,0.10053188657841738,False,False,False,False,False,,,,,False,False
obv_trend__cs_zscore,579.0,-0.006283414447379284,0.13495337081262426,-0.04655989257284635,-1.1203436358156817,obv_trend,0.1002171162069046,False,False,False,False,False,,,,,False,False
obv_trend__cs_rank,579.0,-0.006283414447379284,0.13495337081262426,-0.04655989257284635,-1.1203436358156817,obv_trend,0.1002171162069046,False,False,False,False,False,,,,,False,False
obv_trend__scale,579.0,-0.006283414447379284,0.13495337081262426,-0.04655989257284635,-1.1203436358156817,obv_trend,0.1002171162069046,False,False,False,False,False,,,,,False,False
obv_trend__signed_power_p05,579.0,-0.006283414447379284,0.13495337081262426,-0.04655989257284635,-1.1203436358156817,obv_trend,0.1002171162069046,False,False,False,False,False,,,,,False,False
obv_trend__cs_demean,579.0,-0.006283414447379284,0.13495337081262426,-0.04655989257284635,-1.1203436358156817,obv_trend,0.1002171162069046,False,False,False,False,False,,,,,False,False
premarket_gap__ts_delta__w5,575.0,-0.009006011861149259,0.19286261661988385,-0.0466965139174657,-1.1197430673709656,premarket_gap,0.10011380894127803,False,False,False,False,False,,,,,False,False
sector_rel_ret__ts_rank__w5,579.0,-0.0065649220738084515,0.14124336941039656,-0.04647950626789016,-1.118409346877547,sector_rel_ret,0.0998775912342722,False,False,False,False,False,,,,,False,False
return_1d__ts_std__w5,579.0,0.01120963952407999,0.24192467217258615,0.04633524734543473,1.114938128265311,return_1d,0.09927039634166546,False,False,False,False,False,,,,,False,False
eightk_material_agreement_30d__ts_rank__w20,571.0,-0.0040865947377317306,0.0876540251574952,-0.04662187196068874,-1.1140578969079058,eightk_material_agreement_30d,0.09912125502814378,False,False,False,False,False,,,,,False,False
volatility_10d__scale,579.0,0.012007967629937786,0.2595483605373911,0.04626485640315918,1.1132443519303656,volatility_10d,0.09897509750875183,False,False,False,False,False,,,,,False,False
volatility_10d__cs_rank,579.0,0.012007967629937786,0.2595483605373911,0.04626485640315918,1.1132443519303656,volatility_10d,0.09897509750875183,False,False,False,False,False,,,,,False,False
volatility_10d__signed_power_p05,579.0,0.012007967629937786,0.2595483605373911,0.04626485640315918,1.1132443519303656,volatility_10d,0.09897509750875183,False,False,False,False,False,,,,,False,False
volatility_10d__cs_zscore,579.0,0.012007967629937786,0.2595483605373911,0.04626485640315918,1.1132443519303656,volatility_10d,0.09897509750875183,False,False,False,False,False,,,,,False,False
volatility_10d__cs_demean,579.0,0.012007967629937786,0.2595483605373911,0.04626485640315918,1.1132443519303656,volatility_10d,0.09897509750875183,False,False,False,False,False,,,,,False,False
beta_60d__ts_std__w10,539.0,0.009224046703299797,0.19345538310032978,0.047680486091803524,1.1069679753179,beta_60d,0.09790956911206106,False,False,False,False,False,,,,,False,False
premarket_gap__ts_max__w5,579.0,0.010143090610399856,0.2211869041764375,0.045857554940544144,1.1034436935464307,premarket_gap,0.09727901823704677,False,False,False,False,False,,,,,False,False
vol_surge_eod__ts_mean__w5,579.0,0.005266902092202845,0.1148777415226763,0.04584789030835172,1.103211139118769,vol_surge_eod,0.09723903338323153,False,False,False,False,False,,,,,False,False
volatility_5d__ts_delta__w10,570.0,0.006114850434419399,0.13239368528228476,0.046186873802791635,1.1026964984322523,volatility_5d,0.0971554832054854,False,False,False,False,False,,,,,False,False
vol_surge_eod__ts_argmax__w5,579.0,0.004495499578694797,0.09815600318660492,0.045799537804614744,1.1020476609223206,vol_surge_eod,0.09703916869097584,False,False,False,False,False,,,,,False,False
sector_rel_ret__ts_delta__w5,575.0,-0.007419789505806837,0.16164192748124,-0.04590262948125244,-1.1007063873456713,sector_rel_ret,0.09681128665721861,False,False,False,False,False,,,,,False,False
volume_zscore__ts_decay_linear__w10,571.0,0.005499760135951381,0.11957004988582512,0.04599613482810272,1.0991055287461606,volume_zscore,0.09653943087324235,False,False,False,False,False,,,,,False,False
rsi_below_30__ts_argmax__w10,561.0,0.005265511848777375,0.11351842726213487,0.04638464411261039,1.0986406384725742,rsi_below_30,0.09646553129532043,False,False,False,False,False,,,,,False,False
obv__ts_rank__w10,576.0,-0.006200952812813813,0.13555355215910148,-0.045745409943486026,-1.0978898386436646,obv,0.09632899677823775,False,False,False,False,False,,,,,False,False
vwap_dev_eod__ts_delta__w20,560.0,0.008419006717771167,0.1814947736993287,0.04638704766076857,1.0977178994542052,vwap_dev_eod,0.09630849173801359,False,False,False,False,False,,,,,False,False
bb_width__ts_mean__w20,571.0,0.011537206411051765,0.2524577022371588,0.04569956198133227,1.092018740763223,bb_width,0.09533314723594616,False,False,False,False,False,,,,,False,False
premarket_gap__cs_zscore,579.0,-0.009054748941910636,0.2016812544119965,-0.04489633391219148,-1.0803143905730137,premarket_gap,0.0933610008560834,False,False,False,False,False,,,,,False,False
premarket_gap__cs_demean,579.0,-0.009054748941910636,0.2016812544119965,-0.04489633391219148,-1.0803143905730137,premarket_gap,0.0933610008560834,False,False,False,False,False,,,,,False,False
premarket_gap__cs_rank,579.0,-0.009054748941910636,0.2016812544119965,-0.04489633391219148,-1.0803143905730137,premarket_gap,0.0933610008560834,False,False,False,False,False,,,,,False,False
premarket_gap__scale,579.0,-0.009054748941910636,0.2016812544119965,-0.04489633391219148,-1.0803143905730137,premarket_gap,0.0933610008560834,False,False,False,False,False,,,,,False,False
premarket_gap__signed_power_p05,579.0,-0.009054668777999299,0.20168133560816306,-0.0448959183590056,-1.0803043913582087,premarket_gap,0.09335933260146534,False,False,False,False,False,,,,,False,False
volume_spike__ts_delta__w10,570.0,-0.004296284548180933,0.09567440919847595,-0.044905263425962925,-1.0720984700634641,volume_spike,0.09200238956803625,False,False,False,False,False,,,,,False,False
eightk_other_events_30d__ts_min__w10,579.0,-0.00392030259884057,0.08807725193262413,-0.044509819650588756,-1.071013922526162,eightk_other_events_30d,0.09181881795748736,False,False,False,False,False,,,,,False,False
beta_60d__ts_rank__w10,539.0,-0.0073133165907463046,0.15877837020257426,-0.04605990464202242,-1.0693439510399614,beta_60d,0.09156598656271381,False,False,False,False,False,,,,,False,False
return_5d__ts_min__w20,579.0,0.010074565497923647,0.22687561985004742,0.04440567701625407,1.0685079988406339,return_5d,0.09140653477772798,False,False,False,False,False,,,,,False,False
bb_pct__ts_argmax__w10,579.0,0.0058278976375553335,0.13174015028451694,0.044237824421552,1.064469059405037,bb_pct,0.09074492380101629,False,False,False,False,False,,,,,False,False
volatility_5d__ts_rank__w20,571.0,0.0053882475776122355,0.12127481946074917,0.04443006059766721,1.0616832355136674,volatility_5d,0.09029478399320162,False,False,False,False,False,,,,,False,False
rev_growth_qoq__ts_delta__w10,421.0,0.0043946937345893545,0.08543415561041222,0.05143954081584853,1.0554511344843927,rev_growth_qoq,0.08939024156178643,False,False,False,False,False,,,,,False,False
bb_pct__group_neutralize,579.0,-0.004328915909097336,0.09902997039833011,-0.043713189973550996,-1.0518450855840498,bb_pct,0.08869992011881195,False,False,False,False,False,,,,,False,False
eightk_days_since_last__ts_decay_linear__w20,561.0,0.003766119255709907,0.08491783303189544,0.044350157337332656,1.0504529269461325,eightk_days_since_last,0.08848583195742676,False,False,False,False,False,,,,,False,False
return_3d__ts_delta__w10,570.0,-0.007907118349535417,0.1799729008827954,-0.043935049725540666,-1.0489349354463635,return_3d,0.088237973031293,False,False,False,False,False,,,,,False,False
ma5_above_ma20__ts_mean__w5,579.0,0.006996969362758572,0.16142166918404607,0.043345911352093175,1.0430074735668475,ma5_above_ma20,0.0872888319680672,False,False,False,False,False,,,,,False,False
vol_surge_eod__ts_decay_linear__w5,576.0,0.004934062483597741,0.11363564768146599,0.04342002341931025,1.042080562063446,vol_surge_eod,0.08714330542895732,False,False,False,False,False,,,,,False,False
volatility_5d__ts_argmax__w5,579.0,-0.004960548878950116,0.11531882860115039,-0.0430159492523724,-1.0350677873249996,volatility_5d,0.08603546011622748,False,False,False,False,False,,,,,False,False
return_1d__ts_rank__w5,579.0,-0.006319262188728609,0.14693130352911674,-0.04300827690864628,-1.0348831721768461,return_1d,0.08600647743170847,False,False,False,False,False,,,,,False,False
premarket_gap__ts_std__w20,571.0,0.010737297381377714,0.24898437957814928,0.04312438153578054,1.0304832427088169,premarket_gap,0.08532185633415601,False,False,False,False,False,,,,,False,False
bb_width__ts_delta__w5,575.0,0.005427734745291729,0.12633654315848358,0.04296250799329595,1.030204750774117,bb_width,0.08527641563471572,False,False,False,False,False,,,,,False,False
macd_signal__ts_delta__w5,575.0,-0.006579247763796462,0.15363406158681508,-0.04282414782140404,-1.0268869904044662,macd_signal,0.08476011419222157,False,False,False,False,False,,,,,False,False
return_5d__ts_max__w10,579.0,0.008690879416778399,0.20430302621908078,0.04253916144863604,1.0235951194979673,return_5d,0.08424821057384058,False,False,False,False,False,,,,,False,False
eightk_reg_fd_30d__ts_decay_linear__w10,571.0,-0.004047118030442566,0.09463836350949169,-0.04276403226305433,-1.0218724783606123,eightk_reg_fd_30d,0.08398619356856996,False,False,False,False,False,,,,,False,False
eightk_reg_fd_30d__ts_std__w20,571.0,-0.00422529446489065,0.09979411546061823,-0.04234011640253557,-1.0117427518572741,eightk_reg_fd_30d,0.08243507863536564,False,False,False,False,False,,,,,False,False
premarket_gap__ts_argmax__w5,579.0,-0.0054526239260362635,0.12969862222778333,-0.04204072358193665,-1.0116014987882005,premarket_gap,0.08240973700608029,False,False,False,False,False,,,,,False,False
vol_surge_eod__ts_delta__w20,560.0,0.004405844613066194,0.10314226337342884,0.042716190909198266,1.010849573795726,vol_surge_eod,0.08230484224762141,False,False,False,False,False,,,,,False,False
volume_spike__cs_rank,571.0,-0.004284296754976239,0.10132445059498274,-0.042282950756886546,-1.0103767440954914,volume_spike,0.08222756914587181,False,False,False,False,False,,,,,False,False
volume_spike__cs_demean,571.0,-0.004284296754976239,0.10132445059498274,-0.042282950756886546,-1.0103767440954914,volume_spike,0.08222756914587181,False,False,False,False,False,,,,,False,False
volume_spike__cs_zscore,571.0,-0.004284296754976239,0.10132445059498274,-0.042282950756886546,-1.0103767440954914,volume_spike,0.08222756914587181,False,False,False,False,False,,,,,False,False
volume_spike__scale,571.0,-0.004284296754976239,0.10132445059498274,-0.042282950756886546,-1.0103767440954914,volume_spike,0.08222756914587181,False,False,False,False,False,,,,,False,False
volume_spike__signed_power_p05,571.0,-0.004284296754976239,0.10132445059498274,-0.042282950756886546,-1.0103767440954914,volume_spike,0.08222756914587181,False,False,False,False,False,,,,,False,False
insider_90d__ts_argmax__w10,562.0,-0.005022207842633919,0.11821335294275816,-0.0424842686347438,-1.0071549790191876,insider_90d,0.08174416446894894,False,False,False,False,False,,,,,False,False
volatility_10d__ts_max__w5,579.0,0.010801934209424036,0.25815536357797997,0.04184276499124969,1.0068381362678902,volatility_10d,0.08168800920087121,False,False,False,False,False,,,,,False,False
rsi_above_70__ts_delta__w20,558.0,0.004957271194225481,0.1163835132385462,0.042594273503883485,1.0061629348721737,rsi_above_70,0.08159640044194622,False,False,False,False,False,,,,,False,False
return_20d__ts_std__w5,578.0,0.009214536830797274,0.22080115850023488,0.04173228480043265,1.0033121736110033,return_20d,0.08115731531913295,False,False,False,False,False,,,,,False,False
eightk_reg_fd_30d__ts_max__w10,579.0,-0.003917953416551412,0.0941684514293869,-0.04160579639019897,-1.001136098539604,eightk_reg_fd_30d,0.0808303326041625,False,False,False,False,False,,,,,False,False
rsi_below_30__ts_min__w5,365.0,0.005376837530039297,0.10262884503099995,0.05239109461297334,1.0009304571657893,rsi_below_30,0.08095909111377497,False,False,False,False,False,,,,,False,False
eightk_days_since_last__ts_min__w20,579.0,0.0037335755004677,0.0897767448818468,0.04158733428552547,1.000691855644448,eightk_days_since_last,0.08076379790792876,False,False,False,False,False,,,,,False,False
ma_10__ts_argmax__w10,579.0,-0.006622591007656279,0.15972863783932628,-0.041461513083947125,-0.9976642931942461,ma_10,0.08031145734457285,False,False,False,False,False,,,,,False,False
return_1d__ts_std__w10,576.0,0.010794989542965866,0.25972916736249785,0.04156248469352522,0.9974996326446053,return_1d,0.08028832083540455,False,False,False,False,False,,,,,False,False
eightk_exec_change_30d__ts_decay_linear__w10,571.0,0.003302853190383189,0.07916830791625346,0.04171938591736789,0.9969100205710737,eightk_exec_change_30d,0.08020285171314412,False,False,False,False,False,,,,,False,False
macd__ts_argmax__w20,579.0,0.00583655035342188,0.14094157512643085,0.041411133288287966,0.9964520334504736,macd,0.08013087416309522,False,False,False,False,False,,,,,False,False
volume_zscore__ts_min__w10,579.0,0.004736167091896618,0.11468593203915287,0.04129684441400998,0.9937019666898695,volume_zscore,0.0797223507131748,False,False,False,False,False,,,,,False,False
is_squeeze_setup__ts_min__w20,579.0,-0.006216368220580362,0.15059926923899764,-0.04127754571448236,-0.9932375932989417,is_squeeze_setup,0.07965352357238636,False,False,False,False,False,,,,,False,False
return_1d__ts_decay_linear__w5,576.0,-0.007281058634086988,0.17685447049661554,-0.041169774298842644,-0.9880745831722235,return_1d,0.07889270438021923,False,False,False,False,False,,,,,False,False
eightk_reg_fd_30d__ts_mean__w10,576.0,-0.0038755612285795993,0.09425923600936023,-0.04111598388294537,-0.9867836131906889,eightk_reg_fd_30d,0.07870298301613288,False,False,False,False,False,,,,,False,False
volatility_10d__ts_mean__w5,579.0,0.010688389283975563,0.260818555133665,0.04098017212961689,0.9860820655506233,volatility_10d,0.07859864012753856,False,False,False,False,False,,,,,False,False
vol_x_short__ts_argmax__w20,579.0,0.0049623328517782945,0.12116395863572466,0.04095551934463763,0.985488859913101,vol_x_short,0.07851166586087605,False,False,False,False,False,,,,,False,False
volatility_5d__ts_std__w20,571.0,0.009120342180947944,0.2214104431880202,0.04119201447604264,0.9843081602402082,volatility_5d,0.07834249725819356,False,False,False,False,False,,,,,False,False
vwap_dev_eod__ts_rank__w20,571.0,-0.006519929947462866,0.15895007487555707,-0.04101872838101748,-0.9801673839378345,vwap_dev_eod,0.07773840812863454,False,False,False,False,False,,,,,False,False
vol_10d_self_rank__ts_argmax__w20,579.0,0.004477223575236395,0.1110756635466696,0.040307871519986396,0.9699048867013363,vol_10d_self_rank,0.07625282384917387,False,False,False,False,False,,,,,False,False
sector_rel_ret__ts_min__w20,579.0,0.008443784628083333,0.21071935206526934,0.040071234774240905,0.9642108342143959,sector_rel_ret,0.07543993987025717,False,False,False,False,False,,,,,False,False
eightk_days_since_last__ts_delta__w20,560.0,0.004000557293893925,0.09822328359907193,0.040729215592337664,0.963829155789338,eightk_days_since_last,0.07539445812935222,False,False,False,False,False,,,,,False,False
rsi_below_30__ts_argmax__w20,577.0,0.004982663745962672,0.12449535501303367,0.04002288876915148,0.9613827790593514,rsi_below_30,0.07503956092435497,False,False,False,False,False,,,,,False,False
ma20_above_ma50__ts_min__w20,531.0,0.006827525349124644,0.16415424528688116,0.04159213389329435,0.9584257271977793,ma20_above_ma50,0.074644025927608,False,False,False,False,False,,,,,False,False
eightk_material_agreement_30d__group_neutralize,579.0,0.004280455147541813,0.10767113381746765,0.039754899904726256,0.9565990520932746,eightk_material_agreement_30d,0.07436361403251521,False,False,False,False,False,,,,,False,False
return_1d__ts_min__w10,579.0,-0.009047801549252455,0.22810499275349633,-0.039665074578310706,-0.9544376374674295,return_1d,0.07406013138755044,False,False,False,False,False,,,,,False,False
vol_zscore_60d__ts_delta__w20,560.0,0.0047766322988185665,0.11902265791186571,0.040132125955005836,0.9496994360608696,vol_zscore_60d,0.07340675197079609,False,False,False,False,False,,,,,False,False
rev_growth_qoq__ts_decay_linear__w20,561.0,0.004500784861213895,0.11236653772757522,0.04005449444500757,0.9487082674155025,rev_growth_qoq,0.07326837080918383,False,False,False,False,False,,,,,False,False
rev_growth_qoq__ts_max__w20,579.0,0.004386415275383351,0.11166884272021603,0.03928056536211648,0.9451854156629721,rev_growth_qoq,0.0727717159601742,False,False,False,False,False,,,,,False,False
sector_rel_ret__ts_decay_linear__w20,561.0,0.0063066851521613254,0.15887234923991334,0.03969655627511111,0.9402303448824753,sector_rel_ret,0.07209681240197557,False,False,False,False,False,,,,,False,False
bb_lower__ts_delta__w20,560.0,0.006519971819071176,0.1647926566335573,0.03956469876912884,0.9362716580498776,bb_lower,0.07155516354536362,False,False,False,False,False,,,,,False,False
eightk_reg_fd_30d__ts_mean__w20,571.0,-0.0038936568528229448,0.09941659953869372,-0.03916505765526111,-0.9358727980825698,eightk_reg_fd_30d,0.07149576797304115,False,False,False,False,False,,,,,False,False
return_60d__ts_min__w20,539.0,0.008536554478883438,0.2118957626439633,0.04028657474017986,0.9353081675125033,return_60d,0.07143369709802211,False,False,False,False,False,,,,,False,False
vwap__ts_decay_linear__w10,571.0,0.006061995166725103,0.15567278944989388,0.038940621467287745,0.9305097592973733,vwap,0.07076680291833011,False,False,False,False,False,,,,,False,False
volatility_5d__ts_mean__w10,576.0,0.01015991987556161,0.2623350682789577,0.0387287904061607,0.9294909697478568,volatility_5d,0.07062680570196958,False,False,False,False,False,,,,,False,False
volatility_5d__ts_decay_linear__w10,571.0,0.01015136154959492,0.26228703724379054,0.03870325295626193,0.9248376948120915,volatility_5d,0.0700020605955238,False,False,False,False,False,,,,,False,False
obv_trend__ts_max__w20,579.0,0.004657530556845006,0.12122704097353963,0.03841989806434037,0.9244756786697109,obv_trend,0.06995004370688135,False,False,False,False,False,,,,,False,False
return_3d__ts_max__w5,579.0,0.0072695934051541615,0.18994790714175633,0.038271510934463376,0.920905125401476,return_3d,0.06947218362026925,False,False,False,False,False,,,,,False,False
vol_surge_eod__ts_rank__w5,579.0,-0.003979681558920797,0.10434651860003309,-0.03813909282565691,-0.9177188254065617,vol_surge_eod,0.0690478753905278,False,False,False,False,False,,,,,False,False
eightk_other_events_30d__ts_std__w5,577.0,0.0030798421486625946,0.08082406374047611,0.03810550974709567,0.9153257544560973,eightk_other_events_30d,0.06873134980847302,False,False,False,False,False,,,,,False,False
insider_21d__ts_delta__w10,570.0,-0.0036386340674257585,0.0949906531191847,-0.03830518001450487,-0.9145236383428618,insider_21d,0.06862819551089996,False,False,False,False,False,,,,,False,False
bb_width__ts_argmax__w5,579.0,-0.00391775558018418,0.10316614669151256,-0.0379752051019125,-0.9137752903565591,bb_width,0.06852549721485528,False,False,False,False,False,,,,,False,False
macd_signal__ts_argmax__w10,579.0,0.00544331676551474,0.14350549076567698,0.03793106965086697,0.9127132846482051,macd_signal,0.06838534146602064,False,False,False,False,False,,,,,False,False
volatility_10d__ts_decay_linear__w5,576.0,0.00990412982425734,0.2612838666448125,0.03790563095776957,0.9097351429864696,volatility_10d,0.0679947335910695,False,False,False,False,False,,,,,False,False
post_earnings_5d__ts_delta__w10,488.0,-0.0035515943586558775,0.08672830927678798,-0.04095080819944484,-0.904632921016921,post_earnings_5d,0.06737047402252236,False,False,False,False,False,,,,,False,False
volume_zscore__ts_std__w10,576.0,0.0039806360724327855,0.10567678720524304,0.037668026987816024,0.9040326477075846,volume_zscore,0.06724924784331908,False,False,False,False,False,,,,,False,False
ma_50__ts_decay_linear__w20,531.0,0.006228107107461666,0.1589790320613958,0.039175651195664886,0.9027416598046953,ma_50,0.06710153122624976,False,False,False,False,False,,,,,False,False
rsi_above_70__ts_rank__w20,571.0,-0.004450291904654772,0.11789075226804481,-0.03774928753136015,-0.902042112603701,rsi_above_70,0.06699260065948469,False,False,False,False,False,,,,,False,False
beta_60d__ts_std__w20,539.0,0.007534247954973598,0.19415502945368437,0.038805319523133396,0.9009187930966063,beta_60d,0.06686114673851919,False,False,False,False,False,,,,,False,False
volatility_10d__ts_min__w5,579.0,0.009668214713830931,0.25856211527240397,0.037392232437629694,0.8997475579415437,volatility_10d,0.06669200083144028,False,False,False,False,False,,,,,False,False
rsi_above_70__ts_delta__w5,570.0,-0.003981021215914453,0.10605560205839047,-0.037537113916176194,-0.8961863115775165,rsi_above_70,0.06623632662430373,False,False,False,False,False,,,,,False,False
return_5d__ts_delta__w5,575.0,-0.006561764106435618,0.1755888941909058,-0.03737004060918261,-0.8961020939049721,return_5d,0.06622342116443655,False,False,False,False,False,,,,,False,False
bb_lower__ts_rank__w5,579.0,0.004555071114062454,0.1225795029407707,0.0371601369297722,0.8941627786226757,bb_lower,0.06597269535735006,False,False,False,False,False,,,,,False,False
insider_net_shares__ts_rank__w5,579.0,0.0034272041294497115,0.0923308321757264,0.037118739739364304,0.8931666620886529,insider_net_shares,0.06584503204290239,False,False,False,False,False,,,,,False,False
return_5d__ts_delta__w10,570.0,-0.006580426459100457,0.17618623335389824,-0.03734926579582763,-0.8917014991732416,return_5d,0.06566128159720479,False,False,False,False,False,,,,,False,False
bb_width__ts_min__w20,579.0,0.009527169180276593,0.25719640196362115,0.03704238903631378,0.8913294794938075,bb_width,0.06561007906998771,False,False,False,False,False,,,,,False,False
macd_signal__ts_delta__w10,570.0,0.005563235404848652,0.14937419142248562,0.03724361853858515,0.8891792054772518,macd_signal,0.06533957629374414,False,False,False,False,False,,,,,False,False
return_5d__ts_std__w5,579.0,0.008431743133852969,0.22907649245873868,0.03680754425455374,0.885678545994815,return_5d,0.06489146741914292,False,False,False,False,False,,,,,False,False
ma5_above_ma20__ts_decay_linear__w5,576.0,0.005913576113001337,0.16059270700747824,0.03682344125830049,0.8837625901992118,ma5_above_ma20,0.06465041213394693,False,False,False,False,False,,,,,False,False
sector_rel_ret__ts_delta__w10,570.0,-0.0055559792925382835,0.1506709255400606,-0.03687492641744643,-0.8803768017312192,sector_rel_ret,0.06422644703625874,False,False,False,False,False,,,,,False,False
volume_spike__ts_rank__w5,579.0,0.0033478625704831716,0.09163644437811087,0.0365341823681984,0.879100797792892,volume_spike,0.06406270724508667,False,False,False,False,False,,,,,False,False
eightk_exec_change_30d__ts_delta__w20,560.0,0.003006422054371461,0.08099303296891544,0.037119514409656745,0.8784080350297806,eightk_exec_change_30d,0.06398365328453189,False,False,False,False,False,,,,,False,False
insider_7d__ts_rank__w5,579.0,-0.003485621913599941,0.09548813068016906,-0.03650319561993304,-0.878355181677919,insider_7d,0.06396928527025014,False,False,False,False,False,,,,,False,False
intraday_momentum__ts_rank__w10,576.0,-0.004590363415957225,0.12555159667881702,-0.036561569405606044,-0.8774776657345451,intraday_momentum,0.06386066050824428,False,False,False,False,False,,,,,False,False
vwap__ts_mean__w20,571.0,0.0057074896866263596,0.1554498713629726,0.03671594988521718,0.877349883046113,vwap,0.06384668892991208,False,False,False,False,False,,,,,False,False
volume_zscore__ts_argmax__w5,579.0,0.0035487349459216054,0.09766703298744951,0.03633503381205025,0.8743088018252598,volume_zscore,0.06346414014693395,False,False,False,False,False,,,,,False,False
insider_21d__ts_argmax__w10,579.0,-0.004342280064920066,0.11975447745024409,-0.036259855642760484,-0.8724998332288593,insider_21d,0.06323931722613961,False,False,False,False,False,,,,,False,False
rev_growth_qoq__ts_decay_linear__w5,576.0,0.004066192904147729,0.11205531639809625,0.0362873715844223,0.8708969180261352,rev_growth_qoq,0.06304179786281613,False,False,False,False,False,,,,,False,False
rsi_below_30__ts_std__w5,565.0,-0.004039192831598773,0.1102755414579626,-0.036628184075963265,-0.8706419963549867,rsi_below_30,0.06301466047561544,False,False,False,False,False,,,,,False,False
volume_spike__ts_argmax__w5,578.0,0.003578144999511575,0.09891862826898024,0.03617261037811663,0.8696485351138952,volume_spike,0.06288660056532236,False,False,False,False,False,,,,,False,False
volume_zscore__ts_delta__w10,570.0,-0.0037383016040808364,0.10290950936651193,-0.03632610462427613,-0.8672738610087922,volume_zscore,0.0625968495970208,False,False,False,False,False,,,,,False,False
vol_zscore_60d__ts_argmax__w20,579.0,-0.003965895269331976,0.11066603616125757,-0.035836607209397575,-0.8623154521557028,vol_zscore_60d,0.06198513086126973,False,False,False,False,False,,,,,False,False
is_squeeze_setup__group_neutralize,579.0,0.0043521276325754745,0.12205674410942248,0.035656592876783945,0.857983871888765,is_squeeze_setup,0.06145762398864939,False,False,False,False,False,,,,,False,False
volume_zscore__ts_rank__w5,579.0,-0.003703960989325821,0.10416586114735149,-0.03555830046934717,-0.8556187188131109,volume_zscore,0.06117107530458525,False,False,False,False,False,,,,,False,False
volume_spike__ts_argmax__w10,579.0,0.0034488658780163456,0.0970770580317674,0.03552709515452912,0.8548678434582048,volume_spike,0.06108032211757309,False,False,False,False,False,,,,,False,False
rsi_below_30__ts_max__w5,576.0,-0.004226622876172858,0.11890625079466592,-0.0355458426106768,-0.8531002226562432,rsi_below_30,0.06086824215456104,False,False,False,False,False,,,,,False,False
volume_zscore__ts_min__w5,579.0,0.0039077540499760826,0.11080114342387135,0.03526817439985176,0.8486375838151113,volume_zscore,0.060331366489003196,False,False,False,False,False,,,,,False,False
rsi_below_30__ts_mean__w5,576.0,-0.00421287808071465,0.12007458606976427,-0.03508550992020022,-0.8420522380848053,rsi_below_30,0.05954868378251208,False,False,False,False,False,,,,,False,False
return_3d__ts_rank__w5,579.0,-0.0052955550006906545,0.15201364749082702,-0.03483604984223673,-0.838239621722604,return_3d,0.05909742957220647,False,False,False,False,False,,,,,False,False
return_1d__ts_argmax__w5,579.0,-0.004506382880887147,0.1297727280417875,-0.03472519187109997,-0.8355721107903529,return_1d,0.05878408544417598,False,False,False,False,False,,,,,False,False
eps_surprise__ts_rank__w5,344.0,0.004106056880628869,0.09119594723887751,0.045024554324475795,0.8350810794698196,eps_surprise,0.058872757717868804,False,False,False,False,False,,,,,False,False
volatility_5d__ts_decay_linear__w20,561.0,0.00947433325157553,0.26990265709983297,0.03510277873281964,0.8314247091248433,volatility_5d,0.05830631661116938,False,False,False,False,False,,,,,False,False
ma20_above_ma50__ts_std__w10,550.0,-0.003368405539929079,0.09518117372119202,-0.03538940956744165,-0.829955221829872,ma20_above_ma50,0.05813973721935225,False,False,False,False,False,,,,,False,False
low_52w_ratio__group_neutralize,348.0,0.006233076613505261,0.1406193406613688,0.04432588422182542,0.8268886480005889,low_52w_ratio,0.057913365784422285,False,False,False,False,False,,,,,False,False
eightk_exec_change_30d__ts_mean__w10,576.0,0.0027216392651956047,0.07915267346419508,0.03438467895120113,0.8252322948288271,eightk_exec_change_30d,0.057582903217010754,False,False,False,False,False,,,,,False,False
high_52w_ratio__ts_rank__w5,347.0,-0.007038433618564307,0.1594210144122891,-0.04414997385703339,-0.8224228878606954,high_52w_ratio,0.05739881448372094,False,False,False,False,False,,,,,False,False
volatility_5d__ts_max__w20,579.0,0.008579106149818156,0.2523033923478202,0.034003134361313615,0.8181976605697816,volatility_5d,0.05677495723470862,False,False,False,False,False,,,,,False,False
volatility_5d__ts_min__w5,579.0,0.008272783455266977,0.2444218703231432,0.03384633070817176,0.8144245853936464,volatility_5d,0.056345881696799445,False,False,False,False,False,,,,,False,False
rev_growth_qoq__ts_decay_linear__w10,571.0,0.0038337229085398587,0.1127118823561143,0.03401347602755114,0.8127726317324241,rev_growth_qoq,0.05616172085304448,False,False,False,False,False,,,,,False,False
post_earnings_3d__ts_delta__w5,422.0,-0.0034487015666165664,0.08766109697533221,-0.03934130059525754,-0.8081741195597305,post_earnings_3d,0.05571702934411837,False,False,False,False,False,,,,,False,False
sector_rel_ret__ts_std__w20,571.0,-0.007996390391988668,0.2382477944110629,-0.033563334392057484,-0.8020162244356172,sector_rel_ret,0.054955647648079906,False,False,False,False,False,,,,,False,False
eightk_material_agreement_30d__ts_rank__w5,551.0,-0.0028925467839342974,0.08564765132296169,-0.03377263403320928,-0.7927581825860508,eightk_material_agreement_30d,0.053941417729874624,False,False,False,False,False,,,,,False,False
obv_trend__ts_decay_linear__w10,571.0,0.004576499223389125,0.1380058414844098,0.033161634132031444,0.7924173531751644,obv_trend,0.053896731360382456,False,False,False,False,False,,,,,False,False
rsi_14__ts_std__w20,571.0,0.004245995026504413,0.12842203626305107,0.033062822783834406,0.7900561961015949,rsi_14,0.053638747769955884,False,False,False,False,False,,,,,False,False
eightk_days_since_last__ts_argmax__w5,579.0,-0.0029255666674227404,0.0892339840918146,-0.03278534178651675,-0.7888946255856987,eightk_days_since_last,0.05350940583007633,False,False,False,False,False,,,,,False,False
sector_rel_ret__group_neutralize,579.0,-0.003828826962089757,0.11712099299251029,-0.032691209869904404,-0.7866295839828047,sector_rel_ret,0.053263315526483876,False,False,False,False,False,,,,,False,False
return_60d__ts_argmax__w5,535.0,0.004580353649511829,0.13480198723860382,0.033978383726676505,0.7859222925724539,return_60d,0.05320293566077106,False,False,False,False,False,,,,,False,False
return_5d__ts_mean__w5,579.0,0.0058844747627369584,0.18064582345413094,0.032574651604005266,0.7838249101705208,return_5d,0.05295983989905019,False,False,False,False,False,,,,,False,False
vwap_dev_eod__ts_delta__w5,575.0,-0.00575838636239255,0.17619529667612796,-0.03268183924896295,-0.7836829745500771,vwap_dev_eod,0.052945890576524206,False,False,False,False,False,,,,,False,False
rsi_above_70__ts_delta__w10,563.0,0.0034843057328847586,0.10556972174467491,0.033004782766328664,0.7831249778354559,rsi_above_70,0.05288991946880403,False,False,False,False,False,,,,,False,False
rev_growth_qoq__ts_mean__w5,579.0,0.003653031641985222,0.11251326538601177,0.03246756397525537,0.7812481227959187,rev_growth_qoq,0.05268223269034656,False,False,False,False,False,,,,,False,False
return_3d__ts_mean__w10,576.0,0.0059121656703346025,0.18242682711953026,0.032408422399742856,0.7778021375938285,return_3d,0.0523138072375763,False,False,False,False,False,,,,,False,False
return_1d__ts_max__w20,579.0,0.007783451541493408,0.2423876658342646,0.03211158255393834,0.7726823487401223,return_1d,0.051767700685195976,False,False,False,False,False,,,,,False,False
return_5d__ts_decay_linear__w10,571.0,0.005901458066342904,0.182633941052061,0.03231304122523784,0.7721397111733462,return_5d,0.051712906014629044,False,False,False,False,False,,,,,False,False
post_earnings_1d__ts_delta__w5,344.0,-0.0035895751835238847,0.08642743937504248,-0.04153281885336569,-0.7703190341772894,post_earnings_1d,0.05164963456628832,False,False,False,False,False,,,,,False,False
vol_zscore_60d__ts_min__w5,579.0,0.0037679722330351485,0.11856190817381843,0.03178063082040725,0.7647188495150412,vol_zscore_60d,0.050928833337488766,False,False,False,False,False,,,,,False,False
return_5d__ts_mean__w10,576.0,0.005902791849088981,0.18542120467433915,0.0318345027444743,0.7640280658673833,return_5d,0.05085757523763576,False,False,False,False,False,,,,,False,False
eightk_days_since_last__ts_max__w5,579.0,0.0028148819568739884,0.08890806113553351,0.03166059321193516,0.7618304543045102,eightk_days_since_last,0.05062726046660216,False,False,False,False,False,,,,,False,False
insider_90d__ts_argmax__w5,548.0,-0.003476997887492422,0.1073151563546851,-0.03239987719908517,-0.7584616795189181,insider_90d,0.05028804544669813,False,False,False,False,False,,,,,False,False
low_52w_ratio__ts_argmax__w5,344.0,-0.00582998163979496,0.1442852801633992,-0.0404059349172186,-0.7494184507522281,low_52w_ratio,0.04947512941771518,False,False,False,False,False,,,,,False,False
vwap__ts_mean__w5,579.0,0.00482619095215154,0.155675547856357,0.031001599278807114,0.7459734662784742,vwap,0.048996914643671126,False,False,False,False,False,,,,,False,False
eightk_exec_change_30d__ts_mean__w20,571.0,0.0024665172191128443,0.07901456716522418,0.03121598089571521,0.7459247894619311,eightk_exec_change_30d,0.04899457522953147,False,False,False,False,False,,,,,False,False
premarket_gap__ts_rank__w20,571.0,-0.004874081627675998,0.15671967559710065,-0.031100636273689232,-0.7431685597862491,premarket_gap,0.04871552960263546,False,False,False,False,False,,,,,False,False
vwap__ts_max__w5,579.0,0.004796676975898132,0.1555372606996455,0.03083940757553193,0.7420707415833483,vwap,0.04860215529130573,False,False,False,False,False,,,,,False,False
return_20d__ts_argmax__w5,575.0,0.0041596440757944286,0.13510302613201802,0.03078868175557939,0.7382866526232542,return_20d,0.04822310304735747,False,False,False,False,False,,,,,False,False
vwap__cs_demean,579.0,0.004766663345389472,0.1556874533425133,0.03061687530402842,0.7367160768630099,vwap,0.04806467535503751,False,False,False,False,False,,,,,False,False
vwap__cs_zscore,579.0,0.004766663345389472,0.1556874533425133,0.03061687530402842,0.7367160768630099,vwap,0.04806467535503751,False,False,False,False,False,,,,,False,False
vwap__cs_rank,579.0,0.004766663345389472,0.1556874533425133,0.03061687530402842,0.7367160768630099,vwap,0.04806467535503751,False,False,False,False,False,,,,,False,False
vwap__signed_power_p05,579.0,0.004766663345389472,0.1556874533425133,0.03061687530402842,0.7367160768630099,vwap,0.04806467535503751,False,False,False,False,False,,,,,False,False
vwap__scale,579.0,0.004766663345389472,0.1556874533425133,0.03061687530402842,0.7367160768630099,vwap,0.04806467535503751,False,False,False,False,False,,,,,False,False
vwap__ts_max__w10,579.0,0.004748638205940845,0.1553220225269972,0.03057285843104099,0.735656924429554,vwap,0.04795892751052532,False,False,False,False,False,,,,,False,False
return_20d__ts_delta__w20,559.0,-0.0053498099353302036,0.1720514152942308,-0.031094251251472225,-0.735167005269777,return_20d,0.04791659978768994,False,False,False,False,False,,,,,False,False
days_to_earnings__ts_std__w5,579.0,-0.0026147509025981398,0.08558440679074018,-0.030551720817454366,-0.7351483023183442,days_to_earnings,0.047908211923516325,False,False,False,False,False,,,,,False,False
eightk_exec_change_30d__ts_decay_linear__w20,561.0,0.0024444184328078146,0.07907115522670646,0.03091416112233816,0.7322154640409563,eightk_exec_change_30d,0.047622432692668276,False,False,False,False,False,,,,,False,False
intraday_momentum__ts_delta__w20,560.0,0.004722844252620734,0.15274897355655878,0.030918991746101607,0.7316768879317425,intraday_momentum,0.04756936787640831,False,False,False,False,False,,,,,False,False
volume_zscore__ts_delta__w5,575.0,-0.0031996190365966314,0.10557297687538462,-0.030307178326262143,-0.72674060599874,volume_zscore,0.04707732195558131,False,False,False,False,False,,,,,False,False
vwap__ts_min__w5,579.0,0.004686096208100735,0.15569823177031084,0.030097298824907394,0.7242138100076468,vwap,0.04682826227642255,False,False,False,False,False,,,,,False,False
return_3d__ts_argmax__w20,579.0,0.003787491478091199,0.12620883502617009,0.030009717444153906,0.7221063901421564,return_3d,0.04662238401393121,False,False,False,False,False,,,,,False,False
vwap__ts_max__w20,579.0,0.0046490029439661025,0.1549283255402645,0.030007443298403606,0.7220516686946298,vwap,0.046617047852440176,False,False,False,False,False,,,,,False,False
eightk_filings_30d__ts_decay_linear__w10,571.0,-0.0027867891282414813,0.09236477356834391,-0.030171558058110098,-0.7209676725335067,eightk_filings_30d,0.04651393841039895,False,False,False,False,False,,,,,False,False
vwap__ts_decay_linear__w5,576.0,0.004668874586276352,0.15597942215101496,0.029932631637499447,0.7183831592999868,vwap,0.04626135333461421,False,False,False,False,False,,,,,False,False
vwap_dev_eod__ts_delta__w10,570.0,-0.005345270193336546,0.17789470439314642,-0.030047382307252523,-0.7173714202596654,vwap_dev_eod,0.046165259815164186,False,False,False,False,False,,,,,False,False
intraday_momentum__ts_rank__w20,571.0,-0.0038102988692564465,0.12693401507217353,-0.030017949618074753,-0.7172971057274939,intraday_momentum,0.046157755319036146,False,False,False,False,False,,,,,False,False
intraday_momentum__ts_delta__w5,575.0,-0.004079885234683864,0.13665129446114868,-0.02985617699980014,-0.7159259741062284,intraday_momentum,0.04602402136119499,False,False,False,False,False,,,,,False,False
volatility_10d__ts_min__w10,579.0,0.007909639784102057,0.2659703179475941,0.02973880636432726,0.7155876142734005,volatility_10d,0.045990146468047624,False,False,False,False,False,,,,,False,False
return_1d__ts_decay_linear__w20,561.0,0.00539651466978644,0.1808544440970763,0.029838993986179188,0.7067496588907279,return_1d,0.04514958114700573,False,False,False,False,False,,,,,False,False
vwap__ts_mean__w10,576.0,0.0045719322068399895,0.15586185519758666,0.029333233593582815,0.7039976062459876,vwap,0.044883992622631125,False,False,False,False,False,,,,,False,False
insider_net_shares__cs_rank,579.0,-0.0028746867405105778,0.09880635412498967,-0.02909414850864864,-0.7000755869473466,insider_net_shares,0.04451336269173392,False,False,False,False,False,,,,,False,False
insider_net_shares__scale,579.0,-0.0028746867405105778,0.09880635412498967,-0.02909414850864864,-0.7000755869473466,insider_net_shares,0.04451336269173392,False,False,False,False,False,,,,,False,False
insider_net_shares__cs_zscore,579.0,-0.0028746867405105778,0.09880635412498967,-0.02909414850864864,-0.7000755869473466,insider_net_shares,0.04451336269173392,False,False,False,False,False,,,,,False,False
insider_net_shares__cs_demean,579.0,-0.0028746867405105778,0.09880635412498967,-0.02909414850864864,-0.7000755869473466,insider_net_shares,0.04451336269173392,False,False,False,False,False,,,,,False,False
insider_net_shares__signed_power_p05,579.0,-0.0028746867405105778,0.09880635412498967,-0.02909414850864864,-0.7000755869473466,insider_net_shares,0.04451336269173392,False,False,False,False,False,,,,,False,False
premarket_gap__ts_min__w10,579.0,-0.006704223148629733,0.2309704815231887,-0.029026320179172553,-0.6984434732748838,premarket_gap,0.044360228495111904,False,False,False,False,False,,,,,False,False
vol_surge_eod__ts_std__w5,579.0,-0.003101529145089651,0.10798074026813513,-0.028722984648818017,-0.6911444866971597,vol_surge_eod,0.043680583955085214,False,False,False,False,False,,,,,False,False
post_earnings_3d__ts_delta__w10,438.0,-0.0029171144126112067,0.0884402089219762,-0.03298402896339544,-0.690304585669436,post_earnings_3d,0.043657424637286134,False,False,False,False,False,,,,,False,False
return_1d__group_neutralize,579.0,-0.0034986468079631124,0.12230455755012845,-0.02860602154199476,-0.6883300714329997,return_1d,0.04342077523594856,False,False,False,False,False,,,,,False,False
eightk_material_agreement_30d__ts_min__w10,575.0,0.0027992885589405835,0.09762086165474591,0.02867510603256895,0.6876048872266445,eightk_material_agreement_30d,0.04335520534713216,False,False,False,False,False,,,,,False,False
vwap__ts_min__w10,579.0,0.00444171183101506,0.1556732269005389,0.028532278282205274,0.6865556302299796,vwap,0.04325761256102296,False,False,False,False,False,,,,,False,False
volume_spike__ts_delta__w20,560.0,-0.0028490590112138473,0.09828907396464154,-0.028986528169334124,-0.6859464531393805,volume_spike,0.04320741197315337,False,False,False,False,False,,,,,False,False
volatility_10d__ts_max__w10,579.0,0.00733339802317484,0.2581059099449811,0.028412359967805684,0.6836701055233853,volatility_10d,0.04299334173374996,False,False,False,False,False,,,,,False,False
return_20d__ts_std__w20,570.0,0.0066241392334653116,0.23264349167762982,0.028473348580257168,0.6797918800945734,return_20d,0.04264283626627416,False,False,False,False,False,,,,,False,False
volume_zscore__ts_rank__w20,571.0,-0.0030034947121853764,0.10586689170210553,-0.028370481685972098,-0.67792986064542,volume_zscore,0.0424738229426325,False,False,False,False,False,,,,,False,False
insider_7d__ts_delta__w5,575.0,-0.002639512434305204,0.09417475430571988,-0.028027813332398448,-0.672083353545205,insider_7d,0.04194642032301137,False,False,False,False,False,,,,,False,False
ma20_above_ma50__ts_rank__w10,550.0,0.0029839309892587774,0.10476111326742601,0.02848319282023694,0.6679900824706445,ma20_above_ma50,0.04158860344740839,False,False,False,False,False,,,,,False,False
return_60d__ts_delta__w10,529.0,-0.004566915579906981,0.15816880154219168,-0.028873681379502344,-0.664094671728554,return_60d,0.04125009914606122,False,False,False,False,False,,,,,False,False
rsi_14__ts_argmax__w20,579.0,0.003907136287865513,0.14167855381095368,0.027577471556343894,0.6635806708896167,rsi_14,0.0411894189480796,False,False,False,False,False,,,,,False,False
eightk_other_events_30d__ts_argmax__w20,578.0,0.00246993106298656,0.08959921057751898,0.027566437774020763,0.6627421128276806,eightk_other_events_30d,0.04111575559615031,False,False,False,False,False,,,,,False,False
obv__ts_argmax__w20,579.0,-0.0036368190237671657,0.1324881401616319,-0.027450147759115237,-0.6605169523535435,obv,0.04091978666423778,False,False,False,False,False,,,,,False,False
vol_zscore_60d__ts_std__w20,571.0,0.0028519661478999298,0.10327717055716894,0.027614681274805333,0.6598695515858322,vol_zscore_60d,0.040865245579324624,False,False,False,False,False,,,,,False,False
obv__ts_delta__w10,570.0,0.0035812055381693603,0.1296996373737404,0.027611530846842813,0.6592162637196589,obv,0.040808284205667254,False,False,False,False,False,,,,,False,False
rev_growth_qoq__ts_min__w20,579.0,-0.003026073259520572,0.11077225695650823,-0.027317970606202224,-0.6573364503402571,rev_growth_qoq,0.040641393287493284,False,False,False,False,False,,,,,False,False
vwap__ts_min__w20,579.0,0.004246820839779657,0.15573221159442519,0.02727002202241686,0.656182691434859,vwap,0.04054078414226609,False,False,False,False,False,,,,,False,False
is_squeeze_setup__ts_delta__w5,575.0,0.0027218247174666805,0.10046083367234963,0.027093391702719093,0.6496767100067975,is_squeeze_setup,0.03997833274608707,False,False,False,False,False,,,,,False,False
ma5_above_ma20__ts_min__w5,579.0,0.004057334751605653,0.15043909575371542,0.026969949076588014,0.6489622105324636,ma5_above_ma20,0.03991573381427684,False,False,False,False,False,,,,,False,False
vwap__group_neutralize,579.0,-0.0021159533810627116,0.07849271924885526,-0.026957320389859863,-0.648658333783125,vwap,0.03988960108665426,False,False,False,False,False,,,,,False,False
days_to_earnings__ts_delta__w20,560.0,0.0027394526027138036,0.09997588107182064,0.027401134887181808,0.6484292005601675,days_to_earnings,0.03987525285742257,False,False,False,False,False,,,,,False,False
volatility_10d__ts_argmax__w20,579.0,0.0032577781977814572,0.12112912025273184,0.026895086755226262,0.6471608420011938,volatility_10d,0.039761023204480835,False,False,False,False,False,,,,,False,False
rsi_below_30__ts_delta__w10,552.0,0.002725053975736101,0.09934449972681274,0.027430345748679818,0.644467202483143,rsi_below_30,0.039538247118700576,False,False,False,False,False,,,,,False,False
premarket_gap__group_neutralize,579.0,-0.003382297991142346,0.12638843549546053,-0.026761135050712984,-0.6439376399840647,premarket_gap,0.0394854154272125,False,False,False,False,False,,,,,False,False
premarket_gap__ts_argmax__w10,579.0,-0.003338167915221497,0.12572084212326992,-0.026552223631690332,-0.6389107259209564,premarket_gap,0.03905868112490347,False,False,False,False,False,,,,,False,False
eightk_days_since_last__ts_decay_linear__w10,571.0,0.0023105161160962995,0.08684678116000591,0.026604510670803338,0.6357309125461649,eightk_days_since_last,0.038792851919683756,False,False,False,False,False,,,,,False,False
return_3d__ts_decay_linear__w10,571.0,0.004785396570325465,0.18084761549695152,0.026460932632015433,0.6323000282592987,return_3d,0.038505371865603405,False,False,False,False,False,,,,,False,False
eightk_days_since_last__ts_std__w10,576.0,-0.0022989602365653355,0.08735814691183003,-0.02631649500172732,-0.6315958800414556,eightk_days_since_last,0.03844523769664781,False,False,False,False,False,,,,,False,False
is_squeeze_setup__ts_min__w5,579.0,-0.0043048024289339916,0.16401454673567936,-0.026246467247027023,-0.6315534877329259,is_squeeze_setup,0.038440903636395324,False,False,False,False,False,,,,,False,False
sector_rel_ret__ts_max__w20,579.0,-0.005695863960653319,0.2172024980951794,-0.02622374977546233,-0.6310068504173542,sector_rel_ret,0.038395322976929075,False,False,False,False,False,,,,,False,False
vwap_dev_eod__ts_argmax__w5,579.0,0.003884764274863009,0.14835611778282803,0.02618539992095064,0.6300840601559847,vwap_dev_eod,0.03831847727707516,False,False,False,False,False,,,,,False,False
rsi_below_30__ts_decay_linear__w5,573.0,-0.003147003652548429,0.11971076825065698,-0.02628839241895984,-0.6292762485845609,rsi_below_30,0.03825290619309746,False,False,False,False,False,,,,,False,False
volume_zscore__ts_delta__w20,560.0,0.0027080801110580138,0.10297736324334444,0.026297819499015385,0.6223199931109111,volume_zscore,0.03768198891168129,False,False,False,False,False,,,,,False,False
return_5d__ts_min__w10,579.0,0.005241439685388435,0.20532605077928914,0.02552739735408737,0.6142509268002266,return_5d,0.03701939585734657,False,False,False,False,False,,,,,False,False
obv_trend__ts_min__w5,579.0,0.003265663852190624,0.12802962741510326,0.0255070948664292,0.6137623998388839,obv_trend,0.03697989292071487,False,False,False,False,False,,,,,False,False
volatility_10d__ts_mean__w10,576.0,0.00673365880111511,0.264095187560196,0.025497090133762043,0.611930163210289,volatility_10d,0.03683281341008303,False,False,False,False,False,,,,,False,False
days_to_earnings__ts_delta__w10,570.0,0.0025466614613113307,0.09937559663639887,0.02562662814120454,0.6118273611370438,days_to_earnings,0.036826097462406227,False,False,False,False,False,,,,,False,False
sector_rel_ret__ts_mean__w10,576.0,0.0039591858280659965,0.15558415765993022,0.025447229895474516,0.6107335174913884,sector_rel_ret,0.0367365111818545,False,False,False,False,False,,,,,False,False
low_52w_ratio__ts_delta__w10,338.0,0.005825211802954998,0.1754921016949293,0.033193583908872365,0.6102566151200562,low_52w_ratio,0.03680274694443161,False,False,False,False,False,,,,,False,False
vol_surge_eod__ts_std__w20,571.0,0.002868375314233297,0.11251462676911068,0.025493354922817638,0.6091791722646536,vol_surge_eod,0.03661302624222624,False,False,False,False,False,,,,,False,False
eightk_reg_fd_30d__ts_std__w10,576.0,0.002272759933761536,0.08957007956054304,0.02537409752131917,0.6089783405116601,eightk_reg_fd_30d,0.03659563287145606,False,False,False,False,False,,,,,False,False
premarket_gap__ts_rank__w10,576.0,-0.0039015253611245785,0.15463134424215397,-0.025231141721271964,-0.6055474013105271,premarket_gap,0.03632152716799271,False,False,False,False,False,,,,,False,False
eightk_exec_change_30d__ts_argmax__w20,578.0,-0.001960773512577471,0.07797366513514754,-0.025146612118065355,-0.604565558386762,eightk_exec_change_30d,0.03624288749467459,False,False,False,False,False,,,,,False,False
sector_rel_ret__ts_decay_linear__w5,576.0,-0.0037877926983257517,0.1506767205045789,-0.025138539554360986,-0.6033249493046636,sector_rel_ret,0.036144869112193286,False,False,False,False,False,,,,,False,False
bb_pct__ts_max__w10,579.0,0.0038238237017165335,0.15406952614101707,0.024818819123365487,0.597200820638045,bb_pct,0.035660962750230146,False,False,False,False,False,,,,,False,False
vwap__ts_decay_linear__w20,561.0,0.003887174964296396,0.15533643565368746,0.025024231745362054,0.5927099036324378,vwap,0.03531462951817726,False,False,False,False,False,,,,,False,False
ma_5__ts_rank__w20,571.0,0.004126524157982509,0.1664143892628861,0.024796678798392893,0.5925316738832712,ma_5,0.03529817448851447,False,False,False,False,False,,,,,False,False
return_60d__ts_argmax__w10,530.0,-0.0030593260764917,0.11936400390005478,-0.025630223321373487,-0.5900520520910363,return_60d,0.03511685744487396,False,False,False,False,False,,,,,False,False
insider_90d__ts_min__w5,579.0,-0.004424699590697785,0.18077275711421054,-0.024476584090058998,-0.5889658179279722,insider_90d,0.035019643520287004,False,False,False,False,False,,,,,False,False
vol_zscore_60d__ts_delta__w5,575.0,0.002870705589053984,0.11717442802554551,0.0244994205427496,0.5874754667090687,vol_zscore_60d,0.03490558314343786,False,False,False,False,False,,,,,False,False
volatility_10d__ts_decay_linear__w20,561.0,0.0066871260340919374,0.26984400282024823,0.024781451372652693,0.5869595440299264,volatility_10d,0.03486938743780772,False,False,False,False,False,,,,,False,False
eightk_filings_30d__ts_mean__w10,576.0,-0.002255037220192035,0.0926331647453742,-0.024343735058502836,-0.5842496414040681,eightk_filings_30d,0.0346573788313734,False,False,False,False,False,,,,,False,False
volatility_10d__ts_min__w20,579.0,0.006568956816547431,0.2715577390351065,0.024189908340996345,0.5820677059853269,volatility_10d,0.03448975258432006,False,False,False,False,False,,,,,False,False
eps_surprise__ts_delta__w10,481.0,-0.0021141693410459154,0.07972982656551443,-0.02651666800389552,-0.5815559311501007,eps_surprise,0.03447929500263843,False,False,False,False,False,,,,,False,False
rsi_14__group_neutralize,579.0,0.0024315123011611106,0.10085707790812556,0.024108494431854005,0.5801086904048722,rsi_14,0.0343404744048205,False,False,False,False,False,,,,,False,False
eightk_exec_change_30d__ts_max__w5,579.0,-0.0018856013559950685,0.07838859040829084,-0.024054538373171667,-0.5788103771223861,eightk_exec_change_30d,0.03424183509957543,False,False,False,False,False,,,,,False,False
bb_pct__ts_decay_linear__w5,576.0,0.00397349343601984,0.16478941334161018,0.02411255283604139,0.5787012680649934,bb_pct,0.03423428310681879,False,False,False,False,False,,,,,False,False
insider_60d__ts_std__w5,579.0,0.00318369399657044,0.13266993965499724,0.02399710141460459,0.5774283049689645,insider_60d,0.03413708833308976,False,False,False,False,False,,,,,False,False
volatility_5d__ts_rank__w10,576.0,0.0027564465814670595,0.1150901989957816,0.023950315539623766,0.5748075729509704,volatility_5d,0.03393990955170113,False,False,False,False,False,,,,,False,False
vol_10d_self_rank__ts_std__w10,576.0,-0.002622027808820417,0.109695795208617,-0.02390271936890474,-0.5736652648537137,vol_10d_self_rank,0.033853944244254086,False,False,False,False,False,,,,,False,False
insider_90d__ts_min__w10,579.0,-0.004311276436172945,0.18120140620459008,-0.02379273167066479,-0.5725106745938943,insider_90d,0.03376651776913781,False,False,False,False,False,,,,,False,False
volatility_5d__ts_min__w20,579.0,0.005965945300297501,0.25147245206700397,0.02372405108893556,0.5708580536707666,volatility_5d,0.033642729417016425,False,False,False,False,False,,,,,False,False
insider_60d__ts_std__w20,571.0,0.0037835445984442818,0.15857555926881375,0.023859569632861906,0.5701388822123391,insider_60d,0.033590903291291566,False,False,False,False,False,,,,,False,False
eightk_filings_30d__ts_min__w20,579.0,-0.002109413227731629,0.08978086825256423,-0.023495130630699624,-0.5653496737257018,eightk_filings_30d,0.03323282348337316,False,False,False,False,False,,,,,False,False
vol_10d_self_rank__ts_delta__w5,575.0,0.0027163273056194973,0.115545022395079,0.02350882149065371,0.563721735904043,vol_10d_self_rank,0.03311341684274124,False,False,False,False,False,,,,,False,False
volatility_5d__ts_min__w10,579.0,0.005745550719417173,0.24550136067286307,0.023403335540259054,0.5631408618128882,volatility_5d,0.0330696148331161,False,False,False,False,False,,,,,False,False
return_5d__ts_decay_linear__w5,576.0,0.00419198670009094,0.17873451907102386,0.023453705092216504,0.5628889222131961,return_5d,0.03305174795896116,False,False,False,False,False,,,,,False,False
volatility_10d__ts_decay_linear__w10,571.0,0.006179306356128753,0.2632490380051803,0.023473234329567255,0.560907165908613,volatility_10d,0.03290713469466187,False,False,False,False,False,,,,,False,False
rsi_14__ts_argmax__w5,579.0,0.003385343981473206,0.14704653556186642,0.023022262772378618,0.5539713292670486,rsi_14,0.03239912880377168,False,False,False,False,False,,,,,False,False
premarket_gap__ts_delta__w20,560.0,-0.004576894530185832,0.19557160456603032,-0.023402653674299365,-0.5538078650936177,premarket_gap,0.03239180963330302,False,False,False,False,False,,,,,False,False
volume_zscore__ts_std__w5,579.0,-0.0023176165987491113,0.10106108161422474,-0.022932829945319897,-0.5518193591251185,volume_zscore,0.032243410829942656,False,False,False,False,False,,,,,False,False
insider_60d__ts_min__w10,579.0,-0.00402590461518686,0.1756956620502591,-0.02291408090676262,-0.5513682119066741,insider_60d,0.03221084399609075,False,False,False,False,False,,,,,False,False
eightk_filings_30d__ts_min__w5,579.0,-0.002128598980338694,0.09337628623747156,-0.02279592674017159,-0.5485251368635291,eightk_filings_30d,0.03200623611419604,False,False,False,False,False,,,,,False,False
insider_90d__ts_delta__w5,575.0,-0.0022738202458007753,0.1004099108190625,-0.02264537660926891,-0.5430170550001018,insider_90d,0.03161380128954253,False,False,False,False,False,,,,,False,False
eightk_other_events_30d__ts_delta__w5,575.0,-0.001861912634537146,0.082569956881042,-0.022549516856592178,-0.5407184188815816,eightk_other_events_30d,0.03145083226062017,False,False,False,False,False,,,,,False,False
return_1d__ts_max__w5,579.0,0.0047145997775863485,0.21007482748171105,0.022442478397354856,0.5400203148035387,return_1d,0.03140056942542142,False,False,False,False,False,,,,,False,False
eightk_other_events_30d__ts_rank__w10,576.0,0.002003019064904966,0.08941512295917796,0.022401345528758426,0.5376322926902022,eightk_other_events_30d,0.031232898053610264,False,False,False,False,False,,,,,False,False
return_60d__ts_delta__w5,534.0,-0.0039552530413802,0.17061971565233813,-0.023181688155192975,-0.5356926502174022,return_60d,0.031106930422193625,False,False,False,False,False,,,,,False,False
obv_trend__group_neutralize,579.0,-0.002100582989365877,0.09588921720081164,-0.021906352462621802,-0.5271198280158136,obv_trend,0.0304999871261028,False,False,False,False,False,,,,,False,False
return_60d__group_neutralize,539.0,0.0032576598222788336,0.14433306551665015,0.022570433258781112,0.5240036093259481,return_60d,0.03029507896430515,False,False,False,False,False,,,,,False,False
days_to_earnings__ts_delta__w5,575.0,0.0021528204628746945,0.09921772263135058,0.02169794272414041,0.5202983885373321,days_to_earnings,0.03003337525816864,False,False,False,False,False,,,,,False,False
vol_10d_self_rank__ts_min__w20,579.0,0.0024588212106668107,0.11400689475749395,0.021567302713550895,0.5189614709491132,vol_10d_self_rank,0.029941579118635542,False,False,False,False,False,,,,,False,False
eightk_exec_change_30d__ts_delta__w5,575.0,-0.0017650025872072322,0.08194696583390854,-0.02153835189925846,-0.5164715349933305,eightk_exec_change_30d,0.029773720378869144,False,False,False,False,False,,,,,False,False
eightk_filings_30d__ts_mean__w20,571.0,0.0019432802549040127,0.08996124829044769,0.02160130380394416,0.516176251064786,eightk_filings_30d,0.02975464322566273,False,False,False,False,False,,,,,False,False
low_52w_ratio__ts_rank__w5,347.0,0.004315474081953777,0.15622856922703662,0.027622822786544148,0.5145561752887603,low_52w_ratio,0.029726908458942828,False,False,False,False,False,,,,,False,False
bb_width__ts_rank__w5,579.0,0.0023317892149546196,0.10918061280147394,0.021357172808643004,0.5139052371682945,bb_width,0.029599776281016395,False,False,False,False,False,,,,,False,False
insider_60d__ts_max__w20,579.0,0.0036134374315139996,0.16986977047565358,0.021271809701019714,0.5118511943199444,insider_60d,0.029461850826605736,False,False,False,False,False,,,,,False,False
insider_60d__ts_min__w5,579.0,-0.0037035114977544254,0.1744140916383919,-0.02123401534225123,-0.510941770629807,insider_60d,0.029400955288507283,False,False,False,False,False,,,,,False,False
return_5d__ts_argmax__w10,579.0,0.002955704531854632,0.1408621293453723,0.02098296075453821,0.5049007899908042,return_5d,0.028999096332197723,False,False,False,False,False,,,,,False,False
ma_5__ts_argmax__w5,579.0,0.00323644146194931,0.15441933433441102,0.02095878392365338,0.5043190369600464,ma_5,0.028960639084383594,False,False,False,False,False,,,,,False,False
vol_surge_eod__ts_max__w5,579.0,0.0023550732347248724,0.11280676002853147,0.020877057670384464,0.5023525056243987,vol_surge_eod,0.02883095376869109,False,False,False,False,False,,,,,False,False
days_to_earnings__ts_rank__w10,576.0,0.002061060709132567,0.09864929179548539,0.020892807962630402,0.5014273911031296,days_to_earnings,0.028770746098166877,False,False,False,False,False,,,,,False,False
post_earnings_5d__ts_rank__w5,471.0,-0.0020612908315713625,0.08954407084403904,-0.02301984723434743,-0.49958902681329825,post_earnings_5d,0.02867731227210774,False,False,False,False,False,,,,,False,False
return_5d__ts_max__w20,579.0,0.004696828989731979,0.2264045574966863,0.020745293476703633,0.49918194040911734,return_5d,0.02862288422463638,False,False,False,False,False,,,,,False,False
premarket_gap__ts_decay_linear__w10,571.0,-0.0033115800043184993,0.15954245774298287,-0.020756731788934422,-0.49599469070997265,premarket_gap,0.028416666330650132,False,False,False,False,False,,,,,False,False
insider_7d__ts_delta__w10,570.0,-0.0019752896300512307,0.0951828330067022,-0.02075258287292355,-0.49546112527786595,insider_7d,0.028382197307021826,False,False,False,False,False,,,,,False,False
rev_growth_qoq__ts_mean__w10,576.0,0.0022986270323373387,0.11197703971509276,0.02052766386918085,0.4926639328603404,rev_growth_qoq,0.02819968351909069,False,False,False,False,False,,,,,False,False
ma_10__ts_delta__w5,575.0,0.0034834130971002717,0.1699838480910572,0.020492612305342515,0.49139558044493886,ma_10,0.028118028416016436,False,False,False,False,False,,,,,False,False
sector_rel_ret__ts_mean__w5,579.0,0.0029828789923464706,0.1485244606173379,0.020083419121323283,0.4832556424564361,sector_rel_ret,0.027596527909892494,False,False,False,False,False,,,,,False,False
insider_90d__ts_mean__w5,579.0,-0.003616430207704751,0.18065131630440306,-0.0200188422740909,-0.48170176731154296,insider_90d,0.027498053971735402,False,False,False,False,False,,,,,False,False
insider_21d__ts_max__w20,579.0,-0.0029561945185510186,0.14797460347129396,-0.019977715426853632,-0.48071215588811994,insider_21d,0.027435492093085843,False,False,False,False,False,,,,,False,False
days_to_earnings__ts_rank__w5,579.0,0.001961408091151922,0.09862911491290675,0.019886704781685607,0.4785222196260045,days_to_earnings,0.02729746935746233,False,False,False,False,False,,,,,False,False
ma5_above_ma20__ts_max__w5,579.0,0.002927918998267858,0.14821259478277654,0.019754859582338982,0.4753497052184651,ma5_above_ma20,0.02709854682384947,False,False,False,False,False,,,,,False,False
return_60d__ts_argmax__w20,520.0,0.0026691318653705976,0.12805858846319643,0.020843052366907016,0.475294721856036,return_60d,0.027108258222231098,False,False,False,False,False,,,,,False,False
beta_60d__ts_argmax__w10,539.0,0.003076875339169993,0.15045698079682648,0.020450199936717674,0.4747794805448959,beta_60d,0.027071512333208456,False,False,False,False,False,,,,,False,False
volume_zscore__group_neutralize,579.0,-0.0016948511985366728,0.08642358082897898,-0.019610980964680957,-0.4718876376595478,volume_zscore,0.02688285112264282,False,False,False,False,False,,,,,False,False
insider_7d__ts_argmax__w20,579.0,-0.0024162071795719776,0.12466772888391212,-0.019381175876091377,-0.4663579713684029,insider_7d,0.02654131401212308,False,False,False,False,False,,,,,False,False
insider_90d__ts_rank__w5,579.0,-0.0018994967858894352,0.09830136775724048,-0.019323197929252883,-0.4649628817286118,insider_90d,0.02645572225580016,False,False,False,False,False,,,,,False,False
return_3d__ts_mean__w5,579.0,0.0034170026949217995,0.17777988424659014,0.019220412418438946,0.46248961371764524,return_3d,0.026304549126318,False,False,False,False,False,,,,,False,False
rev_growth_qoq__ts_rank__w10,417.0,0.0019555798909179456,0.08686151975212163,0.022513765548871596,0.4597441022373702,rev_growth_qoq,0.026181359853758326,False,False,False,False,False,,,,,False,False
return_1d__ts_std__w20,571.0,0.005120803170272429,0.2665911646106275,0.019208450429149336,0.4589975689093232,return_1d,0.026093911509373742,False,False,False,False,False,,,,,False,False
ma_10__ts_rank__w10,576.0,0.003028991049551074,0.15965942285254578,0.018971577094754458,0.455317850274107,ma_10,0.025870851703840275,False,False,False,False,False,,,,,False,False
days_to_earnings__group_neutralize,579.0,-0.0019213420428657135,0.10182765486530612,-0.018868568125301462,-0.45402338897286276,days_to_earnings,0.025792528149631514,False,False,False,False,False,,,,,False,False
eightk_other_events_30d__ts_argmax__w10,577.0,-0.0016340983637577557,0.08664558651311702,-0.018859568381020476,-0.4530223784341227,eightk_other_events_30d,0.02573292981215343,False,False,False,False,False,,,,,False,False
obv__ts_rank__w20,571.0,-0.0025821936980128827,0.1365129796177157,-0.018915371309335804,-0.451994265650235,obv,0.025672613302257133,False,False,False,False,False,,,,,False,False
return_1d__ts_min__w20,579.0,-0.004358037932394192,0.23342707273878902,-0.018669805011310533,-0.4492406676758529,return_1d,0.025506985180244662,False,False,False,False,False,,,,,False,False
eightk_days_since_last__ts_argmax__w10,579.0,-0.0018659701878729175,0.10000294561141514,-0.018659152252610455,-0.4489843365343057,eightk_days_since_last,0.02549175650731244,False,False,False,False,False,,,,,False,False
insider_90d__ts_min__w20,579.0,-0.003363032896603949,0.18208690822509296,-0.018469383270798473,-0.44441803581280725,insider_90d,0.025221745917935887,False,False,False,False,False,,,,,False,False
ma20_above_ma50__group_neutralize,550.0,-0.0020652507004091957,0.1098116290326362,-0.01880721303019191,-0.44106824197584354,ma20_above_ma50,0.025030933227837938,False,False,False,False,False,,,,,False,False
insider_7d__ts_max__w10,579.0,-0.002217219418687648,0.121265627850362,-0.018283989107149366,-0.4399570037982536,insider_7d,0.024960279473143637,False,False,False,False,False,,,,,False,False
insider_90d__signed_power_p05,579.0,-0.003256483455898214,0.17985165812992912,-0.018106496708224132,-0.43568610735599,insider_90d,0.024712091317083486,False,False,False,False,False,,,,,False,False
insider_90d__cs_demean,579.0,-0.003256483455898214,0.17985165812992912,-0.018106496708224132,-0.43568610735599,insider_90d,0.024712091317083486,False,False,False,False,False,,,,,False,False
insider_90d__scale,579.0,-0.003256483455898214,0.17985165812992912,-0.018106496708224132,-0.43568610735599,insider_90d,0.024712091317083486,False,False,False,False,False,,,,,False,False
insider_90d__cs_rank,579.0,-0.003256483455898214,0.17985165812992912,-0.018106496708224132,-0.43568610735599,insider_90d,0.024712091317083486,False,False,False,False,False,,,,,False,False
insider_90d__cs_zscore,579.0,-0.003256483455898214,0.17985165812992912,-0.018106496708224132,-0.43568610735599,insider_90d,0.024712091317083486,False,False,False,False,False,,,,,False,False
ma_5__ts_delta__w10,570.0,0.0030908073958417145,0.1703861071020321,0.01814002003103956,0.43308704232996215,ma_5,0.024563764452647005,False,False,False,False,False,,,,,False,False
rsi_below_30__ts_rank__w10,576.0,0.0018467713135909033,0.10301854637423889,0.017926590682827884,0.4302381763878692,rsi_below_30,0.024399068575053282,False,False,False,False,False,,,,,False,False
return_5d__ts_std__w10,576.0,0.004180998389006136,0.23383221092027684,0.017880335530127682,0.42912805272306437,return_5d,0.02433558130926107,False,False,False,False,False,,,,,False,False
is_squeeze_setup__ts_delta__w20,560.0,0.0020203479716891437,0.11205956174793336,0.018029233205763485,0.4266495282936225,is_squeeze_setup,0.02419737879730145,False,False,False,False,False,,,,,False,False
insider_60d__cs_demean,579.0,-0.003050972006215996,0.1730229054562836,-0.017633341655951224,-0.4243008523161805,insider_60d,0.02406057901132197,False,False,False,False,False,,,,,False,False
insider_60d__cs_zscore,579.0,-0.003050972006215996,0.1730229054562836,-0.017633341655951224,-0.4243008523161805,insider_60d,0.02406057901132197,False,False,False,False,False,,,,,False,False
insider_60d__cs_rank,579.0,-0.003050972006215996,0.1730229054562836,-0.017633341655951224,-0.4243008523161805,insider_60d,0.02406057901132197,False,False,False,False,False,,,,,False,False
insider_60d__scale,579.0,-0.003050972006215996,0.1730229054562836,-0.017633341655951224,-0.4243008523161805,insider_60d,0.02406057901132197,False,False,False,False,False,,,,,False,False
insider_60d__signed_power_p05,579.0,-0.003050972006215996,0.1730229054562836,-0.017633341655951224,-0.4243008523161805,insider_60d,0.02406057901132197,False,False,False,False,False,,,,,False,False
eightk_exec_change_30d__ts_rank__w20,571.0,-0.0014045433666197901,0.08004732127079629,-0.01754641310067437,-0.41928217926764344,eightk_exec_change_30d,0.02377947189113673,False,False,False,False,False,,,,,False,False
volatility_10d__ts_std__w10,576.0,0.003322654199950925,0.19026524549199886,0.017463274448042333,0.419118586753016,volatility_10d,0.02376938840242395,False,False,False,False,False,,,,,False,False
days_to_earnings__ts_rank__w20,571.0,0.001727967043460128,0.09905557514007188,0.017444419872547863,0.4168449892440152,days_to_earnings,0.02364325206329499,False,False,False,False,False,,,,,False,False
vol_zscore_60d__ts_max__w20,579.0,0.001964327329443228,0.114970653452039,0.017085467208052915,0.41111766788403104,vol_zscore_60d,0.023324280597999042,False,False,False,False,False,,,,,False,False
insider_net_shares__ts_rank__w10,576.0,0.001830042844345676,0.10699925734821691,0.017103322861298093,0.4104797486711542,insider_net_shares,0.023289673833433673,False,False,False,False,False,,,,,False,False
obv_trend__ts_decay_linear__w5,576.0,-0.0023136682253753465,0.1354125147232433,-0.017086073839659738,-0.4100657721518337,obv_trend,0.0232668919232552,False,False,False,False,False,,,,,False,False
eightk_days_since_last__ts_std__w20,571.0,-0.0015279657265098749,0.08931775676108096,-0.017107076822328635,-0.4087839725310737,eightk_days_since_last,0.023197372843494806,False,False,False,False,False,,,,,False,False
post_earnings_1d__ts_rank__w5,417.0,-0.001737866735392236,0.08890676005499511,-0.019547070822480122,-0.39916248160014417,post_earnings_1d,0.022712185432793373,False,False,False,False,False,,,,,False,False
insider_90d__ts_max__w5,579.0,-0.0029557792181868184,0.17910141264361826,-0.016503383052976377,-0.397111315149672,insider_90d,0.02256288671729483,False,False,False,False,False,,,,,False,False
eightk_filings_30d__ts_decay_linear__w20,561.0,-0.0014965957406341403,0.08971268336034713,-0.01668209760957427,-0.39512279806113304,eightk_filings_30d,0.022459712789543864,False,False,False,False,False,,,,,False,False
volume_zscore__ts_mean__w5,579.0,0.0019258302776792129,0.11786007509736988,0.016339971581455313,0.3931792398801369,volume_zscore,0.022352944430910477,False,False,False,False,False,,,,,False,False
beta_60d__group_neutralize,579.0,0.0027645050736773156,0.17222542384199116,0.016051666542644834,0.38624192328518225,beta_60d,0.021986565635996564,False,False,False,False,False,,,,,False,False
bb_pct__ts_max__w20,579.0,0.0023161668090985045,0.14585184346621266,0.015880271061743945,0.38211773343799893,bb_pct,0.021771169604322446,False,False,False,False,False,,,,,False,False
return_3d__group_neutralize,579.0,0.001989603450874062,0.12553556477692063,0.0158489226093787,0.3813634138474818,return_3d,0.021731966943035707,False,False,False,False,False,,,,,False,False
ma_10__ts_argmax__w5,579.0,0.0024443297579231716,0.1549194304704315,0.015778070901117245,0.3796585503684005,ma_10,0.021643583441788298,False,False,False,False,False,,,,,False,False
low_52w_ratio__ts_argmax__w10,339.0,-0.00288793260607504,0.14154846664227558,-0.020402429461659145,-0.37564856497925586,low_52w_ratio,0.021505166173763145,False,False,False,False,False,,,,,False,False
obv__ts_delta__w5,575.0,-0.0020118646841639424,0.12938985806340222,-0.015548859194034436,-0.37284854537150575,obv,0.02129423086856811,False,False,False,False,False,,,,,False,False
volume_zscore__ts_decay_linear__w5,576.0,0.0018056742220494662,0.11727321348909941,0.015397158211387329,0.36953179707329586,volume_zscore,0.021125328802903933,False,False,False,False,False,,,,,False,False
volume_spike__ts_rank__w10,576.0,-0.0014703212448013018,0.09707014863013293,-0.01514699694551491,-0.36352792669235784,volume_spike,0.020822769001309062,False,False,False,False,False,,,,,False,False
insider_60d__ts_min__w20,579.0,-0.002683520261812509,0.17823918532538532,-0.015055725579723657,-0.36227717470439164,insider_60d,0.020759713613229643,False,False,False,False,False,,,,,False,False
volatility_5d__ts_mean__w20,571.0,0.004057084995673702,0.27410986466080406,0.014800944871845903,0.3536775513879411,volatility_5d,0.020335134459623188,False,False,False,False,False,,,,,False,False
rev_growth_qoq__ts_mean__w20,571.0,0.0016314415834217397,0.11030911875173528,0.014789725472229604,0.353409457031892,rev_growth_qoq,0.020321977135915933,False,False,False,False,False,,,,,False,False
return_60d__ts_delta__w20,519.0,0.002617211180405421,0.1695766006091437,0.015433799067819614,0.35160619697690987,return_60d,0.020243016468935005,False,False,False,False,False,,,,,False,False
vwap_dev_eod__ts_argmax__w10,579.0,0.002214462742334612,0.1518729520547539,0.014581021257401017,0.3508546404797631,vwap_dev_eod,0.020195668378875604,False,False,False,False,False,,,,,False,False
insider_60d__ts_mean__w5,579.0,-0.0024964198807650236,0.17437340918190306,-0.014316517022161362,-0.3444900287888447,insider_60d,0.019887062609979342,False,False,False,False,False,,,,,False,False
insider_90d__ts_decay_linear__w5,576.0,-0.002569079478880624,0.1804590871213335,-0.014236354177904477,-0.34167250026970747,insider_90d,0.019752201187322165,False,False,False,False,False,,,,,False,False
eightk_other_events_30d__ts_max__w10,579.0,0.001264852620675084,0.08944319655992766,0.014141406717587766,0.3402764512985653,eightk_other_events_30d,0.0196849660742623,False,False,False,False,False,,,,,False,False
eightk_other_events_30d__ts_argmax__w5,544.0,-0.0011630452463120694,0.07984566453982749,-0.014566166529078552,-0.33973846529345114,eightk_other_events_30d,0.019665077785319784,False,False,False,False,False,,,,,False,False
insider_60d__ts_max__w5,579.0,-0.00243578162905536,0.1726362850808839,-0.014109326019811783,-0.3395045121122878,insider_60d,0.019648131145602963,False,False,False,False,False,,,,,False,False
sector_rel_ret__ts_std__w5,579.0,0.0030216470761333957,0.21877770215777878,0.01381149471052692,0.33233797040728086,sector_rel_ret,0.019308949181212825,False,False,False,False,False,,,,,False,False
ma_5__ts_rank__w10,576.0,-0.002130732654995746,0.1567664671760103,-0.013591762915748148,-0.3262023099779555,ma_5,0.0190229824020864,False,False,False,False,False,,,,,False,False
insider_21d__ts_rank__w5,579.0,-0.0012562844567871885,0.09267695963887587,-0.01355552082936702,-0.3261786196690065,insider_21d,0.019021426843721562,False,False,False,False,False,,,,,False,False
return_3d__ts_max__w20,579.0,0.0031649288342959583,0.23669679073213282,0.013371236781480802,0.32174429972489044,return_3d,0.018816692635206182,False,False,False,False,False,,,,,False,False
eightk_exec_change_30d__ts_max__w10,579.0,0.0010578859072510366,0.07936270411875762,0.013329761365842902,0.32074630090262013,eightk_exec_change_30d,0.018770874179195082,False,False,False,False,False,,,,,False,False
ma_10__ts_rank__w5,579.0,-0.0020274974639309944,0.15272303115107277,-0.013275649708166184,-0.31944424353196155,ma_10,0.018711239141065848,False,False,False,False,False,,,,,False,False
high_52w_ratio__ts_delta__w20,328.0,-0.0029884020262136227,0.16956075118276853,-0.017624373596885293,-0.31919098147643316,high_52w_ratio,0.01876598816078883,False,False,False,False,False,,,,,False,False
bb_lower__ts_rank__w10,576.0,-0.0017491026593899027,0.1320734304244206,-0.013243410531316757,-0.31784185275160215,bb_lower,0.018638519664728077,False,False,False,False,False,,,,,False,False
volatility_5d__ts_delta__w20,560.0,0.0019267099870159921,0.14416379890561037,0.013364728188645222,0.3162671929738622,volatility_5d,0.018569324568740622,False,False,False,False,False,,,,,False,False
atr__group_neutralize,579.0,-0.00132594472696808,0.1009886643003339,-0.01312963921400925,-0.31593087786783147,atr,0.01855112927889203,False,False,False,False,False,,,,,False,False
bb_pct__ts_max__w5,579.0,0.0021193569763588945,0.16210052066875513,0.013074337871435353,0.3146001938009,bb_pct,0.018490793312538296,False,False,False,False,False,,,,,False,False
bb_lower__ts_delta__w10,570.0,-0.001999300611162626,0.15248031452119024,-0.0131118604879634,-0.3130413785904589,bb_lower,0.018421676447976803,False,False,False,False,False,,,,,False,False
eightk_other_events_30d__ts_rank__w5,577.0,-0.001046184865208554,0.08070451339551174,-0.012963151888190878,-0.31138559386655795,eightk_other_events_30d,0.018346021698345438,False,False,False,False,False,,,,,False,False
insider_90d__ts_delta__w20,560.0,0.001487978340389795,0.11309413542469852,0.013156989394737764,0.31135119585865656,insider_90d,0.01834707149889325,False,False,False,False,False,,,,,False,False
premarket_gap__ts_mean__w10,576.0,0.002050595496094131,0.158884268947625,0.012906221048039025,0.3097493051529366,premarket_gap,0.018272700417598126,False,False,False,False,False,,,,,False,False
eightk_exec_change_30d__ts_mean__w5,579.0,-0.0010015634250067134,0.07826251397819524,-0.012797485975032179,-0.3079384675154813,eightk_exec_change_30d,0.018191244794696675,False,False,False,False,False,,,,,False,False
rev_growth_qoq__ts_min__w10,579.0,-0.0014003841142249047,0.1100541017261104,-0.01272450633153151,-0.30618240076742886,rev_growth_qoq,0.01811297485098514,False,False,False,False,False,,,,,False,False
insider_90d__ts_rank__w20,571.0,-0.0014279535779292086,0.1114895336228867,-0.012807960815041715,-0.30605398902291203,insider_90d,0.018108444973377817,False,False,False,False,False,,,,,False,False
sector_rel_ret__ts_decay_linear__w10,571.0,0.0019505827516723318,0.15247425756696184,0.01279286604045734,0.305693290232397,sector_rel_ret,0.018092407316379337,False,False,False,False,False,,,,,False,False
eightk_days_since_last__ts_mean__w10,576.0,0.0010800355907156901,0.08512211904171409,0.01268807218234803,0.3045137323763527,eightk_days_since_last,0.0180393048924177,False,False,False,False,False,,,,,False,False
return_60d__ts_rank__w20,530.0,0.0018880694276656312,0.1429868393910341,0.01320449795034788,0.30399037163040693,return_60d,0.018023449296051475,False,False,False,False,False,,,,,False,False
insider_net_shares__ts_rank__w20,571.0,0.0014518425222716709,0.11427470027584237,0.01270484646879087,0.3035900092019792,insider_net_shares,0.017999130774734955,False,False,False,False,False,,,,,False,False
insider_90d__ts_max__w20,579.0,0.00217482253314613,0.17805388374527434,0.012214406602090482,0.29390816743202275,insider_90d,0.017573877744550558,False,False,False,False,False,,,,,False,False
insider_7d__ts_rank__w20,571.0,-0.0011964825561287,0.09747236172142425,-0.01227509557579249,-0.2933208510598145,insider_7d,0.01754958334085421,False,False,False,False,False,,,,,False,False
macd_signal__ts_rank__w20,571.0,-0.0017971163787224892,0.14828645947796046,-0.012119221033728918,-0.28959613437192067,macd_signal,0.01738891573778289,False,False,False,False,False,,,,,False,False
eightk_material_agreement_30d__ts_min__w20,488.0,-0.0013120717578598798,0.10159087122829943,-0.012915252541848322,-0.28530725390572026,eightk_material_agreement_30d,0.017219465140354155,False,False,False,False,False,,,,,False,False
eightk_exec_change_30d__cs_zscore,579.0,0.0009069575937159057,0.07682135450356965,0.011806060952410857,0.2840823833816018,eightk_exec_change_30d,0.017152251934560277,False,False,False,False,False,,,,,False,False
eightk_exec_change_30d__signed_power_p05,579.0,0.0009069575937159057,0.07682135450356965,0.011806060952410857,0.2840823833816018,eightk_exec_change_30d,0.017152251934560277,False,False,False,False,False,,,,,False,False
eightk_exec_change_30d__scale,579.0,0.0009069575937159057,0.07682135450356965,0.011806060952410857,0.2840823833816018,eightk_exec_change_30d,0.017152251934560277,False,False,False,False,False,,,,,False,False
eightk_exec_change_30d__cs_rank,579.0,0.0009069575937159057,0.07682135450356965,0.011806060952410857,0.2840823833816018,eightk_exec_change_30d,0.017152251934560277,False,False,False,False,False,,,,,False,False
eightk_exec_change_30d__cs_demean,579.0,0.0009069575937159057,0.07682135450356965,0.011806060952410857,0.2840823833816018,eightk_exec_change_30d,0.017152251934560277,False,False,False,False,False,,,,,False,False
eightk_days_since_last__ts_max__w20,579.0,-0.0010653496902130976,0.09091826018573242,-0.011717664724740083,-0.2819553563283044,eightk_days_since_last,0.017062128553173034,False,False,False,False,False,,,,,False,False
rsi_below_30__ts_rank__w5,570.0,-0.0010951666109842398,0.09316900169703796,-0.011754624296023315,-0.2806378086327235,rsi_below_30,0.017007775863646848,False,False,False,False,False,,,,,False,False
eightk_days_since_last__ts_mean__w20,571.0,-0.001012142494948133,0.08626037834643065,-0.011733573563557344,-0.2803808542576974,eightk_days_since_last,0.01699680275693563,False,False,False,False,False,,,,,False,False
ma_50__group_neutralize,550.0,-0.0009590630974564906,0.08068776723716847,-0.011886102817016634,-0.27875381987908243,ma_50,0.016931464728345415,False,False,False,False,False,,,,,False,False
vol_zscore_60d__ts_min__w10,579.0,0.0013359846000246828,0.11647433905149979,0.01147020546245787,0.2760008879156515,vol_zscore_60d,0.016811985219902445,False,False,False,False,False,,,,,False,False
return_3d__ts_min__w20,579.0,-0.002715158702848708,0.23694559336541543,-0.011458996406240035,-0.27573117091023747,return_3d,0.016800729280246864,False,False,False,False,False,,,,,False,False
bb_width__group_neutralize,579.0,-0.0015983942516394332,0.13974726105458504,-0.01143775011815869,-0.27521993382781934,bb_width,0.01677941182523533,False,False,False,False,False,,,,,False,False
rev_growth_qoq__group_neutralize,579.0,-0.0010962221765391494,0.09599066838524394,-0.011420091087808958,-0.2747950148433942,rev_growth_qoq,0.01676171126597202,False,False,False,False,False,,,,,False,False
volatility_10d__ts_std__w5,579.0,0.0020329037408883194,0.17813700367157506,0.011412023886043983,0.27460089845573094,volatility_10d,0.01675363041246238,False,False,False,False,False,,,,,False,False
sector_rel_ret__ts_max__w10,579.0,0.002383074949998106,0.21064322890589673,0.011313323302040374,0.2722259236645686,sector_rel_ret,0.016655032484231096,False,False,False,False,False,,,,,False,False
eightk_other_events_30d__ts_min__w5,579.0,-0.001055823682012811,0.09419419400061552,-0.011209010207209923,-0.26971589828719716,eightk_other_events_30d,0.0165513683094911,False,False,False,False,False,,,,,False,False
rev_growth_qoq__ts_min__w5,579.0,0.0012522779537325547,0.11215207197710582,0.011165892271595203,0.2686783764613063,rev_growth_qoq,0.016508680300334803,False,False,False,False,False,,,,,False,False
insider_90d__ts_delta__w10,570.0,-0.0012049530402445368,0.10797876159570582,-0.011159167066169207,-0.2664214621198619,insider_90d,0.01641738197878857,False,False,False,False,False,,,,,False,False
insider_90d__ts_mean__w10,576.0,-0.0020063314634743263,0.18088099527556373,-0.011091997036049997,-0.26620792886519995,insider_90d,0.01640782236168635,False,False,False,False,False,,,,,False,False
eightk_filings_30d__ts_max__w20,579.0,-0.0010220570899289714,0.09315826649939776,-0.010971190516255246,-0.26399338127717914,eightk_filings_30d,0.016317092326623966,False,False,False,False,False,,,,,False,False
eightk_days_since_last__ts_max__w10,579.0,0.0009305681375709711,0.08740726961892022,0.010646347170299207,0.25617686463231115,eightk_days_since_last,0.01600168532625867,False,False,False,False,False,,,,,False,False
sector_rel_ret__ts_min__w10,579.0,0.0022254343838386936,0.20905951255196406,0.01064498025788488,0.25614397341329226,sector_rel_ret,0.01600036924869114,False,False,False,False,False,,,,,False,False
rsi_14__ts_argmax__w10,579.0,0.0014597574876393288,0.1376050579709487,0.010608312726030128,0.25526166390430305,rsi_14,0.015965099999117015,False,False,False,False,False,,,,,False,False
insider_90d__ts_decay_linear__w10,571.0,-0.001932265636444411,0.18141350301328016,-0.010651167660342029,-0.2545161089477379,insider_90d,0.015936420421314487,False,False,False,False,False,,,,,False,False
ma20_above_ma50__ts_std__w20,550.0,-0.0012166236200760914,0.1130463894757255,-0.010762162557498907,-0.2523950843473725,ma20_above_ma50,0.015854986733755176,False,False,False,False,False,,,,,False,False
volume_zscore__ts_argmax__w20,579.0,-0.0009699767227206798,0.09341849050149326,-0.01038313419017593,-0.24984332366282075,volume_zscore,0.01574996749011911,False,False,False,False,False,,,,,False,False
vol_surge_eod__ts_argmax__w20,579.0,-0.001024671730426778,0.09914898009425326,-0.010334667380871715,-0.248677094997939,vol_surge_eod,0.01570398978136473,False,False,False,False,False,,,,,False,False
ma_5__ts_rank__w5,579.0,-0.0015681105669012858,0.15221666308997933,-0.010301832500258751,-0.24788700834836294,ma_5,0.01567290670595265,False,False,False,False,False,,,,,False,False
eightk_other_events_30d__ts_delta__w10,570.0,-0.000936911563172968,0.09138256437697716,-0.010252629367107285,-0.24477817119870865,eightk_other_events_30d,0.015552297762727001,False,False,False,False,False,,,,,False,False
sector_rel_ret__ts_std__w10,576.0,0.0023289952498408645,0.23318225929536718,0.009987874964753533,0.23970899915408478,sector_rel_ret,0.015354650510329299,False,False,False,False,False,,,,,False,False
volatility_10d__ts_max__w20,579.0,0.00259987183808839,0.2610636767107831,0.009958765121386968,0.23963197739068576,volatility_10d,0.015351289186247424,False,False,False,False,False,,,,,False,False
finbert_mult__ts_rank__w20,319.0,0.0012147728404900424,0.0918407750052621,0.01322694457249997,0.23624078396617224,finbert_mult,0.015281090898939144,False,False,False,False,False,,,,,False,False
eightk_other_events_30d__ts_decay_linear__w10,571.0,0.0008843611202403489,0.08973721919433793,0.009855009194402903,0.2354914197006512,eightk_other_events_30d,0.01519315159013319,False,False,False,False,False,,,,,False,False
premarket_gap__ts_rank__w5,579.0,0.001515328554517687,0.15513560813161495,0.009767767521381053,0.23503611314362152,premarket_gap,0.015174703232973197,False,False,False,False,False,,,,,False,False
return_3d__ts_std__w20,571.0,0.0025422543835118975,0.25966201430297164,0.009790628753829255,0.2339530100398817,return_3d,0.01513437199739545,False,False,False,False,False,,,,,False,False
eps_surprise__ts_delta__w5,358.0,0.0010406183722006458,0.08456425619414205,0.01230565275488974,0.232833876661377,eps_surprise,0.015136035464634158,False,False,False,False,False,,,,,False,False
return_5d__signed_power_p05,579.0,-0.001685084192375073,0.17450220004005185,-0.009656521189923746,-0.23235925732268,return_5d,0.01507265790588978,False,False,False,False,False,,,,,False,False
return_5d__scale,579.0,-0.001685084192375073,0.17450220004005185,-0.009656521189923746,-0.23235925732268,return_5d,0.01507265790588978,False,False,False,False,False,,,,,False,False
return_5d__cs_zscore,579.0,-0.001685084192375073,0.17450220004005185,-0.009656521189923746,-0.23235925732268,return_5d,0.01507265790588978,False,False,False,False,False,,,,,False,False
return_5d__cs_demean,579.0,-0.001685084192375073,0.17450220004005185,-0.009656521189923746,-0.23235925732268,return_5d,0.01507265790588978,False,False,False,False,False,,,,,False,False
return_5d__cs_rank,579.0,-0.001685084192375073,0.17450220004005185,-0.009656521189923746,-0.23235925732268,return_5d,0.01507265790588978,False,False,False,False,False,,,,,False,False
bb_lower__group_neutralize,579.0,-0.0007827200492100024,0.08108192600643307,-0.009653446677474102,-0.23228527711641547,bb_lower,0.01506984608168742,False,False,False,False,False,,,,,False,False
eightk_filings_30d__ts_std__w20,571.0,0.0008329850721061071,0.08642805548863022,0.0096379013434554,0.23030349597179034,eightk_filings_30d,0.014995712865944776,False,False,False,False,False,,,,,False,False
post_earnings_3d__ts_rank__w5,452.0,0.0009303620465779502,0.08710440820444589,0.010680998421965786,0.22708114130217,post_earnings_3d,0.014893562881428488,False,False,False,False,False,,,,,False,False
sector_rel_ret__ts_max__w5,579.0,0.0017464096020570379,0.18666702513959496,0.009355747758614691,0.22512192104527493,sector_rel_ret,0.014799710671653577,False,False,False,False,False,,,,,False,False
return_1d__ts_mean__w10,576.0,0.0016693972688911578,0.17818233480440257,0.009369039140292542,0.224856939367021,return_1d,0.014790174471108558,False,False,False,False,False,,,,,False,False
insider_net_shares__ts_delta__w5,575.0,-0.0007916004752980254,0.0849955593787151,-0.009313433326215167,-0.22332828568066967,insider_net_shares,0.01473322812212737,False,False,False,False,False,,,,,False,False
finbert_sentiment__ts_rank__w20,319.0,-0.0011567249913778752,0.09288671077252832,-0.012453073015047295,-0.22241899599241433,finbert_sentiment,0.014757552615873632,False,False,False,True,False,0.010229598997136016,0.07806327232675123,0.13104240563113662,149.0,False,False
ma_5__ts_delta__w5,575.0,-0.0015210568895749582,0.16632000348608592,-0.009145363502245282,-0.21929811288110768,ma_5,0.014583668810782815,False,False,False,False,False,,,,,False,False
beta_60d__ts_rank__w5,539.0,-0.0014325650995332632,0.15232205978154253,-0.00940484327475496,-0.21834635448121695,beta_60d,0.014553336070121225,False,False,False,False,False,,,,,False,False
volume_zscore__ts_max__w5,579.0,-0.001011392663755513,0.11153155571208676,-0.009068219817236062,-0.21820330329419796,volume_zscore,0.014542771266519186,False,False,False,False,False,,,,,False,False
macd__group_neutralize,579.0,0.0010728931268046472,0.11880104105382104,0.009031007786527635,0.21730789182573856,macd,0.014509800456176834,False,False,False,False,False,,,,,False,False
eightk_other_events_30d__ts_max__w5,579.0,0.0008042613145405627,0.0903642758437655,0.008900213132135126,0.21416065607088594,eightk_other_events_30d,0.014394423409427344,False,False,False,False,False,,,,,False,False
rsi_below_30__ts_delta__w5,540.0,0.0009195943579080062,0.10007019023040853,0.009189493452452409,0.21354453060858167,rsi_below_30,0.014377031007387409,False,False,False,False,False,,,,,False,False
vol_zscore_60d__ts_min__w20,579.0,-0.001034410882256194,0.11721420442544433,-0.008824961849347746,-0.21234992818688356,vol_zscore_60d,0.01432840137966731,False,False,False,False,False,,,,,False,False
eightk_other_events_30d__ts_mean__w10,576.0,0.0007740505068932562,0.09002252385765365,0.00859840930606665,0.2063618233455996,eightk_other_events_30d,0.014112283497977227,False,False,False,False,False,,,,,False,False
insider_60d__ts_decay_linear__w5,576.0,-0.001488683109628658,0.1740463366952981,-0.008553372267954636,-0.20528093443091128,insider_60d,0.014073508659819245,False,False,False,False,False,,,,,False,False
bb_lower__ts_rank__w20,571.0,-0.001196991263332412,0.14104642815574125,-0.00848650532298991,-0.2027901899820716,bb_lower,0.013985116468762498,False,False,False,False,False,,,,,False,False
post_earnings_drift__group_neutralize,579.0,-0.0006643800509475028,0.0789029996302413,-0.008420212844390578,-0.20261068810816077,post_earnings_drift,0.013977752144475527,False,False,False,False,False,,,,,False,False
return_1d__ts_mean__w5,579.0,-0.0014643359518380107,0.1742679909535381,-0.008402782081928172,-0.20219126180124614,return_1d,0.013962818952311466,False,False,False,False,False,,,,,False,False
eps_surprise__ts_std__w5,329.0,0.0010324169168188537,0.09547804771519847,0.010813133924757771,0.1961324850079453,eps_surprise,0.01380062120983437,False,False,False,False,False,,,,,False,False
ma_5__ts_argmax__w10,579.0,-0.0012548198589552952,0.15765558025454646,-0.007959247981766943,-0.19151875851732178,ma_5,0.013587440697310396,False,False,False,False,False,,,,,False,False
eightk_filings_30d__ts_min__w10,579.0,-0.0007248122677228873,0.09204071631255727,-0.007874909026799914,-0.1894893592591336,eightk_filings_30d,0.01351705659765452,False,False,False,False,False,,,,,False,False
is_squeeze_setup__ts_rank__w5,579.0,0.0007656982832707775,0.09914134262331432,0.007723299513705738,0.1858412676562927,is_squeeze_setup,0.013391324389486219,False,False,False,False,False,,,,,False,False
volatility_10d__ts_mean__w20,571.0,0.0021073546721167027,0.27337182661777054,0.007708748550241841,0.18420522035056064,volatility_10d,0.013336201542707846,False,False,False,False,False,,,,,False,False
insider_60d__ts_mean__w10,576.0,-0.001340278845298016,0.17557850441718476,-0.007633501889920621,-0.1832040453580949,insider_60d,0.013301409369089183,False,False,False,False,False,,,,,False,False
insider_60d__ts_decay_linear__w10,571.0,-0.0013347780150275547,0.17584510141655713,-0.007590646564931126,-0.1813831018074261,insider_60d,0.01323997576966948,False,False,False,False,False,,,,,False,False
finbert_sentiment_earnings__ts_rank__w20,319.0,-0.0009336677728515455,0.09233104709146185,-0.010112175722719436,-0.18060923346618485,finbert_sentiment_earnings,0.013266879133698964,False,False,False,True,False,0.013022393918593722,0.08045155008688813,0.1618662897673129,149.0,False,False
return_20d__ts_std__w10,575.0,0.0016994785760774502,0.2296634030530905,0.007399866733162478,0.17744257073606862,return_20d,0.013106155536344397,False,False,False,False,False,,,,,False,False
return_5d__ts_std__w20,571.0,-0.0018440253231584432,0.24937128193455152,-0.007394698013552398,-0.1767007923704476,return_5d,0.0130816470736574,False,False,False,False,False,,,,,False,False
eightk_reg_fd_30d__ts_std__w5,578.0,0.0006187826487807609,0.0847747683084343,0.007299137008896994,0.17548315537722575,eightk_reg_fd_30d,0.01303993734446164,False,False,False,False,False,,,,,False,False
rsi_above_70__ts_rank__w10,576.0,-0.0007983548589899243,0.10918843227939784,-0.007311716473289464,-0.17548119535894713,rsi_above_70,0.013040099753121013,False,False,False,False,False,,,,,False,False
vol_surge_eod__signed_power_p05,579.0,0.0007781082471353442,0.1070716095558286,0.007267176148404007,0.17486583620178267,vol_surge_eod,0.013019129617729148,False,False,False,False,False,,,,,False,False
vol_surge_eod__cs_zscore,579.0,0.0007781082471353442,0.1070716095558286,0.007267176148404007,0.17486583620178267,vol_surge_eod,0.013019129617729148,False,False,False,False,False,,,,,False,False
vol_surge_eod__cs_demean,579.0,0.0007781082471353442,0.1070716095558286,0.007267176148404007,0.17486583620178267,vol_surge_eod,0.013019129617729148,False,False,False,False,False,,,,,False,False
vol_surge_eod__scale,579.0,0.0007781082471353442,0.1070716095558286,0.007267176148404007,0.17486583620178267,vol_surge_eod,0.013019129617729148,False,False,False,False,False,,,,,False,False
vol_surge_eod__cs_rank,579.0,0.0007781082471353442,0.1070716095558286,0.007267176148404007,0.17486583620178267,vol_surge_eod,0.013019129617729148,False,False,False,False,False,,,,,False,False
eightk_exec_change_30d__ts_std__w20,571.0,-0.0005668529076472471,0.07927780907266617,-0.007150209046867943,-0.1708585802801365,eightk_exec_change_30d,0.012886395773964618,False,False,False,False,False,,,,,False,False
macd_signal__group_neutralize,579.0,0.0008362783639160998,0.12032559709882389,0.006950128518616543,0.16723690334445077,macd_signal,0.01276572272374247,False,False,False,False,False,,,,,False,False
volume_spike__ts_decay_linear__w10,571.0,-0.0007089142384006133,0.1018980748212086,-0.006957091580429575,-0.16624392133426838,volume_spike,0.012733958100705368,False,False,False,False,False,,,,,False,False
eightk_exec_change_30d__ts_rank__w5,578.0,0.0005563036748024878,0.08075438844187992,0.006888835214235663,0.1656188312117325,eightk_exec_change_30d,0.012712639591219125,False,False,False,False,False,,,,,False,False
insider_21d__ts_argmax__w20,579.0,-0.000844525578850834,0.12434951349631791,-0.006791547108673176,-0.16342105103957788,insider_21d,0.01264058325778668,False,False,False,False,False,,,,,False,False
ma20_above_ma50__ts_argmax__w20,550.0,-0.0008051682856779677,0.1163553085035212,-0.00691991019604921,-0.1622862792005603,ma20_above_ma50,0.012606945716303239,False,False,False,False,False,,,,,False,False
obv__ts_argmax__w10,579.0,0.0008596668128468721,0.12786295260202207,0.0067233455457783396,0.16177995646827137,obv,0.012587091753621877,False,False,False,False,False,,,,,False,False
premarket_gap__ts_min__w20,579.0,-0.0014556048266631827,0.22411019960456308,-0.006495040516815216,-0.15628638524012983,premarket_gap,0.012409453098550923,False,False,False,False,False,,,,,False,False
insider_60d__ts_max__w10,579.0,0.00110016486982694,0.17247281799793218,0.006378772508025757,0.15348869571598775,insider_60d,0.01231982574118433,False,False,False,False,False,,,,,False,False
vol_10d_self_rank__ts_delta__w20,560.0,-0.0007433308296056496,0.12069501089444805,-0.0061587535731341715,-0.14574271001244637,vol_10d_self_rank,0.01207669620297624,False,False,False,False,False,,,,,False,False
eightk_other_events_30d__ts_min__w20,574.0,0.0004948661982536494,0.08625808948527201,0.00573704102660591,0.13744973339847077,eightk_other_events_30d,0.01181728472876317,False,False,False,False,False,,,,,False,False
ma20_above_ma50__ts_rank__w5,550.0,-0.000540237118565116,0.09310675565121193,-0.0058023407086474285,-0.13607695151852472,ma20_above_ma50,0.011777739802111475,False,False,False,False,False,,,,,False,False
return_5d__ts_min__w5,579.0,0.0010725890800391967,0.19093117206400262,0.005617673994478234,0.13517482451133142,return_5d,0.011746864784821945,False,False,False,False,False,,,,,False,False
post_earnings_5d__group_neutralize,352.0,0.0006750337958126965,0.09428967724362187,0.007159148440699095,0.13431753069268146,post_earnings_5d,0.011759722966070195,False,False,False,False,False,,,,,False,False
sector_rel_ret__ts_min__w5,579.0,-0.0010943632161569431,0.1965519144871139,-0.005567807462026479,-0.13397491512182605,sector_rel_ret,0.011710146172801925,False,False,False,False,False,,,,,False,False
eightk_material_agreement_30d__ts_delta__w20,560.0,-0.0004827088012133115,0.08841445597285268,-0.005459613995267079,-0.12919804792370915,eightk_material_agreement_30d,0.011566988700241192,False,False,False,False,False,,,,,False,False
eightk_exec_change_30d__ts_decay_linear__w5,576.0,-0.0004178015077837688,0.07788671377062059,-0.00536422051409449,-0.12874129233826775,eightk_exec_change_30d,0.011551466514847461,False,False,False,False,False,,,,,False,False
eightk_other_events_30d__ts_mean__w5,579.0,0.0004631609263895101,0.09142453271180469,0.005066046417207522,0.12190133070829613,eightk_other_events_30d,0.011346194816886984,False,False,False,False,False,,,,,False,False
ma_5__group_neutralize,579.0,-0.0004128686568459371,0.0834816748782596,-0.004945620190874451,-0.11900358441202913,ma_5,0.011260321960975664,False,False,False,False,False,,,,,False,False
bb_lower__ts_delta__w5,575.0,-0.0006872900208083478,0.1413447605241113,-0.0048625079434133425,-0.11659884438690105,bb_lower,0.011189895576701036,False,False,False,False,False,,,,,False,False
insider_7d__ts_delta__w20,560.0,-0.0004910313500651393,0.10047996420029204,-0.004886858330147695,-0.1156441750794349,insider_7d,0.0111634563060529,False,False,False,False,False,,,,,False,False
eightk_other_events_30d__cs_zscore,579.0,-0.00043235651028844036,0.09138577938831664,-0.0047311136719781115,-0.11384203871235873,eightk_other_events_30d,0.0111087626973771,False,False,False,False,False,,,,,False,False
eightk_other_events_30d__cs_demean,579.0,-0.00043235651028844036,0.09138577938831664,-0.0047311136719781115,-0.11384203871235873,eightk_other_events_30d,0.0111087626973771,False,False,False,False,False,,,,,False,False
eightk_other_events_30d__cs_rank,579.0,-0.00043235651028844036,0.09138577938831664,-0.0047311136719781115,-0.11384203871235873,eightk_other_events_30d,0.0111087626973771,False,False,False,False,False,,,,,False,False
eightk_other_events_30d__scale,579.0,-0.00043235651028844036,0.09138577938831664,-0.0047311136719781115,-0.11384203871235873,eightk_other_events_30d,0.0111087626973771,False,False,False,False,False,,,,,False,False
eightk_other_events_30d__signed_power_p05,579.0,-0.00043235651028844036,0.09138577938831664,-0.0047311136719781115,-0.11384203871235873,eightk_other_events_30d,0.0111087626973771,False,False,False,False,False,,,,,False,False
vol_10d_self_rank__ts_std__w5,579.0,0.000535707396899484,0.11508657013353313,0.004654821116642118,0.11200625529217437,vol_10d_self_rank,0.011055287948518079,False,False,False,False,False,,,,,False,False
volume_zscore__scale,579.0,0.0004682788140907469,0.109566880597371,0.004273908425042658,0.10284057456885247,volume_zscore,0.010791638919314438,False,False,False,False,False,,,,,False,False
volume_zscore__signed_power_p05,579.0,0.0004682788140907469,0.109566880597371,0.004273908425042658,0.10284057456885247,volume_zscore,0.010791638919314438,False,False,False,False,False,,,,,False,False
volume_zscore__cs_rank,579.0,0.0004682788140907469,0.109566880597371,0.004273908425042658,0.10284057456885247,volume_zscore,0.010791638919314438,False,False,False,False,False,,,,,False,False
volume_zscore__cs_zscore,579.0,0.0004682788140907469,0.109566880597371,0.004273908425042658,0.10284057456885247,volume_zscore,0.010791638919314438,False,False,False,False,False,,,,,False,False
volume_zscore__cs_demean,579.0,0.0004682788140907469,0.109566880597371,0.004273908425042658,0.10284057456885247,volume_zscore,0.010791638919314438,False,False,False,False,False,,,,,False,False
low_52w_ratio__ts_delta__w5,343.0,0.0009867274434843744,0.18046829328101935,0.005467594476265559,0.10126126677764383,low_52w_ratio,0.010785876196377074,False,False,False,False,False,,,,,False,False
insider_60d__ts_std__w10,576.0,0.0006070962089584053,0.1471663323914592,0.004125238423035119,0.09900572215284285,insider_60d,0.010683260148382882,False,False,False,False,False,,,,,False,False
ma_10__group_neutralize,579.0,-0.000338997807382419,0.0831638831514681,-0.0040762623693869045,-0.09808473239736229,ma_10,0.010657009219685515,False,False,False,False,False,,,,,False,False
rsi_14__ts_std__w10,576.0,-0.0004779707825580897,0.12001945934665162,-0.003982444056655588,-0.09557865735973411,rsi_14,0.010586949488511428,False,False,False,False,False,,,,,False,False
is_squeeze_setup__ts_min__w10,579.0,0.0006467371037882057,0.1631518564082646,0.003964019276433098,0.09538389208381734,is_squeeze_setup,0.010581206715656639,False,False,False,False,False,,,,,False,False
return_1d__ts_argmax__w10,579.0,-0.0005041330867328318,0.1280253773862916,-0.0039377590367236995,-0.0947520071973265,return_1d,0.010563540070228913,False,False,False,False,False,,,,,False,False
return_1d__ts_decay_linear__w10,571.0,-0.0006697639906019412,0.1777533772746652,-0.0037679396075103503,-0.09003720138819087,return_1d,0.010433308000151551,False,False,False,False,False,,,,,False,False
bb_pct__cs_demean,579.0,-0.0005785698893744855,0.15893871181291933,-0.0036402074911460088,-0.08759219728381522,bb_pct,0.010365151209279928,False,False,False,False,False,,,,,False,False
bb_pct__cs_zscore,579.0,-0.0005785698893744855,0.15893871181291933,-0.0036402074911460088,-0.08759219728381522,bb_pct,0.010365151209279928,False,False,False,False,False,,,,,False,False
bb_pct__signed_power_p05,579.0,-0.0005785698893744855,0.15893871181291933,-0.0036402074911460088,-0.08759219728381522,bb_pct,0.010365151209279928,False,False,False,False,False,,,,,False,False
bb_pct__scale,579.0,-0.0005785698893744855,0.15893871181291933,-0.0036402074911460088,-0.08759219728381522,bb_pct,0.010365151209279928,False,False,False,False,False,,,,,False,False
bb_pct__cs_rank,579.0,-0.0005785698893744855,0.15893871181291933,-0.0036402074911460088,-0.08759219728381522,bb_pct,0.010365151209279928,False,False,False,False,False,,,,,False,False
insider_90d__ts_mean__w20,571.0,-0.0006526169012923467,0.1825114888097452,-0.003575757918300978,-0.0854449034065626,insider_90d,0.010307060270805921,False,False,False,False,False,,,,,False,False
intraday_momentum__ts_delta__w10,570.0,-0.0004866773591148506,0.13992229129168962,-0.00347819746676601,-0.08304082635761743,intraday_momentum,0.010241599890191666,False,False,False,False,False,,,,,False,False
insider_21d__ts_delta__w5,575.0,-0.00031112440752377685,0.09771670145541818,-0.0031839429994034627,-0.07634827102484988,insider_21d,0.010060532666813258,False,False,False,False,False,,,,,False,False
post_earnings_3d__group_neutralize,298.0,-0.00042424620292171175,0.09645179812033715,-0.004398530781068541,-0.07593041395605725,post_earnings_3d,0.010100005844662458,False,False,False,False,False,,,,,False,False
eightk_exec_change_30d__ts_max__w20,579.0,0.0002461050599681681,0.07886823761957214,0.003120458468404955,0.07508577861160044,eightk_exec_change_30d,0.010026405815793612,False,False,False,False,False,,,,,False,False
eightk_other_events_30d__ts_decay_linear__w5,576.0,0.000275698082835829,0.09164314339783314,0.0030083874539199597,0.07220129889407903,eightk_other_events_30d,0.009949943102941049,False,False,False,False,False,,,,,False,False
volume_spike__ts_std__w10,576.0,0.00029702714839455885,0.10022227545019423,0.002963683942120905,0.07112841461090172,volume_spike,0.00992152957091941,False,False,False,False,False,,,,,False,False
volume_spike__ts_max__w10,579.0,0.00026710505479744963,0.10015140530428215,0.0026670125495086693,0.06417477299389589,volume_spike,0.009738812506077565,False,False,False,False,False,,,,,False,False
insider_90d__ts_max__w10,579.0,-0.00047390226588852984,0.1790537873130897,-0.0026467033900817423,-0.06368608549365896,insider_90d,0.009726102128704572,False,False,False,False,False,,,,,False,False
insider_60d__ts_mean__w20,571.0,-0.0004326478663149533,0.17823568860059588,-0.0024273918972785727,-0.05800400109059689,insider_60d,0.009580107079120406,False,False,False,False,False,,,,,False,False
ma20_above_ma50__ts_delta__w5,550.0,0.00021404457377719656,0.09843024220499547,0.0021745813987881614,0.050998454319474355,ma20_above_ma50,0.00940385526280637,False,False,False,False,False,,,,,False,False
return_60d__ts_rank__w5,538.0,-0.0003256124585196722,0.15062101574872597,-0.002161799645959607,-0.050142568817202034,return_60d,0.009383480956016047,False,False,False,False,False,,,,,False,False
insider_net_shares__ts_delta__w10,570.0,0.00016642635958509524,0.08666910835481746,0.0019202500492304247,0.0458453415669966,insider_net_shares,0.009272705005898134,False,False,False,False,False,,,,,False,False
ma5_above_ma20__cs_rank,579.0,0.0002839185034852047,0.15021672582365922,0.0018900591923332105,0.04547939590136364,ma5_above_ma20,0.009262783082766745,False,False,False,False,False,,,,,False,False
ma5_above_ma20__cs_demean,579.0,0.0002839185034852047,0.15021672582365922,0.0018900591923332105,0.04547939590136364,ma5_above_ma20,0.009262783082766745,False,False,False,False,False,,,,,False,False
ma5_above_ma20__signed_power_p05,579.0,0.0002839185034852047,0.15021672582365922,0.0018900591923332105,0.04547939590136364,ma5_above_ma20,0.009262783082766745,False,False,False,False,False,,,,,False,False
ma5_above_ma20__scale,579.0,0.0002839185034852047,0.15021672582365922,0.0018900591923332105,0.04547939590136364,ma5_above_ma20,0.009262783082766745,False,False,False,False,False,,,,,False,False
ma5_above_ma20__cs_zscore,579.0,0.0002839185034852047,0.15021672582365922,0.0018900591923332105,0.04547939590136364,ma5_above_ma20,0.009262783082766745,False,False,False,False,False,,,,,False,False
eps_surprise__ts_rank__w10,479.0,-0.0001707954827080112,0.08386859266731654,-0.0020364653474693388,-0.04457022035374512,eps_surprise,0.009250761375577732,False,False,False,False,False,,,,,False,False
volume_spike__ts_delta__w5,573.0,-0.00016716732198168745,0.09227926027597344,-0.0018115372997329115,-0.043363526303904616,volume_spike,0.00921074337119336,False,False,False,False,False,,,,,False,False
return_60d__ts_rank__w10,535.0,-0.000259122776860311,0.14497086469347412,-0.0017874127839976623,-0.041342977472759224,return_60d,0.009164403482376111,False,False,False,False,False,,,,,False,False
low_52w_ratio__ts_rank__w20,339.0,-0.0003170166253389458,0.1486211391328351,-0.002133052048912111,-0.039273653302205086,low_52w_ratio,0.009144959384731281,False,False,False,False,False,,,,,False,False
volatility_10d__ts_std__w20,571.0,0.00028000679469566004,0.20087127663571516,0.0013939613437288947,0.03330955145419668,volatility_10d,0.008964668590631495,False,False,False,False,False,,,,,False,False
insider_7d__ts_rank__w10,576.0,-0.00013244486606571343,0.09621902723104798,-0.0013764935052573062,-0.03303584412617535,insider_7d,0.008957609526531487,False,False,False,False,False,,,,,False,False
rsi_below_30__cs_rank,520.0,-0.00016033743398513343,0.11157519147015814,-0.0014370348091942752,-0.032769435489106824,rsi_below_30,0.008956536090769194,False,False,False,False,False,,,,,False,False
rsi_below_30__cs_zscore,520.0,-0.00016033743398513343,0.11157519147015814,-0.0014370348091942752,-0.032769435489106824,rsi_below_30,0.008956536090769194,False,False,False,False,False,,,,,False,False
rsi_below_30__cs_demean,520.0,-0.00016033743398513343,0.11157519147015814,-0.0014370348091942752,-0.032769435489106824,rsi_below_30,0.008956536090769194,False,False,False,False,False,,,,,False,False
rsi_below_30__scale,520.0,-0.00016033743398513343,0.11157519147015814,-0.0014370348091942752,-0.032769435489106824,rsi_below_30,0.008956536090769194,False,False,False,False,False,,,,,False,False
rsi_below_30__signed_power_p05,520.0,-0.00016033743398513343,0.11157519147015814,-0.0014370348091942752,-0.032769435489106824,rsi_below_30,0.008956536090769194,False,False,False,False,False,,,,,False,False
bb_upper__group_neutralize,579.0,-0.00010723625325758675,0.08362701232713739,-0.0012823159679326251,-0.030855623894114937,bb_upper,0.008904755760978227,False,False,False,False,False,,,,,False,False
insider_60d__ts_decay_linear__w20,561.0,0.0002285634831624065,0.17795790998012892,0.0012843682148656853,0.030420824447595543,insider_60d,0.008895882456870598,False,False,False,False,False,,,,,False,False
bb_lower__ts_argmax__w5,579.0,-0.00015846166455491895,0.1253616143386734,-0.0012640365664630274,-0.030415777279972894,bb_lower,0.008894177831586523,False,False,False,False,False,,,,,False,False
insider_21d__ts_rank__w10,576.0,0.00011637461841711932,0.09515408568483581,0.0012230123129191636,0.029352295510059925,insider_21d,0.008868903989833025,False,False,False,False,False,,,,,False,False
ma5_above_ma20__ts_max__w10,579.0,0.00012700079817129888,0.1430423807860722,0.0008878543371089133,0.021363922920462887,ma5_above_ma20,0.008678922245034372,False,False,False,False,False,,,,,False,False
low_52w_ratio__ts_rank__w10,344.0,-0.00016956559160402618,0.14734842745417182,-0.001150779784580764,-0.02134378538906147,low_52w_ratio,0.008711621472856836,False,False,False,False,False,,,,,False,False
return_3d__ts_decay_linear__w5,576.0,-0.0001463028905416907,0.17726047299224315,-0.0008253554110063379,-0.01980852986415211,return_3d,0.008642650199766969,False,False,False,False,False,,,,,False,False
rsi_below_30__ts_argmax__w5,521.0,-7.114294540875953e-05,0.09975103840976583,-0.0007132050607484652,-0.016279208210807816,rsi_below_30,0.008565366280621801,False,False,False,False,False,,,,,False,False
volume_spike__ts_mean__w10,576.0,6.455123574128518e-05,0.10181642190490528,0.0006339963095695396,0.015215911429668948,volume_spike,0.008535590367552612,False,False,False,False,False,,,,,False,False
insider_90d__ts_decay_linear__w20,561.0,9.748186949269193e-05,0.182545984544939,0.0005340126748649129,0.012648324403259458,insider_90d,0.008477526105624763,False,False,False,False,False,,,,,False,False
ma_20__group_neutralize,579.0,2.434661519574234e-05,0.08205855952877925,0.00029669805728436646,0.00713927292072993,ma_20,0.008349890921599865,False,False,False,False,False,,,,,False,False
insider_90d__ts_rank__w10,576.0,-2.3875339411947984e-05,0.10470496002954184,-0.00022802491310069465,-0.005472597914416672,insider_90d,0.008312310285537618,False,False,False,False,False,,,,,False,False
obv_trend__ts_max__w10,579.0,-1.9809701234017287e-05,0.12700741708572816,-0.00015597279031858452,-0.0037530826068905027,obv_trend,0.008273199129166764,False,False,False,False,False,,,,,False,False
obv_trend__ts_mean__w5,579.0,2.0093593477409085e-05,0.13539725255636578,0.00014840473567987752,0.003570976906437801,obv_trend,0.008269092328053063,False,False,False,False,False,,,,,False,False
