feature,n_dates,mean_IC,std_IC,IC_IR,t_stat,base,DSR,pass_HLZ,pass_EVT,pass_MAG,is_base_rep,SURVIVOR
short_ratio__ts_decay_linear__w20,560.0,-0.04639320395732706,0.11986527989490901,-0.38704455533747517,-9.15914587596327,short_ratio,0.9999999999575396,True,True,True,True,True
short_ratio__ts_decay_linear__w10,570.0,-0.04535469565417232,0.11951990015766929,-0.37947400888338195,-9.05981778780756,short_ratio,0.999999999924641,True,True,True,False,False
short_ratio__ts_mean__w20,570.0,-0.04535469565417232,0.11951990015766929,-0.37947400888338195,-9.05981778780756,short_ratio,0.999999999924641,True,True,True,False,False
short_ratio__ts_mean__w5,578.0,-0.04465281862466955,0.119022111748404,-0.3751640595913751,-9.019555720214202,short_ratio,0.9999999999059198,True,True,True,False,False
short_ratio__ts_min__w5,579.0,-0.04450248879164585,0.1189934410393924,-0.37399110743350505,-8.999130666146458,short_ratio,0.9999999998939363,True,True,True,False,False
short_ratio__scale,579.0,-0.04450248879164585,0.1189934410393924,-0.37399110743350505,-8.999130666146458,short_ratio,0.9999999998939363,True,True,True,False,False
short_ratio__cs_rank,579.0,-0.04450248879164585,0.1189934410393924,-0.37399110743350505,-8.999130666146458,short_ratio,0.9999999998939363,True,True,True,False,False
short_ratio__signed_power_p05,579.0,-0.04450248879164585,0.1189934410393924,-0.37399110743350505,-8.999130666146458,short_ratio,0.9999999998939363,True,True,True,False,False
short_ratio__ts_min__w10,579.0,-0.04450248879164585,0.1189934410393924,-0.37399110743350505,-8.999130666146458,short_ratio,0.9999999998939363,True,True,True,False,False
short_ratio__ts_min__w20,579.0,-0.04450248879164585,0.1189934410393924,-0.37399110743350505,-8.999130666146458,short_ratio,0.9999999998939363,True,True,True,False,False
short_ratio__ts_max__w20,579.0,-0.04450248879164585,0.1189934410393924,-0.37399110743350505,-8.999130666146458,short_ratio,0.9999999998939363,True,True,True,False,False
short_ratio__ts_max__w5,579.0,-0.04450248879164585,0.1189934410393924,-0.37399110743350505,-8.999130666146458,short_ratio,0.9999999998939363,True,True,True,False,False
short_ratio__cs_demean,579.0,-0.04450248879164585,0.1189934410393924,-0.37399110743350505,-8.999130666146458,short_ratio,0.9999999998939363,True,True,True,False,False
short_ratio__cs_zscore,579.0,-0.04450248879164585,0.1189934410393924,-0.37399110743350505,-8.999130666146458,short_ratio,0.9999999998939363,True,True,True,False,False
short_ratio__ts_max__w10,579.0,-0.04450248879164585,0.1189934410393924,-0.37399110743350505,-8.999130666146458,short_ratio,0.9999999998939363,True,True,True,False,False
short_ratio__ts_decay_linear__w5,575.0,-0.04466370624743928,0.11938376323096841,-0.3741187665614935,-8.971052870692416,short_ratio,0.9999999998733784,True,True,True,False,False
short_ratio__ts_mean__w10,575.0,-0.04466370624743928,0.11938376323096841,-0.3741187665614935,-8.971052870692416,short_ratio,0.9999999998733784,True,True,True,False,False
pc_ratio_snap__ts_decay_linear__w10,570.0,0.047786611022757636,0.12790157866925816,0.37362018139220515,8.92005957198831,pc_ratio_snap,0.9999999998265681,True,True,True,False,False
pc_ratio_snap__ts_mean__w20,570.0,0.047786611022757636,0.12790157866925816,0.37362018139220515,8.92005957198831,pc_ratio_snap,0.9999999998265681,True,True,True,True,True
pc_ratio_snap__scale,579.0,0.046742560114558525,0.12735049537109802,0.3670386988158247,8.831838898103356,pc_ratio_snap,0.9999999997143783,True,True,True,False,False
pc_ratio_snap__cs_rank,579.0,0.046742560114558525,0.12735049537109802,0.3670386988158247,8.831838898103356,pc_ratio_snap,0.9999999997143783,True,True,True,False,False
pc_ratio_snap__ts_min__w10,579.0,0.046742560114558525,0.12735049537109802,0.3670386988158247,8.831838898103356,pc_ratio_snap,0.9999999997143783,True,True,True,False,False
pc_ratio_snap__cs_demean,579.0,0.046742560114558525,0.12735049537109802,0.3670386988158247,8.831838898103356,pc_ratio_snap,0.9999999997143783,True,True,True,False,False
pc_ratio_snap__ts_max__w5,579.0,0.046742560114558525,0.12735049537109802,0.3670386988158247,8.831838898103356,pc_ratio_snap,0.9999999997143783,True,True,True,False,False
pc_ratio_snap__ts_max__w10,579.0,0.046742560114558525,0.12735049537109802,0.3670386988158247,8.831838898103356,pc_ratio_snap,0.9999999997143783,True,True,True,False,False
pc_ratio_snap__ts_max__w20,579.0,0.046742560114558525,0.12735049537109802,0.3670386988158247,8.831838898103356,pc_ratio_snap,0.9999999997143783,True,True,True,False,False
pc_ratio_snap__ts_min__w5,579.0,0.046742560114558525,0.12735049537109802,0.3670386988158247,8.831838898103356,pc_ratio_snap,0.9999999997143783,True,True,True,False,False
pc_ratio_snap__signed_power_p05,579.0,0.046742560114558525,0.12735049537109802,0.3670386988158247,8.831838898103356,pc_ratio_snap,0.9999999997143783,True,True,True,False,False
pc_ratio_snap__ts_min__w20,579.0,0.046742560114558525,0.12735049537109802,0.3670386988158247,8.831838898103356,pc_ratio_snap,0.9999999997143783,True,True,True,False,False
pc_ratio_snap__cs_zscore,579.0,0.046742560114558525,0.12735049537109802,0.3670386988158247,8.831838898103356,pc_ratio_snap,0.9999999997143783,True,True,True,False,False
pc_ratio_snap__ts_mean__w5,578.0,0.04673289804020099,0.1275152521777348,0.36648869246686816,8.810985748831463,pc_ratio_snap,0.9999999996765865,True,True,True,False,False
pc_ratio_snap__ts_decay_linear__w5,575.0,0.046753890055759605,0.12791183878726925,0.36551651902617244,8.764778221186257,pc_ratio_snap,0.9999999995738797,True,True,True,False,False
pc_ratio_snap__ts_mean__w10,575.0,0.046753890055759605,0.12791183878726925,0.36551651902617244,8.764778221186257,pc_ratio_snap,0.9999999995738797,True,True,True,False,False
pc_ratio_snap__ts_decay_linear__w20,560.0,0.045037385633169016,0.12751409919398138,0.3531953401063179,8.358127244351921,pc_ratio_snap,0.9999999956247757,True,True,True,False,False
rev_x_low52w__group_neutralize,579.0,0.034246261388063366,0.10559227967916048,0.32432542882983284,7.804054306057476,rev_x_low52w,0.9999999199615778,True,True,True,True,True
is_squeeze_setup__ts_argmax__w20,575.0,0.03489232829323922,0.11255778515820833,0.3099948017295779,7.433414210988929,is_squeeze_setup,0.9999994962436259,True,True,True,True,True
rev_growth_yoy__group_neutralize,579.0,0.027812127792905147,0.10372196577035936,0.2681411558905589,6.452124798875653,rev_growth_yoy,0.9999617947090275,True,True,True,True,True
rev_x_low52w__cs_demean,579.0,0.036233525774777044,0.14186417729677378,0.25540997357619083,6.145781757813102,rev_x_low52w,0.9998741677192959,True,True,True,False,False
rev_x_low52w__scale,579.0,0.036233525774777044,0.14186417729677378,0.25540997357619083,6.145781757813102,rev_x_low52w,0.9998741677192959,True,True,True,False,False
rev_x_low52w__cs_zscore,579.0,0.036233525774777044,0.14186417729677378,0.25540997357619083,6.145781757813102,rev_x_low52w,0.9998741677192959,True,True,True,False,False
rev_x_low52w__cs_rank,579.0,0.036233525774777044,0.14186417729677378,0.25540997357619083,6.145781757813102,rev_x_low52w,0.9998741677192959,True,True,True,False,False
rev_x_low52w__signed_power_p05,579.0,0.036233525774777044,0.14186417729677378,0.25540997357619083,6.145781757813102,rev_x_low52w,0.9998741677192959,True,True,True,False,False
pc_ratio_snap__group_neutralize,579.0,0.02138754206561647,0.08454096537362803,0.25298436055342427,6.087415641337287,pc_ratio_snap,0.999843471575362,True,True,True,False,False
is_squeeze_setup__ts_std__w10,575.0,-0.03420609003217618,0.13538218073537917,-0.2526631632492028,-6.058649815452172,is_squeeze_setup,0.9998256050524468,True,True,True,False,False
rev_x_low52w__ts_min__w5,579.0,0.036170683378062694,0.14486342947055306,0.24968816153434534,6.008101119989774,rev_x_low52w,0.9997903728868389,True,True,True,False,False
ma5_above_ma20__ts_argmax__w20,578.0,0.03250221406987485,0.13323426182904696,0.24394786764067097,5.86490450980037,ma5_above_ma20,0.999649372162597,True,True,True,True,True
rev_x_low52w__ts_max__w5,579.0,0.03415870977233532,0.14123395708077485,0.24185904352165954,5.8197136032909516,rev_x_low52w,0.9995892132098405,True,True,True,False,False
rev_x_low52w__ts_mean__w5,578.0,0.03468372424885176,0.14336259660978753,0.2419300784796462,5.816393568242349,rev_x_low52w,0.9995842941004192,True,True,True,False,False
rev_x_low52w__ts_decay_linear__w5,575.0,0.03449118135425323,0.14292295423110135,0.24132709500590233,5.78682044829395,rev_x_low52w,0.9995388495105506,True,True,True,False,False
rev_x_low52w__ts_max__w10,579.0,0.033811172966065055,0.14094497503197181,0.23988916921937348,5.772313662784858,rev_x_low52w,0.9995157168773072,True,True,True,False,False
rev_x_low52w__ts_min__w10,579.0,0.03415249714723662,0.14454825234516222,0.23627056427970466,5.685241275142506,rev_x_low52w,0.999347950678316,True,True,True,False,False
short_pct_float__ts_mean__w20,570.0,-0.04337867031557329,0.18350821286398805,-0.23638544367343675,-5.64362511591547,short_pct_float,0.9992481777280292,True,True,True,True,True
short_pct_float__ts_decay_linear__w10,570.0,-0.04337867031557329,0.18350821286398805,-0.23638544367343675,-5.64362511591547,short_pct_float,0.9992481777280292,True,True,True,False,False
rev_x_low52w__ts_min__w20,579.0,0.0337964381272096,0.1449336630771365,0.23318556510382601,5.611008732879125,rev_x_low52w,0.9991639538206809,True,True,True,False,False
short_pct_float__scale,579.0,-0.04193864929076959,0.18290966523402435,-0.22928613005283813,-5.5171788934778485,short_pct_float,0.9988628936616625,True,True,True,False,False
short_pct_float__signed_power_p05,579.0,-0.04193864929076959,0.18290966523402435,-0.22928613005283813,-5.5171788934778485,short_pct_float,0.9988628936616625,True,True,True,False,False
short_pct_float__ts_max__w5,579.0,-0.04193864929076959,0.18290966523402435,-0.22928613005283813,-5.5171788934778485,short_pct_float,0.9988628936616625,True,True,True,False,False
short_pct_float__ts_min__w5,579.0,-0.04193864929076959,0.18290966523402435,-0.22928613005283813,-5.5171788934778485,short_pct_float,0.9988628936616625,True,True,True,False,False
short_pct_float__cs_zscore,579.0,-0.04193864929076959,0.18290966523402435,-0.22928613005283813,-5.5171788934778485,short_pct_float,0.9988628936616625,True,True,True,False,False
short_pct_float__cs_rank,579.0,-0.04193864929076959,0.18290966523402435,-0.22928613005283813,-5.5171788934778485,short_pct_float,0.9988628936616625,True,True,True,False,False
short_pct_float__ts_min__w10,579.0,-0.04193864929076959,0.18290966523402435,-0.22928613005283813,-5.5171788934778485,short_pct_float,0.9988628936616625,True,True,True,False,False
short_pct_float__ts_min__w20,579.0,-0.04193864929076959,0.18290966523402435,-0.22928613005283813,-5.5171788934778485,short_pct_float,0.9988628936616625,True,True,True,False,False
short_pct_float__ts_max__w10,579.0,-0.04193864929076959,0.18290966523402435,-0.22928613005283813,-5.5171788934778485,short_pct_float,0.9988628936616625,True,True,True,False,False
short_pct_float__ts_max__w20,579.0,-0.04193864929076959,0.18290966523402435,-0.22928613005283813,-5.5171788934778485,short_pct_float,0.9988628936616625,True,True,True,False,False
short_pct_float__cs_demean,579.0,-0.04193864929076959,0.18290966523402435,-0.22928613005283813,-5.5171788934778485,short_pct_float,0.9988628936616625,True,True,True,False,False
short_pct_float__ts_mean__w5,578.0,-0.041844685853086955,0.18304712634717418,-0.22860061607152862,-5.4959315574584116,short_pct_float,0.9987818426478016,True,True,True,False,False
short_pct_float__ts_mean__w10,575.0,-0.042001958731884316,0.18340374413687419,-0.22901363835047042,-5.491554130348624,short_pct_float,0.9987636826297389,True,True,True,False,False
short_pct_float__ts_decay_linear__w5,575.0,-0.042001958731884316,0.18340374413687419,-0.22901363835047042,-5.491554130348624,short_pct_float,0.9987636826297389,True,True,True,False,False
rev_x_low52w__ts_mean__w10,575.0,0.03242971625103553,0.14290029624244913,0.2269394613151414,5.441817112293813,rev_x_low52w,0.9985507481500431,True,True,True,False,False
eps_surprise__ts_max__w10,579.0,0.021166215457456686,0.09381221064990916,0.22562324574617815,5.429041037161382,eps_surprise,0.9984922166729296,True,True,True,True,True
rev_x_low52w__ts_decay_linear__w10,570.0,0.03249771875448653,0.14336271738184309,0.22668179948019299,5.411953786099777,rev_x_low52w,0.9984054791595939,True,True,True,False,False
rev_growth_yoy__cs_rank,579.0,0.030329325116929498,0.13512890655835597,0.22444735097321059,5.4007461646330155,rev_growth_yoy,0.9983515535503412,True,True,True,False,False
rev_growth_yoy__signed_power_p05,579.0,0.030329325116929498,0.13512890655835597,0.22444735097321059,5.4007461646330155,rev_growth_yoy,0.9983515535503412,True,True,True,False,False
rev_growth_yoy__scale,579.0,0.030329325116929498,0.13512890655835597,0.22444735097321059,5.4007461646330155,rev_growth_yoy,0.9983515535503412,True,True,True,False,False
rev_growth_yoy__cs_demean,579.0,0.030329325116929498,0.13512890655835597,0.22444735097321059,5.4007461646330155,rev_growth_yoy,0.9983515535503412,True,True,True,False,False
rev_growth_yoy__cs_zscore,579.0,0.030329325116929498,0.13512890655835597,0.22444735097321059,5.4007461646330155,rev_growth_yoy,0.9983515535503412,True,True,True,False,False
short_pct_float__ts_decay_linear__w20,560.0,-0.041436625631221996,0.1829547621467058,-0.22648563582070216,-5.359628364965273,short_pct_float,0.9981180495168991,True,True,True,False,False
post_earnings_5d__ts_mean__w10,546.0,0.020733350341031503,0.0904712801969002,0.22917052014636888,5.354945705426887,post_earnings_5d,0.9980844957290711,True,True,True,True,True
rev_x_low52w__ts_decay_linear__w20,560.0,0.03262828780805753,0.14423323312931163,0.22621893096443862,5.353316976132493,rev_x_low52w,0.9980808763290165,True,True,True,False,False
post_earnings_3d__ts_mean__w10,533.0,0.020689341058416924,0.08947097553030767,0.231240812294581,5.338608711383568,post_earnings_3d,0.9979792725760414,True,True,True,True,True
post_earnings_3d__ts_std__w10,533.0,0.02056522884467748,0.0890388192680651,0.2309692448050404,5.332339089031858,post_earnings_3d,0.9979399289249373,True,True,True,False,False
post_earnings_3d__ts_decay_linear__w10,528.0,0.020535500285160546,0.08913305044887171,0.2303915346972229,5.293994417200947,post_earnings_3d,0.9976810578685738,True,True,True,False,False
eps_surprise__ts_max__w5,579.0,0.01964313668996164,0.08965380740535946,0.2190998604347882,5.2720726076025155,eps_surprise,0.9975479230329112,True,True,False,False,False
post_earnings_5d__ts_decay_linear__w10,541.0,0.020336609851079507,0.08986662814666319,0.22629768436276443,5.263549875686618,post_earnings_5d,0.9974644702392962,True,True,True,False,False
is_squeeze_setup__ts_std__w20,570.0,-0.03469587488602568,0.15764522455174443,-0.22008833432589855,-5.2545369631032806,is_squeeze_setup,0.9974099423706301,True,True,True,False,False
rsi_above_70__ts_mean__w5,576.0,0.03032032018896273,0.13862632526043603,0.21871978595696176,5.2492748629670825,rsi_above_70,0.9973715425743248,True,True,True,True,True
post_earnings_1d__ts_std__w10,513.0,0.019922615279100043,0.0861750696116077,0.23118769000003783,5.236286348918955,post_earnings_1d,0.9972308729794644,True,True,False,True,False
rsi_above_70__ts_decay_linear__w5,573.0,0.030096831905356416,0.13841479351536382,0.2174394162717565,5.204938285508202,rsi_above_70,0.9969968633605061,True,True,True,False,False
rev_x_low52w__ts_max__w20,579.0,0.030148354757961623,0.13962300663148047,0.21592684103655552,5.195722085883252,rev_x_low52w,0.9969168138882405,True,True,True,False,False
ma5_above_ma20__ts_std__w10,575.0,-0.022705470100386593,0.10521740951060032,-0.2157957528701473,-5.174600371058268,ma5_above_ma20,0.996715714290042,True,True,True,False,False
rev_growth_qoq__ts_std__w10,316.0,0.026994456883622057,0.09279297464690438,0.2909105671667635,5.171339358059478,rev_growth_qoq,0.9964050829840411,True,True,True,True,True
post_earnings_5d__ts_max__w10,550.0,0.019846926714457206,0.09036104903876753,0.21964028666756952,5.15102131038852,post_earnings_5d,0.9964643032440313,True,True,False,False,False
post_earnings_3d__ts_max__w10,537.0,0.019858180165706014,0.08958469936766619,0.22166932864512606,5.136801087027193,post_earnings_3d,0.9963054508700757,True,True,False,False,False
obv__ts_max__w20,579.0,0.03330821896598908,0.15699441996748995,0.21216180150152134,5.105126127675866,obv,0.9959797444938107,True,True,True,True,True
post_earnings_1d__ts_mean__w10,513.0,0.01936507965908184,0.0860099058493458,0.22514941119690965,5.099522333206086,post_earnings_1d,0.9958653016858725,True,True,False,False,False
eps_surprise__ts_decay_linear__w5,575.0,0.019277298442104678,0.09076314152395201,0.21239126498301603,5.092963619409066,eps_surprise,0.9958334612947761,True,True,False,False,False
rev_growth_yoy__ts_min__w5,579.0,0.02895722844807654,0.1378785598576525,0.21001980640044643,5.053584544419783,rev_growth_yoy,0.9953389708907953,True,True,True,False,False
rev_growth_yoy__ts_max__w5,579.0,0.02812787622040198,0.13447956769358801,0.20916096551181224,5.032918755248251,rev_growth_yoy,0.9950573363340078,True,True,True,False,False
rsi_above_70__ts_max__w5,577.0,0.028777258304482623,0.13761064521005217,0.2091208733202023,5.02325575526309,rsi_above_70,0.9949189923028356,True,True,True,False,False
obv__scale,579.0,0.033464545940423744,0.16034181226310268,0.2087075446391502,5.022008352303525,obv,0.9949025894117811,True,True,True,False,False
obv__cs_zscore,579.0,0.033464545940423744,0.16034181226310268,0.2087075446391502,5.022008352303525,obv,0.9949025894117811,True,True,True,False,False
obv__signed_power_p05,579.0,0.033464545940423744,0.16034181226310268,0.2087075446391502,5.022008352303525,obv,0.9949025894117811,True,True,True,False,False
obv__cs_rank,579.0,0.033464545940423744,0.16034181226310268,0.2087075446391502,5.022008352303525,obv,0.9949025894117811,True,True,True,False,False
obv__cs_demean,579.0,0.033464545940423744,0.16034181226310268,0.2087075446391502,5.022008352303525,obv,0.9949025894117811,True,True,True,False,False
post_earnings_5d__ts_std__w10,546.0,0.019995065096309893,0.09316848755364963,0.21461188886205804,5.01475936722326,post_earnings_5d,0.9947706982176893,True,True,False,False,False
rev_growth_yoy__ts_min__w20,579.0,0.028430295182131332,0.1364266207648171,0.20839257780299128,5.014429488373984,rev_growth_yoy,0.9947925601539771,True,True,True,False,False
obv__ts_decay_linear__w10,570.0,0.03350387989637074,0.15960272944781448,0.20992046948248183,5.011782517170412,obv,0.9947466309590047,True,True,True,False,False
eps_surprise__ts_mean__w5,578.0,0.01888686099724887,0.09066104148105908,0.2083238918140458,5.008446043886072,eps_surprise,0.9947034273890801,True,True,False,False,False
post_earnings_1d__ts_max__w10,517.0,0.018953166582909665,0.0860681335762285,0.22021119542604345,5.007081564697144,post_earnings_1d,0.994630106387884,True,True,False,False,False
post_earnings_1d__ts_decay_linear__w10,508.0,0.019145780838638476,0.0861830155558365,0.2221525983415404,5.007065277240558,post_earnings_1d,0.994620940351826,True,True,False,False,False
obv__ts_max__w5,579.0,0.032973101994683625,0.15856224880675301,0.20795051938793727,5.003792493643172,obv,0.9946345540848525,True,True,True,False,False
pre_earnings_drift__group_neutralize,579.0,0.017154875878468815,0.08252644116312853,0.2078712669138256,5.0018854874177014,pre_earnings_drift,0.9946057784126519,True,True,False,True,False
obv__ts_min__w5,579.0,0.03304569017490882,0.15979776151229189,0.2067969529871474,4.9760348957579605,obv,0.9942018890479108,True,True,True,False,False
rev_growth_yoy__ts_mean__w5,578.0,0.028335321870796005,0.13692748582593334,0.20693669864658717,4.9750956582382,rev_growth_yoy,0.9941859022779922,True,True,True,False,False
obv__ts_max__w10,579.0,0.032599966546686523,0.15787111200609638,0.20649735174746622,4.968825765246455,obv,0.9940845493241188,True,True,True,False,False
rev_growth_yoy__ts_delta__w20,550.0,0.017437579818367244,0.08240053609868934,0.21161973749154533,4.9629227591002065,rev_growth_yoy,0.9939614288932188,True,True,False,False,False
rsi_above_70__ts_mean__w20,570.0,0.03251826058763931,0.15651316206682753,0.2077669389476315,4.9603676803450005,rsi_above_70,0.9939365336843875,True,True,True,False,False
obv__ts_std__w20,570.0,0.024850884989516292,0.11967983094362675,0.20764472002990964,4.957449743677766,obv,0.9938873895073856,True,True,True,False,False
rev_growth_yoy__ts_max__w10,579.0,0.027709372035509196,0.1346315211557147,0.20581637790054055,4.952439887328751,rev_growth_yoy,0.9938099439178114,True,True,True,False,False
rev_growth_yoy__ts_min__w10,579.0,0.028051810550527814,0.13658257949181996,0.20538351709932276,4.9420242094343125,rev_growth_yoy,0.9936295505174537,True,True,True,False,False
obv__ts_mean__w5,578.0,0.032858433532754396,0.1599412214981592,0.2054406814264112,4.939128964918819,obv,0.9935777144954572,True,True,True,False,False
rev_growth_yoy__ts_decay_linear__w5,575.0,0.028079173697046624,0.13634536236192113,0.20594153853588382,4.938304612349564,rev_growth_yoy,0.9935605061464352,True,True,True,False,False
obv__ts_min__w10,579.0,0.03238895667193903,0.15903480317106333,0.20365955140712405,4.9005414248982975,obv,0.9928638731824906,True,True,True,False,False
short_pct_float__group_neutralize,579.0,-0.028629058608911614,0.14072902114701966,-0.2034339354851536,-4.8951125600888945,short_pct_float,0.9927578605341758,True,True,True,False,False
eps_surprise__ts_decay_linear__w10,570.0,0.019005504448639493,0.09272572287864066,0.2049647482771731,4.893466295041299,eps_surprise,0.9927168845659617,True,True,False,False,False
rev_x_low52w__ts_mean__w20,570.0,0.02942382404281302,0.1437389356224775,0.20470322752419076,4.887222572640595,rev_x_low52w,0.9925926608365246,True,True,True,False,False
rsi_above_70__ts_std__w20,570.0,0.03129099208779253,0.1529614490853874,0.20456783244989404,4.8839900595467345,rsi_above_70,0.9925276135936214,True,True,True,False,False
obv__ts_mean__w20,570.0,0.032259966470807505,0.15770328948645715,0.20456115136125835,4.883830550741793,obv,0.9925243907823226,True,True,True,False,False
obv__ts_mean__w10,575.0,0.03233852673072413,0.15905103410032742,0.2033217005701792,4.875483104840076,obv,0.9923589348100698,True,True,True,False,False
obv__ts_decay_linear__w5,575.0,0.03252588163617911,0.16008283619625238,0.20318156779971241,4.872122839049807,obv,0.9922894102002281,True,True,True,False,False
rsi_above_70__ts_decay_linear__w20,560.0,0.032302826462916115,0.15728372823043874,0.20537932834087427,4.860161969056097,rsi_above_70,0.9920219585570527,True,True,True,False,False
rsi_above_70__ts_decay_linear__w10,570.0,0.0297048060976685,0.14682010309198565,0.2023211091130883,4.830350275069874,rsi_above_70,0.9913719952041946,True,True,True,False,False
eps_surprise__cs_demean,579.0,0.017979263131015298,0.08999938637210111,0.19977095240050086,4.8069723269349955,eps_surprise,0.990830706103388,True,True,False,False,False
eps_surprise__scale,579.0,0.017979263131015298,0.08999938637210111,0.19977095240050086,4.8069723269349955,eps_surprise,0.990830706103388,True,True,False,False,False
eps_surprise__cs_rank,579.0,0.017979263131015298,0.08999938637210111,0.19977095240050086,4.8069723269349955,eps_surprise,0.990830706103388,True,True,False,False,False
eps_surprise__cs_zscore,579.0,0.017979263131015298,0.08999938637210111,0.19977095240050086,4.8069723269349955,eps_surprise,0.990830706103388,True,True,False,False,False
eps_surprise__signed_power_p05,579.0,0.017979263131015298,0.08999938637210111,0.19977095240050086,4.8069723269349955,eps_surprise,0.990830706103388,True,True,False,False,False
eightk_material_agreement_30d__ts_argmax__w10,558.0,0.018758380119668263,0.09266623066359551,0.20242951488732136,4.781794782465478,eightk_material_agreement_30d,0.9901789176410399,True,True,False,True,False
eps_surprise__ts_mean__w10,575.0,0.018707585113294335,0.09410761671221314,0.19878927728563434,4.766799412514992,eps_surprise,0.98980721659471,True,True,False,False,False
is_squeeze_setup__ts_std__w5,578.0,-0.023532563710726786,0.11897072619512254,-0.19780129501883761,-4.755465659200231,is_squeeze_setup,0.9895058031948878,True,True,True,False,False
rsi_above_70__ts_mean__w10,575.0,0.02912821429954185,0.14736545716902466,0.19765971523525003,4.739713466071137,rsi_above_70,0.9890652690830422,True,True,True,False,False
ma_20__ts_std__w5,578.0,0.029274909384348673,0.14959790071596007,0.1956906430119807,4.704722143409932,ma_20,0.9880409514399081,True,True,True,True,True
obv__ts_decay_linear__w20,560.0,0.03133160851236231,0.15814894436806118,0.1981145599014814,4.688246170283328,obv,0.9875047230987697,True,True,True,False,False
intraday_momentum__ts_mean__w20,570.0,0.04227130959379263,0.21589898136652466,0.19579207519293484,4.67447172670483,intraday_momentum,0.9870748900524074,True,True,True,True,True
eightk_material_agreement_30d__ts_std__w10,574.0,-0.01881836855566704,0.09651586920447093,-0.19497693706513614,-4.6713153861317664,eightk_material_agreement_30d,0.9869767674746768,True,True,False,False,False
vwap_dev_eod__ts_mean__w20,570.0,0.042102654585298493,0.2164528188859527,0.19451192551796728,4.643908572114996,vwap_dev_eod,0.9860424048394928,True,True,True,True,True
rsi_above_70__cs_demean,562.0,0.02338206492073416,0.11961975048255695,0.19546993557843736,4.633915686743945,rsi_above_70,0.9856782037558834,True,True,True,False,False
rsi_above_70__cs_zscore,562.0,0.02338206492073416,0.11961975048255695,0.19546993557843736,4.633915686743945,rsi_above_70,0.9856782037558834,True,True,True,False,False
rsi_above_70__scale,562.0,0.02338206492073416,0.11961975048255695,0.19546993557843736,4.633915686743945,rsi_above_70,0.9856782037558834,True,True,True,False,False
rsi_above_70__signed_power_p05,562.0,0.02338206492073416,0.11961975048255695,0.19546993557843736,4.633915686743945,rsi_above_70,0.9856782037558834,True,True,True,False,False
rsi_above_70__cs_rank,562.0,0.02338206492073416,0.11961975048255695,0.19546993557843736,4.633915686743945,rsi_above_70,0.9856782037558834,True,True,True,False,False
eps_surprise__group_neutralize,579.0,0.016743844711626765,0.08736560595967037,0.1916525906013408,4.611624905101756,eps_surprise,0.9848878511351531,True,True,False,False,False
ma_10__ts_std__w10,575.0,0.02893676140660781,0.15069605712164375,0.19202069356897436,4.604494476732296,ma_10,0.9846133107502616,True,True,True,True,True
rev_growth_yoy__ts_decay_linear__w10,570.0,0.02644843034262133,0.13719489046473185,0.19277999532657758,4.602559305530534,rev_growth_yoy,0.9845323393227369,True,True,True,False,False
rev_growth_yoy__ts_mean__w10,575.0,0.02623548341818246,0.13686235185106066,0.1916924783430071,4.596624152096671,rev_growth_yoy,0.9843117714150625,True,True,True,False,False
obv__ts_min__w20,579.0,0.029990081388768727,0.15735789527124872,0.19058517106544126,4.5859402091605155,obv,0.9839001591732984,True,True,True,False,False
rev_growth_yoy__ts_decay_linear__w20,560.0,0.0266877017354484,0.13775679065070132,0.1937305711710302,4.584502061893093,rev_growth_yoy,0.9838145768028835,True,True,True,False,False
insider_60d__ts_delta__w10,569.0,-0.018804269886380714,0.09796033331534379,-0.19195800228494475,-4.578912607907917,insider_60d,0.9836054661447732,True,True,False,True,False
post_earnings_1d__ts_rank__w10,521.0,-0.017107505644060998,0.08568722788688281,-0.19965059047825554,-4.557109463574766,post_earnings_1d,0.9826283851948707,True,True,False,False,False
vwap_dev_eod__ts_min__w10,579.0,0.04026290411706896,0.2129256768674812,0.18909370024981736,4.550051813720713,vwap_dev_eod,0.9824273259569181,True,True,True,False,False
rsi_above_70__ts_min__w5,505.0,0.021422532382657376,0.10610429156885298,0.20190071547441518,4.5371542787396795,rsi_above_70,0.9817391683261504,True,True,True,False,False
eps_surprise__ts_min__w5,579.0,0.01714880971286838,0.09096195560011104,0.18852727604338626,4.536422277229533,eps_surprise,0.9818384558236218,True,True,False,False,False
rsi_above_70__ts_std__w10,575.0,0.02630379677774448,0.13905476503401779,0.18916141975652276,4.535931499314606,rsi_above_70,0.9818107032040689,True,True,True,False,False
insider_60d__ts_rank__w10,575.0,-0.01763499956235612,0.09358958958007313,-0.1884290725227298,-4.518370429565431,insider_60d,0.9810262044482643,True,True,False,False,False
intraday_momentum__ts_min__w5,579.0,0.039433402683104454,0.21006320492604177,0.18772160834634516,4.517035963664696,intraday_momentum,0.9809718034027703,True,True,True,False,False
insider_60d__ts_delta__w5,574.0,-0.017195715549175716,0.09137437586576455,-0.18818969088705398,-4.508704525696785,insider_60d,0.9805805710060291,True,True,False,False,False
vwap_dev_eod__ts_min__w5,579.0,0.03985298566146387,0.2127857284449934,0.18729162877935276,4.50668961523494,vwap_dev_eod,0.9804949848420873,True,True,True,False,False
rev_growth_yoy__ts_argmax__w20,533.0,-0.017413819994092146,0.0892319284149907,-0.19515234404781368,-4.505441723900208,rev_growth_yoy,0.9803565489810382,True,True,False,False,False
insider_60d__ts_rank__w20,570.0,-0.01839017231031212,0.09839758100895013,-0.1868965895476574,-4.462094917770234,insider_60d,0.978306041984359,True,True,False,False,False
obv_trend__ts_std__w20,570.0,-0.01868031898610006,0.10045231067300912,-0.18596206359959164,-4.439783416562635,obv_trend,0.9771431685463596,True,True,False,True,False
intraday_momentum__ts_min__w10,579.0,0.03872313998596099,0.20986970118583287,0.18451038795577687,4.4397662336680925,intraday_momentum,0.9771580378439754,True,True,True,False,False
is_squeeze_setup__ts_max__w20,579.0,-0.034079922975673076,0.18516500555600376,-0.18405164017541906,-4.428727652439316,is_squeeze_setup,0.9765636294272331,True,True,True,False,False
vwap_dev_eod__ts_mean__w5,578.0,0.03965184270295592,0.21526250485417675,0.1842022730796378,4.428522997755996,vwap_dev_eod,0.9765507365621847,True,True,True,False,False
vwap__ts_argmax__w20,578.0,-0.033052441570151636,0.18055140477711587,-0.18306388483076977,-4.401154288042475,vwap,0.9750196879178038,True,True,True,True,True
rsi_above_70__ts_max__w10,579.0,0.026362528516482228,0.14431489848874243,0.18267364487346183,4.395569752336427,rsi_above_70,0.9746989589691217,True,True,True,False,False
vwap_dev_eod__ts_mean__w10,575.0,0.03956045020580024,0.2159743049421798,0.18317202232178167,4.392310794198709,vwap_dev_eod,0.9745018199092788,True,True,True,False,False
vwap_dev_eod__ts_min__w20,579.0,0.03853061968593924,0.21137801771746442,0.18228300228191502,4.3861699466853885,vwap_dev_eod,0.9741481671218389,True,True,True,False,False
vwap__ts_argmax__w10,578.0,-0.03196539532044055,0.17526466738691251,-0.18238356764671834,-4.384798353639658,vwap,0.9740651296309226,True,True,True,False,False
rev_growth_yoy__ts_max__w20,579.0,0.024120647857925892,0.1329754626345753,0.181391719795786,4.364723534207388,rev_growth_yoy,0.9728536657863001,True,True,True,False,False
intraday_momentum__ts_mean__w5,578.0,0.0385050875782906,0.21252272532440328,0.1811810361433813,4.355887535499256,intraday_momentum,0.972302854752756,True,True,True,False,False
vwap_dev_eod__ts_max__w20,579.0,0.03943556490941374,0.21795094068269208,0.18093780547993477,4.353801257825975,vwap_dev_eod,0.9721737826898793,True,True,True,False,False
eps_surprise__ts_decay_linear__w20,560.0,0.01774233600198322,0.09674110679084318,0.1834001758977455,4.340040291382262,eps_surprise,0.9712594564428098,True,True,False,False,False
intraday_momentum__ts_mean__w10,575.0,0.038614119382113794,0.2139024603632342,0.18052209084711787,4.328767669694652,intraday_momentum,0.9705538286131912,True,True,True,False,False
vwap_dev_eod__ts_decay_linear__w10,570.0,0.039064004596798506,0.21641459349718464,0.18050540846408628,4.309507560769372,vwap_dev_eod,0.9692508817007206,True,True,True,False,False
rsi_14__ts_mean__w20,570.0,0.03447266666572765,0.19127322148826878,0.18022735434422502,4.302869109644604,rsi_14,0.968794387343302,True,True,True,True,True
iv_skew_snap__group_neutralize,579.0,0.015217870720820011,0.08514998292034413,0.17871842364379548,4.300397562538807,iv_skew_snap,0.968641096400339,True,True,False,True,False
intraday_momentum__ts_max__w20,579.0,0.03733914775834002,0.20904731848873276,0.1786157700001903,4.2979274675718475,intraday_momentum,0.9684690669082968,True,True,True,False,False
is_squeeze_setup__ts_mean__w20,570.0,-0.033903866960171926,0.18898506552873298,-0.1793997153442648,-4.28310949934669,is_squeeze_setup,0.9674021659640122,True,True,True,False,False
ma5_above_ma20__ts_argmax__w10,578.0,0.02061079959552414,0.11596464312264465,0.1777334801412365,4.273002667759599,ma5_above_ma20,0.9666868969797792,True,True,True,False,False
ma_10__ts_std__w20,570.0,0.027256914410528597,0.1526839393938101,0.17851854306841136,4.262071799604378,ma_10,0.9658637046166102,True,True,True,False,False
vwap_dev_eod__cs_demean,579.0,0.03741105393971779,0.21206235545521968,0.17641534660600205,4.244979958255289,vwap_dev_eod,0.964589036544637,True,True,True,False,False
vwap_dev_eod__scale,579.0,0.03741105393971779,0.21206235545521968,0.17641534660600205,4.244979958255289,vwap_dev_eod,0.964589036544637,True,True,True,False,False
vwap_dev_eod__cs_rank,579.0,0.03741105393971779,0.21206235545521968,0.17641534660600205,4.244979958255289,vwap_dev_eod,0.964589036544637,True,True,True,False,False
vwap_dev_eod__signed_power_p05,579.0,0.03741105393971779,0.21206235545521968,0.17641534660600205,4.244979958255289,vwap_dev_eod,0.964589036544637,True,True,True,False,False
vwap_dev_eod__cs_zscore,579.0,0.03741105393971779,0.21206235545521968,0.17641534660600205,4.244979958255289,vwap_dev_eod,0.964589036544637,True,True,True,False,False
intraday_momentum__ts_decay_linear__w10,570.0,0.03800731624398335,0.21392951788321274,0.17766279576590313,4.241641112780936,intraday_momentum,0.9643126923884147,True,True,True,False,False
vwap_dev_eod__ts_decay_linear__w5,575.0,0.03800117266968022,0.21486404837161982,0.17686147569906618,4.240989202085941,vwap_dev_eod,0.964272911777701,True,True,True,False,False
obv_trend__ts_std__w10,575.0,-0.01817547165872418,0.10286224907031005,-0.17669720254999083,-4.237050070352093,obv_trend,0.9639669716821504,True,True,False,False,False
obv_trend__ts_argmax__w20,578.0,0.01926420733507093,0.1095450463658212,0.17585648985659197,4.2278767607708225,obv_trend,0.9632525139533353,True,True,False,False,False
eps_surprise__ts_mean__w20,570.0,0.017220650572591773,0.09730625199780021,0.17697373209874612,4.225189943208056,eps_surprise,0.9630220038624915,True,True,False,False,False
vwap_dev_eod__ts_max__w5,579.0,0.03796661662980774,0.2166863383660662,0.17521463012433938,4.2160878153761985,vwap_dev_eod,0.9623109826495871,True,True,True,False,False
intraday_momentum__ts_decay_linear__w5,575.0,0.03722345367025699,0.2118051074889319,0.1757438907473095,4.214190456377867,intraday_momentum,0.962148700776488,True,True,True,False,False
bb_width__ts_delta__w20,559.0,0.02416931698743076,0.13568126969995364,0.17813303959256077,4.2116316677882715,bb_width,0.9619050002980585,True,True,True,True,True
bb_lower__ts_std__w10,575.0,0.02564411939706957,0.1462491194424479,0.17534546187241198,4.20463646758771,bb_lower,0.9613667909843124,True,True,True,True,True
ma_20__ts_std__w10,575.0,0.026499126483493465,0.15130979834032934,0.17513159606419568,4.199508145663697,ma_20,0.9609416575859865,True,True,True,False,False
vwap_dev_eod__ts_decay_linear__w20,560.0,0.03841221865601743,0.21649988931887082,0.17742373345716672,4.198611850191996,vwap_dev_eod,0.9608333447417294,True,True,True,False,False
insider_60d__ts_rank__w5,578.0,-0.015603393796261186,0.08952549219071544,-0.1742899526653414,-4.19021465235974,insider_60d,0.9601680397950726,True,True,False,False,False
intraday_momentum__ts_max__w10,579.0,0.036491678809471954,0.20968484118114666,0.1740310773249784,4.187608672209334,intraday_momentum,0.9599491877920828,True,True,True,False,False
rsi_14__ts_max__w20,579.0,0.03129730734308125,0.17987583155996867,0.1739939550058289,4.18671541941798,rsi_14,0.9598731979286036,True,True,True,False,False
intraday_momentum__ts_min__w20,579.0,0.03601851829870677,0.20705664931608664,0.17395489793579122,4.185775611840421,intraday_momentum,0.9597931205642342,True,True,True,False,False
intraday_momentum__scale,579.0,0.03608066849728258,0.20801316200683237,0.1734537764302505,4.173717416288862,intraday_momentum,0.9587540671855206,True,True,True,False,False
intraday_momentum__cs_rank,579.0,0.03608066849728258,0.20801316200683237,0.1734537764302505,4.173717416288862,intraday_momentum,0.9587540671855206,True,True,True,False,False
intraday_momentum__cs_zscore,579.0,0.03608066849728258,0.20801316200683237,0.1734537764302505,4.173717416288862,intraday_momentum,0.9587540671855206,True,True,True,False,False
intraday_momentum__cs_demean,579.0,0.03608066849728258,0.20801316200683237,0.1734537764302505,4.173717416288862,intraday_momentum,0.9587540671855206,True,True,True,False,False
intraday_momentum__signed_power_p05,579.0,0.03608066849728258,0.20801316200683237,0.1734537764302505,4.173717416288862,intraday_momentum,0.9587540671855206,True,True,True,False,False
bb_lower__ts_std__w20,570.0,0.025917165956418145,0.14832010145248675,0.1747380544013484,4.171813869757626,bb_lower,0.958567984811643,True,True,True,False,False
rsi_above_70__ts_max__w20,579.0,0.025845610266697284,0.14945242209824988,0.17293537236690887,4.161243360593027,rsi_above_70,0.9576562629356408,True,True,True,False,False
vwap_dev_eod__ts_max__w10,579.0,0.03761437011755946,0.21762845075607765,0.17283755863206693,4.158889725537833,vwap_dev_eod,0.957446485917506,True,True,True,False,False
intraday_momentum__ts_decay_linear__w20,560.0,0.03774187508450159,0.21498767769588165,0.17555366655893032,4.154357990313195,intraday_momentum,0.9569965317366815,True,True,True,False,False
ma5_above_ma20__ts_std__w20,570.0,-0.019893562949284727,0.11466596635162012,-0.17349143413906834,-4.142051218923964,ma5_above_ma20,0.955900444828736,True,True,False,False,False
return_20d__ts_argmax__w10,569.0,0.023432008620582676,0.13516505167082393,0.173358485281004,4.135244920723294,return_20d,0.9552689343973788,True,True,True,True,True
bb_upper__ts_delta__w20,559.0,0.029757346271997116,0.17030106425137234,0.1747337657742049,4.131262022192952,bb_upper,0.9548735879760928,True,True,True,True,True
ma_20__ts_argmax__w20,578.0,-0.02739115671290784,0.15942400287877123,-0.17181325407903947,-4.130670779938546,ma_20,0.9548627419319569,True,True,True,False,False
eps_surprise__ts_min__w10,579.0,0.015984852225832118,0.09335117952823489,0.17123353241613146,4.1202929749140385,eps_surprise,0.9538843543870755,True,True,False,False,False
intraday_momentum__ts_max__w5,579.0,0.03619716563945084,0.21147819537737939,0.17116263723953948,4.1185870654817816,intraday_momentum,0.9537215204778838,True,True,True,False,False
eps_surprise__ts_max__w20,579.0,0.016282046097104715,0.09523180194554466,0.1709727818278089,4.114018685047383,eps_surprise,0.9532831695512047,True,True,False,False,False
vwap__ts_rank__w20,570.0,0.031174746627859226,0.18117401225054997,0.17207074149656137,4.1081326469736315,vwap,0.9526925031664077,True,True,True,False,False
ma_5__ts_std__w20,570.0,0.02635752254686654,0.15368954463678447,0.17149847511850888,4.094469974458852,ma_5,0.9513483233402187,True,True,True,True,True
days_to_earnings__ts_max__w10,579.0,-0.014772724766550878,0.08723020589758142,-0.169353317632837,-4.075050459306109,days_to_earnings,0.9494065160678972,True,True,False,True,False
eightk_material_agreement_30d__ts_argmax__w5,474.0,0.016766469972614145,0.09001925503659096,0.18625426266634756,4.055042326696035,eightk_material_agreement_30d,0.9470148729420872,True,True,False,False,False
days_to_earnings__ts_mean__w5,578.0,-0.014661312391245669,0.08721195147000638,-0.16811127539426673,-4.041669176056977,days_to_earnings,0.9458821515376197,True,True,False,False,False
days_to_earnings__ts_max__w20,579.0,-0.014712837723776781,0.08773856103996912,-0.16768952612608246,-4.035015611223067,days_to_earnings,0.9451597503675839,True,True,False,False,False
ma_10__ts_std__w5,578.0,0.025032671332063803,0.14921015864719814,0.16776787558582135,4.03341328472784,ma_10,0.9449816609484216,True,True,True,False,False
days_to_earnings__ts_mean__w10,575.0,-0.014683218913175753,0.08735705032335807,-0.1680828148251895,-4.030484309328892,days_to_earnings,0.9446520925261916,True,True,False,False,False
rev_growth_yoy__ts_rank__w20,554.0,0.014130476201590728,0.08265196873591063,0.17096357676294913,4.0240046840290535,rev_growth_yoy,0.9438805560718496,True,True,False,False,False
days_to_earnings__ts_decay_linear__w5,575.0,-0.014620955695232342,0.0873396005816912,-0.1674035099525896,-4.014195150719119,days_to_earnings,0.9428320753632988,True,True,False,False,False
days_to_earnings__ts_max__w5,579.0,-0.01452693724366859,0.087214236507145,-0.1665661229801453,-4.007983814209429,days_to_earnings,0.9421354876748677,True,True,False,False,False
obv__ts_std__w10,575.0,0.02015710209501261,0.12064007089183977,0.16708463403577176,4.006548774849618,obv,0.9419615554431471,True,True,True,False,False
eightk_material_agreement_30d__ts_std__w5,550.0,-0.016341001961271768,0.09571842570881893,-0.17071950191682064,-4.003727211499309,eightk_material_agreement_30d,0.9415733255775848,True,True,False,False,False
days_to_earnings__ts_min__w10,579.0,-0.014482016246937204,0.08719292766046101,-0.16609163880047464,-3.996566577149495,days_to_earnings,0.940819204102102,True,True,False,False,False
days_to_earnings__scale,579.0,-0.014482016246937204,0.08719292766046101,-0.16609163880047464,-3.996566577149495,days_to_earnings,0.940819204102102,True,True,False,False,False
days_to_earnings__signed_power_p05,579.0,-0.014482016246937204,0.08719292766046101,-0.16609163880047464,-3.996566577149495,days_to_earnings,0.940819204102102,True,True,False,False,False
days_to_earnings__ts_min__w5,579.0,-0.014482016246937204,0.08719292766046101,-0.16609163880047464,-3.996566577149495,days_to_earnings,0.940819204102102,True,True,False,False,False
days_to_earnings__cs_demean,579.0,-0.014482016246937204,0.08719292766046101,-0.16609163880047464,-3.996566577149495,days_to_earnings,0.940819204102102,True,True,False,False,False
days_to_earnings__cs_rank,579.0,-0.014482016246937204,0.08719292766046101,-0.16609163880047464,-3.996566577149495,days_to_earnings,0.940819204102102,True,True,False,False,False
days_to_earnings__cs_zscore,579.0,-0.014482016246937204,0.08719292766046101,-0.16609163880047464,-3.996566577149495,days_to_earnings,0.940819204102102,True,True,False,False,False
days_to_earnings__ts_min__w20,579.0,-0.014482016246937204,0.08719292766046101,-0.16609163880047464,-3.996566577149495,days_to_earnings,0.940819204102102,True,True,False,False,False
insider_net_shares__ts_max__w5,578.0,0.015610741132787672,0.09390922449598536,0.16623224413332297,3.996494200670032,insider_net_shares,0.9408083436308893,True,True,False,True,False
days_to_earnings__ts_decay_linear__w10,570.0,-0.014612136901940069,0.08736315816676801,-0.1672574253101849,-3.993216298072706,days_to_earnings,0.9404061891946018,True,True,False,False,False
vwap__ts_rank__w10,575.0,0.029181345566943327,0.17568857121536832,0.16609700542883518,3.982866272817258,vwap,0.9391987963282201,True,True,True,False,False
post_earnings_3d__ts_argmax__w10,491.0,-0.015847836894622352,0.08828831166542332,-0.17950096219620992,-3.977475626049556,post_earnings_3d,0.9383105038761711,True,True,False,False,False
is_squeeze_setup__ts_argmax__w5,536.0,0.018238568120671456,0.10674419675642179,0.17086238573034382,3.955750220072184,is_squeeze_setup,0.9358043989885124,True,True,False,False,False
days_to_earnings__ts_mean__w20,570.0,-0.014499370654539446,0.08758077698720827,-0.16555425920298894,-3.9525537645859745,days_to_earnings,0.9355002385246303,True,True,False,False,False
rev_growth_yoy__ts_mean__w20,570.0,0.02282876496474156,0.1380039563478301,0.16542109058962862,3.949374407518412,rev_growth_yoy,0.9351037253713024,True,True,True,False,False
is_squeeze_setup__ts_argmax__w10,569.0,0.018655413983619015,0.11340408232533325,0.16450390145656685,3.924030149633375,is_squeeze_setup,0.9318719471443473,True,True,False,False,False
rsi_above_70__ts_std__w5,576.0,0.01994928678901262,0.12210211370620695,0.16338199383683982,3.9211678520841557,rsi_above_70,0.9315175540982801,True,True,False,False,False
is_squeeze_setup__ts_decay_linear__w20,560.0,-0.03132184267642172,0.18917224172980596,-0.16557314323714892,-3.9181757013182144,is_squeeze_setup,0.9310847290357742,True,True,True,False,False
vwap__ts_argmax__w5,578.0,-0.028007312008836452,0.17313401156925304,-0.16176666707473372,-3.8891344467886877,vwap,0.9272467151549016,True,True,True,False,False
eightk_exec_change_30d__ts_argmax__w10,577.0,0.013586176696768268,0.08428197421828956,0.16119907990740928,3.872134775604834,eightk_exec_change_30d,0.9248929900377895,True,True,False,True,False
rev_growth_yoy__ts_std__w10,311.0,0.02120717210638646,0.09664680085083478,0.21942963367321106,3.8696837397468844,rev_growth_yoy,0.9232804817874314,True,True,True,False,False
vwap_dev_eod__group_neutralize,579.0,0.02415636489934025,0.15030451415307616,0.1607161636857988,3.867219643524375,vwap_dev_eod,0.9242075850267314,True,True,True,False,False
rsi_14__ts_decay_linear__w20,560.0,0.030983463672064893,0.1901175126814446,0.1629700664345419,3.8565756611351785,rsi_14,0.9226451391268385,True,True,True,False,False
post_earnings_1d__ts_argmax__w10,487.0,-0.015157730173918409,0.0870865506847628,-0.17405362888681383,-3.84102879576054,post_earnings_1d,0.9201640991767924,True,True,False,False,False
obv__ts_std__w5,578.0,0.019323690746712373,0.12112563767512084,0.1595342746392117,3.8354640925881633,obv,0.919625911541375,True,True,False,False,False
post_earnings_3d__ts_std__w20,570.0,0.014870719250884908,0.09260126282818092,0.16058873061458262,3.8340033943946508,post_earnings_3d,0.9193893279123366,True,True,False,False,False
vwap__ts_std__w5,578.0,0.023167505122452987,0.1453323165101034,0.1594105542303277,3.8324896522250005,vwap,0.9191864586114069,True,True,True,False,False
rev_x_low52w__ts_delta__w10,495.0,0.01872345503257217,0.1087024781999166,0.17224496941217424,3.8322086446932158,rev_x_low52w,0.9188939002496255,True,True,False,False,False
rev_x_low52w__ts_std__w10,490.0,0.023081950430343237,0.13431217119102332,0.17185300651208524,3.804128463281567,rev_x_low52w,0.914633961987916,True,True,True,False,False
vwap__ts_rank__w5,578.0,0.027281343987641222,0.1731803993390855,0.15753136089162506,3.7873107802244546,vwap,0.9122854426374157,True,True,True,False,False
days_to_earnings__ts_decay_linear__w20,560.0,-0.013981964312478912,0.08792606061652383,-0.15901956956151064,-3.763089842400225,days_to_earnings,0.9083595252174388,True,True,False,False,False
vwap__ts_delta__w10,569.0,0.03187231870915487,0.2020631713297607,0.1577344278000084,3.76255301449991,vwap,0.9082968913250358,True,True,True,False,False
rsi_14__ts_mean__w10,575.0,0.029308538266650152,0.18782546389622212,0.1560413463578282,3.7417400390151547,rsi_14,0.9048779782829448,True,True,True,False,False
bb_lower__ts_std__w5,578.0,0.022611009665811088,0.14601546189607462,0.15485352970293173,3.7229313520829264,bb_lower,0.9017005405950447,True,True,True,False,False
return_20d__ts_min__w20,578.0,0.03357205251714183,0.2169719918711921,0.15472989037715182,3.719958861089796,return_20d,0.9011900236841073,True,True,True,False,False
post_earnings_1d__ts_std__w20,570.0,0.01411894984818174,0.09122475741284984,0.15477103199391964,3.695107743536561,post_earnings_1d,0.896824030777357,True,True,False,False,False
low_52w_ratio__ts_mean__w10,343.0,0.05235051105189951,0.26430573466901147,0.19806801058424914,3.668270890782627,low_52w_ratio,0.8909595397965278,True,True,True,True,True
bb_width__ts_delta__w10,569.0,0.020661376831079506,0.1347312796385532,0.15335248716191424,3.658027425589637,bb_width,0.8900817746830386,True,True,True,False,False
rsi_14__ts_max__w10,579.0,0.0274425294145562,0.18110533935300221,0.15152799753223442,3.6461301412481975,rsi_14,0.8878800834197882,True,True,True,False,False
vwap__ts_delta__w20,559.0,0.031222899749876232,0.20308729615612348,0.15374127452006456,3.6349327552926067,vwap,0.8856991722549747,True,True,True,False,False
eightk_filings_30d__ts_rank__w10,575.0,-0.01336905949132204,0.08835093585585138,-0.15131768964093686,-3.6284707300742776,eightk_filings_30d,0.8845023645446015,True,True,False,True,False
intraday_momentum__group_neutralize,579.0,0.022008468149668333,0.14618111718012808,0.15055616330082455,3.622745458937679,intraday_momentum,0.8834058601037424,True,True,True,False,False
vol_x_short__group_neutralize,579.0,-0.02225857730359664,0.14802893323643082,-0.1503663967370851,-3.6181792164008546,vol_x_short,0.8825175294795105,True,True,True,True,True
post_earnings_5d__ts_argmax__w10,486.0,-0.014500333164332836,0.08855092474522458,-0.1637513465393236,-3.609965193435061,post_earnings_5d,0.8806188776783324,True,True,False,False,False
post_earnings_3d__ts_mean__w20,570.0,0.013852213023330513,0.09192738638157576,0.15068646644463718,3.597590077629098,post_earnings_3d,0.8784284151208896,True,True,False,False,False
rsi_14__ts_decay_linear__w10,570.0,0.027998047835255994,0.18597108320607286,0.15055054448562635,3.5943449853351,rsi_14,0.8777787143471982,True,True,True,False,False
is_squeeze_setup__ts_max__w10,579.0,-0.026995088376523136,0.18082860414742227,-0.14928549885014392,-3.5921701987316985,is_squeeze_setup,0.8773656846544153,True,True,True,False,False
bb_upper__ts_std__w5,578.0,0.02094157049366478,0.14032215688772565,0.14923922891536306,3.58795440669356,bb_upper,0.8765132282904089,True,True,True,False,False
vwap__ts_delta__w5,574.0,0.03003015571636093,0.20087223263405252,0.14949878996501043,3.5817364262847873,vwap,0.8752417136037535,True,True,True,False,False
return_20d__ts_mean__w20,569.0,0.03025517998201967,0.20161073189428044,0.15006730890637668,3.579663700428669,return_20d,0.874806051120051,True,True,True,False,False
ma_50__ts_std__w10,545.0,0.023306096222581278,0.15208944251351492,0.1532394085836054,3.577410013817814,ma_50,0.8742784726544188,True,True,True,True,True
return_20d__ts_min__w10,578.0,0.029919207122882298,0.20121672988709646,0.1486914489648554,3.5747848834950915,return_20d,0.8738317044262924,True,True,True,False,False
ma_50__ts_std__w5,548.0,0.022904366693532664,0.15012898891066154,0.1525645836938431,3.571445338280604,ma_50,0.8730631181091971,True,True,True,False,False
volatility_10d__ts_delta__w10,569.0,0.018419203243105635,0.12354306290956588,0.14909135980049792,3.5563836828602886,volatility_10d,0.8699932724829225,True,True,False,True,False
rev_x_low52w__ts_std__w5,429.0,0.023094731423893105,0.13451488897701705,0.17168903457102824,3.5560773965056938,rev_x_low52w,0.8694339207707664,True,True,True,False,False
post_earnings_1d__ts_mean__w20,570.0,0.013598836232185616,0.09135101323316014,0.1488635511625533,3.5540685717771248,post_earnings_1d,0.8695103708097458,True,True,False,False,False
ma5_above_ma20__ts_argmax__w5,576.0,0.015647508024281363,0.10568028972124201,0.14806458295634453,3.553549990952269,ma5_above_ma20,0.8694172205278018,True,True,False,False,False
vol_x_short__ts_delta__w10,569.0,0.018101491576268766,0.12154560071408273,0.1489275750822914,3.552476807907166,vol_x_short,0.869173122685081,True,True,False,False,False
low_52w_ratio__ts_min__w5,347.0,0.04974036910184179,0.2608590980864104,0.19067906569762477,3.551957434299534,low_52w_ratio,0.8680951879704824,True,True,True,False,False
vwap__ts_std__w10,575.0,0.021629849577761776,0.14607554502608192,0.14807303696111315,3.5506666920537797,vwap,0.8688077494143673,True,True,True,False,False
insider_net_shares__ts_max__w10,579.0,0.013084673941210611,0.08872831135337071,0.14746898415658324,3.548460461362518,insider_net_shares,0.8683524384159164,True,True,False,False,False
vwap__ts_std__w20,570.0,0.021843424624201208,0.14700592337681045,0.14858873793956873,3.547507496004777,vwap,0.8681274101034306,True,True,True,False,False
macd_signal__ts_std__w10,575.0,0.02074173810589785,0.14052368569072127,0.14760314607423808,3.5393991044148154,macd_signal,0.8664174186776383,True,True,True,True,True
low_52w_ratio__ts_decay_linear__w5,343.0,0.050390678351548965,0.2641467794687847,0.1907677180576939,3.533067581119607,low_52w_ratio,0.8640529240930048,True,True,True,False,False
bb_pct__ts_std__w10,575.0,-0.016961651606839007,0.11528946702086693,-0.14712230045932137,-3.527868831625494,bb_pct,0.8639403314552669,True,True,False,True,False
macd__ts_min__w5,579.0,0.027752999424228538,0.1898383340898253,0.14619280956762254,3.5177526139014255,macd,0.8617513967113014,True,True,True,True,True
low_52w_ratio__ts_mean__w20,338.0,0.05061969620247149,0.2645952480907522,0.191309921730377,3.517190117059248,low_52w_ratio,0.8605781392413676,True,True,True,False,False
ma_5__ts_std__w10,575.0,0.02226619067248207,0.15222866853118863,0.14626805113203872,3.50738465236274,ma_5,0.859461999669118,True,True,True,False,False
eps_surprise__ts_argmax__w20,571.0,-0.012337529825311125,0.08420129113610206,-0.1465242356601026,-3.5012854473791233,eps_surprise,0.8580989611671926,True,True,False,False,False
rsi_14__ts_min__w10,579.0,0.02577492919882032,0.17716663795916948,0.14548410183615107,3.5006993916379687,rsi_14,0.8579891023688833,True,True,True,False,False
is_squeeze_setup__ts_decay_linear__w10,570.0,-0.02681623505671573,0.18294881390811404,-0.1465778021943568,-3.4994970631210642,is_squeeze_setup,0.8576980530047216,True,True,True,False,False
ma5_above_ma20__ts_min__w20,576.0,0.01996636318109989,0.13702416793431998,0.14571417204788573,3.4971401291492574,ma5_above_ma20,0.8571874959247241,True,True,False,False,False
ma_20__ts_std__w20,570.0,0.022670153957805687,0.1549266801186536,0.14632827567494064,3.493539699121911,ma_20,0.8563657875807733,True,True,True,False,False
post_earnings_5d__ts_mean__w20,570.0,0.013466238928097852,0.0921364352817235,0.1461554149226898,3.4894127052266923,post_earnings_5d,0.8554379008366955,True,True,False,False,False
low_52w_ratio__ts_min__w10,347.0,0.04853572332283726,0.2593093140510189,0.1871730813081704,3.4866481814400276,low_52w_ratio,0.8538626003157099,True,True,True,False,False
eightk_exec_change_30d__ts_min__w10,579.0,0.012010835961833347,0.08319507861741406,0.1443695487934702,3.4738805495155805,eightk_exec_change_30d,0.8519323292821044,True,True,False,False,False
post_earnings_5d__ts_std__w20,570.0,0.013445688162519209,0.0925853412860183,0.14522480530673054,3.467194705166605,post_earnings_5d,0.850372788204602,True,True,False,False,False
vol_surge_eod__ts_mean__w10,575.0,0.01663334404818041,0.11505401188487262,0.14456987440667746,3.466663805004522,vol_surge_eod,0.8502631226853912,True,True,False,True,False
vol_x_short__ts_std__w20,570.0,-0.03147308016416224,0.21749953008625608,-0.14470412948331718,-3.4547637402619933,vol_x_short,0.8474874533550377,True,True,True,False,False
low_52w_ratio__ts_mean__w5,346.0,0.04904547903827005,0.26462517564805876,0.18533942931982647,3.4475126692975673,low_52w_ratio,0.8448443967683201,True,True,True,False,False
low_52w_ratio__ts_decay_linear__w10,338.0,0.04946020253520906,0.2638991622064984,0.18742083954213903,3.445690210973981,low_52w_ratio,0.8443593284730455,True,True,True,False,False
rsi_14__ts_max__w5,579.0,0.026004905959712953,0.18215412148069574,0.142763203754733,3.435228002406336,rsi_14,0.8429009709476465,True,True,True,False,False
rsi_14__ts_min__w20,579.0,0.025341128776076565,0.17809632549830157,0.1422888917285283,3.4238149077752027,rsi_14,0.8401659110817794,True,True,True,False,False
bb_upper__ts_delta__w10,569.0,0.02062721642732914,0.14377085132061782,0.14347286837252693,3.422361756549709,bb_upper,0.8397904705599147,True,True,True,False,False
macd__ts_max__w20,579.0,0.02730481314054366,0.192147038417879,0.1421037418290127,3.419359753346535,macd,0.8390898078390526,True,True,True,False,False
low_52w_ratio__ts_max__w10,347.0,0.04946651056015707,0.26955927743087194,0.18350884091846062,3.4183909459345343,low_52w_ratio,0.8379098715182391,True,True,True,False,False
ma20_above_ma50__ts_delta__w20,549.0,0.01900241594313518,0.1303573582677934,0.14577171703724215,3.415540517239431,ma20_above_ma50,0.8380861776108295,True,True,False,True,False
low_52w_ratio__ts_min__w20,347.0,0.04671192392737033,0.25556161547504613,0.18278145503400697,3.4048412482242107,low_52w_ratio,0.8346114916189468,True,True,True,False,False
vol_zscore_60d__ts_argmax__w10,578.0,-0.014712880223830169,0.10419859442440758,-0.14120037132078442,-3.3946871622774957,vol_zscore_60d,0.8330419432177878,True,True,False,True,False
low_52w_ratio__ts_max__w20,347.0,0.049434721113094,0.2716370592322159,0.1819881324471027,3.3900632858399145,low_52w_ratio,0.8309643892475326,True,True,True,False,False
is_squeeze_setup__ts_rank__w20,570.0,0.015552147430156345,0.1095868805218634,0.1419161432107156,3.3882014803090557,is_squeeze_setup,0.8314090065559652,True,True,False,False,False
rev_x_low52w__ts_std__w20,568.0,0.018897943813872723,0.13297099975385798,0.14212079211899303,3.38712939018235,rev_x_low52w,0.8311363803043915,True,True,False,False,False
high_52w_ratio__ts_max__w20,347.0,0.03975796878606356,0.21877378070915723,0.18173095814858498,3.3852726594636584,high_52w_ratio,0.8297709631287489,True,True,True,True,True
post_earnings_3d__ts_decay_linear__w20,560.0,0.012844232309533528,0.09005638780436485,0.14262433373894431,3.3751077496440836,post_earnings_3d,0.8280963176351788,True,True,False,False,False
low_52w_ratio__ts_decay_linear__w20,328.0,0.04915611944526288,0.2640318643228087,0.18617495116106134,3.3717717716746685,low_52w_ratio,0.826245691785477,True,True,True,False,False
macd_signal__ts_max__w10,579.0,0.027348520300981585,0.19558357125758496,0.13983035551060363,3.3646565795882384,macd_signal,0.8254896431888435,True,True,True,False,False
low_52w_ratio__ts_max__w5,347.0,0.04784963851844037,0.26679121773549563,0.17935237495665937,3.340964563969538,low_52w_ratio,0.8184751615288572,True,True,True,False,False
obv_trend__ts_delta__w20,559.0,-0.019486434424083394,0.1379685886150917,-0.14123819501007687,-3.3393201854426624,obv_trend,0.8189000843371859,True,True,False,False,False
short_ratio__group_neutralize,579.0,-0.01442422540959798,0.10415493343671957,-0.13848816310138176,-3.3323601836857097,short_ratio,0.8171248209870936,True,True,False,False,False
post_earnings_1d__ts_rank__w20,570.0,-0.012607383730237929,0.09058190359616326,-0.13918214598850553,-3.32292819126752,post_earnings_1d,0.8146140218685937,True,True,False,False,False
low_52w_ratio__scale,347.0,0.04689652066211057,0.2632228025413417,0.17816283471393027,3.3188058844464257,low_52w_ratio,0.8126519724528728,True,True,True,False,False
low_52w_ratio__cs_rank,347.0,0.04689652066211057,0.2632228025413417,0.17816283471393027,3.3188058844464257,low_52w_ratio,0.8126519724528728,True,True,True,False,False
low_52w_ratio__cs_zscore,347.0,0.04689652066211057,0.2632228025413417,0.17816283471393027,3.3188058844464257,low_52w_ratio,0.8126519724528728,True,True,True,False,False
low_52w_ratio__cs_demean,347.0,0.04689652066211057,0.2632228025413417,0.17816283471393027,3.3188058844464257,low_52w_ratio,0.8126519724528728,True,True,True,False,False
low_52w_ratio__signed_power_p05,347.0,0.04689652066211057,0.2632228025413417,0.17816283471393027,3.3188058844464257,low_52w_ratio,0.8126519724528728,True,True,True,False,False
eightk_material_agreement_30d__ts_decay_linear__w5,575.0,-0.013747253588269517,0.09933241853833906,-0.1383964448923946,-3.3186301656467885,eightk_material_agreement_30d,0.8134843411346184,True,True,False,False,False
macd_signal__signed_power_p05,579.0,0.027032856583219873,0.19659992692534128,0.13750186485819796,3.30862746226591,macd_signal,0.8108200527901431,True,True,True,False,False
macd_signal__cs_demean,579.0,0.027032856583219873,0.19659992692534128,0.13750186485819796,3.30862746226591,macd_signal,0.8108200527901431,True,True,True,False,False
macd_signal__cs_zscore,579.0,0.027032856583219873,0.19659992692534128,0.13750186485819796,3.30862746226591,macd_signal,0.8108200527901431,True,True,True,False,False
macd_signal__cs_rank,579.0,0.027032856583219873,0.19659992692534128,0.13750186485819796,3.30862746226591,macd_signal,0.8108200527901431,True,True,True,False,False
macd_signal__scale,579.0,0.027032856583219873,0.19659992692534128,0.13750186485819796,3.30862746226591,macd_signal,0.8108200527901431,True,True,True,False,False
is_squeeze_setup__ts_mean__w10,575.0,-0.025286879982086313,0.18342411707252995,-0.1378601701110401,-3.3057707481389005,is_squeeze_setup,0.8100429767106224,True,True,True,False,False
eightk_material_agreement_30d__ts_mean__w5,578.0,-0.013602060157042592,0.09904195717904236,-0.1373363425407029,-3.301789609872244,eightk_material_agreement_30d,0.8089765217948617,True,True,False,False,False
rev_x_low52w__ts_argmax__w20,573.0,-0.013381793103416237,0.09706978996291167,-0.1378574436859206,-3.2999513100529847,rev_x_low52w,0.8084681531276532,True,True,False,False,False
rev_growth_qoq__ts_argmax__w20,529.0,-0.013256254744152594,0.09246456647351299,-0.14336578053334545,-3.2974129522669453,rev_growth_qoq,0.8076706056670451,True,True,False,False,False
macd__ts_mean__w5,578.0,0.02663906426499711,0.19424610079954405,0.13714079281564473,3.297088275626219,macd,0.8077041832917665,True,True,True,False,False
rsi_above_70__ts_argmax__w10,574.0,-0.016104392295391415,0.11702828612372254,-0.13761110949164734,-3.296927845657183,rsi_above_70,0.8076515242889692,True,True,False,False,False
eightk_material_agreement_30d__ts_max__w5,579.0,-0.013513956963531581,0.09910490136133443,-0.1363601272782662,-3.2811544944224638,eightk_material_agreement_30d,0.8033555080594288,True,True,False,False,False
insider_21d__ts_std__w5,578.0,0.017253714216223872,0.12647855701860872,0.13641612161724254,3.279665998396513,insider_21d,0.8029437707809073,True,True,False,True,False
post_earnings_3d__ts_argmax__w20,565.0,-0.012442153862278682,0.09023031553663025,-0.13789327664744358,-3.2776857682946288,post_earnings_3d,0.8023684465298757,True,True,False,False,False
macd__ts_min__w10,579.0,0.025184979668443692,0.18620730111796094,0.13525237473094137,3.2544992886675908,macd,0.7959439223956606,True,True,True,False,False
insider_60d__ts_delta__w20,559.0,-0.013779767362807891,0.10013675140274114,-0.13760949071921544,-3.2535260736968175,insider_60d,0.7956249682565071,True,True,False,False,False
post_earnings_1d__ts_decay_linear__w20,560.0,0.012488530208864113,0.09091269743722806,0.13736838264519644,3.250729245617355,post_earnings_1d,0.7948395064691294,True,True,False,False,False
macd_signal__ts_min__w5,579.0,0.02634609749657596,0.1953961607045348,0.13483426389536277,3.2444385306241057,macd_signal,0.7931034555790037,True,True,True,False,False
rsi_14__ts_mean__w5,578.0,0.02476676516427275,0.18383846538072865,0.13472025624768402,3.2388946297015084,rsi_14,0.7915260538574811,True,True,True,False,False
vol_x_short__ts_std__w10,575.0,-0.0285882656118319,0.21196112348506202,-0.1348750428464617,-3.234189910956074,vol_x_short,0.7901772012434298,True,True,True,False,False
post_earnings_5d__ts_argmax__w20,565.0,-0.012348414247054101,0.09076050988954125,-0.13605492368963726,-3.2339886173283072,post_earnings_5d,0.790097532998155,True,True,False,False,False
vol_x_short__ts_mean__w20,570.0,-0.031195055200316502,0.23064276203305395,-0.13525269523023603,-3.229113840237686,vol_x_short,0.788712272506213,True,True,True,False,False
vol_surge_eod__ts_argmax__w10,578.0,0.013025836591193933,0.09711731281094323,0.13412476328037543,3.2245780077801927,vol_surge_eod,0.7874253302022669,True,True,False,False,False
bb_pct__ts_mean__w20,570.0,0.024486533753365416,0.1813819237443165,0.13499985692004599,3.223077408317515,bb_pct,0.7869755088661983,True,True,True,False,False
post_earnings_1d__ts_max__w20,579.0,0.012166815030259723,0.09102342034518884,0.13366686270543793,3.216348034248289,post_earnings_1d,0.7850487830931092,True,True,False,False,False
intraday_momentum__ts_argmax__w5,578.0,0.014686429719664516,0.11022183270212282,0.13324428890013967,3.203409968012718,intraday_momentum,0.7812759309264673,True,True,False,False,False
macd__ts_std__w20,570.0,0.019577454864632134,0.14601593655214548,0.13407752144671276,3.201056950705098,macd,0.780569159270568,True,True,False,False,False
bb_upper__ts_argmax__w20,578.0,-0.018858983283098266,0.14167883308155954,-0.13311080330709535,-3.2002007566996182,bb_upper,0.780334715187551,True,True,False,False,False
high_52w_ratio__ts_max__w5,347.0,0.03775232499655182,0.2201871153692859,0.17145565004217284,3.193864877572353,high_52w_ratio,0.7776766427787736,True,True,True,False,False
post_earnings_5d__ts_std__w5,465.0,0.013215941032801508,0.08931586794674255,0.14796856747428055,3.1907732740797616,post_earnings_5d,0.7772671617416296,True,True,False,False,False
eightk_filings_30d__ts_delta__w5,574.0,-0.01165754448064631,0.08758677410229128,-0.1330970868619004,-3.188779550371164,eightk_filings_30d,0.7769578001271893,True,True,False,False,False
macd_signal__ts_mean__w5,578.0,0.026143580778117986,0.19730495985767238,0.13250341398906992,3.1855981271093525,macd_signal,0.7760224803129707,True,True,True,False,False
post_earnings_5d__ts_decay_linear__w20,560.0,0.012188636499668401,0.09055835940686782,0.13459427246143366,3.185081816920356,post_earnings_5d,0.7758310862368797,True,True,False,False,False
post_earnings_5d__ts_mean__w5,470.0,0.013201939586188483,0.08995101290921478,0.14676810365118242,3.1818566650936977,post_earnings_5d,0.7746390804888488,True,True,False,False,False
high_52w_ratio__ts_max__w10,347.0,0.03778616251782225,0.22126760765558678,0.1707713249046293,3.1811173127000227,high_52w_ratio,0.773907363777294,True,True,True,False,False
bb_upper__ts_argmax__w10,578.0,-0.01672213151885415,0.12639178298453072,-0.13230394511406485,-3.1808025701081934,bb_upper,0.7745958195232475,True,True,False,False,False
ma5_above_ma20__ts_rank__w20,570.0,-0.017149213302570975,0.12918909516628949,-0.13274505313700719,-3.169244705830983,ma5_above_ma20,0.7711198407810538,True,True,False,False,False
macd_signal__ts_max__w5,579.0,0.025967455987327356,0.1972940292883292,0.13161805291825648,3.167048715044012,macd_signal,0.7704774575909794,True,True,True,False,False
post_earnings_1d__ts_argmax__w20,570.0,-0.012040529474773068,0.0908540662114159,-0.1325260384797193,-3.164015802555826,post_earnings_1d,0.7695449332530937,True,True,False,False,False
volatility_10d__ts_argmax__w10,578.0,-0.013812582429477015,0.1049851609377984,-0.13156699771752212,-3.163085153058107,volatility_10d,0.7692802024479573,True,True,False,False,False
vol_x_short__ts_decay_linear__w10,570.0,-0.03023899209470753,0.22880336311206786,-0.1321614843567508,-3.1553121921620404,vol_x_short,0.7669099729761095,True,True,True,False,False
vol_x_short__ts_std__w5,578.0,-0.02649475966547749,0.2020107400876269,-0.13115520320347704,-3.153184941484659,vol_x_short,0.7662794349569413,True,True,True,False,False
vol_x_short__ts_max__w20,579.0,-0.029872933574617896,0.22815556423012334,-0.13093230347206136,-3.1505479246565167,vol_x_short,0.7654784542885583,True,True,True,False,False
obv_trend__ts_mean__w20,570.0,0.019613937228712908,0.1493850245101536,0.13129788138421977,3.134693953787395,obv_trend,0.7606011279176608,True,True,False,False,False
bb_width__ts_rank__w20,570.0,0.015275375792211584,0.11637657158620689,0.13125816978459642,3.13374585234111,bb_width,0.760308779334019,True,True,False,False,False
post_earnings_5d__ts_rank__w10,548.0,-0.012065143489787756,0.09026468626472473,-0.13366404946452234,-3.1289951756676366,post_earnings_5d,0.7587957986125959,True,True,False,False,False
rev_growth_yoy__ts_delta__w10,333.0,0.01395940419620921,0.08152015328530612,0.17123868925213823,3.1248128481608606,rev_growth_yoy,0.7567509363853001,True,True,False,False,False
macd__ts_decay_linear__w10,570.0,0.025457728558541972,0.19454409728880653,0.13085839618536055,3.124201388476218,macd,0.7573548096168778,True,True,True,False,False
rev_x_low52w__ts_delta__w20,559.0,0.014811099541978193,0.11237543101790551,0.13180015780867835,3.1161749651618433,rev_x_low52w,0.7548335796349277,True,True,False,False,False
eightk_reg_fd_30d__ts_delta__w10,569.0,-0.011460012111327817,0.0879261075691982,-0.13033685247932464,-3.1090188999087167,eightk_reg_fd_30d,0.7526132825249954,True,True,False,True,False
eightk_material_agreement_30d__ts_std__w20,570.0,-0.012520281878849597,0.09653123264209705,-0.12970187509435707,-3.0965898258738687,eightk_material_agreement_30d,0.748698301594666,True,True,False,False,False
post_earnings_5d__ts_max__w5,471.0,0.012803469934400557,0.08975644997514085,0.14264679516565812,3.0957969811595607,post_earnings_5d,0.7482210677684011,True,True,False,False,False
eightk_filings_30d__ts_argmax__w10,578.0,0.011741089125548693,0.09128382883723936,0.12862178630218565,3.0922774682884837,eightk_filings_30d,0.7473464551126341,True,True,False,False,False
volume_zscore__ts_argmax__w10,578.0,0.012524776761790733,0.09740895758133569,0.12857931213700388,3.0912563201008245,volume_zscore,0.7470222305865601,True,True,False,True,False
return_20d__ts_mean__w10,574.0,0.025348875159991804,0.19647915963345958,0.12901559232684645,3.090993891682512,return_20d,0.7469315138735999,True,True,True,False,False
ma5_above_ma20__ts_mean__w20,570.0,0.022143824467926728,0.17118437481899706,0.12935657527937727,3.0883459057827776,ma5_above_ma20,0.7460821708658751,True,True,True,False,False
pre_earnings_drift__ts_decay_linear__w20,560.0,0.012509130455626322,0.09608497709251056,0.13018820250727164,3.080815171405394,pre_earnings_drift,0.7436609690230801,True,True,False,False,False
insider_21d__ts_delta__w20,559.0,-0.011784363103446115,0.0905328846379046,-0.1301666587845827,-3.0775538523412336,insider_21d,0.7426150622843405,True,True,False,False,False
eightk_material_agreement_30d__ts_decay_linear__w20,560.0,-0.013380959270909916,0.10302621870887707,-0.12987916511544229,-3.0735020119413,eightk_material_agreement_30d,0.7413168249272732,True,True,False,False,False
macd_signal__ts_std__w5,578.0,0.017815848580019725,0.13961863952490006,0.12760365407258095,3.0677999093627495,macd_signal,0.7395141904918016,True,True,False,False,False
ma20_above_ma50__ts_argmax__w5,529.0,0.011743905520234242,0.0880777315478153,0.13333569466260328,3.0667209772398754,ma20_above_ma50,0.7390715950727769,True,True,False,False,False
post_earnings_3d__ts_rank__w10,538.0,-0.01185419088270725,0.08988615724081339,-0.13188004968271996,-3.0589349383931617,post_earnings_3d,0.7365718048851362,True,True,False,False,False
vol_x_short__ts_mean__w10,575.0,-0.029192056112163117,0.2291534797933477,-0.12739084799623698,-3.0547252230094615,vol_x_short,0.7352742421983375,True,True,True,False,False
ma_20__ts_delta__w20,559.0,0.023825744735101347,0.18451334648798937,0.1291274869195018,3.052984524016405,ma_20,0.7346790452059817,True,True,True,False,False
obv__group_neutralize,579.0,0.01412468762926082,0.11150094129935754,0.12667774338638882,3.048172917933273,obv,0.7331457706383573,True,True,False,False,False
post_earnings_5d__ts_decay_linear__w5,467.0,0.01272398519823249,0.09024960882631389,0.14098659665904928,3.046746124033503,post_earnings_5d,0.7324426821972926,True,True,False,False,False
atr__ts_rank__w20,570.0,0.019030245643276836,0.14917829220271858,0.12756712362289688,3.0456233330418736,atr,0.7322968905064107,True,True,False,True,False
vol_x_short__ts_max__w10,579.0,-0.02873274343574527,0.2273988774148967,-0.12635393702195566,-3.0403813535721285,vol_x_short,0.7305950702178825,True,True,True,False,False
macd__cs_rank,579.0,0.02429699269964165,0.19229387875821286,0.12635343806337324,3.040369347421739,macd,0.7305911303017101,True,True,True,False,False
macd__cs_zscore,579.0,0.02429699269964165,0.19229387875821286,0.12635343806337324,3.040369347421739,macd,0.7305911303017101,True,True,True,False,False
macd__cs_demean,579.0,0.02429699269964165,0.19229387875821286,0.12635343806337324,3.040369347421739,macd,0.7305911303017101,True,True,True,False,False
macd__scale,579.0,0.02429699269964165,0.19229387875821286,0.12635343806337324,3.040369347421739,macd,0.7305911303017101,True,True,True,False,False
macd__signed_power_p05,579.0,0.02429699269964165,0.19229387875821286,0.12635343806337324,3.040369347421739,macd,0.7305911303017101,True,True,True,False,False
macd__ts_mean__w10,575.0,0.02467545337392135,0.1947604551193617,0.12669642489179156,3.0380735419353813,macd,0.7298304187954617,True,True,True,False,False
macd_signal__ts_std__w20,570.0,0.018599197615709988,0.14621264851536797,0.127206488662676,3.0370132913762307,macd_signal,0.7294732884623923,True,True,False,False,False
ma_20__ts_delta__w10,569.0,0.023065770057319197,0.1814024172401659,0.12715249558544472,3.03306013936785,ma_20,0.7281701385657929,True,True,True,False,False
atr__ts_delta__w10,569.0,0.017673882089141897,0.13934630586034935,0.12683423489428117,3.025468437672564,atr,0.725662098763364,True,True,False,False,False
macd_signal__ts_decay_linear__w5,575.0,0.02476617862852181,0.19630240228812176,0.12616340065044843,3.0252920696387653,macd_signal,0.725613850819686,True,True,True,False,False
macd__ts_decay_linear__w5,575.0,0.024302356495310498,0.19297281780632264,0.12593668254200227,3.0198555603818056,macd,0.7238104736738336,True,True,True,False,False
bb_pct__ts_std__w20,570.0,-0.015456041008274506,0.12283086208057933,-0.1258319020681875,-3.004195486235179,bb_pct,0.7185750164942177,True,True,False,False,False
eightk_filings_30d__ts_rank__w5,578.0,-0.010668843253927604,0.08549896391141942,-0.12478330456707032,-2.9999941085002177,eightk_filings_30d,0.7171774023353091,False,True,False,False,False
high_52w_ratio__ts_mean__w5,346.0,0.0359331553438928,0.22418640596239686,0.16028248987550084,2.9814266534662144,high_52w_ratio,0.7103078706869724,False,True,True,False,False
vol_surge_eod__ts_decay_linear__w20,560.0,0.015906217692167424,0.12630342550165488,0.12593655024787126,2.9802027154989603,vol_surge_eod,0.7104582111160219,False,True,False,False,False
ma_5__ts_std__w5,578.0,0.018577481314104517,0.15008759847502842,0.12377759057285095,2.9758151042018293,ma_5,0.7089933680335281,False,True,False,False,False
vol_10d_self_rank__group_neutralize,579.0,-0.010799957015721019,0.08736310871293416,-0.1236214825093796,-2.97463188865378,vol_10d_self_rank,0.7085915427712521,False,True,False,True,False
macd__ts_max__w10,579.0,0.024199616966290433,0.19641607446551135,0.12320588848006754,2.9646316910567974,macd,0.7051720945249894,False,True,True,False,False
eightk_material_agreement_30d__ts_max__w10,579.0,-0.012123965044843076,0.09845099129657421,-0.12314721147216069,-2.963219780316791,eightk_material_agreement_30d,0.704687806854252,False,True,False,False,False
macd__ts_max__w5,579.0,0.024230730836500704,0.19703979041300446,0.1229737952203054,2.959046965832541,macd,0.7032543672937597,False,True,True,False,False
vol_x_short__ts_min__w10,579.0,-0.02817823012433083,0.22920873978322454,-0.12293697941439995,-2.958161088491242,vol_x_short,0.7029496381959061,False,True,True,False,False
return_20d__ts_decay_linear__w20,559.0,0.024691107709506974,0.197595943967439,0.12495756346889246,2.9543942698052335,return_20d,0.701622058564444,False,True,True,False,False
macd_signal__ts_max__w20,579.0,0.02414933645452227,0.19691709073573133,0.12263707717950906,2.950944715306935,macd_signal,0.7004619404153476,False,True,True,False,False
rsi_14__ts_decay_linear__w5,575.0,0.022282084950672562,0.18110357078846967,0.1230350393074149,2.9502765999125997,rsi_14,0.7002253056474675,False,True,True,False,False
ma20_above_ma50__ts_decay_linear__w5,549.0,0.021315857911984287,0.1694862346056501,0.12576748761680076,2.946826438196137,ma20_above_ma50,0.6989924731065286,False,True,True,False,False
ma20_above_ma50__ts_mean__w5,549.0,0.021205506581630378,0.1691574696320068,0.1253595636525058,2.9372684741663493,ma20_above_ma50,0.6956766822088247,False,True,True,False,False
eightk_reg_fd_30d__ts_rank__w20,570.0,-0.009976591812125919,0.08123088443798528,-0.12281771743778594,-2.932232814508061,eightk_reg_fd_30d,0.693954594312256,False,False,False,False,False
risk_prev_1d__ts_std__w10,359.0,0.01283145878437983,0.08298644282882878,0.15462114469524282,2.9296524914885946,risk_prev_1d,0.692574738186361,False,False,False,True,False
bb_width__ts_argmax__w20,578.0,-0.013207515351638633,0.10838669078158708,-0.12185550879354229,-2.9296051241569243,bb_width,0.6930489361485443,False,False,False,False,False
eightk_material_agreement_30d__ts_mean__w10,575.0,-0.012090148954412341,0.09905483780793599,-0.12205510828107896,-2.9267786793787294,eightk_material_agreement_30d,0.692056985917015,False,False,False,False,False
insider_net_shares__ts_argmax__w5,578.0,-0.011570663681485734,0.09508585607556529,-0.12168648586694597,-2.925541537399468,insider_net_shares,0.6916283788244648,False,False,False,False,False
eightk_material_agreement_30d__ts_decay_linear__w10,570.0,-0.012193456250042464,0.099512327402789,-0.12253211806300013,-2.925414222890983,eightk_material_agreement_30d,0.6915726008385645,False,False,False,False,False
eps_surprise__ts_min__w20,579.0,0.011676390827122934,0.09605956363057479,0.12155365260691708,2.924874899469395,eps_surprise,0.6913964358968675,False,False,False,False,False
intraday_momentum__ts_std__w10,575.0,0.02310090826738326,0.18954297566069506,0.12187688932739292,2.9225051389980328,intraday_momentum,0.690560861992727,False,False,True,False,False
vol_x_short__ts_decay_linear__w20,560.0,-0.02831331330868712,0.22959632106299732,-0.12331780046649106,-2.9182317849444805,vol_x_short,0.6890403884279174,False,False,True,False,False
vol_x_short__ts_max__w5,579.0,-0.027545574594285503,0.22720146759669219,-0.1212385416593433,-2.917292567870631,vol_x_short,0.6887371239838231,False,False,True,False,False
rsi_14__ts_min__w5,579.0,0.021513361538230805,0.17764406362482063,0.12110374587954953,2.9140490553605782,rsi_14,0.6875964840608977,False,False,True,False,False
vol_x_short__ts_min__w5,579.0,-0.027624332813738633,0.22812332617850425,-0.12109385426075572,-2.913811039086245,vol_x_short,0.6875127095222425,False,False,True,False,False
macd__ts_mean__w20,570.0,0.024066486521810888,0.19729437961443247,0.12198262600710384,2.912295279865301,macd,0.6869667110365557,False,False,True,False,False
macd_signal__ts_decay_linear__w10,570.0,0.024074548274574597,0.1976393907108003,0.12181047607965029,2.908185256679516,macd_signal,0.685517597766915,False,False,True,False,False
vol_x_short__ts_min__w20,579.0,-0.02770395878144107,0.2294692136924625,-0.12073061277217892,-2.905070570251302,vol_x_short,0.6844295705708596,False,False,True,False,False
eightk_filings_30d__ts_argmax__w5,578.0,0.010417428879490596,0.08636134144952061,0.1206260660689219,2.9000473163765,eightk_filings_30d,0.6826504325819787,False,False,False,False,False
ma20_above_ma50__ts_std__w5,549.0,-0.01090139161117933,0.08815202206032026,-0.12366581453707069,-2.8975826637266664,ma20_above_ma50,0.6817367601131623,False,False,False,False,False
bb_upper__ts_std__w10,575.0,0.017426191091712322,0.14432923150384713,0.12073916635001151,2.895223500399418,bb_upper,0.6809352670069283,False,False,False,False,False
ma_20__ts_argmax__w10,578.0,-0.01913110425826873,0.1589308819977563,-0.12037373742466749,-2.8939809243315433,ma_20,0.6804977421837664,False,False,False,False,False
vol_x_short__ts_mean__w5,578.0,-0.027317907472409832,0.22790465081823555,-0.1198655111878218,-2.881762336904226,vol_x_short,0.6761432464190226,False,False,True,False,False
eightk_exec_change_30d__ts_delta__w10,569.0,-0.009875014840955258,0.08178229617910115,-0.12074758599745385,-2.8802792137702413,eightk_exec_change_30d,0.6756015323180916,False,False,False,False,False
eightk_days_since_last__ts_delta__w5,574.0,0.010790013421100276,0.08978257160180854,0.12017937589217957,2.879293193088296,eightk_days_since_last,0.6752552457522742,False,False,False,True,False
risk_prev_1d__ts_std__w20,526.0,-0.009643897998851444,0.07682862190570185,-0.12552480780780115,-2.878872539614689,risk_prev_1d,0.6750383044972681,False,False,False,False,False
vol_x_short__ts_decay_linear__w5,575.0,-0.027346850542740917,0.2283011728589513,-0.1197841001002492,-2.872321816262107,vol_x_short,0.672758265750079,False,False,True,False,False
ma20_above_ma50__ts_min__w5,545.0,0.020383164062214205,0.16624614670852136,0.12260833989705588,2.8623205151956745,ma20_above_ma50,0.6691220420629408,False,False,True,False,False
rev_x_low52w__ts_argmax__w10,482.0,-0.012066629946457628,0.09269514122052078,-0.13017543085404273,-2.8579362884174286,rev_x_low52w,0.6674449833250233,False,False,False,False,False
high_52w_ratio__ts_decay_linear__w5,343.0,0.03456614311063264,0.22409618932232175,0.15424690270353286,2.8566926153886714,high_52w_ratio,0.6666638103666898,False,False,True,False,False
eightk_material_agreement_30d__ts_max__w20,579.0,-0.012077943272424526,0.10187949951664452,-0.11855126232192864,-2.852630126937782,eightk_material_agreement_30d,0.6656641906876755,False,False,False,False,False
return_20d__ts_delta__w10,568.0,-0.0206673183064231,0.1729114925547887,-0.11952541731646009,-2.8486194583507984,return_20d,0.6641978164828657,False,False,True,False,False
bb_pct__ts_argmax__w20,578.0,0.015388833745483627,0.13005373824646485,0.11832673134178003,2.844767560331989,bb_pct,0.6628114938228051,False,False,False,False,False
eightk_exec_change_30d__ts_rank__w10,575.0,-0.009419826160452395,0.07963545254288132,-0.11828684159709019,-2.836418818622117,eightk_exec_change_30d,0.6597698462452,False,False,False,False,False
high_52w_ratio__cs_zscore,347.0,0.03373612793393157,0.2222140031544623,0.15181819082068101,2.8280595437915474,high_52w_ratio,0.6562968444830961,False,False,True,False,False
high_52w_ratio__cs_demean,347.0,0.03373612793393157,0.2222140031544623,0.15181819082068101,2.8280595437915474,high_52w_ratio,0.6562968444830961,False,False,True,False,False
high_52w_ratio__signed_power_p05,347.0,0.03373612793393157,0.2222140031544623,0.15181819082068101,2.8280595437915474,high_52w_ratio,0.6562968444830961,False,False,True,False,False
high_52w_ratio__scale,347.0,0.03373612793393157,0.2222140031544623,0.15181819082068101,2.8280595437915474,high_52w_ratio,0.6562968444830961,False,False,True,False,False
high_52w_ratio__cs_rank,347.0,0.03373612793393157,0.2222140031544623,0.15181819082068101,2.8280595437915474,high_52w_ratio,0.6562968444830961,False,False,True,False,False
vol_x_short__cs_demean,579.0,-0.026732506996742747,0.22804988662604034,-0.1172221893737624,-2.8206494170020115,vol_x_short,0.654006968230231,False,False,True,False,False
vol_x_short__cs_zscore,579.0,-0.026732506996742747,0.22804988662604034,-0.1172221893737624,-2.8206494170020115,vol_x_short,0.654006968230231,False,False,True,False,False
vol_x_short__scale,579.0,-0.026732506996742747,0.22804988662604034,-0.1172221893737624,-2.8206494170020115,vol_x_short,0.654006968230231,False,False,True,False,False
vol_x_short__signed_power_p05,579.0,-0.026732506996742747,0.22804988662604034,-0.1172221893737624,-2.8206494170020115,vol_x_short,0.654006968230231,False,False,True,False,False
vol_x_short__cs_rank,579.0,-0.026732506996742747,0.22804988662604034,-0.1172221893737624,-2.8206494170020115,vol_x_short,0.654006968230231,False,False,True,False,False
bb_pct__ts_delta__w20,559.0,-0.018168298994437115,0.15291667331087608,-0.11881175937892255,-2.809087912329139,bb_pct,0.6497336576280404,False,False,False,False,False
post_earnings_3d__ts_max__w20,579.0,0.01067302621302189,0.09151670551510707,0.11662380275762928,2.806250787621732,post_earnings_3d,0.6487090530807692,False,False,False,False,False
vol_x_short__ts_argmax__w10,578.0,-0.012342802920976545,0.10574378348698864,-0.11672367409187018,-2.8062274501625777,vol_x_short,0.64869940261846,False,False,False,False,False
high_52w_ratio__ts_mean__w10,343.0,0.03429287533526066,0.22668933129919333,0.15127697072783544,2.8016887054593527,high_52w_ratio,0.6466173496388603,False,False,True,False,False
pre_earnings_drift__ts_max__w5,579.0,0.011183138321950375,0.09611619970096245,0.11635019233743583,2.799667059094503,pre_earnings_drift,0.6462767301016374,False,False,False,False,False
pre_earnings_drift__ts_min__w10,579.0,0.011183138321950375,0.09611619970096245,0.11635019233743583,2.799667059094503,pre_earnings_drift,0.6462767301016374,False,False,False,False,False
pre_earnings_drift__ts_min__w5,579.0,0.011183138321950375,0.09611619970096245,0.11635019233743583,2.799667059094503,pre_earnings_drift,0.6462767301016374,False,False,False,False,False
pre_earnings_drift__ts_max__w20,579.0,0.011183138321950375,0.09611619970096245,0.11635019233743583,2.799667059094503,pre_earnings_drift,0.6462767301016374,False,False,False,False,False
pre_earnings_drift__ts_max__w10,579.0,0.011183138321950375,0.09611619970096245,0.11635019233743583,2.799667059094503,pre_earnings_drift,0.6462767301016374,False,False,False,False,False
pre_earnings_drift__cs_rank,579.0,0.011183138321950375,0.09611619970096245,0.11635019233743583,2.799667059094503,pre_earnings_drift,0.6462767301016374,False,False,False,False,False
pre_earnings_drift__cs_demean,579.0,0.011183138321950375,0.09611619970096245,0.11635019233743583,2.799667059094503,pre_earnings_drift,0.6462767301016374,False,False,False,False,False
pre_earnings_drift__cs_zscore,579.0,0.011183138321950375,0.09611619970096245,0.11635019233743583,2.799667059094503,pre_earnings_drift,0.6462767301016374,False,False,False,False,False
pre_earnings_drift__scale,579.0,0.011183138321950375,0.09611619970096245,0.11635019233743583,2.799667059094503,pre_earnings_drift,0.6462767301016374,False,False,False,False,False
pre_earnings_drift__signed_power_p05,579.0,0.011183138321950375,0.09611619970096245,0.11635019233743583,2.799667059094503,pre_earnings_drift,0.6462767301016374,False,False,False,False,False
pre_earnings_drift__ts_min__w20,579.0,0.011183138321950375,0.09611619970096245,0.11635019233743583,2.799667059094503,pre_earnings_drift,0.6462767301016374,False,False,False,False,False
bb_upper__ts_rank__w20,570.0,0.01713331928234091,0.1468326634119985,0.1166860212449218,2.785840574362269,bb_upper,0.6411400168172545,False,False,False,False,False
ma5_above_ma20__ts_std__w5,578.0,-0.011597454309580814,0.10008986696670072,-0.11587041386956,-2.7857136831259606,ma5_above_ma20,0.6411008016543399,False,False,False,False,False
eightk_filings_30d__ts_std__w5,578.0,-0.010122707126459128,0.08737182541542422,-0.1158577960152371,-2.7854103293338652,eightk_filings_30d,0.6409880000739818,False,False,False,False,False
insider_21d__ts_std__w10,575.0,0.01670148957232883,0.14384188019014796,0.11611006161940277,2.7842214684405704,insider_21d,0.6405428571243699,False,False,False,False,False
high_52w_ratio__ts_argmax__w10,338.0,0.02180965774483408,0.14404369326382252,0.15141001491046685,2.783639255351432,high_52w_ratio,0.639930011474449,False,False,True,False,False
ma_50__ts_std__w20,540.0,0.018374080569663713,0.1535051704544938,0.11969681877986423,2.7815027143705278,ma_50,0.6394944328657575,False,False,False,False,False
return_20d__ts_argmax__w20,559.0,0.016815699018128072,0.14312946454928643,0.11748593534588127,2.777741214960457,return_20d,0.6381133085680966,False,False,False,False,False
macd__ts_std__w10,575.0,0.016740316998404274,0.14458615583708817,0.11578091208999536,2.7763287399954923,macd,0.6376024146654918,False,False,False,False,False
insider_net_shares__ts_std__w5,578.0,0.013673135576474937,0.11852215211716778,0.11536354455459133,2.7735277183131095,insider_net_shares,0.6365597512134098,False,False,False,False,False
macd_signal__ts_mean__w10,575.0,0.02280317378403941,0.1972433683130193,0.11560933064097474,2.7722143613853487,macd_signal,0.636066314585283,False,False,True,False,False
eightk_reg_fd_30d__ts_rank__w10,575.0,-0.01017424418684341,0.0883133993739711,-0.11520612114317612,-2.7625457372851403,eightk_reg_fd_30d,0.632447835700372,False,False,False,False,False
return_20d__ts_decay_linear__w10,569.0,0.022674172506289673,0.19593227700126262,0.11572453938328679,2.760460861849819,return_20d,0.6316604279707103,False,False,True,False,False
return_20d__ts_min__w5,578.0,0.022279814105176803,0.19431021036219245,0.11466105699565367,2.7566387719478938,return_20d,0.630233949865161,False,False,True,False,False
macd_signal__ts_min__w10,579.0,0.022180713160238077,0.19383151882186178,0.11443295339713537,2.7535336527138297,macd_signal,0.6290678424745736,False,False,True,False,False
high_52w_ratio__ts_decay_linear__w10,338.0,0.033958523353708435,0.22702335390973113,0.14958163012255998,2.750024810015603,high_52w_ratio,0.6273875051087494,False,False,True,False,False
high_52w_ratio__ts_mean__w20,338.0,0.03400357833771324,0.2276668600494725,0.14935673259746363,2.7458901193238425,high_52w_ratio,0.6258347979834209,False,False,True,False,False
pre_earnings_drift__ts_mean__w5,578.0,0.010980204539083284,0.09615104739035339,0.11419745116770201,2.745492931906658,pre_earnings_drift,0.626039436427599,False,False,False,False,False
ma20_above_ma50__ts_mean__w10,549.0,0.020377194346440104,0.1740168526719291,0.11709897078104768,2.7437165957750413,ma20_above_ma50,0.6253432865892208,False,False,True,False,False
eightk_material_agreement_30d__ts_mean__w20,570.0,-0.011767537620017358,0.10262953910909792,-0.11466033777573681,-2.737478044394558,eightk_material_agreement_30d,0.6230069367409032,False,False,False,False,False
macd__ts_decay_linear__w20,560.0,0.022873878666814226,0.19775891653684866,0.115665473230645,2.7371446711298746,macd,0.6228721284368227,False,False,True,False,False
ma_10__ts_delta__w20,559.0,0.02092402577989371,0.1807651399857896,0.11575254931088262,2.7367584554779927,ma_10,0.6227252433521282,False,False,True,False,False
rsi_below_30__ts_delta__w20,551.0,0.01240217732296828,0.10667326443905385,0.11626322104405153,2.7290918358885308,rsi_below_30,0.6198165339479571,False,False,False,True,False
eightk_days_since_last__ts_rank__w10,575.0,0.010945477982832505,0.09649685139250505,0.11342834325558776,2.7199161211114173,eightk_days_since_last,0.6163549817916772,False,False,False,False,False
insider_21d__ts_min__w10,579.0,-0.017522232909588386,0.1550543924185126,-0.11300700764602353,-2.719221948820246,insider_21d,0.6160943132648611,False,False,False,False,False
macd_signal__ts_mean__w20,570.0,0.022499829127751014,0.19816789413786073,0.113539225037626,2.710711844630939,macd_signal,0.6128483846917485,False,False,True,False,False
ma20_above_ma50__ts_decay_linear__w10,549.0,0.020216897823280743,0.17481119948925014,0.11564990047748035,2.709763793168633,ma20_above_ma50,0.6124700050017611,False,False,True,False,False
eightk_material_agreement_30d__signed_power_p05,579.0,-0.010960818355284773,0.0973775331740759,-0.11256003307960968,-2.708466659596377,eightk_material_agreement_30d,0.6119994827401471,False,False,False,False,False
eightk_material_agreement_30d__cs_rank,579.0,-0.010960818355284773,0.0973775331740759,-0.11256003307960968,-2.708466659596377,eightk_material_agreement_30d,0.6119994827401471,False,False,False,False,False
eightk_material_agreement_30d__scale,579.0,-0.010960818355284773,0.0973775331740759,-0.11256003307960968,-2.708466659596377,eightk_material_agreement_30d,0.6119994827401471,False,False,False,False,False
eightk_material_agreement_30d__cs_demean,579.0,-0.010960818355284773,0.0973775331740759,-0.11256003307960968,-2.708466659596377,eightk_material_agreement_30d,0.6119994827401471,False,False,False,False,False
eightk_material_agreement_30d__cs_zscore,579.0,-0.010960818355284773,0.0973775331740759,-0.11256003307960968,-2.708466659596377,eightk_material_agreement_30d,0.6119994827401471,False,False,False,False,False
ma_10__ts_argmax__w20,578.0,-0.01773439299680721,0.15830063140788528,-0.11202983108204978,-2.693379810612229,ma_10,0.6062334792195637,False,False,False,False,False
macd_signal__ts_delta__w20,559.0,0.017393998193894415,0.15277243366892115,0.11385560716791092,2.69190870935804,macd_signal,0.605656065254571,False,False,False,False,False
rsi_above_70__group_neutralize,560.0,0.012761023650549007,0.11227778209434275,0.11365582230531063,2.6895876502880425,rsi_above_70,0.604767485545886,False,False,False,False,False
pre_earnings_drift__ts_mean__w20,570.0,0.010853155603500737,0.09648360869721063,0.112487040545515,2.6855912841853566,pre_earnings_drift,0.6032421821913209,False,False,False,False,False
pre_earnings_drift__ts_decay_linear__w10,570.0,0.010853155603500737,0.09648360869721063,0.112487040545515,2.6855912841853566,pre_earnings_drift,0.6032421821913209,False,False,False,False,False
insider_7d__ts_std__w20,570.0,0.01648042316971981,0.14728531161689262,0.11189454663739609,2.671445686009243,insider_7d,0.5978042053759247,False,False,False,True,False
return_60d__ts_std__w20,529.0,0.027761038527190585,0.23902656995288502,0.11614206124726056,2.671267408686993,return_60d,0.5977059498531396,False,False,True,True,False
bb_pct__ts_std__w5,578.0,-0.01367444635789709,0.12308664575485298,-0.1110961004261337,-2.670931403139828,bb_pct,0.5976114083699904,False,False,False,False,False
ma_20__ts_rank__w20,570.0,0.01867654548174684,0.16698179688255826,0.1118477931752192,2.670329462398782,ma_20,0.5973742588271889,False,False,False,False,False
eightk_exec_change_30d__ts_std__w10,575.0,-0.009466873866050534,0.08517265770182099,-0.1111492129222138,-2.6652644956187523,eightk_exec_change_30d,0.5954250698114313,False,False,False,False,False
obv_trend__ts_rank__w20,570.0,-0.014891687359590502,0.1334750213319108,-0.11156909518343147,-2.663675639042462,obv_trend,0.5948088664059308,False,False,False,False,False
ma5_above_ma20__ts_delta__w20,559.0,-0.015003437028813429,0.13350786352704172,-0.11237867667453548,-2.65698937462233,ma5_above_ma20,0.5922197231051574,False,False,False,False,False
risk_prev_1d__ts_decay_linear__w10,312.0,0.010016211907262196,0.06690994575832239,0.14969690669666041,2.644174564747793,risk_prev_1d,0.5869887477908882,False,False,False,False,False
high_52w_ratio__ts_std__w20,338.0,0.03205058585560731,0.22359992197142148,0.14333898497381284,2.635255175367872,high_52w_ratio,0.5835849982626965,False,False,True,False,False
is_squeeze_setup__ts_max__w5,579.0,-0.01936450330934972,0.17684312171300617,-0.10950102623033221,-2.634859555582067,is_squeeze_setup,0.5836570918798242,False,False,False,False,False
rsi_14__cs_demean,579.0,0.018942273120514472,0.17340659556772345,0.10923617442865155,2.628486580601874,rsi_14,0.5811798180330221,False,False,False,False,False
rsi_14__scale,579.0,0.018942273120514472,0.17340659556772345,0.10923617442865155,2.628486580601874,rsi_14,0.5811798180330221,False,False,False,False,False
rsi_14__cs_rank,579.0,0.018942273120514472,0.17340659556772345,0.10923617442865155,2.628486580601874,rsi_14,0.5811798180330221,False,False,False,False,False
rsi_14__cs_zscore,579.0,0.018942273120514472,0.17340659556772345,0.10923617442865155,2.628486580601874,rsi_14,0.5811798180330221,False,False,False,False,False
rsi_14__signed_power_p05,579.0,0.018942273120514472,0.17340659556772345,0.10923617442865155,2.628486580601874,rsi_14,0.5811798180330221,False,False,False,False,False
vol_10d_self_rank__ts_argmax__w10,578.0,-0.011059519760083188,0.10122762886246088,-0.10925396440046899,-2.626643449368899,vol_10d_self_rank,0.5804622201211499,False,False,False,False,False
eightk_material_agreement_30d__ts_rank__w10,574.0,-0.00895719633450807,0.08184793947274362,-0.10943704132577373,-2.621925149983471,eightk_material_agreement_30d,0.5786232652373404,False,False,False,False,False
macd_signal__ts_decay_linear__w20,560.0,0.02198941373398185,0.19861189690565675,0.11071549124988776,2.620006717837614,macd_signal,0.5778685270418891,False,False,True,False,False
insider_7d__ts_min__w20,579.0,-0.016260599402770543,0.1493653009093367,-0.10886463792979985,-2.619546513755489,insider_7d,0.5776991403504282,False,False,False,False,False
pre_earnings_drift__ts_mean__w10,575.0,0.010472993962747978,0.0962064712513846,0.10885955826591293,2.6103605057278148,pre_earnings_drift,0.5741142970797264,False,False,False,False,False
pre_earnings_drift__ts_decay_linear__w5,575.0,0.010472993962747978,0.0962064712513846,0.10885955826591293,2.6103605057278148,pre_earnings_drift,0.5741142970797264,False,False,False,False,False
obv_trend__ts_rank__w10,575.0,-0.014618959907473965,0.1343120052190426,-0.10884328533129,-2.6099702944636074,obv_trend,0.5739619621887523,False,False,False,False,False
beta_60d__ts_delta__w20,538.0,-0.018158066182889312,0.16154144599445655,-0.11240499966499262,-2.607214522230881,beta_60d,0.5728669382641732,False,False,False,True,False
macd__ts_argmax__w10,578.0,0.01568915654645305,0.1448478136993079,0.1083147625481075,2.6040635054128347,macd,0.5716560355182554,False,False,False,False,False
high_52w_ratio__ts_decay_linear__w20,328.0,0.03298328693789944,0.23000126531496584,0.14340480645935502,2.5971715062990324,high_52w_ratio,0.56876518533802,False,False,True,False,False
low_52w_ratio__ts_std__w20,338.0,0.03819894168277469,0.2714882638167794,0.14070199995294896,2.586774795624227,low_52w_ratio,0.5647178456040731,False,False,True,False,False
high_52w_ratio__ts_min__w5,347.0,0.03145115300208157,0.2267167283927662,0.13872444801512526,2.5841501406756753,high_52w_ratio,0.5637020194125301,False,False,True,False,False
return_20d__ts_rank__w10,574.0,-0.016439128858244275,0.15243280592546432,-0.10784508464852757,-2.583784578937415,return_20d,0.5637141499369784,False,False,False,False,False
obv_trend__ts_delta__w10,569.0,-0.014614761808514991,0.13507733230780866,-0.10819551703324637,-2.580865664184416,obv_trend,0.5625669721615747,False,False,False,False,False
insider_21d__group_neutralize,579.0,-0.011461539905492294,0.1068930187460087,-0.10722440099410381,-2.5800784456266426,insider_21d,0.562262094112777,False,False,False,False,False
bb_pct__ts_rank__w20,570.0,-0.01636174051951642,0.1514574117710455,-0.10802865523841162,-2.5791487938839768,bb_pct,0.561893599839395,False,False,False,False,False
insider_net_shares__group_neutralize,579.0,-0.011318700264912331,0.10575847699673954,-0.10702404749324518,-2.5752574557747185,insider_net_shares,0.5603692761004777,False,False,False,False,False
return_20d__ts_max__w20,578.0,0.021479822226443786,0.20167219337475228,0.10650859628689338,2.56064032343017,return_20d,0.554621430198261,False,False,True,False,False
insider_60d__ts_argmax__w10,568.0,0.013277684262834035,0.12361943738193855,0.10740773897725225,2.5598218529367927,insider_60d,0.5542957443442186,False,False,False,False,False
vol_zscore_60d__ts_max__w5,579.0,0.012918656943546276,0.12172374990558146,0.10613094776957664,2.5537673161659273,vol_zscore_60d,0.551915107842056,False,False,False,False,False
eightk_days_since_last__cs_demean,579.0,0.009829741629220748,0.09280761645235416,0.10591524709900473,2.548577036288491,eightk_days_since_last,0.5498694514390225,False,False,False,False,False
eightk_days_since_last__cs_zscore,579.0,0.009829741629220748,0.09280761645235416,0.10591524709900473,2.548577036288491,eightk_days_since_last,0.5498694514390225,False,False,False,False,False
eightk_days_since_last__cs_rank,579.0,0.009829741629220748,0.09280761645235416,0.10591524709900473,2.548577036288491,eightk_days_since_last,0.5498694514390225,False,False,False,False,False
eightk_days_since_last__scale,579.0,0.009829741629220748,0.09280761645235416,0.10591524709900473,2.548577036288491,eightk_days_since_last,0.5498694514390225,False,False,False,False,False
eightk_days_since_last__signed_power_p05,579.0,0.009829741629220748,0.09280761645235416,0.10591524709900473,2.548577036288491,eightk_days_since_last,0.5498694514390225,False,False,False,False,False
return_20d__ts_mean__w5,577.0,0.02060928763624463,0.19452132217878262,0.10594873305098573,2.5449759013118207,return_20d,0.5484487085820525,False,False,True,False,False
ma20_above_ma50__ts_rank__w20,549.0,0.013693037856171418,0.12611205435677375,0.10857834269699164,2.5440718975789816,ma20_above_ma50,0.5480831873971883,False,False,False,False,False
low_52w_ratio__ts_std__w10,343.0,0.03729388473308257,0.2716124759507814,0.13730549232885958,2.5429333044181455,low_52w_ratio,0.5475250123801599,False,False,True,False,False
rev_growth_qoq__ts_delta__w20,550.0,0.009527088712246255,0.0879525761039716,0.10832074663718745,2.5403466857145243,rev_growth_qoq,0.5466139150231234,False,False,False,False,False
beta_60d__ts_rank__w20,538.0,-0.017587370216042727,0.16081053503956183,-0.10936702755025327,-2.536749284569858,beta_60d,0.5451902665907101,False,False,False,False,False
eightk_reg_fd_30d__ts_delta__w5,574.0,-0.009426834436352671,0.08923541175881798,-0.10564006206225791,-2.530955992700221,eightk_reg_fd_30d,0.5429131584982515,False,False,False,False,False
bb_pct__ts_delta__w5,574.0,-0.015869323014268064,0.15037333165334782,-0.10553282845957851,-2.528386858187972,bb_pct,0.541897970214844,False,False,False,False,False
eightk_material_agreement_30d__ts_delta__w10,569.0,-0.008769258129583811,0.08283252572179653,-0.10586732751620383,-2.5253296812804034,eightk_material_agreement_30d,0.5406882669991445,False,False,False,False,False
volatility_10d__ts_rank__w10,575.0,0.01175928946702776,0.11172042949311317,0.10525639330586929,2.5239596452324493,volatility_10d,0.5401481536032794,False,False,False,False,False
insider_7d__ts_std__w5,578.0,0.013804320615445608,0.13174782741368612,0.10477835488019287,2.5190424987500686,insider_7d,0.5382041649443213,False,False,False,False,False
is_squeeze_setup__ts_decay_linear__w5,575.0,-0.018727364554951307,0.1784080495005954,-0.104969280295219,-2.5170749170963,is_squeeze_setup,0.5374250125820662,False,False,False,False,False
risk_prev_1d__ts_mean__w10,321.0,0.009595757891151923,0.06852588296858854,0.14003114553883977,2.5088642196052047,risk_prev_1d,0.5340783706950043,False,False,False,False,False
eightk_reg_fd_30d__ts_delta__w20,559.0,-0.00885764764895338,0.08362430249386608,-0.10592193160120046,-2.5043313832474983,eightk_reg_fd_30d,0.5323764487034915,False,False,False,False,False
insider_net_shares__ts_argmax__w10,578.0,-0.009931926276513322,0.09535331906312983,-0.10415920886757774,-2.504157219051866,insider_net_shares,0.5323113687279162,False,False,False,False,False
insider_21d__ts_min__w5,579.0,-0.015795177883939474,0.15180126609498792,-0.10405168738221077,-2.503735281866356,insider_21d,0.5321444142743766,False,False,False,False,False
ma20_above_ma50__signed_power_p05,549.0,0.017734954606737404,0.1666319847041697,0.1064318752382574,2.4937785572572118,ma20_above_ma50,0.5281928903025805,False,False,False,False,False
ma20_above_ma50__cs_demean,549.0,0.017734954606737404,0.1666319847041697,0.1064318752382574,2.4937785572572118,ma20_above_ma50,0.5281928903025805,False,False,False,False,False
ma20_above_ma50__cs_zscore,549.0,0.017734954606737404,0.1666319847041697,0.1064318752382574,2.4937785572572118,ma20_above_ma50,0.5281928903025805,False,False,False,False,False
ma20_above_ma50__cs_rank,549.0,0.017734954606737404,0.1666319847041697,0.1064318752382574,2.4937785572572118,ma20_above_ma50,0.5281928903025805,False,False,False,False,False
ma20_above_ma50__scale,549.0,0.017734954606737404,0.1666319847041697,0.1064318752382574,2.4937785572572118,ma20_above_ma50,0.5281928903025805,False,False,False,False,False
eightk_days_since_last__ts_min__w5,579.0,0.00960890723917392,0.09282506680046844,0.10351629759479396,2.4908525085636755,eightk_days_since_last,0.5270380897932823,False,False,False,False,False
insider_60d__ts_argmax__w5,562.0,0.011432531156611823,0.10937799315703566,0.10452313876519899,2.4778818845899258,insider_60d,0.5218898479719597,False,False,False,False,False
bb_width__ts_argmax__w10,578.0,-0.010690714453825089,0.1038817480838869,-0.10291234649990769,-2.474180614648749,bb_width,0.5204228507460951,False,False,False,False,False
vwap_dev_eod__ts_std__w20,570.0,0.02503004321924391,0.24293920948068096,0.10303006778012239,2.4598091539919658,vwap_dev_eod,0.5147148592396965,False,False,True,False,False
post_earnings_5d__ts_delta__w20,470.0,0.010365837020959556,0.0915293501397346,0.11325150899830931,2.4552342080716545,post_earnings_5d,0.5128877409995943,False,False,False,False,False
ma_20__ts_delta__w5,574.0,0.01848523924843146,0.18058716125812407,0.10236186847197513,2.452416056708249,ma_20,0.5117779186430437,False,False,False,False,False
high_52w_ratio__ts_std__w10,343.0,0.028102278404205944,0.2123387611815377,0.13234643664601622,2.45109030789647,high_52w_ratio,0.5112248448089262,False,False,True,False,False
return_20d__ts_rank__w20,569.0,-0.015749353625496423,0.15347097792715872,-0.10262105473108715,-2.447893996351706,return_20d,0.5099806144827296,False,False,False,False,False
eightk_filings_30d__ts_delta__w10,569.0,-0.009512049672164681,0.09270311928641507,-0.10260765490291975,-2.4475743605907105,eightk_filings_30d,0.5098535904736392,False,False,False,False,False
ma20_above_ma50__ts_max__w10,549.0,0.01630555154377908,0.15637997246665472,0.10426879661496265,2.4430960049075665,ma20_above_ma50,0.5080727377910403,False,False,False,False,False
vol_x_short__ts_rank__w10,575.0,0.01135459063926008,0.11182044181423634,0.10154306721594869,2.4349172136405453,vol_x_short,0.5048229748356557,False,False,False,False,False
atr__ts_rank__w10,575.0,0.013851600195900766,0.13645277978757914,0.10151204114320017,2.434173234551886,atr,0.5045272172144374,False,False,False,False,False
is_squeeze_setup__ts_mean__w5,578.0,-0.017998447401870364,0.1781335040940573,-0.1010390914017326,-2.4291445076331453,is_squeeze_setup,0.5025280864859912,False,False,False,False,False
vol_10d_self_rank__ts_max__w5,579.0,0.012702632683732085,0.12592908306273284,0.1008713187993606,2.4272079209887596,vol_10d_self_rank,0.5017581600817409,False,False,False,False,False
obv_trend__ts_min__w10,579.0,0.012934808709509239,0.12883986590477922,0.1003944595772001,2.4157335346616935,obv_trend,0.49719604889612307,False,False,False,False,False
insider_21d__ts_mean__w5,578.0,-0.015128535944958053,0.15190591072393791,-0.09959148971136145,-2.3943418025947145,insider_21d,0.4886918165202059,False,False,False,False,False
insider_21d__ts_mean__w10,575.0,-0.015518459605211855,0.1555062967188189,-0.0997931269193028,-2.3929551194476972,insider_21d,0.48814085887794306,False,False,False,False,False
risk_today__ts_max__w10,340.0,0.008817133482474496,0.06796194629208788,0.1297363298658353,2.392219721848167,risk_today,0.48787661159128093,False,False,False,True,False
intraday_momentum__ts_std__w5,578.0,0.01747247085019488,0.1756532550817153,0.09947137525044182,2.39145405510033,intraday_momentum,0.48754404818521485,False,False,False,False,False
bb_pct__ts_rank__w10,575.0,-0.014757081576836415,0.14815870654271557,-0.09960320200677378,-2.388400880034852,bb_pct,0.48633086322119706,False,False,False,False,False
eightk_filings_30d__ts_max__w5,579.0,-0.009409471037923051,0.09498553169521051,-0.09906215051905119,-2.383674956092137,eightk_filings_30d,0.4844525398086975,False,False,False,False,False
high_52w_ratio__ts_argmax__w20,328.0,0.019024758921344725,0.1446628245775382,0.13151104284672385,2.3817662857903525,high_52w_ratio,0.4837352337118389,False,False,False,False,False
atr__ts_argmax__w10,578.0,-0.013279915352041005,0.13425849884765212,-0.0989130331861538,-2.3780306014644186,atr,0.48221007110849556,False,False,False,False,False
return_5d__ts_mean__w20,570.0,0.019286588789297978,0.19439393015052792,0.09921394548874808,2.368700483025078,return_5d,0.47850526766166906,False,False,False,True,False
atr__ts_argmax__w5,578.0,-0.012318408284981808,0.12546962136270987,-0.0981784128396429,-2.3603691304914927,atr,0.4751966244263205,False,False,False,False,False
eightk_exec_change_30d__ts_std__w5,577.0,-0.008039285217203882,0.0820860069709513,-0.09793734052685539,-2.352535649099935,eightk_exec_change_30d,0.4720882419747694,False,False,False,False,False
eightk_filings_30d__ts_rank__w20,570.0,-0.009165909572657926,0.09310190304818818,-0.09845029234164833,-2.350468514026285,eightk_filings_30d,0.47126935500008676,False,False,False,False,False
post_earnings_5d__ts_max__w20,579.0,0.00895059904655798,0.09163219588422244,0.09767963061659123,2.3504081831569077,post_earnings_5d,0.4712439563343949,False,False,False,False,False
rev_growth_yoy__ts_rank__w10,333.0,0.010563672598755318,0.08203205868059833,0.12877492980989597,2.349921953668255,rev_growth_yoy,0.47112005259599654,False,False,False,False,False
bb_upper__ts_decay_linear__w10,570.0,0.015526267535084378,0.15784957563330518,0.09836116107877861,2.3483405342914594,bb_upper,0.47042533826755595,False,False,False,False,False
beta_60d__ts_min__w20,538.0,0.030018114316635088,0.29737065756490727,0.10094511194361204,2.341404408985321,beta_60d,0.4676814425771331,False,False,True,False,False
high_52w_ratio__ts_rank__w20,338.0,-0.019732619156095463,0.15574006844052982,-0.12670226328833592,-2.3293927686345075,high_52w_ratio,0.46299834215010266,False,False,False,False,False
macd__ts_std__w5,578.0,0.014168642130201825,0.14642469762861243,0.0967640183634784,2.326364781028956,macd,0.46171545706748496,False,False,False,False,False
ma20_above_ma50__ts_max__w5,549.0,0.01574355449944126,0.1586791014060754,0.0992163073771886,2.3247123976120267,ma20_above_ma50,0.4610678559725535,False,False,False,False,False
vol_10d_self_rank__ts_rank__w10,575.0,0.010634010986873159,0.10975559221321345,0.09688810175808912,2.3232950632268716,vol_10d_self_rank,0.4605009501439956,False,False,False,False,False
eightk_reg_fd_30d__cs_demean,579.0,-0.008793278223465142,0.09123249744382318,-0.0963831800053445,-2.319212445555342,eightk_reg_fd_30d,0.45888449690239397,False,False,False,False,False
eightk_reg_fd_30d__cs_zscore,579.0,-0.008793278223465142,0.09123249744382318,-0.0963831800053445,-2.319212445555342,eightk_reg_fd_30d,0.45888449690239397,False,False,False,False,False
eightk_reg_fd_30d__cs_rank,579.0,-0.008793278223465142,0.09123249744382318,-0.0963831800053445,-2.319212445555342,eightk_reg_fd_30d,0.45888449690239397,False,False,False,False,False
eightk_reg_fd_30d__scale,579.0,-0.008793278223465142,0.09123249744382318,-0.0963831800053445,-2.319212445555342,eightk_reg_fd_30d,0.45888449690239397,False,False,False,False,False
eightk_reg_fd_30d__signed_power_p05,579.0,-0.008793278223465142,0.09123249744382318,-0.0963831800053445,-2.319212445555342,eightk_reg_fd_30d,0.45888449690239397,False,False,False,False,False
eightk_filings_30d__ts_delta__w20,559.0,-0.008994170599542493,0.09269309606781377,-0.09703172060368342,-2.2941385169712416,eightk_filings_30d,0.44898319286891947,False,False,False,False,False
return_20d__ts_decay_linear__w5,574.0,0.018425079579894647,0.19263296783234318,0.09564863059126406,2.2915783090496538,return_20d,0.44796898519760037,False,False,False,False,False
vol_zscore_60d__ts_rank__w10,575.0,0.010174928304274484,0.10714577302053141,0.09496341309073154,2.2771426503094907,vol_zscore_60d,0.44228061957174597,False,False,False,False,False
macd__ts_delta__w5,574.0,-0.01494803369418877,0.15742683901170226,-0.09495225711212822,-2.2748943863429663,macd,0.44139606283229177,False,False,False,False,False
bb_upper__ts_std__w20,570.0,0.014369683453455821,0.15085232529804551,0.09525662547836111,2.2742207627205215,bb_upper,0.44113227198293603,False,False,False,False,False
macd__ts_rank__w10,575.0,-0.014151696721615687,0.1494178145431292,-0.09471224542325792,-2.2711198612229557,macd,0.4399108120875305,False,False,False,False,False
ma20_above_ma50__ts_min__w10,540.0,0.01611231512892188,0.16489695007188712,0.09771141990132434,2.2706082120726547,ma20_above_ma50,0.43972161655140196,False,False,False,False,False
insider_21d__ts_decay_linear__w10,570.0,-0.014715938495291516,0.15478283744547092,-0.09507474302812063,-2.2698783787379466,insider_21d,0.43942421477751764,False,False,False,False,False
return_20d__ts_max__w5,578.0,0.01834463607294575,0.1952792188932344,0.09394054409330349,2.258483855728778,return_20d,0.43494476305363977,False,False,False,False,False
bb_width__ts_std__w10,575.0,0.016852336993839413,0.17893753374684188,0.09418000036639515,2.2583570731138067,bb_width,0.43489602660314264,False,False,False,False,False
risk_today__ts_argmax__w10,301.0,-0.00884971927844404,0.06800631479701953,-0.13013084600831643,-2.257685797876863,risk_today,0.43481354967804753,False,False,False,False,False
return_60d__ts_max__w20,538.0,0.021778198721679708,0.22423305611704905,0.09712305178729556,2.25275238483971,return_60d,0.43271106052684394,False,False,True,False,False
return_20d__group_neutralize,578.0,0.012316564426053144,0.1314549802866417,0.09369416357749619,2.2525604663904724,return_20d,0.4326206716940473,False,False,False,False,False
ma_50__ts_rank__w10,545.0,0.01706803573030329,0.1771255516435295,0.0963612283599445,2.2495755267195117,ma_50,0.4314628788140115,False,False,False,False,False
bb_upper__ts_max__w5,579.0,0.014695569568304933,0.15732063610937067,0.09341158243276138,2.2477086201665686,bb_upper,0.43071834201021536,False,False,False,False,False
ma5_above_ma20__ts_rank__w10,575.0,-0.011633944200478032,0.12418429970671992,-0.09368289089646081,-2.2464368067815648,ma5_above_ma20,0.4302214930420315,False,False,False,False,False
bb_upper__signed_power_p05,579.0,0.014774904328511388,0.15834204082789768,0.09331005367406035,2.24526559265131,bb_upper,0.42976124003878113,False,False,False,False,False
bb_upper__cs_rank,579.0,0.014774904328511388,0.15834204082789768,0.09331005367406035,2.24526559265131,bb_upper,0.42976124003878113,False,False,False,False,False
bb_upper__scale,579.0,0.014774904328511388,0.15834204082789768,0.09331005367406035,2.24526559265131,bb_upper,0.42976124003878113,False,False,False,False,False
bb_upper__cs_zscore,579.0,0.014774904328511388,0.15834204082789768,0.09331005367406035,2.24526559265131,bb_upper,0.42976124003878113,False,False,False,False,False
bb_upper__cs_demean,579.0,0.014774904328511388,0.15834204082789768,0.09331005367406035,2.24526559265131,bb_upper,0.42976124003878113,False,False,False,False,False
beta_60d__ts_delta__w10,538.0,-0.01588850236318118,0.1647953154194485,-0.0964135559481206,-2.236295751586096,beta_60d,0.42626739057353163,False,False,False,False,False
atr__ts_rank__w5,578.0,0.011761564300960314,0.12650788046057213,0.09297100115929903,2.235174462697052,atr,0.4258125737335691,False,False,False,False,False
low_52w_ratio__ts_std__w5,346.0,0.031024593896607087,0.2585438609939308,0.11999741079652004,2.2320808665598566,low_52w_ratio,0.4247535577414827,False,False,True,False,False
bb_pct__ts_decay_linear__w20,560.0,0.016887506955055143,0.17911574455795992,0.09428264944956041,2.23113470522245,bb_pct,0.4242409286676987,False,False,False,False,False
ma5_above_ma20__ts_delta__w5,574.0,-0.011297515167820144,0.12145925737853802,-0.09301485462413528,-2.2284775219305977,ma5_above_ma20,0.4231973974868022,False,False,False,False,False
bb_upper__ts_mean__w5,578.0,0.01464299536209788,0.15799260413648197,0.09268152418988247,2.228214964342612,bb_upper,0.4230932840729865,False,False,False,False,False
eightk_filings_30d__cs_rank,579.0,-0.008656245317740738,0.09384803773898388,-0.09223682802847766,-2.2194411876670945,eightk_filings_30d,0.41966982220637034,False,False,False,False,False
eightk_filings_30d__signed_power_p05,579.0,-0.008656245317740738,0.09384803773898388,-0.09223682802847766,-2.2194411876670945,eightk_filings_30d,0.41966982220637034,False,False,False,False,False
eightk_filings_30d__cs_zscore,579.0,-0.008656245317740738,0.09384803773898388,-0.09223682802847766,-2.2194411876670945,eightk_filings_30d,0.41966982220637034,False,False,False,False,False
eightk_filings_30d__cs_demean,579.0,-0.008656245317740738,0.09384803773898388,-0.09223682802847766,-2.2194411876670945,eightk_filings_30d,0.41966982220637034,False,False,False,False,False
eightk_filings_30d__scale,579.0,-0.008656245317740738,0.09384803773898388,-0.09223682802847766,-2.2194411876670945,eightk_filings_30d,0.41966982220637034,False,False,False,False,False
insider_7d__ts_mean__w20,570.0,-0.014129845956279497,0.15224427596954002,-0.09281035931430683,-2.215816958538977,insider_7d,0.41826134932687886,False,False,False,False,False
bb_upper__ts_min__w5,579.0,0.014529701732535191,0.15823134299381794,0.09182568672947977,2.209548133531873,bb_upper,0.4158172310605396,False,False,False,False,False
ma_5__ts_decay_linear__w10,570.0,0.014954209579076689,0.16205406026620311,0.09227914163034048,2.203134310163248,ma_5,0.41332772911915555,False,False,False,False,False
obv_trend__ts_min__w20,579.0,0.011523915662846614,0.12602622484503398,0.09144061624488714,2.2002824062521364,obv_trend,0.41221612650915196,False,False,False,False,False
bb_upper__ts_decay_linear__w5,575.0,0.014492439571572448,0.15846274456016635,0.09145644682476042,2.1930485534617974,bb_upper,0.40941155086878356,False,False,False,False,False
ma_5__ts_delta__w20,559.0,0.016738131350028395,0.1804800517234965,0.09274227921694062,2.1927224785830317,ma_5,0.4092926906427068,False,False,False,False,False
vol_surge_eod__ts_mean__w20,570.0,0.011722371331838045,0.12778541077656924,0.09173481746155221,2.190138748751196,vol_surge_eod,0.4082863112443385,False,False,False,False,False
eightk_reg_fd_30d__ts_argmax__w20,578.0,0.00811392725754122,0.08908052606022668,0.09108530917358361,2.1898393526258833,eightk_reg_fd_30d,0.40816662627725264,False,False,False,False,False
bb_pct__ts_delta__w10,569.0,-0.013527832880518398,0.14739485892567766,-0.09177954359547688,-2.1892836157647575,bb_pct,0.407955562043391,False,False,False,False,False
ma_10__ts_decay_linear__w10,570.0,0.014813867334129614,0.1615492492323265,0.09169876928877312,2.189278110422044,ma_10,0.4079529576902019,False,False,False,False,False
risk_today__ts_rank__w20,496.0,-0.006991871207339881,0.07119474152577614,-0.09820769143193625,-2.1871891380421675,risk_today,0.40718445560221195,False,False,False,False,False
return_20d__ts_delta__w5,573.0,-0.01558931945434158,0.17065372904036552,-0.09135059363779954,-2.1866973816515203,return_20d,0.4069523315867608,False,False,False,False,False
eps_surprise__ts_delta__w20,559.0,0.007987059305074417,0.0863608095057691,0.09248476653684982,2.1866340597203204,eps_surprise,0.4069345751212822,False,False,False,False,False
insider_21d__ts_decay_linear__w5,575.0,-0.013774211710188734,0.1514010044677788,-0.0909783376841477,-2.1815838990211254,insider_21d,0.40497328060454685,False,False,False,False,False
post_earnings_3d__ts_mean__w5,443.0,0.009542251539468352,0.09229945473858508,0.10338361766593715,2.17597343135242,post_earnings_3d,0.40288850827828926,False,False,False,False,False
ma_5__ts_mean__w20,570.0,0.014611960913137635,0.16072339786551237,0.09091371329371971,2.170535155431955,ma_5,0.40070985978083384,False,False,False,False,False
ma5_above_ma20__ts_decay_linear__w20,560.0,0.015584810783083939,0.16998554566036245,0.09168315295597533,2.169619390614702,ma5_above_ma20,0.40036191900468904,False,False,False,False,False
risk_today__ts_std__w10,337.0,0.007985143229672201,0.06766503810102309,0.11800988300265905,2.166373478392756,risk_today,0.3993056030147718,False,False,False,False,False
risk_today__ts_mean__w10,337.0,0.007985143229672201,0.06766503810102309,0.11800988300265905,2.166373478392756,risk_today,0.3993056030147718,False,False,False,False,False
ma_20__ts_decay_linear__w10,570.0,0.014506472172037247,0.1605365747440045,0.09036241239835606,2.157373026955892,ma_20,0.39564331739581104,False,False,False,False,False
eightk_material_agreement_30d__ts_argmax__w20,576.0,0.008380235053595218,0.0933690343624753,0.08975390086033927,2.1540936206481422,eightk_material_agreement_30d,0.3943805100313894,False,False,False,False,False
bb_pct__ts_min__w10,579.0,0.014069785046833733,0.15759498163603586,0.08927812866102405,2.148247724292317,bb_pct,0.3921360797150715,False,False,False,False,False
high_52w_ratio__ts_min__w10,347.0,0.026653142106020176,0.23115872640092144,0.11530234017552508,2.147844614615666,high_52w_ratio,0.39218187596204407,False,False,True,False,False
ma_5__ts_argmax__w20,578.0,-0.014329513497732885,0.16040884294307664,-0.08933119418371416,-2.1476675680790827,ma_5,0.39191420230239365,False,False,False,False,False
obv_trend__ts_argmax__w10,578.0,0.010377087943078935,0.11621836054653097,0.08928957433472144,2.1466669590456227,obv_trend,0.39153071253364885,False,False,False,False,False
vol_zscore_60d__ts_std__w10,575.0,0.009817601744521781,0.10974124845121296,0.08946136373586398,2.1452081416150093,vol_zscore_60d,0.39097337774155005,False,False,False,False,False
ma_50__ts_argmax__w10,540.0,-0.016565789329999185,0.17988689261335017,-0.0920900299590242,-2.139978914298257,ma_50,0.38899176639824706,False,False,False,False,False
premarket_gap__ts_max__w20,579.0,0.0196708518338761,0.22182264309901836,0.0886782862157824,2.133814064142282,premarket_gap,0.386613597753968,False,False,False,True,False
risk_next_1d__ts_rank__w20,496.0,-0.006827119777495256,0.07129397305846955,-0.09576012507952397,-2.132679247191676,risk_next_1d,0.38623257971206576,False,False,False,True,False
return_3d__ts_mean__w20,570.0,0.017051349577107112,0.19091846818022423,0.08931220609318366,2.1322996950761515,return_3d,0.38604040937761086,False,False,False,True,False
ma_5__ts_max__w20,579.0,0.014040567245802864,0.15849418579880628,0.08858727009472805,2.131623996117096,ma_5,0.3857776013135887,False,False,False,False,False
bb_upper__ts_max__w10,579.0,0.013817408889814751,0.15621719811784146,0.08844998538119776,2.128320593841032,bb_upper,0.3845176134046407,False,False,False,False,False
bb_pct__ts_mean__w10,575.0,0.015430395497941231,0.17385941637459854,0.08875214135479903,2.1282015863542583,bb_pct,0.3844744402810594,False,False,False,False,False
eightk_days_since_last__ts_min__w10,579.0,0.008031885662679534,0.09083360375129247,0.08842416606822392,2.127699318718326,eightk_days_since_last,0.3842807800586568,False,False,False,False,False
intraday_momentum__ts_std__w20,570.0,0.017762319080217824,0.1993102147514809,0.08911896012136453,2.1276860107343416,intraday_momentum,0.384280699036355,False,False,False,False,False
ma_10__ts_mean__w20,570.0,0.01427280104642994,0.16024536079818538,0.08906841967428467,2.1264793740985275,ma_10,0.3838208613605835,False,False,False,False,False
return_5d__ts_delta__w20,559.0,-0.015400391155592247,0.1712481990734081,-0.0899302371582351,-2.1262368596732237,return_5d,0.3837348018646715,False,False,False,False,False
return_20d__ts_max__w10,578.0,0.01743556771624418,0.19731325008545103,0.08836491066207317,2.124436536635243,return_20d,0.3830382444592455,False,False,False,False,False
volume_zscore__ts_mean__w10,575.0,0.010428086086430493,0.11779135321929991,0.08853014929725647,2.12287840381682,volume_zscore,0.3824467042637788,False,False,False,False,False
ma_10__ts_max__w10,579.0,0.014127140711832253,0.16013816413657572,0.08821845053614924,2.1227493054254962,ma_10,0.3823953410496989,False,False,False,False,False
ma_50__ts_rank__w20,540.0,0.016676882863468103,0.1831528899728931,0.09105443471809975,2.1159138555691843,ma_50,0.3798197571350964,False,False,False,False,False
insider_net_shares__ts_std__w10,575.0,0.012040569727630925,0.13657023273594163,0.08816393943555292,2.1140969998222907,insider_net_shares,0.3791086210077432,False,False,False,False,False
bb_upper__ts_mean__w20,570.0,0.013849271540554264,0.15648863048721462,0.0885001772808394,2.1129127728994876,bb_upper,0.37866202632326135,False,False,False,False,False
high_52w_ratio__ts_min__w20,347.0,0.026485161779311147,0.2338105719502451,0.1132761515375241,2.110100902322395,high_52w_ratio,0.377810136720174,False,False,True,False,False
bb_width__ts_std__w5,578.0,0.015260361974083331,0.17398621506178522,0.08771017846824324,2.1086957071152215,bb_width,0.37705809708147664,False,False,False,False,False
macd_signal__ts_rank__w5,578.0,-0.012499505378555318,0.14258628713192345,-0.08766274534514351,-2.1075553374933347,macd_signal,0.37662596745012134,False,False,False,False,False
post_earnings_drift__ts_mean__w20,570.0,0.006640792328912995,0.07531875554849264,0.08816917221418295,2.1050101352469834,post_earnings_drift,0.3756667290686356,False,False,False,False,False
post_earnings_drift__ts_decay_linear__w10,570.0,0.006640792328912995,0.07531875554849264,0.08816917221418295,2.1050101352469834,post_earnings_drift,0.3756667290686356,False,False,False,True,False
insider_net_shares__ts_std__w20,570.0,0.012595835501844305,0.14290015336418993,0.08814431059246686,2.104416572163915,insider_net_shares,0.37544205027513206,False,False,False,False,False
bb_upper__ts_min__w10,579.0,0.013821160545834,0.15810247224964574,0.08741900331583821,2.103512671577068,bb_upper,0.3750947036825424,False,False,False,False,False
rsi_below_30__ts_std__w10,574.0,-0.011109063453188002,0.12653623364355598,-0.08779353654923444,-2.103383632231099,rsi_below_30,0.3750487892283979,False,False,False,False,False
eightk_reg_fd_30d__ts_min__w5,579.0,-0.007868758030017515,0.09014379240202477,-0.08729118023928145,-2.1004369391726883,eightk_reg_fd_30d,0.3739314278864408,False,False,False,False,False
bb_upper__ts_mean__w10,575.0,0.01380046038569306,0.15763277477953572,0.08754816633148978,2.09933127950392,bb_upper,0.37351587820217136,False,False,False,False,False
ma_5__ts_max__w10,579.0,0.01395417270659157,0.16043409224312813,0.08697760252505976,2.092891500877008,ma_5,0.37108248864284493,False,False,False,False,False
ma20_above_ma50__ts_mean__w20,549.0,0.016378535704023943,0.1841243029425694,0.08895368749410884,2.084251526764696,ma20_above_ma50,0.36784786452114493,False,False,False,False,False
high_52w_ratio__ts_argmax__w5,343.0,0.016228089320871,0.14434408891354714,0.11242642108185384,2.082166456829302,high_52w_ratio,0.36728497985981423,False,False,False,False,False
macd__ts_rank__w5,578.0,-0.012960144202186594,0.1498788212601389,-0.08647081751258351,-2.078899448888337,macd,0.3658186759134118,False,False,False,False,False
ma20_above_ma50__ts_decay_linear__w20,549.0,0.016375291689971136,0.18457341727632037,0.08871966468202777,2.0787681969880634,ma20_above_ma50,0.36578800800115885,False,False,False,False,False
post_earnings_3d__ts_max__w5,444.0,0.00910394268502112,0.09242950785414077,0.0984960636097693,2.075440844422976,post_earnings_3d,0.364628079441073,False,False,False,False,False
volatility_10d__ts_delta__w20,559.0,0.011822375517941254,0.13469993644989667,0.08776823382050172,2.0751202237931605,volatility_10d,0.364413055635181,False,False,False,False,False
ma_5__ts_max__w5,579.0,0.013919284443369123,0.16146986565152818,0.08620360453763336,2.0742672371291784,ma_5,0.36408067080757106,False,False,False,False,False
ma_10__ts_max__w20,579.0,0.013627212538472242,0.15826441146844347,0.086104086269511,2.0718725868802794,ma_10,0.3631835939835554,False,False,False,False,False
low_52w_ratio__ts_argmax__w20,328.0,-0.015014498292445963,0.13142390998152337,-0.11424479985838819,-2.069061325494264,low_52w_ratio,0.3624048582718212,False,False,False,False,False
rev_x_low52w__ts_rank__w10,500.0,0.009701475153449936,0.10492529837414612,0.09246078213526822,2.067485941072579,rev_x_low52w,0.36159890952091045,False,False,False,False,False
ma_10__ts_max__w5,579.0,0.013825774477241055,0.16109619229661087,0.08582309910705394,2.0651113560910943,ma_10,0.36065474637577,False,False,False,False,False
rsi_14__ts_rank__w20,570.0,-0.013444936559430864,0.15543941804200062,-0.08649631302529687,-2.0650711695176467,rsi_14,0.3606454260019891,False,False,False,False,False
insider_90d__ts_std__w5,578.0,0.011397587304725029,0.13284800503972366,0.08579419240294177,2.062632277974479,insider_90d,0.3597296475180987,False,False,False,True,False
high_52w_ratio__group_neutralize,347.0,0.01808944380113143,0.16367097394715246,0.11052322452099728,2.0588195540177905,high_52w_ratio,0.35855024754465203,False,False,False,False,False
ma_5__ts_mean__w5,578.0,0.013872045227218056,0.16214776849720458,0.08555187256528424,2.0568065139600744,ma_5,0.35755744141022994,False,False,False,False,False
beta_60d__ts_min__w10,538.0,0.026882437656377448,0.3031673807647179,0.08867193293872327,2.056730145110466,beta_60d,0.3575562381002461,False,False,True,False,False
vol_10d_self_rank__ts_decay_linear__w20,560.0,0.010916373168150126,0.12567207930746332,0.08686394964025897,2.055576225387677,vol_10d_self_rank,0.3571110964418735,False,False,False,False,False
vol_surge_eod__ts_decay_linear__w10,570.0,0.009992095845533892,0.11621734064012838,0.08597766727836954,2.0526886720248423,vol_surge_eod,0.35602998224652105,False,False,False,False,False
ma_20__ts_max__w10,579.0,0.01358287611723809,0.15925595499225945,0.08528959634757946,2.052273989245108,ma_20,0.35586995072112915,False,False,False,False,False
ma_5__cs_rank,579.0,0.013840287222368786,0.16229744255945838,0.08527729706707077,2.0519780388061877,ma_5,0.3557599044217804,False,False,False,False,False
ma_5__scale,579.0,0.013840160095476554,0.1622974482014824,0.08527651080684176,2.051959119483247,ma_5,0.35575286986019466,False,False,False,False,False
ma_5__signed_power_p05,579.0,0.013839720929826027,0.16229731098832342,0.08527387697028285,2.051895743004834,ma_5,0.35572930564334604,False,False,False,False,False
ma_5__cs_demean,579.0,0.013839052085656226,0.16229675777642494,0.08527004652009428,2.051803573108085,ma_5,0.3556950366262769,False,False,False,False,False
ma_5__cs_zscore,579.0,0.013839052085656226,0.16229675777642494,0.08527004652009428,2.051803573108085,ma_5,0.3556950366262769,False,False,False,False,False
ma_10__cs_zscore,579.0,0.013787031444010547,0.16184211172462537,0.08518815836677418,2.0498331460655974,ma_10,0.35496270347272263,False,False,False,False,False
ma_10__signed_power_p05,579.0,0.013787012838511251,0.16184210720681572,0.08518804578398763,2.049830437051434,ma_10,0.3549616969995335,False,False,False,False,False
ma_10__scale,579.0,0.01378691060878361,0.16184200334791227,0.08518746878797492,2.0498165531317127,ma_10,0.3549565387576591,False,False,False,False,False
ma_10__cs_rank,579.0,0.01378691060878361,0.16184200334791227,0.08518746878797492,2.0498165531317127,ma_10,0.3549565387576591,False,False,False,False,False
ma_10__cs_demean,579.0,0.013786771461434028,0.16184217541803317,0.08518651844504214,2.049793685582031,ma_10,0.35494804291808285,False,False,False,False,False
ma_20__ts_max__w5,579.0,0.013630683675710258,0.16007189971689983,0.08515350726652979,2.0489993567785607,ma_20,0.3546529752464292,False,False,False,False,False
beta_60d__ts_mean__w20,538.0,0.027127909878859588,0.3072885995054843,0.08828153703884944,2.047674979747679,beta_60d,0.35418950430300494,False,False,True,False,False
ma_20__ts_mean__w20,570.0,0.013655217854265768,0.15921967329490466,0.08576338320311552,2.0475727098477674,ma_20,0.3541291040456468,False,False,False,False,False
beta_60d__ts_decay_linear__w20,538.0,0.027239814283635283,0.3088958572836152,0.08818445971784215,2.0454232880803707,beta_60d,0.35335405751849247,False,False,True,False,False
rev_x_low52w__ts_rank__w20,568.0,0.008873918653417093,0.103479090746107,0.08575566899007507,2.0437934694864017,rev_x_low52w,0.3527285399836201,False,False,False,False,False
ma_5__ts_min__w5,579.0,0.013781982286560168,0.16248320101216207,0.08482096734128576,2.040997641819299,ma_5,0.35168544274360336,False,False,False,False,False
vol_zscore_60d__ts_decay_linear__w10,570.0,0.010380540893515233,0.12166707621406209,0.08531922699655921,2.0369686257563044,vol_zscore_60d,0.35020057043563635,False,False,False,False,False
ma_10__ts_mean__w5,578.0,0.013695415239760677,0.16166318882999636,0.08471573113754832,2.03670431065825,ma_10,0.3500975356250871,False,False,False,False,False
risk_today__ts_decay_linear__w10,332.0,0.007492875270221908,0.06705156935933022,0.1117479477634221,2.0361445114086876,risk_today,0.3501709520254611,False,False,False,False,False
ma_20__cs_demean,579.0,0.013595157456862988,0.16076050303512904,0.08456777131315771,2.034905132944128,ma_20,0.34943194483841133,False,False,False,False,False
ma_20__cs_zscore,579.0,0.013595157456862988,0.16076050303512904,0.08456777131315771,2.034905132944128,ma_20,0.34943194483841133,False,False,False,False,False
ma_20__signed_power_p05,579.0,0.013595157456862988,0.16076050303512904,0.08456777131315771,2.034905132944128,ma_20,0.34943194483841133,False,False,False,False,False
ma_20__cs_rank,579.0,0.013594833964307974,0.16076080699936215,0.0845655991535419,2.0348528655296847,ma_20,0.3494126347771568,False,False,False,False,False
ma_20__scale,579.0,0.013594833964307974,0.16076080699936215,0.0845655991535419,2.0348528655296847,ma_20,0.3494126347771568,False,False,False,False,False
return_20d__cs_rank,578.0,0.015818709329988148,0.18702370770828916,0.08458130535333751,2.0334724956164694,return_20d,0.3489034578786115,False,False,False,False,False
return_20d__cs_zscore,578.0,0.015818709329988148,0.18702370770828916,0.08458130535333751,2.0334724956164694,return_20d,0.3489034578786115,False,False,False,False,False
return_20d__scale,578.0,0.015818709329988148,0.18702370770828916,0.08458130535333751,2.0334724956164694,return_20d,0.3489034578786115,False,False,False,False,False
return_20d__signed_power_p05,578.0,0.015818709329988148,0.18702370770828916,0.08458130535333751,2.0334724956164694,return_20d,0.3489034578786115,False,False,False,False,False
return_20d__cs_demean,578.0,0.015818709329988148,0.18702370770828916,0.08458130535333751,2.0334724956164694,return_20d,0.3489034578786115,False,False,False,False,False
atr__cs_demean,579.0,0.01340033258655384,0.1585820691695289,0.08450093164207921,2.0332968087841086,atr,0.3488379308765681,False,False,False,False,False
atr__cs_zscore,579.0,0.01340033258655384,0.1585820691695289,0.08450093164207921,2.0332968087841086,atr,0.3488379308765681,False,False,False,False,False
atr__cs_rank,579.0,0.01340033258655384,0.1585820691695289,0.08450093164207921,2.0332968087841086,atr,0.3488379308765681,False,False,False,False,False
atr__scale,579.0,0.01340033258655384,0.1585820691695289,0.08450093164207921,2.0332968087841086,atr,0.3488379308765681,False,False,False,False,False
atr__signed_power_p05,579.0,0.01340033258655384,0.1585820691695289,0.08450093164207921,2.0332968087841086,atr,0.3488379308765681,False,False,False,False,False
vwap_dev_eod__ts_std__w10,575.0,0.020449859029386327,0.24131491170277802,0.0847434536269932,2.0320766314936183,vwap_dev_eod,0.34839016686603963,False,False,True,False,False
risk_next_1d__ts_max__w10,341.0,0.007416768181903765,0.06779073892099179,0.10940680541257711,2.0203263432103387,risk_next_1d,0.3443309110266054,False,False,False,False,False
rev_growth_qoq__ts_rank__w20,555.0,0.007480923444468174,0.08723761862835629,0.08575341191210056,2.0202164359999517,rev_growth_qoq,0.3440373649415304,False,False,False,False,False
atr__ts_min__w5,579.0,0.013246681215902696,0.1580610829564146,0.08380735452480402,2.0166076656966134,atr,0.34269592727718856,False,False,False,False,False
macd__ts_min__w20,579.0,0.015235848270637568,0.18211780566692146,0.08365930071935243,2.013045133020309,macd,0.341390090237221,False,False,False,False,False
ma_20__ts_mean__w5,578.0,0.013445673537490625,0.1605905000654149,0.0837264566211181,2.0129205382114734,ma_20,0.3413451313023125,False,False,False,False,False
ma_10__ts_min__w5,579.0,0.013528997627714671,0.16187270704095078,0.08357800320403666,2.011088918156859,ma_10,0.34067384423101865,False,False,False,False,False
ma_5__ts_decay_linear__w5,575.0,0.013608093937913686,0.16255795181570393,0.08371226252494574,2.007349537524824,ma_5,0.3393090420200381,False,False,False,False,False
insider_net_shares__ts_min__w5,579.0,-0.010271735341612303,0.12327554847173305,-0.08332337976957045,-2.004962062432537,insider_net_shares,0.33843426175604385,False,False,False,False,False
insider_21d__ts_rank__w20,570.0,-0.007873528786752697,0.09378225405023541,-0.08395542276617879,-2.004408246030048,insider_21d,0.3382383493153902,False,False,False,False,False
bb_upper__ts_max__w20,579.0,0.012919256922376282,0.15536442519684437,0.0831545375075908,2.0008993092084038,bb_upper,0.3369522973123616,False,False,False,False,False
insider_7d__ts_decay_linear__w20,560.0,-0.01282954233282473,0.15183105292544913,-0.08449880367439848,-1.9996066564568495,insider_7d,0.3364948151271223,False,False,False,False,False
post_earnings_3d__ts_decay_linear__w5,440.0,0.008802054135565635,0.09242064381397207,0.09523904803436295,1.9977511253948388,post_earnings_3d,0.3359317013445451,False,False,False,False,False
ma_50__ts_rank__w5,548.0,0.014590314897821968,0.17105033309214807,0.08529837173694299,1.9967836881078522,ma_50,0.33547621410155487,False,False,False,False,False
ma_10__ts_decay_linear__w5,575.0,0.013485767491244065,0.16209807739449514,0.08319511068859872,1.9949486721293637,ma_10,0.3347890119858459,False,False,False,False,False
vol_surge_eod__ts_rank__w10,575.0,-0.008719800690290113,0.10483839578324493,-0.08317373253515288,-1.9944360420183347,vol_surge_eod,0.33460266672415595,False,False,False,False,False
bb_width__ts_min__w5,579.0,0.019627289558713634,0.23703954701799063,0.08280175103955957,1.992410413456716,bb_width,0.33386393435976003,False,False,False,False,False
ma_5__ts_mean__w10,575.0,0.013450319567529668,0.16198915546644094,0.08303222230401806,1.9910427458815965,ma_5,0.3333701973115729,False,False,False,False,False
risk_prev_1d__ts_argmax__w20,413.0,0.006967041182902906,0.07114935371918879,0.09792135583409964,1.9899971021145715,risk_prev_1d,0.3331498556686866,False,False,False,False,False
insider_7d__group_neutralize,579.0,-0.00827638160848559,0.1001886085871434,-0.08260801028379236,-1.9877485422468046,insider_7d,0.33217261337129356,False,False,False,False,False
ma_50__ts_delta__w10,539.0,0.017116666195837356,0.20013860836960917,0.08552405922712762,1.9855585050316047,ma_50,0.33140930720074147,False,False,False,False,False
ma_20__ts_max__w20,579.0,0.01301465025638817,0.15783672084018127,0.0824564156370573,1.9841008083645233,ma_20,0.3308515810227023,False,False,False,False,False
macd_signal__ts_argmax__w5,578.0,0.01174290567132103,0.14233874372106073,0.08249971416309139,1.9834276492429084,macd_signal,0.3306087261257096,False,False,False,False,False
beta_60d__ts_min__w5,538.0,0.02609232258534894,0.3052843839620739,0.08546890688188769,1.9824365098152867,beta_60d,0.3302805373362432,False,False,True,False,False
atr__ts_argmax__w20,578.0,-0.011839633740873382,0.1436686485889324,-0.0824093068122968,-1.9812541091151656,atr,0.3298227993462456,False,False,False,False,False
beta_60d__ts_mean__w10,538.0,0.02631205185537301,0.308267691117746,0.08535455584063416,1.9797841571950565,beta_60d,0.32932208555683495,False,False,True,False,False
atr__ts_delta__w20,559.0,0.012424356629089516,0.14840710236608082,0.08371807299654659,1.9793615390212578,atr,0.3291529718596478,False,False,False,False,False
eps_surprise__ts_std__w20,570.0,0.007876393229348725,0.09500553054718026,0.08290457601767999,1.9793196237754604,eps_surprise,0.3291296777015593,False,False,False,False,False
volatility_10d__ts_argmax__w5,578.0,-0.009384065510874812,0.11401613296182954,-0.08230471659669795,-1.9787395897915117,volatility_10d,0.32891450865419414,False,False,False,False,False
atr__ts_mean__w5,578.0,0.013018253008509712,0.1582016177571003,0.0822890005366297,1.9783617500814865,atr,0.3287781124966266,False,False,False,False,False
ma_20__ts_decay_linear__w5,575.0,0.01328064045382161,0.1610528795066081,0.08246136607123934,1.977354094299398,ma_20,0.32841660833324193,False,False,False,False,False
atr__ts_max__w5,579.0,0.012974476613579752,0.1579120449136604,0.08216267872836201,1.9770327878413647,atr,0.328297843055695,False,False,False,False,False
eightk_filings_30d__ts_mean__w5,578.0,-0.0077482097141760575,0.0942751372357916,-0.08218720164572135,-1.9759143387548153,eightk_filings_30d,0.32789517189012213,False,False,False,False,False
beta_60d__ts_decay_linear__w10,538.0,0.02631744946480556,0.309066445288684,0.08515142897581038,1.9750726647044896,beta_60d,0.3276222903143202,False,False,True,False,False
ma_10__ts_mean__w10,575.0,0.013290798163696178,0.1614744836041565,0.08230896837098825,1.9736997258246751,ma_10,0.32709918627641466,False,False,False,False,False
eightk_days_since_last__ts_rank__w20,570.0,0.00837704893053609,0.10142916681690431,0.08259013845256157,1.9718125298008367,eightk_days_since_last,0.32642331232101063,False,False,False,False,False
vol_10d_self_rank__ts_mean__w5,578.0,0.010108565345329917,0.1234219049563936,0.08190252248092744,1.9690701874466132,vol_10d_self_rank,0.3254311208574347,False,False,False,False,False
intraday_momentum__ts_argmax__w10,578.0,0.009751415411445176,0.11910445051777506,0.08187280466056036,1.9683557225882893,intraday_momentum,0.32517433116034755,False,False,False,False,False
vol_surge_eod__group_neutralize,579.0,-0.007914682773915393,0.09677652461144753,-0.08178308536798994,-1.967898853418613,vol_surge_eod,0.32500945326665487,False,False,False,False,False
ma_20__ts_min__w5,579.0,0.013142988899628755,0.16070561900038768,0.08178300784614786,1.9678969880555806,ma_20,0.32500878307052733,False,False,False,False,False
beta_60d__ts_decay_linear__w5,538.0,0.026158579877922198,0.30852219698546446,0.0847867029779858,1.9666129082790862,beta_60d,0.3245791126918377,False,False,True,False,False
post_earnings_3d__ts_std__w5,443.0,0.008672473125030476,0.0928323587617851,0.09342079896175753,1.966280355301179,post_earnings_3d,0.3245552366333291,False,False,False,False,False
insider_7d__ts_std__w10,575.0,0.011322942159098416,0.13814278090676313,0.08196550036690388,1.9654636524184894,insider_7d,0.324137886333883,False,False,False,False,False
beta_60d__ts_max__w10,538.0,0.026293107528353506,0.3106725130113186,0.08463287361182024,1.9630448627418973,beta_60d,0.32329906441212275,False,False,True,False,False
post_earnings_3d__ts_rank__w20,570.0,-0.00756000654893429,0.0920063711687696,-0.0821682939224587,-1.9617411296837082,post_earnings_3d,0.3228067237343819,False,False,False,False,False
beta_60d__ts_mean__w5,538.0,0.02601210710282362,0.3081359877517673,0.08441762123474793,1.958052121092324,beta_60d,0.32151138566711107,False,False,True,False,False
intraday_momentum__ts_argmax__w20,578.0,0.009157272607875652,0.11246889322970198,0.08142049187923636,1.9574813858019766,intraday_momentum,0.32127616517274027,False,False,False,False,False
ma5_above_ma20__ts_min__w10,579.0,0.011777036614238245,0.14477460300912293,0.0813473935998023,1.957415055611249,ma5_above_ma20,0.3212517237012773,False,False,False,False,False
ma_5__ts_min__w10,579.0,0.013202119329608552,0.16261035708608634,0.08118867436358507,1.9535958868728487,ma_5,0.31988729055545995,False,False,False,False,False
vwap_dev_eod__ts_std__w5,578.0,0.01835576475283938,0.2262867495637068,0.08111727614732324,1.9501915851952374,vwap_dev_eod,0.31867383790579606,False,False,False,False,False
vol_x_short__ts_rank__w20,570.0,0.009595819505883809,0.11808507885534056,0.08126191385822007,1.9401016022423785,vol_x_short,0.31509250763205354,False,False,False,False,False
bb_upper__ts_decay_linear__w20,560.0,0.012860617924889541,0.15710957019902855,0.08185763546165606,1.9371052089881664,bb_upper,0.3140382525283951,False,False,False,False,False
vol_10d_self_rank__ts_decay_linear__w5,575.0,0.010040201040427394,0.12443870892685445,0.08068390557096718,1.9347320888061557,vol_10d_self_rank,0.3131867476541126,False,False,False,False,False
premarket_gap__ts_max__w10,579.0,0.018547219351814526,0.23071296453484602,0.08039088479144926,1.9343991400490872,premarket_gap,0.31306599889719844,False,False,False,False,False
insider_net_shares__ts_max__w20,579.0,0.007221718238438864,0.08984534530861016,0.08037943661558597,1.9341236692466133,insider_net_shares,0.31296856826372355,False,False,False,False,False
insider_net_shares__ts_min__w20,579.0,-0.01162530101572913,0.14467227426019608,-0.08035610883410034,-1.9335623463981073,insider_net_shares,0.31277007546353863,False,False,False,False,False
beta_60d__scale,538.0,0.02576045549794564,0.30909782035413796,0.0833407866429841,1.933075129018531,beta_60d,0.3126304287148959,False,False,True,False,False
beta_60d__cs_rank,538.0,0.02575931469643684,0.3090979069336897,0.08333707255404658,1.9329889813681278,beta_60d,0.31259997996928957,False,False,True,False,False
beta_60d__cs_zscore,538.0,0.02575931469643684,0.3090979069336897,0.08333707255404658,1.9329889813681278,beta_60d,0.31259997996928957,False,False,True,False,False
beta_60d__cs_demean,538.0,0.02575931469643684,0.3090979069336897,0.08333707255404658,1.9329889813681278,beta_60d,0.31259997996928957,False,False,True,False,False
beta_60d__signed_power_p05,538.0,0.025758072362175696,0.3091019914183324,0.08333195216240209,1.932870214769713,beta_60d,0.3125580041938226,False,False,True,False,False
rsi_14__ts_delta__w5,574.0,-0.01268888894783546,0.15728252010451385,-0.08067577337522137,-1.9328541474105345,rsi_14,0.3125234490022417,False,False,False,False,False
sector_rel_ret__ts_mean__w20,570.0,0.013436690705908852,0.16603686335998433,0.08092594881641903,1.932080546806337,sector_rel_ret,0.3122531070271518,False,False,False,True,False
bb_width__ts_mean__w5,578.0,0.019273651105812504,0.23992450758427813,0.08033214822392523,1.9313158297182935,bb_width,0.31197695278984594,False,False,False,False,False
atr__ts_min__w10,579.0,0.012670305826380788,0.15788605376886342,0.0802496833883088,1.9310014927471921,atr,0.31186520161986325,False,False,False,False,False
low_52w_ratio__ts_delta__w20,327.0,0.018295070359159303,0.17146360219369283,0.10669944014410934,1.9294610548934912,low_52w_ratio,0.31165173112085764,False,False,False,False,False
ma_20__ts_mean__w10,575.0,0.012900955839482286,0.16044223434043306,0.08040872711924778,1.9281335413396943,ma_20,0.3108561426338915,False,False,False,False,False
ma_10__ts_min__w10,579.0,0.012974713359510436,0.16194139294082271,0.0801198083077605,1.9278763841633246,ma_10,0.31076247705059645,False,False,False,False,False
post_earnings_3d__ts_delta__w20,421.0,0.008734894622428413,0.09315754597744501,0.0937647565828245,1.9238919543291135,post_earnings_3d,0.30952070638268425,False,False,False,False,False
vol_10d_self_rank__ts_mean__w20,570.0,0.0099117958102415,0.12306951965046616,0.08053818555879898,1.9228228259174105,vol_10d_self_rank,0.3089896685570278,False,False,False,False,False
volatility_10d__ts_rank__w20,570.0,0.009492092287787607,0.1179450498583957,0.08047893743047098,1.921408296241189,volatility_10d,0.3084923415373324,False,False,False,False,False
bb_upper__ts_min__w20,579.0,0.01257045911338953,0.15749470215716285,0.07981512356425524,1.9205449322536756,bb_upper,0.3081821403793351,False,False,False,False,False
insider_21d__ts_argmax__w5,578.0,-0.008937535938603006,0.111961218173677,-0.07982706944773395,-1.9191729123772328,insider_21d,0.3077010409102888,False,False,False,False,False
risk_today__ts_rank__w10,352.0,-0.007446925984075935,0.0728521469381006,-0.10221971893845866,-1.917811922694672,risk_today,0.3075018142397945,False,False,False,False,False
rsi_above_70__ts_argmax__w20,578.0,-0.009992527932745498,0.12556108391329934,-0.07958300152653505,-1.9133051215841381,rsi_above_70,0.3056440248655009,False,False,False,False,False
bb_width__ts_max__w5,579.0,0.018977674354228168,0.23910276774438874,0.07937036669736976,1.9098430062446996,bb_width,0.30443243837583567,False,False,False,False,False
risk_prev_1d__ts_rank__w10,336.0,-0.007619202842644981,0.07319641472639671,-0.10409256889323132,-1.9080483049425525,risk_prev_1d,0.30412104754862124,False,False,False,False,False
obv_trend__ts_delta__w5,574.0,-0.010836827333877485,0.1360781650895899,-0.0796367832175194,-1.9079617125268573,obv_trend,0.3037791736650902,False,False,False,False,False
is_squeeze_setup__ts_delta__w10,569.0,0.008625628404421345,0.1078660844435164,0.07996608432503283,1.9074886556559991,is_squeeze_setup,0.3036179243630299,False,False,False,False,False
beta_60d__ts_max__w20,538.0,0.025416133166511503,0.30948570534842174,0.08212377091180284,1.9048466596659583,beta_60d,0.3027221335186816,False,False,True,False,False
bb_width__cs_demean,579.0,0.018806616047075266,0.23791678227318763,0.07904703429235435,1.902062846493574,bb_width,0.301719199059894,False,False,False,False,False
bb_width__signed_power_p05,579.0,0.018806616047075266,0.23791678227318763,0.07904703429235435,1.902062846493574,bb_width,0.301719199059894,False,False,False,False,False
bb_width__cs_zscore,579.0,0.018806616047075266,0.23791678227318763,0.07904703429235435,1.902062846493574,bb_width,0.301719199059894,False,False,False,False,False
bb_width__scale,579.0,0.018806616047075266,0.23791678227318763,0.07904703429235435,1.902062846493574,bb_width,0.301719199059894,False,False,False,False,False
bb_width__cs_rank,579.0,0.018806616047075266,0.23791678227318763,0.07904703429235435,1.902062846493574,bb_width,0.301719199059894,False,False,False,False,False
insider_21d__scale,579.0,-0.011709617075065081,0.14820774255554986,-0.07900813326723596,-1.901126793734219,insider_21d,0.3013934916311731,False,False,False,False,False
insider_21d__cs_demean,579.0,-0.011709617075065081,0.14820774255554986,-0.07900813326723596,-1.901126793734219,insider_21d,0.3013934916311731,False,False,False,False,False
insider_21d__cs_rank,579.0,-0.011709617075065081,0.14820774255554986,-0.07900813326723596,-1.901126793734219,insider_21d,0.3013934916311731,False,False,False,False,False
insider_21d__signed_power_p05,579.0,-0.011709617075065081,0.14820774255554986,-0.07900813326723596,-1.901126793734219,insider_21d,0.3013934916311731,False,False,False,False,False
insider_21d__cs_zscore,579.0,-0.011709617075065081,0.14820774255554986,-0.07900813326723596,-1.901126793734219,insider_21d,0.3013934916311731,False,False,False,False,False
insider_21d__ts_max__w5,579.0,-0.011738053991233307,0.14866522210772376,-0.07895628732002861,-1.8998792548378243,insider_21d,0.3009596448692814,False,False,False,False,False
ma_5__ts_decay_linear__w20,560.0,0.012957747575297157,0.16141321349252294,0.08027687012065708,1.899697473485332,ma_5,0.3009113583016769,False,False,False,False,False
rev_growth_qoq__ts_max__w10,579.0,0.008541599224847079,0.10822771234698184,0.07892247779813004,1.8990657159614237,rev_growth_qoq,0.3006768778195599,False,False,False,False,False
bb_width__ts_rank__w10,575.0,0.008744535919626033,0.11061350982292173,0.07905486349384384,1.895669032074801,bb_width,0.2995006260667175,False,False,False,False,False
return_5d__ts_argmax__w5,578.0,0.011428188750256273,0.14503700860100305,0.07879498384922727,1.8943598917112852,return_5d,0.2990443522566695,False,False,False,False,False
macd__ts_argmax__w5,578.0,0.01154711414471784,0.14669317203361829,0.07871609826578391,1.8924633536576028,macd,0.2983872411494919,False,False,False,False,False
risk_prev_1d__ts_max__w20,343.0,-0.007357494016654066,0.07204594964034058,-0.10212224355960735,-1.8913304185068203,risk_prev_1d,0.29829801398444705,False,False,False,False,False
beta_60d__ts_max__w5,538.0,0.0253196158752662,0.3106913348113198,0.0814944384935698,1.8902494030935812,beta_60d,0.2976539173100927,False,False,True,False,False
insider_net_shares__ts_min__w10,579.0,-0.01104980493991395,0.14093999370873456,-0.07840077645206503,-1.8865123196676943,insider_net_shares,0.2963288208615399,False,False,False,False,False
bb_upper__ts_rank__w10,575.0,0.010441872236967319,0.13284337455475825,0.07860288307162178,1.8848309222907371,bb_upper,0.29575171588956806,False,False,False,False,False
ma_10__ts_decay_linear__w20,560.0,0.01282034089409212,0.16097490631613243,0.07964185963813977,1.884670382774624,ma_10,0.29570831915759066,False,False,False,False,False
ma_20__ts_min__w10,579.0,0.012555831430529213,0.1604438260401892,0.07825686871481195,1.8830495514208847,ma_20,0.2951345051223855,False,False,False,False,False
atr__ts_decay_linear__w5,575.0,0.012428579519551512,0.1584094347976652,0.07845858130499873,1.8813706874845346,atr,0.29455935097431546,False,False,False,False,False
bb_lower__ts_mean__w20,570.0,0.012840792128360996,0.16304771537309268,0.0787548117370314,1.880245359491441,bb_lower,0.2941759814208871,False,False,False,False,False
vol_surge_eod__ts_delta__w5,574.0,-0.008346448863169573,0.1063795829080168,-0.07845912378117231,-1.8797469978665609,vol_surge_eod,0.29400138542460746,False,False,False,False,False
vol_surge_eod__ts_max__w10,579.0,0.008660016153364659,0.11086114470532847,0.07811588249772439,1.8796570820159209,vol_surge_eod,0.29396657858423236,False,False,False,False,False
bb_lower__ts_max__w20,579.0,0.012527635459727281,0.16085462868423664,0.07788172191376273,1.8740226119709165,bb_lower,0.2920315105125816,False,False,False,False,False
vol_10d_self_rank__ts_decay_linear__w10,570.0,0.009756703828375981,0.12458184787789338,0.07831561334632663,1.8697596416311002,vol_10d_self_rank,0.29057846764459466,False,False,False,False,False
obv__ts_delta__w20,559.0,0.010917731433642044,0.1381421652903278,0.07903257785699747,1.8685815301350388,obv,0.2901845163692321,False,False,False,False,False
return_3d__ts_argmax__w10,578.0,0.010241191155217726,0.13184504618080084,0.0776759647167467,1.8674568471382322,return_3d,0.28978485313421687,False,False,False,False,False
intraday_momentum__ts_rank__w5,578.0,-0.008937001574114777,0.11507079815275402,-0.0776652436376699,-1.8671990949158594,intraday_momentum,0.2896967907081174,False,False,False,False,False
rsi_14__ts_delta__w10,569.0,-0.01195039258560185,0.15276776512116083,-0.07822587818918433,-1.8659782642112746,rsi_14,0.28928697082656274,False,False,False,False,False
insider_90d__group_neutralize,579.0,-0.009245353094430066,0.11930902559609813,-0.07749081050857586,-1.8646163380134826,insider_90d,0.2888142914330857,False,False,False,False,False
premarket_gap__ts_mean__w20,570.0,0.012242670797362465,0.15677358209845987,0.07809141459607394,1.8644069698327854,premarket_gap,0.2887499658398888,False,False,False,False,False
atr__ts_decay_linear__w10,570.0,0.012367143837241313,0.15845226541095594,0.07804964987509863,1.86340985078606,atr,0.28840994107973095,False,False,False,False,False
atr__ts_max__w10,579.0,0.012153751166770099,0.1577194789864747,0.0770592906143974,1.854232925585838,atr,0.2852822633733313,False,False,False,False,False
insider_7d__ts_min__w10,579.0,-0.011159893113169972,0.14495274844068695,-0.07698986899676812,-1.8525624735465145,insider_7d,0.2847159594001165,False,False,False,False,False
obv_trend__ts_decay_linear__w20,560.0,0.011620708956199386,0.14854545042467857,0.07822998902340521,1.8512594259738897,obv_trend,0.28428993363966504,False,False,False,False,False
vol_zscore_60d__ts_delta__w10,569.0,0.008466729653075133,0.10914696026479948,0.07757183189100414,1.8503768263694322,vol_zscore_60d,0.2839837614922161,False,False,False,False,False
bb_lower__ts_decay_linear__w10,570.0,0.012709141569475058,0.16410207535422347,0.07744656209887454,1.8490113274755389,bb_lower,0.2835210071459175,False,False,False,False,False
ma5_above_ma20__ts_delta__w10,569.0,-0.009790968582147093,0.12650766729344826,-0.07739427017839069,-1.8461413188371099,ma5_above_ma20,0.2825520673445806,False,False,False,False,False
post_earnings_drift__ts_decay_linear__w20,560.0,0.00588519268961242,0.07553656717921255,0.07791183673530784,1.8437305686956509,post_earnings_drift,0.2817461533452852,False,False,False,False,False
eightk_reg_fd_30d__ts_mean__w5,578.0,-0.007097303300273893,0.0925803257923122,-0.07666103180707587,-1.8430562050803925,eightk_reg_fd_30d,0.28150421175751306,False,False,False,False,False
vol_zscore_60d__ts_mean__w5,578.0,0.009202996483134863,0.12025632470535215,0.07652817018717081,1.8398619950989865,vol_zscore_60d,0.2804286868524737,False,False,False,False,False
premarket_gap__ts_min__w5,579.0,-0.01633751621354081,0.2137998475592109,-0.07641500403322883,-1.8387298320225463,premarket_gap,0.2800471636457639,False,False,False,False,False
vol_10d_self_rank__cs_zscore,579.0,0.009410800738725283,0.12318837185023866,0.07639357998956336,1.8382143177108137,vol_10d_self_rank,0.27987388360732257,False,False,False,False,False
vol_10d_self_rank__cs_demean,579.0,0.009410800738725283,0.12318837185023866,0.07639357998956336,1.8382143177108137,vol_10d_self_rank,0.27987388360732257,False,False,False,False,False
vol_10d_self_rank__cs_rank,579.0,0.009410800738725283,0.12318837185023866,0.07639357998956336,1.8382143177108137,vol_10d_self_rank,0.27987388360732257,False,False,False,False,False
vol_10d_self_rank__scale,579.0,0.009410800738725283,0.12318837185023866,0.07639357998956336,1.8382143177108137,vol_10d_self_rank,0.27987388360732257,False,False,False,False,False
vol_10d_self_rank__signed_power_p05,579.0,0.009410800738725283,0.12318837185023866,0.07639357998956336,1.8382143177108137,vol_10d_self_rank,0.27987388360732257,False,False,False,False,False
high_52w_ratio__ts_delta__w5,342.0,-0.017437006299231356,0.1756612281432912,-0.09926496861907148,-1.8357310876790407,high_52w_ratio,0.27935551291109856,False,False,False,False,False
vol_surge_eod__ts_min__w10,579.0,0.008264863805901568,0.10850283062269919,0.07617187273796826,1.832879504965055,vol_surge_eod,0.2780837368780993,False,False,False,False,False
volume_spike__ts_mean__w5,578.0,-0.007506101391075252,0.09861731647185208,-0.07611342165468157,-1.8298907641054358,volume_spike,0.2770840633907986,False,False,False,True,False
atr__ts_std__w5,578.0,0.011305912152141702,0.14890101755207213,0.07592904560365354,1.825458063202445,atr,0.2756034801007643,False,False,False,False,False
bb_lower__ts_max__w10,579.0,0.012321031240087765,0.16259620342404404,0.0757768692049656,1.8233747645142078,bb_lower,0.2749081772203683,False,False,False,False,False
ma_20__ts_argmax__w5,578.0,-0.012135493809366049,0.16007198131507513,-0.07581272943376233,-1.8226616328177263,ma_20,0.27467143032325997,False,False,False,False,False
high_52w_ratio__ts_rank__w10,343.0,-0.015154429723872955,0.15425756762867576,-0.09824107793759751,-1.8194502252765807,high_52w_ratio,0.27391763202062147,False,False,False,False,False
sector_rel_ret__ts_argmax__w5,578.0,0.009287737572148768,0.12309033626295257,0.07545464456533595,1.8140526887017705,sector_rel_ret,0.27181182397312037,False,False,False,False,False
ma_50__ts_delta__w5,544.0,0.015415668703571776,0.19833823593641356,0.07772413942672142,1.8128228722618465,ma_50,0.2714333228318302,False,False,False,False,False
volatility_10d__ts_rank__w5,578.0,0.008392831121040147,0.11184902112798464,0.07503714414663087,1.8040152978764747,volatility_10d,0.268496467996942,False,False,False,False,False
eightk_days_since_last__ts_delta__w10,569.0,0.007601841379420233,0.10062157940902826,0.07554881789838173,1.8021204152454904,eightk_days_since_last,0.2678801802298804,False,False,False,False,False
ma_20__ts_rank__w10,575.0,0.012197585364027248,0.1624991341685555,0.07506246372596088,1.7999346487724037,ma_20,0.2671568532944634,False,False,False,False,False
ma_20__ts_decay_linear__w20,560.0,0.012158280655923592,0.15989921574408442,0.07603715002194059,1.799367384037261,ma_20,0.2669830213926043,False,False,False,False,False
insider_90d__ts_std__w10,575.0,0.011234778932393386,0.1497602785812182,0.0750184163573155,1.798878429977061,insider_90d,0.26681003889322513,False,False,False,False,False
risk_next_3d__ts_max__w10,384.0,0.006123403573837362,0.06684048969540915,0.09161218898517345,1.7952249378647713,risk_next_3d,0.2658436770255649,False,False,False,True,False
return_1d__ts_argmax__w20,578.0,-0.009097414001801219,0.12196483244810419,-0.07459046857357142,-1.79327648876865,return_1d,0.2649719919627626,False,False,False,True,False
ma_5__ts_min__w20,579.0,0.012103708683912633,0.16256435828194832,0.0744548732073251,1.7915643431260344,ma_5,0.2644114365974818,False,False,False,False,False
eightk_other_events_30d__group_neutralize,579.0,0.006473522004648919,0.08702030128806838,0.0743909399166436,1.7900259535084098,eightk_other_events_30d,0.26390900006691304,False,False,False,True,False
eps_surprise__ts_std__w10,467.0,0.007548017507812103,0.09119886576893448,0.08276437918576858,1.7885533622893823,eps_surprise,0.2635396125174498,False,False,False,False,False
return_3d__ts_argmax__w5,578.0,0.010382636116703021,0.1397176756241732,0.0743115434057985,1.786570672931072,return_3d,0.2627830806964311,False,False,False,False,False
insider_60d__group_neutralize,579.0,-0.008881889913665345,0.11968205050743987,-0.07421238085416339,-1.7857293905609346,insider_60d,0.26250831888400306,False,False,False,False,False
obv_trend__ts_mean__w10,575.0,0.01048221280692503,0.14084465919280012,0.07442392822702697,1.7846231053996962,obv_trend,0.262151510906949,False,False,False,False,False
eightk_material_agreement_30d__ts_delta__w5,560.0,-0.006230689723685858,0.0829787960512361,-0.075087733495659,-1.7769000883697603,eightk_material_agreement_30d,0.2596576742483673,False,False,False,False,False
eightk_reg_fd_30d__ts_decay_linear__w5,575.0,-0.0068538923883271876,0.09265570395761798,-0.0739716185358891,-1.773777100024402,eightk_reg_fd_30d,0.2586351397725847,False,False,False,False,False
ma_10__ts_min__w20,579.0,0.01186700033765893,0.16146663146489695,0.07349506353106047,1.7684690006976775,ma_10,0.2569198773717223,False,False,False,False,False
ma_20__ts_min__w20,579.0,0.011748113650399324,0.16015513568215287,0.07335458585427362,1.765088768002422,ma_20,0.2558327164147893,False,False,False,False,False
rev_growth_qoq__ts_std__w20,551.0,0.007326093306633123,0.09744072628721002,0.07518512623807012,1.7648497293810688,rev_growth_qoq,0.25577959671248096,False,False,False,False,False
risk_next_1d__ts_std__w10,337.0,0.0064903332750093825,0.06755780445430049,0.09607081413369158,1.7636257107562747,risk_next_1d,0.25569721864140543,False,False,False,False,False
risk_next_1d__ts_mean__w10,337.0,0.0064903332750093825,0.06755780445430049,0.09607081413369158,1.7636257107562747,risk_next_1d,0.25569721864140543,False,False,False,False,False
atr__ts_mean__w10,575.0,0.011604322733494517,0.15800109645549124,0.07344457091640148,1.7611389420852739,atr,0.2545686409772503,False,False,False,False,False
bb_width__ts_decay_linear__w5,575.0,0.01759974846276182,0.23977184140201116,0.07340206572986763,1.760119703517857,bb_width,0.25424214723869043,False,False,False,False,False
bb_upper__ts_argmax__w5,578.0,-0.009049110497460917,0.1238009399289004,-0.07309403711036341,-1.7572998363713301,bb_upper,0.2533375597010963,False,False,False,False,False
eightk_filings_30d__ts_decay_linear__w5,575.0,-0.006837196901133612,0.09348932622018472,-0.07313344932052183,-1.753678508299759,eightk_filings_30d,0.2521839025067774,False,False,False,False,False
eightk_filings_30d__ts_argmax__w20,578.0,0.006729803119130347,0.0922813102305225,0.07292704343186095,1.7532850360468613,eightk_filings_30d,0.25205601618816814,False,False,False,False,False
bb_pct__ts_rank__w5,578.0,-0.010981168523517187,0.15075301669002533,-0.07284211463639495,-1.751243209322333,bb_pct,0.2514055649624499,False,False,False,False,False
rsi_above_70__ts_min__w10,404.0,0.008379504750894322,0.09627443866634358,0.08703769003457923,1.7494359183943888,rsi_above_70,0.25103191977329103,False,False,False,False,False
volume_spike__ts_std__w5,578.0,-0.007120592356533081,0.09795225180819545,-0.07269452437373489,-1.7476948987531558,volume_spike,0.25027730943851195,False,False,False,False,False
eightk_reg_fd_30d__ts_max__w5,579.0,-0.006708761502405724,0.0924456275530084,-0.07256980865383725,-1.7462051303164774,eightk_reg_fd_30d,0.24980359853227252,False,False,False,False,False
bb_width__ts_max__w10,579.0,0.017459952063542526,0.24095674510999593,0.07246093922613421,1.743585468549192,bb_width,0.2489731770361221,False,False,False,False,False
vol_zscore_60d__ts_decay_linear__w5,575.0,0.008857323062387944,0.12212803316003744,0.07252489730004286,1.7390859434828154,vol_zscore_60d,0.24755352211976295,False,False,False,False,False
analyst_buy_pct__group_neutralize,579.0,-0.007492229829109085,0.10371674834267156,-0.07223741535316339,-1.7382069434990337,analyst_buy_pct,0.24727280621966735,False,False,False,True,False
analyst_mult__group_neutralize,579.0,-0.007492229829109085,0.10371674834267156,-0.07223741535316339,-1.7382069434990337,analyst_mult,0.24727280621966735,False,False,False,True,False
insider_net_shares__ts_argmax__w20,578.0,-0.0069293838527459605,0.09623715933309296,-0.07200320438347728,-1.7310744389484027,insider_net_shares,0.24502831759035987,False,False,False,False,False
insider_7d__ts_max__w20,579.0,-0.00768274985773833,0.10691216156514284,-0.07186039216929628,-1.7291348537398143,insider_7d,0.24441882655003017,False,False,False,False,False
bb_lower__ts_max__w5,579.0,0.011671923134746033,0.16350221978814886,0.0713869398829535,1.7177424465293245,bb_lower,0.24086010306187272,False,False,False,False,False
premarket_gap__ts_std__w10,575.0,0.017822957733375392,0.24959844994756025,0.0714065241075012,1.7122682964247196,premarket_gap,0.2391634078010586,False,False,False,False,False
insider_21d__ts_min__w20,579.0,-0.01163283721195588,0.16379065235203955,-0.07102259527578605,-1.7089754339928338,insider_21d,0.23814073709930617,False,False,False,False,False
volume_spike__ts_argmax__w20,578.0,-0.006388963341908335,0.0898838339048719,-0.07108022727056862,-1.708884564184201,volume_spike,0.2381134488855789,False,False,False,False,False
bb_upper__ts_delta__w5,574.0,0.010007679618864446,0.14033357164572866,0.07131351038459122,1.7085502691393706,bb_upper,0.2380133639178691,False,False,False,False,False
bb_lower__cs_demean,579.0,0.0116608588196596,0.16424609801878645,0.07099626085683833,1.7083417641744416,bb_lower,0.23794483630490587,False,False,False,False,False
bb_lower__cs_zscore,579.0,0.0116608588196596,0.16424609801878645,0.07099626085683833,1.7083417641744416,bb_lower,0.23794483630490587,False,False,False,False,False
bb_lower__cs_rank,579.0,0.0116608588196596,0.16424609801878645,0.07099626085683833,1.7083417641744416,bb_lower,0.23794483630490587,False,False,False,False,False
bb_lower__signed_power_p05,579.0,0.0116608588196596,0.16424609801878645,0.07099626085683833,1.7083417641744416,bb_lower,0.23794483630490587,False,False,False,False,False
bb_lower__scale,579.0,0.0116608588196596,0.16424609801878645,0.07099626085683833,1.7083417641744416,bb_lower,0.23794483630490587,False,False,False,False,False
vol_10d_self_rank__ts_min__w10,579.0,0.007950950817045737,0.11203968569172715,0.07096548663053616,1.707601261851958,vol_10d_self_rank,0.23771601957359267,False,False,False,False,False
vol_zscore_60d__ts_decay_linear__w20,560.0,0.008997018187250688,0.12484413308680507,0.07206600714664735,1.7053929917159714,vol_zscore_60d,0.2370502554652174,False,False,False,False,False
risk_today__ts_argmax__w20,466.0,-0.005252921273402342,0.06655356383090812,-0.07892772334098261,-1.7038153798150966,risk_today,0.23666153456294498,False,False,False,False,False
volume_spike__ts_rank__w20,570.0,-0.007424612839382697,0.10419157456208433,-0.0712592440472105,-1.7012911336518939,volume_spike,0.2357784566130574,False,False,False,False,False
atr__ts_min__w20,579.0,0.011114016100584954,0.15735221747965775,0.07063145520667198,1.699563657828212,atr,0.23524014041635366,False,False,False,False,False
rsi_above_70__ts_argmax__w5,561.0,-0.007718056383720324,0.10763809726079782,-0.07170376084426817,-1.6983350223315583,rsi_above_70,0.2348779457589799,False,False,False,False,False
post_earnings_drift__ts_min__w10,579.0,0.005330898605413852,0.07567985558902783,0.0704401265557744,1.6949598276959383,post_earnings_drift,0.2338284086189747,False,False,False,False,False
post_earnings_drift__ts_min__w5,579.0,0.005330898605413852,0.07567985558902783,0.0704401265557744,1.6949598276959383,post_earnings_drift,0.2338284086189747,False,False,False,False,False
post_earnings_drift__ts_min__w20,579.0,0.005330898605413852,0.07567985558902783,0.0704401265557744,1.6949598276959383,post_earnings_drift,0.2338284086189747,False,False,False,False,False
post_earnings_drift__ts_max__w20,579.0,0.005330898605413852,0.07567985558902783,0.0704401265557744,1.6949598276959383,post_earnings_drift,0.2338284086189747,False,False,False,False,False
post_earnings_drift__scale,579.0,0.005330898605413852,0.07567985558902783,0.0704401265557744,1.6949598276959383,post_earnings_drift,0.2338284086189747,False,False,False,False,False
post_earnings_drift__cs_demean,579.0,0.005330898605413852,0.07567985558902783,0.0704401265557744,1.6949598276959383,post_earnings_drift,0.2338284086189747,False,False,False,False,False
post_earnings_drift__cs_zscore,579.0,0.005330898605413852,0.07567985558902783,0.0704401265557744,1.6949598276959383,post_earnings_drift,0.2338284086189747,False,False,False,False,False
post_earnings_drift__ts_max__w10,579.0,0.005330898605413852,0.07567985558902783,0.0704401265557744,1.6949598276959383,post_earnings_drift,0.2338284086189747,False,False,False,False,False
post_earnings_drift__cs_rank,579.0,0.005330898605413852,0.07567985558902783,0.0704401265557744,1.6949598276959383,post_earnings_drift,0.2338284086189747,False,False,False,False,False
post_earnings_drift__ts_max__w5,579.0,0.005330898605413852,0.07567985558902783,0.0704401265557744,1.6949598276959383,post_earnings_drift,0.2338284086189747,False,False,False,False,False
post_earnings_drift__signed_power_p05,579.0,0.005330898605413852,0.07567985558902783,0.0704401265557744,1.6949598276959383,post_earnings_drift,0.2338284086189747,False,False,False,False,False
post_earnings_drift__ts_mean__w5,578.0,0.005333013591272252,0.07583589273821599,0.07032308051916406,1.6906815217069688,post_earnings_drift,0.2325215124424393,False,False,False,False,False
eightk_other_events_30d__ts_delta__w20,559.0,-0.006566400185635756,0.09192688507787757,-0.07143068298325249,-1.6888485549458658,eightk_other_events_30d,0.23197841850841983,False,False,False,False,False
post_earnings_drift__ts_decay_linear__w5,575.0,0.005354614884536783,0.07606516569127122,0.07039509920046419,1.688015179161561,post_earnings_drift,0.23171101865208127,False,False,False,False,False
post_earnings_drift__ts_mean__w10,575.0,0.005354614884536783,0.07606516569127122,0.07039509920046419,1.688015179161561,post_earnings_drift,0.23171101865208127,False,False,False,False,False
eightk_days_since_last__ts_std__w5,578.0,-0.006511509604045994,0.09286249559080519,-0.07011990753230127,-1.6857969118169724,eightk_days_since_last,0.23103345334656838,False,False,False,False,False
return_1d__ts_mean__w20,570.0,0.013039098947464505,0.18495865816124296,0.07049736993710941,1.6831016385792943,return_1d,0.2302212073220764,False,False,False,False,False
ma_50__signed_power_p05,549.0,0.01145739316880463,0.15958574989738697,0.07179458802663577,1.6822009736006514,ma_50,0.22996611425563085,False,False,False,False,False
ma_50__cs_rank,549.0,0.011457368001367683,0.15958574535667266,0.07179443236462361,1.6821973263231114,ma_50,0.22996500804108505,False,False,False,False,False
ma_50__scale,549.0,0.011457368001367683,0.15958574535667266,0.07179443236462361,1.6821973263231114,ma_50,0.22996500804108505,False,False,False,False,False
ma_50__cs_zscore,549.0,0.011457368001367683,0.15958574535667266,0.07179443236462361,1.6821973263231114,ma_50,0.22996500804108505,False,False,False,False,False
ma_50__cs_demean,549.0,0.011457368001367683,0.15958574535667266,0.07179443236462361,1.6821973263231114,ma_50,0.22996500804108505,False,False,False,False,False
rsi_14__ts_rank__w10,575.0,-0.010674730315256842,0.1522232178626732,-0.07012550690451803,-1.6815505830048567,rsi_14,0.2297466026599415,False,False,False,False,False
ma_20__ts_rank__w5,578.0,0.01105359194339602,0.15822137157215824,0.06986156063218636,1.679585831088,ma_20,0.22914897194838424,False,False,False,False,False
vol_x_short__ts_rank__w5,578.0,0.0078157841531139,0.11195754896668411,0.06981024705569153,1.6783521690391814,vol_x_short,0.22877569676921988,False,False,False,False,False
bb_pct__ts_argmax__w5,578.0,0.009960941812536126,0.14318689082609357,0.06956601791594248,1.6724805022892646,bb_pct,0.22700374996651235,False,False,False,False,False
vol_x_short__ts_argmax__w5,578.0,-0.00795970824561977,0.11446880437534608,-0.06953604773855843,-1.6717599703567692,vol_x_short,0.22678684120801307,False,False,False,False,False
insider_7d__ts_min__w5,579.0,-0.009997683453370088,0.14391548589428257,-0.06946912899084526,-1.6715952776047012,insider_7d,0.22673647037021372,False,False,False,False,False
finbert_mult__group_neutralize,579.0,-0.0066325706348235305,0.09550175218645943,-0.06944972718274293,-1.6711284231720638,finbert_mult,0.22659600821003867,False,False,False,True,False
ma_50__ts_decay_linear__w10,540.0,0.011516623974664448,0.16026094310222397,0.07186170099672046,1.6699150271426115,ma_50,0.22626489110811748,False,False,False,False,False
ma5_above_ma20__ts_max__w20,579.0,0.007398046251036471,0.10673683648455784,0.06931108785584801,1.6677924256218657,ma5_above_ma20,0.2255937354329005,False,False,False,False,False
risk_next_3d__ts_max__w20,505.0,0.0048819297393785585,0.06580708218312081,0.07418547635638446,1.6671112367274588,risk_next_3d,0.22545778984281745,False,False,False,False,False
risk_next_1d__ts_max__w20,505.0,0.0048819297393785585,0.06580708218312081,0.07418547635638446,1.6671112367274588,risk_next_1d,0.22545778984281745,False,False,False,False,False
ma_50__ts_max__w5,549.0,0.011303262622593268,0.15904441220209692,0.0710698506542328,1.665219834116868,ma_50,0.22484803746148807,False,False,False,False,False
vol_zscore_60d__ts_mean__w10,575.0,0.008421944611470772,0.1214765529380841,0.0693297958146984,1.6624701013648242,vol_zscore_60d,0.22400312373576992,False,False,False,False,False
post_earnings_1d__ts_delta__w10,365.0,-0.007455228368900965,0.08589922384894874,-0.08679040432321909,-1.658128346402824,post_earnings_1d,0.22297767540677466,False,False,False,False,False
rev_growth_qoq__scale,579.0,0.007509518133858117,0.10907597875551099,0.06884667201282119,1.6566174570951875,rev_growth_qoq,0.22225459494202293,False,False,False,False,False
rev_growth_qoq__signed_power_p05,579.0,0.007509518133858117,0.10907597875551099,0.06884667201282119,1.6566174570951875,rev_growth_qoq,0.22225459494202293,False,False,False,False,False
rev_growth_qoq__cs_rank,579.0,0.007509518133858117,0.10907597875551099,0.06884667201282119,1.6566174570951875,rev_growth_qoq,0.22225459494202293,False,False,False,False,False
rev_growth_qoq__cs_zscore,579.0,0.007509518133858117,0.10907597875551099,0.06884667201282119,1.6566174570951875,rev_growth_qoq,0.22225459494202293,False,False,False,False,False
rev_growth_qoq__cs_demean,579.0,0.007509518133858117,0.10907597875551099,0.06884667201282119,1.6566174570951875,rev_growth_qoq,0.22225459494202293,False,False,False,False,False
return_5d__ts_rank__w20,570.0,-0.010584116755840377,0.15263231120810358,-0.06934388054577557,-1.6555624568145026,return_5d,0.22194817407772827,False,False,False,False,False
volume_spike__ts_max__w5,579.0,-0.006744486673608151,0.09814625715467354,-0.06871873537652262,-1.653538992168738,volume_spike,0.22133969769681722,False,False,False,False,False
vol_zscore_60d__cs_zscore,579.0,0.008494992346873597,0.12363857359194509,0.06870826878762241,1.653287140722889,vol_zscore_60d,0.22126494444469985,False,False,False,False,False
vol_zscore_60d__signed_power_p05,579.0,0.008494992346873597,0.12363857359194509,0.06870826878762241,1.653287140722889,vol_zscore_60d,0.22126494444469985,False,False,False,False,False
vol_zscore_60d__scale,579.0,0.008494992346873597,0.12363857359194509,0.06870826878762241,1.653287140722889,vol_zscore_60d,0.22126494444469985,False,False,False,False,False
vol_zscore_60d__cs_demean,579.0,0.008494992346873597,0.12363857359194509,0.06870826878762241,1.653287140722889,vol_zscore_60d,0.22126494444469985,False,False,False,False,False
vol_zscore_60d__cs_rank,579.0,0.008494992346873597,0.12363857359194509,0.06870826878762241,1.653287140722889,vol_zscore_60d,0.22126494444469985,False,False,False,False,False
ma_50__ts_decay_linear__w5,545.0,0.011324048704626711,0.16005136784902532,0.07075258935186708,1.651735829512908,ma_50,0.2208338691934611,False,False,False,False,False
bb_width__ts_min__w10,579.0,0.016555647036292306,0.241197055299363,0.06863950729308936,1.651632572841987,bb_width,0.22077420228320682,False,False,False,False,False
bb_lower__ts_mean__w5,578.0,0.01126197960949116,0.16428220763177193,0.0685526434775832,1.6481173284229362,bb_lower,0.21973445749864734,False,False,False,False,False
volume_zscore__ts_decay_linear__w20,560.0,0.008804316476849075,0.12642279881444005,0.06964184118223654,1.6480267547042555,volume_zscore,0.21972267279729918,False,False,False,False,False
bb_lower__ts_mean__w10,575.0,0.011250547514719138,0.16403744307188187,0.06858524068671994,1.6446162965968079,bb_lower,0.21870334174309358,False,False,False,False,False
risk_today__ts_max__w20,504.0,0.0048215776137517955,0.06585847321622953,0.0732111963470725,1.6435872816394874,risk_today,0.2184660710040464,False,False,False,False,False
ma_50__ts_max__w10,549.0,0.011085066326540749,0.15859644621254762,0.06989479645517893,1.6376874340848684,ma_50,0.21668825624398436,False,False,False,False,False
obv_trend__ts_std__w5,578.0,-0.006896659206585967,0.10140867065739526,-0.06800857522219207,-1.6350370404272125,obv_trend,0.21588730201991435,False,False,False,False,False
eightk_other_events_30d__ts_std__w10,575.0,0.005741803365296222,0.08427955800382386,0.06812806689180441,1.633653654110366,eightk_other_events_30d,0.21548513724024204,False,False,False,False,False
bb_lower__ts_decay_linear__w5,575.0,0.011213437815901891,0.16472047837166545,0.06807555397332297,1.632394438561194,bb_lower,0.21511724272095828,False,False,False,False,False
volume_zscore__ts_rank__w10,575.0,-0.007117879134440237,0.10488194590026588,-0.0678656280958856,-1.6273605928583277,volume_zscore,0.21365018331384494,False,False,False,False,False
volatility_5d__group_neutralize,579.0,-0.009200889833750647,0.13611109046441916,-0.06759838454277797,-1.6265806411694785,volatility_5d,0.21342017193574758,False,False,False,True,False
risk_next_1d__ts_decay_linear__w10,332.0,0.005975066414254854,0.06693239165122837,0.0892701764698587,1.626580026654276,risk_next_1d,0.21376464887747748,False,False,False,False,False
ma_50__ts_mean__w5,548.0,0.011072072604381257,0.15935467252657176,0.06948069001575735,1.6265012524483462,ma_50,0.21342331345256343,False,False,False,False,False
days_to_earnings__ts_std__w10,575.0,-0.006116947695283858,0.09027089526418852,-0.0677621250723379,-1.6248786775428865,days_to_earnings,0.21292900102843376,False,False,False,False,False
atr__ts_max__w20,579.0,0.010606500922740692,0.1570781753995218,0.06752370847040653,1.6247837542394206,atr,0.2128982240075033,False,False,False,False,False
volatility_5d__ts_std__w5,578.0,0.013268233247256376,0.19662417852230113,0.06748017129414983,1.622333348402587,volatility_5d,0.21218844607490966,False,False,False,False,False
ma_50__ts_min__w5,549.0,0.011031535975452509,0.1593995742117313,0.06920680955395316,1.6215673856678885,ma_50,0.2119911075027277,False,False,False,False,False
bb_width__ts_mean__w10,575.0,0.016385983633134656,0.24251832368362305,0.06756596113748076,1.6201748316302618,bb_width,0.2115660755365824,False,False,False,False,False
ma5_above_ma20__ts_rank__w5,578.0,-0.007709760639428929,0.1144431575124395,-0.06736759808982822,-1.6196269050132928,ma5_above_ma20,0.21140522907231624,False,False,False,False,False
return_3d__ts_delta__w20,559.0,-0.01247674484001691,0.18215523762139427,-0.06849511989300881,-1.6194425059504667,return_3d,0.21136768036014203,False,False,False,False,False
bb_lower__ts_min__w5,579.0,0.011065402123095093,0.1645094809711176,0.06726300549837497,1.6185106101359021,bb_lower,0.21108187701297432,False,False,False,False,False
ma_50__ts_max__w20,549.0,0.01088589798623367,0.15766838891594737,0.06904299625993461,1.617729117488336,ma_50,0.21088150844961928,False,False,False,False,False
vol_zscore_60d__ts_mean__w20,570.0,0.008302377093079653,0.12267873311514597,0.06767576483926567,1.6157367401746998,vol_zscore_60d,0.21028891709755393,False,False,False,False,False
eightk_days_since_last__ts_decay_linear__w5,575.0,0.00606617565128791,0.0902765806448388,0.06719545210903731,1.6112903372388565,eightk_days_since_last,0.20900576208509186,False,False,False,False,False
bb_lower__ts_min__w20,579.0,0.011049162940478483,0.1652763130265802,0.06685267076777981,1.608636963987403,bb_lower,0.20824145386490744,False,False,False,False,False
ma5_above_ma20__ts_mean__w10,575.0,0.011154693984525744,0.16671084293705274,0.06691042878799175,1.6044557180991086,ma5_above_ma20,0.20704862228580606,False,False,False,False,False
beta_60d__ts_delta__w5,538.0,-0.011490126581130708,0.16615331385765839,-0.06915376115202954,-1.6040095269766663,beta_60d,0.20695313483802052,False,False,False,False,False
return_1d__ts_delta__w20,559.0,-0.012390846241601383,0.1828890404491955,-0.06775062196820603,-1.6018402068830173,return_1d,0.2063157939316484,False,False,False,False,False
bb_lower__ts_min__w10,579.0,0.010958022559784307,0.16473914983011964,0.06651741599422062,1.6005699232109187,bb_lower,0.20593753576414575,False,False,False,False,False
ma_50__ts_mean__w10,545.0,0.01092014786236611,0.15955286041076,0.06844219423113315,1.5977991123382267,ma_50,0.20517838371928504,False,False,False,False,False
is_squeeze_setup__signed_power_p05,579.0,-0.011374538869038432,0.1713705613530164,-0.06637393715252729,-1.5971174752287025,is_squeeze_setup,0.2049561554681245,False,False,False,False,False
is_squeeze_setup__cs_rank,579.0,-0.011374538869038432,0.1713705613530164,-0.06637393715252729,-1.5971174752287025,is_squeeze_setup,0.2049561554681245,False,False,False,False,False
is_squeeze_setup__scale,579.0,-0.011374538869038432,0.1713705613530164,-0.06637393715252729,-1.5971174752287025,is_squeeze_setup,0.2049561554681245,False,False,False,False,False
is_squeeze_setup__cs_demean,579.0,-0.011374538869038432,0.1713705613530164,-0.06637393715252729,-1.5971174752287025,is_squeeze_setup,0.2049561554681245,False,False,False,False,False
is_squeeze_setup__cs_zscore,579.0,-0.011374538869038432,0.1713705613530164,-0.06637393715252729,-1.5971174752287025,is_squeeze_setup,0.2049561554681245,False,False,False,False,False
volatility_10d__ts_delta__w5,574.0,0.008812112165388249,0.13231947121553808,0.06659724441487531,1.5955565678275916,volatility_10d,0.20451737265558528,False,False,False,False,False
eightk_other_events_30d__ts_mean__w20,570.0,0.005772366185546441,0.08637595001829669,0.06682839591719342,1.5955060844425313,eightk_other_events_30d,0.20450631430560479,False,False,False,False,False
ma_50__ts_mean__w20,540.0,0.010931679274257101,0.15956200310703436,0.06851054174172105,1.5920411232320022,ma_50,0.20355136982060162,False,False,False,False,False
days_to_earnings__ts_std__w20,570.0,-0.0055981042239298985,0.08402085871411623,-0.06662755308152271,-1.5907110274621667,days_to_earnings,0.20314969213105394,False,False,False,False,False
post_earnings_5d__ts_delta__w5,476.0,-0.0063249554764778625,0.0867848473018815,-0.0728808734833222,-1.5900729349854992,post_earnings_5d,0.20306157970099592,False,False,False,False,False
volume_spike__group_neutralize,570.0,0.00699611541195016,0.10508898531680617,0.06657325114386958,1.5894145864697788,volume_spike,0.20278382418121604,False,False,False,False,False
eightk_other_events_30d__ts_decay_linear__w20,560.0,0.005776782632770299,0.08615499702486304,0.06705104558361491,1.58671734085166,eightk_other_events_30d,0.20203220725720644,False,False,False,False,False
insider_net_shares__ts_mean__w20,570.0,-0.0098437963944296,0.14828329874774043,-0.06638506478855631,-1.5849216988164012,insider_net_shares,0.20151893079282895,False,False,False,False,False
post_earnings_5d__ts_rank__w20,570.0,-0.006091371521957515,0.09185878934874372,-0.06631234272891952,-1.5831854834392214,post_earnings_5d,0.20103139601715453,False,False,False,False,False
rev_growth_yoy__ts_std__w20,550.0,0.006788063283467715,0.10067680407088168,0.06742430241119461,1.5812400531228405,rev_growth_yoy,0.2005028463255264,False,False,False,False,False
atr__ts_decay_linear__w20,560.0,0.010614990117686594,0.15888777440317658,0.0668080987197362,1.5809681687326187,atr,0.2004180897657587,False,False,False,False,False
ma_10__ts_delta__w10,569.0,0.01133523831864955,0.1711340311995115,0.0662360270438245,1.5799757015521134,ma_10,0.2001327559008167,False,False,False,False,False
return_60d__signed_power_p05,538.0,0.014188181444681277,0.2083260169079214,0.06810566272647718,1.5796990653070644,return_60d,0.20008215089640596,False,False,False,False,False
return_60d__scale,538.0,0.014188181444681277,0.2083260169079214,0.06810566272647718,1.5796990653070644,return_60d,0.20008215089640596,False,False,False,False,False
return_60d__cs_zscore,538.0,0.014188181444681277,0.2083260169079214,0.06810566272647718,1.5796990653070644,return_60d,0.20008215089640596,False,False,False,False,False
return_60d__cs_rank,538.0,0.014188181444681277,0.2083260169079214,0.06810566272647718,1.5796990653070644,return_60d,0.20008215089640596,False,False,False,False,False
return_60d__cs_demean,538.0,0.014188181444681277,0.2083260169079214,0.06810566272647718,1.5796990653070644,return_60d,0.20008215089640596,False,False,False,False,False
ma_50__ts_min__w10,549.0,0.010738016705680545,0.1593121797900987,0.06740235881417471,1.5792877532512561,ma_50,0.19995723374491597,False,False,False,False,False
vol_10d_self_rank__ts_rank__w20,570.0,0.007646211720689949,0.11590837648099078,0.06596772341077475,1.5749578099873893,vol_10d_self_rank,0.19873065325404476,False,False,False,False,False
insider_7d__ts_argmax__w5,578.0,-0.007373979696443982,0.11280138123221013,-0.06537135995936158,-1.571634085370145,insider_7d,0.19779932610614254,False,False,False,False,False
atr__ts_delta__w5,574.0,0.009261268535165464,0.1414082436152344,0.06549313037481017,1.5691038756218594,atr,0.1971001520759773,False,False,False,False,False
insider_7d__ts_mean__w10,575.0,-0.009635747443624913,0.14731448552627674,-0.06540936832655311,-1.5684615527022798,insider_7d,0.19692129225920812,False,False,False,False,False
atr__ts_mean__w20,570.0,0.010362533459781527,0.1578273115893611,0.06565741604180027,1.5675493230941888,atr,0.19667259610502036,False,False,False,False,False
vol_x_short__ts_delta__w20,559.0,0.008691160043356278,0.13115501720163328,0.0662663177421172,1.566746533651335,vol_x_short,0.1964594531488596,False,False,False,False,False
vol_surge_eod__ts_min__w5,579.0,0.00696762984765636,0.10733397273624348,0.06491541932187887,1.5620220083151122,vol_surge_eod,0.1951383754474869,False,False,False,False,False
eightk_other_events_30d__ts_max__w20,579.0,0.005580293981172063,0.08604283854309772,0.06485483365796874,1.5605641706949505,eightk_other_events_30d,0.1947368191015476,False,False,False,False,False
premarket_gap__ts_std__w5,578.0,0.015626682811451634,0.24110935305927747,0.06481159943890591,1.5581765297350845,premarket_gap,0.19408102043257225,False,False,False,False,False
obv_trend__ts_argmax__w5,578.0,0.008500350077345878,0.1311604359478992,0.06480879707294103,1.558109156287862,obv_trend,0.19406251276718195,False,False,False,False,False
return_20d__ts_rank__w5,577.0,-0.009793120023536783,0.15109603787298814,-0.06481387706386393,-1.5568827530834355,return_20d,0.19372659082600913,False,False,False,False,False
eightk_days_since_last__ts_mean__w5,578.0,0.005855396404268594,0.09044842054232939,0.0647374091129463,1.5563928733272123,eightk_days_since_last,0.19359140709904793,False,False,False,False,False
bb_lower__ts_decay_linear__w20,560.0,0.01074825054479754,0.16369120967307793,0.0656617454673578,1.5538404995298734,bb_lower,0.19290666263857092,False,False,False,False,False
bb_lower__ts_argmax__w20,578.0,-0.00951272109783483,0.1472705905699612,-0.06459348781735069,-1.5529327707087368,bb_lower,0.19264375528727284,False,False,False,False,False
volume_zscore__ts_mean__w20,570.0,0.008281369736630156,0.12744138971181113,0.06498179088722421,1.5514189936117302,volume_zscore,0.19223641034923372,False,False,False,False,False
vol_zscore_60d__ts_max__w10,579.0,0.00784410345505727,0.12178398562487057,0.06440997488142117,1.5498597924930024,vol_zscore_60d,0.19180372335211493,False,False,False,False,False
risk_next_3d__ts_mean__w10,380.0,0.005294780641599478,0.0666106725479734,0.079488472928811,1.549515596840071,risk_next_3d,0.19194640250836753,False,False,False,False,False
risk_next_3d__ts_std__w10,380.0,0.005294780641599478,0.0666106725479734,0.079488472928811,1.549515596840071,risk_next_3d,0.19194640250836753,False,False,False,False,False
ma_50__ts_argmax__w5,545.0,-0.011367896309086882,0.17164248458972534,-0.0662300847966598,-1.546156897612318,ma_50,0.1908235558180772,False,False,False,False,False
risk_next_1d__ts_rank__w10,352.0,-0.00594134776318818,0.07232499930838972,-0.08214791316975488,-1.5412314662720998,risk_next_1d,0.18974947016978982,False,False,False,False,False
volume_zscore__ts_max__w20,579.0,0.007066066765055569,0.11036071541879118,0.06402701122624678,1.5406447606251332,volume_zscore,0.18930046385555033,False,False,False,False,False
insider_21d__ts_decay_linear__w20,560.0,-0.01061486237476079,0.16312524132627967,-0.06507185698827053,-1.539881190308227,insider_21d,0.18910920822411792,False,False,False,False,False
return_5d__ts_decay_linear__w20,560.0,0.012119967872151584,0.18654834624706898,0.06496958089405744,1.5374608961751532,return_5d,0.18845550139344092,False,False,False,False,False
insider_21d__ts_mean__w20,570.0,-0.010605151049321304,0.16496909739137608,-0.06428568269462871,-1.534799638299168,insider_21d,0.1877301774862281,False,False,False,False,False
vol_zscore_60d__ts_std__w5,578.0,0.007587593455578408,0.1188992628235945,0.0638153111751061,1.5342241353652042,vol_zscore_60d,0.1875690000920388,False,False,False,False,False
high_52w_ratio__ts_std__w5,346.0,0.01665495532807934,0.2019547195612492,0.0824687601471388,1.5340076122599207,high_52w_ratio,0.18781205353202185,False,False,False,False,False
rsi_below_30__ts_std__w20,570.0,-0.009093469264116633,0.14161551963871846,-0.0642123779040276,-1.5330495104109008,rsi_below_30,0.18725946021439932,False,False,False,False,False
return_60d__ts_max__w10,538.0,0.014288514902569683,0.21657803889036853,0.06597397859809095,1.5302550207102779,return_60d,0.18653642142807858,False,False,False,False,False
ma5_above_ma20__ts_decay_linear__w10,570.0,0.01062737400032467,0.16594586898036812,0.06404120853157194,1.528962897654826,ma5_above_ma20,0.18616315689233337,False,False,False,False,False
risk_next_3d__ts_argmax__w20,374.0,-0.00515678672037725,0.06523899911789523,-0.07904454069042777,-1.528648664817164,risk_next_3d,0.18631723016898788,False,False,False,False,False
bb_upper__ts_rank__w5,578.0,0.008091652800258252,0.1275267235109179,0.06345064451973867,1.525456954359185,bb_upper,0.18521951569289846,False,False,False,False,False
premarket_gap__ts_decay_linear__w5,575.0,-0.011025369705110729,0.17356841667786288,-0.06352175076628971,-1.5231980737049304,premarket_gap,0.18461946727114192,False,False,False,False,False
eightk_exec_change_30d__ts_argmax__w5,551.0,0.005201819540522974,0.08028740446124523,0.06478998263088571,1.5208404778181275,eightk_exec_change_30d,0.18401161228070434,False,False,False,False,False
volatility_5d__ts_argmax__w20,578.0,-0.007426150395559847,0.11746792550561082,-0.06321853700570493,-1.5198767112565061,volatility_5d,0.18373362895883044,False,False,False,False,False
ma_50__ts_min__w20,549.0,0.010314028527043832,0.15911254658973709,0.06482222017122248,1.5188331722515205,ma_50,0.1834801532553258,False,False,False,False,False
bb_pct__ts_decay_linear__w10,570.0,0.010837767395869979,0.17038043093090854,0.06360922634515952,1.5186494643106254,bb_pct,0.183414100837623,False,False,False,False,False
vol_zscore_60d__ts_argmax__w5,578.0,-0.006917057293681092,0.10960236643967981,-0.06311047396488403,-1.517278699551863,vol_zscore_60d,0.18304437543115815,False,False,False,False,False
ma_50__ts_argmax__w20,530.0,-0.011832700515628727,0.17970809728514864,-0.06584400310495414,-1.5158427869634639,ma_50,0.1827044678801258,False,False,False,False,False
eightk_other_events_30d__ts_rank__w20,570.0,-0.005822920391774674,0.09173580473313271,-0.06347489302256677,-1.515442300191264,eightk_other_events_30d,0.18256440222544557,False,False,False,False,False
sector_rel_ret__ts_argmax__w20,578.0,-0.007261104731788115,0.11545324422933462,-0.0628921671301394,-1.5120302472821345,sector_rel_ret,0.18165687811851522,False,False,False,False,False
return_60d__ts_max__w5,538.0,0.013973388881912104,0.21452826232952846,0.06513542192612426,1.51080484376636,return_60d,0.1813669142335973,False,False,False,False,False
macd__ts_delta__w10,569.0,-0.00983245844823144,0.15524453983155806,-0.06333529320193651,-1.5107824061296604,macd,0.1813349927166239,False,False,False,False,False
volume_spike__ts_decay_linear__w5,575.0,-0.006256027999118354,0.0993606682632315,-0.06296282129005569,-1.5097954156977715,volume_spike,0.1810703874095565,False,False,False,False,False
eightk_reg_fd_30d__ts_min__w10,579.0,-0.005621418423673457,0.0900084240096192,-0.06245435897280788,-1.5028029434273202,eightk_reg_fd_30d,0.17923272825898673,False,False,False,False,False
rev_growth_qoq__ts_max__w5,579.0,0.00674671001946841,0.10823721239716874,0.06233262913970694,1.499873829199014,rev_growth_qoq,0.17846771313380122,False,False,False,False,False
risk_next_1d__ts_argmax__w20,448.0,-0.004586252972648132,0.06474328338214443,-0.07083750982442415,-1.499347475924168,risk_next_1d,0.17845938918392074,False,False,False,False,False
bb_width__ts_max__w20,579.0,0.015156156842064034,0.24376110446357224,0.062176272442714405,1.4961115088689427,bb_width,0.1774881011915988,False,False,False,False,False
volume_zscore__ts_std__w20,570.0,0.007087559420410596,0.11315269433392278,0.06263712465824839,1.495440854633904,volume_zscore,0.17732078393442996,False,False,False,False,False
bb_pct__ts_min__w5,579.0,0.009600048325665527,0.1549854040103459,0.06194162854861278,1.4904654092129253,bb_pct,0.1760243713465669,False,False,False,False,False
ma20_above_ma50__ts_argmax__w10,543.0,0.006204162263257764,0.09714551438847063,0.06386462928641493,1.4881966081546234,ma20_above_ma50,0.17546740225000618,False,False,False,False,False
return_5d__ts_max__w5,579.0,0.011443621037982141,0.1857187625010683,0.06161801254688155,1.4826784254388443,return_5d,0.1740181802486982,False,False,False,False,False
bb_width__ts_std__w20,570.0,0.011753064131029561,0.18945901501454432,0.06203486347760916,1.4810620660224867,bb_width,0.17361046820941184,False,False,False,False,False
vol_surge_eod__ts_std__w10,575.0,0.006984956953698494,0.11309389082559854,0.06176246040088901,1.4810117727396852,vol_surge_eod,0.17359372257328481,False,False,False,False,False
bb_width__ts_decay_linear__w10,570.0,0.014975333281389587,0.24153136704061937,0.062001608589708025,1.4802681164557565,bb_width,0.17340704338083995,False,False,False,False,False
eps_surprise__ts_rank__w20,570.0,0.005441684666995706,0.08778596697104758,0.06198809279836732,1.479945431360234,eps_surprise,0.17332440868515697,False,False,False,False,False
eightk_days_since_last__group_neutralize,579.0,-0.005339874331028627,0.08726725728163152,-0.06118989524095645,-1.4723768875148615,eightk_days_since_last,0.17138654480666277,False,False,False,False,False
vol_10d_self_rank__ts_max__w20,579.0,0.006827021866896733,0.11157770383820967,0.061186255246801616,1.4722893004509654,vol_10d_self_rank,0.1713642791992399,False,False,False,False,False
rsi_14__ts_std__w5,578.0,0.007749883344098753,0.12663999364534345,0.0611961760342659,1.4712558559215134,rsi_14,0.17110245621421755,False,False,False,False,False
macd_signal__ts_min__w20,579.0,0.01144327945817527,0.1875370215419153,0.061018775728064176,1.4682593381254856,macd_signal,0.1703418143912127,False,False,False,False,False
sector_rel_ret__ts_rank__w20,570.0,-0.008788124113285223,0.14302683148427855,-0.06144388449415668,-1.466952636177059,sector_rel_ret,0.17001795650342322,False,False,False,False,False
return_60d__ts_std__w5,537.0,0.013739852515566659,0.2172172551742919,0.06325396435261096,1.4658005905970226,return_60d,0.16975373796829074,False,False,False,False,False
macd_signal__ts_rank__w10,575.0,-0.008984634698340425,0.14718582637085592,-0.06104279820872387,-1.4637548796030757,macd_signal,0.16920659416070255,False,False,False,False,False
eightk_reg_fd_30d__ts_argmax__w5,550.0,0.005281178903060901,0.08466725843859421,0.062375692805633126,1.4628396628272327,eightk_reg_fd_30d,0.16899568447128416,False,False,False,False,False
rsi_below_30__ts_max__w10,579.0,-0.00787936884135719,0.12975524529838517,-0.06072485796807515,-1.4611869658827508,rsi_below_30,0.1685568934408435,False,False,False,False,False
ma20_above_ma50__ts_delta__w10,549.0,0.00661310024587835,0.10608841618385259,0.06233574299401135,1.460573149549133,ma20_above_ma50,0.16842610443202755,False,False,False,False,False
volume_spike__ts_max__w20,579.0,0.005978014214912133,0.09852949266163573,0.06067233326209729,1.4599230944085348,volume_spike,0.16823918701791418,False,False,False,False,False
insider_21d__ts_std__w20,570.0,0.009619148615393844,0.15781239528979027,0.0609530613722087,1.455234394751312,insider_21d,0.1670707085685445,False,False,False,False,False
insider_net_shares__ts_mean__w5,578.0,-0.007519337380792414,0.12468815495703052,-0.06030514593293721,-1.4498340394072244,insider_net_shares,0.16571758545782966,False,False,False,False,False
volatility_5d__ts_argmax__w10,578.0,-0.006584129849687082,0.10942377900832688,-0.060170923626993784,-1.4466071163147753,volatility_5d,0.1649160068314134,False,False,False,False,False
vol_surge_eod__ts_rank__w20,570.0,-0.006422793336364395,0.10601881639775067,-0.06058163592647563,-1.446366733775008,vol_surge_eod,0.16486240180632988,False,False,False,False,False
return_5d__ts_rank__w10,575.0,-0.009291796190530213,0.1543501401413461,-0.06019946714671754,-1.443532511144282,return_5d,0.16415682907066015,False,False,False,False,False
iv_skew_snap__ts_max__w5,579.0,0.008238273781064656,0.13743899075763086,0.05994131458366558,1.4423330167948034,iv_skew_snap,0.1638574343271605,False,False,False,False,False
iv_skew_snap__ts_min__w5,579.0,0.008238273781064656,0.13743899075763086,0.05994131458366558,1.4423330167948034,iv_skew_snap,0.1638574343271605,False,False,False,False,False
iv_skew_snap__signed_power_p05,579.0,0.008238273781064656,0.13743899075763086,0.05994131458366558,1.4423330167948034,iv_skew_snap,0.1638574343271605,False,False,False,False,False
iv_skew_snap__ts_min__w20,579.0,0.008238273781064656,0.13743899075763086,0.05994131458366558,1.4423330167948034,iv_skew_snap,0.1638574343271605,False,False,False,False,False
iv_skew_snap__ts_max__w10,579.0,0.008238273781064656,0.13743899075763086,0.05994131458366558,1.4423330167948034,iv_skew_snap,0.1638574343271605,False,False,False,False,False
iv_skew_snap__ts_min__w10,579.0,0.008238273781064656,0.13743899075763086,0.05994131458366558,1.4423330167948034,iv_skew_snap,0.1638574343271605,False,False,False,False,False
iv_skew_snap__ts_max__w20,579.0,0.008238273781064656,0.13743899075763086,0.05994131458366558,1.4423330167948034,iv_skew_snap,0.1638574343271605,False,False,False,False,False
iv_skew_snap__cs_demean,579.0,0.008238273781064656,0.13743899075763086,0.05994131458366558,1.4423330167948034,iv_skew_snap,0.1638574343271605,False,False,False,False,False
iv_skew_snap__cs_rank,579.0,0.008238273781064656,0.13743899075763086,0.05994131458366558,1.4423330167948034,iv_skew_snap,0.1638574343271605,False,False,False,False,False
iv_skew_snap__cs_zscore,579.0,0.008238273781064656,0.13743899075763086,0.05994131458366558,1.4423330167948034,iv_skew_snap,0.1638574343271605,False,False,False,False,False
iv_skew_snap__scale,579.0,0.008238273781064656,0.13743899075763086,0.05994131458366558,1.4423330167948034,iv_skew_snap,0.1638574343271605,False,False,False,False,False
rsi_below_30__ts_mean__w20,570.0,-0.008614904871994322,0.14265240581705985,-0.06039088385962617,-1.4418125905982748,rsi_below_30,0.16373565578025695,False,False,False,False,False
risk_next_1d__ts_decay_linear__w20,486.0,0.004252266726729321,0.06501888887869914,0.06540048284526141,1.4417803071228152,risk_next_1d,0.16380246437216228,False,False,False,False,False
risk_today__ts_decay_linear__w20,486.0,0.004252266726729321,0.06501888887869914,0.06540048284526141,1.4417803071228152,risk_today,0.16380246437216228,False,False,False,False,False
risk_next_3d__ts_decay_linear__w20,486.0,0.004252266726729321,0.06501888887869914,0.06540048284526141,1.4417803071228152,risk_next_3d,0.16380246437216228,False,False,False,False,False
rsi_below_30__ts_max__w20,579.0,-0.00849218195305077,0.14173984616616592,-0.059913864610062637,-1.4416725040330687,rsi_below_30,0.16369435144413852,False,False,False,False,False
return_60d__ts_decay_linear__w20,519.0,0.013728665409554142,0.2171366299861642,0.06322593019164442,1.4403860493016176,return_60d,0.1634262173740808,False,False,False,False,False
bb_width__ts_decay_linear__w20,560.0,0.015147074236304918,0.24892993912084393,0.06084874438888493,1.4399441060243132,bb_width,0.16328253534876386,False,False,False,False,False
insider_net_shares__ts_decay_linear__w20,560.0,-0.008987079381057951,0.14819223345494506,-0.06064473941402804,-1.435116467194703,insider_net_shares,0.16209573631179236,False,False,False,False,False
rsi_below_30__ts_decay_linear__w10,570.0,-0.007852472322217008,0.13065669850266426,-0.06010003629516848,-1.4348687001701321,rsi_below_30,0.16202728816077716,False,False,False,False,False
return_3d__ts_min__w10,579.0,-0.013014300819330348,0.2183149713918479,-0.05961249810930885,-1.4344208970702885,return_3d,0.16191082480670094,False,False,False,False,False
risk_prev_1d__ts_decay_linear__w20,468.0,0.004351505189448545,0.06566162935182997,0.0662716602131846,1.4336752140525832,risk_prev_1d,0.16182861589547354,False,False,False,False,False
risk_next_1d__ts_argmax__w10,293.0,-0.005576958217179705,0.06663514700984105,-0.08369394332327455,-1.4326095461279222,risk_next_1d,0.16188048403531224,False,False,False,False,False
vol_10d_self_rank__ts_min__w5,579.0,0.0069596191026647025,0.11696370694391348,0.05950238141821192,1.431771223128827,vol_10d_self_rank,0.16126230445547246,False,False,False,False,False
rsi_14__ts_delta__w20,559.0,-0.009588472339115901,0.15881082535128294,-0.06037669231871693,-1.4274970547150343,rsi_14,0.16023484386994535,False,False,False,False,False
macd__ts_delta__w20,559.0,0.009271250080166871,0.15370938265302114,0.06031674787931136,1.4260797774941112,macd,0.1598901008663728,False,False,False,False,False
beta_60d__ts_argmax__w20,538.0,0.008663347690474896,0.14119765600480505,0.061356172160393914,1.4231457992246024,beta_60d,0.1591949737914488,False,False,False,False,False
return_60d__ts_std__w10,534.0,0.014245107671081293,0.23161114427931054,0.061504413854552964,1.4212710583130144,return_60d,0.15874439123573453,False,False,False,False,False
return_60d__ts_min__w10,538.0,0.013058488794448061,0.2132124215064205,0.06124637909079246,1.4205991679683563,return_60d,0.1585785136900525,False,False,False,False,False
vol_surge_eod__ts_delta__w10,569.0,-0.006041924496458617,0.10146287041522456,-0.0595481329449164,-1.4204445424166598,vol_surge_eod,0.15851652256607357,False,False,False,False,False
return_60d__ts_min__w5,538.0,0.012881167582822293,0.21055053493858153,0.06117850798422233,1.4190249093925196,return_60d,0.15819821739841072,False,False,False,False,False
insider_7d__ts_mean__w5,578.0,-0.008564251808364102,0.14521008111886455,-0.05897835565117319,-1.4179358376220008,insider_7d,0.15790427165656218,False,False,False,False,False
rsi_below_30__ts_rank__w20,570.0,0.0070311561062933155,0.1184986010471724,0.05933535117004735,1.41661209303377,rsi_below_30,0.15759121795491554,False,False,False,False,False
volatility_5d__ts_delta__w5,574.0,-0.00835516203266835,0.14133960125016978,-0.05911409087591658,-1.4162729520856616,volatility_5d,0.157506610467548,False,False,False,False,False
rsi_above_70__ts_rank__w5,576.0,-0.006093739951807243,0.10348206715105872,-0.058886917507280374,-1.413286020174729,rsi_above_70,0.15678727717111468,False,False,False,False,False
vol_10d_self_rank__ts_delta__w10,569.0,0.006486501870076039,0.10948553802281717,0.05924528469435141,1.4132204847775498,vol_10d_self_rank,0.1567767149202663,False,False,False,False,False
risk_next_3d__ts_decay_linear__w10,375.0,0.004819150916678359,0.06604718651931428,0.0729652718101639,1.4129664128613115,risk_next_3d,0.15693554924643888,False,False,False,False,False
eightk_reg_fd_30d__ts_decay_linear__w20,560.0,-0.005924637922657536,0.09935242216115264,-0.05963254638168352,-1.4111636082537122,eightk_reg_fd_30d,0.15629046920193257,False,False,False,False,False
insider_90d__ts_argmax__w20,577.0,-0.007327535979542025,0.12474701965243468,-0.0587391666747448,-1.4109632021595284,insider_90d,0.15622978216916417,False,False,False,False,False
insider_7d__ts_decay_linear__w10,570.0,-0.008716053132897309,0.1478196748375281,-0.05896409353137408,-1.4077484383961076,insider_7d,0.1554664937477715,False,False,False,False,False
return_1d__ts_rank__w10,575.0,-0.008733442428126518,0.14898461716081846,-0.058619759506442055,-1.4056524526500263,return_1d,0.15496316421859185,False,False,False,False,False
volume_spike__ts_std__w20,570.0,0.006318540914767747,0.10738087533186864,0.05884233011921185,1.4048413767750558,volume_spike,0.1547737649878344,False,False,False,False,False
eightk_material_agreement_30d__ts_min__w5,579.0,-0.005614403160449897,0.09624705898238331,-0.05833324383945628,-1.4036389450377103,eightk_material_agreement_30d,0.15448128395165972,False,False,False,False,False
return_60d__ts_decay_linear__w5,534.0,0.012875464059239516,0.21224139939218412,0.06066424409239765,1.4018560457605018,return_60d,0.1540928679468056,False,False,False,False,False
iv_skew_snap__ts_mean__w5,578.0,0.007996197225246228,0.13740603860055764,0.05819392878715723,1.399076936755721,iv_skew_snap,0.15340036668649132,False,False,False,False,False
eightk_reg_fd_30d__ts_min__w20,573.0,-0.0048965285321538096,0.08389748667920795,-0.05836323263027259,-1.3970651190659282,eightk_reg_fd_30d,0.1529285749232165,False,False,False,False,False
return_5d__group_neutralize,579.0,0.00692360577426624,0.11927696440444753,0.058046461937021565,1.396738278788166,return_5d,0.15284711288817893,False,False,False,False,False
eightk_reg_fd_30d__group_neutralize,579.0,0.005345125273368211,0.0922770901548763,0.05792472719281724,1.393809046386833,eightk_reg_fd_30d,0.1521569043753737,False,False,False,False,False
return_3d__ts_rank__w10,575.0,-0.009118089483610935,0.15706219694096218,-0.0580540044721157,-1.3920861235095503,return_3d,0.1517547624615464,False,False,False,False,False
vwap_dev_eod__ts_rank__w10,575.0,-0.008948149814662187,0.15433104822198743,-0.05798023092405428,-1.3903170959726523,vwap_dev_eod,0.15133966410912647,False,False,False,False,False
vol_zscore_60d__ts_rank__w20,570.0,0.006523340346673744,0.11219880231875949,0.05814090892112001,1.3880951751948296,vol_zscore_60d,0.15082298483777618,False,False,False,False,False
return_5d__ts_rank__w5,578.0,-0.008920798231780597,0.15465834850413956,-0.05768067691180489,-1.3867375247840972,return_5d,0.15049989447170548,False,False,False,False,False
eightk_reg_fd_30d__ts_max__w20,579.0,-0.005737714836712961,0.09956624018233418,-0.05762711162142478,-1.3866476958573506,eightk_reg_fd_30d,0.15047820584176574,False,False,False,False,False
bb_lower__ts_argmax__w10,578.0,0.007974935979419923,0.1385018529827421,0.05757999483525778,1.3843169634957033,bb_lower,0.14993523124173014,False,False,False,False,False
return_3d__ts_delta__w5,574.0,-0.010642917165881489,0.1843523448327856,-0.057731390265391036,-1.3831458000563732,return_3d,0.14966538198056178,False,False,False,False,False
risk_prev_1d__ts_rank__w20,488.0,-0.004473737701975257,0.07152665909326729,-0.06254643735200494,-1.3816959617835611,risk_prev_1d,0.14940074737041303,False,False,False,False,False
insider_7d__signed_power_p05,579.0,-0.007741738089384053,0.13497420211735217,-0.05735716876216882,-1.3801522177174874,insider_7d,0.14896628958294245,False,False,False,False,False
insider_7d__scale,579.0,-0.007741738089384053,0.13497420211735217,-0.05735716876216882,-1.3801522177174874,insider_7d,0.14896628958294245,False,False,False,False,False
insider_7d__cs_rank,579.0,-0.007741738089384053,0.13497420211735217,-0.05735716876216882,-1.3801522177174874,insider_7d,0.14896628958294245,False,False,False,False,False
insider_7d__cs_zscore,579.0,-0.007741738089384053,0.13497420211735217,-0.05735716876216882,-1.3801522177174874,insider_7d,0.14896628958294245,False,False,False,False,False
insider_7d__cs_demean,579.0,-0.007741738089384053,0.13497420211735217,-0.05735716876216882,-1.3801522177174874,insider_7d,0.14896628958294245,False,False,False,False,False
vol_10d_self_rank__ts_argmax__w5,578.0,-0.006286097599550224,0.10967262104133044,-0.05731692686711016,-1.3779923805932384,vol_10d_self_rank,0.14846651283357293,False,False,False,False,False
return_5d__ts_argmax__w20,578.0,0.00707932290811485,0.12378177294960209,0.05719196566199779,1.3749881094655514,return_5d,0.14777222676990048,False,False,False,False,False
insider_net_shares__ts_decay_linear__w5,575.0,-0.0071329021804520006,0.1244954333246716,-0.057294488560476815,-1.3738735717520736,insider_net_shares,0.14751732880431961,False,False,False,False,False
post_earnings_3d__ts_argmax__w5,351.0,-0.006689609447583592,0.09129343101743806,-0.0732759123304918,-1.3728237775042134,post_earnings_3d,0.14753578014701185,False,False,False,False,False
post_earnings_5d__ts_argmax__w5,351.0,-0.006689609447583592,0.09129343101743806,-0.0732759123304918,-1.3728237775042134,post_earnings_5d,0.14753578014701185,False,False,False,False,False
vol_10d_self_rank__ts_std__w20,570.0,0.005869202767086329,0.10224214494776002,0.05740492602228916,1.3705238243189939,vol_10d_self_rank,0.14675023123938996,False,False,False,False,False
eightk_days_since_last__ts_argmax__w20,578.0,0.005966065359992882,0.10472895669932038,0.05696672198427045,1.3695728841795778,eightk_days_since_last,0.1465262616671696,False,False,False,False,False
return_60d__ts_mean__w5,537.0,0.012589658662718033,0.2133919483497323,0.05899781486640064,1.3671717300282418,return_60d,0.14600688390955846,False,False,False,False,False
eightk_filings_30d__group_neutralize,579.0,-0.004833587558110878,0.0851680263260207,-0.05675354668438654,-1.3656276104662326,eightk_filings_30d,0.1456222610916484,False,False,False,False,False
vwap_dev_eod__ts_rank__w5,578.0,-0.008851573350224936,0.15612251983042827,-0.05669632644822176,-1.3630721345967294,vwap_dev_eod,0.14503985920775597,False,False,False,False,False
atr__ts_std__w10,575.0,0.00855379547030117,0.15074205068052932,0.05674458740401113,1.3606874052476523,atr,0.14449923437631024,False,False,False,False,False
obv__ts_rank__w5,578.0,-0.008035455911843797,0.14227239318423512,-0.05647937545717891,-1.3578562790203772,obv,0.14385460234334296,False,False,False,False,False
volatility_5d__ts_max__w5,579.0,0.014292042608911308,0.2535078578205257,0.05637711876777229,1.3565698442769676,volatility_5d,0.1435625860590174,False,False,False,False,False
iv_skew_snap__ts_decay_linear__w5,575.0,0.0077824567611842355,0.13781752974884537,0.056469280615947456,1.3540857803837636,iv_skew_snap,0.14300394915334863,False,False,False,False,False
iv_skew_snap__ts_mean__w10,575.0,0.0077824567611842355,0.13781752974884537,0.056469280615947456,1.3540857803837636,iv_skew_snap,0.14300394915334863,False,False,False,False,False
rsi_below_30__group_neutralize,520.0,0.006848098053930177,0.11538081832156453,0.0593521362870268,1.3534369444320549,rsi_below_30,0.14290000676572784,False,False,False,False,False
iv_skew_snap__ts_decay_linear__w10,570.0,0.007815981115009057,0.1382560245633881,0.05653266206439749,1.3496988077529741,iv_skew_snap,0.14201959309740853,False,False,False,False,False
iv_skew_snap__ts_mean__w20,570.0,0.007815981115009057,0.1382560245633881,0.05653266206439749,1.3496988077529741,iv_skew_snap,0.14201959309740853,False,False,False,False,False
volume_spike__ts_mean__w20,570.0,0.006131420417377499,0.1086534349794877,0.05643098553244109,1.3472713138238595,volume_spike,0.14147494604889338,False,False,False,False,False
is_squeeze_setup__ts_rank__w10,575.0,0.0057330089262629625,0.10208477483272292,0.05615929442619749,1.3466525726807912,is_squeeze_setup,0.1413328470586117,False,False,False,False,False
insider_7d__ts_argmax__w10,578.0,-0.006441452470966953,0.11539421442569278,-0.05582127754866668,-1.3420345322313918,insider_7d,0.14029925920156427,False,False,False,False,False
eightk_reg_fd_30d__ts_argmax__w10,575.0,0.0049606326158819596,0.08866477229239812,0.05594817972940614,1.3415902200912584,eightk_reg_fd_30d,0.14020234718311375,False,False,False,False,False
return_1d__signed_power_p05,579.0,-0.010156636410922324,0.1826845373928615,-0.055596584997670416,-1.3377883137890119,return_1d,0.13935463184370017,False,False,False,False,False
return_1d__scale,579.0,-0.010156636410922324,0.1826845373928615,-0.055596584997670416,-1.3377883137890119,return_1d,0.13935463184370017,False,False,False,False,False
return_1d__cs_rank,579.0,-0.010156636410922324,0.1826845373928615,-0.055596584997670416,-1.3377883137890119,return_1d,0.13935463184370017,False,False,False,False,False
return_1d__cs_zscore,579.0,-0.010156636410922324,0.1826845373928615,-0.055596584997670416,-1.3377883137890119,return_1d,0.13935463184370017,False,False,False,False,False
return_1d__cs_demean,579.0,-0.010156636410922324,0.1826845373928615,-0.055596584997670416,-1.3377883137890119,return_1d,0.13935463184370017,False,False,False,False,False
ma20_above_ma50__ts_max__w20,549.0,0.008694993056562137,0.15259399945406035,0.056981225262267496,1.3351127884121663,ma20_above_ma50,0.1387835223730498,False,False,False,False,False
premarket_gap__ts_mean__w5,578.0,-0.009068924584842738,0.16348414412582443,-0.05547280828569468,-1.3336567629493843,premarket_gap,0.13844100755231487,False,False,False,False,False
return_3d__ts_std__w5,578.0,0.012724188010258621,0.22963157270782342,0.055411317617235986,1.3321784270153918,return_3d,0.1381148485292728,False,False,False,False,False
risk_today__ts_mean__w20,496.0,0.0038879367815232613,0.06517605958432178,0.05965283581609023,1.32853173359431,risk_today,0.13737715397196076,False,False,False,False,False
risk_next_3d__ts_std__w20,496.0,0.0038879367815232613,0.06517605958432178,0.05965283581609023,1.32853173359431,risk_next_3d,0.13737715397196076,False,False,False,False,False
risk_next_3d__ts_mean__w20,496.0,0.0038879367815232613,0.06517605958432178,0.05965283581609023,1.32853173359431,risk_next_3d,0.13737715397196076,False,False,False,False,False
risk_next_1d__ts_std__w20,496.0,0.0038879367815232613,0.06517605958432178,0.05965283581609023,1.32853173359431,risk_next_1d,0.13737715397196076,False,False,False,False,False
risk_next_1d__ts_mean__w20,496.0,0.0038879367815232613,0.06517605958432178,0.05965283581609023,1.32853173359431,risk_next_1d,0.13737715397196076,False,False,False,False,False
risk_today__ts_std__w20,496.0,0.0038879367815232613,0.06517605958432178,0.05965283581609023,1.32853173359431,risk_today,0.13737715397196076,False,False,False,False,False
rsi_14__ts_rank__w5,578.0,-0.008522456426533103,0.1550648599440992,-0.05496059152025446,-1.3213422367078569,rsi_14,0.13574008617862782,False,False,False,False,False
macd_signal__ts_argmax__w20,578.0,-0.007607638866632997,0.1384225395624114,-0.05495953831422732,-1.3213169159176483,macd_signal,0.13573457001338501,False,False,False,False,False
high_52w_ratio__ts_delta__w10,337.0,-0.012335481160484742,0.17230623050963917,-0.07159045336897826,-1.3142260252997053,high_52w_ratio,0.13447187076143674,False,False,False,False,False
insider_60d__ts_argmax__w20,578.0,0.007292823615243049,0.1336422017539522,0.054569765534616226,1.3119461427477606,insider_60d,0.1337036594292294,False,False,False,False,False
return_60d__ts_mean__w10,534.0,0.012279260018600259,0.21652530353272506,0.05671050827897536,1.310491378874618,return_60d,0.13342194192828527,False,False,False,False,False
volume_zscore__ts_min__w20,579.0,0.0055869879097577915,0.10264236173862391,0.054431599342822115,1.3097559410299082,volume_zscore,0.1332313413884766,False,False,False,False,False
premarket_gap__ts_decay_linear__w20,560.0,0.008729369402239949,0.1581708132169065,0.055189508258195435,1.3060221361820774,premarket_gap,0.1324428904336699,False,False,False,False,False
eightk_other_events_30d__ts_std__w20,570.0,0.0044626043439654275,0.08160122884717502,0.05468795515718413,1.305657033981851,eightk_other_events_30d,0.13235776566098179,False,False,False,False,False
insider_7d__ts_decay_linear__w5,575.0,-0.00788147493456958,0.14489878449891058,-0.05439296790394288,-1.3042975506013312,insider_7d,0.13206353067864596,False,False,False,False,False
vol_10d_self_rank__ts_rank__w5,578.0,0.006004211467734048,0.11116362557339586,0.0540123753319809,1.2985455734180475,vol_10d_self_rank,0.13083579580281773,False,False,False,False,False
insider_21d__ts_max__w10,579.0,-0.007939086712148592,0.14723506102209288,-0.05392116970669994,-1.297473769341765,insider_21d,0.13060761021252676,False,False,False,False,False
vol_10d_self_rank__ts_max__w10,579.0,0.0066899150646589295,0.12447623375535743,0.05374451702810294,1.2932230786017405,vol_10d_self_rank,0.1297079412963667,False,False,False,False,False
eightk_reg_fd_30d__ts_rank__w5,577.0,-0.004710204578034669,0.08770899173150688,-0.05370264194181434,-1.2899817264725975,eightk_reg_fd_30d,0.12902609433671042,False,False,False,False,False
rev_growth_qoq__ts_decay_linear__w20,560.0,0.005904857199534631,0.10854268217353291,0.05440124641561948,1.2873684563794674,rev_growth_qoq,0.12848857758492904,False,False,False,False,False
post_earnings_5d__signed_power_p05,354.0,0.006243813749990964,0.09157979371901724,0.06817894533752797,1.2827792015454256,post_earnings_5d,0.12775352998620004,False,False,False,False,False
post_earnings_5d__scale,354.0,0.006243813749990964,0.09157979371901724,0.06817894533752797,1.2827792015454256,post_earnings_5d,0.12775352998620004,False,False,False,False,False
post_earnings_5d__cs_demean,354.0,0.006243813749990964,0.09157979371901724,0.06817894533752797,1.2827792015454256,post_earnings_5d,0.12775352998620004,False,False,False,False,False
post_earnings_5d__cs_rank,354.0,0.006243813749990964,0.09157979371901724,0.06817894533752797,1.2827792015454256,post_earnings_5d,0.12775352998620004,False,False,False,False,False
post_earnings_5d__cs_zscore,354.0,0.006243813749990964,0.09157979371901724,0.06817894533752797,1.2827792015454256,post_earnings_5d,0.12775352998620004,False,False,False,False,False
ma_50__ts_delta__w20,529.0,0.011095312107124472,0.1993345964577875,0.0556617481575713,1.28022020762414,ma_50,0.12701777813525478,False,False,False,False,False
eightk_filings_30d__ts_std__w10,575.0,-0.004732554167533569,0.08870586827646658,-0.053351083299064024,-1.27931403544267,eightk_filings_30d,0.12679665914232274,False,False,False,False,False
volatility_5d__ts_mean__w5,578.0,0.01363617957277087,0.2568193264962115,0.053096391766185976,1.2765238349298607,volatility_5d,0.12621570136086752,False,False,False,False,False
bb_pct__ts_min__w20,579.0,0.008107524949023129,0.15288351724952712,0.05303073277540131,1.2760477029582387,bb_pct,0.1261164378734821,False,False,False,False,False
volatility_5d__ts_std__w10,575.0,0.011086157467241675,0.2090283045331906,0.053036632967002596,1.2717737813675882,volatility_5d,0.12523616689157385,False,False,False,False,False
premarket_gap__ts_delta__w10,569.0,-0.01005333769218459,0.18871970056334927,-0.05327126771701237,-1.2707179512453017,premarket_gap,0.12502265736821067,False,False,False,False,False
vol_zscore_60d__ts_rank__w5,578.0,0.005732467354911944,0.10870042349846701,0.052736384739041874,1.267868678984135,vol_zscore_60d,0.12443134665655692,False,False,False,False,False
ma5_above_ma20__group_neutralize,579.0,-0.0056272688072749495,0.10687377796935942,-0.05265340960331991,-1.2669683947569625,ma5_above_ma20,0.12424612278094288,False,False,False,False,False
eightk_exec_change_30d__ts_min__w5,579.0,0.0040617910740384025,0.07720246059548382,0.05261219710756226,1.2659767224229697,eightk_exec_change_30d,0.12404302095351677,False,False,False,False,False
vol_10d_self_rank__ts_mean__w10,575.0,0.0065524855651089165,0.12419332118190221,0.052760369903560984,1.2651492258256871,vol_10d_self_rank,0.12387627917019584,False,False,False,False,False
obv_trend__ts_max__w5,579.0,-0.006959512262792592,0.13265490013449055,-0.052463288244435566,-1.2623936149907624,obv_trend,0.12331110870017548,False,False,False,False,False
volatility_5d__ts_rank__w5,578.0,0.006116450870108635,0.11670309326230646,0.05241035776456293,1.260030458911006,volatility_5d,0.12283068310754336,False,False,False,False,False
return_60d__ts_mean__w20,529.0,0.011886763714603576,0.21893246157492088,0.05429420392524023,1.2487666902805252,return_60d,0.12058938979867079,False,False,False,False,False
volatility_10d__group_neutralize,579.0,-0.007418700440237883,0.14325190258491508,-0.05178779692535196,-1.2461396599542465,volatility_10d,0.12002893183026497,False,False,False,False,False
return_3d__ts_decay_linear__w20,560.0,0.009581922474935358,0.18238910821916535,0.05253560680510249,1.2432193652501498,return_3d,0.11945801657506322,False,False,False,False,False
obv__ts_argmax__w5,578.0,0.007070864741623229,0.13686596642167684,0.051662695456650386,1.2420554379202795,obv,0.11921458251329026,False,False,False,False,False
rsi_below_30__ts_mean__w10,575.0,-0.006780751600726176,0.1309107603796385,-0.051796747502360664,-1.2420423723844531,rsi_below_30,0.11921385908093884,False,False,False,False,False
insider_7d__ts_max__w5,579.0,-0.006935713780979333,0.1348063189305796,-0.05144947088534459,-1.2379987170781448,insider_7d,0.118408348323989,False,False,False,False,False
return_1d__ts_max__w10,579.0,0.012104571587720499,0.2353317435796464,0.05143620407343725,1.2376794854934778,return_1d,0.11834511659358199,False,False,False,False,False
eightk_days_since_last__ts_rank__w5,578.0,0.004624977652455368,0.0899569860747411,0.05141321262822976,1.2360574639282413,eightk_days_since_last,0.11802482108700074,False,False,False,False,False
return_1d__ts_rank__w20,570.0,-0.007838525928487116,0.1522361337373601,-0.05148926037500565,-1.2292892427578312,return_1d,0.11669736213004173,False,False,False,False,False
vol_surge_eod__ts_min__w20,579.0,0.006057183487929832,0.11858117552928084,0.05108048103667308,1.2291199287950116,vol_surge_eod,0.11665856988414786,False,False,False,False,False
macd__ts_rank__w20,570.0,-0.007907581278751215,0.15385819153403604,-0.051395256891485844,-1.227044940349309,macd,0.11625788174706975,False,False,False,False,False
obv_trend__ts_rank__w5,578.0,-0.0070089391741530276,0.1376744970744972,-0.050909495390133244,-1.2239472801830489,obv_trend,0.11564826989360844,False,False,False,False,False
eightk_exec_change_30d__ts_min__w20,556.0,0.00439409422795221,0.08468531976467471,0.05188731931535016,1.2234849453865824,eightk_exec_change_30d,0.1155721824344898,False,False,False,False,False
risk_next_3d__ts_rank__w20,496.0,-0.003876196023380846,0.07064646380181129,-0.05486751657174191,-1.221957613780521,risk_next_3d,0.11531933876877376,False,False,False,False,False
sector_rel_ret__ts_delta__w20,559.0,-0.008253997738887292,0.15977436006608783,-0.05166033984096805,-1.2214147568613742,sector_rel_ret,0.11516757101810499,False,False,False,False,False
return_1d__ts_delta__w10,569.0,-0.008950853017527134,0.17480744089845004,-0.051204073302159404,-1.2214076726609457,return_1d,0.11515979544113397,False,False,False,False,False
premarket_gap__ts_argmax__w20,578.0,-0.006153314472978836,0.12117527205194596,-0.050780281890689755,-1.2208407769660194,premarket_gap,0.11504414885913389,False,False,False,False,False
rsi_below_30__ts_decay_linear__w20,560.0,-0.00730469168025447,0.14192380596495363,-0.05146910788214259,-1.2179813943828675,rsi_below_30,0.11450134809526552,False,False,False,False,False
rev_growth_qoq__ts_max__w20,579.0,0.005446158295545884,0.10774041227540689,0.05054889043513563,1.2163285730941773,rev_growth_qoq,0.11417005552773463,False,False,False,False,False
vol_surge_eod__ts_argmax__w5,578.0,0.0049133827144968506,0.09722823935469982,0.05053452317049848,1.2149323366081983,vol_surge_eod,0.11390133061579866,False,False,False,False,False
sector_rel_ret__ts_argmax__w10,578.0,0.005581071898453476,0.11131943956207029,0.05013564495481979,1.2053426539082825,sector_rel_ret,0.11206372767770317,False,False,False,False,False
insider_90d__ts_std__w20,570.0,0.008015339110616885,0.15886047566183728,0.050455212835185996,1.2046016961132975,insider_90d,0.11192748345046982,False,False,False,False,False
return_3d__cs_demean,579.0,-0.008978996530828846,0.17967290475931855,-0.04997412683262783,-1.202498370561802,return_3d,0.1115221962158976,False,False,False,False,False
return_3d__cs_zscore,579.0,-0.008978996530828846,0.17967290475931855,-0.04997412683262783,-1.202498370561802,return_3d,0.1115221962158976,False,False,False,False,False
return_3d__cs_rank,579.0,-0.008978996530828846,0.17967290475931855,-0.04997412683262783,-1.202498370561802,return_3d,0.1115221962158976,False,False,False,False,False
return_3d__signed_power_p05,579.0,-0.008978996530828846,0.17967290475931855,-0.04997412683262783,-1.202498370561802,return_3d,0.1115221962158976,False,False,False,False,False
return_3d__scale,579.0,-0.008978996530828846,0.17967290475931855,-0.04997412683262783,-1.202498370561802,return_3d,0.1115221962158976,False,False,False,False,False
return_1d__ts_delta__w5,574.0,-0.009412998145229385,0.18777651636724105,-0.05012872923268029,-1.2009989882732863,return_1d,0.11124078765736134,False,False,False,False,False
eightk_filings_30d__ts_max__w10,579.0,-0.004652323517325291,0.09324947819920609,-0.049891147995345025,-1.200501699024991,eightk_filings_30d,0.1111435806295279,False,False,False,False,False
insider_net_shares__ts_mean__w10,575.0,-0.007193464960159379,0.1438136432077392,-0.050019350040165514,-1.1994218784911956,insider_net_shares,0.1109415930805408,False,False,False,False,False
volume_zscore__ts_max__w10,579.0,0.005367674593556822,0.1079990786124666,0.04970111469948428,1.1959290382681484,volume_zscore,0.11027996419588576,False,False,False,False,False
return_3d__ts_rank__w20,570.0,-0.00794820456168935,0.15900926842372748,-0.04998579416458288,-1.1933944789592867,return_3d,0.10980873506677574,False,False,False,False,False
vwap_dev_eod__ts_argmax__w20,578.0,-0.007339217696253445,0.14810571004361117,-0.04955391452559352,-1.1913569058431148,vwap_dev_eod,0.10942185454519043,False,False,False,False,False
eightk_days_since_last__ts_min__w20,579.0,0.004430643785758083,0.08965833070082337,0.049416978334589884,1.1890920300509324,eightk_days_since_last,0.10899767828518137,False,False,False,False,False
sector_rel_ret__signed_power_p05,579.0,-0.007768426147555617,0.15772927548960156,-0.0492516441443222,-1.185113689517622,sector_rel_ret,0.1082564841535637,False,False,False,False,False
sector_rel_ret__scale,579.0,-0.007768426147555617,0.15772927548960156,-0.0492516441443222,-1.185113689517622,sector_rel_ret,0.1082564841535637,False,False,False,False,False
sector_rel_ret__cs_rank,579.0,-0.007768426147555617,0.15772927548960156,-0.0492516441443222,-1.185113689517622,sector_rel_ret,0.1082564841535637,False,False,False,False,False
sector_rel_ret__cs_zscore,579.0,-0.007768426147555617,0.15772927548960156,-0.0492516441443222,-1.185113689517622,sector_rel_ret,0.1082564841535637,False,False,False,False,False
sector_rel_ret__cs_demean,579.0,-0.007768426147555617,0.15772927548960156,-0.0492516441443222,-1.185113689517622,sector_rel_ret,0.1082564841535637,False,False,False,False,False
obv__ts_rank__w10,575.0,-0.0066598070130640995,0.135334732120689,-0.04920988802139134,-1.180011661158388,obv,0.10731358999278956,False,False,False,False,False
volatility_5d__ts_decay_linear__w5,575.0,0.01256929372504201,0.25560887300890567,0.04917393350662003,1.1791495021816596,volatility_5d,0.10715444819095271,False,False,False,False,False
insider_net_shares__ts_decay_linear__w10,570.0,-0.007071770955799071,0.1434700764025586,-0.049290912315099,-1.1768044021872215,insider_net_shares,0.1067253945999917,False,False,False,False,False
rev_growth_qoq__ts_decay_linear__w5,575.0,0.005335001905678322,0.1089925851847691,0.048948301360447484,1.1737390333852247,rev_growth_qoq,0.10615963677234003,False,False,False,False,False
obv_trend__cs_demean,579.0,-0.006554297723686444,0.13483393504478183,-0.04861014937752571,-1.1696777737610498,obv_trend,0.10541498434220875,False,False,False,False,False
obv_trend__cs_rank,579.0,-0.006554297723686444,0.13483393504478183,-0.04861014937752571,-1.1696777737610498,obv_trend,0.10541498434220875,False,False,False,False,False
obv_trend__signed_power_p05,579.0,-0.006554297723686444,0.13483393504478183,-0.04861014937752571,-1.1696777737610498,obv_trend,0.10541498434220875,False,False,False,False,False
obv_trend__cs_zscore,579.0,-0.006554297723686444,0.13483393504478183,-0.04861014937752571,-1.1696777737610498,obv_trend,0.10541498434220875,False,False,False,False,False
obv_trend__scale,579.0,-0.006554297723686444,0.13483393504478183,-0.04861014937752571,-1.1696777737610498,obv_trend,0.10541498434220875,False,False,False,False,False
eightk_days_since_last__ts_decay_linear__w20,560.0,0.004170064920275509,0.08487584912889795,0.04913134847042978,1.1626599096093273,eightk_days_since_last,0.10415226470482725,False,False,False,False,False
return_60d__ts_decay_linear__w10,529.0,0.010874230515527753,0.2153242412298027,0.05050165486905089,1.1615380619881703,return_60d,0.10396958004877571,False,False,False,False,False
sector_rel_ret__ts_rank__w10,575.0,-0.006797021214350831,0.14045804944870235,-0.04839182404304438,-1.160395176081173,sector_rel_ret,0.10373466680234877,False,False,False,False,False
vol_zscore_60d__group_neutralize,579.0,-0.004231253534037298,0.08779427738272073,-0.04819509494442372,-1.1596905601540732,vol_zscore_60d,0.10360545961409584,False,False,False,False,False
insider_net_shares__ts_delta__w20,559.0,-0.0041866012460288525,0.08545666010491668,-0.04899092991568928,-1.1583014152750672,insider_net_shares,0.10336728832027048,False,False,False,False,False
iv_skew_snap__ts_decay_linear__w20,560.0,0.006799219371696816,0.13900384198146015,0.04891389529077673,1.157514028169663,iv_skew_snap,0.10322522178049409,False,False,False,False,False
ma_10__ts_rank__w20,570.0,0.008076189203801005,0.1666553622414087,0.0484604221261254,1.1569767206846,ma_10,0.10312283571805253,False,False,False,False,False
return_3d__ts_max__w10,579.0,0.010175380359640494,0.2117077842128663,0.04806332652090597,1.1565198931586842,return_3d,0.10303572272539951,False,False,False,False,False
beta_60d__ts_argmax__w5,538.0,0.007402262856826087,0.14859891185537727,0.04981370835360007,1.1554203479627614,beta_60d,0.10286356827256554,False,False,False,False,False
eightk_material_agreement_30d__ts_rank__w20,570.0,-0.004232200545151145,0.08755743169344969,-0.04833628012261308,-1.154012870973405,eightk_material_agreement_30d,0.1025919970328058,False,False,False,False,False
atr__ts_std__w20,570.0,0.007193061456663523,0.14921936199744035,0.04820461205823216,1.1508693390217055,atr,0.10203114855943357,False,False,False,False,False
volume_spike__ts_decay_linear__w20,560.0,0.005188932966388414,0.10670700326516579,0.04862785766266878,1.150745142454242,volume_spike,0.10201492816198315,False,False,False,False,False
rev_growth_qoq__ts_decay_linear__w10,570.0,0.005262103965939667,0.10924519285570641,0.04816783080688938,1.1499911986817288,rev_growth_qoq,0.10187487560052849,False,False,False,False,False
eightk_exec_change_30d__group_neutralize,579.0,0.0039926973543658794,0.08355075691234722,0.04778768621515426,1.149887320674973,eightk_exec_change_30d,0.1018512775350825,False,False,False,False,False
return_3d__ts_min__w5,579.0,-0.00947185978781551,0.20015234131581072,-0.04732325250630128,-1.1387119222533029,return_3d,0.09987802980917809,False,False,False,False,False
rev_x_low52w__ts_rank__w5,439.0,0.0059179864220753955,0.10974162678283912,0.05392654178333014,1.1298865287821434,rev_x_low52w,0.09844062909103468,False,False,False,False,False
return_3d__ts_std__w10,575.0,0.011462509579784789,0.24378669756057128,0.04701860148434396,1.127466455903475,return_3d,0.09792292274025322,False,False,False,False,False
sector_rel_ret__ts_rank__w5,578.0,-0.006602765766625533,0.14116872291800928,-0.04677215767164244,-1.1244789352517222,sector_rel_ret,0.09740603804885406,False,False,False,False,False
vol_x_short__ts_delta__w5,574.0,0.005962492687551736,0.12708674944202814,0.046916714084906115,1.1240445750686452,vol_x_short,0.09733348962338484,False,False,False,False,False
beta_60d__ts_std__w5,538.0,0.008796237916581101,0.1816005021158564,0.048437299534388564,1.123494783506819,beta_60d,0.09726016430861645,False,False,False,False,False
rev_x_low52w__ts_delta__w5,439.0,0.006169036722743461,0.11549190351556045,0.05341531774054009,1.1191751955492644,rev_x_low52w,0.09659547622841108,False,False,False,False,False
volume_spike__ts_delta__w10,569.0,-0.004454005751768404,0.09547530632148847,-0.046650866316895474,-1.112796744108505,volume_spike,0.09541530041962143,False,False,False,False,False
return_1d__ts_min__w5,579.0,-0.009885380256068811,0.21569294350355978,-0.04583080046800726,-1.102799916222645,return_1d,0.09372612701137056,False,False,False,False,False
beta_60d__ts_std__w10,538.0,0.009111121723172338,0.1926732680368307,0.047287938882267205,1.0968355620093537,beta_60d,0.09275526544038087,False,False,False,False,False
volatility_5d__ts_delta__w10,569.0,0.006058983015610853,0.13218743708756175,0.04583629994730397,1.093366305286977,volatility_5d,0.09216279318368992,False,False,False,False,False
rev_growth_qoq__ts_mean__w5,578.0,0.0049711634722624755,0.10936406428014744,0.0454551822390975,1.0928166984454293,rev_growth_qoq,0.09206720451862704,False,False,False,False,False
volatility_5d__ts_max__w10,579.0,0.011324381197641037,0.25055923248166334,0.045196423558129264,1.0875352733204249,volatility_5d,0.0911976255003627,False,False,False,False,False
post_earnings_1d__ts_argmax__w5,346.0,-0.0053488293268037735,0.09163789479663192,-0.05836918600841063,-1.0857296205079863,post_earnings_1d,0.09110407026178224,False,False,False,False,False
return_5d__ts_min__w20,579.0,0.01017402490963637,0.22564642971533225,0.045088348716492296,1.0849347312158586,return_5d,0.09077194834960994,False,False,False,False,False
premarket_gap__ts_max__w5,579.0,0.009944098583493148,0.2209666388999383,0.04500271458623306,1.0828741669073298,premarket_gap,0.09043570680428792,False,False,False,False,False
macd_signal__ts_delta__w5,574.0,-0.006926857711322787,0.15347048816147685,-0.045134786461580576,-1.0813526236557813,macd_signal,0.0901906152773142,False,False,False,False,False
sector_rel_ret__ts_delta__w5,574.0,-0.007277987873114024,0.16138398229984158,-0.04509733722887051,-1.080455403812293,sector_rel_ret,0.09004479101774343,False,False,False,False,False
vwap_dev_eod__ts_rank__w20,570.0,-0.007167966107614328,0.15855329380976227,-0.04520856007075262,-1.0793395782108537,vwap_dev_eod,0.08986578801722245,False,False,False,False,False
bb_pct__ts_mean__w5,578.0,0.007476333614806756,0.16692269000455498,0.044789199207146385,1.0768053804318036,bb_pct,0.08945129032029075,False,False,False,False,False
volume_zscore__ts_decay_linear__w10,570.0,0.005334031068622647,0.11932273869913301,0.0447025531493387,1.0672588285414122,volume_zscore,0.08792222462791849,False,False,False,False,False
eightk_reg_fd_30d__ts_std__w20,570.0,-0.004443602279337847,0.09958760140663116,-0.04462003519086628,-1.065288739285018,eightk_reg_fd_30d,0.08760826863868693,False,False,False,False,False
macd__ts_argmax__w20,578.0,0.006247457896531374,0.14112299151385674,0.04426959653783942,1.0643132850181578,macd,0.08744902476697025,False,False,False,False,False
is_squeeze_setup__ts_min__w20,579.0,-0.006633062054574144,0.15006593287276873,-0.04420098504433975,-1.0635826148810816,is_squeeze_setup,0.08733244996190825,False,False,False,False,False
post_earnings_3d__signed_power_p05,300.0,0.005844577084445544,0.09542651060846996,0.06124689090252437,1.0608272684880027,post_earnings_3d,0.08716626837001917,False,False,False,False,False
post_earnings_3d__scale,300.0,0.005844577084445544,0.09542651060846996,0.06124689090252437,1.0608272684880027,post_earnings_3d,0.08716626837001917,False,False,False,False,False
post_earnings_3d__cs_zscore,300.0,0.005844577084445544,0.09542651060846996,0.06124689090252437,1.0608272684880027,post_earnings_3d,0.08716626837001917,False,False,False,False,False
post_earnings_3d__cs_rank,300.0,0.005844577084445544,0.09542651060846996,0.06124689090252437,1.0608272684880027,post_earnings_3d,0.08716626837001917,False,False,False,False,False
post_earnings_3d__cs_demean,300.0,0.005844577084445544,0.09542651060846996,0.06124689090252437,1.0608272684880027,post_earnings_3d,0.08716626837001917,False,False,False,False,False
return_3d__ts_delta__w10,569.0,-0.007988938845166792,0.17980976373712398,-0.044429950182495986,-1.0598196305323155,return_3d,0.08674160552424343,False,False,False,False,False
bb_pct__ts_argmax__w10,578.0,0.005789128575538354,0.13137552570816624,0.04406550264467185,1.059406535039001,bb_pct,0.08667177048882713,False,False,False,False,False
beta_60d__ts_rank__w10,538.0,-0.007235809476330264,0.15862311232083173,-0.0456163630284538,-1.0580636492469173,beta_60d,0.08648151850623359,False,False,False,False,False
eightk_reg_fd_30d__ts_decay_linear__w10,570.0,-0.004177948473949718,0.09432290100370583,-0.04429410492564867,-1.0575072608562521,eightk_reg_fd_30d,0.0863763729514998,False,False,False,False,False
sector_rel_ret__ts_min__w20,579.0,0.009195069024064514,0.20940413748280767,0.043910636793503856,1.0565961336626106,sector_rel_ret,0.08622841923850189,False,False,False,False,False
volume_spike__cs_demean,572.0,-0.0044682133292897165,0.10116028104522198,-0.04416964131695401,-1.0563841755948014,volume_spike,0.08619862421019936,False,False,False,False,False
volume_spike__cs_zscore,572.0,-0.0044682133292897165,0.10116028104522198,-0.04416964131695401,-1.0563841755948014,volume_spike,0.08619862421019936,False,False,False,False,False
volume_spike__scale,572.0,-0.0044682133292897165,0.10116028104522198,-0.04416964131695401,-1.0563841755948014,volume_spike,0.08619862421019936,False,False,False,False,False
volume_spike__cs_rank,572.0,-0.0044682133292897165,0.10116028104522198,-0.04416964131695401,-1.0563841755948014,volume_spike,0.08619862421019936,False,False,False,False,False
volume_spike__signed_power_p05,572.0,-0.0044682133292897165,0.10116028104522198,-0.04416964131695401,-1.0563841755948014,volume_spike,0.08619862421019936,False,False,False,False,False
eightk_reg_fd_30d__ts_max__w10,579.0,-0.004118998470759831,0.09382571716216656,-0.043900527438981714,-1.0563528781399876,eightk_reg_fd_30d,0.08619016790374434,False,False,False,False,False
return_1d__ts_decay_linear__w5,575.0,-0.007762135799184696,0.17649946221372972,-0.043978240510360526,-1.0545611608970773,return_1d,0.08591082051382037,False,False,False,False,False
premarket_gap__ts_delta__w5,574.0,-0.00841919016045411,0.19234274241777372,-0.043771810959039974,-1.0486980516239537,premarket_gap,0.08499542818685568,False,False,False,False,False
bb_width__ts_mean__w20,570.0,0.01101880846753581,0.25155411669959865,0.04380293438287981,1.0457807248720923,bb_width,0.08454445324283405,False,False,False,False,False
bb_pct__group_neutralize,579.0,-0.004246956513088458,0.09786680548786067,-0.04339527066319997,-1.0441951779839105,bb_pct,0.0842945225636127,False,False,False,False,False
volatility_10d__cs_zscore,579.0,0.011084376146347,0.2583831669533327,0.04289898710138877,1.0322533950606532,volatility_10d,0.08246316020651284,False,False,False,False,False
volatility_10d__cs_demean,579.0,0.011084376146347,0.2583831669533327,0.04289898710138877,1.0322533950606532,volatility_10d,0.08246316020651284,False,False,False,False,False
volatility_10d__cs_rank,579.0,0.011084376146347,0.2583831669533327,0.04289898710138877,1.0322533950606532,volatility_10d,0.08246316020651284,False,False,False,False,False
volatility_10d__signed_power_p05,579.0,0.011084376146347,0.2583831669533327,0.04289898710138877,1.0322533950606532,volatility_10d,0.08246316020651284,False,False,False,False,False
volatility_10d__scale,579.0,0.011084376146347,0.2583831669533327,0.04289898710138877,1.0322533950606532,volatility_10d,0.08246316020651284,False,False,False,False,False
eightk_reg_fd_30d__ts_mean__w10,575.0,-0.004031057036919524,0.09395140431117693,-0.04290576672561742,-1.02884414297309,eightk_reg_fd_30d,0.08194779792917634,False,False,False,False,False
return_1d__ts_rank__w5,578.0,-0.006274132288490326,0.14670701595310326,-0.042766409279948354,-1.0281742123009263,return_1d,0.0818449783237547,False,False,False,False,False
eightk_other_events_30d__ts_min__w10,579.0,-0.003753813119044891,0.08806149516521423,-0.04262717901850604,-1.025713035128669,eightk_other_events_30d,0.08147292103468412,False,False,False,False,False
vwap_dev_eod__ts_delta__w20,559.0,0.007823742530473791,0.18095158770300013,0.043236661417500655,1.0222522045988254,vwap_dev_eod,0.08096245386727541,False,False,False,False,False
rsi_below_30__ts_argmax__w10,560.0,0.004892373526371327,0.11325971668159444,0.0431960600795532,1.0222053509848044,rsi_below_30,0.08095491528834503,False,False,False,False,False
return_1d__ts_std__w5,578.0,0.010235324820380452,0.24114712535482372,0.04244431612162161,1.0204305675824208,return_1d,0.08068017387402193,False,False,False,False,False
volatility_5d__scale,579.0,0.01022088801815228,0.24140395901611067,0.04233935540995069,1.018787302910151,volatility_5d,0.08043413492669638,False,False,False,False,False
volatility_5d__cs_demean,579.0,0.01022088801815228,0.24140395901611067,0.04233935540995069,1.018787302910151,volatility_5d,0.08043413492669638,False,False,False,False,False
volatility_5d__cs_zscore,579.0,0.01022088801815228,0.24140395901611067,0.04233935540995069,1.018787302910151,volatility_5d,0.08043413492669638,False,False,False,False,False
volatility_5d__cs_rank,579.0,0.01022088801815228,0.24140395901611067,0.04233935540995069,1.018787302910151,volatility_5d,0.08043413492669638,False,False,False,False,False
volatility_5d__signed_power_p05,579.0,0.01022088801815228,0.24140395901611067,0.04233935540995069,1.018787302910151,volatility_5d,0.08043413492669638,False,False,False,False,False
ma5_above_ma20__ts_mean__w5,578.0,0.0067908739579201575,0.16095342656046213,0.04219154635623223,1.0143535702661048,ma5_above_ma20,0.07977486573221176,False,False,False,False,False
vol_surge_eod__ts_mean__w5,578.0,0.004839816504988062,0.11472473936509311,0.04218633689448725,1.0142283263114138,vol_surge_eod,0.07975628888543507,False,False,False,False,False
vwap__ts_decay_linear__w10,570.0,0.006595466370858832,0.15547777372621255,0.0424206380937321,1.0127788532938744,vwap,0.0795453651231342,False,False,False,False,False
post_earnings_1d__ts_std__w5,407.0,0.004614023617448455,0.09223834130391038,0.050022838141093574,1.0091727922540563,post_earnings_1d,0.07912334637496454,False,False,False,False,False
ma_50__ts_decay_linear__w20,530.0,0.006962718933433387,0.15905410546732512,0.04377578882969327,1.0077943413518484,ma_50,0.07883092012499954,False,False,False,False,False
vol_surge_eod__ts_max__w20,579.0,0.004469249680694442,0.10700767384021108,0.041765693247085595,1.0049836036797755,vol_surge_eod,0.07839360907918842,False,False,False,False,False
premarket_gap__ts_argmax__w5,578.0,-0.0054051365216613865,0.12969898670924943,-0.041674469930734793,-1.0019222098728329,premarket_gap,0.0779468866207929,False,False,False,False,False
volume_zscore__ts_argmax__w5,578.0,0.003985613858022076,0.09673187219234332,0.04120269532359523,0.9905799790602329,volume_zscore,0.07630694000930893,False,False,False,False,False
return_60d__ts_min__w20,538.0,0.009035307142511934,0.21166706960650436,0.042686409176962904,0.9901038765158074,return_60d,0.07625835454088764,False,False,False,False,False
post_earnings_1d__ts_delta__w20,360.0,0.004544939431109796,0.08727370285789565,0.052076848836242716,0.988088734120896,post_earnings_1d,0.0761101676441785,False,False,False,False,False
post_earnings_1d__ts_mean__w5,407.0,0.004517965734773889,0.09225343082302002,0.048973416971789405,0.9880015166720897,post_earnings_1d,0.07604871262960537,False,False,False,False,False
eightk_days_since_last__ts_delta__w20,559.0,0.004092069473508707,0.09802925342029735,0.041743350385053814,0.9869455818156739,eightk_days_since_last,0.07579599668730651,False,False,False,False,False
eightk_reg_fd_30d__ts_mean__w20,570.0,-0.004092113856215131,0.09911767035428211,-0.04128541199150916,-0.9856757015803573,eightk_reg_fd_30d,0.07560971499826707,False,False,False,False,False
days_to_earnings__group_neutralize,579.0,-0.0038525382736391794,0.09423710034416687,-0.040881332931182936,-0.9837037553609821,days_to_earnings,0.07532512834134478,False,False,False,False,False
vol_surge_eod__ts_rank__w5,578.0,-0.004238776619274076,0.10391238539041968,-0.04079183249761943,-0.9807021667871444,vol_surge_eod,0.07490022903781945,False,False,False,False,False
premarket_gap__scale,579.0,-0.008188891559032204,0.20142830795411926,-0.0406541247464455,-0.9782365768579915,premarket_gap,0.07455175548466889,False,False,False,False,False
premarket_gap__cs_zscore,579.0,-0.008188891559032204,0.20142830795411926,-0.0406541247464455,-0.9782365768579915,premarket_gap,0.07455175548466889,False,False,False,False,False
premarket_gap__cs_demean,579.0,-0.008188891559032204,0.20142830795411926,-0.0406541247464455,-0.9782365768579915,premarket_gap,0.07455175548466889,False,False,False,False,False
premarket_gap__cs_rank,579.0,-0.008188891559032204,0.20142830795411926,-0.0406541247464455,-0.9782365768579915,premarket_gap,0.07455175548466889,False,False,False,False,False
premarket_gap__signed_power_p05,579.0,-0.008188813043015114,0.20142838709196803,-0.04065371897793269,-0.9782268130860877,premarket_gap,0.07455037976748533,False,False,False,False,False
ma20_above_ma50__ts_min__w20,530.0,0.00698886321523979,0.16447763189869918,0.042491268475607614,0.9782224620366615,ma20_above_ma50,0.0745737866628329,False,False,False,False,False
bb_width__ts_delta__w5,574.0,0.005125528869591493,0.12587488706255054,0.04071923311473943,0.9755634847049833,bb_width,0.07417809362519996,False,False,False,False,False
rsi_below_30__ts_argmax__w20,576.0,0.005021904155070648,0.12421289016896403,0.04042981487862865,0.9703155570870876,rsi_below_30,0.07344337470785496,False,False,False,False,False
intraday_momentum__ts_rank__w10,575.0,-0.005042590828561952,0.1249666975518634,-0.04035147705226976,-0.9675944282975256,intraday_momentum,0.0730655209130026,False,False,False,False,False
volatility_5d__ts_rank__w20,570.0,0.004904486993371296,0.12151680092353646,0.04036056706642078,0.9635953316284479,volatility_5d,0.07251450489339449,False,False,False,False,False
eightk_days_since_last__ts_max__w5,579.0,0.0035480284434905346,0.08861369349071316,0.040039279525826026,0.9634419136431874,eightk_days_since_last,0.07248932678406352,False,False,False,False,False
vol_surge_eod__ts_delta__w20,559.0,0.004192235531203067,0.10313312457688849,0.0406487784443847,0.9610664194854365,vol_surge_eod,0.07217135648116403,False,False,False,False,False
vwap__ts_mean__w20,570.0,0.006249663308003577,0.15525887529495244,0.04025317906065469,0.9610314781310776,vwap,0.07216148625544383,False,False,False,False,False
rsi_above_70__ts_rank__w20,570.0,-0.004711590335900574,0.11766532759689513,-0.040042299903688024,-0.955996807263931,rsi_above_70,0.07147209324776692,False,False,False,False,False
return_5d__ts_max__w10,579.0,0.008073118121348269,0.20331915907177958,0.039706627541667844,0.9554375022753994,return_5d,0.07139185005964344,False,False,False,False,False
eightk_exec_change_30d__ts_decay_linear__w10,570.0,0.0031550729516966244,0.07894436300929329,0.03996577882736492,0.9541698916065078,eightk_exec_change_30d,0.07122318857807369,False,False,False,False,False
vol_x_short__ts_argmax__w20,578.0,0.004793078198082152,0.12096985749805389,0.039622086833980615,0.9525795736923771,vol_x_short,0.07100353951132768,False,False,False,False,False
return_5d__ts_delta__w5,574.0,-0.0069508389427288975,0.17496524357204665,-0.03972696977309498,-0.9517905447630159,return_5d,0.07089824621198254,False,False,False,False,False
volume_zscore__ts_delta__w10,569.0,-0.004086589067675386,0.10244817892669894,-0.039889328541401564,-0.9515089092669201,volume_zscore,0.07086228551546873,False,False,False,False,False
insider_90d__ts_argmax__w10,561.0,-0.00470099370060349,0.1175906990708049,-0.039977598039219756,-0.9468869423203725,insider_90d,0.07024159396207977,False,False,False,False,False
macd_signal__ts_argmax__w10,578.0,0.005644935272815954,0.1434625626885654,0.03934779336871473,0.9459851115353386,macd_signal,0.07011274116277474,False,False,False,False,False
premarket_gap__ts_std__w20,570.0,0.009831281031486486,0.24847144679289956,0.039567045462897146,0.9446502630063112,premarket_gap,0.06993695777210071,False,False,False,False,False
return_1d__ts_std__w10,575.0,0.010154238199761717,0.25873547875492986,0.03924563515071565,0.9410772710411592,return_1d,0.06945666107513433,False,False,False,False,False
volatility_10d__ts_mean__w5,578.0,0.01013869578753313,0.2594460317599824,0.03907824574828186,0.9395047472264719,volatility_10d,0.0692457531376891,False,False,False,False,False
volume_spike__ts_argmax__w10,578.0,0.003782131973389588,0.09682824256234389,0.039060215008595474,0.9390712588442022,volume_spike,0.06918805403911915,False,False,False,False,False
volatility_5d__ts_std__w20,570.0,0.008666795311345721,0.2203488371928498,0.03933215814413635,0.9390424051324574,volatility_5d,0.06918766774731981,False,False,False,False,False
eps_surprise__ts_argmax__w10,446.0,-0.0037448486415279708,0.08453929351576456,-0.04429713670164095,-0.9354984760564198,eps_surprise,0.06878637490229549,False,False,False,False,False
rsi_above_70__ts_delta__w5,569.0,-0.004146233168576203,0.10592916597491993,-0.03914156342510878,-0.9336719288962648,rsi_above_70,0.06847634178127089,False,False,False,False,False
eightk_material_agreement_30d__group_neutralize,579.0,0.004168518153406086,0.10771844911223474,0.038698274880125644,0.9311740982039852,eightk_material_agreement_30d,0.06814296048615445,False,False,False,False,False
vol_surge_eod__ts_decay_linear__w5,575.0,0.0044059389693634045,0.11347507263111416,0.03882737298337118,0.9310476966053607,vol_surge_eod,0.06812802772883755,False,False,False,False,False
rsi_below_30__ts_min__w5,366.0,0.004978612579185244,0.1024431788915983,0.04859877088013281,0.9297492319802314,rsi_below_30,0.06809687588135162,False,False,False,False,False
volatility_10d__ts_max__w5,579.0,0.009906348663230749,0.2566793287474237,0.038594259660772075,0.9286712404310979,volatility_10d,0.06781442516763948,False,False,False,False,False
vol_10d_self_rank__ts_argmax__w20,578.0,0.004271500151684126,0.11069065992734614,0.03858952647393921,0.9277551389850074,vol_10d_self_rank,0.06769489813803913,False,False,False,False,False
eightk_other_events_30d__ts_std__w5,576.0,0.00310549479854552,0.08076217501328005,0.038452342300524606,0.9228562152125905,eightk_other_events_30d,0.06705709331647826,False,False,False,False,False
bb_lower__ts_rank__w5,578.0,0.004686379345269304,0.12228560158127881,0.038323230901018523,0.9213529592009934,bb_lower,0.06686122695318558,False,False,False,False,False
volume_zscore__ts_rank__w5,578.0,-0.003976026105213664,0.10375164799642284,-0.038322534456038226,-0.9213362155280714,volume_zscore,0.06685905710539654,False,False,False,False,False
rsi_above_70__ts_delta__w20,557.0,0.004547040475547873,0.11657912347213464,0.039003900013322115,0.9205250938735025,rsi_above_70,0.06676303440571864,False,False,False,False,False
volume_spike__ts_argmax__w5,578.0,0.0037524876656023797,0.09858428727647912,0.03806375000793532,0.9151146154320192,volume_spike,0.06605655077874859,False,False,False,False,False
high_52w_ratio__ts_rank__w5,346.0,-0.0078047990015653644,0.15935823091998366,-0.04897644104422996,-0.9110144647403745,high_52w_ratio,0.06569019920937481,False,False,False,False,False
ma_10__ts_argmax__w10,578.0,-0.0060355895736504414,0.15938518539685342,-0.03786794587352907,-0.9104071647704365,ma_10,0.0654543243054441,False,False,False,False,False
is_squeeze_setup__group_neutralize,579.0,0.004602086992807396,0.12182896551703595,0.03777498210935611,0.9089574408500648,is_squeeze_setup,0.06526931396104431,False,False,False,False,False
vol_zscore_60d__ts_delta__w20,559.0,0.004507363137573583,0.11852524070776156,0.0380287195424225,0.8991198930677993,vol_zscore_60d,0.06403556629781591,False,False,False,False,False
volume_zscore__ts_std__w10,575.0,0.003950020255886332,0.10547695104862437,0.03744913193466686,0.897998637264862,volume_zscore,0.06388850231732526,False,False,False,False,False
return_1d__ts_min__w10,579.0,-0.008444606866119647,0.2275288290635634,-0.03711444787403414,-0.8930633894275121,return_1d,0.06327181207782849,False,False,False,False,False
vol_zscore_60d__ts_argmax__w20,578.0,-0.004076947447827821,0.11030122518334137,-0.036961941638011434,-0.8886253456540159,vol_zscore_60d,0.06272303619428907,False,False,False,False,False
rsi_below_30__ts_max__w5,576.0,-0.004389607382669024,0.11879201686838538,-0.03695204019923707,-0.8868489647816897,rsi_below_30,0.06250505721643473,False,False,False,False,False
eightk_exec_change_30d__ts_delta__w20,559.0,0.00302595893580842,0.08083741340208211,0.037432654119663865,0.8850270104879822,eightk_exec_change_30d,0.062288219488161024,False,False,False,False,False
return_20d__ts_std__w5,577.0,0.008101599725892323,0.22021067353556317,0.03679022272543908,0.8837314760062233,return_20d,0.062122164952159116,False,False,False,False,False
insider_21d__ts_delta__w10,569.0,-0.003520325247531487,0.09517589614833742,-0.0369875713284049,-0.8822912026356803,insider_21d,0.061949254247047454,False,False,False,False,False
volatility_5d__ts_mean__w10,575.0,0.009601067958567598,0.26102205439482185,0.0367825928764051,0.8820155921292072,volatility_5d,0.06191320452787399,False,False,False,False,False
volume_spike__ts_rank__w5,578.0,0.00333691959284717,0.09113119610464852,0.03661665527812552,0.8803240985521132,volume_spike,0.06170580149626485,False,False,False,False,False
sector_rel_ret__ts_decay_linear__w20,560.0,0.005885164606763532,0.15838724784176075,0.037156808309739664,0.8792905697830345,sector_rel_ret,0.06158729325630462,False,False,False,False,False
return_5d__ts_delta__w10,569.0,-0.006480489154619436,0.17599114218415746,-0.03682281434277096,-0.8783611354867198,return_5d,0.061470707537689386,False,False,False,False,False
post_earnings_5d__ts_delta__w10,487.0,-0.0034325969838063766,0.0862993743660735,-0.039775456184023256,-0.8777678095220648,post_earnings_5d,0.06143712430739388,False,False,False,False,False
sector_rel_ret__ts_std__w20,570.0,-0.008674518559163376,0.2368287354630757,-0.036627812677384464,-0.87447704204962,sector_rel_ret,0.06100020209202963,False,False,False,False,False
volatility_5d__ts_decay_linear__w10,570.0,0.009563272131074609,0.2613353835171196,0.036593866480572224,0.8736665877088525,volatility_5d,0.06090246533768636,False,False,False,False,False
volatility_5d__ts_argmax__w5,578.0,-0.004175204801799442,0.11511281610560399,-0.03627054695603248,-0.8720030901384923,volatility_5d,0.06069911590340503,False,False,False,False,False
sector_rel_ret__ts_delta__w10,569.0,-0.0054770232646765725,0.1505579910041203,-0.036378163843370385,-0.867754566583197,sector_rel_ret,0.0601935984342932,False,False,False,False,False
vol_zscore_60d__ts_min__w5,579.0,0.004225652016673825,0.11732612036709958,0.036016293758391216,0.8666391451558906,vol_zscore_60d,0.06005663694689274,False,False,False,False,False
return_3d__ts_rank__w5,578.0,-0.005466876098804022,0.15203382625162104,-0.03595828792571569,-0.8644958738924852,return_3d,0.05980194706300209,False,False,False,False,False
rev_growth_qoq__ts_mean__w10,575.0,0.003900790837723669,0.10820882935240914,0.03604872967454224,0.8644181707427417,rev_growth_qoq,0.05979386320133438,False,False,False,False,False
volume_zscore__ts_min__w10,579.0,0.004085400693341881,0.11394140167284318,0.03585527853231242,0.8627647293478093,volume_zscore,0.05959616447656873,False,False,False,False,False
obv_trend__ts_max__w20,579.0,0.00433133884638729,0.1208507389229907,0.03584040019107648,0.8624067204694792,obv_trend,0.05955375530552133,False,False,False,False,False
bb_lower__ts_delta__w20,559.0,0.005978519355442426,0.1641500831779667,0.03642105590017089,0.8611096108520712,bb_lower,0.059408116371781935,False,False,False,False,False
volatility_10d__ts_decay_linear__w5,575.0,0.00933524119950366,0.26002602364131877,0.03590118046177078,0.860880064913495,volatility_10d,0.059374694696524975,False,False,False,False,False
rsi_below_30__ts_std__w5,564.0,-0.003983196601856891,0.11024776199604933,-0.03612950076936371,-0.8580281031386485,rsi_below_30,0.059042765324199546,False,False,False,False,False
insider_net_shares__ts_rank__w5,578.0,0.0032752605064042973,0.09181299873791139,0.03567316775867248,0.8576411201711291,insider_net_shares,0.058991855728997726,False,False,False,False,False
intraday_momentum__ts_rank__w20,570.0,-0.004546295568455032,0.12658392641163846,-0.03591526742242871,-0.8574652572518635,intraday_momentum,0.058974240417762544,False,False,False,False,False
vwap__ts_max__w5,579.0,0.005497264575309116,0.1551837267069019,0.03542423353250107,0.8523927440273266,vwap,0.058377071093116566,False,False,False,False,False
volatility_10d__ts_min__w5,579.0,0.009077477989306143,0.2570862384510235,0.03530907777872155,0.8496218180490804,volatility_10d,0.05805472178566428,False,False,False,False,False
vwap_dev_eod__ts_delta__w5,574.0,-0.006238722434743639,0.1759309564703354,-0.035461197732961684,-0.849589910858564,vwap_dev_eod,0.05805288739703738,False,False,False,False,False
ma5_above_ma20__ts_decay_linear__w5,575.0,0.005669556230397526,0.16008494176432325,0.035415924620469524,0.8492440386105741,ma5_above_ma20,0.05801237426629687,False,False,False,False,False
macd_signal__ts_delta__w10,569.0,0.005319212173116325,0.1495789847163783,0.03556122662018506,0.8482675740817859,macd_signal,0.05790145231700198,False,False,False,False,False
vwap__scale,579.0,0.005467915033280573,0.15533122171544295,0.03520164827710845,0.847036804386457,vwap,0.05775526278048309,False,False,False,False,False
vwap__cs_rank,579.0,0.005467915033280573,0.15533122171544295,0.03520164827710845,0.847036804386457,vwap,0.05775526278048309,False,False,False,False,False
vwap__cs_zscore,579.0,0.005467915033280573,0.15533122171544295,0.03520164827710845,0.847036804386457,vwap,0.05775526278048309,False,False,False,False,False
vwap__cs_demean,579.0,0.005467915033280573,0.15533122171544295,0.03520164827710845,0.847036804386457,vwap,0.05775526278048309,False,False,False,False,False
vwap__signed_power_p05,579.0,0.005467915033280573,0.15533122171544295,0.03520164827710845,0.847036804386457,vwap,0.05775526278048309,False,False,False,False,False
vwap__ts_max__w10,579.0,0.005450539950435094,0.15497056017873398,0.03517145414037841,0.8463102604222174,vwap,0.05767131583053767,False,False,False,False,False
rsi_below_30__ts_mean__w5,575.0,-0.004231842047681865,0.11995034626158721,-0.03527994857516361,-0.8459834475881065,rsi_below_30,0.057635070709430386,False,False,False,False,False
bb_width__ts_min__w20,579.0,0.008975193819607997,0.25616797719734496,0.03503636136648629,0.8430596015157793,bb_width,0.05729689986685238,False,False,False,False,False
vwap__ts_mean__w5,578.0,0.005436831108205003,0.1554423657546764,0.03497650773525646,0.8408922772620014,vwap,0.05704869493584898,False,False,False,False,False
beta_60d__ts_std__w20,538.0,0.00699723954284009,0.1935781282772071,0.03614684987975463,0.8384199298987831,beta_60d,0.05678188401707752,False,False,False,False,False
insider_21d__ts_argmax__w10,578.0,-0.004157697110991154,0.11941761707132967,-0.0348164467936729,-0.837044151237309,insider_21d,0.05660944234054849,False,False,False,False,False
bb_width__ts_argmax__w5,578.0,-0.003578028438865844,0.1028943655645573,-0.03477380339763056,-0.8360189344638207,bb_width,0.05649286742100337,False,False,False,False,False
vwap__ts_min__w5,579.0,0.005394517477567122,0.15534831336995575,0.03472530445000903,0.8355748197112142,vwap,0.056442063752551265,False,False,False,False,False
vwap__ts_max__w20,579.0,0.005351707711318479,0.15459124845257444,0.03461843904417576,0.8330033795575058,vwap,0.05615071054462608,False,False,False,False,False
post_earnings_1d__ts_max__w5,408.0,0.0038027185707860656,0.09226341657686653,0.04121588720506511,0.8325201127330589,post_earnings_1d,0.05618370684569871,False,False,False,False,False
return_60d__ts_argmax__w5,534.0,0.00483011265569845,0.13476625329908157,0.035840668842957044,0.8282219461116769,return_60d,0.05562960077095864,False,False,False,False,False
ma20_above_ma50__ts_std__w10,549.0,-0.003322548981200954,0.09489052471984953,-0.035014549566569436,-0.8204171232129492,ma20_above_ma50,0.05475291622024988,False,False,False,False,False
post_earnings_1d__ts_decay_linear__w5,404.0,0.0037672571622389944,0.09249189881653884,0.040730671663596084,0.8186763683677074,post_earnings_1d,0.05463765901624292,False,False,False,False,False
return_3d__ts_max__w5,579.0,0.00640396703689686,0.18925474813320908,0.03383781437488351,0.8142196618151598,return_3d,0.05405827212058119,False,False,False,False,False
eightk_filings_30d__ts_decay_linear__w10,570.0,-0.0031345530745531644,0.09214052581472662,-0.03401926618973316,-0.8121988482447605,eightk_filings_30d,0.05384008142260706,False,False,False,False,False
return_5d__ts_std__w5,578.0,0.00766502736858087,0.2283262020899716,0.033570511392995876,0.8070898326321796,return_5d,0.053280730539317846,False,False,False,False,False
vwap__ts_decay_linear__w5,575.0,0.005238796642105297,0.15574836445039922,0.0336362867153811,0.8065698207840477,vwap,0.053225391999683895,False,False,False,False,False
rsi_above_70__ts_delta__w10,562.0,0.0035790501266838885,0.1053855583273718,0.033961485648402186,0.8051092902115865,rsi_above_70,0.05307193223085261,False,False,False,False,False
return_20d__ts_delta__w20,558.0,-0.0058635340047962165,0.17203967070562634,-0.034082453080424645,-0.8050965117627052,return_20d,0.05307202770560463,False,False,False,False,False
low_52w_ratio__group_neutralize,347.0,0.006045249758880011,0.1406746340623673,0.042973275169138764,0.8005034199993113,low_52w_ratio,0.05270257324924484,False,False,False,False,False
vwap__ts_min__w10,579.0,0.005151986943666252,0.1553307546613928,0.03316784853648026,0.7980986632090176,vwap,0.05231209560149659,False,False,False,False,False
insider_90d__ts_argmax__w5,547.0,-0.0036405099718773474,0.10697747766214193,-0.03403062075715477,-0.7959092175412716,insider_90d,0.052089966190460454,False,False,False,False,False
vwap__ts_mean__w10,575.0,0.005144440738952505,0.15563777483595134,0.033053934010396635,0.792605493482793,vwap,0.05172879257393794,False,False,False,False,False
insider_7d__ts_rank__w5,578.0,-0.003089109408472667,0.09433801556918792,-0.032745117541794176,-0.7872460185948099,insider_7d,0.05116234618161343,False,False,False,False,False
eightk_days_since_last__ts_std__w10,575.0,-0.002854119695005229,0.08722075358756318,-0.032722942391685536,-0.784668593287958,eightk_days_since_last,0.05089319751062933,False,False,False,False,False
volume_zscore__ts_delta__w5,574.0,-0.0034341324814940112,0.10488878087116142,-0.032740703562111916,-0.7844115032506588,volume_zscore,0.05086665125006064,False,False,False,False,False
volume_zscore__ts_rank__w20,570.0,-0.003458881754527183,0.10547991775437898,-0.03279185107615983,-0.7828947140520209,volume_zscore,0.050709625708871005,False,False,False,False,False
intraday_momentum__ts_delta__w5,574.0,-0.004441294257640455,0.13601633130590993,-0.032652654390829615,-0.7823019950455435,intraday_momentum,0.050646471468423715,False,False,False,False,False
volatility_5d__ts_decay_linear__w20,560.0,0.008861749815734916,0.2686143443406022,0.032990605313684376,0.7807002125140277,volatility_5d,0.050484642463175,False,False,False,False,False
eightk_exec_change_30d__ts_mean__w10,575.0,0.0025700329144566466,0.0789526629002836,0.03255156723089342,0.78055916129576,eightk_exec_change_30d,0.05046479929328134,False,False,False,False,False
return_3d__ts_argmax__w20,578.0,0.004091512413419447,0.12626734544923435,0.03240356719991738,0.7790345914576493,return_3d,0.05030559696659012,False,False,False,False,False
eightk_days_since_last__ts_decay_linear__w10,570.0,0.0028156788737133676,0.08657119219839629,0.03252443222984201,0.7765101766029496,eightk_days_since_last,0.05004720454342854,False,False,False,False,False
rev_growth_qoq__ts_delta__w10,338.0,0.003553236687899575,0.08446015038837237,0.042069978227137386,0.7734471391082606,rev_growth_qoq,0.049864503453294094,False,False,False,False,False
volume_spike__ts_delta__w20,559.0,-0.003200101199484343,0.0982974437559352,-0.03255528401562447,-0.7697104671185963,volume_spike,0.0493530898463805,False,False,False,False,False
return_20d__ts_argmax__w5,574.0,0.004321822128960831,0.13456327757601894,0.032117396416115836,0.7694781254614455,return_20d,0.04932426939748808,False,False,False,False,False
vol_surge_eod__ts_std__w5,578.0,-0.003440291148327861,0.10750456772843106,-0.03200134860333036,-0.7693646005540046,vol_surge_eod,0.04931137101624582,False,False,False,False,False
vwap__ts_min__w20,579.0,0.0049541115754509184,0.15538584955316487,0.031882643044377615,0.7671735103741011,vwap,0.049087962120308214,False,False,False,False,False
vwap_dev_eod__ts_delta__w10,569.0,-0.005694227805586741,0.1778489959215195,-0.0320172052480941,-0.7637294774658725,vwap_dev_eod,0.04874223067246979,False,False,False,False,False
rev_growth_qoq__ts_mean__w20,570.0,0.003381549817164407,0.10655159422852234,0.03173626675084712,0.757692983701266,rev_growth_qoq,0.048134916833790245,False,False,False,False,False
eightk_material_agreement_30d__ts_rank__w5,550.0,-0.00275771011539979,0.08547022826644925,-0.03226515444422079,-0.7566849444915509,eightk_material_agreement_30d,0.04804097790099545,False,False,False,False,False
volatility_5d__ts_min__w5,579.0,0.0075981350615073615,0.2433447178699192,0.031223751754369172,0.751318992189799,volatility_5d,0.04749768879220232,False,False,False,False,False
ma20_above_ma50__ts_rank__w10,549.0,0.003338419319461213,0.10417336350222396,0.03204676519242793,0.7508797123740507,ma20_above_ma50,0.04746422828821507,False,False,False,False,False
return_1d__ts_max__w20,579.0,0.007507590698475566,0.2409686145830959,0.031155886053727714,0.7496859792767029,return_1d,0.04733626281425985,False,False,False,False,False
rsi_14__ts_std__w20,570.0,0.004027480377875604,0.12832445886259522,0.03138513431946806,0.7493098118022341,rsi_14,0.04730202403664089,False,False,False,False,False
sector_rel_ret__group_neutralize,579.0,-0.003626601629603425,0.11684442713730062,-0.03103786563429257,-0.7468461225136404,sector_rel_ret,0.047056585792869705,False,False,False,False,False
rev_x_low52w__ts_argmax__w5,423.0,-0.003570681590723558,0.09870413328651405,-0.03617560351154434,-0.7440223279086094,rev_x_low52w,0.04684660830575156,False,False,False,False,False
return_3d__ts_mean__w10,575.0,0.00564058788942787,0.18219978907828485,0.030958256965952398,0.7423529233206505,return_3d,0.04661804709663106,False,False,False,False,False
volatility_5d__ts_max__w20,579.0,0.007706588750106044,0.25099666365270384,0.03070394896072964,0.7388112796597042,volatility_5d,0.046272464868671814,False,False,False,False,False
return_5d__ts_mean__w5,578.0,0.005550056951427181,0.18074500882435737,0.0307065571963902,0.7382357038956431,return_5d,0.04621700974745962,False,False,False,False,False
return_1d__ts_argmax__w5,578.0,-0.00398220991967798,0.1297795415305035,-0.030684419691388708,-0.7377034821788695,return_1d,0.046165492603143725,False,False,False,False,False
volume_zscore__ts_min__w5,579.0,0.0033826053345694315,0.11062981009637413,0.030575893889926292,0.7357299649125966,volume_zscore,0.04597455683705228,False,False,False,False,False
rsi_14__ts_argmax__w20,578.0,0.004332400830667648,0.14192003477316023,0.030527055870528765,0.7339201993341907,rsi_14,0.04580061246294693,False,False,False,False,False
return_60d__ts_delta__w10,528.0,-0.0050043139949090465,0.15764930576163672,-0.03174333036693159,-0.729406199610366,return_60d,0.04538505624394715,False,False,False,False,False
return_5d__ts_mean__w10,575.0,0.005623198601958832,0.18503552019928646,0.030389833237978038,0.7287226011545587,return_5d,0.04530403414874314,False,False,False,False,False
post_earnings_3d__ts_delta__w10,438.0,-0.0030627020452864877,0.08845540516205157,-0.034624249808992154,-0.7246318648651506,post_earnings_3d,0.04497076799767155,False,False,False,False,False
return_5d__ts_decay_linear__w10,570.0,0.005499870277277228,0.18253099817589555,0.030131157623853516,0.7193715285299374,return_5d,0.0444214477034023,False,False,False,False,False
post_earnings_3d__ts_delta__w5,421.0,-0.003036929486244168,0.08759207262082543,-0.034671282404637654,-0.7113952373526826,post_earnings_3d,0.04373998166114166,False,False,False,False,False
is_squeeze_setup__ts_min__w5,579.0,-0.004787632246488804,0.16342519031235578,-0.02929555864269252,-0.7049220019495247,is_squeeze_setup,0.043079961960855694,False,False,False,False,False
eightk_exec_change_30d__ts_mean__w20,570.0,0.002321816916931064,0.0787192304803897,0.029494913793770738,0.7041814152831083,eightk_exec_change_30d,0.043014908223644295,False,False,False,False,False
low_52w_ratio__ts_argmax__w5,343.0,-0.00548593673960464,0.1443415081879757,-0.038006646933883455,-0.7038929516814382,low_52w_ratio,0.04310245028806689,False,False,False,False,False
eightk_other_events_30d__ts_argmax__w20,577.0,0.0025865585069971535,0.08962066755079637,0.02886118322574545,0.6932694113248176,eightk_other_events_30d,0.042024839173115044,False,False,False,False,False
obv_trend__ts_decay_linear__w10,570.0,0.0040019653968217895,0.1381183213432118,0.028974906137740116,0.6917664026561167,obv_trend,0.04189224944313213,False,False,False,False,False
vwap_dev_eod__ts_argmax__w5,578.0,0.004258369279069157,0.14821721639201604,0.02873059812300281,0.6907304258509065,vwap_dev_eod,0.04179732474908243,False,False,False,False,False
is_squeeze_setup__ts_delta__w5,574.0,0.002888958315789813,0.10031629621958676,0.028798494608154642,0.689962889895865,is_squeeze_setup,0.04172998415952023,False,False,False,False,False
vol_zscore_60d__ts_std__w20,570.0,0.0029552898112208295,0.1027285414302565,0.028767952606697983,0.6868254548233461,vol_zscore_60d,0.041452104545715275,False,False,False,False,False
eightk_exec_change_30d__ts_decay_linear__w20,560.0,0.0022800021095636773,0.07872159928986447,0.02896285301786585,0.6853861967995275,eightk_exec_change_30d,0.04132757568546693,False,False,False,False,False
vwap__ts_decay_linear__w20,560.0,0.004484003051708702,0.1552448996872336,0.028883416207182742,0.6835063787606624,vwap,0.04116151271785586,False,False,False,False,False
eightk_filings_30d__ts_mean__w10,575.0,-0.0026144470046414493,0.09252051928906907,-0.028258023460427505,-0.6776035984901431,eightk_filings_30d,0.04063921200421071,False,False,False,False,False
vol_10d_self_rank__ts_min__w20,579.0,0.003182389683838269,0.11336626732207761,0.028071751491975883,0.6754742417205691,vol_10d_self_rank,0.0404525706800351,False,False,False,False,False
rev_growth_qoq__ts_min__w5,579.0,0.003064111026795329,0.10936092289757554,0.02801833548593122,0.6741889234108416,rev_growth_qoq,0.04034092324172664,False,False,False,False,False
post_earnings_1d__ts_delta__w5,344.0,-0.003128116432478579,0.0864362688653266,-0.036189859575641685,-0.6712219022201261,post_earnings_1d,0.040193603677502354,False,False,False,False,False
insider_net_shares__signed_power_p05,579.0,-0.002718612692388607,0.09843722532708594,-0.02761772981059996,-0.6645493818649324,insider_net_shares,0.03951155298069158,False,False,False,False,False
insider_net_shares__scale,579.0,-0.002718612692388607,0.09843722532708594,-0.02761772981059996,-0.6645493818649324,insider_net_shares,0.03951155298069158,False,False,False,False,False
insider_net_shares__cs_rank,579.0,-0.002718612692388607,0.09843722532708594,-0.02761772981059996,-0.6645493818649324,insider_net_shares,0.03951155298069158,False,False,False,False,False
insider_net_shares__cs_zscore,579.0,-0.002718612692388607,0.09843722532708594,-0.02761772981059996,-0.6645493818649324,insider_net_shares,0.03951155298069158,False,False,False,False,False
insider_net_shares__cs_demean,579.0,-0.002718612692388607,0.09843722532708594,-0.02761772981059996,-0.6645493818649324,insider_net_shares,0.03951155298069158,False,False,False,False,False
volatility_10d__ts_min__w10,579.0,0.007289164438789045,0.2642981192830833,0.02757932768708732,0.6636253338849701,volatility_10d,0.039432783383771985,False,False,False,False,False
premarket_gap__ts_rank__w20,570.0,-0.0043486500670979825,0.15653052346059876,-0.027781482939923902,-0.6632738143289928,premarket_gap,0.039405344315868715,False,False,False,False,False
return_1d__group_neutralize,579.0,-0.0033551043711631096,0.12216343520687681,-0.027464063739542292,-0.6608518045030237,return_1d,0.03919712355718015,False,False,False,False,False
eps_surprise__ts_rank__w5,344.0,0.0031981018170079184,0.08976126051266853,0.035628976228075045,0.660819065848507,eps_surprise,0.039301850181874834,False,False,False,False,False
sector_rel_ret__ts_decay_linear__w5,575.0,-0.0040966229444024775,0.15025613785767833,-0.027264263562283047,-0.6537740732595169,sector_rel_ret,0.038602019510386124,False,False,False,False,False
sector_rel_ret__ts_max__w20,579.0,-0.005823398644299913,0.21561466304602472,-0.027008360943693615,-0.6498864929668405,sector_rel_ret,0.038276631301140195,False,False,False,False,False
eightk_filings_30d__ts_min__w5,579.0,-0.0025098920527149085,0.09317141674299187,-0.02693843391518136,-0.6482038795191691,eightk_filings_30d,0.038136955734561266,False,False,False,False,False
eightk_material_agreement_30d__ts_min__w10,575.0,0.0026172747564729157,0.09736911141468987,0.026879928536331008,0.6445580430946469,eightk_material_agreement_30d,0.03783680016219486,False,False,False,False,False
obv__ts_delta__w10,569.0,0.0034947765671724026,0.12953494176513317,0.02697941203778801,0.6435593643571643,obv,0.03775624690014468,False,False,False,False,False
eps_surprise__ts_delta__w10,480.0,-0.0023141841247590537,0.07900982949705232,-0.029289825576011282,-0.641707926934925,eps_surprise,0.03763298389691552,False,False,False,False,False
rsi_below_30__ts_delta__w10,551.0,0.0026970432555366236,0.09872796856391323,0.02731792515097327,0.6412442888941405,rsi_below_30,0.03757136291907926,False,False,False,False,False
risk_prev_1d__ts_mean__w20,487.0,0.0019601362569407242,0.06772370531204061,0.028943133691656284,0.6387192881884297,risk_prev_1d,0.03738596826131837,False,False,False,False,False
ma5_above_ma20__ts_min__w5,579.0,0.00396962406772685,0.1496970184224399,0.026517722995154824,0.6380805571547019,ma5_above_ma20,0.03730536008612638,False,False,False,False,False
return_1d__ts_decay_linear__w20,560.0,0.004809634174615808,0.18010326121472026,0.026704869985012272,0.6319525657145394,return_1d,0.03681427820506375,False,False,False,False,False
rsi_below_30__ts_decay_linear__w5,572.0,-0.003142627319279543,0.11957556285536314,-0.026281518098148694,-0.6285624922844009,rsi_below_30,0.03653887506714882,False,False,False,False,False
insider_7d__ts_delta__w5,574.0,-0.002428844946925986,0.09308362034587682,-0.02609315084545455,-0.6251474602676175,insider_7d,0.0362658566354754,False,False,False,False,False
intraday_momentum__ts_delta__w20,559.0,0.003989598482365966,0.15217024934070164,0.026217992673676003,0.6198767419163612,intraday_momentum,0.035852520668591,False,False,False,False,False
vol_10d_self_rank__ts_std__w10,575.0,-0.002829969327403977,0.10970602259003621,-0.025795934084488468,-0.6185647692784342,vol_10d_self_rank,0.03574504567139528,False,False,False,False,False
rsi_14__ts_argmax__w5,578.0,0.0037320763469191063,0.14688928885616392,0.02540740973001516,0.6108355582242787,rsi_14,0.035140910139448235,False,False,False,False,False
volatility_10d__ts_argmax__w20,578.0,0.003067239590149305,0.12096082397662809,0.025357297423353808,0.609630776661,volatility_10d,0.035047617534102384,False,False,False,False,False
eightk_exec_change_30d__ts_max__w5,579.0,-0.001973079491857364,0.07822481706448213,-0.02522319087344006,-0.6069309830517768,eightk_exec_change_30d,0.034839048997383215,False,False,False,False,False
rsi_14__group_neutralize,579.0,0.002506889929130555,0.0994030409137898,0.02521944908410527,0.6068409465496256,rsi_14,0.03483211921106126,False,False,False,False,False
volatility_10d__ts_max__w10,579.0,0.006421130471913151,0.25651568760075616,0.025032116093839332,0.602333261676977,volatility_10d,0.03448662324771729,False,False,False,False,False
return_20d__ts_std__w20,569.0,0.005795407366079924,0.23152537284481048,0.025031413597871786,0.5970923532894162,return_20d,0.03409094415978895,False,False,False,False,False
eightk_filings_30d__ts_min__w20,579.0,-0.0022215574706292,0.08977177030620777,-0.024746726761113877,-0.5954661040230284,eightk_filings_30d,0.03396570065570841,False,False,False,False,False
volume_zscore__ts_delta__w20,559.0,0.002574833208912669,0.10291079713056718,0.025020049214523835,0.5915535480814327,volume_zscore,0.033676790168041495,False,False,False,False,False
low_52w_ratio__ts_delta__w10,337.0,0.00564401540063519,0.1756081040830737,0.03213983449172263,0.5900089320589511,low_52w_ratio,0.03365614270676917,False,False,False,False,False
obv_trend__group_neutralize,579.0,-0.002346630513497689,0.0957054646950943,-0.02451929491146364,-0.5899935436012281,obv_trend,0.0335552183009421,False,False,False,False,False
volume_zscore__ts_std__w5,578.0,-0.0024535141760893423,0.10018006042172675,-0.02449104308542852,-0.588804609897306,volume_zscore,0.03346682129894724,False,False,False,False,False
obv_trend__ts_min__w5,579.0,0.0031270293604279756,0.1278701943829716,0.024454716562504895,0.5884396323211663,obv_trend,0.03343941091781885,False,False,False,False,False
eightk_reg_fd_30d__ts_std__w10,575.0,0.002192209485432003,0.08946070961560908,0.02450471827075142,0.587602501763834,eightk_reg_fd_30d,0.03337812027919437,False,False,False,False,False
premarket_gap__ts_min__w10,579.0,-0.005630475574620172,0.230580573261927,-0.024418690156625893,-0.5875727498539289,premarket_gap,0.03337494847362214,False,False,False,False,False
eightk_days_since_last__ts_std__w20,570.0,-0.0021749526430299856,0.08849729464767793,-0.024576487356916667,-0.5867555935469814,eightk_days_since_last,0.03331645569289606,False,False,False,False,False
eightk_other_events_30d__ts_delta__w5,574.0,-0.0020105768644154303,0.08250548852815295,-0.02436900744766054,-0.5838399204978136,eightk_other_events_30d,0.03309973440704414,False,False,False,False,False
sector_rel_ret__ts_mean__w10,575.0,0.0037636692504578167,0.1554850519761588,0.024205987666485886,0.5804391935192595,sector_rel_ret,0.032849314972805854,False,False,False,False,False
premarket_gap__ts_delta__w20,559.0,-0.004788991069157755,0.19508792297031546,-0.024547860248050554,-0.5803894989587783,premarket_gap,0.032849601907078745,False,False,False,False,False
return_5d__ts_min__w10,579.0,0.004903255363449524,0.20447174213994232,0.023980112421078174,0.5770195086912141,return_5d,0.03259837296092273,False,False,False,False,False
ma_5__ts_argmax__w5,578.0,0.003681599811442697,0.15422830198564896,0.023871103837901763,0.573900259538411,ma_5,0.032371947011596125,False,False,False,False,False
return_3d__ts_decay_linear__w10,570.0,0.004335465024118202,0.1807763123729663,0.02398248402796017,0.5725739584422941,return_3d,0.03227785701265602,False,False,False,False,False
premarket_gap__ts_rank__w10,575.0,-0.003684521778060439,0.1543372818097157,-0.023873180445170276,-0.572458756703402,premarket_gap,0.03226834317492328,False,False,False,False,False
obv__ts_rank__w20,570.0,-0.0032390813406154607,0.13631669705680133,-0.023761442365829766,-0.5672966610898132,obv,0.031898259734199956,False,False,False,False,False
volatility_10d__ts_mean__w10,575.0,0.006204760745074917,0.2625689523813087,0.023630976506560535,0.5666509102841265,volatility_10d,0.031850889680925774,False,False,False,False,False
bb_pct__ts_max__w10,579.0,0.0036160273685208687,0.15412309950043412,0.023461942954960385,0.5645510979720357,bb_pct,0.03170014091604408,False,False,False,False,False
vol_zscore_60d__ts_delta__w5,574.0,0.002761719518065169,0.11728360319780681,0.023547362485166323,0.5641547063744905,vol_zscore_60d,0.031673077420432176,False,False,False,False,False
eightk_exec_change_30d__ts_argmax__w20,577.0,-0.0018230313370643945,0.07787657945445835,-0.023409237409181407,-0.5623091787778538,eightk_exec_change_30d,0.03154127947597689,False,False,False,False,False
obv__ts_argmax__w20,578.0,-0.003082438185748097,0.1325230941385194,-0.02325963037450806,-0.5591994404340463,obv,0.03132115611986589,False,False,False,False,False
return_60d__ts_delta__w5,533.0,-0.0040871400662392055,0.1704770576054631,-0.02397472201624994,-0.55349943869727,return_60d,0.03093238445155579,False,False,False,False,False
volatility_10d__ts_decay_linear__w20,560.0,0.006153646115116504,0.26838754181587826,0.022928210726480314,0.5425804957663118,volatility_10d,0.030171504062437307,False,False,False,False,False
volume_zscore__group_neutralize,579.0,-0.001929531277877144,0.08607332266272323,-0.022417297464372064,-0.5394144006475508,volume_zscore,0.029951426311131877,False,False,False,False,False
vol_10d_self_rank__ts_delta__w5,574.0,0.002601069008130561,0.1155721145779317,0.022506025935664854,0.5392060559389649,vol_10d_self_rank,0.029938376410545958,False,False,False,False,False
insider_90d__ts_min__w5,579.0,-0.004035843341694694,0.18026171968877314,-0.022388798623815914,-0.5387286496098898,insider_90d,0.029904864463949583,False,False,False,False,False
eightk_days_since_last__ts_argmax__w5,578.0,-0.001974369447061379,0.08819807876386518,-0.022385628743086403,-0.53818701610227,eightk_days_since_last,0.029868349164478343,False,False,False,False,False
return_60d__ts_argmax__w10,529.0,-0.002780195301034389,0.11897239494342932,-0.02336840661530228,-0.5374733521519525,return_60d,0.02983171772250011,False,False,False,False,False
premarket_gap__ts_argmax__w10,578.0,-0.0027862508896077383,0.12553527583189672,-0.02219496369561321,-0.5336031174701494,premarket_gap,0.02955896125952293,False,False,False,False,False
insider_7d__ts_argmax__w20,578.0,-0.0027520893788302134,0.12413851262869983,-0.022169505019459627,-0.5329910493835096,insider_7d,0.029517852133712278,False,False,False,False,False
eightk_exec_change_30d__ts_delta__w5,574.0,-0.0018154742247790438,0.0818526633727654,-0.02217978193954653,-0.5313898053524069,eightk_exec_change_30d,0.029411401540068802,False,False,False,False,False
insider_60d__ts_max__w20,579.0,0.0037051678678034455,0.16950693338547687,0.02185850332963961,0.5259684621372943,insider_60d,0.029049359432391973,False,False,False,False,False
return_5d__ts_argmax__w10,578.0,0.0030624256879272704,0.1405539888685395,0.021788251707260793,0.5238250981017182,return_5d,0.028907885894173386,False,False,False,False,False
insider_60d__ts_std__w20,570.0,0.003478635605763547,0.15861416771548661,0.021931430564281828,0.5236057281578111,insider_60d,0.02889514699926753,False,False,False,False,False
return_60d__ts_argmax__w20,519.0,0.0029330202137529114,0.12765329647803134,0.02297645493438294,0.5234397508993255,return_60d,0.028896485496501558,False,False,False,False,False
insider_90d__ts_min__w10,579.0,-0.0039013354538692696,0.18064733452873905,-0.021596418591211537,-0.5196620693920165,insider_90d,0.02863411875869106,False,False,False,False,False
vwap__group_neutralize,579.0,-0.0017005951194297086,0.07881703110915006,-0.021576492992671,-0.5191826112944752,vwap,0.028602752153409367,False,False,False,False,False
volatility_10d__ts_min__w20,579.0,0.005814232247566532,0.2700754284160345,0.02152817930037703,0.5180200669952241,volatility_10d,0.028526816084858398,False,False,False,False,False
volatility_10d__ts_decay_linear__w10,570.0,0.005672198198173639,0.2619118586391759,0.02165689720062645,0.5170513339353705,volatility_10d,0.028465587582604333,False,False,False,False,False
insider_60d__ts_std__w5,578.0,0.002833933366372932,0.13208473305537655,0.021455419569079228,0.5158232707969481,insider_60d,0.02838399177556878,False,False,False,False,False
eightk_other_events_30d__ts_rank__w10,575.0,0.0019203509254587042,0.08930649481092344,0.021502925733726346,0.5156220453862855,eightk_other_events_30d,0.028371553540097072,False,False,False,False,False
bb_pct__ts_decay_linear__w5,575.0,0.0035029098895028236,0.16460627309091472,0.021280537027699484,0.5102893515523237,bb_pct,0.028026946216437747,False,False,False,False,False
obv_trend__ts_decay_linear__w5,575.0,-0.0028792609122891464,0.13541174936379038,-0.02126300653980822,-0.5098689852200838,obv_trend,0.0279999303773499,False,False,False,False,False
insider_60d__ts_min__w10,579.0,-0.0036942220176688625,0.1751515211368367,-0.021091578272864443,-0.5075143902091572,insider_60d,0.027848176438538173,False,False,False,False,False
volatility_5d__ts_min__w20,579.0,0.005269786692231625,0.25013044854453204,0.02106815352907112,0.5069507342129927,volatility_5d,0.027812149313688417,False,False,False,False,False
insider_90d__ts_delta__w5,574.0,-0.0021059718513853167,0.09987094987161801,-0.021086931225671717,-0.5052069632618932,insider_90d,0.027701975174674095,False,False,False,False,False
premarket_gap__group_neutralize,579.0,-0.0026339736374390932,0.12627933723739734,-0.020858310591917232,-0.5019014055704619,premarket_gap,0.02749114157184123,False,False,False,False,False
ma_5__ts_rank__w20,570.0,0.0034867140591232225,0.16603021840803484,0.02100047866319308,0.5013795561522626,ma_5,0.027460007550749288,False,False,False,False,False
return_5d__ts_decay_linear__w5,575.0,0.003731579875291995,0.17878366233483425,0.02087204069185763,0.5004939535293833,return_5d,0.02740303694635423,False,False,False,False,False
eightk_filings_30d__ts_decay_linear__w20,560.0,-0.0018859773715893084,0.0893021991940752,-0.02111904733152904,-0.4997678758255314,eightk_filings_30d,0.02736043207761292,False,False,False,False,False
is_squeeze_setup__ts_delta__w20,559.0,0.0023594036825753326,0.11168105407101858,0.021126266242750314,0.4994921331472603,is_squeeze_setup,0.027343278341373078,False,False,False,False,False
return_60d__group_neutralize,538.0,0.0030534654750152992,0.1441161782491348,0.02118752739707508,0.49144103273391015,return_60d,0.02684479715696698,False,False,False,False,False
ma5_above_ma20__ts_max__w5,579.0,0.003005742713152379,0.14783251143617354,0.02033208178601568,0.48923906764190506,ma5_above_ma20,0.02669971166751167,False,False,False,False,False
volatility_5d__ts_min__w10,579.0,0.004957807965489534,0.24402217097457965,0.020317039003828877,0.48887710191654216,volatility_5d,0.026677370688277535,False,False,False,False,False
vol_surge_eod__ts_std__w20,570.0,0.0022889623572938124,0.11206698689388492,0.020424947798955345,0.48763894509803973,vol_surge_eod,0.0266028867260316,False,False,False,False,False
volatility_5d__ts_rank__w10,575.0,0.0022888779140297537,0.11518669515379311,0.01987102686619949,0.4764904852275674,volatility_5d,0.025922999279801677,False,False,False,False,False
return_1d__ts_max__w5,579.0,0.004123526384661566,0.20911507910674712,0.019718933719536442,0.4744852420608442,return_1d,0.025801662716323764,False,False,False,False,False
insider_21d__ts_max__w20,579.0,-0.0029211866823101425,0.1481594067368971,-0.019716511739937066,-0.4744269633733238,insider_21d,0.02579816613347155,False,False,False,False,False
insider_60d__ts_min__w5,579.0,-0.003402269969033223,0.17390281880240366,-0.019564202538309847,-0.47076203557194957,insider_60d,0.025579074752509055,False,False,False,False,False
eightk_days_since_last__ts_mean__w10,575.0,0.0016396333126262896,0.08499316847201124,0.019291354141788827,0.46259042160290126,eightk_days_since_last,0.025096943404623893,False,False,False,False,False
low_52w_ratio__ts_rank__w5,346.0,0.0037770970799714198,0.15629687086643126,0.02416617209949945,0.44951678543092083,low_52w_ratio,0.024411861456341274,False,False,False,False,False
eightk_other_events_30d__ts_argmax__w10,576.0,-0.0016146199604201797,0.08658724156478287,-0.018647319527001594,-0.4475356686480383,eightk_other_events_30d,0.024227095295931898,False,False,False,False,False
insider_7d__ts_max__w10,579.0,-0.00222450346693822,0.12039340711535526,-0.018476954180778406,-0.4446002102196765,insider_7d,0.024059955413581656,False,False,False,False,False
eightk_days_since_last__ts_max__w10,579.0,0.0016076452115204574,0.08751677135755094,0.018369567187898207,0.4420162194199881,eightk_days_since_last,0.023914115354120045,False,False,False,False,False
bb_width__ts_rank__w5,578.0,0.001997202786578886,0.1087569618476751,0.0183639074928938,0.44149827958846033,bb_width,0.023885155357894,False,False,False,False,False
eightk_exec_change_30d__ts_rank__w20,570.0,-0.0014560224642083013,0.07989066102172979,-0.018225189848063365,-0.43512044384151,eightk_exec_change_30d,0.023530202243328087,False,False,False,False,False
return_5d__ts_max__w20,579.0,0.004056677680928876,0.2251985268130418,0.018013784274426892,0.43345522194311653,return_5d,0.023436234450628476,False,False,False,False,False
beta_60d__ts_argmax__w10,538.0,0.0027990919616533425,0.15008663458039062,0.018649841603011426,0.43257984973617264,beta_60d,0.02339574826014356,False,False,False,False,False
high_52w_ratio__ts_delta__w20,327.0,-0.004022647931764292,0.169179806650452,-0.02377735269597286,-0.4299692290173576,high_52w_ratio,0.023323793969271832,False,False,False,False,False
insider_90d__ts_mean__w5,578.0,-0.0032012557971603556,0.1802840124869942,-0.017756737011781876,-0.4269009111944219,insider_90d,0.023076002021022366,False,False,False,False,False
ma_10__ts_argmax__w5,578.0,0.0027174242575886275,0.15453256215003375,0.017584800379808068,0.42276727420871807,ma_10,0.02285110893929387,False,False,False,False,False
vol_zscore_60d__ts_max__w20,579.0,0.002007651248323505,0.11468166657741201,0.01750629641371934,0.421243836487107,vol_zscore_60d,0.022768516607540434,False,False,False,False,False
eightk_filings_30d__ts_mean__w20,570.0,0.0015666387877304288,0.08985404760544088,0.017435372467690204,0.41626381233496756,eightk_filings_30d,0.022502442367975984,False,False,False,False,False
ma_5__ts_rank__w10,575.0,-0.002714999833662328,0.15656468225767145,-0.01734107459301727,-0.4158243609065475,ma_5,0.022478059955478222,False,False,False,False,False
ma_10__ts_delta__w5,574.0,0.002914822855507496,0.16903492663622305,0.017243908779754333,0.4131346897351715,ma_10,0.02233490196969783,False,False,False,False,False
post_earnings_5d__ts_rank__w5,471.0,-0.0016965238381395568,0.08918484588275509,-0.019022557266846152,-0.41283770373002254,post_earnings_5d,0.022341222495756083,False,False,False,False,False
premarket_gap__ts_decay_linear__w10,570.0,-0.0027382170157618075,0.15934007624219135,-0.01718473519241834,-0.4102799294032291,premarket_gap,0.02218431966784615,False,False,False,False,False
low_52w_ratio__ts_argmax__w10,338.0,-0.003161461592167964,0.1416783487961859,-0.022314359385398715,-0.4102445058204769,low_52w_ratio,0.022252034181722023,False,False,False,False,False
insider_net_shares__ts_rank__w10,575.0,0.0018166289793304783,0.10666054766158951,0.017031873726115143,0.40840998458392336,insider_net_shares,0.02208481221756959,False,False,False,False,False
sector_rel_ret__ts_mean__w5,578.0,0.00251503735775113,0.14806266530456222,0.016986303418067908,0.4083784313630736,sector_rel_ret,0.022082632224926322,False,False,False,False,False
obv__ts_delta__w5,574.0,-0.0021941486384528743,0.12905797561959656,-0.01700126340831669,-0.4073213198359835,obv,0.02202773694398912,False,False,False,False,False
insider_7d__ts_delta__w10,569.0,-0.001593818383926862,0.09349772965265142,-0.017046599846306153,-0.4066248347508159,insider_7d,0.021992054006165065,False,False,False,False,False
return_1d__ts_std__w20,570.0,0.004507291507853576,0.26548054386870645,0.016977860004997805,0.405340851998788,return_1d,0.02192461059928243,False,False,False,False,False
premarket_gap__ts_mean__w10,575.0,0.0026695871120422524,0.15852488264309192,0.01684017718563872,0.40381326302528925,premarket_gap,0.02184393852029189,False,False,False,False,False
return_3d__ts_mean__w5,578.0,0.0029614228160881615,0.1777953786937547,0.01665635427560292,0.40044591597622853,return_3d,0.021668386312156052,False,False,False,False,False
insider_90d__ts_min__w20,579.0,-0.0030125277040751086,0.1814346221517427,-0.01660392965988368,-0.39953070971711463,insider_90d,0.021620849571580284,False,False,False,False,False
vol_surge_eod__ts_max__w5,579.0,0.0018537855109012416,0.11248935322341594,0.01647965303186893,0.3965403134429154,vol_surge_eod,0.021466688193368326,False,False,False,False,False
ma_10__ts_rank__w10,575.0,0.002599306987323721,0.159180460891134,0.016329309343446542,0.39156308251612926,ma_10,0.021212831807168243,False,False,False,False,False
insider_90d__cs_zscore,579.0,-0.0029168059777313943,0.17936535553173188,-0.01626181359875473,-0.39129856976540695,insider_90d,0.021198707868050854,False,False,False,False,False
insider_90d__cs_demean,579.0,-0.0029168059777313943,0.17936535553173188,-0.01626181359875473,-0.39129856976540695,insider_90d,0.021198707868050854,False,False,False,False,False
insider_90d__signed_power_p05,579.0,-0.0029168059777313943,0.17936535553173188,-0.01626181359875473,-0.39129856976540695,insider_90d,0.021198707868050854,False,False,False,False,False
insider_90d__cs_rank,579.0,-0.0029168059777313943,0.17936535553173188,-0.01626181359875473,-0.39129856976540695,insider_90d,0.021198707868050854,False,False,False,False,False
insider_90d__scale,579.0,-0.0029168059777313943,0.17936535553173188,-0.01626181359875473,-0.39129856976540695,insider_90d,0.021198707868050854,False,False,False,False,False
eightk_other_events_30d__ts_max__w10,579.0,0.0014538836699173711,0.08946200035686404,0.01625141025371473,0.39104824011981076,eightk_other_events_30d,0.02118598109819036,False,False,False,False,False
post_earnings_3d__ts_rank__w5,451.0,0.0016068186377405165,0.08763389340924836,0.01833558427259084,0.3893884133206759,post_earnings_3d,0.021128960214972074,False,False,False,False,False
insider_60d__cs_rank,579.0,-0.002733517774091053,0.1725158014910398,-0.01584502840009718,-0.38126970975273416,insider_60d,0.02069387585071273,False,False,False,False,False
insider_60d__signed_power_p05,579.0,-0.002733517774091053,0.1725158014910398,-0.01584502840009718,-0.38126970975273416,insider_60d,0.02069387585071273,False,False,False,False,False
insider_60d__scale,579.0,-0.002733517774091053,0.1725158014910398,-0.01584502840009718,-0.38126970975273416,insider_60d,0.02069387585071273,False,False,False,False,False
insider_60d__cs_demean,579.0,-0.002733517774091053,0.1725158014910398,-0.01584502840009718,-0.38126970975273416,insider_60d,0.02069387585071273,False,False,False,False,False
insider_60d__cs_zscore,579.0,-0.002733517774091053,0.1725158014910398,-0.01584502840009718,-0.38126970975273416,insider_60d,0.02069387585071273,False,False,False,False,False
return_1d__ts_min__w20,579.0,-0.003666809295997579,0.23243602531961813,-0.015775563581228093,-0.3795982181870844,return_1d,0.02061073476177079,False,False,False,False,False
ma_10__ts_rank__w5,578.0,-0.0023914237976218984,0.15234373208376853,-0.01569755292792051,-0.37739476819448947,ma_10,0.020501728415621513,False,False,False,False,False
rsi_below_30__ts_rank__w10,575.0,0.001605746546787372,0.10226351686265195,0.01570204698655159,0.37652185959320805,rsi_below_30,0.020459104785384926,False,False,False,False,False
return_5d__ts_std__w10,575.0,0.00359221206235243,0.2326950103335458,0.015437426256812903,0.37017647740619397,return_5d,0.0201480109291163,False,False,False,False,False
vwap_dev_eod__ts_argmax__w10,578.0,0.00234056183925525,0.15208224043977575,0.015390106250980091,0.37000324877048285,vwap_dev_eod,0.020139092219427175,False,False,False,False,False
bb_pct__ts_max__w20,579.0,0.002208375540794679,0.14494482299505193,0.015235973904842862,0.366614385397002,bb_pct,0.019974500538227948,False,False,False,False,False
days_to_earnings__ts_rank__w20,570.0,-0.0015860279114811623,0.1032863561615087,-0.01535563815419234,-0.36661083614620277,days_to_earnings,0.01997577708154034,False,False,False,False,False
volume_spike__ts_rank__w10,575.0,-0.0014739675353068094,0.09679482809799944,-0.015227750947752066,-0.3651486401219225,volume_spike,0.0199043707953942,False,False,False,False,False
eightk_exec_change_30d__ts_mean__w5,578.0,-0.0011858823990029091,0.07810593918866562,-0.015182999030821449,-0.36502405349704925,eightk_exec_change_30d,0.019897887555116178,False,False,False,False,False
eightk_filings_30d__ts_max__w20,579.0,-0.0014120461736528262,0.09312816953406067,-0.015162395875679538,-0.3648439200425122,eightk_filings_30d,0.01988904947167414,False,False,False,False,False
risk_next_3d__ts_rank__w10,389.0,-0.001310017216674257,0.07086415936666361,-0.01848631562671897,-0.36460713605237105,risk_next_3d,0.01992231940378084,False,False,False,False,False
ma20_above_ma50__group_neutralize,549.0,-0.0016887158672999401,0.10881512368062597,-0.015519128317644031,-0.3636248007396992,ma20_above_ma50,0.019835373371639105,False,False,False,False,False
return_3d__group_neutralize,579.0,0.0018910524773081807,0.12528059044677853,0.015094536755967272,0.3632110654824905,return_3d,0.019810515481459276,False,False,False,False,False
insider_90d__ts_max__w5,579.0,-0.0026865946896831618,0.17860100374005092,-0.015042438919287542,-0.36195746551611213,insider_90d,0.0197504010091181,False,False,False,False,False
ma_5__ts_delta__w10,569.0,0.0025589357811913512,0.16944141004596763,0.015102186534549845,0.3602433423295269,ma_5,0.019670046066170156,False,False,False,False,False
beta_60d__group_neutralize,579.0,0.0025114551646197272,0.17092974373359637,0.014692908968107807,0.35354692943683524,beta_60d,0.019351080056880705,False,False,False,False,False
vol_zscore_60d__ts_min__w10,579.0,0.0016890038622800192,0.11568177728830574,0.01460043147565611,0.3513216972810189,vol_zscore_60d,0.019246584574196864,False,False,False,False,False
macd_signal__ts_rank__w20,570.0,-0.0021801767112502556,0.1485162780016278,-0.01467971552065397,-0.3504734044508621,macd_signal,0.019208279943188702,False,False,False,False,False
insider_90d__ts_rank__w5,578.0,-0.0014199783796075723,0.09786724524958608,-0.01450923009007018,-0.34882554954047384,insider_90d,0.01913009187254575,False,False,False,False,False
volatility_10d__ts_std__w10,575.0,0.0026785141603815716,0.1891707321440882,0.014159241918783674,0.33952669370156807,volatility_10d,0.01870128346675057,False,False,False,False,False
bb_lower__ts_delta__w10,569.0,-0.0021356411392280472,0.15160132408916646,-0.014087219567897307,-0.3360326036007677,bb_lower,0.01854303496157767,False,False,False,False,False
insider_90d__ts_max__w20,579.0,0.0024775462619288677,0.17754686523757385,0.013954322756494098,0.335774758670161,insider_90d,0.018529815294327335,False,False,False,False,False
eightk_other_events_30d__ts_argmax__w5,543.0,-0.0011458058421876132,0.0798284192707053,-0.014353357521737756,-0.33446710985644973,eightk_other_events_30d,0.018476296672385477,False,False,False,False,False
ma_5__ts_rank__w5,578.0,-0.0021112622437655295,0.1521165224890646,-0.013879243419578597,-0.33367964275057493,ma_5,0.018435133098136443,False,False,False,False,False
sector_rel_ret__ts_min__w10,579.0,0.0028792984591803324,0.20802312457055677,0.013841242242295706,0.3330537679758908,sector_rel_ret,0.018406735532842042,False,False,False,False,False
eightk_other_events_30d__ts_rank__w5,576.0,-0.0011136359359556175,0.08064059591344985,-0.013809867391739807,-0.33143681740175535,eightk_other_events_30d,0.01833437239034363,False,False,False,False,False
ma_5__ts_delta__w5,574.0,-0.0022333888697659097,0.16618855163126361,-0.013438885217083519,-0.3219728047427934,ma_5,0.01791340982452003,False,False,False,False,False
volume_zscore__ts_mean__w5,578.0,0.0015627915718147388,0.11778854963995225,0.013267771583840451,0.31897886277770393,volume_zscore,0.017781290575156046,False,False,False,False,False
bb_lower__ts_rank__w10,575.0,-0.0017249415133821842,0.13172151644072166,-0.013095366345546559,-0.31401585364650336,bb_lower,0.017565502249572786,False,False,False,False,False
insider_60d__ts_min__w20,579.0,-0.0023076695987099063,0.17771032308011764,-0.012985568641780777,-0.3124641914176435,insider_60d,0.01749778774136528,False,False,False,False,False
insider_60d__ts_max__w5,579.0,-0.0022192309829442538,0.1721562329843593,-0.012890796600700916,-0.31018374687170813,insider_60d,0.017399514694541946,False,False,False,False,False
insider_90d__ts_delta__w20,559.0,0.0014742408616606095,0.11242532245872863,0.01311306767389352,0.31003463031642475,insider_90d,0.0173960487850001,False,False,False,False,False
bb_width__group_neutralize,579.0,-0.00177832357042426,0.1387176573508951,-0.012819734735902278,-0.30847382651800914,bb_width,0.017326137454943578,False,False,False,False,False
volume_zscore__ts_max__w5,579.0,-0.0014141482847529559,0.11109953736601523,-0.012728660427217372,-0.30628235835768625,volume_zscore,0.01723248253109871,False,False,False,False,False
volatility_5d__ts_mean__w20,570.0,0.0034953494180914708,0.2728078313499848,0.012812496623703193,0.30589416429129745,volatility_5d,0.017217226465587467,False,False,False,False,False
return_5d__scale,579.0,-0.0021848004787348298,0.1740933850745761,-0.012549589278184982,-0.30197347336911473,return_5d,0.01704959889028635,False,False,False,False,False
return_5d__cs_demean,579.0,-0.0021848004787348298,0.1740933850745761,-0.012549589278184982,-0.30197347336911473,return_5d,0.01704959889028635,False,False,False,False,False
return_5d__cs_zscore,579.0,-0.0021848004787348298,0.1740933850745761,-0.012549589278184982,-0.30197347336911473,return_5d,0.01704959889028635,False,False,False,False,False
return_5d__cs_rank,579.0,-0.0021848004787348298,0.1740933850745761,-0.012549589278184982,-0.30197347336911473,return_5d,0.01704959889028635,False,False,False,False,False
return_5d__signed_power_p05,579.0,-0.0021848004787348298,0.1740933850745761,-0.012549589278184982,-0.30197347336911473,return_5d,0.01704959889028635,False,False,False,False,False
eightk_exec_change_30d__ts_max__w10,579.0,0.000978507182816784,0.07916348712272289,0.012360587164381188,0.2974256253468175,eightk_exec_change_30d,0.01685837605903292,False,False,False,False,False
insider_net_shares__ts_rank__w20,570.0,0.0014278179535873745,0.11468313447270803,0.012450112740223042,0.2972423676551352,insider_net_shares,0.016851976530575075,False,False,False,False,False
insider_60d__ts_mean__w5,578.0,-0.0021511133035483857,0.1739962676221508,-0.012362985326902125,-0.29722632585231745,insider_60d,0.01685017713042517,False,False,False,False,False
volatility_5d__ts_delta__w20,559.0,0.0017977383803654814,0.14380673747879866,0.012501072007356546,0.2955651061022096,volatility_5d,0.01678354003466367,False,False,False,False,False
rsi_below_30__ts_rank__w5,569.0,-0.0011465184616606433,0.09283123752558671,-0.012350567462214785,-0.29460698899963467,rsi_below_30,0.016742188141596035,False,False,False,False,False
eightk_filings_30d__ts_min__w10,579.0,-0.0011011537503972833,0.09197255394176075,-0.01197263426102705,-0.28809054009959534,eightk_filings_30d,0.01647160886549355,False,False,False,False,False
rev_growth_qoq__ts_min__w10,579.0,0.0012805293632715314,0.10715170099430206,0.011950620955047885,0.287560846711269,rev_growth_qoq,0.016449892596056653,False,False,False,False,False
insider_90d__ts_decay_linear__w5,575.0,-0.0021400739391336187,0.18008705440076983,-0.011883552353358223,-0.2849575749258621,insider_90d,0.016344065477228956,False,False,False,False,False
insider_90d__ts_rank__w20,570.0,-0.0013209761840471557,0.11082092576773342,-0.01191991652204525,-0.28458410644085624,insider_90d,0.016329544997269976,False,False,False,False,False
finbert_sentiment__ts_rank__w20,318.0,-0.0014745634520816442,0.09279774335749219,-0.015890078774879957,-0.28336069576435824,finbert_sentiment,0.016342812958566006,False,False,False,True,False
days_to_earnings__ts_rank__w10,575.0,-0.0012169743966193242,0.10322646828938711,-0.011789363879113196,-0.28269901465627695,days_to_earnings,0.016252254110573138,False,False,False,False,False
return_1d__ts_mean__w5,578.0,-0.0020240527192605415,0.17396365661446245,-0.011634917077802284,-0.2797223779847436,return_1d,0.016131522697374886,False,False,False,False,False
rsi_14__ts_argmax__w10,578.0,0.0015935323955611116,0.1372124783017117,0.01161361135141914,0.2792101535822203,rsi_14,0.016110894434285584,False,False,False,False,False
macd__group_neutralize,579.0,0.0013711605203746877,0.11820324244815811,0.01160002460149141,0.27912465041136053,macd,0.016107319201363768,False,False,False,False,False
bb_pct__ts_max__w5,579.0,0.0018796759539356517,0.16221779856401017,0.011587359528824717,0.27881989812832914,bb_pct,0.016095059300381225,False,False,False,False,False
return_60d__ts_delta__w20,518.0,0.002056805974632665,0.1682157465123037,0.012227190481731895,0.2782861277635943,return_60d,0.016082718070183785,False,False,False,False,False
eightk_material_agreement_30d__ts_min__w20,488.0,-0.0012742035513064688,0.10142046826368951,-0.0125635739325674,-0.27753841950266,eightk_material_agreement_30d,0.016058005489588814,False,False,False,False,False
ma20_above_ma50__ts_std__w20,549.0,-0.0013241909851060168,0.1131858052227092,-0.01169926725794354,-0.27412259492909663,ma20_above_ma50,0.01591129478264938,False,False,False,False,False
eightk_other_events_30d__ts_delta__w10,569.0,-0.0010381446865132733,0.09126549538630795,-0.011374996455330919,-0.2713359904991449,eightk_other_events_30d,0.01579783129200142,False,False,False,False,False
volume_zscore__ts_decay_linear__w5,575.0,0.0013077088244248971,0.11718199851454555,0.011159639202283907,0.26759874737554784,volume_zscore,0.01564970815407623,False,False,False,False,False
finbert_mult__ts_rank__w20,318.0,0.0013642943670907227,0.09171524216768322,0.014875328624182007,0.2652651083980249,finbert_mult,0.015619828159311172,False,False,False,False,False
atr__group_neutralize,579.0,-0.0011044403585919824,0.10088138878004739,-0.010947909936093403,-0.2634331942066955,atr,0.015486381160685698,False,False,False,False,False
days_to_earnings__ts_delta__w5,574.0,-0.0011398066397919847,0.10380684539248866,-0.010980072031689539,-0.2630638279302309,days_to_earnings,0.015472670123674422,False,False,False,False,False
premarket_gap__ts_rank__w5,578.0,0.0016944538390634622,0.1551501846797584,0.010921378163751088,0.26256773902269664,premarket_gap,0.01545287001629925,False,False,False,False,False
eightk_exec_change_30d__scale,579.0,0.000824774743641309,0.07662980772941813,0.010763106003783936,0.2589863645858434,eightk_exec_change_30d,0.015314195792598986,False,False,False,False,False
eightk_exec_change_30d__cs_zscore,579.0,0.000824774743641309,0.07662980772941813,0.010763106003783936,0.2589863645858434,eightk_exec_change_30d,0.015314195792598986,False,False,False,False,False
eightk_exec_change_30d__cs_rank,579.0,0.000824774743641309,0.07662980772941813,0.010763106003783936,0.2589863645858434,eightk_exec_change_30d,0.015314195792598986,False,False,False,False,False
eightk_exec_change_30d__signed_power_p05,579.0,0.000824774743641309,0.07662980772941813,0.010763106003783936,0.2589863645858434,eightk_exec_change_30d,0.015314195792598986,False,False,False,False,False
eightk_exec_change_30d__cs_demean,579.0,0.000824774743641309,0.07662980772941813,0.010763106003783936,0.2589863645858434,eightk_exec_change_30d,0.015314195792598986,False,False,False,False,False
eightk_other_events_30d__ts_max__w5,579.0,0.0009710939149203816,0.09035255781735509,0.010747829816654644,0.25861878257299714,eightk_other_events_30d,0.01530003657968127,False,False,False,False,False
beta_60d__ts_rank__w5,538.0,-0.0016717551160273262,0.15202313001854376,-0.010996715538111903,-0.25506691457903674,beta_60d,0.015169433713918394,False,False,False,False,False
return_3d__ts_min__w20,579.0,-0.002492350482130984,0.23575969962409077,-0.010571571333459175,-0.2543775771278254,return_3d,0.01513747798871264,False,False,False,False,False
return_3d__ts_max__w20,579.0,0.002458617843471127,0.23546708177984665,0.010441450350031717,0.25124655152588815,return_3d,0.015018425613701349,False,False,False,False,False
vol_surge_eod__ts_argmax__w20,578.0,-0.0010284578856556534,0.0989236087046469,-0.010396485723911343,-0.24994846890015265,vol_surge_eod,0.014969431347676395,False,False,False,False,False
volume_zscore__ts_argmax__w20,578.0,-0.0009600259525783715,0.09307272593452437,-0.010314793543854502,-0.24798445568755711,volume_zscore,0.01489537312089041,False,False,False,False,False
insider_7d__ts_rank__w20,570.0,-0.000994108147261818,0.0963734553272148,-0.010315165559712923,-0.24627120233361421,insider_7d,0.014832050017982787,False,False,False,False,False
eightk_other_events_30d__ts_decay_linear__w10,570.0,0.000920218362501845,0.08971004825398642,0.010257695547064356,0.24489912458739097,eightk_other_events_30d,0.014780688482285835,False,False,False,False,False
macd_signal__group_neutralize,579.0,0.0012188597474680734,0.11980198691402956,0.010173952693645495,0.2448099108816034,macd_signal,0.014776209808126932,False,False,False,False,False
insider_21d__ts_rank__w5,578.0,-0.0009358754149674423,0.09222598574378048,-0.010147632550845961,-0.24396563284954573,insider_21d,0.014744814939216274,False,False,False,False,False
sector_rel_ret__ts_std__w5,578.0,0.0021880785658994514,0.21775824088044432,0.010048200963842149,0.2415751353687715,sector_rel_ret,0.014655881882518026,False,False,False,False,False
insider_90d__ts_delta__w10,569.0,-0.0010780688452710753,0.10751055040519031,-0.010027563259680133,-0.23919469514058755,insider_90d,0.014568918160579657,False,False,False,False,False
sector_rel_ret__ts_max__w10,579.0,0.002077395481488288,0.20937671497096455,0.009921807598215362,0.23874268998917303,sector_rel_ret,0.014550981367162059,False,False,False,False,False
return_5d__ts_std__w20,570.0,-0.002474765714601692,0.24817054904019994,-0.009972036263661634,-0.23807910267168797,return_5d,0.014527657327993982,False,False,False,False,False
eightk_days_since_last__ts_argmax__w10,578.0,-0.0009806203498674848,0.09923019764630817,-0.009882277503495112,-0.2375860648338144,eightk_days_since_last,0.014508505763376837,False,False,False,False,False
rsi_below_30__ts_delta__w5,539.0,0.0010199742736464663,0.09974153486505298,0.010226173830455466,0.23741467145600567,rsi_below_30,0.01450738114971467,False,False,False,False,False
post_earnings_1d__ts_rank__w5,416.0,-0.0010280510061527034,0.0889626473678493,-0.011555984860722979,-0.23569676921443705,post_earnings_1d,0.014466953637448102,False,False,False,False,False
sector_rel_ret__ts_decay_linear__w10,570.0,0.0014918621494453693,0.15227979194315647,0.009796849144647221,0.23389656753123966,sector_rel_ret,0.014374332936720602,False,False,False,False,False
bb_lower__ts_rank__w20,570.0,-0.0013699163689758027,0.14069259211644974,-0.009736947399774522,-0.23246643297389458,bb_lower,0.014322227583806392,False,False,False,False,False
eightk_other_events_30d__ts_min__w5,579.0,-0.0009084317651759038,0.09414021840456564,-0.009649773291070316,-0.23219688655423934,eightk_other_events_30d,0.014311308676726761,False,False,False,False,False
days_to_earnings__ts_rank__w5,578.0,-0.0009801703496918675,0.103251898156665,-0.009493000779556096,-0.2282272176511321,days_to_earnings,0.014167745286526314,False,False,False,False,False
post_earnings_3d__group_neutralize,300.0,-0.0012699614211377438,0.0970291381384439,-0.01308845410257821,-0.22669867498198776,post_earnings_3d,0.014177840928200906,False,False,False,False,False
finbert_sentiment_earnings__ts_rank__w20,318.0,-0.0011706532966543112,0.09221798349068111,-0.012694414390145594,-0.22637383645946785,finbert_sentiment_earnings,0.01415846488575528,False,False,False,True,False
volume_spike__ts_decay_linear__w10,570.0,-0.0009491317316651047,0.10202001246272335,-0.009303387725147591,-0.22211533761477015,volume_spike,0.013949927075261034,False,False,False,False,False
eightk_exec_change_30d__ts_std__w20,570.0,-0.0007113956571838039,0.07899906710074195,-0.009005114658842883,-0.21499416575985725,eightk_exec_change_30d,0.013698672422023264,False,False,False,False,False
eightk_other_events_30d__ts_mean__w10,575.0,0.0008052660396401781,0.0900220874921466,0.008945205138799168,0.2144984839357599,eightk_other_events_30d,0.013680726425584181,False,False,False,False,False
is_squeeze_setup__ts_rank__w5,578.0,0.0008669486288982645,0.09901630375294816,0.008755614944598976,0.21049925982666323,is_squeeze_setup,0.013541146345882663,False,False,False,False,False
return_60d__ts_rank__w20,529.0,0.001299340587046075,0.14218782714195521,0.009138198488319678,0.2101785652313526,return_60d,0.013536320944933577,False,False,False,False,False
rsi_above_70__ts_rank__w10,575.0,-0.0009418589635102083,0.10908469405758643,-0.008634199065663562,-0.2070408202883327,rsi_above_70,0.013422089575993657,False,False,False,False,False
insider_90d__ts_mean__w10,575.0,-0.001550075010183036,0.18042809014979966,-0.00859109581493709,-0.20600724064537637,insider_90d,0.013386579801317426,False,False,False,False,False
volatility_10d__ts_std__w5,578.0,0.0015006311434414758,0.17729942525596643,0.008463824072046601,0.20348413146787905,volatility_10d,0.013299887051112362,False,False,False,False,False
intraday_momentum__ts_delta__w10,569.0,-0.00116374038606753,0.1394263683612169,-0.008346630553071468,-0.19909819553277278,intraday_momentum,0.013151994256975013,False,False,False,False,False
insider_90d__ts_decay_linear__w10,570.0,-0.0014780505047292517,0.18098983450249934,-0.008166483541973961,-0.19497212226766933,insider_90d,0.013013069278517279,False,False,False,False,False
eightk_other_events_30d__ts_min__w20,574.0,0.0006864534921693938,0.08617299061656668,0.007965993604931517,0.190851641494976,eightk_other_events_30d,0.012875255825626306,False,False,False,False,False
rev_growth_qoq__ts_rank__w10,334.0,0.0008938908424527968,0.0862770081854853,0.010360707461378795,0.1893488382311607,rev_growth_qoq,0.012872686531515477,False,False,False,False,False
return_1d__ts_mean__w10,575.0,0.0014014000014993353,0.17800696138767194,0.007872725822487922,0.18878133336942818,return_1d,0.012806607088647106,False,False,False,False,False
ma_5__ts_argmax__w10,578.0,-0.0012073221787463977,0.15745123692389473,-0.00766791168068096,-0.18434909979626746,ma_5,0.012660609423535526,False,False,False,False,False
obv__ts_argmax__w10,578.0,0.0009748302878711404,0.12762025848888425,0.0076385230637661524,0.18364254952572223,obv,0.012637522868204588,False,False,False,False,False
eps_surprise__ts_rank__w10,478.0,-0.000690134765539081,0.08311597628611876,-0.008303274489171113,-0.18153624305334862,eps_surprise,0.012582338548370877,False,False,False,False,False
eightk_exec_change_30d__ts_decay_linear__w5,575.0,-0.0005873706534732335,0.07770991522003817,-0.007558503336544303,-0.1812465428523177,eightk_exec_change_30d,0.012559838922560606,False,False,False,False,False
insider_60d__ts_max__w10,579.0,0.0012812627032767145,0.17203974787140539,0.007447480707972325,0.17920440003126029,insider_60d,0.012493228118904468,False,False,False,False,False
sector_rel_ret__ts_max__w5,579.0,0.001381824469426433,0.1856742258401698,0.007442198631359429,0.1790773004915032,sector_rel_ret,0.012489120078187031,False,False,False,False,False
vol_zscore_60d__ts_min__w20,579.0,-0.000858347151517345,0.11651861261804186,-0.007366609782173442,-0.17725844994343426,vol_zscore_60d,0.01243046030355641,False,False,False,False,False
eightk_days_since_last__ts_mean__w20,570.0,-0.000637070448446897,0.08636156484010546,-0.007376782132496143,-0.17611825952830437,eightk_days_since_last,0.012394809975018262,False,False,False,False,False
days_to_earnings__ts_delta__w10,569.0,-0.0007639865162898146,0.10404418668412464,-0.007342904400889376,-0.17515559205489767,days_to_earnings,0.012364049810127134,False,False,False,False,False
insider_net_shares__ts_delta__w5,574.0,-0.0006060657315820864,0.08486644680524608,-0.007141405754536928,-0.1710959207889996,insider_net_shares,0.012234030325473894,False,False,False,False,False
return_3d__ts_std__w20,570.0,0.0018485518785316545,0.2585452652396809,0.0071498191112414275,0.17069959166436136,return_3d,0.012221898570577153,False,False,False,False,False
return_1d__ts_decay_linear__w10,570.0,-0.0012663774573340105,0.17747210442592837,-0.00713564231083178,-0.17036112519361818,return_1d,0.012211167755012572,False,False,False,False,False
sector_rel_ret__ts_std__w10,575.0,0.0016305188905774647,0.23191573960058712,0.0070306521385120205,0.16858911577660965,sector_rel_ret,0.012154569619745322,False,False,False,False,False
eightk_material_agreement_30d__ts_delta__w20,559.0,-0.0006273450082145164,0.08831472222585628,-0.007103515613287474,-0.16794970420972577,eightk_material_agreement_30d,0.012136197690703109,False,False,False,False,False
insider_21d__ts_argmax__w20,578.0,-0.0008570294963110985,0.12340298537980679,-0.006944965664107342,-0.1669682987507332,insider_21d,0.012103176963080265,False,False,False,False,False
volatility_10d__ts_max__w20,579.0,0.001730416991174079,0.2596177501278219,0.006665249160822456,0.16038201692089404,volatility_10d,0.011897469423921109,False,False,False,False,False
rev_growth_qoq__ts_min__w20,579.0,0.0007071696022527315,0.10782709031602186,0.0065583667349285255,0.15781016722335756,rev_growth_qoq,0.011818012553577145,False,False,False,False,False
eightk_exec_change_30d__ts_rank__w5,577.0,0.0005237791771947178,0.08070326641261887,0.006490185595670252,0.15589960786103255,eightk_exec_change_30d,0.011759495762597374,False,False,False,False,False
insider_60d__ts_decay_linear__w5,575.0,-0.0011093361105770961,0.17365444971328337,-0.006388181312996551,-0.15318320658753048,insider_60d,0.011676644231587027,False,False,False,False,False
vol_10d_self_rank__ts_delta__w20,559.0,-0.0007558713980600398,0.12014126235996073,-0.006291522023427213,-0.14875159292773887,vol_10d_self_rank,0.011543954904544348,False,False,False,False,False
eightk_reg_fd_30d__ts_std__w5,577.0,0.0005151482510502299,0.08471181207044554,0.006081185592179725,0.1460750906389254,eightk_reg_fd_30d,0.01146148681155936,False,False,False,False,False
ma_50__group_neutralize,549.0,-0.0004994575716093168,0.08130701602687687,-0.006142859448245105,-0.14393179804438938,ma_50,0.011400395547259502,False,False,False,False,False
volatility_10d__ts_mean__w20,570.0,0.0016245733443521616,0.27189756895830425,0.005974946192333523,0.14264988517601443,volatility_10d,0.011359874655637021,False,False,False,False,False
rsi_14__ts_std__w10,575.0,-0.0007107293582567819,0.12002246833697044,-0.005921635907881561,-0.14199584078299463,rsi_14,0.011339898926867679,False,False,False,False,False
insider_60d__ts_mean__w10,575.0,-0.0009855128737032868,0.1751285682205112,-0.005627367845903868,-0.1349395405433108,insider_60d,0.011131871711157556,False,False,False,False,False
insider_60d__ts_decay_linear__w10,570.0,-0.0009617502825936862,0.17539115021027654,-0.0054834595784373575,-0.13091580309711717,insider_60d,0.011015252487895005,False,False,False,False,False
eightk_days_since_last__ts_max__w20,579.0,-0.00047828080276065643,0.09129785051173615,-0.005238686344528718,-0.12605546494645767,eightk_days_since_last,0.01087428943746049,False,False,False,False,False
volume_spike__ts_delta__w5,573.0,-0.0004711924418771432,0.09174984295828421,-0.005135621235791975,-0.12293351430190844,volume_spike,0.010785749164990218,False,False,False,False,False
days_to_earnings__ts_delta__w20,559.0,-0.0005418838459414106,0.10485535764372,-0.005167917578257053,-0.12218600984348804,days_to_earnings,0.010765941259107716,False,False,False,False,False
ma_20__group_neutralize,579.0,0.0004185620440424683,0.08248163848791346,0.005074608745845935,0.12210736104616256,ma_20,0.010761670778032568,False,False,False,False,False
return_5d__ts_min__w5,579.0,0.0009658790420402333,0.19068855605425414,0.005065217661858136,0.12188138884997074,return_5d,0.010755255837585524,False,False,False,False,False
eightk_other_events_30d__ts_mean__w5,578.0,0.00046225407639134566,0.09139716090436682,0.005057641526469559,0.12159394908602841,eightk_other_events_30d,0.01074719913659994,False,False,False,False,False
bb_pct__cs_demean,579.0,-0.0007576502775438041,0.15871084368533436,-0.004773777644619847,-0.11486863709105986,bb_pct,0.01055782582973916,False,False,False,False,False
bb_pct__cs_rank,579.0,-0.0007576502775438041,0.15871084368533436,-0.004773777644619847,-0.11486863709105986,bb_pct,0.01055782582973916,False,False,False,False,False
bb_pct__cs_zscore,579.0,-0.0007576502775438041,0.15871084368533436,-0.004773777644619847,-0.11486863709105986,bb_pct,0.01055782582973916,False,False,False,False,False
bb_pct__signed_power_p05,579.0,-0.0007576502775438041,0.15871084368533436,-0.004773777644619847,-0.11486863709105986,bb_pct,0.01055782582973916,False,False,False,False,False
bb_pct__scale,579.0,-0.0007576502775438041,0.15871084368533436,-0.004773777644619847,-0.11486863709105986,bb_pct,0.01055782582973916,False,False,False,False,False
post_earnings_drift__group_neutralize,579.0,-0.0003576656300301316,0.0792116047454683,-0.004515318572063062,-0.10864948663651842,post_earnings_drift,0.010385389361832573,False,False,False,False,False
low_52w_ratio__ts_rank__w10,343.0,-0.0008615181082000872,0.1471967985747906,-0.005852831831545238,-0.10839596244225969,low_52w_ratio,0.01041659663332929,False,False,False,False,False
low_52w_ratio__ts_rank__w20,338.0,-0.0008263917570866247,0.14837615762567677,-0.005569572432057751,-0.10239534331045987,low_52w_ratio,0.010253569614593979,False,False,False,False,False
return_60d__ts_rank__w10,534.0,-0.0006366067038910557,0.14452085825277988,-0.004404946881629874,-0.1017914507903769,return_60d,0.010202700121488491,False,False,False,False,False
post_earnings_5d__group_neutralize,354.0,-0.0005102744970811786,0.09437807096445455,-0.005406706153947165,-0.10172656923358847,post_earnings_5d,0.010231138445794926,False,False,False,False,False
bb_lower__group_neutralize,579.0,-0.0003386702079513381,0.08154148135403137,-0.004153348729107856,-0.09993961667112741,bb_lower,0.010148025685459063,False,False,False,False,False
vol_10d_self_rank__ts_std__w5,578.0,0.0004582466750639195,0.1148501893788676,0.003989951410112666,0.09592493775564678,vol_10d_self_rank,0.010040314283913812,False,False,False,False,False
obv_trend__ts_mean__w5,578.0,-0.00053108543750248,0.13543877079729055,-0.003921221629346805,-0.0942725617579806,obv_trend,0.009996234653258766,False,False,False,False,False
days_to_earnings__ts_std__w5,578.0,0.00035248593356677774,0.09062825766292075,0.0038893601472269317,0.09350655977574965,days_to_earnings,0.009975857804422963,False,False,False,False,False
vol_surge_eod__signed_power_p05,579.0,0.00040932394384309673,0.10672010109742906,0.0038354905929990496,0.09229118107122615,vol_surge_eod,0.009943508481779998,False,False,False,False,False
vol_surge_eod__cs_rank,579.0,0.00040932394384309673,0.10672010109742906,0.0038354905929990496,0.09229118107122615,vol_surge_eod,0.009943508481779998,False,False,False,False,False
vol_surge_eod__cs_zscore,579.0,0.00040932394384309673,0.10672010109742906,0.0038354905929990496,0.09229118107122615,vol_surge_eod,0.009943508481779998,False,False,False,False,False
vol_surge_eod__cs_demean,579.0,0.00040932394384309673,0.10672010109742906,0.0038354905929990496,0.09229118107122615,vol_surge_eod,0.009943508481779998,False,False,False,False,False
vol_surge_eod__scale,579.0,0.00040932394384309673,0.10672010109742906,0.0038354905929990496,0.09229118107122615,vol_surge_eod,0.009943508481779998,False,False,False,False,False
rsi_below_30__signed_power_p05,521.0,-0.0004493369217998982,0.11119798720748893,-0.004040872798906529,-0.0922346366664234,rsi_below_30,0.009947983332446848,False,False,False,False,False
rsi_below_30__cs_zscore,521.0,-0.0004493369217998982,0.11119798720748893,-0.004040872798906529,-0.0922346366664234,rsi_below_30,0.009947983332446848,False,False,False,False,False
rsi_below_30__cs_demean,521.0,-0.0004493369217998982,0.11119798720748893,-0.004040872798906529,-0.0922346366664234,rsi_below_30,0.009947983332446848,False,False,False,False,False
rsi_below_30__cs_rank,521.0,-0.0004493369217998982,0.11119798720748893,-0.004040872798906529,-0.0922346366664234,rsi_below_30,0.009947983332446848,False,False,False,False,False
rsi_below_30__scale,521.0,-0.0004493369217998982,0.11119798720748893,-0.004040872798906529,-0.0922346366664234,rsi_below_30,0.009947983332446848,False,False,False,False,False
insider_7d__ts_delta__w20,559.0,-0.00039150536144490124,0.10055151339183044,-0.00389357999933107,-0.09205661602001093,insider_7d,0.009939212265410478,False,False,False,False,False
ma20_above_ma50__ts_rank__w5,549.0,-0.0003611546759364091,0.09273098151108432,-0.0038946495556421946,-0.09125455628917334,ma20_above_ma50,0.0099189942939089,False,False,False,False,False
premarket_gap__ts_min__w20,579.0,-0.0007997220111287801,0.2233831083154728,-0.003580046929955745,-0.08614458866334518,premarket_gap,0.009781769284562541,False,False,False,False,False
return_3d__ts_decay_linear__w5,575.0,-0.0006339448590796483,0.17717078850043882,-0.003578156785581378,-0.08580118553823242,return_3d,0.009773169735297339,False,False,False,False,False
bb_lower__ts_argmax__w5,578.0,-0.00043737984327210606,0.12516326669078837,-0.003494474495880954,-0.08401286483250939,bb_lower,0.00972630678434494,False,False,False,False,False
insider_60d__ts_decay_linear__w20,560.0,0.0006060864889424549,0.17749059237526907,0.003414752752985374,0.08080779890488211,insider_60d,0.00964498824920798,False,False,False,False,False
eightk_other_events_30d__cs_rank,579.0,-0.00028837092430916553,0.09139309593873633,-0.0031552812753216026,-0.07592369957650097,eightk_other_events_30d,0.009517909685800978,False,False,False,False,False
eightk_other_events_30d__scale,579.0,-0.00028837092430916553,0.09139309593873633,-0.0031552812753216026,-0.07592369957650097,eightk_other_events_30d,0.009517909685800978,False,False,False,False,False
eightk_other_events_30d__cs_zscore,579.0,-0.00028837092430916553,0.09139309593873633,-0.0031552812753216026,-0.07592369957650097,eightk_other_events_30d,0.009517909685800978,False,False,False,False,False
eightk_other_events_30d__signed_power_p05,579.0,-0.00028837092430916553,0.09139309593873633,-0.0031552812753216026,-0.07592369957650097,eightk_other_events_30d,0.009517909685800978,False,False,False,False,False
eightk_other_events_30d__cs_demean,579.0,-0.00028837092430916553,0.09139309593873633,-0.0031552812753216026,-0.07592369957650097,eightk_other_events_30d,0.009517909685800978,False,False,False,False,False
eightk_other_events_30d__ts_decay_linear__w5,575.0,0.00028965611938385686,0.09160262930447167,0.003162093944062335,0.07582434908305197,eightk_other_events_30d,0.00951573690887091,False,False,False,False,False
eightk_filings_30d__ts_std__w20,570.0,0.00026938774390645776,0.08629456248829252,0.003121723271301193,0.07453012158900958,eightk_filings_30d,0.009483237958465987,False,False,False,False,False
insider_90d__ts_decay_linear__w20,560.0,0.0005533283606381318,0.1820377408973791,0.003039635395992208,0.071930902056894,insider_90d,0.009418284927537627,False,False,False,False,False
obv_trend__ts_max__w10,579.0,-0.0003770658931128897,0.1274852248898103,-0.0029577223042027046,-0.07116995286961031,obv_trend,0.009397324860396397,False,False,False,False,False
return_20d__ts_std__w10,574.0,0.0006774294896382697,0.22843694647745244,0.002965498795551159,0.0710483011977234,return_20d,0.00939470459796139,False,False,False,False,False
bb_lower__ts_delta__w5,574.0,-0.0003984436414314328,0.14080785103538165,-0.0028296976234039213,-0.06779473636869854,bb_lower,0.009312967130382283,False,False,False,False,False
bb_upper__group_neutralize,579.0,0.00023575459816581158,0.08401300590392465,0.0028061678740005465,0.06752318669438759,bb_upper,0.00930572856251814,False,False,False,False,False
ma20_above_ma50__ts_argmax__w20,549.0,-0.00033108655067320107,0.11617967790031024,-0.0028497802426108894,-0.06677248564877065,ma20_above_ma50,0.009289757080272461,False,False,False,False,False
ma20_above_ma50__ts_delta__w5,549.0,0.00025231563337805505,0.09790513744654081,0.0025771439574948465,0.06038441327636675,ma20_above_ma50,0.00913143525868286,False,False,False,False,False
return_60d__ts_rank__w5,537.0,-0.0003846494212019308,0.1502414226417709,-0.002560208858771739,-0.05932838669714841,return_60d,0.009106676111332883,False,False,False,False,False
volume_spike__ts_mean__w10,575.0,-0.00024278301064170418,0.10187578572573738,-0.002383127736509508,-0.057145395614165935,volume_spike,0.009049680946767655,False,False,False,False,False
insider_21d__ts_rank__w10,575.0,0.00022621042186272603,0.09509146073847105,0.0023788720891024058,0.05704334877423051,insider_21d,0.0090471907406634,False,False,False,False,False
eps_surprise__ts_std__w5,330.0,-0.000266505772323845,0.0955195828929543,-0.002790064238686107,-0.05068403388127644,eps_surprise,0.00893018120044826,False,False,False,False,False
eightk_exec_change_30d__ts_max__w20,579.0,0.00015699774378119573,0.07855241496502705,0.00199863675548478,0.04809203470156953,eightk_exec_change_30d,0.008830737583744124,False,False,False,False,False
insider_net_shares__ts_delta__w10,569.0,0.00016072017328864018,0.08640309620350677,0.0018601205321403423,0.04437079598381406,insider_net_shares,0.00874309627630316,False,False,False,False,False
insider_21d__ts_delta__w5,574.0,-0.00017122652324912322,0.09757105348008295,-0.0017548905863159043,-0.04204419004744487,insider_21d,0.008687727137620192,False,False,False,False,False
volatility_10d__ts_std__w20,570.0,-0.0003468978056659778,0.19996167352210215,-0.0017348214763147326,-0.0414182950659393,volatility_10d,0.008673343155137774,False,False,False,False,False
volume_spike__ts_max__w10,579.0,-0.00016294338288864375,0.10005207520090179,-0.0016285857395906878,-0.03918771216827703,volume_spike,0.008620272786287263,False,False,False,False,False
insider_90d__ts_rank__w10,575.0,0.00016632821383042433,0.10422737059448903,0.001595820875857525,0.03826644030999016,insider_90d,0.008599085869348799,False,False,False,False,False
rsi_below_30__ts_argmax__w5,520.0,-0.00015521190530210549,0.09990898748418027,-0.0015535329624542732,-0.03542600211743648,rsi_below_30,0.008538127342039683,False,False,False,False,False
sector_rel_ret__ts_min__w5,579.0,-0.0002848661461244078,0.19586457628872364,-0.001454403606420832,-0.03499646872706138,sector_rel_ret,0.008522740821835762,False,False,False,False,False
insider_60d__ts_std__w10,575.0,0.00020493961049793504,0.1467287550424978,0.0013967242510752396,0.03349227096340992,insider_60d,0.00848830646342744,False,False,False,False,False
return_1d__ts_argmax__w10,578.0,0.00016376554731911802,0.12798215523096626,0.0012795967299001516,0.03076359184648196,return_1d,0.008425307023858153,False,False,False,False,False
eps_surprise__ts_delta__w5,359.0,-0.0001275646041219691,0.08272947365911229,-0.0015419486971185198,-0.029215757334901223,eps_surprise,0.008418851039594078,False,False,False,False,False
volume_zscore__scale,579.0,-0.0001267438565317325,0.10936344364226164,-0.0011589234236837299,-0.027886500813771378,volume_zscore,0.008359504102796171,False,False,False,False,False
volume_zscore__cs_rank,579.0,-0.0001267438565317325,0.10936344364226164,-0.0011589234236837299,-0.027886500813771378,volume_zscore,0.008359504102796171,False,False,False,False,False
volume_zscore__cs_zscore,579.0,-0.0001267438565317325,0.10936344364226164,-0.0011589234236837299,-0.027886500813771378,volume_zscore,0.008359504102796171,False,False,False,False,False
volume_zscore__cs_demean,579.0,-0.0001267438565317325,0.10936344364226164,-0.0011589234236837299,-0.027886500813771378,volume_zscore,0.008359504102796171,False,False,False,False,False
volume_zscore__signed_power_p05,579.0,-0.0001267438565317325,0.10936344364226164,-0.0011589234236837299,-0.027886500813771378,volume_zscore,0.008359504102796171,False,False,False,False,False
insider_90d__ts_mean__w20,570.0,-0.00020580130287330538,0.18197917206025066,-0.0011309058094031087,-0.0270000061361617,insider_90d,0.008340088677584803,False,False,False,False,False
volume_spike__ts_std__w10,575.0,-0.00010884611347985925,0.100283009785731,-0.00108538937664939,-0.026026722938019435,volume_spike,0.00831758863485089,False,False,False,False,False
insider_90d__ts_max__w10,579.0,-0.00019259756831063206,0.1785664101042579,-0.0010785766942292335,-0.025953164157933677,insider_90d,0.008315594733579231,False,False,False,False,False
insider_7d__ts_rank__w10,575.0,-7.930040162975702e-05,0.09464950526313551,-0.0008378321831613765,-0.020090509976256228,insider_7d,0.008184003873946386,False,False,False,False,False
is_squeeze_setup__ts_min__w10,579.0,0.0001355061995525997,0.16255321039462606,0.0008336113400875624,0.020058705207484727,is_squeeze_setup,0.00818297018083518,False,False,False,False,False
rev_growth_qoq__group_neutralize,579.0,-7.707695172898821e-05,0.09448420566042098,-0.0008157654624943881,-0.019629290226430438,rev_growth_qoq,0.008173381488578314,False,False,False,False,False
ma5_above_ma20__cs_demean,579.0,0.00010312103696749136,0.14954004222696501,0.000689588122564383,0.016593158226049166,ma5_above_ma20,0.008105867123492318,False,False,False,False,False
ma5_above_ma20__cs_zscore,579.0,0.00010312103696749136,0.14954004222696501,0.000689588122564383,0.016593158226049166,ma5_above_ma20,0.008105867123492318,False,False,False,False,False
ma5_above_ma20__scale,579.0,0.00010312103696749136,0.14954004222696501,0.000689588122564383,0.016593158226049166,ma5_above_ma20,0.008105867123492318,False,False,False,False,False
ma5_above_ma20__cs_rank,579.0,0.00010312103696749136,0.14954004222696501,0.000689588122564383,0.016593158226049166,ma5_above_ma20,0.008105867123492318,False,False,False,False,False
ma5_above_ma20__signed_power_p05,579.0,0.00010312103696749136,0.14954004222696501,0.000689588122564383,0.016593158226049166,ma5_above_ma20,0.008105867123492318,False,False,False,False,False
ma_10__group_neutralize,579.0,4.1328608125517934e-05,0.08356116876569925,0.0004945910730545308,0.01190105754992763,ma_10,0.008002493749222735,False,False,False,False,False
low_52w_ratio__ts_delta__w5,342.0,0.00011046161435022831,0.1803946165539817,0.0006123332084977908,0.01132402621484011,low_52w_ratio,0.0080215520576206,False,False,False,False,False
ma_5__group_neutralize,579.0,-3.435536071226434e-05,0.08391385579425847,-0.00040941225244728877,-0.00985144909294284,ma_5,0.00795770331368751,False,False,False,False,False
ma5_above_ma20__ts_max__w10,579.0,-5.581860199616433e-05,0.142710588051892,-0.00039113146934737414,-0.009411569233433444,ma5_above_ma20,0.007948119352678265,False,False,False,False,False
insider_60d__ts_mean__w20,570.0,-4.3751043722123254e-05,0.17779092551927841,-0.00024608142172801275,-0.005875113419179041,insider_60d,0.0078721494247313,False,False,False,False,False
